registry_version,section,track,geometry,system,target,objective,pool,quota,e_dec_defined_test,n_signals,optimal_dec,optimal_perc,no_shared_optimum,argmax_dec,argmax_perc,kendall_tau,n_val,n_affected_val_dec,n_affected_val_perc,included,drop_reason,selected_dec,selected_perc,same_winner,gain_test_dec_selected,gain_test_perc_selected,diff_gain,all_cheap_loss,diff_share,diff_share_lo,diff_share_hi,diff_gain_lo,diff_gain_hi,note_gain_interval,n_cells,n_same_winner,cells
2026-09-23.1,test_disagreement,nuScenes,oracle,brake,J,E_perc_dE,P1,0.1,True,4.0,criticality_cheap,criticality_cheap,False,criticality_cheap,criticality_cheap,0.0,,,,,,,,,,,,,,,,,,,,,
2026-09-23.1,test_disagreement,nuScenes,oracle,brake,J,E_perc_dE,P1,0.2,True,4.0,criticality_cheap,uncertainty,True,criticality_cheap,uncertainty,-0.3333333333333334,,,,,,,,,,,,,,,,,,,,,
2026-09-23.1,test_disagreement,nuScenes,oracle,brake,J,E_perc_dE,P1,0.3,True,4.0,criticality_cheap,uncertainty,True,criticality_cheap,uncertainty,0.0,,,,,,,,,,,,,,,,,,,,,
2026-09-23.1,test_disagreement,nuScenes,oracle,brake,J,E_perc_dE,P1,0.5,True,4.0,trivial_ego_speed,uncertainty,True,trivial_ego_speed,uncertainty,-0.3333333333333334,,,,,,,,,,,,,,,,,,,,,
2026-09-23.1,test_disagreement,nuScenes,oracle,brake,J,E_perc_dE,P2,0.1,True,10.0,criticality_cheap,criticality_cheap,False,criticality_cheap,criticality_cheap,0.022222222222222223,,,,,,,,,,,,,,,,,,,,,
2026-09-23.1,test_disagreement,nuScenes,oracle,brake,J,E_perc_dE,P2,0.2,True,10.0,criticality_cheap,uncertainty,True,criticality_cheap,uncertainty,0.1111111111111111,,,,,,,,,,,,,,,,,,,,,
2026-09-23.1,test_disagreement,nuScenes,oracle,brake,J,E_perc_dE,P2,0.3,True,10.0,R1_gbm_reg,uncertainty,True,R1_gbm_reg,uncertainty,0.24444444444444444,,,,,,,,,,,,,,,,,,,,,
2026-09-23.1,test_disagreement,nuScenes,oracle,brake,J,E_perc_dE,P2,0.5,True,10.0,trivial_ego_speed,uncertainty,True,trivial_ego_speed,uncertainty,-0.15555555555555553,,,,,,,,,,,,,,,,,,,,,
2026-09-23.1,test_disagreement,nuScenes,oracle,brake,J,E_perc_dE,old,0.1,True,16.0,dE_E6_risk_weighted,dE_exact|dE_E1_fn_only,True,dE_E6_risk_weighted,dE_exact,0.2605042016806723,,,,,,,,,,,,,,,,,,,,,
2026-09-23.1,test_disagreement,nuScenes,oracle,brake,J,E_perc_dE,old,0.2,True,16.0,dE_E6_risk_weighted,dE_exact|dE_E1_fn_only,True,dE_E6_risk_weighted,dE_exact,0.3613445378151261,,,,,,,,,,,,,,,,,,,,,
2026-09-23.1,test_disagreement,nuScenes,oracle,brake,J,E_perc_dE,old,0.3,True,16.0,dE_E6_risk_weighted,dE_exact|dE_E1_fn_only,True,dE_E6_risk_weighted,dE_exact,0.47899159663865554,,,,,,,,,,,,,,,,,,,,,
2026-09-23.1,test_disagreement,nuScenes,oracle,brake,J,E_perc_dE,old,0.5,True,16.0,trivial_ego_speed,dE_exact|dE_E1_fn_only,True,trivial_ego_speed,dE_exact,0.24369747899159666,,,,,,,,,,,,,,,,,,,,,
2026-09-23.1,test_disagreement,nuScenes,oracle,brake,J,E_perc_risk,P1,0.1,True,4.0,criticality_cheap,criticality_cheap,False,criticality_cheap,criticality_cheap,0.0,,,,,,,,,,,,,,,,,,,,,
2026-09-23.1,test_disagreement,nuScenes,oracle,brake,J,E_perc_risk,P1,0.2,True,4.0,criticality_cheap,criticality_cheap,False,criticality_cheap,criticality_cheap,0.0,,,,,,,,,,,,,,,,,,,,,
2026-09-23.1,test_disagreement,nuScenes,oracle,brake,J,E_perc_risk,P1,0.3,True,4.0,criticality_cheap,criticality_cheap,False,criticality_cheap,criticality_cheap,0.3333333333333334,,,,,,,,,,,,,,,,,,,,,
2026-09-23.1,test_disagreement,nuScenes,oracle,brake,J,E_perc_risk,P1,0.5,True,4.0,trivial_ego_speed,uncertainty,True,trivial_ego_speed,uncertainty,-0.3333333333333334,,,,,,,,,,,,,,,,,,,,,
2026-09-23.1,test_disagreement,nuScenes,oracle,brake,J,E_perc_risk,P2,0.1,True,10.0,criticality_cheap,criticality_cheap,False,criticality_cheap,criticality_cheap,0.24444444444444444,,,,,,,,,,,,,,,,,,,,,
2026-09-23.1,test_disagreement,nuScenes,oracle,brake,J,E_perc_risk,P2,0.2,True,10.0,criticality_cheap,R1_mlp_reg,True,criticality_cheap,R1_mlp_reg,0.24444444444444444,,,,,,,,,,,,,,,,,,,,,
2026-09-23.1,test_disagreement,nuScenes,oracle,brake,J,E_perc_risk,P2,0.3,True,10.0,R1_gbm_reg,R1_gbm_clf,True,R1_gbm_reg,R1_gbm_clf,0.24444444444444444,,,,,,,,,,,,,,,,,,,,,
2026-09-23.1,test_disagreement,nuScenes,oracle,brake,J,E_perc_risk,P2,0.5,True,10.0,trivial_ego_speed,uncertainty,True,trivial_ego_speed,uncertainty,0.022222222222222223,,,,,,,,,,,,,,,,,,,,,
2026-09-23.1,test_disagreement,nuScenes,oracle,brake,J,E_perc_risk,old,0.1,True,16.0,dE_E6_risk_weighted,dE_E6_risk_weighted,False,dE_E6_risk_weighted,dE_E6_risk_weighted,0.42857142857142866,,,,,,,,,,,,,,,,,,,,,
2026-09-23.1,test_disagreement,nuScenes,oracle,brake,J,E_perc_risk,old,0.2,True,16.0,dE_E6_risk_weighted,dE_E6_risk_weighted,False,dE_E6_risk_weighted,dE_E6_risk_weighted,0.46218487394957986,,,,,,,,,,,,,,,,,,,,,
2026-09-23.1,test_disagreement,nuScenes,oracle,brake,J,E_perc_risk,old,0.3,True,16.0,dE_E6_risk_weighted,dE_E6_risk_weighted,False,dE_E6_risk_weighted,dE_E6_risk_weighted,0.42857142857142866,,,,,,,,,,,,,,,,,,,,,
2026-09-23.1,test_disagreement,nuScenes,oracle,brake,J,E_perc_risk,old,0.5,True,16.0,trivial_ego_speed,dE_E6_risk_weighted,True,trivial_ego_speed,dE_E6_risk_weighted,0.22689075630252106,,,,,,,,,,,,,,,,,,,,,
2026-09-23.1,test_disagreement,nuScenes,oracle,plan_ade,JC_ade,E_perc_dE,P1,0.1,True,4.0,random,criticality_cheap,True,random,criticality_cheap,-0.6666666666666669,,,,,,,,,,,,,,,,,,,,,
2026-09-23.1,test_disagreement,nuScenes,oracle,plan_ade,JC_ade,E_perc_dE,P1,0.2,True,4.0,random,uncertainty,True,random,uncertainty,-0.3333333333333334,,,,,,,,,,,,,,,,,,,,,
2026-09-23.1,test_disagreement,nuScenes,oracle,plan_ade,JC_ade,E_perc_dE,P1,0.3,True,4.0,random,uncertainty,True,random,uncertainty,-0.3333333333333334,,,,,,,,,,,,,,,,,,,,,
2026-09-23.1,test_disagreement,nuScenes,oracle,plan_ade,JC_ade,E_perc_dE,P1,0.5,True,4.0,random,uncertainty,True,random,uncertainty,0.0,,,,,,,,,,,,,,,,,,,,,
2026-09-23.1,test_disagreement,nuScenes,oracle,plan_ade,JC_ade,E_perc_dE,P2,0.1,True,10.0,random,criticality_cheap,True,random,criticality_cheap,-0.3333333333333333,,,,,,,,,,,,,,,,,,,,,
2026-09-23.1,test_disagreement,nuScenes,oracle,plan_ade,JC_ade,E_perc_dE,P2,0.2,True,10.0,R1_gbm_clf,uncertainty,True,R1_gbm_clf,uncertainty,-0.3333333333333333,,,,,,,,,,,,,,,,,,,,,
2026-09-23.1,test_disagreement,nuScenes,oracle,plan_ade,JC_ade,E_perc_dE,P2,0.3,True,10.0,R1_mlp_clf,uncertainty,True,R1_mlp_clf,uncertainty,-0.19999999999999998,,,,,,,,,,,,,,,,,,,,,
2026-09-23.1,test_disagreement,nuScenes,oracle,plan_ade,JC_ade,E_perc_dE,P2,0.5,True,10.0,R1_mlp_clf,R1_gbm_clf,True,R1_mlp_clf,R1_gbm_clf,-0.022222222222222223,,,,,,,,,,,,,,,,,,,,,
2026-09-23.1,test_disagreement,nuScenes,oracle,plan_ade,JC_ade,E_perc_dE,old,0.1,True,16.0,dE_exact|dE_E1_fn_only,dE_exact|dE_E1_fn_only,False,dE_exact,dE_exact,-0.11814451160815982,,,,,,,,,,,,,,,,,,,,,
2026-09-23.1,test_disagreement,nuScenes,oracle,plan_ade,JC_ade,E_perc_dE,old,0.2,True,16.0,dE_exact|dE_E1_fn_only,dE_exact|dE_E1_fn_only,False,dE_exact,dE_exact,-0.04201680672268908,,,,,,,,,,,,,,,,,,,,,
2026-09-23.1,test_disagreement,nuScenes,oracle,plan_ade,JC_ade,E_perc_dE,old,0.3,True,16.0,R1_mlp_clf,dE_exact|dE_E1_fn_only,True,R1_mlp_clf,dE_exact,0.17647058823529413,,,,,,,,,,,,,,,,,,,,,
2026-09-23.1,test_disagreement,nuScenes,oracle,plan_ade,JC_ade,E_perc_dE,old,0.5,True,16.0,R1_mlp_clf,dE_exact|dE_E1_fn_only,True,R1_mlp_clf,dE_exact,-0.14285714285714288,,,,,,,,,,,,,,,,,,,,,
2026-09-23.1,test_disagreement,nuScenes,oracle,plan_ade,JC_ade,E_perc_risk,P1,0.1,True,4.0,random,criticality_cheap,True,random,criticality_cheap,-0.6666666666666669,,,,,,,,,,,,,,,,,,,,,
2026-09-23.1,test_disagreement,nuScenes,oracle,plan_ade,JC_ade,E_perc_risk,P1,0.2,True,4.0,random,criticality_cheap,True,random,criticality_cheap,-0.6666666666666669,,,,,,,,,,,,,,,,,,,,,
2026-09-23.1,test_disagreement,nuScenes,oracle,plan_ade,JC_ade,E_perc_risk,P1,0.3,True,4.0,random,criticality_cheap,True,random,criticality_cheap,0.0,,,,,,,,,,,,,,,,,,,,,
2026-09-23.1,test_disagreement,nuScenes,oracle,plan_ade,JC_ade,E_perc_risk,P1,0.5,True,4.0,random,uncertainty,True,random,uncertainty,0.3333333333333334,,,,,,,,,,,,,,,,,,,,,
2026-09-23.1,test_disagreement,nuScenes,oracle,plan_ade,JC_ade,E_perc_risk,P2,0.1,True,10.0,random,gate_ridge,True,random,gate_ridge,-0.15555555555555553,,,,,,,,,,,,,,,,,,,,,
2026-09-23.1,test_disagreement,nuScenes,oracle,plan_ade,JC_ade,E_perc_risk,P2,0.2,True,10.0,R1_gbm_clf,gate_ridge,True,R1_gbm_clf,gate_ridge,-0.6,,,,,,,,,,,,,,,,,,,,,
2026-09-23.1,test_disagreement,nuScenes,oracle,plan_ade,JC_ade,E_perc_risk,P2,0.3,True,10.0,R1_mlp_clf,gate_ridge,True,R1_mlp_clf,gate_ridge,-0.022222222222222223,,,,,,,,,,,,,,,,,,,,,
2026-09-23.1,test_disagreement,nuScenes,oracle,plan_ade,JC_ade,E_perc_risk,P2,0.5,True,10.0,R1_mlp_clf,gate_ridge,True,R1_mlp_clf,gate_ridge,0.24444444444444444,,,,,,,,,,,,,,,,,,,,,
2026-09-23.1,test_disagreement,nuScenes,oracle,plan_ade,JC_ade,E_perc_risk,old,0.1,True,16.0,dE_exact|dE_E1_fn_only,dE_E6_risk_weighted,True,dE_exact,dE_E6_risk_weighted,-0.27731092436974797,,,,,,,,,,,,,,,,,,,,,
2026-09-23.1,test_disagreement,nuScenes,oracle,plan_ade,JC_ade,E_perc_risk,old,0.2,True,16.0,dE_exact|dE_E1_fn_only,dE_E6_risk_weighted,True,dE_exact,dE_E6_risk_weighted,-0.24369747899159666,,,,,,,,,,,,,,,,,,,,,
2026-09-23.1,test_disagreement,nuScenes,oracle,plan_ade,JC_ade,E_perc_risk,old,0.3,True,16.0,R1_mlp_clf,dE_E6_risk_weighted,True,R1_mlp_clf,dE_E6_risk_weighted,0.1596638655462185,,,,,,,,,,,,,,,,,,,,,
2026-09-23.1,test_disagreement,nuScenes,oracle,plan_ade,JC_ade,E_perc_risk,old,0.5,True,16.0,R1_mlp_clf,dE_E6_risk_weighted,True,R1_mlp_clf,dE_E6_risk_weighted,-0.05882352941176471,,,,,,,,,,,,,,,,,,,,,
2026-09-23.1,test_disagreement,nuScenes,oracle,plan_fde,JC_fde,E_perc_dE,P1,0.1,True,4.0,random,criticality_cheap,True,random,criticality_cheap,-0.6666666666666669,,,,,,,,,,,,,,,,,,,,,
2026-09-23.1,test_disagreement,nuScenes,oracle,plan_fde,JC_fde,E_perc_dE,P1,0.2,True,4.0,random,uncertainty,True,random,uncertainty,-0.3333333333333334,,,,,,,,,,,,,,,,,,,,,
2026-09-23.1,test_disagreement,nuScenes,oracle,plan_fde,JC_fde,E_perc_dE,P1,0.3,True,4.0,random,uncertainty,True,random,uncertainty,0.0,,,,,,,,,,,,,,,,,,,,,
2026-09-23.1,test_disagreement,nuScenes,oracle,plan_fde,JC_fde,E_perc_dE,P1,0.5,True,4.0,random,uncertainty,True,random,uncertainty,0.3333333333333334,,,,,,,,,,,,,,,,,,,,,
2026-09-23.1,test_disagreement,nuScenes,oracle,plan_fde,JC_fde,E_perc_dE,P2,0.1,True,10.0,R1_mlp_reg,criticality_cheap,True,R1_mlp_reg,criticality_cheap,-0.19999999999999998,,,,,,,,,,,,,,,,,,,,,
2026-09-23.1,test_disagreement,nuScenes,oracle,plan_fde,JC_fde,E_perc_dE,P2,0.2,True,10.0,gate_gbm,uncertainty,True,gate_gbm,uncertainty,-0.06666666666666667,,,,,,,,,,,,,,,,,,,,,
2026-09-23.1,test_disagreement,nuScenes,oracle,plan_fde,JC_fde,E_perc_dE,P2,0.3,True,10.0,R1_mlp_reg,uncertainty,True,R1_mlp_reg,uncertainty,-0.022222222222222223,,,,,,,,,,,,,,,,,,,,,
2026-09-23.1,test_disagreement,nuScenes,oracle,plan_fde,JC_fde,E_perc_dE,P2,0.5,True,10.0,random,uncertainty,True,random,uncertainty,0.28888888888888886,,,,,,,,,,,,,,,,,,,,,
2026-09-23.1,test_disagreement,nuScenes,oracle,plan_fde,JC_fde,E_perc_dE,old,0.1,True,16.0,R1_mlp_reg,dE_exact|dE_E1_fn_only,True,R1_mlp_reg,dE_exact,-0.0843889368629713,,,,,,,,,,,,,,,,,,,,,
2026-09-23.1,test_disagreement,nuScenes,oracle,plan_fde,JC_fde,E_perc_dE,old,0.2,True,16.0,gate_gbm,dE_exact|dE_E1_fn_only,True,gate_gbm,dE_exact,0.14285714285714288,,,,,,,,,,,,,,,,,,,,,
2026-09-23.1,test_disagreement,nuScenes,oracle,plan_fde,JC_fde,E_perc_dE,old,0.3,True,16.0,PKL,dE_exact|dE_E1_fn_only,True,PKL,dE_exact,0.17647058823529413,,,,,,,,,,,,,,,,,,,,,
2026-09-23.1,test_disagreement,nuScenes,oracle,plan_fde,JC_fde,E_perc_dE,old,0.5,True,16.0,PKL,dE_exact|dE_E1_fn_only,True,PKL,dE_exact,0.20253344847113114,,,,,,,,,,,,,,,,,,,,,
2026-09-23.1,test_disagreement,nuScenes,oracle,plan_fde,JC_fde,E_perc_risk,P1,0.1,True,4.0,random,criticality_cheap,True,random,criticality_cheap,-0.6666666666666669,,,,,,,,,,,,,,,,,,,,,
2026-09-23.1,test_disagreement,nuScenes,oracle,plan_fde,JC_fde,E_perc_risk,P1,0.2,True,4.0,random,criticality_cheap,True,random,criticality_cheap,-0.6666666666666669,,,,,,,,,,,,,,,,,,,,,
2026-09-23.1,test_disagreement,nuScenes,oracle,plan_fde,JC_fde,E_perc_risk,P1,0.3,True,4.0,random,criticality_cheap,True,random,criticality_cheap,-0.3333333333333334,,,,,,,,,,,,,,,,,,,,,
2026-09-23.1,test_disagreement,nuScenes,oracle,plan_fde,JC_fde,E_perc_risk,P1,0.5,True,4.0,random,uncertainty,True,random,uncertainty,0.0,,,,,,,,,,,,,,,,,,,,,
2026-09-23.1,test_disagreement,nuScenes,oracle,plan_fde,JC_fde,E_perc_risk,P2,0.1,True,10.0,R1_mlp_reg,gate_ridge,True,R1_mlp_reg,gate_ridge,0.06666666666666667,,,,,,,,,,,,,,,,,,,,,
2026-09-23.1,test_disagreement,nuScenes,oracle,plan_fde,JC_fde,E_perc_risk,P2,0.2,True,10.0,gate_gbm,gate_ridge,True,gate_gbm,gate_ridge,0.15555555555555553,,,,,,,,,,,,,,,,,,,,,
2026-09-23.1,test_disagreement,nuScenes,oracle,plan_fde,JC_fde,E_perc_risk,P2,0.3,True,10.0,R1_mlp_reg,gate_ridge,True,R1_mlp_reg,gate_ridge,0.15555555555555553,,,,,,,,,,,,,,,,,,,,,
2026-09-23.1,test_disagreement,nuScenes,oracle,plan_fde,JC_fde,E_perc_risk,P2,0.5,True,10.0,random,gate_ridge,True,random,gate_ridge,0.06666666666666667,,,,,,,,,,,,,,,,,,,,,
2026-09-23.1,test_disagreement,nuScenes,oracle,plan_fde,JC_fde,E_perc_risk,old,0.1,True,16.0,R1_mlp_reg,dE_E6_risk_weighted,True,R1_mlp_reg,dE_E6_risk_weighted,-0.24369747899159666,,,,,,,,,,,,,,,,,,,,,
2026-09-23.1,test_disagreement,nuScenes,oracle,plan_fde,JC_fde,E_perc_risk,old,0.2,True,16.0,gate_gbm,dE_E6_risk_weighted,True,gate_gbm,dE_E6_risk_weighted,0.2100840336134454,,,,,,,,,,,,,,,,,,,,,
2026-09-23.1,test_disagreement,nuScenes,oracle,plan_fde,JC_fde,E_perc_risk,old,0.3,True,16.0,PKL,dE_E6_risk_weighted,True,PKL,dE_E6_risk_weighted,0.22689075630252106,,,,,,,,,,,,,,,,,,,,,
2026-09-23.1,test_disagreement,nuScenes,oracle,plan_fde,JC_fde,E_perc_risk,old,0.5,True,16.0,PKL,dE_E6_risk_weighted,True,PKL,dE_E6_risk_weighted,0.12605042016806725,,,,,,,,,,,,,,,,,,,,,
2026-09-23.1,test_disagreement,nuScenes,mono,brake,J,E_perc_dE,P1,0.1,True,4.0,criticality_cheap,criticality_cheap,False,criticality_cheap,criticality_cheap,0.3333333333333334,,,,,,,,,,,,,,,,,,,,,
2026-09-23.1,test_disagreement,nuScenes,mono,brake,J,E_perc_dE,P1,0.2,True,4.0,criticality_cheap,uncertainty,True,criticality_cheap,uncertainty,-0.3333333333333334,,,,,,,,,,,,,,,,,,,,,
2026-09-23.1,test_disagreement,nuScenes,mono,brake,J,E_perc_dE,P1,0.3,True,4.0,criticality_cheap,uncertainty,True,criticality_cheap,uncertainty,0.3333333333333334,,,,,,,,,,,,,,,,,,,,,
2026-09-23.1,test_disagreement,nuScenes,mono,brake,J,E_perc_dE,P1,0.5,True,4.0,criticality_cheap,uncertainty,True,criticality_cheap,uncertainty,-0.3333333333333334,,,,,,,,,,,,,,,,,,,,,
2026-09-23.1,test_disagreement,nuScenes,mono,brake,J,E_perc_dE,P2,0.1,True,10.0,R1_gbm_clf,criticality_cheap|R1_gbm_reg,True,R1_gbm_clf,criticality_cheap,0.044946657497549475,,,,,,,,,,,,,,,,,,,,,
2026-09-23.1,test_disagreement,nuScenes,mono,brake,J,E_perc_dE,P2,0.2,True,10.0,criticality_cheap,uncertainty,True,criticality_cheap,uncertainty,0.24444444444444444,,,,,,,,,,,,,,,,,,,,,
2026-09-23.1,test_disagreement,nuScenes,mono,brake,J,E_perc_dE,P2,0.3,True,10.0,criticality_cheap,uncertainty,True,criticality_cheap,uncertainty,0.24444444444444444,,,,,,,,,,,,,,,,,,,,,
2026-09-23.1,test_disagreement,nuScenes,mono,brake,J,E_perc_dE,P2,0.5,True,10.0,gate_gbm,uncertainty,True,gate_gbm,uncertainty,-0.28888888888888886,,,,,,,,,,,,,,,,,,,,,
2026-09-23.1,test_disagreement,nuScenes,mono,brake,J,E_perc_dE,old,0.1,True,16.0,dE_E6_risk_weighted,dE_exact|dE_E1_fn_only,True,dE_E6_risk_weighted,dE_exact,0.13502229898075407,,,,,,,,,,,,,,,,,,,,,
2026-09-23.1,test_disagreement,nuScenes,mono,brake,J,E_perc_dE,old,0.2,True,16.0,criticality_cheap,dE_exact|dE_E1_fn_only,True,criticality_cheap,dE_exact,0.07563025210084034,,,,,,,,,,,,,,,,,,,,,
2026-09-23.1,test_disagreement,nuScenes,mono,brake,J,E_perc_dE,old,0.3,True,16.0,criticality_cheap,dE_exact|dE_E1_fn_only,True,criticality_cheap,dE_exact,0.09243697478991597,,,,,,,,,,,,,,,,,,,,,
2026-09-23.1,test_disagreement,nuScenes,mono,brake,J,E_perc_dE,old,0.5,True,16.0,gate_gbm,dE_exact|dE_E1_fn_only,True,gate_gbm,dE_exact,0.008403361344537816,,,,,,,,,,,,,,,,,,,,,
2026-09-23.1,test_disagreement,nuScenes,mono,brake,J,E_perc_risk,P1,0.1,True,4.0,criticality_cheap,criticality_cheap,False,criticality_cheap,criticality_cheap,0.3333333333333334,,,,,,,,,,,,,,,,,,,,,
2026-09-23.1,test_disagreement,nuScenes,mono,brake,J,E_perc_risk,P1,0.2,True,4.0,criticality_cheap,criticality_cheap,False,criticality_cheap,criticality_cheap,0.0,,,,,,,,,,,,,,,,,,,,,
2026-09-23.1,test_disagreement,nuScenes,mono,brake,J,E_perc_risk,P1,0.3,True,4.0,criticality_cheap,criticality_cheap,False,criticality_cheap,criticality_cheap,0.6666666666666669,,,,,,,,,,,,,,,,,,,,,
2026-09-23.1,test_disagreement,nuScenes,mono,brake,J,E_perc_risk,P1,0.5,True,4.0,criticality_cheap,uncertainty,True,criticality_cheap,uncertainty,-1.0,,,,,,,,,,,,,,,,,,,,,
2026-09-23.1,test_disagreement,nuScenes,mono,brake,J,E_perc_risk,P2,0.1,True,10.0,R1_gbm_clf,R1_gbm_clf,False,R1_gbm_clf,R1_gbm_clf,0.37777777777777777,,,,,,,,,,,,,,,,,,,,,
2026-09-23.1,test_disagreement,nuScenes,mono,brake,J,E_perc_risk,P2,0.2,True,10.0,criticality_cheap,R1_gbm_clf,True,criticality_cheap,R1_gbm_clf,0.37777777777777777,,,,,,,,,,,,,,,,,,,,,
2026-09-23.1,test_disagreement,nuScenes,mono,brake,J,E_perc_risk,P2,0.3,True,10.0,criticality_cheap,R1_gbm_reg,True,criticality_cheap,R1_gbm_reg,0.19999999999999998,,,,,,,,,,,,,,,,,,,,,
2026-09-23.1,test_disagreement,nuScenes,mono,brake,J,E_perc_risk,P2,0.5,True,10.0,gate_gbm,uncertainty,True,gate_gbm,uncertainty,-0.4222222222222222,,,,,,,,,,,,,,,,,,,,,
2026-09-23.1,test_disagreement,nuScenes,mono,brake,J,E_perc_risk,old,0.1,True,16.0,dE_E6_risk_weighted,dE_E6_risk_weighted,False,dE_E6_risk_weighted,dE_E6_risk_weighted,0.1596638655462185,,,,,,,,,,,,,,,,,,,,,
2026-09-23.1,test_disagreement,nuScenes,mono,brake,J,E_perc_risk,old,0.2,True,16.0,criticality_cheap,dE_E6_risk_weighted,True,criticality_cheap,dE_E6_risk_weighted,0.19327731092436976,,,,,,,,,,,,,,,,,,,,,
2026-09-23.1,test_disagreement,nuScenes,mono,brake,J,E_perc_risk,old,0.3,True,16.0,criticality_cheap,dE_E6_risk_weighted,True,criticality_cheap,dE_E6_risk_weighted,0.09243697478991597,,,,,,,,,,,,,,,,,,,,,
2026-09-23.1,test_disagreement,nuScenes,mono,brake,J,E_perc_risk,old,0.5,True,16.0,gate_gbm,dE_E6_risk_weighted,True,gate_gbm,dE_E6_risk_weighted,-0.02521008403361345,,,,,,,,,,,,,,,,,,,,,
2026-09-23.1,test_disagreement,nuScenes,mono,plan_ade,JC_ade,E_perc_dE,P1,0.1,True,4.0,random,criticality_cheap,True,random,criticality_cheap,-0.3333333333333334,,,,,,,,,,,,,,,,,,,,,
2026-09-23.1,test_disagreement,nuScenes,mono,plan_ade,JC_ade,E_perc_dE,P1,0.2,True,4.0,random,uncertainty,True,random,uncertainty,0.0,,,,,,,,,,,,,,,,,,,,,
2026-09-23.1,test_disagreement,nuScenes,mono,plan_ade,JC_ade,E_perc_dE,P1,0.3,True,4.0,random,uncertainty,True,random,uncertainty,0.0,,,,,,,,,,,,,,,,,,,,,
2026-09-23.1,test_disagreement,nuScenes,mono,plan_ade,JC_ade,E_perc_dE,P1,0.5,True,4.0,random,uncertainty,True,random,uncertainty,0.0,,,,,,,,,,,,,,,,,,,,,
2026-09-23.1,test_disagreement,nuScenes,mono,plan_ade,JC_ade,E_perc_dE,P2,0.1,True,10.0,R1_mlp_reg,criticality_cheap,True,R1_mlp_reg,criticality_cheap,0.15555555555555553,,,,,,,,,,,,,,,,,,,,,
2026-09-23.1,test_disagreement,nuScenes,mono,plan_ade,JC_ade,E_perc_dE,P2,0.2,True,10.0,R1_mlp_reg,uncertainty,True,R1_mlp_reg,uncertainty,0.1111111111111111,,,,,,,,,,,,,,,,,,,,,
2026-09-23.1,test_disagreement,nuScenes,mono,plan_ade,JC_ade,E_perc_dE,P2,0.3,True,10.0,R1_mlp_reg,uncertainty,True,R1_mlp_reg,uncertainty,0.1111111111111111,,,,,,,,,,,,,,,,,,,,,
2026-09-23.1,test_disagreement,nuScenes,mono,plan_ade,JC_ade,E_perc_dE,P2,0.5,True,10.0,R1_gbm_clf,uncertainty,True,R1_gbm_clf,uncertainty,0.15555555555555553,,,,,,,,,,,,,,,,,,,,,
2026-09-23.1,test_disagreement,nuScenes,mono,plan_ade,JC_ade,E_perc_dE,old,0.1,True,16.0,dE_E6_risk_weighted,dE_exact|dE_E1_fn_only,True,dE_E6_risk_weighted,dE_exact,0.42857142857142866,,,,,,,,,,,,,,,,,,,,,
2026-09-23.1,test_disagreement,nuScenes,mono,plan_ade,JC_ade,E_perc_dE,old,0.2,True,16.0,dE_E6_risk_weighted,dE_exact|dE_E1_fn_only,True,dE_E6_risk_weighted,dE_exact,0.42857142857142866,,,,,,,,,,,,,,,,,,,,,
2026-09-23.1,test_disagreement,nuScenes,mono,plan_ade,JC_ade,E_perc_dE,old,0.3,True,16.0,dE_E6_risk_weighted,dE_exact|dE_E1_fn_only,True,dE_E6_risk_weighted,dE_exact,0.3445378151260505,,,,,,,,,,,,,,,,,,,,,
2026-09-23.1,test_disagreement,nuScenes,mono,plan_ade,JC_ade,E_perc_dE,old,0.5,True,16.0,dE_E6_risk_weighted,dE_exact|dE_E1_fn_only,True,dE_E6_risk_weighted,dE_exact,0.42857142857142866,,,,,,,,,,,,,,,,,,,,,
2026-09-23.1,test_disagreement,nuScenes,mono,plan_ade,JC_ade,E_perc_risk,P1,0.1,True,4.0,random,criticality_cheap,True,random,criticality_cheap,-0.3333333333333334,,,,,,,,,,,,,,,,,,,,,
2026-09-23.1,test_disagreement,nuScenes,mono,plan_ade,JC_ade,E_perc_risk,P1,0.2,True,4.0,random,criticality_cheap,True,random,criticality_cheap,-0.3333333333333334,,,,,,,,,,,,,,,,,,,,,
2026-09-23.1,test_disagreement,nuScenes,mono,plan_ade,JC_ade,E_perc_risk,P1,0.3,True,4.0,random,criticality_cheap,True,random,criticality_cheap,-0.3333333333333334,,,,,,,,,,,,,,,,,,,,,
2026-09-23.1,test_disagreement,nuScenes,mono,plan_ade,JC_ade,E_perc_risk,P1,0.5,True,4.0,random,uncertainty,True,random,uncertainty,0.3333333333333334,,,,,,,,,,,,,,,,,,,,,
2026-09-23.1,test_disagreement,nuScenes,mono,plan_ade,JC_ade,E_perc_risk,P2,0.1,True,10.0,R1_mlp_reg,gate_ridge,True,R1_mlp_reg,gate_ridge,0.06666666666666667,,,,,,,,,,,,,,,,,,,,,
2026-09-23.1,test_disagreement,nuScenes,mono,plan_ade,JC_ade,E_perc_risk,P2,0.2,True,10.0,R1_mlp_reg,gate_ridge,True,R1_mlp_reg,gate_ridge,0.022222222222222223,,,,,,,,,,,,,,,,,,,,,
2026-09-23.1,test_disagreement,nuScenes,mono,plan_ade,JC_ade,E_perc_risk,P2,0.3,True,10.0,R1_mlp_reg,gate_ridge,True,R1_mlp_reg,gate_ridge,0.19999999999999998,,,,,,,,,,,,,,,,,,,,,
2026-09-23.1,test_disagreement,nuScenes,mono,plan_ade,JC_ade,E_perc_risk,P2,0.5,True,10.0,R1_gbm_clf,gate_ridge,True,R1_gbm_clf,gate_ridge,0.24444444444444444,,,,,,,,,,,,,,,,,,,,,
2026-09-23.1,test_disagreement,nuScenes,mono,plan_ade,JC_ade,E_perc_risk,old,0.1,True,16.0,dE_E6_risk_weighted,dE_E6_risk_weighted,False,dE_E6_risk_weighted,dE_E6_risk_weighted,0.411764705882353,,,,,,,,,,,,,,,,,,,,,
2026-09-23.1,test_disagreement,nuScenes,mono,plan_ade,JC_ade,E_perc_risk,old,0.2,True,16.0,dE_E6_risk_weighted,dE_E6_risk_weighted,False,dE_E6_risk_weighted,dE_E6_risk_weighted,0.4453781512605043,,,,,,,,,,,,,,,,,,,,,
2026-09-23.1,test_disagreement,nuScenes,mono,plan_ade,JC_ade,E_perc_risk,old,0.3,True,16.0,dE_E6_risk_weighted,dE_E6_risk_weighted,False,dE_E6_risk_weighted,dE_E6_risk_weighted,0.5630252100840336,,,,,,,,,,,,,,,,,,,,,
2026-09-23.1,test_disagreement,nuScenes,mono,plan_ade,JC_ade,E_perc_risk,old,0.5,True,16.0,dE_E6_risk_weighted,dE_E6_risk_weighted,False,dE_E6_risk_weighted,dE_E6_risk_weighted,0.3445378151260505,,,,,,,,,,,,,,,,,,,,,
2026-09-23.1,test_disagreement,nuScenes,mono,plan_fde,JC_fde,E_perc_dE,P1,0.1,True,4.0,random,criticality_cheap,True,random,criticality_cheap,-0.3333333333333334,,,,,,,,,,,,,,,,,,,,,
2026-09-23.1,test_disagreement,nuScenes,mono,plan_fde,JC_fde,E_perc_dE,P1,0.2,True,4.0,random,uncertainty,True,random,uncertainty,-0.6666666666666669,,,,,,,,,,,,,,,,,,,,,
2026-09-23.1,test_disagreement,nuScenes,mono,plan_fde,JC_fde,E_perc_dE,P1,0.3,True,4.0,random,uncertainty,True,random,uncertainty,-0.6666666666666669,,,,,,,,,,,,,,,,,,,,,
2026-09-23.1,test_disagreement,nuScenes,mono,plan_fde,JC_fde,E_perc_dE,P1,0.5,True,4.0,random,uncertainty,True,random,uncertainty,-0.3333333333333334,,,,,,,,,,,,,,,,,,,,,
2026-09-23.1,test_disagreement,nuScenes,mono,plan_fde,JC_fde,E_perc_dE,P2,0.1,True,10.0,R1_mlp_reg,criticality_cheap,True,R1_mlp_reg,criticality_cheap,0.15555555555555553,,,,,,,,,,,,,,,,,,,,,
2026-09-23.1,test_disagreement,nuScenes,mono,plan_fde,JC_fde,E_perc_dE,P2,0.2,True,10.0,R1_mlp_reg,uncertainty,True,R1_mlp_reg,uncertainty,0.06666666666666667,,,,,,,,,,,,,,,,,,,,,
2026-09-23.1,test_disagreement,nuScenes,mono,plan_fde,JC_fde,E_perc_dE,P2,0.3,True,10.0,R1_mlp_reg,uncertainty,True,R1_mlp_reg,uncertainty,-0.06666666666666667,,,,,,,,,,,,,,,,,,,,,
2026-09-23.1,test_disagreement,nuScenes,mono,plan_fde,JC_fde,E_perc_dE,P2,0.5,True,10.0,R1_mlp_reg,uncertainty,True,R1_mlp_reg,uncertainty,0.022222222222222223,,,,,,,,,,,,,,,,,,,,,
2026-09-23.1,test_disagreement,nuScenes,mono,plan_fde,JC_fde,E_perc_dE,old,0.1,True,16.0,dE_exact|dE_E1_fn_only,dE_exact|dE_E1_fn_only,False,dE_exact,dE_exact,0.5000179555779061,,,,,,,,,,,,,,,,,,,,,
2026-09-23.1,test_disagreement,nuScenes,mono,plan_fde,JC_fde,E_perc_dE,old,0.2,True,16.0,dE_exact|dE_E1_fn_only,dE_exact|dE_E1_fn_only,False,dE_exact,dE_exact,0.46218487394957986,,,,,,,,,,,,,,,,,,,,,
2026-09-23.1,test_disagreement,nuScenes,mono,plan_fde,JC_fde,E_perc_dE,old,0.3,True,16.0,dE_E6_risk_weighted,dE_exact|dE_E1_fn_only,True,dE_E6_risk_weighted,dE_exact,0.3109243697478992,,,,,,,,,,,,,,,,,,,,,
2026-09-23.1,test_disagreement,nuScenes,mono,plan_fde,JC_fde,E_perc_dE,old,0.5,True,16.0,R1_mlp_reg,dE_exact|dE_E1_fn_only,True,R1_mlp_reg,dE_exact,0.19327731092436976,,,,,,,,,,,,,,,,,,,,,
2026-09-23.1,test_disagreement,nuScenes,mono,plan_fde,JC_fde,E_perc_risk,P1,0.1,True,4.0,random,criticality_cheap,True,random,criticality_cheap,-0.3333333333333334,,,,,,,,,,,,,,,,,,,,,
2026-09-23.1,test_disagreement,nuScenes,mono,plan_fde,JC_fde,E_perc_risk,P1,0.2,True,4.0,random,criticality_cheap,True,random,criticality_cheap,-0.3333333333333334,,,,,,,,,,,,,,,,,,,,,
2026-09-23.1,test_disagreement,nuScenes,mono,plan_fde,JC_fde,E_perc_risk,P1,0.3,True,4.0,random,criticality_cheap,True,random,criticality_cheap,0.3333333333333334,,,,,,,,,,,,,,,,,,,,,
2026-09-23.1,test_disagreement,nuScenes,mono,plan_fde,JC_fde,E_perc_risk,P1,0.5,True,4.0,random,uncertainty,True,random,uncertainty,0.0,,,,,,,,,,,,,,,,,,,,,
2026-09-23.1,test_disagreement,nuScenes,mono,plan_fde,JC_fde,E_perc_risk,P2,0.1,True,10.0,R1_mlp_reg,criticality_cheap,True,R1_mlp_reg,criticality_cheap,0.24444444444444444,,,,,,,,,,,,,,,,,,,,,
2026-09-23.1,test_disagreement,nuScenes,mono,plan_fde,JC_fde,E_perc_risk,P2,0.2,True,10.0,R1_mlp_reg,R1_gbm_clf,True,R1_mlp_reg,R1_gbm_clf,0.15555555555555553,,,,,,,,,,,,,,,,,,,,,
2026-09-23.1,test_disagreement,nuScenes,mono,plan_fde,JC_fde,E_perc_risk,P2,0.3,True,10.0,R1_mlp_reg,R1_gbm_clf,True,R1_mlp_reg,R1_gbm_clf,0.24444444444444444,,,,,,,,,,,,,,,,,,,,,
2026-09-23.1,test_disagreement,nuScenes,mono,plan_fde,JC_fde,E_perc_risk,P2,0.5,True,10.0,R1_mlp_reg,R1_gbm_clf,True,R1_mlp_reg,R1_gbm_clf,0.19999999999999998,,,,,,,,,,,,,,,,,,,,,
2026-09-23.1,test_disagreement,nuScenes,mono,plan_fde,JC_fde,E_perc_risk,old,0.1,True,16.0,dE_exact|dE_E1_fn_only,dE_E6_risk_weighted,True,dE_exact,dE_E6_risk_weighted,0.5294117647058825,,,,,,,,,,,,,,,,,,,,,
2026-09-23.1,test_disagreement,nuScenes,mono,plan_fde,JC_fde,E_perc_risk,old,0.2,True,16.0,dE_exact|dE_E1_fn_only,dE_E6_risk_weighted,True,dE_exact,dE_E6_risk_weighted,0.49579831932773116,,,,,,,,,,,,,,,,,,,,,
2026-09-23.1,test_disagreement,nuScenes,mono,plan_fde,JC_fde,E_perc_risk,old,0.3,True,16.0,dE_E6_risk_weighted,dE_E6_risk_weighted,False,dE_E6_risk_weighted,dE_E6_risk_weighted,0.49579831932773116,,,,,,,,,,,,,,,,,,,,,
2026-09-23.1,test_disagreement,nuScenes,mono,plan_fde,JC_fde,E_perc_risk,old,0.5,True,16.0,R1_mlp_reg,dE_E6_risk_weighted,True,R1_mlp_reg,dE_E6_risk_weighted,0.3277310924369748,,,,,,,,,,,,,,,,,,,,,
2026-09-23.1,test_disagreement,KITTI,oracle,brake,J,E_perc_dE,P1,0.1,True,4.0,trivial_ego_speed,uncertainty,True,trivial_ego_speed,uncertainty,-1.0,,,,,,,,,,,,,,,,,,,,,
2026-09-23.1,test_disagreement,KITTI,oracle,brake,J,E_perc_dE,P1,0.2,True,4.0,trivial_ego_speed,uncertainty,True,trivial_ego_speed,uncertainty,-0.6666666666666669,,,,,,,,,,,,,,,,,,,,,
2026-09-23.1,test_disagreement,KITTI,oracle,brake,J,E_perc_dE,P1,0.3,True,4.0,trivial_ego_speed,uncertainty,True,trivial_ego_speed,uncertainty,-1.0,,,,,,,,,,,,,,,,,,,,,
2026-09-23.1,test_disagreement,KITTI,oracle,brake,J,E_perc_dE,P1,0.5,True,4.0,trivial_ego_speed,uncertainty,True,trivial_ego_speed,uncertainty,-0.6666666666666669,,,,,,,,,,,,,,,,,,,,,
2026-09-23.1,test_disagreement,KITTI,oracle,brake,J,E_perc_dE,P2,0.1,True,10.0,trivial_ego_speed,uncertainty,True,trivial_ego_speed,uncertainty,-0.24444444444444444,,,,,,,,,,,,,,,,,,,,,
2026-09-23.1,test_disagreement,KITTI,oracle,brake,J,E_perc_dE,P2,0.2,True,10.0,trivial_ego_speed,uncertainty,True,trivial_ego_speed,uncertainty,-0.3333333333333333,,,,,,,,,,,,,,,,,,,,,
2026-09-23.1,test_disagreement,KITTI,oracle,brake,J,E_perc_dE,P2,0.3,True,10.0,trivial_ego_speed,uncertainty,True,trivial_ego_speed,uncertainty,-0.40451991747794525,,,,,,,,,,,,,,,,,,,,,
2026-09-23.1,test_disagreement,KITTI,oracle,brake,J,E_perc_dE,P2,0.5,True,10.0,gate_gbm,uncertainty,True,gate_gbm,uncertainty,-0.24444444444444444,,,,,,,,,,,,,,,,,,,,,
2026-09-23.1,test_disagreement,KITTI,oracle,brake,J,E_perc_dE,old,0.1,True,14.0,trivial_ego_speed,dE_exact|dE_E1_fn_only,True,trivial_ego_speed,dE_exact,0.022222222222222223,,,,,,,,,,,,,,,,,,,,,
2026-09-23.1,test_disagreement,KITTI,oracle,brake,J,E_perc_dE,old,0.2,True,14.0,trivial_ego_speed,dE_exact|dE_E1_fn_only,True,trivial_ego_speed,dE_exact,-0.13333333333333333,,,,,,,,,,,,,,,,,,,,,
2026-09-23.1,test_disagreement,KITTI,oracle,brake,J,E_perc_dE,old,0.3,True,14.0,trivial_ego_speed,dE_exact|dE_E1_fn_only,True,trivial_ego_speed,dE_exact,-0.21229381566543046,,,,,,,,,,,,,,,,,,,,,
2026-09-23.1,test_disagreement,KITTI,oracle,brake,J,E_perc_dE,old,0.5,True,14.0,dE_E6_risk_weighted,dE_exact|dE_E1_fn_only,True,dE_E6_risk_weighted,dE_exact,0.022222222222222223,,,,,,,,,,,,,,,,,,,,,
2026-09-23.1,test_disagreement,KITTI,oracle,brake,J,E_perc_risk,P1,0.1,True,4.0,trivial_ego_speed,criticality_cheap,True,trivial_ego_speed,criticality_cheap,-0.6666666666666669,,,,,,,,,,,,,,,,,,,,,
2026-09-23.1,test_disagreement,KITTI,oracle,brake,J,E_perc_risk,P1,0.2,True,4.0,trivial_ego_speed,uncertainty,True,trivial_ego_speed,uncertainty,-0.6666666666666669,,,,,,,,,,,,,,,,,,,,,
2026-09-23.1,test_disagreement,KITTI,oracle,brake,J,E_perc_risk,P1,0.3,True,4.0,trivial_ego_speed,uncertainty,True,trivial_ego_speed,uncertainty,-1.0,,,,,,,,,,,,,,,,,,,,,
2026-09-23.1,test_disagreement,KITTI,oracle,brake,J,E_perc_risk,P1,0.5,True,4.0,trivial_ego_speed,criticality_cheap,True,trivial_ego_speed,criticality_cheap,-1.0,,,,,,,,,,,,,,,,,,,,,
2026-09-23.1,test_disagreement,KITTI,oracle,brake,J,E_perc_risk,P2,0.1,True,10.0,trivial_ego_speed,criticality_cheap,True,trivial_ego_speed,criticality_cheap,-0.5555555555555555,,,,,,,,,,,,,,,,,,,,,
2026-09-23.1,test_disagreement,KITTI,oracle,brake,J,E_perc_risk,P2,0.2,True,10.0,trivial_ego_speed,uncertainty,True,trivial_ego_speed,uncertainty,-0.8222222222222221,,,,,,,,,,,,,,,,,,,,,
2026-09-23.1,test_disagreement,KITTI,oracle,brake,J,E_perc_risk,P2,0.3,True,10.0,trivial_ego_speed,uncertainty,True,trivial_ego_speed,uncertainty,-0.6444444444444444,,,,,,,,,,,,,,,,,,,,,
2026-09-23.1,test_disagreement,KITTI,oracle,brake,J,E_perc_risk,P2,0.5,True,10.0,gate_gbm,criticality_cheap,True,gate_gbm,criticality_cheap,-0.4222222222222222,,,,,,,,,,,,,,,,,,,,,
2026-09-23.1,test_disagreement,KITTI,oracle,brake,J,E_perc_risk,old,0.1,True,14.0,trivial_ego_speed,dE_E6_risk_weighted,True,trivial_ego_speed,dE_E6_risk_weighted,-0.19999999999999998,,,,,,,,,,,,,,,,,,,,,
2026-09-23.1,test_disagreement,KITTI,oracle,brake,J,E_perc_risk,old,0.2,True,14.0,trivial_ego_speed,dE_E6_risk_weighted,True,trivial_ego_speed,dE_E6_risk_weighted,-0.4444444444444445,,,,,,,,,,,,,,,,,,,,,
2026-09-23.1,test_disagreement,KITTI,oracle,brake,J,E_perc_risk,old,0.3,True,14.0,trivial_ego_speed,dE_E6_risk_weighted,True,trivial_ego_speed,dE_E6_risk_weighted,-0.39999999999999997,,,,,,,,,,,,,,,,,,,,,
2026-09-23.1,test_disagreement,KITTI,oracle,brake,J,E_perc_risk,old,0.5,True,14.0,dE_E6_risk_weighted,dE_E6_risk_weighted,False,dE_E6_risk_weighted,dE_E6_risk_weighted,-0.044444444444444446,,,,,,,,,,,,,,,,,,,,,
2026-09-23.1,test_disagreement,KITTI,oracle,traj,JB,E_perc_dE,P1,0.1,True,4.0,trivial_ego_speed,uncertainty,True,trivial_ego_speed,uncertainty,-1.0,,,,,,,,,,,,,,,,,,,,,
2026-09-23.1,test_disagreement,KITTI,oracle,traj,JB,E_perc_dE,P1,0.2,True,4.0,trivial_ego_speed,uncertainty,True,trivial_ego_speed,uncertainty,-0.6666666666666669,,,,,,,,,,,,,,,,,,,,,
2026-09-23.1,test_disagreement,KITTI,oracle,traj,JB,E_perc_dE,P1,0.3,True,4.0,trivial_ego_speed,uncertainty,True,trivial_ego_speed,uncertainty,-0.6666666666666669,,,,,,,,,,,,,,,,,,,,,
2026-09-23.1,test_disagreement,KITTI,oracle,traj,JB,E_perc_dE,P1,0.5,True,4.0,trivial_ego_speed,uncertainty,True,trivial_ego_speed,uncertainty,-0.6666666666666669,,,,,,,,,,,,,,,,,,,,,
2026-09-23.1,test_disagreement,KITTI,oracle,traj,JB,E_perc_dE,P2,0.1,True,10.0,gate_gbm,uncertainty,True,gate_gbm,uncertainty,-0.6888888888888888,,,,,,,,,,,,,,,,,,,,,
2026-09-23.1,test_disagreement,KITTI,oracle,traj,JB,E_perc_dE,P2,0.2,True,10.0,trivial_ego_speed,uncertainty,True,trivial_ego_speed,uncertainty,-0.5111111111111111,,,,,,,,,,,,,,,,,,,,,
2026-09-23.1,test_disagreement,KITTI,oracle,traj,JB,E_perc_dE,P2,0.3,True,10.0,trivial_ego_speed,uncertainty,True,trivial_ego_speed,uncertainty,-0.4222222222222222,,,,,,,,,,,,,,,,,,,,,
2026-09-23.1,test_disagreement,KITTI,oracle,traj,JB,E_perc_dE,P2,0.5,True,10.0,trivial_ego_speed,uncertainty,True,trivial_ego_speed,uncertainty,-0.28888888888888886,,,,,,,,,,,,,,,,,,,,,
2026-09-23.1,test_disagreement,KITTI,oracle,traj,JB,E_perc_dE,old,0.1,True,14.0,gate_gbm,dE_exact|dE_E1_fn_only,True,gate_gbm,dE_exact,-0.24444444444444444,,,,,,,,,,,,,,,,,,,,,
2026-09-23.1,test_disagreement,KITTI,oracle,traj,JB,E_perc_dE,old,0.2,True,14.0,trivial_ego_speed,dE_exact|dE_E1_fn_only,True,trivial_ego_speed,dE_exact,-0.24444444444444444,,,,,,,,,,,,,,,,,,,,,
2026-09-23.1,test_disagreement,KITTI,oracle,traj,JB,E_perc_dE,old,0.3,True,14.0,trivial_ego_speed,dE_exact|dE_E1_fn_only,True,trivial_ego_speed,dE_exact,-0.13333333333333333,,,,,,,,,,,,,,,,,,,,,
2026-09-23.1,test_disagreement,KITTI,oracle,traj,JB,E_perc_dE,old,0.5,True,14.0,dE_E6_risk_weighted,dE_exact|dE_E1_fn_only,True,dE_E6_risk_weighted,dE_exact,0.044444444444444446,,,,,,,,,,,,,,,,,,,,,
2026-09-23.1,test_disagreement,KITTI,oracle,traj,JB,E_perc_risk,P1,0.1,True,4.0,trivial_ego_speed,criticality_cheap,True,trivial_ego_speed,criticality_cheap,-0.6666666666666669,,,,,,,,,,,,,,,,,,,,,
2026-09-23.1,test_disagreement,KITTI,oracle,traj,JB,E_perc_risk,P1,0.2,True,4.0,trivial_ego_speed,uncertainty,True,trivial_ego_speed,uncertainty,-0.6666666666666669,,,,,,,,,,,,,,,,,,,,,
2026-09-23.1,test_disagreement,KITTI,oracle,traj,JB,E_perc_risk,P1,0.3,True,4.0,trivial_ego_speed,uncertainty,True,trivial_ego_speed,uncertainty,-0.6666666666666669,,,,,,,,,,,,,,,,,,,,,
2026-09-23.1,test_disagreement,KITTI,oracle,traj,JB,E_perc_risk,P1,0.5,True,4.0,trivial_ego_speed,criticality_cheap,True,trivial_ego_speed,criticality_cheap,-1.0,,,,,,,,,,,,,,,,,,,,,
2026-09-23.1,test_disagreement,KITTI,oracle,traj,JB,E_perc_risk,P2,0.1,True,10.0,gate_gbm,criticality_cheap,True,gate_gbm,criticality_cheap,-0.6444444444444444,,,,,,,,,,,,,,,,,,,,,
2026-09-23.1,test_disagreement,KITTI,oracle,traj,JB,E_perc_risk,P2,0.2,True,10.0,trivial_ego_speed,uncertainty,True,trivial_ego_speed,uncertainty,-0.7333333333333333,,,,,,,,,,,,,,,,,,,,,
2026-09-23.1,test_disagreement,KITTI,oracle,traj,JB,E_perc_risk,P2,0.3,True,10.0,trivial_ego_speed,uncertainty,True,trivial_ego_speed,uncertainty,-0.6,,,,,,,,,,,,,,,,,,,,,
2026-09-23.1,test_disagreement,KITTI,oracle,traj,JB,E_perc_risk,P2,0.5,True,10.0,trivial_ego_speed,criticality_cheap,True,trivial_ego_speed,criticality_cheap,-0.6,,,,,,,,,,,,,,,,,,,,,
2026-09-23.1,test_disagreement,KITTI,oracle,traj,JB,E_perc_risk,old,0.1,True,14.0,gate_gbm,dE_E6_risk_weighted,True,gate_gbm,dE_E6_risk_weighted,-0.28888888888888886,,,,,,,,,,,,,,,,,,,,,
2026-09-23.1,test_disagreement,KITTI,oracle,traj,JB,E_perc_risk,old,0.2,True,14.0,trivial_ego_speed,dE_E6_risk_weighted,True,trivial_ego_speed,dE_E6_risk_weighted,-0.39999999999999997,,,,,,,,,,,,,,,,,,,,,
2026-09-23.1,test_disagreement,KITTI,oracle,traj,JB,E_perc_risk,old,0.3,True,14.0,trivial_ego_speed,dE_E6_risk_weighted,True,trivial_ego_speed,dE_E6_risk_weighted,-0.28888888888888886,,,,,,,,,,,,,,,,,,,,,
2026-09-23.1,test_disagreement,KITTI,oracle,traj,JB,E_perc_risk,old,0.5,True,14.0,dE_E6_risk_weighted,dE_E6_risk_weighted,False,dE_E6_risk_weighted,dE_E6_risk_weighted,-0.06666666666666667,,,,,,,,,,,,,,,,,,,,,
2026-09-23.1,test_disagreement,KITTI,mono,brake,J,E_perc_dE,P1,0.1,True,4.0,trivial_ego_speed,uncertainty,True,trivial_ego_speed,uncertainty,-0.6666666666666669,,,,,,,,,,,,,,,,,,,,,
2026-09-23.1,test_disagreement,KITTI,mono,brake,J,E_perc_dE,P1,0.2,True,4.0,trivial_ego_speed,uncertainty,True,trivial_ego_speed,uncertainty,-1.0,,,,,,,,,,,,,,,,,,,,,
2026-09-23.1,test_disagreement,KITTI,mono,brake,J,E_perc_dE,P1,0.3,True,4.0,trivial_ego_speed,uncertainty,True,trivial_ego_speed,uncertainty,-1.0,,,,,,,,,,,,,,,,,,,,,
2026-09-23.1,test_disagreement,KITTI,mono,brake,J,E_perc_dE,P1,0.5,True,4.0,trivial_ego_speed,uncertainty,True,trivial_ego_speed,uncertainty,-1.0,,,,,,,,,,,,,,,,,,,,,
2026-09-23.1,test_disagreement,KITTI,mono,brake,J,E_perc_dE,P2,0.1,True,10.0,trivial_ego_speed,uncertainty,True,trivial_ego_speed,uncertainty,-0.1111111111111111,,,,,,,,,,,,,,,,,,,,,
2026-09-23.1,test_disagreement,KITTI,mono,brake,J,E_perc_dE,P2,0.2,True,10.0,trivial_ego_speed,uncertainty,True,trivial_ego_speed,uncertainty,-0.40451991747794525,,,,,,,,,,,,,,,,,,,,,
2026-09-23.1,test_disagreement,KITTI,mono,brake,J,E_perc_dE,P2,0.3,True,10.0,trivial_ego_speed,uncertainty,True,trivial_ego_speed,uncertainty,-0.4666666666666666,,,,,,,,,,,,,,,,,,,,,
2026-09-23.1,test_disagreement,KITTI,mono,brake,J,E_perc_dE,P2,0.5,True,10.0,R1_gbm_reg,uncertainty,True,R1_gbm_reg,uncertainty,-0.5555555555555555,,,,,,,,,,,,,,,,,,,,,
2026-09-23.1,test_disagreement,KITTI,mono,brake,J,E_perc_dE,old,0.1,True,14.0,trivial_ego_speed,dE_exact|dE_E1_fn_only,True,trivial_ego_speed,dE_exact,-0.13333333333333333,,,,,,,,,,,,,,,,,,,,,
2026-09-23.1,test_disagreement,KITTI,mono,brake,J,E_perc_dE,old,0.2,True,14.0,trivial_ego_speed,dE_exact|dE_E1_fn_only,True,trivial_ego_speed,dE_exact,-0.4357609900500941,,,,,,,,,,,,,,,,,,,,,
2026-09-23.1,test_disagreement,KITTI,mono,brake,J,E_perc_dE,old,0.3,True,14.0,trivial_ego_speed,dE_exact|dE_E1_fn_only,True,trivial_ego_speed,dE_exact,-0.42222222222222217,,,,,,,,,,,,,,,,,,,,,
2026-09-23.1,test_disagreement,KITTI,mono,brake,J,E_perc_dE,old,0.5,True,14.0,R1_gbm_reg,dE_exact|dE_E1_fn_only,True,R1_gbm_reg,dE_exact,-0.28888888888888886,,,,,,,,,,,,,,,,,,,,,
2026-09-23.1,test_disagreement,KITTI,mono,brake,J,E_perc_risk,P1,0.1,True,4.0,trivial_ego_speed,criticality_cheap,True,trivial_ego_speed,criticality_cheap,-0.3333333333333334,,,,,,,,,,,,,,,,,,,,,
2026-09-23.1,test_disagreement,KITTI,mono,brake,J,E_perc_risk,P1,0.2,True,4.0,trivial_ego_speed,uncertainty,True,trivial_ego_speed,uncertainty,-1.0,,,,,,,,,,,,,,,,,,,,,
2026-09-23.1,test_disagreement,KITTI,mono,brake,J,E_perc_risk,P1,0.3,True,4.0,trivial_ego_speed,uncertainty,True,trivial_ego_speed,uncertainty,-1.0,,,,,,,,,,,,,,,,,,,,,
2026-09-23.1,test_disagreement,KITTI,mono,brake,J,E_perc_risk,P1,0.5,True,4.0,trivial_ego_speed,criticality_cheap,True,trivial_ego_speed,criticality_cheap,-0.6666666666666669,,,,,,,,,,,,,,,,,,,,,
2026-09-23.1,test_disagreement,KITTI,mono,brake,J,E_perc_risk,P2,0.1,True,10.0,trivial_ego_speed,criticality_cheap,True,trivial_ego_speed,criticality_cheap,-0.4666666666666666,,,,,,,,,,,,,,,,,,,,,
2026-09-23.1,test_disagreement,KITTI,mono,brake,J,E_perc_risk,P2,0.2,True,10.0,trivial_ego_speed,uncertainty,True,trivial_ego_speed,uncertainty,-0.7333333333333333,,,,,,,,,,,,,,,,,,,,,
2026-09-23.1,test_disagreement,KITTI,mono,brake,J,E_perc_risk,P2,0.3,True,10.0,trivial_ego_speed,uncertainty,True,trivial_ego_speed,uncertainty,-0.5111111111111111,,,,,,,,,,,,,,,,,,,,,
2026-09-23.1,test_disagreement,KITTI,mono,brake,J,E_perc_risk,P2,0.5,True,10.0,R1_gbm_reg,criticality_cheap,True,R1_gbm_reg,criticality_cheap,-0.7333333333333333,,,,,,,,,,,,,,,,,,,,,
2026-09-23.1,test_disagreement,KITTI,mono,brake,J,E_perc_risk,old,0.1,True,14.0,trivial_ego_speed,dE_E6_risk_weighted,True,trivial_ego_speed,dE_E6_risk_weighted,-0.37777777777777777,,,,,,,,,,,,,,,,,,,,,
2026-09-23.1,test_disagreement,KITTI,mono,brake,J,E_perc_risk,old,0.2,True,14.0,trivial_ego_speed,dE_E6_risk_weighted,True,trivial_ego_speed,dE_E6_risk_weighted,-0.6666666666666666,,,,,,,,,,,,,,,,,,,,,
2026-09-23.1,test_disagreement,KITTI,mono,brake,J,E_perc_risk,old,0.3,True,14.0,trivial_ego_speed,dE_E6_risk_weighted,True,trivial_ego_speed,dE_E6_risk_weighted,-0.4888888888888889,,,,,,,,,,,,,,,,,,,,,
2026-09-23.1,test_disagreement,KITTI,mono,brake,J,E_perc_risk,old,0.5,True,14.0,R1_gbm_reg,dE_E6_risk_weighted,True,R1_gbm_reg,dE_E6_risk_weighted,-0.35555555555555557,,,,,,,,,,,,,,,,,,,,,
2026-09-23.1,test_disagreement,KITTI,mono,traj,JB,E_perc_dE,P1,0.1,True,4.0,uncertainty,uncertainty,False,uncertainty,uncertainty,1.0,,,,,,,,,,,,,,,,,,,,,
2026-09-23.1,test_disagreement,KITTI,mono,traj,JB,E_perc_dE,P1,0.2,True,4.0,criticality_cheap,uncertainty,True,criticality_cheap,uncertainty,0.6666666666666669,,,,,,,,,,,,,,,,,,,,,
2026-09-23.1,test_disagreement,KITTI,mono,traj,JB,E_perc_dE,P1,0.3,True,4.0,criticality_cheap,uncertainty,True,criticality_cheap,uncertainty,0.6666666666666669,,,,,,,,,,,,,,,,,,,,,
2026-09-23.1,test_disagreement,KITTI,mono,traj,JB,E_perc_dE,P1,0.5,True,4.0,uncertainty,uncertainty,False,uncertainty,uncertainty,1.0,,,,,,,,,,,,,,,,,,,,,
2026-09-23.1,test_disagreement,KITTI,mono,traj,JB,E_perc_dE,P2,0.1,True,10.0,R1_mlp_clf,uncertainty,True,R1_mlp_clf,uncertainty,-0.06666666666666667,,,,,,,,,,,,,,,,,,,,,
2026-09-23.1,test_disagreement,KITTI,mono,traj,JB,E_perc_dE,P2,0.2,True,10.0,gate_ridge,uncertainty,True,gate_ridge,uncertainty,0.022222222222222223,,,,,,,,,,,,,,,,,,,,,
2026-09-23.1,test_disagreement,KITTI,mono,traj,JB,E_perc_dE,P2,0.3,True,10.0,criticality_cheap,uncertainty,True,criticality_cheap,uncertainty,0.19999999999999998,,,,,,,,,,,,,,,,,,,,,
2026-09-23.1,test_disagreement,KITTI,mono,traj,JB,E_perc_dE,P2,0.5,True,10.0,uncertainty,uncertainty,False,uncertainty,uncertainty,0.3333333333333333,,,,,,,,,,,,,,,,,,,,,
2026-09-23.1,test_disagreement,KITTI,mono,traj,JB,E_perc_dE,old,0.1,True,14.0,dE_exact|dE_E1_fn_only,dE_exact|dE_E1_fn_only,False,dE_exact,dE_exact,0.37777777777777777,,,,,,,,,,,,,,,,,,,,,
2026-09-23.1,test_disagreement,KITTI,mono,traj,JB,E_perc_dE,old,0.2,True,14.0,dE_exact|dE_E1_fn_only,dE_exact|dE_E1_fn_only,False,dE_exact,dE_exact,0.37777777777777777,,,,,,,,,,,,,,,,,,,,,
2026-09-23.1,test_disagreement,KITTI,mono,traj,JB,E_perc_dE,old,0.3,True,14.0,dE_exact|dE_E1_fn_only,dE_exact|dE_E1_fn_only,False,dE_exact,dE_exact,0.4888888888888889,,,,,,,,,,,,,,,,,,,,,
2026-09-23.1,test_disagreement,KITTI,mono,traj,JB,E_perc_dE,old,0.5,True,14.0,uncertainty,dE_exact|dE_E1_fn_only,True,uncertainty,dE_exact,0.26666666666666666,,,,,,,,,,,,,,,,,,,,,
2026-09-23.1,test_disagreement,KITTI,mono,traj,JB,E_perc_risk,P1,0.1,True,4.0,uncertainty,criticality_cheap,True,uncertainty,criticality_cheap,0.6666666666666669,,,,,,,,,,,,,,,,,,,,,
2026-09-23.1,test_disagreement,KITTI,mono,traj,JB,E_perc_risk,P1,0.2,True,4.0,criticality_cheap,uncertainty,True,criticality_cheap,uncertainty,0.6666666666666669,,,,,,,,,,,,,,,,,,,,,
2026-09-23.1,test_disagreement,KITTI,mono,traj,JB,E_perc_risk,P1,0.3,True,4.0,criticality_cheap,uncertainty,True,criticality_cheap,uncertainty,0.6666666666666669,,,,,,,,,,,,,,,,,,,,,
2026-09-23.1,test_disagreement,KITTI,mono,traj,JB,E_perc_risk,P1,0.5,True,4.0,uncertainty,criticality_cheap,True,uncertainty,criticality_cheap,0.6666666666666669,,,,,,,,,,,,,,,,,,,,,
2026-09-23.1,test_disagreement,KITTI,mono,traj,JB,E_perc_risk,P2,0.1,True,10.0,R1_mlp_clf,criticality_cheap,True,R1_mlp_clf,criticality_cheap,0.1111111111111111,,,,,,,,,,,,,,,,,,,,,
2026-09-23.1,test_disagreement,KITTI,mono,traj,JB,E_perc_risk,P2,0.2,True,10.0,gate_ridge,uncertainty,True,gate_ridge,uncertainty,0.28888888888888886,,,,,,,,,,,,,,,,,,,,,
2026-09-23.1,test_disagreement,KITTI,mono,traj,JB,E_perc_risk,P2,0.3,True,10.0,criticality_cheap,uncertainty,True,criticality_cheap,uncertainty,0.3333333333333333,,,,,,,,,,,,,,,,,,,,,
2026-09-23.1,test_disagreement,KITTI,mono,traj,JB,E_perc_risk,P2,0.5,True,10.0,uncertainty,criticality_cheap,True,uncertainty,criticality_cheap,0.5111111111111111,,,,,,,,,,,,,,,,,,,,,
2026-09-23.1,test_disagreement,KITTI,mono,traj,JB,E_perc_risk,old,0.1,True,14.0,dE_exact|dE_E1_fn_only,dE_E6_risk_weighted,True,dE_exact,dE_E6_risk_weighted,0.42222222222222217,,,,,,,,,,,,,,,,,,,,,
2026-09-23.1,test_disagreement,KITTI,mono,traj,JB,E_perc_risk,old,0.2,True,14.0,dE_exact|dE_E1_fn_only,dE_E6_risk_weighted,True,dE_exact,dE_E6_risk_weighted,0.4666666666666667,,,,,,,,,,,,,,,,,,,,,
2026-09-23.1,test_disagreement,KITTI,mono,traj,JB,E_perc_risk,old,0.3,True,14.0,dE_exact|dE_E1_fn_only,dE_E6_risk_weighted,True,dE_exact,dE_E6_risk_weighted,0.5111111111111111,,,,,,,,,,,,,,,,,,,,,
2026-09-23.1,test_disagreement,KITTI,mono,traj,JB,E_perc_risk,old,0.5,True,14.0,uncertainty,dE_E6_risk_weighted,True,uncertainty,dE_E6_risk_weighted,0.42222222222222217,,,,,,,,,,,,,,,,,,,,,
2026-09-23.1,test_disagreement,nuPlan,n/a,pdm_closed,safety,E_perc_dE,P1,0.1,True,3.0,random,random,False,random,random,0.816496580927726,,,,,,,,,,,,,,,,,,,,,
2026-09-23.1,test_disagreement,nuPlan,n/a,pdm_closed,safety,E_perc_dE,P1,0.2,True,3.0,trivial_ego_speed,random,True,trivial_ego_speed,random,0.33333333333333337,,,,,,,,,,,,,,,,,,,,,
2026-09-23.1,test_disagreement,nuPlan,n/a,pdm_closed,safety,E_perc_dE,P1,0.3,True,3.0,trivial_ego_speed,random,True,trivial_ego_speed,random,-0.33333333333333337,,,,,,,,,,,,,,,,,,,,,
2026-09-23.1,test_disagreement,nuPlan,n/a,pdm_closed,safety,E_perc_dE,P1,0.5,True,3.0,criticality_cheap,random,True,criticality_cheap,random,-1.0,,,,,,,,,,,,,,,,,,,,,
2026-09-23.1,test_disagreement,nuPlan,n/a,pdm_closed,safety,E_perc_dE,P2,0.1,True,9.0,gate_gbm,R1_gbm_reg,True,gate_gbm,R1_gbm_reg,0.29424494316824984,,,,,,,,,,,,,,,,,,,,,
2026-09-23.1,test_disagreement,nuPlan,n/a,pdm_closed,safety,E_perc_dE,P2,0.2,True,9.0,gate_ridge|gate_gbm,random,True,gate_ridge,random,-0.22857142857142856,,,,,,,,,,,,,,,,,,,,,
2026-09-23.1,test_disagreement,nuPlan,n/a,pdm_closed,safety,E_perc_dE,P2,0.3,True,9.0,gate_ridge|gate_gbm,random,True,gate_ridge,random,-0.14085904245475275,,,,,,,,,,,,,,,,,,,,,
2026-09-23.1,test_disagreement,nuPlan,n/a,pdm_closed,safety,E_perc_dE,P2,0.5,True,9.0,gate_gbm,gate_gbm,False,gate_gbm,gate_gbm,-0.05555555555555555,,,,,,,,,,,,,,,,,,,,,
2026-09-23.1,test_disagreement,nuPlan,n/a,pdm_closed,safety,E_perc_dE,old,0.1,True,11.0,gate_gbm,dE_E1_fn_only,True,gate_gbm,dE_E1_fn_only,0.1555231582719478,,,,,,,,,,,,,,,,,,,,,
2026-09-23.1,test_disagreement,nuPlan,n/a,pdm_closed,safety,E_perc_dE,old,0.2,True,11.0,gate_ridge|gate_gbm,dE_E1_fn_only,True,gate_ridge,dE_E1_fn_only,-0.16666666666666666,,,,,,,,,,,,,,,,,,,,,
2026-09-23.1,test_disagreement,nuPlan,n/a,pdm_closed,safety,E_perc_dE,old,0.3,True,11.0,gate_ridge|gate_gbm,dE_E1_fn_only,True,gate_ridge,dE_E1_fn_only,-0.14679516868351475,,,,,,,,,,,,,,,,,,,,,
2026-09-23.1,test_disagreement,nuPlan,n/a,pdm_closed,safety,E_perc_dE,old,0.5,True,11.0,gate_gbm,dE_E1_fn_only,True,gate_gbm,dE_E1_fn_only,-0.2,,,,,,,,,,,,,,,,,,,,,
2026-09-23.1,test_disagreement,nuPlan,n/a,pdm_closed,safety,E_perc_risk,P1,0.1,True,3.0,random,criticality_cheap,True,random,criticality_cheap,0.0,,,,,,,,,,,,,,,,,,,,,
2026-09-23.1,test_disagreement,nuPlan,n/a,pdm_closed,safety,E_perc_risk,P1,0.2,True,3.0,trivial_ego_speed,criticality_cheap,True,trivial_ego_speed,criticality_cheap,-1.0,,,,,,,,,,,,,,,,,,,,,
2026-09-23.1,test_disagreement,nuPlan,n/a,pdm_closed,safety,E_perc_risk,P1,0.3,True,3.0,trivial_ego_speed,criticality_cheap,True,trivial_ego_speed,criticality_cheap,-0.33333333333333337,,,,,,,,,,,,,,,,,,,,,
2026-09-23.1,test_disagreement,nuPlan,n/a,pdm_closed,safety,E_perc_risk,P1,0.5,True,3.0,criticality_cheap,criticality_cheap,False,criticality_cheap,criticality_cheap,0.33333333333333337,,,,,,,,,,,,,,,,,,,,,
2026-09-23.1,test_disagreement,nuPlan,n/a,pdm_closed,safety,E_perc_risk,P2,0.1,True,9.0,gate_gbm,criticality_cheap,True,gate_gbm,criticality_cheap,0.14506471329641488,,,,,,,,,,,,,,,,,,,,,
2026-09-23.1,test_disagreement,nuPlan,n/a,pdm_closed,safety,E_perc_risk,P2,0.2,True,9.0,gate_ridge|gate_gbm,criticality_cheap,True,gate_ridge,criticality_cheap,-0.02817180849095055,,,,,,,,,,,,,,,,,,,,,
2026-09-23.1,test_disagreement,nuPlan,n/a,pdm_closed,safety,E_perc_risk,P2,0.3,True,9.0,gate_ridge|gate_gbm,criticality_cheap,True,gate_ridge,criticality_cheap,0.253546276418555,,,,,,,,,,,,,,,,,,,,,
2026-09-23.1,test_disagreement,nuPlan,n/a,pdm_closed,safety,E_perc_risk,P2,0.5,True,9.0,gate_gbm,criticality_cheap,True,gate_gbm,criticality_cheap,0.2222222222222222,,,,,,,,,,,,,,,,,,,,,
2026-09-23.1,test_disagreement,nuPlan,n/a,pdm_closed,safety,E_perc_risk,old,0.1,True,11.0,gate_gbm,dE_E6_risk_weighted,True,gate_gbm,dE_E6_risk_weighted,-0.019262853213235488,,,,,,,,,,,,,,,,,,,,,
2026-09-23.1,test_disagreement,nuPlan,n/a,pdm_closed,safety,E_perc_risk,old,0.2,True,11.0,gate_ridge|gate_gbm,dE_E6_risk_weighted,True,gate_ridge,dE_E6_risk_weighted,0.0,,,,,,,,,,,,,,,,,,,,,
2026-09-23.1,test_disagreement,nuPlan,n/a,pdm_closed,safety,E_perc_risk,old,0.3,True,11.0,gate_ridge|gate_gbm,dE_E6_risk_weighted,True,gate_ridge,dE_E6_risk_weighted,0.14679516868351475,,,,,,,,,,,,,,,,,,,,,
2026-09-23.1,test_disagreement,nuPlan,n/a,pdm_closed,safety,E_perc_risk,old,0.5,True,11.0,gate_gbm,dE_E6_risk_weighted,True,gate_gbm,dE_E6_risk_weighted,0.018181818181818184,,,,,,,,,,,,,,,,,,,,,
2026-09-23.1,test_disagreement,nuPlan,n/a,pdm_closed,scalar_J,E_perc_dE,P1,0.1,True,3.0,random,random,False,random,random,1.0,,,,,,,,,,,,,,,,,,,,,
2026-09-23.1,test_disagreement,nuPlan,n/a,pdm_closed,scalar_J,E_perc_dE,P1,0.2,True,3.0,trivial_ego_speed,random,True,trivial_ego_speed,random,0.33333333333333337,,,,,,,,,,,,,,,,,,,,,
2026-09-23.1,test_disagreement,nuPlan,n/a,pdm_closed,scalar_J,E_perc_dE,P1,0.3,True,3.0,trivial_ego_speed,random,True,trivial_ego_speed,random,-0.33333333333333337,,,,,,,,,,,,,,,,,,,,,
2026-09-23.1,test_disagreement,nuPlan,n/a,pdm_closed,scalar_J,E_perc_dE,P1,0.5,True,3.0,criticality_cheap,random,True,criticality_cheap,random,-1.0,,,,,,,,,,,,,,,,,,,,,
2026-09-23.1,test_disagreement,nuPlan,n/a,pdm_closed,scalar_J,E_perc_dE,P2,0.1,True,9.0,gate_gbm,random,True,gate_gbm,random,0.1111111111111111,,,,,,,,,,,,,,,,,,,,,
2026-09-23.1,test_disagreement,nuPlan,n/a,pdm_closed,scalar_J,E_perc_dE,P2,0.2,True,9.0,gate_gbm,random,True,gate_gbm,random,0.16666666666666666,,,,,,,,,,,,,,,,,,,,,
2026-09-23.1,test_disagreement,nuPlan,n/a,pdm_closed,scalar_J,E_perc_dE,P2,0.3,True,9.0,gate_gbm,random,True,gate_gbm,random,0.19720265943665388,,,,,,,,,,,,,,,,,,,,,
2026-09-23.1,test_disagreement,nuPlan,n/a,pdm_closed,scalar_J,E_perc_dE,P2,0.5,True,9.0,gate_gbm,R1_mlp_clf,True,gate_gbm,R1_mlp_clf,0.0,,,,,,,,,,,,,,,,,,,,,
2026-09-23.1,test_disagreement,nuPlan,n/a,pdm_closed,scalar_J,E_perc_dE,old,0.1,True,11.0,gate_gbm,dE_E1_fn_only,True,gate_gbm,dE_E1_fn_only,-0.05454545454545454,,,,,,,,,,,,,,,,,,,,,
2026-09-23.1,test_disagreement,nuPlan,n/a,pdm_closed,scalar_J,E_perc_dE,old,0.2,True,11.0,gate_gbm,dE_E1_fn_only,True,gate_gbm,dE_E1_fn_only,0.018181818181818184,,,,,,,,,,,,,,,,,,,,,
2026-09-23.1,test_disagreement,nuPlan,n/a,pdm_closed,scalar_J,E_perc_dE,old,0.3,True,11.0,gate_gbm,dE_E1_fn_only,True,gate_gbm,dE_E1_fn_only,0.03669879217087869,,,,,,,,,,,,,,,,,,,,,
2026-09-23.1,test_disagreement,nuPlan,n/a,pdm_closed,scalar_J,E_perc_dE,old,0.5,True,11.0,gate_gbm,dE_E1_fn_only,True,gate_gbm,dE_E1_fn_only,-0.16363636363636364,,,,,,,,,,,,,,,,,,,,,
2026-09-23.1,test_disagreement,nuPlan,n/a,pdm_closed,scalar_J,E_perc_risk,P1,0.1,True,3.0,random,criticality_cheap,True,random,criticality_cheap,0.33333333333333337,,,,,,,,,,,,,,,,,,,,,
2026-09-23.1,test_disagreement,nuPlan,n/a,pdm_closed,scalar_J,E_perc_risk,P1,0.2,True,3.0,trivial_ego_speed,criticality_cheap,True,trivial_ego_speed,criticality_cheap,-1.0,,,,,,,,,,,,,,,,,,,,,
2026-09-23.1,test_disagreement,nuPlan,n/a,pdm_closed,scalar_J,E_perc_risk,P1,0.3,True,3.0,trivial_ego_speed,criticality_cheap,True,trivial_ego_speed,criticality_cheap,-0.33333333333333337,,,,,,,,,,,,,,,,,,,,,
2026-09-23.1,test_disagreement,nuPlan,n/a,pdm_closed,scalar_J,E_perc_risk,P1,0.5,True,3.0,criticality_cheap,criticality_cheap,False,criticality_cheap,criticality_cheap,0.33333333333333337,,,,,,,,,,,,,,,,,,,,,
2026-09-23.1,test_disagreement,nuPlan,n/a,pdm_closed,scalar_J,E_perc_risk,P2,0.1,True,9.0,gate_gbm,criticality_cheap,True,gate_gbm,criticality_cheap,0.16666666666666666,,,,,,,,,,,,,,,,,,,,,
2026-09-23.1,test_disagreement,nuPlan,n/a,pdm_closed,scalar_J,E_perc_risk,P2,0.2,True,9.0,gate_gbm,criticality_cheap,True,gate_gbm,criticality_cheap,-0.4444444444444444,,,,,,,,,,,,,,,,,,,,,
2026-09-23.1,test_disagreement,nuPlan,n/a,pdm_closed,scalar_J,E_perc_risk,P2,0.3,True,9.0,gate_gbm,criticality_cheap,True,gate_gbm,criticality_cheap,-0.3888888888888889,,,,,,,,,,,,,,,,,,,,,
2026-09-23.1,test_disagreement,nuPlan,n/a,pdm_closed,scalar_J,E_perc_risk,P2,0.5,True,9.0,gate_gbm,criticality_cheap,True,gate_gbm,criticality_cheap,0.0,,,,,,,,,,,,,,,,,,,,,
2026-09-23.1,test_disagreement,nuPlan,n/a,pdm_closed,scalar_J,E_perc_risk,old,0.1,True,11.0,gate_gbm,dE_E6_risk_weighted,True,gate_gbm,dE_E6_risk_weighted,-0.0909090909090909,,,,,,,,,,,,,,,,,,,,,
2026-09-23.1,test_disagreement,nuPlan,n/a,pdm_closed,scalar_J,E_perc_risk,old,0.2,True,11.0,gate_gbm,dE_E6_risk_weighted,True,gate_gbm,dE_E6_risk_weighted,-0.34545454545454546,,,,,,,,,,,,,,,,,,,,,
2026-09-23.1,test_disagreement,nuPlan,n/a,pdm_closed,scalar_J,E_perc_risk,old,0.3,True,11.0,gate_gbm,dE_E6_risk_weighted,True,gate_gbm,dE_E6_risk_weighted,-0.3090909090909091,,,,,,,,,,,,,,,,,,,,,
2026-09-23.1,test_disagreement,nuPlan,n/a,pdm_closed,scalar_J,E_perc_risk,old,0.5,True,11.0,gate_gbm,dE_E6_risk_weighted,True,gate_gbm,dE_E6_risk_weighted,-0.1272727272727273,,,,,,,,,,,,,,,,,,,,,
2026-09-23.1,test_disagreement,nuPlan,n/a,idm,safety,E_perc_dE,P1,0.1,False,3.0,random,random,False,random,random,1.0,,,,,,,,,,,,,,,,,,,,,
2026-09-23.1,test_disagreement,nuPlan,n/a,idm,safety,E_perc_dE,P1,0.2,False,3.0,random,random,False,random,random,0.33333333333333337,,,,,,,,,,,,,,,,,,,,,
2026-09-23.1,test_disagreement,nuPlan,n/a,idm,safety,E_perc_dE,P1,0.3,False,3.0,random,random,False,random,random,0.33333333333333337,,,,,,,,,,,,,,,,,,,,,
2026-09-23.1,test_disagreement,nuPlan,n/a,idm,safety,E_perc_dE,P1,0.5,False,3.0,trivial_ego_speed,random,True,trivial_ego_speed,random,0.33333333333333337,,,,,,,,,,,,,,,,,,,,,
2026-09-23.1,test_disagreement,nuPlan,n/a,idm,safety,E_perc_dE,P2,0.1,False,9.0,random|R1_mlp_clf|R1_gbm_clf,gate_ridge,True,random,gate_ridge,0.18148850216015694,,,,,,,,,,,,,,,,,,,,,
2026-09-23.1,test_disagreement,nuPlan,n/a,idm,safety,E_perc_dE,P2,0.2,False,9.0,random|R1_mlp_clf|R1_gbm_clf,gate_ridge,True,random,gate_ridge,0.19069251784911845,,,,,,,,,,,,,,,,,,,,,
2026-09-23.1,test_disagreement,nuPlan,n/a,idm,safety,E_perc_dE,P2,0.3,False,9.0,gate_gbm,gate_ridge,True,gate_gbm,gate_ridge,-0.06154574548966636,,,,,,,,,,,,,,,,,,,,,
2026-09-23.1,test_disagreement,nuPlan,n/a,idm,safety,E_perc_dE,P2,0.5,False,9.0,trivial_ego_speed,gate_ridge,True,trivial_ego_speed,gate_ridge,-0.2121212121212121,,,,,,,,,,,,,,,,,,,,,
2026-09-23.1,test_disagreement,nuPlan,n/a,idm,safety,E_perc_dE,old,0.1,False,11.0,random|R1_mlp_clf|R1_gbm_clf,dE_E1_fn_only,True,random,dE_E1_fn_only,-0.07472032220800769,,,,,,,,,,,,,,,,,,,,,
2026-09-23.1,test_disagreement,nuPlan,n/a,idm,safety,E_perc_dE,old,0.2,False,11.0,random|R1_mlp_clf|R1_gbm_clf,dE_E1_fn_only,True,random,dE_E1_fn_only,0.040893041005476534,,,,,,,,,,,,,,,,,,,,,
2026-09-23.1,test_disagreement,nuPlan,n/a,idm,safety,E_perc_dE,old,0.3,False,11.0,gate_gbm,dE_E1_fn_only,True,gate_gbm,dE_E1_fn_only,-0.1386750490563073,,,,,,,,,,,,,,,,,,,,,
2026-09-23.1,test_disagreement,nuPlan,n/a,idm,safety,E_perc_dE,old,0.5,False,11.0,trivial_ego_speed,dE_E1_fn_only,True,trivial_ego_speed,dE_E1_fn_only,-0.33011264588676237,,,,,,,,,,,,,,,,,,,,,
2026-09-23.1,test_disagreement,nuPlan,n/a,idm,safety,E_perc_risk,P1,0.1,False,3.0,random,criticality_cheap,True,random,criticality_cheap,0.33333333333333337,,,,,,,,,,,,,,,,,,,,,
2026-09-23.1,test_disagreement,nuPlan,n/a,idm,safety,E_perc_risk,P1,0.2,False,3.0,random,criticality_cheap,True,random,criticality_cheap,0.33333333333333337,,,,,,,,,,,,,,,,,,,,,
2026-09-23.1,test_disagreement,nuPlan,n/a,idm,safety,E_perc_risk,P1,0.3,False,3.0,random,criticality_cheap,True,random,criticality_cheap,0.33333333333333337,,,,,,,,,,,,,,,,,,,,,
2026-09-23.1,test_disagreement,nuPlan,n/a,idm,safety,E_perc_risk,P1,0.5,False,3.0,trivial_ego_speed,criticality_cheap,True,trivial_ego_speed,criticality_cheap,-1.0,,,,,,,,,,,,,,,,,,,,,
2026-09-23.1,test_disagreement,nuPlan,n/a,idm,safety,E_perc_risk,P2,0.1,False,9.0,random|R1_mlp_clf|R1_gbm_clf,gate_ridge,True,random,gate_ridge,-0.10573610652753622,,,,,,,,,,,,,,,,,,,,,
2026-09-23.1,test_disagreement,nuPlan,n/a,idm,safety,E_perc_risk,P2,0.2,False,9.0,random|R1_mlp_clf|R1_gbm_clf,gate_ridge,True,random,gate_ridge,-0.06172133998483676,,,,,,,,,,,,,,,,,,,,,
2026-09-23.1,test_disagreement,nuPlan,n/a,idm,safety,E_perc_risk,P2,0.3,False,9.0,gate_gbm,gate_ridge,True,gate_gbm,gate_ridge,-0.4183300132670378,,,,,,,,,,,,,,,,,,,,,
2026-09-23.1,test_disagreement,nuPlan,n/a,idm,safety,E_perc_risk,P2,0.5,False,9.0,trivial_ego_speed,gate_ridge,True,trivial_ego_speed,gate_ridge,-0.3236694374850748,,,,,,,,,,,,,,,,,,,,,
2026-09-23.1,test_disagreement,nuPlan,n/a,idm,safety,E_perc_risk,old,0.1,False,11.0,random|R1_mlp_clf|R1_gbm_clf,dE_E6_risk_weighted,True,random,dE_E6_risk_weighted,-0.21997067253202995,,,,,,,,,,,,,,,,,,,,,
2026-09-23.1,test_disagreement,nuPlan,n/a,idm,safety,E_perc_risk,old,0.2,False,11.0,random|R1_mlp_clf|R1_gbm_clf,dE_E6_risk_weighted,True,random,dE_E6_risk_weighted,-0.0802572353905128,,,,,,,,,,,,,,,,,,,,,
2026-09-23.1,test_disagreement,nuPlan,n/a,idm,safety,E_perc_risk,old,0.3,False,11.0,gate_gbm,dE_E6_risk_weighted,True,gate_gbm,dE_E6_risk_weighted,-0.3304867113278891,,,,,,,,,,,,,,,,,,,,,
2026-09-23.1,test_disagreement,nuPlan,n/a,idm,safety,E_perc_risk,old,0.5,False,11.0,trivial_ego_speed,dE_E6_risk_weighted,True,trivial_ego_speed,dE_E6_risk_weighted,-0.32394177193585,,,,,,,,,,,,,,,,,,,,,
2026-09-23.1,test_disagreement,nuPlan,n/a,idm,scalar_J,E_perc_dE,P1,0.1,True,3.0,random,random,False,random,random,1.0,,,,,,,,,,,,,,,,,,,,,
2026-09-23.1,test_disagreement,nuPlan,n/a,idm,scalar_J,E_perc_dE,P1,0.2,True,3.0,random,random,False,random,random,0.33333333333333337,,,,,,,,,,,,,,,,,,,,,
2026-09-23.1,test_disagreement,nuPlan,n/a,idm,scalar_J,E_perc_dE,P1,0.3,True,3.0,random,random,False,random,random,0.33333333333333337,,,,,,,,,,,,,,,,,,,,,
2026-09-23.1,test_disagreement,nuPlan,n/a,idm,scalar_J,E_perc_dE,P1,0.5,True,3.0,trivial_ego_speed,random,True,trivial_ego_speed,random,0.33333333333333337,,,,,,,,,,,,,,,,,,,,,
2026-09-23.1,test_disagreement,nuPlan,n/a,idm,scalar_J,E_perc_dE,P2,0.1,True,9.0,R1_mlp_clf,gate_ridge,True,R1_mlp_clf,gate_ridge,0.0,,,,,,,,,,,,,,,,,,,,,
2026-09-23.1,test_disagreement,nuPlan,n/a,idm,scalar_J,E_perc_dE,P2,0.2,True,9.0,R1_mlp_clf,R1_gbm_clf,True,R1_mlp_clf,R1_gbm_clf,0.14085904245475275,,,,,,,,,,,,,,,,,,,,,
2026-09-23.1,test_disagreement,nuPlan,n/a,idm,scalar_J,E_perc_dE,P2,0.3,True,9.0,R1_mlp_clf,R1_gbm_reg,True,R1_mlp_clf,R1_gbm_reg,0.11428571428571428,,,,,,,,,,,,,,,,,,,,,
2026-09-23.1,test_disagreement,nuPlan,n/a,idm,scalar_J,E_perc_dE,P2,0.5,True,9.0,R1_gbm_clf,gate_ridge,True,R1_gbm_clf,gate_ridge,-0.16666666666666666,,,,,,,,,,,,,,,,,,,,,
2026-09-23.1,test_disagreement,nuPlan,n/a,idm,scalar_J,E_perc_dE,old,0.1,True,11.0,R1_mlp_clf,dE_E1_fn_only,True,R1_mlp_clf,dE_E1_fn_only,0.06030226891555272,,,,,,,,,,,,,,,,,,,,,
2026-09-23.1,test_disagreement,nuPlan,n/a,idm,scalar_J,E_perc_dE,old,0.2,True,11.0,R1_mlp_clf,dE_E1_fn_only,True,R1_mlp_clf,dE_E1_fn_only,0.11009637651263605,,,,,,,,,,,,,,,,,,,,,
2026-09-23.1,test_disagreement,nuPlan,n/a,idm,scalar_J,E_perc_dE,old,0.3,True,11.0,R1_mlp_clf,dE_E1_fn_only,True,R1_mlp_clf,dE_E1_fn_only,0.09259259259259259,,,,,,,,,,,,,,,,,,,,,
2026-09-23.1,test_disagreement,nuPlan,n/a,idm,scalar_J,E_perc_dE,old,0.5,True,11.0,R1_gbm_clf,dE_E1_fn_only,True,R1_gbm_clf,dE_E1_fn_only,-0.2,,,,,,,,,,,,,,,,,,,,,
2026-09-23.1,test_disagreement,nuPlan,n/a,idm,scalar_J,E_perc_risk,P1,0.1,True,3.0,random,criticality_cheap,True,random,criticality_cheap,0.33333333333333337,,,,,,,,,,,,,,,,,,,,,
2026-09-23.1,test_disagreement,nuPlan,n/a,idm,scalar_J,E_perc_risk,P1,0.2,True,3.0,random,criticality_cheap,True,random,criticality_cheap,0.33333333333333337,,,,,,,,,,,,,,,,,,,,,
2026-09-23.1,test_disagreement,nuPlan,n/a,idm,scalar_J,E_perc_risk,P1,0.3,True,3.0,random,criticality_cheap,True,random,criticality_cheap,0.33333333333333337,,,,,,,,,,,,,,,,,,,,,
2026-09-23.1,test_disagreement,nuPlan,n/a,idm,scalar_J,E_perc_risk,P1,0.5,True,3.0,trivial_ego_speed,criticality_cheap,True,trivial_ego_speed,criticality_cheap,-1.0,,,,,,,,,,,,,,,,,,,,,
2026-09-23.1,test_disagreement,nuPlan,n/a,idm,scalar_J,E_perc_risk,P2,0.1,True,9.0,R1_mlp_clf,criticality_cheap,True,R1_mlp_clf,criticality_cheap,0.3268602252303067,,,,,,,,,,,,,,,,,,,,,
2026-09-23.1,test_disagreement,nuPlan,n/a,idm,scalar_J,E_perc_risk,P2,0.2,True,9.0,R1_mlp_clf,criticality_cheap,True,R1_mlp_clf,criticality_cheap,0.36623351038235713,,,,,,,,,,,,,,,,,,,,,
2026-09-23.1,test_disagreement,nuPlan,n/a,idm,scalar_J,E_perc_risk,P2,0.3,True,9.0,R1_mlp_clf,criticality_cheap,True,R1_mlp_clf,criticality_cheap,0.3098898934004561,,,,,,,,,,,,,,,,,,,,,
2026-09-23.1,test_disagreement,nuPlan,n/a,idm,scalar_J,E_perc_risk,P2,0.5,True,9.0,R1_gbm_clf,criticality_cheap,True,R1_gbm_clf,criticality_cheap,0.05555555555555555,,,,,,,,,,,,,,,,,,,,,
2026-09-23.1,test_disagreement,nuPlan,n/a,idm,scalar_J,E_perc_risk,old,0.1,True,11.0,R1_mlp_clf,dE_E6_risk_weighted,True,R1_mlp_clf,dE_E6_risk_weighted,0.3417128571881321,,,,,,,,,,,,,,,,,,,,,
2026-09-23.1,test_disagreement,nuPlan,n/a,idm,scalar_J,E_perc_risk,old,0.2,True,11.0,R1_mlp_clf,dE_E6_risk_weighted,True,R1_mlp_clf,dE_E6_risk_weighted,0.2935903373670295,,,,,,,,,,,,,,,,,,,,,
2026-09-23.1,test_disagreement,nuPlan,n/a,idm,scalar_J,E_perc_risk,old,0.3,True,11.0,R1_mlp_clf,dE_E6_risk_weighted,True,R1_mlp_clf,dE_E6_risk_weighted,0.2568915451961508,,,,,,,,,,,,,,,,,,,,,
2026-09-23.1,test_disagreement,nuPlan,n/a,idm,scalar_J,E_perc_risk,old,0.5,True,11.0,R1_gbm_clf,dE_E6_risk_weighted,True,R1_gbm_clf,dE_E6_risk_weighted,-0.018181818181818184,,,,,,,,,,,,,,,,,,,,,
2026-09-23.1,validation_selection,nuScenes,oracle,brake,J,E_perc_dE,P1,0.1,,,,,,,,,636.0,50.0,332.0,True,,trivial_ego_speed,uncertainty,False,9.24960069402452,2.2708180957821487,-6.978782598242372,246.6178238736764,-0.028297965202292406,-0.09118150400535983,0.01970073909242198,-22.48698409533075,4.858553403676176,share interval x the test all-cheap loss,,,
2026-09-23.1,validation_selection,nuScenes,oracle,brake,J,E_perc_dE,P1,0.2,,,,,,,,,636.0,50.0,332.0,True,,trivial_ego_speed,uncertainty,False,10.066686372121431,0.8173319606346463,-9.249354411486784,246.6178238736764,-0.03750480912614219,-0.12938501316520643,0.05822853756203291,-31.908650388670182,14.360195220895182,share interval x the test all-cheap loss,,,
2026-09-23.1,validation_selection,nuScenes,oracle,brake,J,E_perc_dE,P1,0.3,,,,,,,,,636.0,50.0,332.0,True,,trivial_ego_speed,uncertainty,False,19.056865734521214,17.562871202515574,-1.4939945320056403,246.6178238736764,-0.006057934128763136,-0.20162961237686672,0.09610510518849961,-49.72545623287576,23.701231904738542,share interval x the test all-cheap loss,,,
2026-09-23.1,validation_selection,nuScenes,oracle,brake,J,E_perc_dE,P1,0.5,,,,,,,,,636.0,50.0,332.0,True,,trivial_ego_speed,uncertainty,False,37.57640507212051,18.47351972814526,-19.10288534397525,246.6178238736764,-0.0774594676245307,-0.20065225885176258,0.02637040073742171,-49.48442343335931,6.503410844539733,share interval x the test all-cheap loss,,,
2026-09-23.1,validation_selection,nuScenes,oracle,brake,J,E_perc_dE,P2,0.1,,,,,,,,,636.0,50.0,332.0,True,,trivial_ego_speed,uncertainty,False,9.24960069402452,2.2708180957821487,-6.978782598242372,246.6178238736764,-0.028297965202292406,-0.09118150400535983,0.01970073909242198,-22.48698409533075,4.858553403676176,share interval x the test all-cheap loss,,,
2026-09-23.1,validation_selection,nuScenes,oracle,brake,J,E_perc_dE,P2,0.2,,,,,,,,,636.0,50.0,332.0,True,,trivial_ego_speed,uncertainty,False,10.066686372121431,0.8173319606346463,-9.249354411486784,246.6178238736764,-0.03750480912614219,-0.12938501316520643,0.05822853756203291,-31.908650388670182,14.360195220895182,share interval x the test all-cheap loss,,,
2026-09-23.1,validation_selection,nuScenes,oracle,brake,J,E_perc_dE,P2,0.3,,,,,,,,,636.0,50.0,332.0,True,,gate_gbm,uncertainty,False,22.256126969894787,17.562871202515574,-4.693255767379213,246.6178238736764,-0.019030480821139725,-0.20768012547975098,0.10342531747401756,-51.21762060762824,25.506526728886328,share interval x the test all-cheap loss,,,
2026-09-23.1,validation_selection,nuScenes,oracle,brake,J,E_perc_dE,P2,0.5,,,,,,,,,636.0,50.0,332.0,True,,R1_gbm_clf,uncertainty,False,32.98838491481137,18.47351972814526,-14.51486518666611,246.6178238736764,-0.0588557021494966,-0.16114283872341933,0.013178080635526902,-39.74069621879647,3.249949569165479,share interval x the test all-cheap loss,,,
2026-09-23.1,validation_selection,nuScenes,oracle,brake,J,E_perc_risk,P1,0.1,,,,,,,,,636.0,50.0,275.0,True,,trivial_ego_speed,criticality_cheap,False,9.24960069402452,14.605146876484026,5.355546182459506,246.6178238736764,0.021715973721359028,-0.045187711012468934,0.13153350368114936,-11.14409495572765,32.438506444325256,share interval x the test all-cheap loss,,,
2026-09-23.1,validation_selection,nuScenes,oracle,brake,J,E_perc_risk,P1,0.2,,,,,,,,,636.0,50.0,275.0,True,,trivial_ego_speed,criticality_cheap,False,10.066686372121431,22.559239131798254,12.492552759676823,246.6178238736764,0.05065551452629721,-0.0732850137164751,0.15175055452320324,-18.073390605309616,37.42439152813606,share interval x the test all-cheap loss,,,
2026-09-23.1,validation_selection,nuScenes,oracle,brake,J,E_perc_risk,P1,0.3,,,,,,,,,636.0,50.0,275.0,True,,trivial_ego_speed,uncertainty,False,19.056865734521214,17.562871202515574,-1.4939945320056403,246.6178238736764,-0.006057934128763136,-0.20162961237686672,0.09610510518849961,-49.72545623287576,23.701231904738542,share interval x the test all-cheap loss,,,
2026-09-23.1,validation_selection,nuScenes,oracle,brake,J,E_perc_risk,P1,0.5,,,,,,,,,636.0,50.0,275.0,True,,trivial_ego_speed,criticality_cheap,False,37.57640507212051,19.552871202515583,-18.023533869604925,246.6178238736764,-0.07308285178461803,-0.19626115842587197,0.035605833372886,-48.40149980191539,8.78103314362987,share interval x the test all-cheap loss,,,
2026-09-23.1,validation_selection,nuScenes,oracle,brake,J,E_perc_risk,P2,0.1,,,,,,,,,636.0,50.0,275.0,True,,trivial_ego_speed,criticality_cheap,False,9.24960069402452,14.605146876484026,5.355546182459506,246.6178238736764,0.021715973721359028,-0.045187711012468934,0.13153350368114936,-11.14409495572765,32.438506444325256,share interval x the test all-cheap loss,,,
2026-09-23.1,validation_selection,nuScenes,oracle,brake,J,E_perc_risk,P2,0.2,,,,,,,,,636.0,50.0,275.0,True,,trivial_ego_speed,criticality_cheap,False,10.066686372121431,22.559239131798254,12.492552759676823,246.6178238736764,0.05065551452629721,-0.0732850137164751,0.15175055452320324,-18.073390605309616,37.42439152813606,share interval x the test all-cheap loss,,,
2026-09-23.1,validation_selection,nuScenes,oracle,brake,J,E_perc_risk,P2,0.3,,,,,,,,,636.0,50.0,275.0,True,,gate_gbm,R1_gbm_reg,False,22.256126969894787,15.389004787558902,-6.867122182335885,246.6178238736764,-0.027845198187513773,-0.11388535082282011,0.06041864751112665,-28.086157391014098,14.900315370584769,share interval x the test all-cheap loss,,,
2026-09-23.1,validation_selection,nuScenes,oracle,brake,J,E_perc_risk,P2,0.5,,,,,,,,,636.0,50.0,275.0,True,,R1_gbm_clf,criticality_cheap,False,32.98838491481137,19.552871202515583,-13.435513712295787,246.6178238736764,-0.05447908630958394,-0.1521009128076719,0.016330208246238053,-37.51079612582784,4.027320421091194,share interval x the test all-cheap loss,,,
2026-09-23.1,validation_selection,nuScenes,oracle,plan_ade,JC_ade,E_perc_dE,P1,0.1,,,,,,,,,499.0,254.0,285.0,True,,criticality_cheap,uncertainty,False,-15.393622513049936,-6.806709618110401,8.586912894939534,3015.1530604685695,0.0028479194000204707,-0.003776193410941449,0.013764327539800161,-11.385801119921357,41.50155430692027,share interval x the test all-cheap loss,,,
2026-09-23.1,validation_selection,nuScenes,oracle,plan_ade,JC_ade,E_perc_dE,P1,0.2,,,,,,,,,499.0,254.0,285.0,True,,uncertainty,uncertainty,True,-10.13117536505926,-10.13117536505926,0.0,3015.1530604685695,0.0,0.0,0.0,0.0,0.0,share interval x the test all-cheap loss,,,
2026-09-23.1,validation_selection,nuScenes,oracle,plan_ade,JC_ade,E_perc_dE,P1,0.3,,,,,,,,,499.0,254.0,285.0,True,,uncertainty,uncertainty,True,-16.982811768214983,-16.982811768214983,0.0,3015.1530604685695,0.0,0.0,0.0,0.0,0.0,share interval x the test all-cheap loss,,,
2026-09-23.1,validation_selection,nuScenes,oracle,plan_ade,JC_ade,E_perc_dE,P1,0.5,,,,,,,,,499.0,254.0,285.0,True,,criticality_cheap,uncertainty,False,-17.977412243844782,-7.674945077023561,10.30246716682122,3015.1530604685695,0.003416896907124233,-0.0019453754174658638,0.007649357333598363,-5.86560464373252,23.0639831750168,share interval x the test all-cheap loss,,,
2026-09-23.1,validation_selection,nuScenes,oracle,plan_ade,JC_ade,E_perc_dE,P2,0.1,,,,,,,,,499.0,254.0,285.0,True,,R1_gbm_reg,uncertainty,False,-4.017602014058269,-6.806709618110401,-2.7891076040521314,3015.1530604685695,-0.0009250301885565605,-0.006415484841071937,0.0034291304347013147,-19.343668752947764,10.339353124935585,share interval x the test all-cheap loss,,,
2026-09-23.1,validation_selection,nuScenes,oracle,plan_ade,JC_ade,E_perc_dE,P2,0.2,,,,,,,,,499.0,254.0,285.0,True,,R1_gbm_clf,uncertainty,False,4.562009823131716,-10.13117536505926,-14.693185188190977,3015.1530604685695,-0.004873114198026014,-0.013292183016222632,0.004228461375603664,-40.07796630167201,12.749458257724525,share interval x the test all-cheap loss,,,
2026-09-23.1,validation_selection,nuScenes,oracle,plan_ade,JC_ade,E_perc_dE,P2,0.3,,,,,,,,,499.0,254.0,285.0,True,,R1_gbm_clf,uncertainty,False,7.477677393808512,-16.982811768214983,-24.460489162023496,3015.1530604685695,-0.008112519885880094,-0.01782934537939326,0.0012145250240085666,-53.75820528682873,3.6619788431550924,share interval x the test all-cheap loss,,,
2026-09-23.1,validation_selection,nuScenes,oracle,plan_ade,JC_ade,E_perc_dE,P2,0.5,,,,,,,,,499.0,254.0,285.0,True,,R1_gbm_clf,uncertainty,False,-6.170905272564779,-7.674945077023561,-1.504039804458782,3015.1530604685695,-0.0004988270161731182,-0.012631653618826188,0.005120015905117328,-38.08636906758266,15.437631625962263,share interval x the test all-cheap loss,,,
2026-09-23.1,validation_selection,nuScenes,oracle,plan_ade,JC_ade,E_perc_risk,P1,0.1,,,,,,,,,499.0,254.0,236.0,True,,criticality_cheap,criticality_cheap,True,-15.393622513049936,-15.393622513049936,0.0,3015.1530604685695,0.0,0.0,0.0,0.0,0.0,share interval x the test all-cheap loss,,,
2026-09-23.1,validation_selection,nuScenes,oracle,plan_ade,JC_ade,E_perc_risk,P1,0.2,,,,,,,,,499.0,254.0,236.0,True,,uncertainty,criticality_cheap,False,-10.13117536505926,-23.579383246491254,-13.448207881431994,3015.1530604685695,-0.004460207363185097,-0.01853846937711042,0.0014051018465589076,-55.89632267879734,4.236597132922128,share interval x the test all-cheap loss,,,
2026-09-23.1,validation_selection,nuScenes,oracle,plan_ade,JC_ade,E_perc_risk,P1,0.3,,,,,,,,,499.0,254.0,236.0,True,,uncertainty,criticality_cheap,False,-16.982811768214983,-27.823066102482056,-10.840254334267073,3015.1530604685695,-0.003595258388833648,-0.012913798765748953,0.0031206949461558735,-38.93707987082319,9.40937291769068,share interval x the test all-cheap loss,,,
2026-09-23.1,validation_selection,nuScenes,oracle,plan_ade,JC_ade,E_perc_risk,P1,0.5,,,,,,,,,499.0,254.0,236.0,True,,criticality_cheap,criticality_cheap,True,-17.977412243844782,-17.977412243844782,0.0,3015.1530604685695,0.0,0.0,0.0,0.0,0.0,share interval x the test all-cheap loss,,,
2026-09-23.1,validation_selection,nuScenes,oracle,plan_ade,JC_ade,E_perc_risk,P2,0.1,,,,,,,,,499.0,254.0,236.0,True,,R1_gbm_reg,gate_ridge,False,-4.017602014058269,-13.979121587787853,-9.961519573729584,3015.1530604685695,-0.003303818868877428,-0.008718990077740754,0.0033325306185518462,-26.289089617095126,10.048089893631815,share interval x the test all-cheap loss,,,
2026-09-23.1,validation_selection,nuScenes,oracle,plan_ade,JC_ade,E_perc_risk,P2,0.2,,,,,,,,,499.0,254.0,236.0,True,,R1_gbm_clf,R1_gbm_reg,False,4.562009823131716,-2.9090316538622103,-7.471041476993927,3015.1530604685695,-0.0024778315817349885,-0.007328887290232834,0.0033475880396360127,-22.09771694297473,10.093490322896502,share interval x the test all-cheap loss,,,
2026-09-23.1,validation_selection,nuScenes,oracle,plan_ade,JC_ade,E_perc_risk,P2,0.3,,,,,,,,,499.0,254.0,236.0,True,,R1_gbm_clf,R1_gbm_clf,True,7.477677393808512,7.477677393808512,0.0,3015.1530604685695,0.0,0.0,0.0,0.0,0.0,share interval x the test all-cheap loss,,,
2026-09-23.1,validation_selection,nuScenes,oracle,plan_ade,JC_ade,E_perc_risk,P2,0.5,,,,,,,,,499.0,254.0,236.0,True,,R1_gbm_clf,R1_gbm_clf,True,-6.170905272564779,-6.170905272564779,0.0,3015.1530604685695,0.0,0.0,0.0,0.0,0.0,share interval x the test all-cheap loss,,,
2026-09-23.1,validation_selection,nuScenes,oracle,plan_fde,JC_fde,E_perc_dE,P1,0.1,,,,,,,,,499.0,93.0,285.0,True,,criticality_cheap,uncertainty,False,-21.31748315450096,-5.911409912757139,15.406073241743819,5814.220981124377,0.0026497226871422643,-0.010081300067373055,0.019494773768915254,-58.61490636873101,113.34692266950023,share interval x the test all-cheap loss,,,
2026-09-23.1,validation_selection,nuScenes,oracle,plan_fde,JC_fde,E_perc_dE,P1,0.2,,,,,,,,,499.0,93.0,285.0,True,,trivial_ego_speed,uncertainty,False,6.587119288061954,-4.383930988842852,-10.971050276904807,5814.220981124377,-0.0018869338321542745,-0.014124250370001737,0.013381116640009766,-82.12151284391786,77.8007691192173,share interval x the test all-cheap loss,,,
2026-09-23.1,validation_selection,nuScenes,oracle,plan_fde,JC_fde,E_perc_dE,P1,0.3,,,,,,,,,499.0,93.0,285.0,True,,uncertainty,uncertainty,True,4.739177093198039,4.739177093198039,0.0,5814.220981124377,0.0,0.0,0.0,0.0,0.0,share interval x the test all-cheap loss,,,
2026-09-23.1,validation_selection,nuScenes,oracle,plan_fde,JC_fde,E_perc_dE,P1,0.5,,,,,,,,,499.0,93.0,285.0,True,,criticality_cheap,uncertainty,False,-1.0788057961506299,39.18635466362344,40.26516045977407,5814.220981124377,0.0069252889751685075,-0.0009110935310926396,0.015550801676080375,-5.29729912424552,90.41579737837066,share interval x the test all-cheap loss,,,
2026-09-23.1,validation_selection,nuScenes,oracle,plan_fde,JC_fde,E_perc_dE,P2,0.1,,,,,,,,,499.0,93.0,285.0,True,,criticality_cheap,uncertainty,False,-21.31748315450096,-5.911409912757139,15.406073241743819,5814.220981124377,0.0026497226871422643,-0.010081300067373055,0.019494773768915254,-58.61490636873101,113.34692266950023,share interval x the test all-cheap loss,,,
2026-09-23.1,validation_selection,nuScenes,oracle,plan_fde,JC_fde,E_perc_dE,P2,0.2,,,,,,,,,499.0,93.0,285.0,True,,gate_gbm,uncertainty,False,10.337770963982335,-4.383930988842852,-14.721701952825187,5814.220981124377,-0.002532016240975114,-0.013173148324799674,0.013813457781851696,-76.59159537751371,80.31449605711794,share interval x the test all-cheap loss,,,
2026-09-23.1,validation_selection,nuScenes,oracle,plan_fde,JC_fde,E_perc_dE,P2,0.3,,,,,,,,,499.0,93.0,285.0,True,,gate_gbm,uncertainty,False,32.19969808728832,4.739177093198039,-27.46052099409028,5814.220981124377,-0.004722992311994969,-0.014175340537973766,0.005438143692095626,-82.41856237046999,31.618569152951576,share interval x the test all-cheap loss,,,
2026-09-23.1,validation_selection,nuScenes,oracle,plan_fde,JC_fde,E_perc_dE,P2,0.5,,,,,,,,,499.0,93.0,285.0,True,,R1_gbm_clf,R1_gbm_clf,True,58.59930263586977,58.59930263586977,0.0,5814.220981124377,0.0,0.0,0.0,0.0,0.0,share interval x the test all-cheap loss,,,
2026-09-23.1,validation_selection,nuScenes,oracle,plan_fde,JC_fde,E_perc_risk,P1,0.1,,,,,,,,,499.0,93.0,236.0,True,,criticality_cheap,criticality_cheap,True,-21.31748315450096,-21.31748315450096,0.0,5814.220981124377,0.0,0.0,0.0,0.0,0.0,share interval x the test all-cheap loss,,,
2026-09-23.1,validation_selection,nuScenes,oracle,plan_fde,JC_fde,E_perc_risk,P1,0.2,,,,,,,,,499.0,93.0,236.0,True,,trivial_ego_speed,criticality_cheap,False,6.587119288061954,-38.95649158868481,-45.54361087674677,5814.220981124377,-0.00783314067776271,-0.03095279255258613,0.010214138279258884,-179.96637588363666,59.38725708737265,share interval x the test all-cheap loss,,,
2026-09-23.1,validation_selection,nuScenes,oracle,plan_fde,JC_fde,E_perc_risk,P1,0.3,,,,,,,,,499.0,93.0,236.0,True,,uncertainty,criticality_cheap,False,4.739177093198039,-24.40652333736022,-29.145700430558257,5814.220981124377,-0.0050128298400041104,-0.019196407405198544,0.005080427787070426,-111.61215469751674,29.538729832672164,share interval x the test all-cheap loss,,,
2026-09-23.1,validation_selection,nuScenes,oracle,plan_fde,JC_fde,E_perc_risk,P1,0.5,,,,,,,,,499.0,93.0,236.0,True,,criticality_cheap,criticality_cheap,True,-1.0788057961506299,-1.0788057961506299,0.0,5814.220981124377,0.0,0.0,0.0,0.0,0.0,share interval x the test all-cheap loss,,,
2026-09-23.1,validation_selection,nuScenes,oracle,plan_fde,JC_fde,E_perc_risk,P2,0.1,,,,,,,,,499.0,93.0,236.0,True,,criticality_cheap,gate_ridge,False,-21.31748315450096,-7.585739709495081,13.731743445005879,5814.220981124377,0.0023617512113119545,-0.007781482132163299,0.016979324846500003,-45.24325667706831,98.72154676784676,share interval x the test all-cheap loss,,,
2026-09-23.1,validation_selection,nuScenes,oracle,plan_fde,JC_fde,E_perc_risk,P2,0.2,,,,,,,,,499.0,93.0,236.0,True,,gate_gbm,gate_gbm,True,10.337770963982335,10.337770963982335,0.0,5814.220981124377,0.0,0.0,0.0,0.0,0.0,share interval x the test all-cheap loss,,,
2026-09-23.1,validation_selection,nuScenes,oracle,plan_fde,JC_fde,E_perc_risk,P2,0.3,,,,,,,,,499.0,93.0,236.0,True,,gate_gbm,gate_gbm,True,32.19969808728832,32.19969808728832,0.0,5814.220981124377,0.0,0.0,0.0,0.0,0.0,share interval x the test all-cheap loss,,,
2026-09-23.1,validation_selection,nuScenes,oracle,plan_fde,JC_fde,E_perc_risk,P2,0.5,,,,,,,,,499.0,93.0,236.0,True,,R1_gbm_clf,R1_gbm_clf,True,58.59930263586977,58.59930263586977,0.0,5814.220981124377,0.0,0.0,0.0,0.0,0.0,share interval x the test all-cheap loss,,,
2026-09-23.1,validation_selection,nuScenes,mono,brake,J,E_perc_dE,P1,0.1,,,,,,,,,636.0,84.0,332.0,True,,criticality_cheap,uncertainty,False,15.815512511420753,2.9367853874744396,-12.878727123946312,332.31933917287085,-0.0387540705756124,-0.12162429493048998,0.0004117777166255261,-40.418105318666775,0.1368416986751085,share interval x the test all-cheap loss,,,
2026-09-23.1,validation_selection,nuScenes,mono,brake,J,E_perc_dE,P1,0.2,,,,,,,,,636.0,84.0,332.0,True,,criticality_cheap,uncertainty,False,34.104842666906634,7.402266059817327,-26.702576607089306,332.31933917287085,-0.08035215968336637,-0.16048743109234478,-0.004810007545640407,-53.333077046159666,-1.5984585289837425,share interval x the test all-cheap loss,,,
2026-09-23.1,validation_selection,nuScenes,mono,brake,J,E_perc_dE,P1,0.3,,,,,,,,,636.0,84.0,332.0,True,,criticality_cheap,uncertainty,False,47.60287042637931,25.75852122136154,-21.84434920501777,332.31933917287085,-0.06573300626857123,-0.16255176027505402,0.0004328142803053327,-54.019093555992875,0.14383255561564987,share interval x the test all-cheap loss,,,
2026-09-23.1,validation_selection,nuScenes,mono,brake,J,E_perc_dE,P1,0.5,,,,,,,,,636.0,84.0,332.0,True,,trivial_ego_speed,uncertainty,False,38.7891279923207,24.580772339705227,-14.208355652615474,332.31933917287085,-0.04275512730610107,-0.1832236638460293,0.049643869447473524,-60.88876689014469,16.497617888768676,share interval x the test all-cheap loss,,,
2026-09-23.1,validation_selection,nuScenes,mono,brake,J,E_perc_dE,P2,0.1,,,,,,,,,636.0,84.0,332.0,True,,gate_gbm,uncertainty,False,17.539835188306043,2.9367853874744396,-14.603049800831602,332.31933917287085,-0.04394282269932888,-0.14103974567192237,0.014242736988308241,-46.87023507880301,4.733136943967599,share interval x the test all-cheap loss,,,
2026-09-23.1,validation_selection,nuScenes,mono,brake,J,E_perc_dE,P2,0.2,,,,,,,,,636.0,84.0,332.0,True,,gate_gbm,uncertainty,False,30.090450349185186,7.402266059817327,-22.68818428936786,332.31933917287085,-0.06827223581341314,-0.1579494747468857,0.02628373544492761,-52.48966507058711,8.734593594052907,share interval x the test all-cheap loss,,,
2026-09-23.1,validation_selection,nuScenes,mono,brake,J,E_perc_dE,P2,0.3,,,,,,,,,636.0,84.0,332.0,True,,gate_gbm,uncertainty,False,31.106776286785223,25.75852122136154,-5.3482550654236825,332.31933917287085,-0.016093722016706186,-0.14389235562124839,0.06852415835156014,-47.81821253208099,22.771903020767628,share interval x the test all-cheap loss,,,
2026-09-23.1,validation_selection,nuScenes,mono,brake,J,E_perc_dE,P2,0.5,,,,,,,,,636.0,84.0,332.0,True,,gate_gbm,uncertainty,False,47.94335793712371,24.580772339705227,-23.36258559741848,332.31933917287085,-0.07030161306762042,-0.2186642889805636,0.07543540243547182,-72.66637201472656,25.068643087595568,share interval x the test all-cheap loss,,,
2026-09-23.1,validation_selection,nuScenes,mono,brake,J,E_perc_risk,P1,0.1,,,,,,,,,636.0,84.0,275.0,True,,criticality_cheap,criticality_cheap,True,15.815512511420753,15.815512511420753,0.0,332.31933917287085,0.0,0.0,0.0,0.0,0.0,share interval x the test all-cheap loss,,,
2026-09-23.1,validation_selection,nuScenes,mono,brake,J,E_perc_risk,P1,0.2,,,,,,,,,636.0,84.0,275.0,True,,criticality_cheap,criticality_cheap,True,34.104842666906634,34.104842666906634,0.0,332.31933917287085,0.0,0.0,0.0,0.0,0.0,share interval x the test all-cheap loss,,,
2026-09-23.1,validation_selection,nuScenes,mono,brake,J,E_perc_risk,P1,0.3,,,,,,,,,636.0,84.0,275.0,True,,criticality_cheap,uncertainty,False,47.60287042637931,25.75852122136154,-21.84434920501777,332.31933917287085,-0.06573300626857123,-0.16255176027505402,0.0004328142803053327,-54.019093555992875,0.14383255561564987,share interval x the test all-cheap loss,,,
2026-09-23.1,validation_selection,nuScenes,mono,brake,J,E_perc_risk,P1,0.5,,,,,,,,,636.0,84.0,275.0,True,,trivial_ego_speed,criticality_cheap,False,38.7891279923207,39.76016856366338,0.9710405713426766,332.31933917287085,0.0029220104185316348,-0.09885600921076797,0.0634443146510924,-32.85176365418965,21.083772719126717,share interval x the test all-cheap loss,,,
2026-09-23.1,validation_selection,nuScenes,mono,brake,J,E_perc_risk,P2,0.1,,,,,,,,,636.0,84.0,275.0,True,,gate_gbm,R1_gbm_reg,False,17.539835188306043,0.7730647112081046,-16.76677047709794,332.31933917287085,-0.05045379097957326,-0.14748986204936085,0.022558601863245747,-49.01373349094148,7.49665966385772,share interval x the test all-cheap loss,,,
2026-09-23.1,validation_selection,nuScenes,mono,brake,J,E_perc_risk,P2,0.2,,,,,,,,,636.0,84.0,275.0,True,,gate_gbm,R1_gbm_clf,False,30.090450349185186,31.684975268779063,1.5945249195938764,332.31933917287085,0.0047981707100242296,-0.07845786440298852,0.0793521334274878,-26.073065651315854,26.37024854258022,share interval x the test all-cheap loss,,,
2026-09-23.1,validation_selection,nuScenes,mono,brake,J,E_perc_risk,P2,0.3,,,,,,,,,636.0,84.0,275.0,True,,gate_gbm,R1_gbm_clf,False,31.106776286785223,33.06117071676216,1.95439442997694,332.31933917287085,0.005881073412222554,-0.08626607937394137,0.06521326636316692,-28.66788649058262,21.671629583112036,share interval x the test all-cheap loss,,,
2026-09-23.1,validation_selection,nuScenes,mono,brake,J,E_perc_risk,P2,0.5,,,,,,,,,636.0,84.0,275.0,True,,gate_gbm,R1_gbm_clf,False,47.94335793712371,53.50291920250145,5.559561265377745,332.31933917287085,0.01672957486980825,-0.08581511580879703,0.09348790099986343,-28.518022576622812,31.067837480933388,share interval x the test all-cheap loss,,,
2026-09-23.1,validation_selection,nuScenes,mono,plan_ade,JC_ade,E_perc_dE,P1,0.1,,,,,,,,,499.0,351.0,285.0,True,,criticality_cheap,uncertainty,False,-3.508496990445693,1.1711332038927327,4.679630194338426,2978.375498800933,0.0015712022195396122,-0.008322535512136547,0.015766353306646948,-24.78763585724817,46.95812039395634,share interval x the test all-cheap loss,,,
2026-09-23.1,validation_selection,nuScenes,mono,plan_ade,JC_ade,E_perc_dE,P1,0.2,,,,,,,,,499.0,351.0,285.0,True,,criticality_cheap,uncertainty,False,-10.278597763500667,2.272400951648076,12.550998715148744,2978.375498800933,0.004214041755380294,-0.0014782684091602931,0.014875883521666309,-4.40283841049445,44.30596700394747,share interval x the test all-cheap loss,,,
2026-09-23.1,validation_selection,nuScenes,mono,plan_ade,JC_ade,E_perc_dE,P1,0.3,,,,,,,,,499.0,351.0,285.0,True,,criticality_cheap,uncertainty,False,-17.30407613106461,-3.484997893774201,13.819078237290407,2978.375498800933,0.004639803894053602,-0.005159219171245355,0.014489499404635007,-15.366091972581222,43.15517001665562,share interval x the test all-cheap loss,,,
2026-09-23.1,validation_selection,nuScenes,mono,plan_ade,JC_ade,E_perc_dE,P1,0.5,,,,,,,,,499.0,351.0,285.0,True,,criticality_cheap,uncertainty,False,0.2664794140342045,17.6587771986084,17.392297784574197,2978.375498800933,0.005839524865678011,-0.006763248840912891,0.015898103734430347,-20.143494640068766,47.350522640022966,share interval x the test all-cheap loss,,,
2026-09-23.1,validation_selection,nuScenes,mono,plan_ade,JC_ade,E_perc_dE,P2,0.1,,,,,,,,,499.0,351.0,285.0,True,,criticality_cheap,uncertainty,False,-3.508496990445693,1.1711332038927327,4.679630194338426,2978.375498800933,0.0015712022195396122,-0.008322535512136547,0.015766353306646948,-24.78763585724817,46.95812039395634,share interval x the test all-cheap loss,,,
2026-09-23.1,validation_selection,nuScenes,mono,plan_ade,JC_ade,E_perc_dE,P2,0.2,,,,,,,,,499.0,351.0,285.0,True,,R1_gbm_clf,uncertainty,False,46.780560102099386,2.272400951648076,-44.50815915045131,2978.375498800933,-0.01494377024266077,-0.034762202572112245,0.001282442474549364,-103.53489242513389,3.8195952448194648,share interval x the test all-cheap loss,,,
2026-09-23.1,validation_selection,nuScenes,mono,plan_ade,JC_ade,E_perc_dE,P2,0.3,,,,,,,,,499.0,351.0,285.0,True,,criticality_cheap,uncertainty,False,-17.30407613106461,-3.484997893774201,13.819078237290407,2978.375498800933,0.004639803894053602,-0.005159219171245355,0.014489499404635007,-15.366091972581222,43.15517001665562,share interval x the test all-cheap loss,,,
2026-09-23.1,validation_selection,nuScenes,mono,plan_ade,JC_ade,E_perc_dE,P2,0.5,,,,,,,,,499.0,351.0,285.0,True,,criticality_cheap,uncertainty,False,0.2664794140342045,17.6587771986084,17.392297784574197,2978.375498800933,0.005839524865678011,-0.006763248840912891,0.015898103734430347,-20.143494640068766,47.350522640022966,share interval x the test all-cheap loss,,,
2026-09-23.1,validation_selection,nuScenes,mono,plan_ade,JC_ade,E_perc_risk,P1,0.1,,,,,,,,,499.0,351.0,236.0,True,,criticality_cheap,criticality_cheap,True,-3.508496990445693,-3.508496990445693,0.0,2978.375498800933,0.0,0.0,0.0,0.0,0.0,share interval x the test all-cheap loss,,,
2026-09-23.1,validation_selection,nuScenes,mono,plan_ade,JC_ade,E_perc_risk,P1,0.2,,,,,,,,,499.0,351.0,236.0,True,,criticality_cheap,criticality_cheap,True,-10.278597763500667,-10.278597763500667,0.0,2978.375498800933,0.0,0.0,0.0,0.0,0.0,share interval x the test all-cheap loss,,,
2026-09-23.1,validation_selection,nuScenes,mono,plan_ade,JC_ade,E_perc_risk,P1,0.3,,,,,,,,,499.0,351.0,236.0,True,,criticality_cheap,criticality_cheap,True,-17.30407613106461,-17.30407613106461,0.0,2978.375498800933,0.0,0.0,0.0,0.0,0.0,share interval x the test all-cheap loss,,,
2026-09-23.1,validation_selection,nuScenes,mono,plan_ade,JC_ade,E_perc_risk,P1,0.5,,,,,,,,,499.0,351.0,236.0,True,,criticality_cheap,criticality_cheap,True,0.2664794140342045,0.2664794140342045,0.0,2978.375498800933,0.0,0.0,0.0,0.0,0.0,share interval x the test all-cheap loss,,,
2026-09-23.1,validation_selection,nuScenes,mono,plan_ade,JC_ade,E_perc_risk,P2,0.1,,,,,,,,,499.0,351.0,236.0,True,,criticality_cheap,gate_gbm,False,-3.508496990445693,-1.0753362266268705,2.4331607638188224,2978.375498800933,0.0008169422441187791,-0.007631440529524821,0.010373255432214741,-22.729295493693147,30.89544982211207,share interval x the test all-cheap loss,,,
2026-09-23.1,validation_selection,nuScenes,mono,plan_ade,JC_ade,E_perc_risk,P2,0.2,,,,,,,,,499.0,351.0,236.0,True,,R1_gbm_clf,gate_gbm,False,46.780560102099386,21.564201241624243,-25.216358860475143,2978.375498800933,-0.008466480761283129,-0.028612930590521654,0.005441879151989076,-85.2200514197014,16.207959533719862,share interval x the test all-cheap loss,,,
2026-09-23.1,validation_selection,nuScenes,mono,plan_ade,JC_ade,E_perc_risk,P2,0.3,,,,,,,,,499.0,351.0,236.0,True,,criticality_cheap,gate_gbm,False,-17.30407613106461,21.5851736145243,38.88924974558891,2978.375498800933,0.013057201740091324,0.00017520342373283923,0.026469358752055454,0.5218215845519263,78.83568957609401,share interval x the test all-cheap loss,,,
2026-09-23.1,validation_selection,nuScenes,mono,plan_ade,JC_ade,E_perc_risk,P2,0.5,,,,,,,,,499.0,351.0,236.0,True,,criticality_cheap,R1_gbm_clf,False,0.2664794140342045,61.60306828638018,61.33658887234598,2978.375498800933,0.020593974432384206,-0.0026079221560701337,0.053395300073257754,-7.76737145241939,159.03125348931457,share interval x the test all-cheap loss,,,
2026-09-23.1,validation_selection,nuScenes,mono,plan_fde,JC_fde,E_perc_dE,P1,0.1,,,,,,,,,499.0,146.0,285.0,True,,criticality_cheap,uncertainty,False,-4.483426715369822,-19.51280471714583,-15.029378001776008,5729.766952419244,-0.0026230347807479756,-0.019435519769406207,0.014482392800941914,-111.36099887783458,82.98073566279135,share interval x the test all-cheap loss,,,
2026-09-23.1,validation_selection,nuScenes,mono,plan_fde,JC_fde,E_perc_dE,P1,0.2,,,,,,,,,499.0,146.0,285.0,True,,criticality_cheap,uncertainty,False,-20.76865132701904,-25.811456645217056,-5.042805318198017,5729.766952419244,-0.0008801065313954565,-0.015053164993794237,0.0146238908253239,-86.25112731075646,83.79148636672787,share interval x the test all-cheap loss,,,
2026-09-23.1,validation_selection,nuScenes,mono,plan_fde,JC_fde,E_perc_dE,P1,0.3,,,,,,,,,499.0,146.0,285.0,True,,criticality_cheap,uncertainty,False,-31.934880170640625,-44.482080614431304,-12.547200443790679,5729.766952419244,-0.002189827360865515,-0.015775334731740382,0.011886735818145344,-90.38899160927754,68.10822606294732,share interval x the test all-cheap loss,,,
2026-09-23.1,validation_selection,nuScenes,mono,plan_fde,JC_fde,E_perc_dE,P1,0.5,,,,,,,,,499.0,146.0,285.0,True,,criticality_cheap,uncertainty,False,-33.45683397211573,25.745401589459682,59.202235561575414,5729.766952419244,0.01033239851693773,-0.007601010446101408,0.020646262566628184,-43.5520184590653,118.29827294523669,share interval x the test all-cheap loss,,,
2026-09-23.1,validation_selection,nuScenes,mono,plan_fde,JC_fde,E_perc_dE,P2,0.1,,,,,,,,,499.0,146.0,285.0,True,,gate_gbm,uncertainty,False,13.034665455921386,-19.51280471714583,-32.54747017306722,5729.766952419244,-0.0056804177976776,-0.027555251524691553,0.015337514504200917,-157.88516955177766,87.88038373842124,share interval x the test all-cheap loss,,,
2026-09-23.1,validation_selection,nuScenes,mono,plan_fde,JC_fde,E_perc_dE,P2,0.2,,,,,,,,,499.0,146.0,285.0,True,,R1_gbm_clf,uncertainty,False,61.507604852971056,-25.811456645217056,-87.31906149818812,5729.766952419244,-0.015239548523229191,-0.048224845473482915,0.012284095217620902,-276.3171258794872,70.38500281829553,share interval x the test all-cheap loss,,,
2026-09-23.1,validation_selection,nuScenes,mono,plan_fde,JC_fde,E_perc_dE,P2,0.3,,,,,,,,,499.0,146.0,285.0,True,,R1_gbm_clf,uncertainty,False,92.22888782691264,-44.482080614431304,-136.71096844134394,5729.766952419244,-0.02385977816839851,-0.05807289146553001,0.009361597040744182,-332.7441343506234,53.639769345921806,share interval x the test all-cheap loss,,,
2026-09-23.1,validation_selection,nuScenes,mono,plan_fde,JC_fde,E_perc_dE,P2,0.5,,,,,,,,,499.0,146.0,285.0,True,,R1_gbm_clf,uncertainty,False,99.81823171467333,25.745401589459682,-74.07283012521364,5729.766952419244,-0.012927721273888517,-0.05256753751295872,0.013550437493373627,-301.1997392118098,77.64084894035487,share interval x the test all-cheap loss,,,
2026-09-23.1,validation_selection,nuScenes,mono,plan_fde,JC_fde,E_perc_risk,P1,0.1,,,,,,,,,499.0,146.0,236.0,True,,criticality_cheap,criticality_cheap,True,-4.483426715369822,-4.483426715369822,0.0,5729.766952419244,0.0,0.0,0.0,0.0,0.0,share interval x the test all-cheap loss,,,
2026-09-23.1,validation_selection,nuScenes,mono,plan_fde,JC_fde,E_perc_risk,P1,0.2,,,,,,,,,499.0,146.0,236.0,True,,criticality_cheap,criticality_cheap,True,-20.76865132701904,-20.76865132701904,0.0,5729.766952419244,0.0,0.0,0.0,0.0,0.0,share interval x the test all-cheap loss,,,
2026-09-23.1,validation_selection,nuScenes,mono,plan_fde,JC_fde,E_perc_risk,P1,0.3,,,,,,,,,499.0,146.0,236.0,True,,criticality_cheap,criticality_cheap,True,-31.934880170640625,-31.934880170640625,0.0,5729.766952419244,0.0,0.0,0.0,0.0,0.0,share interval x the test all-cheap loss,,,
2026-09-23.1,validation_selection,nuScenes,mono,plan_fde,JC_fde,E_perc_risk,P1,0.5,,,,,,,,,499.0,146.0,236.0,True,,criticality_cheap,criticality_cheap,True,-33.45683397211573,-33.45683397211573,0.0,5729.766952419244,0.0,0.0,0.0,0.0,0.0,share interval x the test all-cheap loss,,,
2026-09-23.1,validation_selection,nuScenes,mono,plan_fde,JC_fde,E_perc_risk,P2,0.1,,,,,,,,,499.0,146.0,236.0,True,,gate_gbm,gate_gbm,True,13.034665455921386,13.034665455921386,0.0,5729.766952419244,0.0,0.0,0.0,0.0,0.0,share interval x the test all-cheap loss,,,
2026-09-23.1,validation_selection,nuScenes,mono,plan_fde,JC_fde,E_perc_risk,P2,0.2,,,,,,,,,499.0,146.0,236.0,True,,R1_gbm_clf,criticality_cheap,False,61.507604852971056,-20.76865132701904,-82.2762561799901,5729.766952419244,-0.014359441991833734,-0.043245804368799046,0.006125243607170582,-247.78838070313256,35.09621839588324,share interval x the test all-cheap loss,,,
2026-09-23.1,validation_selection,nuScenes,mono,plan_fde,JC_fde,E_perc_risk,P2,0.3,,,,,,,,,499.0,146.0,236.0,True,,R1_gbm_clf,R1_gbm_clf,True,92.22888782691264,92.22888782691264,0.0,5729.766952419244,0.0,0.0,0.0,0.0,0.0,share interval x the test all-cheap loss,,,
2026-09-23.1,validation_selection,nuScenes,mono,plan_fde,JC_fde,E_perc_risk,P2,0.5,,,,,,,,,499.0,146.0,236.0,True,,R1_gbm_clf,R1_gbm_clf,True,99.81823171467333,99.81823171467333,0.0,5729.766952419244,0.0,0.0,0.0,0.0,0.0,share interval x the test all-cheap loss,,,
2026-09-23.1,validation_selection,KITTI,oracle,brake,J,E_perc_dE,P1,0.1,,,,,,,,,1152.0,101.0,911.0,True,,trivial_ego_speed,uncertainty,False,690.0716869995234,-21.07260998216102,-711.1442969816844,4585.479391436285,-0.15508613958876313,-0.297676141201037,-0.017417412799435296,-1364.987810799633,-79.86718744394913,share interval x the test all-cheap loss,,,
2026-09-23.1,validation_selection,KITTI,oracle,brake,J,E_perc_dE,P1,0.2,,,,,,,,,1152.0,101.0,911.0,True,,trivial_ego_speed,uncertainty,False,1042.0979198767204,-18.885588758039184,-1060.9835086347596,4585.479391436285,-0.23137897219998918,-0.41444702084227897,-0.04375951957513573,-1900.438272914435,-200.6583751909376,share interval x the test all-cheap loss,,,
2026-09-23.1,validation_selection,KITTI,oracle,brake,J,E_perc_dE,P1,0.3,,,,,,,,,1152.0,101.0,911.0,True,,trivial_ego_speed,uncertainty,False,1108.099202215817,73.17113818306082,-1034.9280640327563,4585.479391436285,-0.22569680848758353,-0.48816488493165,-0.013112626069915409,-2238.4700194769466,-60.12767661120728,share interval x the test all-cheap loss,,,
2026-09-23.1,validation_selection,KITTI,oracle,brake,J,E_perc_dE,P1,0.5,,,,,,,,,1152.0,101.0,911.0,True,,trivial_ego_speed,criticality_cheap,False,1155.5245886702235,96.99125717346728,-1058.533331496756,4585.479391436285,-0.23084463828877821,-0.527067059385286,0.03911036675397536,-2416.8551387161538,179.33978074186888,share interval x the test all-cheap loss,,,
2026-09-23.1,validation_selection,KITTI,oracle,brake,J,E_perc_dE,P2,0.1,,,,,,,,,1152.0,101.0,911.0,True,,gate_gbm,uncertainty,False,130.52330591838378,-21.07260998216102,-151.5959159005448,4585.479391436285,-0.03305999285127334,-0.20323838991810034,-0.009243690104951336,-931.9454485181412,-42.38675047707787,share interval x the test all-cheap loss,,,
2026-09-23.1,validation_selection,KITTI,oracle,brake,J,E_perc_dE,P2,0.2,,,,,,,,,1152.0,101.0,911.0,True,,gate_gbm,uncertainty,False,317.69027601647804,-18.885588758039184,-336.57586477451724,4585.479391436285,-0.07340036581629765,-0.2545622286429145,-0.02482885030076869,-1167.2898532801762,-113.85218136723145,share interval x the test all-cheap loss,,,
2026-09-23.1,validation_selection,KITTI,oracle,brake,J,E_perc_dE,P2,0.3,,,,,,,,,1152.0,101.0,911.0,True,,trivial_ego_speed,uncertainty,False,1108.099202215817,73.17113818306082,-1034.9280640327563,4585.479391436285,-0.22569680848758353,-0.48816488493165,-0.013112626069915409,-2238.4700194769466,-60.12767661120728,share interval x the test all-cheap loss,,,
2026-09-23.1,validation_selection,KITTI,oracle,brake,J,E_perc_dE,P2,0.5,,,,,,,,,1152.0,101.0,911.0,True,,trivial_ego_speed,criticality_cheap,False,1155.5245886702235,96.99125717346728,-1058.533331496756,4585.479391436285,-0.23084463828877821,-0.527067059385286,0.03911036675397536,-2416.8551387161538,179.33978074186888,share interval x the test all-cheap loss,,,
2026-09-23.1,validation_selection,KITTI,oracle,brake,J,E_perc_risk,P1,0.1,,,,,,,,,1152.0,101.0,692.0,True,,trivial_ego_speed,criticality_cheap,False,690.0716869995234,21.257980139293245,-668.8137068602301,4585.479391436285,-0.14585469691768502,-0.28788066981906923,0.010676036961693868,-1320.0708786482157,48.95474747005929,share interval x the test all-cheap loss,,,
2026-09-23.1,validation_selection,KITTI,oracle,brake,J,E_perc_risk,P1,0.2,,,,,,,,,1152.0,101.0,692.0,True,,trivial_ego_speed,criticality_cheap,False,1042.0979198767204,-21.00039852858263,-1063.098318405303,4585.479391436285,-0.23184016929412354,-0.40673402847785506,-0.02636698992922024,-1865.0705053810636,-120.90528893464749,share interval x the test all-cheap loss,,,
2026-09-23.1,validation_selection,KITTI,oracle,brake,J,E_perc_risk,P1,0.3,,,,,,,,,1152.0,101.0,692.0,True,,trivial_ego_speed,criticality_cheap,False,1108.099202215817,132.483874730411,-975.615327485406,4585.479391436285,-0.21276190430763647,-0.48517515929764526,-0.024803052126916927,-2224.7606941961694,-113.73388437269749,share interval x the test all-cheap loss,,,
2026-09-23.1,validation_selection,KITTI,oracle,brake,J,E_perc_risk,P1,0.5,,,,,,,,,1152.0,101.0,692.0,True,,trivial_ego_speed,criticality_cheap,False,1155.5245886702235,96.99125717346728,-1058.533331496756,4585.479391436285,-0.23084463828877821,-0.527067059385286,0.03911036675397536,-2416.8551387161538,179.33978074186888,share interval x the test all-cheap loss,,,
2026-09-23.1,validation_selection,KITTI,oracle,brake,J,E_perc_risk,P2,0.1,,,,,,,,,1152.0,101.0,692.0,True,,gate_gbm,criticality_cheap,False,130.52330591838378,21.257980139293245,-109.26532577909055,4585.479391436285,-0.023828550180195217,-0.18518964873620972,0.00785720650091143,-849.1833177872144,36.029058484188575,share interval x the test all-cheap loss,,,
2026-09-23.1,validation_selection,KITTI,oracle,brake,J,E_perc_risk,P2,0.2,,,,,,,,,1152.0,101.0,692.0,True,,gate_gbm,criticality_cheap,False,317.69027601647804,-21.00039852858263,-338.6906745450607,4585.479391436285,-0.07386156291043201,-0.2562875517175094,-0.02758508789214892,-1175.2012866823004,-126.49085204040746,share interval x the test all-cheap loss,,,
2026-09-23.1,validation_selection,KITTI,oracle,brake,J,E_perc_risk,P2,0.3,,,,,,,,,1152.0,101.0,692.0,True,,trivial_ego_speed,criticality_cheap,False,1108.099202215817,132.483874730411,-975.615327485406,4585.479391436285,-0.21276190430763647,-0.48517515929764526,-0.024803052126916927,-2224.7606941961694,-113.73388437269749,share interval x the test all-cheap loss,,,
2026-09-23.1,validation_selection,KITTI,oracle,brake,J,E_perc_risk,P2,0.5,,,,,,,,,1152.0,101.0,692.0,True,,trivial_ego_speed,criticality_cheap,False,1155.5245886702235,96.99125717346728,-1058.533331496756,4585.479391436285,-0.23084463828877821,-0.527067059385286,0.03911036675397536,-2416.8551387161538,179.33978074186888,share interval x the test all-cheap loss,,,
2026-09-23.1,validation_selection,KITTI,oracle,traj,JB,E_perc_dE,P1,0.1,,,,,,,,,1152.0,80.0,911.0,True,,trivial_ego_speed,uncertainty,False,257.44134502609626,-1.064056192871035,-258.5054012189673,1799.2805109286678,-0.1436715396231042,-0.355073713667311,0.024377328879881942,-638.8772129446588,43.86165276207015,share interval x the test all-cheap loss,,,
2026-09-23.1,validation_selection,KITTI,oracle,traj,JB,E_perc_dE,P1,0.2,,,,,,,,,1152.0,80.0,911.0,True,,trivial_ego_speed,uncertainty,False,745.9956458393898,29.246456618862855,-716.7491892205269,1799.2805109286678,-0.3983532222280277,-0.553777072615503,0.01210825544743218,-996.4002941562043,21.786148047910597,share interval x the test all-cheap loss,,,
2026-09-23.1,validation_selection,KITTI,oracle,traj,JB,E_perc_dE,P1,0.3,,,,,,,,,1152.0,80.0,911.0,True,,trivial_ego_speed,uncertainty,False,857.7055908287927,46.26045840449857,-811.4451324242941,1799.2805109286678,-0.4509831165822391,-0.646627677411076,-0.00011524481261789475,-1163.4645777928185,-0.20735774532900425,share interval x the test all-cheap loss,,,
2026-09-23.1,validation_selection,KITTI,oracle,traj,JB,E_perc_dE,P1,0.5,,,,,,,,,1152.0,80.0,911.0,True,,trivial_ego_speed,criticality_cheap,False,934.0169907732816,46.63919140425172,-887.3777993690298,1799.2805109286678,-0.4931848002460856,-0.6341604660593358,-0.02797190222211138,-1141.032567382004,-50.329298521847306,share interval x the test all-cheap loss,,,
2026-09-23.1,validation_selection,KITTI,oracle,traj,JB,E_perc_dE,P2,0.1,,,,,,,,,1152.0,80.0,911.0,True,,gate_gbm,uncertainty,False,315.19887292364695,-1.064056192871035,-316.26292911651797,1799.2805109286678,-0.1757718861486941,-0.30779283567000076,-0.030704089829831274,-553.8056506245025,-55.245270436618526,share interval x the test all-cheap loss,,,
2026-09-23.1,validation_selection,KITTI,oracle,traj,JB,E_perc_dE,P2,0.2,,,,,,,,,1152.0,80.0,911.0,True,,R1_mlp_clf,uncertainty,False,320.32471419544504,29.246456618862855,-291.0782575765822,1799.2805109286678,-0.16177480710128248,-0.31686518141665715,-0.0214354449288949,-570.1293455148679,-38.56837830364534,share interval x the test all-cheap loss,,,
2026-09-23.1,validation_selection,KITTI,oracle,traj,JB,E_perc_dE,P2,0.3,,,,,,,,,1152.0,80.0,911.0,True,,R1_mlp_clf,uncertainty,False,589.5510324831423,46.26045840449857,-543.2905740786438,1799.2805109286678,-0.3019487905186244,-0.38628096839866893,-0.02347622462315456,-695.0278181823776,-42.240313434625705,share interval x the test all-cheap loss,,,
2026-09-23.1,validation_selection,KITTI,oracle,traj,JB,E_perc_dE,P2,0.5,,,,,,,,,1152.0,80.0,911.0,True,,trivial_ego_speed,criticality_cheap,False,934.0169907732816,46.63919140425172,-887.3777993690298,1799.2805109286678,-0.4931848002460856,-0.6341604660593358,-0.02797190222211138,-1141.032567382004,-50.329298521847306,share interval x the test all-cheap loss,,,
2026-09-23.1,validation_selection,KITTI,oracle,traj,JB,E_perc_risk,P1,0.1,,,,,,,,,1152.0,80.0,692.0,True,,trivial_ego_speed,criticality_cheap,False,257.44134502609626,1.3033971600892438,-256.13794786600704,1799.2805109286678,-0.14235576182271092,-0.3539190011782057,0.006640361140299412,-636.7995612672858,11.947872385268797,share interval x the test all-cheap loss,,,
2026-09-23.1,validation_selection,KITTI,oracle,traj,JB,E_perc_risk,P1,0.2,,,,,,,,,1152.0,80.0,692.0,True,,trivial_ego_speed,criticality_cheap,False,745.9956458393898,14.321551008629967,-731.6740948307598,1799.2805109286678,-0.40664815207336336,-0.5809167944207517,0.0014737411287403484,-1045.232266672414,2.651673691096526,share interval x the test all-cheap loss,,,
2026-09-23.1,validation_selection,KITTI,oracle,traj,JB,E_perc_risk,P1,0.3,,,,,,,,,1152.0,80.0,692.0,True,,trivial_ego_speed,criticality_cheap,False,857.7055908287927,14.300965740692336,-843.4046250881003,1799.2805109286678,-0.4687454901919609,-0.6881434575945693,-0.02000822995689023,-1238.1631119729766,-36.00041821961173,share interval x the test all-cheap loss,,,
2026-09-23.1,validation_selection,KITTI,oracle,traj,JB,E_perc_risk,P1,0.5,,,,,,,,,1152.0,80.0,692.0,True,,trivial_ego_speed,criticality_cheap,False,934.0169907732816,46.63919140425172,-887.3777993690298,1799.2805109286678,-0.4931848002460856,-0.6341604660593358,-0.02797190222211138,-1141.032567382004,-50.329298521847306,share interval x the test all-cheap loss,,,
2026-09-23.1,validation_selection,KITTI,oracle,traj,JB,E_perc_risk,P2,0.1,,,,,,,,,1152.0,80.0,692.0,True,,gate_gbm,criticality_cheap,False,315.19887292364695,1.3033971600892438,-313.8954757635577,1799.2805109286678,-0.17445610834830083,-0.30763911265321897,-0.03065683585708094,-553.5290597963258,-55.1602472843849,share interval x the test all-cheap loss,,,
2026-09-23.1,validation_selection,KITTI,oracle,traj,JB,E_perc_risk,P2,0.2,,,,,,,,,1152.0,80.0,692.0,True,,R1_mlp_clf,criticality_cheap,False,320.32471419544504,14.321551008629967,-306.0031631868151,1799.2805109286678,-0.17006973694661806,-0.3303048056563691,-0.020525393595545175,-594.3109994835861,-36.93094067560453,share interval x the test all-cheap loss,,,
2026-09-23.1,validation_selection,KITTI,oracle,traj,JB,E_perc_risk,P2,0.3,,,,,,,,,1152.0,80.0,692.0,True,,R1_mlp_clf,criticality_cheap,False,589.5510324831423,14.300965740692336,-575.2500667424499,1799.2805109286678,-0.3197111641283462,-0.412521278210178,-0.022485246895306638,-742.2414962269562,-40.45726652214457,share interval x the test all-cheap loss,,,
2026-09-23.1,validation_selection,KITTI,oracle,traj,JB,E_perc_risk,P2,0.5,,,,,,,,,1152.0,80.0,692.0,True,,trivial_ego_speed,criticality_cheap,False,934.0169907732816,46.63919140425172,-887.3777993690298,1799.2805109286678,-0.4931848002460856,-0.6341604660593358,-0.02797190222211138,-1141.032567382004,-50.329298521847306,share interval x the test all-cheap loss,,,
2026-09-23.1,validation_selection,KITTI,mono,brake,J,E_perc_dE,P1,0.1,,,,,,,,,1152.0,164.0,911.0,True,,trivial_ego_speed,uncertainty,False,603.9412952314217,42.82297090796629,-561.1183243234555,7904.410690898589,-0.07098800230225215,-0.16194490124292546,0.000934235088077763,-1280.0790087210962,7.384577818014455,share interval x the test all-cheap loss,,,
2026-09-23.1,validation_selection,KITTI,mono,brake,J,E_perc_dE,P1,0.2,,,,,,,,,1152.0,164.0,911.0,True,,trivial_ego_speed,uncertainty,False,922.2477048672957,79.68367143431723,-842.5640334329785,7904.410690898589,-0.1065941619661964,-0.23422738025812395,-0.0007989290226699235,-1851.429408613484,-6.315063108061304,share interval x the test all-cheap loss,,,
2026-09-23.1,validation_selection,KITTI,mono,brake,J,E_perc_dE,P1,0.3,,,,,,,,,1152.0,164.0,911.0,True,,trivial_ego_speed,uncertainty,False,985.5175845326689,-16.654315045587083,-1002.171899578256,7904.410690898589,-0.12678641568209395,-0.3057270462257518,-0.00534056211132629,-2416.5921326836797,-42.21399624817547,share interval x the test all-cheap loss,,,
2026-09-23.1,validation_selection,KITTI,mono,brake,J,E_perc_dE,P1,0.5,,,,,,,,,1152.0,164.0,911.0,True,,trivial_ego_speed,criticality_cheap,False,971.1578230889695,-38.59536871146837,-1009.7531918004379,7904.410690898589,-0.12774553743305653,-0.3216890875849782,-0.005895131160029988,-2542.7626630521145,-46.59753776559044,share interval x the test all-cheap loss,,,
2026-09-23.1,validation_selection,KITTI,mono,brake,J,E_perc_dE,P2,0.1,,,,,,,,,1152.0,164.0,911.0,True,,gate_gbm,uncertainty,False,119.88213108588515,42.82297090796629,-77.05916017791887,7904.410690898589,-0.009748881123629803,-0.07449323646371583,0.00023914474210886644,-588.825134703432,1.8902982561975097,share interval x the test all-cheap loss,,,
2026-09-23.1,validation_selection,KITTI,mono,brake,J,E_perc_dE,P2,0.2,,,,,,,,,1152.0,164.0,911.0,True,,gate_gbm,uncertainty,False,297.3944267435963,79.68367143431723,-217.71075530927905,7904.410690898589,-0.027542945808719015,-0.12641372113034255,-0.006359528957779129,-999.2259687789525,-50.26832868294851,share interval x the test all-cheap loss,,,
2026-09-23.1,validation_selection,KITTI,mono,brake,J,E_perc_dE,P2,0.3,,,,,,,,,1152.0,164.0,911.0,True,,gate_gbm,uncertainty,False,497.7651829558463,-16.654315045587083,-514.4194980014333,7904.410690898589,-0.06508005696031884,-0.17518009803304302,-0.012344005175133807,-1384.6954397250481,-97.57208647483516,share interval x the test all-cheap loss,,,
2026-09-23.1,validation_selection,KITTI,mono,brake,J,E_perc_dE,P2,0.5,,,,,,,,,1152.0,164.0,911.0,True,,trivial_ego_speed,criticality_cheap,False,971.1578230889695,-38.59536871146837,-1009.7531918004379,7904.410690898589,-0.12774553743305653,-0.3216890875849782,-0.005895131160029988,-2542.7626630521145,-46.59753776559044,share interval x the test all-cheap loss,,,
2026-09-23.1,validation_selection,KITTI,mono,brake,J,E_perc_risk,P1,0.1,,,,,,,,,1152.0,164.0,692.0,True,,trivial_ego_speed,criticality_cheap,False,603.9412952314217,113.9266798236312,-490.0146154077905,7904.410690898589,-0.061992555115084065,-0.1534110701520109,0.024525396953166464,-1212.6241030117483,193.85880987514068,share interval x the test all-cheap loss,,,
2026-09-23.1,validation_selection,KITTI,mono,brake,J,E_perc_risk,P1,0.2,,,,,,,,,1152.0,164.0,692.0,True,,trivial_ego_speed,criticality_cheap,False,922.2477048672957,166.71945048733352,-755.5282543799622,7904.410690898589,-0.09558312237620743,-0.2228757795046547,0.01145326979234418,-1761.7016942589491,90.5313481923512,share interval x the test all-cheap loss,,,
2026-09-23.1,validation_selection,KITTI,mono,brake,J,E_perc_risk,P1,0.3,,,,,,,,,1152.0,164.0,692.0,True,,trivial_ego_speed,criticality_cheap,False,985.5175845326689,248.14346812091983,-737.3741164117491,7904.410690898589,-0.09328641251659496,-0.289529854460494,0.020884627083041427,-2288.5628769318414,165.08066959062288,share interval x the test all-cheap loss,,,
2026-09-23.1,validation_selection,KITTI,mono,brake,J,E_perc_risk,P1,0.5,,,,,,,,,1152.0,164.0,692.0,True,,trivial_ego_speed,criticality_cheap,False,971.1578230889695,-38.59536871146837,-1009.7531918004379,7904.410690898589,-0.12774553743305653,-0.3216890875849782,-0.005895131160029988,-2542.7626630521145,-46.59753776559044,share interval x the test all-cheap loss,,,
2026-09-23.1,validation_selection,KITTI,mono,brake,J,E_perc_risk,P2,0.1,,,,,,,,,1152.0,164.0,692.0,True,,gate_gbm,criticality_cheap,False,119.88213108588515,113.9266798236312,-5.955451262253945,7904.410690898589,-0.0007534339364617348,-0.06265835980507527,0.01931306997176858,-495.27740911740733,152.65843675892006,share interval x the test all-cheap loss,,,
2026-09-23.1,validation_selection,KITTI,mono,brake,J,E_perc_risk,P2,0.2,,,,,,,,,1152.0,164.0,692.0,True,,gate_gbm,criticality_cheap,False,297.3944267435963,166.71945048733352,-130.67497625626277,7904.410690898589,-0.01653190621873006,-0.11151106950546447,0.010414296220484634,-881.429289952529,82.3188743833835,share interval x the test all-cheap loss,,,
2026-09-23.1,validation_selection,KITTI,mono,brake,J,E_perc_risk,P2,0.3,,,,,,,,,1152.0,164.0,692.0,True,,gate_gbm,criticality_cheap,False,497.7651829558463,248.14346812091983,-249.62171483492645,7904.410690898589,-0.03158005379481984,-0.15843435952285878,0.007898584237581496,-1252.3302452181556,62.433653690502254,share interval x the test all-cheap loss,,,
2026-09-23.1,validation_selection,KITTI,mono,brake,J,E_perc_risk,P2,0.5,,,,,,,,,1152.0,164.0,692.0,True,,trivial_ego_speed,criticality_cheap,False,971.1578230889695,-38.59536871146837,-1009.7531918004379,7904.410690898589,-0.12774553743305653,-0.3216890875849782,-0.005895131160029988,-2542.7626630521145,-46.59753776559044,share interval x the test all-cheap loss,,,
2026-09-23.1,validation_selection,KITTI,mono,traj,JB,E_perc_dE,P1,0.1,,,,,,,,,1152.0,129.0,911.0,True,,random,uncertainty,False,-10.770411787129712,15.155327342556777,25.92573912968649,4693.652775228891,0.005523574148158455,-0.004820095108274958,0.011608368929637557,-22.62385278182196,54.485653042474155,share interval x the test all-cheap loss,,,
2026-09-23.1,validation_selection,KITTI,mono,traj,JB,E_perc_dE,P1,0.2,,,,,,,,,1152.0,129.0,911.0,True,,random,uncertainty,False,-21.510398682205384,36.71982673960186,58.23022542180724,4693.652775228891,0.012406163857949118,-0.004618213845133474,0.022351827811383826,-21.676292230811217,104.91171863834,share interval x the test all-cheap loss,,,
2026-09-23.1,validation_selection,KITTI,mono,traj,JB,E_perc_dE,P1,0.3,,,,,,,,,1152.0,129.0,911.0,True,,trivial_ego_speed,uncertainty,False,-216.44037638344383,38.5617544282257,255.00213081166953,4693.652775228891,0.05432914257259562,-0.009784270760484047,0.08734757329551816,-45.92396960853684,409.9791798080178,share interval x the test all-cheap loss,,,
2026-09-23.1,validation_selection,KITTI,mono,traj,JB,E_perc_dE,P1,0.5,,,,,,,,,1152.0,129.0,911.0,True,,trivial_ego_speed,criticality_cheap,False,-152.1725808516002,50.73154041243476,202.90412126403496,4693.652775228891,0.0432294698778906,-0.019094318625550465,0.07816880060985547,-89.62210160791965,366.897207918762,share interval x the test all-cheap loss,,,
2026-09-23.1,validation_selection,KITTI,mono,traj,JB,E_perc_dE,P2,0.1,,,,,,,,,1152.0,129.0,911.0,True,,gate_ridge,uncertainty,False,61.41632342139338,15.155327342556777,-46.2609960788366,4693.652775228891,-0.009856075490496979,-0.024038005168640925,0.00807782360579539,-112.82604967075791,37.91449918515098,share interval x the test all-cheap loss,,,
2026-09-23.1,validation_selection,KITTI,mono,traj,JB,E_perc_dE,P2,0.2,,,,,,,,,1152.0,129.0,911.0,True,,gate_ridge,uncertainty,False,91.07228810656599,36.71982673960186,-54.352461366964135,4693.652775228891,-0.01157999195292276,-0.030231899576555022,0.004981385615552167,-141.8980393479386,23.380894418921706,share interval x the test all-cheap loss,,,
2026-09-23.1,validation_selection,KITTI,mono,traj,JB,E_perc_dE,P2,0.3,,,,,,,,,1152.0,129.0,911.0,True,,trivial_ego_speed,uncertainty,False,-216.44037638344383,38.5617544282257,255.00213081166953,4693.652775228891,0.05432914257259562,-0.009784270760484047,0.08734757329551816,-45.92396960853684,409.9791798080178,share interval x the test all-cheap loss,,,
2026-09-23.1,validation_selection,KITTI,mono,traj,JB,E_perc_dE,P2,0.5,,,,,,,,,1152.0,129.0,911.0,True,,trivial_ego_speed,criticality_cheap,False,-152.1725808516002,50.73154041243476,202.90412126403496,4693.652775228891,0.0432294698778906,-0.019094318625550465,0.07816880060985547,-89.62210160791965,366.897207918762,share interval x the test all-cheap loss,,,
2026-09-23.1,validation_selection,KITTI,mono,traj,JB,E_perc_risk,P1,0.1,,,,,,,,,1152.0,129.0,692.0,True,,random,criticality_cheap,False,-10.770411787129712,13.375735906666844,24.146147693796557,4693.652775228891,0.005144425642482479,-0.0033049930608107145,0.01487505756423016,-15.512489851986437,69.8183552180384,share interval x the test all-cheap loss,,,
2026-09-23.1,validation_selection,KITTI,mono,traj,JB,E_perc_risk,P1,0.2,,,,,,,,,1152.0,129.0,692.0,True,,random,criticality_cheap,False,-21.510398682205384,47.07195433619164,68.58235301839701,4693.652775228891,0.014611722746161708,-0.002008242739028159,0.03191239794029031,-9.425994105372787,149.78571515665237,share interval x the test all-cheap loss,,,
2026-09-23.1,validation_selection,KITTI,mono,traj,JB,E_perc_risk,P1,0.3,,,,,,,,,1152.0,129.0,692.0,True,,trivial_ego_speed,criticality_cheap,False,-216.44037638344383,96.60828161093633,313.04865799438016,4693.652775228891,0.06669616884455497,-0.012002048503440844,0.09622007009452187,-56.33344826660688,451.623599031871,share interval x the test all-cheap loss,,,
2026-09-23.1,validation_selection,KITTI,mono,traj,JB,E_perc_risk,P1,0.5,,,,,,,,,1152.0,129.0,692.0,True,,trivial_ego_speed,criticality_cheap,False,-152.1725808516002,50.73154041243476,202.90412126403496,4693.652775228891,0.0432294698778906,-0.019094318625550465,0.07816880060985547,-89.62210160791965,366.897207918762,share interval x the test all-cheap loss,,,
2026-09-23.1,validation_selection,KITTI,mono,traj,JB,E_perc_risk,P2,0.1,,,,,,,,,1152.0,129.0,692.0,True,,gate_ridge,criticality_cheap,False,61.41632342139338,13.375735906666844,-48.04058751472654,4693.652775228891,-0.010235223996172957,-0.021333982995225768,0.0070724994582103485,-100.13430849222739,33.19585670983383,share interval x the test all-cheap loss,,,
2026-09-23.1,validation_selection,KITTI,mono,traj,JB,E_perc_risk,P2,0.2,,,,,,,,,1152.0,129.0,692.0,True,,gate_ridge,criticality_cheap,False,91.07228810656599,47.07195433619164,-44.000333770374354,4693.652775228891,-0.009374433064710168,-0.022120602933434895,0.007525034898527648,-103.82642934825304,35.319900935168555,share interval x the test all-cheap loss,,,
2026-09-23.1,validation_selection,KITTI,mono,traj,JB,E_perc_risk,P2,0.3,,,,,,,,,1152.0,129.0,692.0,True,,trivial_ego_speed,criticality_cheap,False,-216.44037638344383,96.60828161093633,313.04865799438016,4693.652775228891,0.06669616884455497,-0.012002048503440844,0.09622007009452187,-56.33344826660688,451.623599031871,share interval x the test all-cheap loss,,,
2026-09-23.1,validation_selection,KITTI,mono,traj,JB,E_perc_risk,P2,0.5,,,,,,,,,1152.0,129.0,692.0,True,,trivial_ego_speed,criticality_cheap,False,-152.1725808516002,50.73154041243476,202.90412126403496,4693.652775228891,0.0432294698778906,-0.019094318625550465,0.07816880060985547,-89.62210160791965,366.897207918762,share interval x the test all-cheap loss,,,
2026-09-23.1,validation_selection,nuPlan,n/a,pdm_closed,safety,E_perc_dE,P1,0.1,,,,,,,,,264.0,4.0,233.0,False,decision value undefined on the validation units,,,,,,,,,,,,,,,,
2026-09-23.1,validation_selection,nuPlan,n/a,pdm_closed,safety,E_perc_dE,P1,0.2,,,,,,,,,264.0,4.0,233.0,False,decision value undefined on the validation units,,,,,,,,,,,,,,,,
2026-09-23.1,validation_selection,nuPlan,n/a,pdm_closed,safety,E_perc_dE,P1,0.3,,,,,,,,,264.0,4.0,233.0,False,decision value undefined on the validation units,,,,,,,,,,,,,,,,
2026-09-23.1,validation_selection,nuPlan,n/a,pdm_closed,safety,E_perc_dE,P1,0.5,,,,,,,,,264.0,4.0,233.0,False,decision value undefined on the validation units,,,,,,,,,,,,,,,,
2026-09-23.1,validation_selection,nuPlan,n/a,pdm_closed,safety,E_perc_dE,P2,0.1,,,,,,,,,264.0,4.0,233.0,False,decision value undefined on the validation units,,,,,,,,,,,,,,,,
2026-09-23.1,validation_selection,nuPlan,n/a,pdm_closed,safety,E_perc_dE,P2,0.2,,,,,,,,,264.0,4.0,233.0,False,decision value undefined on the validation units,,,,,,,,,,,,,,,,
2026-09-23.1,validation_selection,nuPlan,n/a,pdm_closed,safety,E_perc_dE,P2,0.3,,,,,,,,,264.0,4.0,233.0,False,decision value undefined on the validation units,,,,,,,,,,,,,,,,
2026-09-23.1,validation_selection,nuPlan,n/a,pdm_closed,safety,E_perc_dE,P2,0.5,,,,,,,,,264.0,4.0,233.0,False,decision value undefined on the validation units,,,,,,,,,,,,,,,,
2026-09-23.1,validation_selection,nuPlan,n/a,pdm_closed,safety,E_perc_risk,P1,0.1,,,,,,,,,264.0,4.0,181.0,False,decision value undefined on the validation units,,,,,,,,,,,,,,,,
2026-09-23.1,validation_selection,nuPlan,n/a,pdm_closed,safety,E_perc_risk,P1,0.2,,,,,,,,,264.0,4.0,181.0,False,decision value undefined on the validation units,,,,,,,,,,,,,,,,
2026-09-23.1,validation_selection,nuPlan,n/a,pdm_closed,safety,E_perc_risk,P1,0.3,,,,,,,,,264.0,4.0,181.0,False,decision value undefined on the validation units,,,,,,,,,,,,,,,,
2026-09-23.1,validation_selection,nuPlan,n/a,pdm_closed,safety,E_perc_risk,P1,0.5,,,,,,,,,264.0,4.0,181.0,False,decision value undefined on the validation units,,,,,,,,,,,,,,,,
2026-09-23.1,validation_selection,nuPlan,n/a,pdm_closed,safety,E_perc_risk,P2,0.1,,,,,,,,,264.0,4.0,181.0,False,decision value undefined on the validation units,,,,,,,,,,,,,,,,
2026-09-23.1,validation_selection,nuPlan,n/a,pdm_closed,safety,E_perc_risk,P2,0.2,,,,,,,,,264.0,4.0,181.0,False,decision value undefined on the validation units,,,,,,,,,,,,,,,,
2026-09-23.1,validation_selection,nuPlan,n/a,pdm_closed,safety,E_perc_risk,P2,0.3,,,,,,,,,264.0,4.0,181.0,False,decision value undefined on the validation units,,,,,,,,,,,,,,,,
2026-09-23.1,validation_selection,nuPlan,n/a,pdm_closed,safety,E_perc_risk,P2,0.5,,,,,,,,,264.0,4.0,181.0,False,decision value undefined on the validation units,,,,,,,,,,,,,,,,
2026-09-23.1,validation_selection,nuPlan,n/a,pdm_closed,scalar_J,E_perc_dE,P1,0.1,,,,,,,,,264.0,16.0,233.0,True,,criticality_cheap,trivial_ego_speed,False,0.11963684525031305,-0.08922232823250725,-0.2088591734828203,490.3724125650554,-0.00042591950144648874,-0.0913662721558998,0.21420750241112427,-44.803499304164035,105.04144974687793,share interval x the test all-cheap loss,,,
2026-09-23.1,validation_selection,nuPlan,n/a,pdm_closed,scalar_J,E_perc_dE,P1,0.2,,,,,,,,,264.0,16.0,233.0,True,,random,trivial_ego_speed,False,21.713684708372345,34.787054354440485,13.07336964606814,490.3724125650554,0.026660083869081353,-0.07022952162955733,0.238469501280853,-34.43861995477577,116.93886466627747,share interval x the test all-cheap loss,,,
2026-09-23.1,validation_selection,nuPlan,n/a,pdm_closed,scalar_J,E_perc_dE,P1,0.3,,,,,,,,,264.0,16.0,233.0,True,,trivial_ego_speed,trivial_ego_speed,True,96.26739956641188,96.26739956641188,0.0,490.3724125650554,0.0,0.0,0.0,0.0,0.0,share interval x the test all-cheap loss,,,
2026-09-23.1,validation_selection,nuPlan,n/a,pdm_closed,scalar_J,E_perc_dE,P1,0.5,,,,,,,,,264.0,16.0,233.0,True,,criticality_cheap,trivial_ego_speed,False,159.079367509338,108.18583095074437,-50.893536558593624,490.3724125650554,-0.10378548069696278,-0.18487532987037333,0.08271075457855871,-90.65776153229542,40.55907226776404,share interval x the test all-cheap loss,,,
2026-09-23.1,validation_selection,nuPlan,n/a,pdm_closed,scalar_J,E_perc_dE,P2,0.1,,,,,,,,,264.0,16.0,233.0,True,,gate_gbm,trivial_ego_speed,False,107.7624248955391,-0.08922232823250725,-107.85164722377161,490.3724125650554,-0.21993824379234106,-0.33632100297930606,-0.0009875919540700416,-164.9225416272615,-0.4842878491471637,share interval x the test all-cheap loss,,,
2026-09-23.1,validation_selection,nuPlan,n/a,pdm_closed,scalar_J,E_perc_dE,P2,0.2,,,,,,,,,264.0,16.0,233.0,True,,R1_gbm_reg,trivial_ego_speed,False,-2.520987095181009,34.787054354440485,37.30804144962149,490.3724125650554,0.07608103656253706,-0.005684121452007712,0.3026023684447616,-2.7873363497338075,148.38785346215755,share interval x the test all-cheap loss,,,
2026-09-23.1,validation_selection,nuPlan,n/a,pdm_closed,scalar_J,E_perc_dE,P2,0.3,,,,,,,,,264.0,16.0,233.0,True,,R1_mlp_clf,trivial_ego_speed,False,70.574611697282,96.26739956641188,25.692787869129887,490.3724125650554,0.05239443983958079,-0.22330953966766506,0.1337257103596805,-109.50483771562486,65.57539921105236,share interval x the test all-cheap loss,,,
2026-09-23.1,validation_selection,nuPlan,n/a,pdm_closed,scalar_J,E_perc_dE,P2,0.5,,,,,,,,,264.0,16.0,233.0,True,,criticality_cheap,trivial_ego_speed,False,159.079367509338,108.18583095074437,-50.893536558593624,490.3724125650554,-0.10378548069696278,-0.18487532987037333,0.08271075457855871,-90.65776153229542,40.55907226776404,share interval x the test all-cheap loss,,,
2026-09-23.1,validation_selection,nuPlan,n/a,pdm_closed,scalar_J,E_perc_risk,P1,0.1,,,,,,,,,264.0,16.0,181.0,True,,criticality_cheap,trivial_ego_speed,False,0.11963684525031305,-0.08922232823250725,-0.2088591734828203,490.3724125650554,-0.00042591950144648874,-0.0913662721558998,0.21420750241112427,-44.803499304164035,105.04144974687793,share interval x the test all-cheap loss,,,
2026-09-23.1,validation_selection,nuPlan,n/a,pdm_closed,scalar_J,E_perc_risk,P1,0.2,,,,,,,,,264.0,16.0,181.0,True,,random,criticality_cheap,False,21.713684708372345,11.500126437939553,-10.213558270432792,490.3724125650554,-0.020828166529612443,-0.0719723964039859,0.19035258506703226,-35.293277662711084,93.34365637731555,share interval x the test all-cheap loss,,,
2026-09-23.1,validation_selection,nuPlan,n/a,pdm_closed,scalar_J,E_perc_risk,P1,0.3,,,,,,,,,264.0,16.0,181.0,True,,trivial_ego_speed,criticality_cheap,False,96.26739956641188,58.26212013929679,-38.00527942711509,490.3724125650554,-0.07750289056498078,-0.2691444370241562,0.27163093161668117,-131.9810069119991,133.20031526416554,share interval x the test all-cheap loss,,,
2026-09-23.1,validation_selection,nuPlan,n/a,pdm_closed,scalar_J,E_perc_risk,P1,0.5,,,,,,,,,264.0,16.0,181.0,True,,criticality_cheap,trivial_ego_speed,False,159.079367509338,108.18583095074437,-50.893536558593624,490.3724125650554,-0.10378548069696278,-0.18487532987037333,0.08271075457855871,-90.65776153229542,40.55907226776404,share interval x the test all-cheap loss,,,
2026-09-23.1,validation_selection,nuPlan,n/a,pdm_closed,scalar_J,E_perc_risk,P2,0.1,,,,,,,,,264.0,16.0,181.0,True,,gate_gbm,gate_ridge,False,107.7624248955391,125.14687833434535,17.384453438806247,490.3724125650554,0.03545153233207207,-0.0636497655773356,0.16226119844960132,-31.212089105358277,79.56841534942824,share interval x the test all-cheap loss,,,
2026-09-23.1,validation_selection,nuPlan,n/a,pdm_closed,scalar_J,E_perc_risk,P2,0.2,,,,,,,,,264.0,16.0,181.0,True,,R1_gbm_reg,gate_ridge,False,-2.520987095181009,172.46492890730488,174.98591600248588,490.3724125650554,0.3568429045328306,0.0,0.5913522204755927,0.0,289.98281503031893,share interval x the test all-cheap loss,,,
2026-09-23.1,validation_selection,nuPlan,n/a,pdm_closed,scalar_J,E_perc_risk,P2,0.3,,,,,,,,,264.0,16.0,181.0,True,,R1_mlp_clf,gate_ridge,False,70.574611697282,170.11234117656625,99.53772947928425,490.3724125650554,0.20298395041968037,-0.0008365933755602492,0.3058798400271618,-0.41024231190942284,149.99503510913252,share interval x the test all-cheap loss,,,
2026-09-23.1,validation_selection,nuPlan,n/a,pdm_closed,scalar_J,E_perc_risk,P2,0.5,,,,,,,,,264.0,16.0,181.0,True,,criticality_cheap,trivial_ego_speed,False,159.079367509338,108.18583095074437,-50.893536558593624,490.3724125650554,-0.10378548069696278,-0.18487532987037333,0.08271075457855871,-90.65776153229542,40.55907226776404,share interval x the test all-cheap loss,,,
2026-09-23.1,validation_selection,nuPlan,n/a,idm,safety,E_perc_dE,P1,0.1,,,,,,,,,264.0,0.0,233.0,False,decision value undefined on the validation units,,,,,,,,,,,,,,,,
2026-09-23.1,validation_selection,nuPlan,n/a,idm,safety,E_perc_dE,P1,0.2,,,,,,,,,264.0,0.0,233.0,False,decision value undefined on the validation units,,,,,,,,,,,,,,,,
2026-09-23.1,validation_selection,nuPlan,n/a,idm,safety,E_perc_dE,P1,0.3,,,,,,,,,264.0,0.0,233.0,False,decision value undefined on the validation units,,,,,,,,,,,,,,,,
2026-09-23.1,validation_selection,nuPlan,n/a,idm,safety,E_perc_dE,P1,0.5,,,,,,,,,264.0,0.0,233.0,False,decision value undefined on the validation units,,,,,,,,,,,,,,,,
2026-09-23.1,validation_selection,nuPlan,n/a,idm,safety,E_perc_dE,P2,0.1,,,,,,,,,264.0,0.0,233.0,False,decision value undefined on the validation units,,,,,,,,,,,,,,,,
2026-09-23.1,validation_selection,nuPlan,n/a,idm,safety,E_perc_dE,P2,0.2,,,,,,,,,264.0,0.0,233.0,False,decision value undefined on the validation units,,,,,,,,,,,,,,,,
2026-09-23.1,validation_selection,nuPlan,n/a,idm,safety,E_perc_dE,P2,0.3,,,,,,,,,264.0,0.0,233.0,False,decision value undefined on the validation units,,,,,,,,,,,,,,,,
2026-09-23.1,validation_selection,nuPlan,n/a,idm,safety,E_perc_dE,P2,0.5,,,,,,,,,264.0,0.0,233.0,False,decision value undefined on the validation units,,,,,,,,,,,,,,,,
2026-09-23.1,validation_selection,nuPlan,n/a,idm,safety,E_perc_risk,P1,0.1,,,,,,,,,264.0,0.0,181.0,False,decision value undefined on the validation units,,,,,,,,,,,,,,,,
2026-09-23.1,validation_selection,nuPlan,n/a,idm,safety,E_perc_risk,P1,0.2,,,,,,,,,264.0,0.0,181.0,False,decision value undefined on the validation units,,,,,,,,,,,,,,,,
2026-09-23.1,validation_selection,nuPlan,n/a,idm,safety,E_perc_risk,P1,0.3,,,,,,,,,264.0,0.0,181.0,False,decision value undefined on the validation units,,,,,,,,,,,,,,,,
2026-09-23.1,validation_selection,nuPlan,n/a,idm,safety,E_perc_risk,P1,0.5,,,,,,,,,264.0,0.0,181.0,False,decision value undefined on the validation units,,,,,,,,,,,,,,,,
2026-09-23.1,validation_selection,nuPlan,n/a,idm,safety,E_perc_risk,P2,0.1,,,,,,,,,264.0,0.0,181.0,False,decision value undefined on the validation units,,,,,,,,,,,,,,,,
2026-09-23.1,validation_selection,nuPlan,n/a,idm,safety,E_perc_risk,P2,0.2,,,,,,,,,264.0,0.0,181.0,False,decision value undefined on the validation units,,,,,,,,,,,,,,,,
2026-09-23.1,validation_selection,nuPlan,n/a,idm,safety,E_perc_risk,P2,0.3,,,,,,,,,264.0,0.0,181.0,False,decision value undefined on the validation units,,,,,,,,,,,,,,,,
2026-09-23.1,validation_selection,nuPlan,n/a,idm,safety,E_perc_risk,P2,0.5,,,,,,,,,264.0,0.0,181.0,False,decision value undefined on the validation units,,,,,,,,,,,,,,,,
2026-09-23.1,validation_selection,nuPlan,n/a,idm,scalar_J,E_perc_dE,P1,0.1,,,,,,,,,264.0,7.0,233.0,False,decision value undefined on the validation units,,,,,,,,,,,,,,,,
2026-09-23.1,validation_selection,nuPlan,n/a,idm,scalar_J,E_perc_dE,P1,0.2,,,,,,,,,264.0,7.0,233.0,False,decision value undefined on the validation units,,,,,,,,,,,,,,,,
2026-09-23.1,validation_selection,nuPlan,n/a,idm,scalar_J,E_perc_dE,P1,0.3,,,,,,,,,264.0,7.0,233.0,False,decision value undefined on the validation units,,,,,,,,,,,,,,,,
2026-09-23.1,validation_selection,nuPlan,n/a,idm,scalar_J,E_perc_dE,P1,0.5,,,,,,,,,264.0,7.0,233.0,False,decision value undefined on the validation units,,,,,,,,,,,,,,,,
2026-09-23.1,validation_selection,nuPlan,n/a,idm,scalar_J,E_perc_dE,P2,0.1,,,,,,,,,264.0,7.0,233.0,False,decision value undefined on the validation units,,,,,,,,,,,,,,,,
2026-09-23.1,validation_selection,nuPlan,n/a,idm,scalar_J,E_perc_dE,P2,0.2,,,,,,,,,264.0,7.0,233.0,False,decision value undefined on the validation units,,,,,,,,,,,,,,,,
2026-09-23.1,validation_selection,nuPlan,n/a,idm,scalar_J,E_perc_dE,P2,0.3,,,,,,,,,264.0,7.0,233.0,False,decision value undefined on the validation units,,,,,,,,,,,,,,,,
2026-09-23.1,validation_selection,nuPlan,n/a,idm,scalar_J,E_perc_dE,P2,0.5,,,,,,,,,264.0,7.0,233.0,False,decision value undefined on the validation units,,,,,,,,,,,,,,,,
2026-09-23.1,validation_selection,nuPlan,n/a,idm,scalar_J,E_perc_risk,P1,0.1,,,,,,,,,264.0,7.0,181.0,False,decision value undefined on the validation units,,,,,,,,,,,,,,,,
2026-09-23.1,validation_selection,nuPlan,n/a,idm,scalar_J,E_perc_risk,P1,0.2,,,,,,,,,264.0,7.0,181.0,False,decision value undefined on the validation units,,,,,,,,,,,,,,,,
2026-09-23.1,validation_selection,nuPlan,n/a,idm,scalar_J,E_perc_risk,P1,0.3,,,,,,,,,264.0,7.0,181.0,False,decision value undefined on the validation units,,,,,,,,,,,,,,,,
2026-09-23.1,validation_selection,nuPlan,n/a,idm,scalar_J,E_perc_risk,P1,0.5,,,,,,,,,264.0,7.0,181.0,False,decision value undefined on the validation units,,,,,,,,,,,,,,,,
2026-09-23.1,validation_selection,nuPlan,n/a,idm,scalar_J,E_perc_risk,P2,0.1,,,,,,,,,264.0,7.0,181.0,False,decision value undefined on the validation units,,,,,,,,,,,,,,,,
2026-09-23.1,validation_selection,nuPlan,n/a,idm,scalar_J,E_perc_risk,P2,0.2,,,,,,,,,264.0,7.0,181.0,False,decision value undefined on the validation units,,,,,,,,,,,,,,,,
2026-09-23.1,validation_selection,nuPlan,n/a,idm,scalar_J,E_perc_risk,P2,0.3,,,,,,,,,264.0,7.0,181.0,False,decision value undefined on the validation units,,,,,,,,,,,,,,,,
2026-09-23.1,validation_selection,nuPlan,n/a,idm,scalar_J,E_perc_risk,P2,0.5,,,,,,,,,264.0,7.0,181.0,False,decision value undefined on the validation units,,,,,,,,,,,,,,,,
2026-09-23.1,validation_selection_pooled,pooled,,,,E_perc_dE,P1,0.1,,,,,,,,,,,,,,,,,,,,,-0.038841295738123456,-0.06714171415330349,-0.0008696741474499845,,,,11.0,0.0,nuScenes__oracle__brake__J; nuScenes__oracle__plan_ade__JC_ade; nuScenes__oracle__plan_fde__JC_fde; nuScenes__mono__brake__J; nuScenes__mono__plan_ade__JC_ade; nuScenes__mono__plan_fde__JC_fde; KITTI__oracle__brake__J; KITTI__oracle__traj__JB; KITTI__mono__brake__J; KITTI__mono__traj__JB; nuPlan__na__pdm_closed__scalar_J
2026-09-23.1,validation_selection_pooled,pooled,,,,E_perc_dE,P1,0.2,,,,,,,,,,,,,,,,,,,,,-0.07397000691680553,-0.10834353035395843,-0.01044995340226437,,,,11.0,1.0,nuScenes__oracle__brake__J; nuScenes__oracle__plan_ade__JC_ade; nuScenes__oracle__plan_fde__JC_fde; nuScenes__mono__brake__J; nuScenes__mono__plan_ade__JC_ade; nuScenes__mono__plan_fde__JC_fde; KITTI__oracle__brake__J; KITTI__oracle__traj__JB; KITTI__mono__brake__J; KITTI__mono__traj__JB; nuPlan__na__pdm_closed__scalar_J
2026-09-23.1,validation_selection_pooled,pooled,,,,E_perc_dE,P1,0.3,,,,,,,,,,,,,,,,,,,,,-0.0744071056403152,-0.13082127409951275,-0.015511486152373813,,,,11.0,3.0,nuScenes__oracle__brake__J; nuScenes__oracle__plan_ade__JC_ade; nuScenes__oracle__plan_fde__JC_fde; nuScenes__mono__brake__J; nuScenes__mono__plan_ade__JC_ade; nuScenes__mono__plan_fde__JC_fde; KITTI__oracle__brake__J; KITTI__oracle__traj__JB; KITTI__mono__brake__J; KITTI__mono__traj__JB; nuPlan__na__pdm_closed__scalar_J
2026-09-23.1,validation_selection_pooled,pooled,,,,E_perc_dE,P1,0.5,,,,,,,,,,,,,,,,,,,,,-0.09145740658661052,-0.14470517182990456,-0.01688873805985882,,,,11.0,0.0,nuScenes__oracle__brake__J; nuScenes__oracle__plan_ade__JC_ade; nuScenes__oracle__plan_fde__JC_fde; nuScenes__mono__brake__J; nuScenes__mono__plan_ade__JC_ade; nuScenes__mono__plan_fde__JC_fde; KITTI__oracle__brake__J; KITTI__oracle__traj__JB; KITTI__mono__brake__J; KITTI__mono__traj__JB; nuPlan__na__pdm_closed__scalar_J
2026-09-23.1,validation_selection_pooled,pooled,,,,E_perc_dE,P2,0.1,,,,,,,,,,,,,,,,,,,,,-0.04754549003523716,-0.07436858905617522,-0.015805681423198728,,,,11.0,0.0,nuScenes__oracle__brake__J; nuScenes__oracle__plan_ade__JC_ade; nuScenes__oracle__plan_fde__JC_fde; nuScenes__mono__brake__J; nuScenes__mono__plan_ade__JC_ade; nuScenes__mono__plan_fde__JC_fde; KITTI__oracle__brake__J; KITTI__oracle__traj__JB; KITTI__mono__brake__J; KITTI__mono__traj__JB; nuPlan__na__pdm_closed__scalar_J
2026-09-23.1,validation_selection_pooled,pooled,,,,E_perc_dE,P2,0.2,,,,,,,,,,,,,,,,,,,,,-0.031052960751011934,-0.07425610312187633,-0.0041858518648350855,,,,11.0,0.0,nuScenes__oracle__brake__J; nuScenes__oracle__plan_ade__JC_ade; nuScenes__oracle__plan_fde__JC_fde; nuScenes__mono__brake__J; nuScenes__mono__plan_ade__JC_ade; nuScenes__mono__plan_fde__JC_fde; KITTI__oracle__brake__J; KITTI__oracle__traj__JB; KITTI__mono__brake__J; KITTI__mono__traj__JB; nuPlan__na__pdm_closed__scalar_J
2026-09-23.1,validation_selection_pooled,pooled,,,,E_perc_dE,P2,0.3,,,,,,,,,,,,,,,,,,,,,-0.05028925116949237,-0.10961785278899848,-0.013785167898676565,,,,11.0,0.0,nuScenes__oracle__brake__J; nuScenes__oracle__plan_ade__JC_ade; nuScenes__oracle__plan_fde__JC_fde; nuScenes__mono__brake__J; nuScenes__mono__plan_ade__JC_ade; nuScenes__mono__plan_fde__JC_fde; KITTI__oracle__brake__J; KITTI__oracle__traj__JB; KITTI__mono__brake__J; KITTI__mono__traj__JB; nuPlan__na__pdm_closed__scalar_J
2026-09-23.1,validation_selection_pooled,pooled,,,,E_perc_dE,P2,0.5,,,,,,,,,,,,,,,,,,,,,-0.095370484129863,-0.14797537331525853,-0.017335230090350883,,,,11.0,1.0,nuScenes__oracle__brake__J; nuScenes__oracle__plan_ade__JC_ade; nuScenes__oracle__plan_fde__JC_fde; nuScenes__mono__brake__J; nuScenes__mono__plan_ade__JC_ade; nuScenes__mono__plan_fde__JC_fde; KITTI__oracle__brake__J; KITTI__oracle__traj__JB; KITTI__mono__brake__J; KITTI__mono__traj__JB; nuPlan__na__pdm_closed__scalar_J
2026-09-23.1,validation_selection_pooled,pooled,,,,E_perc_risk,P1,0.1,,,,,,,,,,,,,,,,,,,,,-0.029433503090280456,-0.05536873802899779,0.010383618647385863,,,,11.0,5.0,nuScenes__oracle__brake__J; nuScenes__oracle__plan_ade__JC_ade; nuScenes__oracle__plan_fde__JC_fde; nuScenes__mono__brake__J; nuScenes__mono__plan_ade__JC_ade; nuScenes__mono__plan_fde__JC_fde; KITTI__oracle__brake__J; KITTI__oracle__traj__JB; KITTI__mono__brake__J; KITTI__mono__traj__JB; nuPlan__na__pdm_closed__scalar_J
2026-09-23.1,validation_selection_pooled,pooled,,,,E_perc_risk,P1,0.2,,,,,,,,,,,,,,,,,,,,,-0.06381142918561779,-0.09944449731046405,0.0037025300297400974,,,,11.0,3.0,nuScenes__oracle__brake__J; nuScenes__oracle__plan_ade__JC_ade; nuScenes__oracle__plan_fde__JC_fde; nuScenes__mono__brake__J; nuScenes__mono__plan_ade__JC_ade; nuScenes__mono__plan_fde__JC_fde; KITTI__oracle__brake__J; KITTI__oracle__traj__JB; KITTI__mono__brake__J; KITTI__mono__traj__JB; nuPlan__na__pdm_closed__scalar_J
2026-09-23.1,validation_selection_pooled,pooled,,,,E_perc_risk,P1,0.3,,,,,,,,,,,,,,,,,,,,,-0.07872723248752637,-0.14037637956220303,-0.009174148060179086,,,,11.0,2.0,nuScenes__oracle__brake__J; nuScenes__oracle__plan_ade__JC_ade; nuScenes__oracle__plan_fde__JC_fde; nuScenes__mono__brake__J; nuScenes__mono__plan_ade__JC_ade; nuScenes__mono__plan_fde__JC_fde; KITTI__oracle__brake__J; KITTI__oracle__traj__JB; KITTI__mono__brake__J; KITTI__mono__traj__JB; nuPlan__na__pdm_closed__scalar_J
2026-09-23.1,validation_selection_pooled,pooled,,,,E_perc_risk,P1,0.5,,,,,,,,,,,,,,,,,,,,,-0.08931743892300717,-0.13983473734118435,-0.01406866964468604,,,,11.0,4.0,nuScenes__oracle__brake__J; nuScenes__oracle__plan_ade__JC_ade; nuScenes__oracle__plan_fde__JC_fde; nuScenes__mono__brake__J; nuScenes__mono__plan_ade__JC_ade; nuScenes__mono__plan_fde__JC_fde; KITTI__oracle__brake__J; KITTI__oracle__traj__JB; KITTI__mono__brake__J; KITTI__mono__traj__JB; nuPlan__na__pdm_closed__scalar_J
2026-09-23.1,validation_selection_pooled,pooled,,,,E_perc_risk,P2,0.1,,,,,,,,,,,,,,,,,,,,,-0.018425884254610874,-0.04887152820855807,0.005090821451462612,,,,11.0,1.0,nuScenes__oracle__brake__J; nuScenes__oracle__plan_ade__JC_ade; nuScenes__oracle__plan_fde__JC_fde; nuScenes__mono__brake__J; nuScenes__mono__plan_ade__JC_ade; nuScenes__mono__plan_fde__JC_fde; KITTI__oracle__brake__J; KITTI__oracle__traj__JB; KITTI__mono__brake__J; KITTI__mono__traj__JB; nuPlan__na__pdm_closed__scalar_J
2026-09-23.1,validation_selection_pooled,pooled,,,,E_perc_risk,P2,0.2,,,,,,,,,,,,,,,,,,,,,0.01065047239034635,-0.04373179405104177,0.037006455840509364,,,,11.0,1.0,nuScenes__oracle__brake__J; nuScenes__oracle__plan_ade__JC_ade; nuScenes__oracle__plan_fde__JC_fde; nuScenes__mono__brake__J; nuScenes__mono__plan_ade__JC_ade; nuScenes__mono__plan_fde__JC_fde; KITTI__oracle__brake__J; KITTI__oracle__traj__JB; KITTI__mono__brake__J; KITTI__mono__traj__JB; nuPlan__na__pdm_closed__scalar_J
2026-09-23.1,validation_selection_pooled,pooled,,,,E_perc_risk,P2,0.3,,,,,,,,,,,,,,,,,,,,,-0.027570902363797004,-0.07988589025072844,0.011681234856020503,,,,11.0,3.0,nuScenes__oracle__brake__J; nuScenes__oracle__plan_ade__JC_ade; nuScenes__oracle__plan_fde__JC_fde; nuScenes__mono__brake__J; nuScenes__mono__plan_ade__JC_ade; nuScenes__mono__plan_fde__JC_fde; KITTI__oracle__brake__J; KITTI__oracle__traj__JB; KITTI__mono__brake__J; KITTI__mono__traj__JB; nuPlan__na__pdm_closed__scalar_J
2026-09-23.1,validation_selection_pooled,pooled,,,,E_perc_risk,P2,0.5,,,,,,,,,,,,,,,,,,,,,-0.08449877489039855,-0.1356673984245484,-0.011244459948980845,,,,11.0,3.0,nuScenes__oracle__brake__J; nuScenes__oracle__plan_ade__JC_ade; nuScenes__oracle__plan_fde__JC_fde; nuScenes__mono__brake__J; nuScenes__mono__plan_ade__JC_ade; nuScenes__mono__plan_fde__JC_fde; KITTI__oracle__brake__J; KITTI__oracle__traj__JB; KITTI__mono__brake__J; KITTI__mono__traj__JB; nuPlan__na__pdm_closed__scalar_J
