registry_version,track,geometry,system,target,signal,quota,k,n_frames,all_cheap_loss,identity_checked,benefit_share,benefit_share_lo,benefit_share_hi,harm_share,harm_share_lo,harm_share_hi,missed_benefit_share,missed_benefit_share_lo,missed_benefit_share_hi,budget_forced_share,budget_forced_share_lo,budget_forced_share_hi,gain_share,gain_share_lo,gain_share_hi,oracle_gain_share,oracle_gain_share_lo,oracle_gain_share_hi,benefit_minus_random,benefit_minus_random_lo,benefit_minus_random_hi,harm_minus_random,harm_minus_random_lo,harm_minus_random_hi,missed_benefit_minus_random,missed_benefit_minus_random_lo,missed_benefit_minus_random_hi,gain_minus_random,gain_minus_random_lo,gain_minus_random_hi
2026-09-23.1,nuScenes,oracle,brake,J,random,0.1,96,955,246.6178238736764,True,0.019291222865839217,0.009240501249853332,0.029883825451913267,0.004996888173455146,0.0009430540103026235,0.013536730939177696,0.17261625460162383,0.08296726097106703,0.26844727581869443,2.881149158643364e-17,-4.916421684386145e-17,8.063281942644008e-17,0.014294334692384069,-0.00024086605163948753,0.02606803508257773,0.191907477467463,0.09220776222092035,0.29824338096689484,,,,,,,,,,,,
2026-09-23.1,nuScenes,oracle,brake,J,random,0.2,191,955,246.6178238736764,True,0.03838149549349261,0.018478632582252828,0.05965257613207137,0.0099417254284368,0.001892190390260985,0.027157514246612818,0.1535259819739704,0.07372912963866754,0.23865897855522783,2.881149158643364e-17,-4.916421684386145e-17,8.063281942644008e-17,0.028439770065055808,-0.0004815717320293823,0.052137616647607715,0.191907477467463,0.09220776222092035,0.29824338096689484,,,,,,,,,,,,
2026-09-23.1,nuScenes,oracle,brake,J,random,0.3,286,955,246.6178238736764,True,0.057471768121145995,0.027625248528207354,0.08938050755986744,0.014886562683418455,0.002833577805809642,0.040734490360464545,0.13443570934631704,0.064582513692713,0.2088628734070274,2.881149158643364e-17,-4.916421684386145e-17,8.063281942644008e-17,0.04258520543772754,-0.0007224377836688699,0.07820299460354907,0.191907477467463,0.09220776222092035,0.29824338096689484,,,,,,,,,,,,
2026-09-23.1,nuScenes,oracle,brake,J,random,0.5,478,955,246.6178238736764,True,0.09605421385282444,0.04610388111046018,0.14927066311062653,0.024880339030328748,0.004725768196070627,0.06789200460707735,0.0958532636146386,0.04610388111046018,0.14902285672663157,2.881149158643364e-17,-4.916421684386145e-17,8.063281942644008e-17,0.0711738748224957,-0.0012063828884527634,0.1303470641183677,0.191907477467463,0.09220776222092035,0.29824338096689484,,,,,,,,,,,,
2026-09-23.1,nuScenes,oracle,brake,J,uncertainty,0.1,96,955,246.6178238736764,True,0.01354066998545527,0.0,0.0317764162710688,0.004130084573060553,0.0,0.03161444845685108,0.17836680748200776,0.0812861490484539,0.2931271985549164,2.881149158643364e-17,-4.916421684386145e-17,8.063281942644008e-17,0.009410585412394718,-0.023050999508663423,0.024794287675957826,0.191907477467463,0.09220776222092035,0.29824338096689484,-0.005750552880383947,-0.02797294003297593,0.015058934977168393,-0.0008668036003945927,-0.009616739754402697,0.023713381894471565,0.0057505528803839245,-0.015058934977168398,0.027972940032975912,-0.004883749279989351,-0.0386661436879948,0.0120928455761907
2026-09-23.1,nuScenes,oracle,brake,J,uncertainty,0.2,191,955,246.6178238736764,True,0.031105052436544347,0.00040494247330570234,0.08592244348044102,0.028277471081387156,0.0006271751320999292,0.07025733605998531,0.16080242503091868,0.056598731955623,0.2674117937080138,2.881149158643364e-17,-4.916421684386145e-17,8.063281942644008e-17,0.002827581355157189,-0.06211171936330059,0.07262620886124739,0.191907477467463,0.09220776222092035,0.29824338096689484,-0.007276443056948263,-0.0450818986937193,0.05053011278870299,0.018335745652950354,-0.006837812799214567,0.04976601527274397,0.007276443056948273,-0.05053011278870299,0.0450818986937193,-0.02561218870989862,-0.07308360691187898,0.04396140968811013
2026-09-23.1,nuScenes,oracle,brake,J,uncertainty,0.3,286,955,246.6178238736764,True,0.09858129584551886,0.00857776965927692,0.15348343991491317,0.02866391951124471,0.0009775293129124475,0.0806586481217322,0.09332618162194417,0.02219277378073309,0.2349346086230067,2.881149158643364e-17,-4.916421684386145e-17,8.063281942644008e-17,0.06991737633427415,-0.05361277589309865,0.1319056496634902,0.191907477467463,0.09220776222092035,0.29824338096689484,0.04110952772437287,-0.05330475834242014,0.09287463562431468,0.013777356827826255,-0.009349115587697016,0.05102977289143669,-0.041109527724372874,-0.09287463562431467,0.05330475834242013,0.02733217089654661,-0.07986728492392983,0.08727941104231994
2026-09-23.1,nuScenes,oracle,brake,J,uncertainty,0.5,478,955,246.6178238736764,True,0.10158451967580073,0.025283539656076902,0.178280343710875,0.02866391951124471,0.0009775293129124475,0.08139103848975589,0.09032295779166229,0.009757875963283019,0.2061579686989233,2.881149158643364e-17,-4.916421684386145e-17,8.063281942644008e-17,0.07292060016455602,-0.03258555517816789,0.15837393595599264,0.191907477467463,0.09220776222092035,0.29824338096689484,0.0055303058229762975,-0.07668356090727366,0.07340898620011592,0.0037835804809159615,-0.024597042822098212,0.03426264715580694,-0.005530305822976311,-0.07340898620011592,0.07668356090727366,0.001746725342060329,-0.08275538373268575,0.07706755926855623
2026-09-23.1,nuScenes,oracle,brake,J,criticality_cheap,0.1,96,955,246.6178238736764,True,0.06371196973172624,0.014020601444411328,0.14461917874086808,0.004692931091844627,0.0,0.01878100671413819,0.1281955077357368,0.031158804826232796,0.22060456451590685,2.881149158643364e-17,-4.916421684386145e-17,8.063281942644008e-17,0.059019038639881616,0.009370905368637512,0.13839078783650013,0.191907477467463,0.09220776222092035,0.29824338096689484,0.044420746865887026,-0.004099798074170476,0.12242342566402559,-0.00030395708161051836,-0.009368775365178208,0.01198935441381503,-0.04442074686588704,-0.12242342566402564,0.004099798074170464,0.04472470394749754,-0.0037676878703580873,0.126210004634838
2026-09-23.1,nuScenes,oracle,brake,J,criticality_cheap,0.2,191,955,246.6178238736764,True,0.0953374102762026,0.022437581100732996,0.16894127229881445,0.005079379521702179,0.0,0.02040154095642422,0.09657006719126042,0.01793256013878776,0.20897390039310043,2.881149158643364e-17,-4.916421684386145e-17,8.063281942644008e-17,0.09025803075450041,0.012527193165434578,0.16067667692180587,0.191907477467463,0.09220776222092035,0.29824338096689484,0.05695591478270999,-0.014035640967322478,0.12638705174666368,-0.004862345906734621,-0.020189364949124055,0.007615438370459901,-0.05695591478270999,-0.1263870517466637,0.01403564096732251,0.0618182606894446,-0.012952631122144346,0.13112507125008196
2026-09-23.1,nuScenes,oracle,brake,J,criticality_cheap,0.3,286,955,246.6178238736764,True,0.09858129584551888,0.02553546602680026,0.17701084267933206,0.005079379521702179,0.00030435319560587285,0.041544794785208325,0.09332618162194416,0.014148730143927825,0.20848962878634678,2.881149158643364e-17,-4.916421684386145e-17,8.063281942644008e-17,0.09350191632381669,0.002509752453292865,0.17076889457271013,0.191907477467463,0.09220776222092035,0.29824338096689484,0.04110952772437288,-0.03425954728946644,0.11130395824610474,-0.009807183161716276,-0.02777212017171866,0.017996130259220335,-0.04110952772437289,-0.11130395824610476,0.03425954728946643,0.050916710886089143,-0.0332007005792337,0.12152294049709651
2026-09-23.1,nuScenes,oracle,brake,J,criticality_cheap,0.5,478,955,246.6178238736764,True,0.10182518141483515,0.027615824907950788,0.1786453381801205,0.025420033941928447,0.0008574062485156327,0.07033401529281282,0.09008229605262788,0.01020361808203224,0.20424740969943694,2.881149158643364e-17,-4.916421684386145e-17,8.063281942644008e-17,0.07640514747290669,-0.020864669625210868,0.16244703709549854,0.191907477467463,0.09220776222092035,0.29824338096689484,0.005770967562010718,-0.07483745981970091,0.07353866876166507,0.0005396949115996988,-0.025522943653771533,0.025035399136200495,-0.005770967562010718,-0.07353866876166507,0.07483745981970093,0.005231272650410998,-0.07838914579620884,0.0819415568720705
2026-09-23.1,nuScenes,oracle,brake,J,trivial_ego_speed,0.1,96,955,246.6178238736764,True,0.037100322070440325,0.0,0.08139123378807507,0.0,0.0,0.0,0.1548071553970227,0.08343630228706529,0.26306853531943514,2.881149158643364e-17,-4.916421684386145e-17,8.063281942644008e-17,0.037100322070440325,0.0,0.08139123378807507,0.191907477467463,0.09220776222092035,0.29824338096689484,0.01780909920460111,-0.024978368232106155,0.0563597119259229,-0.004996888173455146,-0.013536730939177696,-0.000754532295195684,-0.017809099204601136,-0.056359711925922915,0.024978368232106134,0.022805987378056256,-0.022599529300640124,0.06187820920241754
2026-09-23.1,nuScenes,oracle,brake,J,trivial_ego_speed,0.2,191,955,246.6178238736764,True,0.04000800192436774,0.003687607066599501,0.12674592366808868,0.0,0.0,0.03762922195839419,0.1518994755430953,0.06666790179706805,0.21751170817926543,2.881149158643364e-17,-4.916421684386145e-17,8.063281942644008e-17,0.04000800192436774,-0.022070623879128858,0.12445971259750217,0.191907477467463,0.09220776222092035,0.29824338096689484,0.001626506430875134,-0.031283662557461046,0.07501083236895144,-0.0099417254284368,-0.024197104413906323,0.019939693545103228,-0.0016265064308751132,-0.07501083236895147,0.03128366255746107,0.011568231859311936,-0.032649830674163625,0.08072564827836201
2026-09-23.1,nuScenes,oracle,brake,J,trivial_ego_speed,0.3,286,955,246.6178238736764,True,0.09155267379252312,0.016823907430811445,0.2240877433094426,0.014198711962526414,0.0,0.05008947586738782,0.10035480367493992,0.009862338351462031,0.18302242134397145,2.881149158643364e-17,-4.916421684386145e-17,8.063281942644008e-17,0.0773539618299967,-0.012952894818634746,0.21568498063328345,0.191907477467463,0.09220776222092035,0.29824338096689484,0.03408090567137712,-0.03023258919320169,0.14209586929595713,-0.0006878507208920408,-0.027148412641974463,0.023233253940206474,-0.03408090567137713,-0.14209586929595716,0.030232589193201674,0.03476875639226915,-0.03204899529249196,0.14648759711966516
2026-09-23.1,nuScenes,oracle,brake,J,trivial_ego_speed,0.5,478,955,246.6178238736764,True,0.1650463253207036,0.05242943701635686,0.26815450588420886,0.014585160392383965,0.0,0.052468709161227645,0.02686115214675942,0.0,0.08244361448890311,2.881149158643364e-17,-4.916421684386145e-17,8.063281942644008e-17,0.15046116492831968,0.02264723348266451,0.2641516086121615,0.191907477467463,0.09220776222092035,0.29824338096689484,0.06899211146787916,0.00019751662469652304,0.12702682730372195,-0.010295178637944782,-0.04617713615374732,0.012939559805226191,-0.06899211146787917,-0.12702682730372195,-0.00019751662469652385,0.07928729010582398,0.006590938143259968,0.14996810120526607
2026-09-23.1,nuScenes,oracle,brake,J,gate_ridge,0.1,96,955,246.6178238736764,True,0.03600712981941059,0.0,0.11975363342939774,0.021044707630939293,0.0,0.08076766085594443,0.15590034764805244,0.051259391537570656,0.26922458795058374,2.881149158643364e-17,-4.916421684386145e-17,8.063281942644008e-17,0.01496242218847129,-0.05313887821615468,0.09777332799565576,0.191907477467463,0.09220776222092035,0.29824338096689484,0.01671590695357137,-0.023679203377388266,0.09800300139359498,0.016047819457484146,-0.005441115629243055,0.0671346847175675,-0.01671590695357139,-0.09800300139359501,0.023679203377388262,0.0006680874960872211,-0.059912385800378866,0.07945191259231794
2026-09-23.1,nuScenes,oracle,brake,J,gate_ridge,0.2,191,955,246.6178238736764,True,0.06986356632053464,0.0,0.16337265589807573,0.021044707630939293,0.0,0.08076766085594443,0.12204391114692839,0.03862756046371863,0.18806153391017966,2.881149158643364e-17,-4.916421684386145e-17,8.063281942644008e-17,0.048818858689595346,-0.03524143230486849,0.1542022987686506,0.191907477467463,0.09220776222092035,0.29824338096689484,0.03148207082704203,-0.01873036340369742,0.11281592578344665,0.011102982202502493,-0.0117767879483516,0.05439865012074247,-0.03148207082704202,-0.11281592578344664,0.018730363403697402,0.020379088624539538,-0.04530860077840223,0.11351325167023675
2026-09-23.1,nuScenes,oracle,brake,J,gate_ridge,0.3,286,955,246.6178238736764,True,0.12928388511664624,0.020695481529864335,0.2359949911472156,0.021044707630939293,0.0,0.08076766085594443,0.06262359235081681,0.013437877815672555,0.15430230957190844,2.881149158643364e-17,-4.916421684386145e-17,8.063281942644008e-17,0.10823917748570692,-0.025808484493281315,0.22632938718904086,0.191907477467463,0.09220776222092035,0.29824338096689484,0.07181211699550025,-0.01914135911910425,0.15625564121377866,0.006158144947520839,-0.01854123982166644,0.04355927910947275,-0.07181211699550023,-0.15625564121377866,0.019141359119104254,0.06565397204797938,-0.040313535338317726,0.15666600794092933
2026-09-23.1,nuScenes,oracle,brake,J,gate_ridge,0.5,478,955,246.6178238736764,True,0.13787706194295593,0.03757385921930999,0.26820534106113675,0.021044707630939293,0.0,0.08076766085594443,0.0540304155245071,0.0003676508464846003,0.10663262007584152,2.881149158643364e-17,-4.916421684386145e-17,8.063281942644008e-17,0.11683235431201665,0.004218091975683321,0.2480447193688227,0.191907477467463,0.09220776222092035,0.29824338096689484,0.041822848090131495,-0.024849968943299505,0.12902265604016885,-0.0038356313993894546,-0.03418681972939898,0.024499393775514404,-0.041822848090131495,-0.12902265604016885,0.02484996894329949,0.04565847948952095,-0.02515474083832443,0.13731243724911132
2026-09-23.1,nuScenes,oracle,brake,J,gate_gbm,0.1,96,955,246.6178238736764,True,0.03600712981941059,0.0,0.10936076644364397,0.018566411428489367,0.0,0.07090608693933777,0.15590034764805244,0.051259391537570656,0.24811043513646644,2.881149158643364e-17,-4.916421684386145e-17,8.063281942644008e-17,0.01744071839092122,-0.043895940772875154,0.09156591788878435,0.191907477467463,0.09220776222092035,0.29824338096689484,0.01671590695357137,-0.020197307476650102,0.08742366758913965,0.013569523255034221,-0.006915603961950832,0.06010649347878155,-0.01671590695357139,-0.08742366758913964,0.020197307476650096,0.003146383698537151,-0.05268185917223221,0.07414217498940535
2026-09-23.1,nuScenes,oracle,brake,J,gate_gbm,0.2,191,955,246.6178238736764,True,0.04839145812948478,0.0,0.13734974075269418,0.018566411428489367,0.0,0.07090608693933777,0.14351601933797825,0.03171339444774531,0.23775356757596705,2.881149158643364e-17,-4.916421684386145e-17,8.063281942644008e-17,0.029825046700995412,-0.03528639317117878,0.11180191594936449,0.191907477467463,0.09220776222092035,0.29824338096689484,0.010009962635992173,-0.03266671764115816,0.09093526599666747,0.008624686000052567,-0.01450617210334672,0.05001447891770709,-0.010009962635992159,-0.09093526599666749,0.03266671764115819,0.0013852766359396043,-0.053832204657886254,0.08332906440314305
2026-09-23.1,nuScenes,oracle,brake,J,gate_gbm,0.3,286,955,246.6178238736764,True,0.0835485631368154,0.029932878644972787,0.1788118248534035,0.021607554149723367,0.0,0.08056771428030494,0.10835891433064762,0.025799719129915123,0.17051566384942093,2.881149158643364e-17,-4.916421684386145e-17,8.063281942644008e-17,0.06194100898709203,-0.01011678098460549,0.16019636077359442,0.191907477467463,0.09220776222092035,0.29824338096689484,0.026076795015669403,-0.01853863666991879,0.10178651374548814,0.006720991466304912,-0.01808674722134911,0.0440442600706119,-0.026076795015669424,-0.10178651374548814,0.018538636669918774,0.01935580354936449,-0.03263971132641318,0.09623379868506764
2026-09-23.1,nuScenes,oracle,brake,J,gate_gbm,0.5,478,955,246.6178238736764,True,0.1334395990052219,0.04153939542781922,0.24401344744386808,0.024851439719039636,0.0016507288558401298,0.0838924199470906,0.05846787846224113,0.00694361607646498,0.11277382033929015,2.881149158643364e-17,-4.916421684386145e-17,8.063281942644008e-17,0.10858815928618226,-0.0026446559482938116,0.22210565981285443,0.191907477467463,0.09220776222092035,0.29824338096689484,0.03738538515239746,-0.020375543750183328,0.10075342396841265,-2.889931128911144e-05,-0.02448679144036134,0.026257790700879333,-0.03738538515239747,-0.10075342396841265,0.02037554375018333,0.03741428446368657,-0.02407103483553618,0.10903532096723378
2026-09-23.1,nuScenes,oracle,brake,J,R1_mlp_reg,0.1,96,955,246.6178238736764,True,0.008256971110920868,0.0,0.024112818490342948,0.0,0.0,0.0,0.18365050635654218,0.07893451365445567,0.29258099035319884,2.881149158643364e-17,-4.916421684386145e-17,8.063281942644008e-17,0.008256971110920868,0.0,0.024112818490342948,0.191907477467463,0.09220776222092035,0.29824338096689484,-0.011034251754918348,-0.025879671514667215,0.009815160685299817,-0.004996888173455146,-0.013536730939177696,-0.0009430540103026235,0.011034251754918345,-0.009815160685299829,0.025879671514667232,-0.006037363581463201,-0.021907543208212497,0.017534911709502866
2026-09-23.1,nuScenes,oracle,brake,J,R1_mlp_reg,0.2,191,955,246.6178238736764,True,0.06801349562242132,0.014618650708239225,0.13850539628372904,0.0,0.0,0.0,0.12389398184504172,0.041342764023551234,0.19852282535965532,2.881149158643364e-17,-4.916421684386145e-17,8.063281942644008e-17,0.06801349562242132,0.014618650708239225,0.13850539628372904,0.191907477467463,0.09220776222092035,0.29824338096689484,0.029632000128928707,-0.019607541919898577,0.08634365701733074,-0.0099417254284368,-0.027157514246612818,-0.0018921903902609854,-0.029632000128928693,-0.08634365701733075,0.019607541919898573,0.039573725557365505,-0.009709985960747819,0.09675151416767104
2026-09-23.1,nuScenes,oracle,brake,J,R1_mlp_reg,0.3,286,955,246.6178238736764,True,0.09948260921198525,0.03293389308554554,0.14604229609339822,0.0,0.0,0.0,0.09242486825547779,0.027802499268456533,0.17854651159306953,2.881149158643364e-17,-4.916421684386145e-17,8.063281942644008e-17,0.09948260921198525,0.03293389308554554,0.14604229609339822,0.191907477467463,0.09220776222092035,0.29824338096689484,0.04201084109083925,-0.006894663602036518,0.07171855258938488,-0.014886562683418455,-0.040734490360464545,-0.0028335778058096424,-0.04201084109083926,-0.0717185525893849,0.00689466360203648,0.056897403774257706,0.011091594929984107,0.08964269390110732
2026-09-23.1,nuScenes,oracle,brake,J,R1_mlp_reg,0.5,478,955,246.6178238736764,True,0.11550296669154084,0.034339799606499716,0.2273129833705012,0.02199400257958092,0.0004436761698908791,0.07403205283954155,0.0764045107759222,0.01409910908460577,0.15033921561313449,2.881149158643364e-17,-4.916421684386145e-17,8.063281942644008e-17,0.0935089641119599,0.0032223938438707103,0.20870486329856514,0.191907477467463,0.09220776222092035,0.29824338096689484,0.0194487528387164,-0.0394943866540573,0.09452324486588227,-0.0028863364507478277,-0.045733147249572496,0.024854775516449837,-0.0194487528387164,-0.09452324486588226,0.039494386654057245,0.022335089289464205,-0.03283758291185776,0.096289552376626
2026-09-23.1,nuScenes,oracle,brake,J,R1_mlp_clf,0.1,96,955,246.6178238736764,True,0.017397413851678794,0.0,0.05727843062742561,0.0,0.0,0.0,0.17451006361578425,0.06969799885913833,0.2724401897557447,2.881149158643364e-17,-4.916421684386145e-17,8.063281942644008e-17,0.017397413851678794,0.0,0.05674045102723356,0.191907477467463,0.09220776222092035,0.29824338096689484,-0.0018938090141604226,-0.01878626827878993,0.03437625613847882,-0.004996888173455146,-0.013536730939177696,-0.000812928538548858,0.0018938090141604191,-0.03437625613847884,0.018786268278789927,0.003103079159294725,-0.015165368672342727,0.04189385742497556
2026-09-23.1,nuScenes,oracle,brake,J,R1_mlp_clf,0.2,191,955,246.6178238736764,True,0.08593526437140793,0.007067717755066887,0.19761287024853014,0.018003564909705293,0.0,0.07069635966098427,0.10597221309605509,0.030779273012865954,0.1866603705674487,2.881149158643364e-17,-4.916421684386145e-17,8.063281942644008e-17,0.06793169946170263,-0.038599244113322904,0.1877598391667921,0.191907477467463,0.09220776222092035,0.29824338096689484,0.04755376887791532,-0.02586575200500094,0.15039811194905275,0.008061839481268493,-0.014784972308498382,0.049437159116436466,-0.04755376887791532,-0.15039811194905284,0.025865752005000932,0.03949192939664682,-0.05004357475011494,0.1391439688896651
2026-09-23.1,nuScenes,oracle,brake,J,R1_mlp_clf,0.3,286,955,246.6178238736764,True,0.08990508222782853,0.00952399670787283,0.20517331289105684,0.018003564909705293,0.0,0.07069635966098427,0.10200239523963449,0.026045999031919714,0.18110943346390404,2.881149158643364e-17,-4.916421684386145e-17,8.063281942644008e-17,0.07190151731812325,-0.03803908430445533,0.1921120943488234,0.191907477467463,0.09220776222092035,0.29824338096689484,0.032433314106682536,-0.03894909433192073,0.12734915345006334,0.003117002226286839,-0.022176469558844458,0.038611140397350766,-0.032433314106682556,-0.1273491534500633,0.03894909433192073,0.029316311880395705,-0.053993890469183146,0.1264912912600384
2026-09-23.1,nuScenes,oracle,brake,J,R1_mlp_clf,0.5,478,955,246.6178238736764,True,0.09032295779166229,0.009758894164236639,0.2061643906109305,0.021044707630939293,0.0,0.07448170202129181,0.10158451967580073,0.025963228151095353,0.17864935810780164,2.881149158643364e-17,-4.916421684386145e-17,8.063281942644008e-17,0.06927825016072299,-0.04134022969901831,0.18848333004749793,0.191907477467463,0.09220776222092035,0.29824338096689484,-0.005731256061162149,-0.07604844950470847,0.0764045503604026,-0.0038356313993894546,-0.03371453623204547,0.023406355110275466,0.005731256061162135,-0.07640455036040261,0.07604844950470849,-0.0018956246617727046,-0.07899498446059322,0.08473910587075358
2026-09-23.1,nuScenes,oracle,brake,J,R1_gbm_reg,0.1,96,955,246.6178238736764,True,0.00534929125699345,0.0,0.07006850136912152,0.0003864484298575522,0.0,0.0013937026051682165,0.18655818621046957,0.07893018201767277,0.27535068558960285,2.881149158643364e-17,-4.916421684386145e-17,8.063281942644008e-17,0.004962842827135898,-0.0011273884241895108,0.06964848636167928,0.191907477467463,0.09220776222092035,0.29824338096689484,-0.013941931608845767,-0.025532049261560042,0.046110451201502256,-0.004610439743597593,-0.012680839861469041,-0.0009430540103026235,0.013941931608845742,-0.046110451201502284,0.02553204926156001,-0.00933149186524817,-0.021276634134364814,0.05038803207812723
2026-09-23.1,nuScenes,oracle,brake,J,R1_gbm_reg,0.2,191,955,246.6178238736764,True,0.03806478486125805,0.0,0.13337023344724275,0.0003864484298575522,0.0,0.0013937026051682165,0.15384269260620498,0.05256706104290225,0.22462881076021468,2.881149158643364e-17,-4.916421684386145e-17,8.063281942644008e-17,0.0376783364314005,-0.0005847660724813989,0.13299466030273152,0.191907477467463,0.09220776222092035,0.29824338096689484,-0.00031671063223456114,-0.034769378808879044,0.08842736010056912,-0.009555276998579249,-0.026242104755876506,-0.0018921903902609854,0.0003167106322345681,-0.08842736010056912,0.03476937880887908,0.00923856636634469,-0.02251658815525672,0.09552475828644315
2026-09-23.1,nuScenes,oracle,brake,J,R1_gbm_reg,0.3,286,955,246.6178238736764,True,0.10264774374866519,0.02121428580513746,0.205319450663793,0.0045165330029181055,0.0,0.01573545763875484,0.08925973371879783,0.030943150635073018,0.17606009837805497,2.881149158643364e-17,-4.916421684386145e-17,8.063281942644008e-17,0.0981312107457471,0.01223473104639456,0.20273014766149577,0.191907477467463,0.09220776222092035,0.29824338096689484,0.04517597562751919,-0.027574793015351918,0.12313439509730137,-0.01037002968050035,-0.035611823204893714,0.002014258953471587,-0.04517597562751921,-0.12313439509730142,0.027574793015351914,0.05554600530801956,-0.01228131997324235,0.14225284113914227
2026-09-23.1,nuScenes,oracle,brake,J,R1_gbm_reg,0.5,478,955,246.6178238736764,True,0.10849641888691564,0.02688089488675116,0.20829442146750388,0.005079379521702181,0.0,0.019664621206239425,0.08341105858054738,0.02349458793552332,0.163573224601238,2.881149158643364e-17,-4.916421684386145e-17,8.063281942644008e-17,0.10341703936521347,0.01699170195222022,0.2042911576407289,0.191907477467463,0.09220776222092035,0.29824338096689484,0.0124422050340912,-0.057757199285427045,0.07867443954823881,-0.019800959508626568,-0.05812703047081481,-9.006038915460141e-05,-0.012442205034091214,-0.07867443954823884,0.057757199285427024,0.03224316454271778,-0.034322875392610135,0.1055292379372568
2026-09-23.1,nuScenes,oracle,brake,J,R1_gbm_clf,0.1,96,955,246.6178238736764,True,0.008256971110920868,0.0,0.030175220617412252,0.0,0.0,0.0011389276405482827,0.18365050635654218,0.07716174294465342,0.2906684571051599,2.881149158643364e-17,-4.916421684386145e-17,8.063281942644008e-17,0.008256971110920868,-0.0003965060689584101,0.030175220617412252,0.191907477467463,0.09220776222092035,0.29824338096689484,-0.011034251754918348,-0.02535245629010766,0.014794638573772199,-0.004996888173455146,-0.013536730939177696,-0.0009430540103026235,0.011034251754918345,-0.014794638573772207,0.02535245629010766,-0.006037363581463201,-0.02084619219197963,0.022550340192466323
2026-09-23.1,nuScenes,oracle,brake,J,R1_gbm_clf,0.2,191,955,246.6178238736764,True,0.08430554967245629,0.004092392675545129,0.19216611971107397,0.003427591151091554,0.0,0.011266735823804141,0.10760192779500674,0.03551917150651447,0.20073723614317163,2.881149158643364e-17,-4.916421684386145e-17,8.063281942644008e-17,0.08087795852136474,-0.0005483581641759508,0.18847829410693936,0.191907477467463,0.09220776222092035,0.29824338096689484,0.04592405417896368,-0.028940954970270723,0.13842445885967908,-0.006514134277345246,-0.021986795056123044,0.0023902985563814356,-0.04592405417896367,-0.1384244588596791,0.028940954970270716,0.05243818845630893,-0.022372591824976345,0.14928262250187396
2026-09-23.1,nuScenes,oracle,brake,J,R1_gbm_clf,0.3,286,955,246.6178238736764,True,0.08568453903310766,0.00625788397986762,0.2008942441631612,0.003427591151091554,0.0,0.013238011961011105,0.10622293843435537,0.031111668332668103,0.18816189520558438,2.881149158643364e-17,-4.916421684386145e-17,8.063281942644008e-17,0.08225694788201611,0.001893393602791666,0.20042610579342238,0.191907477467463,0.09220776222092035,0.29824338096689484,0.028212770911961664,-0.04388336200451538,0.1237943381839258,-0.0114589715323269,-0.0344623312644883,0.0022252005802541118,-0.02821277091196167,-0.1237943381839258,0.043883362004515376,0.03967174244428857,-0.032915227507491804,0.13829463350428267
2026-09-23.1,nuScenes,oracle,brake,J,R1_gbm_clf,0.5,478,955,246.6178238736764,True,0.09032295779166227,0.014334313693311273,0.2061643906109305,0.003427591151091554,0.0,0.013238011961011105,0.10158451967580075,0.025963228151095353,0.1725120517303987,2.881149158643364e-17,-4.916421684386145e-17,8.063281942644008e-17,0.08689536664057074,0.008841132424784008,0.20547531775465264,0.191907477467463,0.09220776222092035,0.29824338096689484,-0.005731256061162163,-0.06939160093286607,0.07662328916367657,-0.021452747879237195,-0.061585609495448744,-0.000731959696431899,0.005731256061162149,-0.07662328916367657,0.06939160093286607,0.015721491818075042,-0.05238366342245902,0.10416292136305401
2026-09-23.1,nuScenes,oracle,brake,J,R2_cnn_clf,0.1,96,955,246.6178238736764,True,0.0032438855693162688,0.0,0.04741651115137266,0.03043053565795541,0.0,0.09316990521760087,0.18866359189814677,0.08639866619872007,0.29195558905955826,2.881149158643364e-17,-4.916421684386145e-17,8.063281942644008e-17,-0.027186650088639144,-0.09169298177960071,0.02998338250883321,0.191907477467463,0.09220776222092035,0.29824338096689484,-0.016047337296522947,-0.02776856345088589,0.025266572096387035,0.025433647484500263,-0.0016283556784015677,0.08138190281742431,0.01604733729652294,-0.0252665720963871,0.02776856345088588,-0.04148098478102322,-0.10208794775280984,0.014654946553477323
2026-09-23.1,nuScenes,oracle,brake,J,R2_cnn_clf,0.2,191,955,246.6178238736764,True,0.02124745047902156,0.0,0.07558575340212836,0.03043053565795541,0.0,0.09316990521760087,0.17066002698844146,0.06533255138089547,0.27207022369492495,2.881149158643364e-17,-4.916421684386145e-17,8.063281942644008e-17,-0.009183085178933853,-0.07773912045139648,0.04712510897314117,0.191907477467463,0.09220776222092035,0.29824338096689484,-0.01713404501447105,-0.047548392696729724,0.03430605719547687,0.02048881022951861,-0.004826349117919013,0.07146209547977189,0.01713404501447105,-0.03430605719547689,0.04754839269672971,-0.03762285524398966,-0.09322810289558847,0.01427242166940382
2026-09-23.1,nuScenes,oracle,brake,J,R2_cnn_clf,0.3,286,955,246.6178238736764,True,0.03437436999237659,0.0,0.08017285135431265,0.03043053565795541,0.0006765464257103242,0.09382537416194034,0.15753310747508642,0.061511233252325555,0.26809238790404544,2.881149158643364e-17,-4.916421684386145e-17,8.063281942644008e-17,0.003943834334421182,-0.07087776122127183,0.05753184280854528,0.191907477467463,0.09220776222092035,0.29824338096689484,-0.023097398128769403,-0.06895029011880016,0.02384516592040163,0.015543972974536956,-0.008594240559100852,0.06094076662570943,0.023097398128769375,-0.02384516592040165,0.06895029011880015,-0.03864137110330636,-0.10212188123524016,0.012517759405233309
2026-09-23.1,nuScenes,oracle,brake,J,R2_cnn_clf,0.5,478,955,246.6178238736764,True,0.0647511042789317,0.021007642339987982,0.1221065426634994,0.04177181048102311,0.006041089951325601,0.11825148138445087,0.12715637318853132,0.044011973387812375,0.20842076918999625,2.881149158643364e-17,-4.916421684386145e-17,8.063281942644008e-17,0.02297929379790858,-0.07113875071552556,0.0873496660267611,0.191907477467463,0.09220776222092035,0.29824338096689484,-0.031303109573892735,-0.07426888735879963,0.01979647160202193,0.016891471450694362,0.0006230189585052984,0.05069587914864571,0.03130310957389272,-0.019796471602021925,0.07426888735879962,-0.04819458102458711,-0.10244667649637829,-0.0016251453838379399
2026-09-23.1,nuScenes,oracle,plan_ade,JC_ade,random,0.1,75,752,3015.1530604685695,True,0.002865667651610472,0.001640630195976859,0.004381559020817477,0.0029492245060063786,0.0018380028710611304,0.004546695390015611,0.02586742666853719,0.014683080526060734,0.03943301826227705,0.003112938891887509,0.000790748973045919,0.0073128379140169055,-8.355685439590695e-05,-0.001442768415205267,0.0012487867483745214,0.025620155428260155,0.014841647228458018,0.038154380513666236,,,,,,,,,,,,
2026-09-23.1,nuScenes,oracle,plan_ade,JC_ade,random,0.2,150,752,3015.1530604685695,True,0.005731335303220944,0.0032667802048005116,0.008762631303917606,0.005898449012012757,0.0036955802475018133,0.009085752788505727,0.02300175901692672,0.013062962918533504,0.03504194366094122,1.8852581517693922e-17,-1.3717235704683186e-17,0.0008090782222385944,-0.0001671137087918139,-0.002904288863568554,0.0024994325359313334,0.028733094320147645,0.016323710722037598,0.043498306599022506,,,,,,,,,,,,
2026-09-23.1,nuScenes,oracle,plan_ade,JC_ade,random,0.3,226,752,3015.1530604685695,True,0.00863521185685289,0.0049013779994809496,0.01314433942075902,0.008886996511432555,0.005538361850886367,0.013655283392457146,0.020097882463294775,0.011422332722556643,0.030651712207660164,1.8852581517693922e-17,-1.6156059724160598e-17,4.759413464498969e-17,-0.0002517846545796663,-0.004347057278773821,0.0037408725372217308,0.028733094320147645,0.016323710722037598,0.04379605162841919,,,,,,,,,,,,
2026-09-23.1,nuScenes,oracle,plan_ade,JC_ade,random,0.5,376,752,3015.1530604685695,True,0.014366547160073833,0.008161584919052554,0.021887393525332935,0.014785445523445313,0.009215276255332095,0.02273844055050625,0.014366547160073833,0.008162125802985039,0.021891928181540222,1.8852581517693922e-17,-1.6156059724160598e-17,4.759413464498969e-17,-0.0004188983633714802,-0.007251346142342375,0.006233100024710445,0.028733094320147645,0.016323710722037598,0.04379605162841919,,,,,,,,,,,,
2026-09-23.1,nuScenes,oracle,plan_ade,JC_ade,uncertainty,0.1,75,752,3015.1530604685695,True,0.002946635657778215,0.0013900430227327745,0.00544058604135082,0.005204136183158709,0.0020753796835834867,0.00878801135188305,0.02578645866236945,0.013673432230416989,0.04086497120963205,0.003112938891887509,0.000790748973045919,0.0073128379140169055,-0.0022575005253804943,-0.006134448903660165,0.00172366403991432,0.025620155428260155,0.014841647228458018,0.038154380513666236,8.096800616774324e-05,-0.0018201147229220396,0.0025733683160851376,0.002254911677152331,-0.0012567720544316872,0.005677838478163156,-8.096800616774064e-05,-0.002573368316085138,0.0018201147229220378,-0.002173943670984587,-0.006159856000551384,0.002076186492066815
2026-09-23.1,nuScenes,oracle,plan_ade,JC_ade,uncertainty,0.2,150,752,3015.1530604685695,True,0.00961875732781422,0.004252351646874546,0.015633458828908015,0.012978843917741708,0.005939795242668166,0.019151629482306743,0.019114336992333444,0.009065418613729928,0.03600798028053608,1.8852581517693922e-17,-1.3717235704683186e-17,0.0008090782222385944,-0.0033600865899274866,-0.01160376353097134,0.0038676684557389872,0.028733094320147645,0.016323710722037598,0.043498306599022506,0.003887422024593277,-0.0021151635638210994,0.008894927862590465,0.0070803949057289504,-0.0004974941686436804,0.0121437045112573,-0.003887422024593277,-0.008894927862590468,0.0021151635638210955,-0.0031929728811356728,-0.01003893069143309,0.003540734567599693
2026-09-23.1,nuScenes,oracle,plan_ade,JC_ade,uncertainty,0.3,226,752,3015.1530604685695,True,0.012101066311799403,0.006808529166152519,0.020703351983594367,0.017733553760239513,0.009070221564142706,0.027800679436823256,0.016632028008348263,0.006398863504950104,0.028242468881666916,1.8852581517693922e-17,-1.6156059724160598e-17,4.759413464498969e-17,-0.005632487448440104,-0.015680248041740157,0.004111867232049558,0.028733094320147645,0.016323710722037598,0.04379605162841919,0.0034658544549465136,-0.0012178689781250146,0.009963810042290328,0.008846557248806957,0.0029114027472908386,0.015209588713950523,-0.003465854454946512,-0.009963810042290326,0.0012178689781250109,-0.005380702793860438,-0.013693345741665669,0.0030460082087216374
2026-09-23.1,nuScenes,oracle,plan_ade,JC_ade,uncertainty,0.5,376,752,3015.1530604685695,True,0.01953458353270357,0.011616383224690227,0.029794639801661846,0.022080041399386748,0.012182800827133796,0.03790890128949663,0.009198510787444096,0.0027785510793888486,0.019812209939323523,1.8852581517693922e-17,-1.6156059724160598e-17,4.759413464498969e-17,-0.0025454578666831715,-0.019217080785564594,0.010022009564845776,0.028733094320147645,0.016323710722037598,0.04379605162841919,0.005168036372629737,-0.000957739518032146,0.010760346208019606,0.007294595875941435,0.002263744666569735,0.015525214723570088,-0.005168036372629737,-0.010760346208019604,0.0009577395180321469,-0.0021265595033116915,-0.014957852886118563,0.0052250349822333415
2026-09-23.1,nuScenes,oracle,plan_ade,JC_ade,criticality_cheap,0.1,75,752,3015.1530604685695,True,0.003843394683627779,0.0017127398560415525,0.005863850885808957,0.008948814609028742,0.0031082186773592475,0.01788258248254029,0.024889699636519887,0.013493354231827726,0.03994551802449615,0.003112938891887509,0.000790748973045919,0.0073128379140169055,-0.005105419925400965,-0.014140013444599139,-1.9835755459175826e-05,0.025620155428260155,0.014841647228458018,0.038154380513666236,0.000977727032017307,-0.001321408301246122,0.0026623801590646276,0.005999590103022363,0.0009875321283051575,0.013463226370725511,-0.0009777270320173032,-0.0026623801590646293,0.001321408301246125,-0.005021863071005058,-0.013298177902956308,-6.835977385059112e-05
2026-09-23.1,nuScenes,oracle,plan_ade,JC_ade,criticality_cheap,0.2,150,752,3015.1530604685695,True,0.005921503701983274,0.0028375574748898606,0.00848051035114567,0.013741797655095863,0.004864744659006698,0.025910392283279,0.02281159061816439,0.011554727608520134,0.03735569962205495,1.8852581517693922e-17,-1.3717235704683186e-17,0.0008090782222385944,-0.007820293953112584,-0.020810182193652483,-0.00025127949654929894,0.028733094320147645,0.016323710722037598,0.043498306599022506,0.00019016839876233056,-0.0032587077359398134,0.0026375858115498096,0.007843348643083106,0.0008549953203678385,0.017148179344339213,-0.0001901683987623297,-0.002637585811549807,0.0032587077359398126,-0.00765318024432077,-0.018945339105798865,-0.00033595131928889607
2026-09-23.1,nuScenes,oracle,plan_ade,JC_ade,criticality_cheap,0.3,226,752,3015.1530604685695,True,0.007360429945901315,0.004407045397430562,0.013211262508187355,0.01658817578317507,0.006415004554178987,0.02990434782987821,0.021372664374246352,0.009914614797649862,0.03483004537745173,1.8852581517693922e-17,-1.6156059724160598e-17,4.759413464498969e-17,-0.009227745837273753,-0.022274127586910462,0.0021777065345234595,0.028733094320147645,0.016323710722037598,0.04379605162841919,-0.0012747819109515746,-0.005203770934974133,0.004081947075411438,0.007701179271742515,0.0008813758118445174,0.016779415018652297,0.0012747819109515772,-0.004081947075411439,0.005203770934974135,-0.008975961182694087,-0.020064575378472012,0.0008227121862594738
2026-09-23.1,nuScenes,oracle,plan_ade,JC_ade,criticality_cheap,0.5,376,752,3015.1530604685695,True,0.014889171761459201,0.008495622535722147,0.0250662734566461,0.020851526535266614,0.01038924652383114,0.03556216390003014,0.013843922558688463,0.005991240094731549,0.024350571708369392,1.8852581517693922e-17,-1.6156059724160598e-17,4.759413464498969e-17,-0.005962354773807405,-0.020461669115520817,0.006356011220460241,0.028733094320147645,0.016323710722037598,0.04379605162841919,0.0005226246013853679,-0.004379202563081941,0.006068858815582625,0.006066081011821302,0.0004941801782420387,0.013532118906459376,-0.0005226246013853696,-0.006068858815582626,0.004379202563081938,-0.005543456410435924,-0.01578401650334011,0.002708980874523797
2026-09-23.1,nuScenes,oracle,plan_ade,JC_ade,trivial_ego_speed,0.1,75,752,3015.1530604685695,True,0.0009442896470721872,0.0005024830873168474,0.002379965821659126,0.0013044767457845207,0.0,0.00290564638587237,0.027788804673075474,0.015287054317700416,0.04247736004952425,0.003112938891887509,0.000790748973045919,0.0073128379140169055,-0.00036018709871233354,-0.0017757850216153976,0.0015028259665002474,0.025620155428260155,0.014841647228458018,0.038154380513666236,-0.0019213780045382847,-0.0033368881439113113,-0.00040451369437241634,-0.001644747760221858,-0.0035826046046201687,0.0004148200782703964,0.0019213780045382843,0.0004045136943724111,0.0033368881439113113,-0.0002766302443164266,-0.002224755621889996,0.0018901085215321696
2026-09-23.1,nuScenes,oracle,plan_ade,JC_ade,trivial_ego_speed,0.2,150,752,3015.1530604685695,True,0.002104198382146444,0.0010213353976345364,0.004688498957728759,0.0027012957030835786,0.0014654808636299854,0.007463425422096405,0.02662889593800122,0.01446537473633716,0.041016593533239054,1.8852581517693922e-17,-1.3717235704683186e-17,0.0008090782222385944,-0.0005970973209371346,-0.004798862412248717,0.0017753301058754808,0.028733094320147645,0.016323710722037598,0.043498306599022506,-0.0036271369210744996,-0.006302262189029202,-0.0011547780015850227,-0.0031971533089291786,-0.006273914976144163,0.0007623400851358427,0.003627136921074501,0.0011547780015850196,0.006302262189029199,-0.0004299836121453207,-0.005080533848312249,0.0023188185726642557
2026-09-23.1,nuScenes,oracle,plan_ade,JC_ade,trivial_ego_speed,0.3,226,752,3015.1530604685695,True,0.0037639417440487703,0.0017314675875350972,0.007830716211094955,0.006862188279412613,0.003549754715291332,0.01928098226581623,0.024969152576098896,0.013237400750972126,0.03892711293241546,1.8852581517693922e-17,-1.6156059724160598e-17,4.759413464498969e-17,-0.0030982465353638477,-0.014969941808341028,0.0009881975269684425,0.028733094320147645,0.016323710722037598,0.04379605162841919,-0.004871270112804119,-0.008600739833569905,-0.001218603202622872,-0.0020248082320199427,-0.005609575526870477,0.007743004113163134,0.004871270112804121,0.0012186032026228753,0.0086007398335699,-0.0028464618807841815,-0.014244216864582753,0.000998124864634894
2026-09-23.1,nuScenes,oracle,plan_ade,JC_ade,trivial_ego_speed,0.5,376,752,3015.1530604685695,True,0.011982042421825384,0.004478975220080374,0.019817018110129588,0.01651904601661036,0.008149272620594365,0.03119938644527504,0.01675105189832228,0.008843127150040748,0.02952430533495645,1.8852581517693922e-17,-1.6156059724160598e-17,4.759413464498969e-17,-0.004537003594784982,-0.01701139070814286,0.0036532548896570966,0.028733094320147645,0.016323710722037598,0.04379605162841919,-0.0023845047382484493,-0.009753695918494197,0.0028241251723869305,0.0017336004931650488,-0.0038414761188622602,0.009180292151670351,0.0023845047382484476,-0.0028241251723869275,0.009753695918494197,-0.004118105231413502,-0.012655416167250832,0.0013787178234539765
2026-09-23.1,nuScenes,oracle,plan_ade,JC_ade,gate_ridge,0.1,75,752,3015.1530604685695,True,0.006010189434846366,0.0018855217289251978,0.014430458609718849,0.006247562645297077,0.0024033584652498425,0.010606925806587748,0.0227229048853013,0.012359110707272436,0.034867329358860354,0.003112938891887509,0.000790748973045919,0.0073128379140169055,-0.00023737321045071066,-0.0051831177230170335,0.008146619015185852,0.025620155428260155,0.014841647228458018,0.038154380513666236,0.0031445217832358945,-0.0007131527201793097,0.010503043579969866,0.0032983381392906984,7.486689377926437e-05,0.006491149943161053,-0.00314452178323589,-0.010503043579969869,0.0007131527201793126,-0.0001538163560548037,-0.004232904260979221,0.007788401519985526
2026-09-23.1,nuScenes,oracle,plan_ade,JC_ade,gate_ridge,0.2,150,752,3015.1530604685695,True,0.008867759690056558,0.0034721324671830953,0.017714727484146375,0.013163839233000374,0.004057640528114375,0.02291439405748973,0.019865334630091106,0.010460862907453385,0.03156100458091073,1.8852581517693922e-17,-1.3717235704683186e-17,0.0008090782222385944,-0.00429607954294382,-0.015494987735143139,0.005128257058672581,0.028733094320147645,0.016323710722037598,0.043498306599022506,0.0031364243868356144,-0.0013453742814547574,0.009632139860174157,0.007265390220987617,0.00011271206767623696,0.015057777924302698,-0.0031364243868356144,-0.009632139860174157,0.0013453742814547587,-0.004128965834152005,-0.013507425337273582,0.0036935558905214793
2026-09-23.1,nuScenes,oracle,plan_ade,JC_ade,gate_ridge,0.3,226,752,3015.1530604685695,True,0.011718646734326493,0.0055754204279449575,0.020463041154918284,0.013830239064880226,0.005131416026290103,0.02951587129409797,0.01701444758582117,0.008503647149386017,0.028781788416114066,1.8852581517693922e-17,-1.6156059724160598e-17,4.759413464498969e-17,-0.002111592330553735,-0.01762828661827167,0.0069286363918145775,0.028733094320147645,0.016323710722037598,0.04379605162841919,0.0030834348774736037,-0.0019350891690709854,0.008720455801185623,0.00494324255344767,-0.0011039782690174511,0.016356937256609954,-0.0030834348774736037,-0.008720455801185627,0.0019350891690709878,-0.0018598076759740686,-0.014871212583716981,0.005441551261105781
2026-09-23.1,nuScenes,oracle,plan_ade,JC_ade,gate_ridge,0.5,376,752,3015.1530604685695,True,0.016260687829962393,0.008877191114251783,0.02766646210911255,0.017243155879508653,0.007318674311331077,0.032485539760241995,0.01247240649018527,0.0052145595635618375,0.020961218621934674,1.8852581517693922e-17,-1.6156059724160598e-17,4.759413464498969e-17,-0.000982468049546254,-0.016004892796087414,0.010208018398888519,0.028733094320147645,0.016323710722037598,0.04379605162841919,0.0018941406698885603,-0.002859725830874173,0.00805036600048116,0.0024577103560633404,-0.0034481865978660668,0.01091416666830535,-0.0018941406698885638,-0.00805036600048116,0.0028597258308741746,-0.0005635696861747738,-0.011169606716751969,0.007275476094489401
2026-09-23.1,nuScenes,oracle,plan_ade,JC_ade,gate_gbm,0.1,75,752,3015.1530604685695,True,0.003682023395006809,0.0010580982356276892,0.009453436162552224,0.00851226033663566,0.0028439512448351924,0.017883960863812047,0.025051070925140854,0.013587117068594005,0.03763044396371905,0.003112938891887509,0.000790748973045919,0.0073128379140169055,-0.0048302369416288495,-0.014931922150591356,0.004399851893205757,0.025620155428260155,0.014841647228458018,0.038154380513666236,0.0008163557433963371,-0.0017130443154835349,0.0058370623203195925,0.005563035830629281,0.0003221981436880274,0.013619075167371245,-0.0008163557433963353,-0.005837062320319598,0.0017130443154835377,-0.004746680087232943,-0.013639544837808699,0.0040176677102572245
2026-09-23.1,nuScenes,oracle,plan_ade,JC_ade,gate_gbm,0.2,150,752,3015.1530604685695,True,0.007486844182276812,0.0025693137927567653,0.0162525258947147,0.011540570794695375,0.005315743755256786,0.02254937456245654,0.021246250137870855,0.011783541446570327,0.031997363971969534,1.8852581517693922e-17,-1.3717235704683186e-17,0.0008090782222385944,-0.004053726612418564,-0.015433692568093292,0.00575628598023871,0.028733094320147645,0.016323710722037598,0.043498306599022506,0.0017555088790558683,-0.0023733323029454982,0.008480760782239312,0.005642121782682618,0.0011062208816665065,0.013871049467195112,-0.0017555088790558657,-0.00848076078223931,0.0023733323029455013,-0.0038866129036267505,-0.013196434433497068,0.004333780193877339
2026-09-23.1,nuScenes,oracle,plan_ade,JC_ade,gate_gbm,0.3,226,752,3015.1530604685695,True,0.01165505426828249,0.004966821339110731,0.020081742521659326,0.013945825601482291,0.00711758126360968,0.025103311475529518,0.017078040051865175,0.009110871901659734,0.028992131972845968,1.8852581517693922e-17,-1.6156059724160598e-17,4.759413464498969e-17,-0.0022907713331997977,-0.013893090039760353,0.0068077994743672675,0.028733094320147645,0.016323710722037598,0.04379605162841919,0.0030198424114296005,-0.0023373280538623743,0.008888330833517238,0.005058829090049736,0.000781955627535939,0.01221978155919382,-0.0030198424114296005,-0.008888330833517236,0.0023373280538623764,-0.0020389866786201315,-0.011402036799590988,0.004884985532578248
2026-09-23.1,nuScenes,oracle,plan_ade,JC_ade,gate_gbm,0.5,376,752,3015.1530604685695,True,0.019804002726056088,0.010689322414891692,0.03180192353518718,0.018715210563248708,0.010818433550960356,0.030572691267932585,0.008929091594091576,0.004547947939890264,0.015055692969601426,1.8852581517693922e-17,-1.6156059724160598e-17,4.759413464498969e-17,0.0010887921628073816,-0.005331080296190283,0.008820849142908078,0.028733094320147645,0.016323710722037598,0.04379605162841919,0.005437455565982255,0.0014583369672131086,0.011158684968674452,0.003929765039803395,-0.0004405487139309059,0.008477654378773233,-0.005437455565982257,-0.011158684968674448,-0.001458336967213109,0.0015076905261788619,-0.0020253211111830468,0.005802063844222161
2026-09-23.1,nuScenes,oracle,plan_ade,JC_ade,R1_mlp_reg,0.1,75,752,3015.1530604685695,True,0.003940897814441266,0.0014306135171988262,0.006977417262366409,0.00426355806096132,0.0016097767201248417,0.008830393998370288,0.0247921965057064,0.013758954643272236,0.039261947838033266,0.003112938891887509,0.000790748973045919,0.0073128379140169055,-0.00032266024652005296,-0.005838622671107609,0.0037077906696493094,0.025620155428260155,0.014841647228458018,0.038154380513666236,0.001075230162830794,-0.001395912196914322,0.003479909031374852,0.0013143335549549414,-0.001544451494547855,0.005609163750610029,-0.0010752301628307905,-0.0034799090313748504,0.0013959121969143221,-0.000239103392124146,-0.006013948977062316,0.0035490614517004813
2026-09-23.1,nuScenes,oracle,plan_ade,JC_ade,R1_mlp_reg,0.2,150,752,3015.1530604685695,True,0.007587075990602892,0.003707177497890067,0.012366569507055008,0.00984757851250458,0.00385540584926366,0.019138167466183183,0.021146018329544772,0.01111607542214931,0.034850378516828553,1.8852581517693922e-17,-1.3717235704683186e-17,0.0008090782222385944,-0.0022605025219016887,-0.012415686036598362,0.005316943300712005,0.028733094320147645,0.016323710722037598,0.043498306599022506,0.001855740687381948,-0.0018806696258857603,0.00541718574985705,0.0039491295004918225,-0.0009291964069950183,0.010817780866312483,-0.001855740687381948,-0.0054171857498570486,0.0018806696258857583,-0.002093388813109875,-0.011649798138249678,0.0048158870279782435
2026-09-23.1,nuScenes,oracle,plan_ade,JC_ade,R1_mlp_reg,0.3,226,752,3015.1530604685695,True,0.008512568042616438,0.004489551730211129,0.014623278437955977,0.013589396172290146,0.007001426500491451,0.023075409631226024,0.020220526277531226,0.00975989779382204,0.03272675007304232,1.8852581517693922e-17,-1.6156059724160598e-17,4.759413464498969e-17,-0.0050768281296737095,-0.015092184788414637,0.0030450678679289044,0.028733094320147645,0.016323710722037598,0.04379605162841919,-0.00012264381423645124,-0.004046994866390549,0.005216442503742305,0.00470239966085759,0.0005129698392815284,0.010315822100154194,0.00012264381423645124,-0.005216442503742308,0.004046994866390548,-0.004825043475094043,-0.013592753691504087,0.0023850383642355024
2026-09-23.1,nuScenes,oracle,plan_ade,JC_ade,R1_mlp_reg,0.5,376,752,3015.1530604685695,True,0.013974756943421976,0.007229421567080238,0.02108367990619209,0.01740158818281603,0.00925981786000015,0.02910135971475838,0.014758337376725689,0.007188077752940951,0.026629270733631298,1.8852581517693922e-17,-1.6156059724160598e-17,4.759413464498969e-17,-0.0034268312393940545,-0.010948380003601243,0.002576022300264095,0.028733094320147645,0.016323710722037598,0.04379605162841919,-0.0003917902166518574,-0.006589007267918961,0.004253620426201445,0.002616142659370716,-0.0016279966515122919,0.007100601622463263,0.0003917902166518557,-0.004253620426201445,0.0065890072679189605,-0.0030079328760225744,-0.010592678427509713,0.002408150475322392
2026-09-23.1,nuScenes,oracle,plan_ade,JC_ade,R1_mlp_clf,0.1,75,752,3015.1530604685695,True,0.0016738550079327288,0.0006980674280905778,0.0026556487123544185,0.0034551785537770205,0.0017482678744658244,0.005642931930399334,0.027059239312214933,0.014946903503619734,0.04204711841680235,0.003112938891887509,0.000790748973045919,0.0073128379140169055,-0.0017813235458442927,-0.0039612471766339065,-0.0003568813386120249,0.025620155428260155,0.014841647228458018,0.038154380513666236,-0.001191812643677743,-0.002909487416129825,0.00011635316058589039,0.0005059540477706419,-0.001267361742984693,0.0025997085052741316,0.0011918126436777435,-0.00011635316058588904,0.002909487416129822,-0.0016977666914483858,-0.00398356829946451,0.0002087278938488912
2026-09-23.1,nuScenes,oracle,plan_ade,JC_ade,R1_mlp_clf,0.2,150,752,3015.1530604685695,True,0.005468281750852925,0.002996644140188815,0.009790330866572177,0.007592073703162025,0.003531546889211541,0.012155382124491437,0.02326481256929474,0.011901846595872255,0.037983073206286404,1.8852581517693922e-17,-1.3717235704683186e-17,0.0008090782222385944,-0.002123791952309099,-0.007233762753153404,0.00419685104001473,0.028733094320147645,0.016323710722037598,0.043498306599022506,-0.0002630535523680186,-0.0040321546395702445,0.0035490560215116033,0.0016936246911492675,-0.0016081265697323384,0.004974315111538449,0.0002630535523680186,-0.003549056021511607,0.004032154639570242,-0.0019566782435172852,-0.00718970058689028,0.003999306789349695
2026-09-23.1,nuScenes,oracle,plan_ade,JC_ade,R1_mlp_clf,0.3,226,752,3015.1530604685695,True,0.012087395594432027,0.005924309623416274,0.019405619134760934,0.009438014962743138,0.005041613614864851,0.014329431574612415,0.016645698725715637,0.008629643972158044,0.029784877036999044,1.8852581517693922e-17,-1.6156059724160598e-17,4.759413464498969e-17,0.0026493806316888894,-0.005036141618157455,0.010138128376179625,0.028733094320147645,0.016323710722037598,0.04379605162841919,0.0034521837375791377,-0.0021695013984735223,0.008511489891136486,0.000551018451310583,-0.0037763228848155727,0.004269926755779794,-0.0034521837375791377,-0.00851148989113649,0.002169501398473518,0.0029011652862685556,-0.004527072955314375,0.011294475973592483
2026-09-23.1,nuScenes,oracle,plan_ade,JC_ade,R1_mlp_clf,0.5,376,752,3015.1530604685695,True,0.016236695702360634,0.007963493162351688,0.026606873437225745,0.01267766007539166,0.007847685084421609,0.01968443779541345,0.012496398617787029,0.006512814284664337,0.02076635049866267,1.8852581517693922e-17,-1.6156059724160598e-17,4.759413464498969e-17,0.0035590356269689714,-0.0034264881408022827,0.01145532061131911,0.028733094320147645,0.016323710722037598,0.04379605162841919,0.0018701485422868008,-0.002190775059890017,0.006616075239843636,-0.0021077854480536524,-0.00828693836116636,0.0026765032620549825,-0.0018701485422868043,-0.006616075239843638,0.0021907750598900164,0.0039779339903404515,-0.0026436831943036834,0.013659752441063999
2026-09-23.1,nuScenes,oracle,plan_ade,JC_ade,R1_gbm_reg,0.1,75,752,3015.1530604685695,True,0.0016571915634423743,0.0007872375193640269,0.002531638740861633,0.004542522947070175,0.0024429303105775405,0.007551585077697906,0.02707590275670529,0.01482781896790152,0.04228157615769022,0.003112938891887509,0.000790748973045919,0.0073128379140169055,-0.002885331383627801,-0.0060163803183019325,-0.0007836442623605229,0.025620155428260155,0.014841647228458018,0.038154380513666236,-0.0012084760881680976,-0.002823816331853739,-2.736843109231337e-05,0.0015932984410637965,-9.993006601880719e-05,0.0036478616077917046,0.0012084760881681013,2.73684310923138e-05,0.002823816331853736,-0.002801774529231894,-0.005366476668229972,-0.0008534993366537808
2026-09-23.1,nuScenes,oracle,plan_ade,JC_ade,R1_gbm_reg,0.2,150,752,3015.1530604685695,True,0.004960252132436265,0.002457306798166142,0.007680583816691035,0.007359034697760533,0.004548880843436273,0.011104278071109806,0.023772842187711397,0.012673156397763825,0.03783112275095751,1.8852581517693922e-17,-1.3717235704683186e-17,0.0008090782222385944,-0.002398782565324269,-0.006818266930849598,0.0013218166799725973,0.028733094320147645,0.016323710722037598,0.043498306599022506,-0.0007710831707846786,-0.003611878766560272,0.0012819312154442296,0.0014605856857477758,-0.0006365547184713437,0.003251250162221901,0.0007710831707846769,-0.001281931215444229,0.003611878766560271,-0.0022316688565324552,-0.005508734904953738,0.0003340000273883071
2026-09-23.1,nuScenes,oracle,plan_ade,JC_ade,R1_gbm_reg,0.3,226,752,3015.1530604685695,True,0.008418928589760554,0.0041709759829219074,0.014545687425767038,0.013328564903092126,0.00672022083777954,0.02146589090587026,0.020314165730387114,0.01054068406634149,0.03262755887011183,1.8852581517693922e-17,-1.6156059724160598e-17,4.759413464498969e-17,-0.004909636313331574,-0.01322338464502994,0.003204864456222802,0.028733094320147645,0.016323710722037598,0.04379605162841919,-0.0002162832670923355,-0.0044670607739643224,0.003687336514457913,0.004441568391659571,-0.0007724220323607297,0.009544179971308176,0.00021628326709233897,-0.0036873365144579136,0.004467060773964321,-0.004657851658751907,-0.0111001282905362,0.0014268442738334852
2026-09-23.1,nuScenes,oracle,plan_ade,JC_ade,R1_gbm_reg,0.5,376,752,3015.1530604685695,True,0.016103993936081834,0.008185874559003797,0.024003790610505473,0.019354100152519534,0.011141620742054558,0.03087882216560865,0.01262910038406583,0.00664587344606355,0.022961909203746904,1.8852581517693922e-17,-1.6156059724160598e-17,4.759413464498969e-17,-0.003250106216437697,-0.015287506403047952,0.003389900170740639,0.028733094320147645,0.016323710722037598,0.04379605162841919,0.001737446776008001,-0.0038907226910700025,0.0051448015100874775,0.004568654629074222,0.0005790524363629268,0.0094529976197167,-0.0017374467760080028,-0.00514480151008748,0.0038907226910699973,-0.002831207853066217,-0.010952523002899783,0.000724978052351979
2026-09-23.1,nuScenes,oracle,plan_ade,JC_ade,R1_gbm_clf,0.1,75,752,3015.1530604685695,True,0.0040289019241404695,0.0020885630969944536,0.007051768113892053,0.0047671456971281135,0.0022925589444584096,0.00835693027342198,0.024704192396007192,0.013217520062279242,0.039287102799572746,0.003112938891887509,0.000790748973045919,0.0073128379140169055,-0.0007382437729876442,-0.004673099331430392,0.0027367922366630295,0.025620155428260155,0.014841647228458018,0.038154380513666236,0.0011632342725299977,-0.0007413718266701141,0.0035932455119056434,0.0018179211911217349,-0.0008316225843579575,0.004976284802499728,-0.0011632342725299977,-0.0035932455119056387,0.0007413718266701153,-0.0006546869185917373,-0.004688696584866977,0.0029896464614667206
2026-09-23.1,nuScenes,oracle,plan_ade,JC_ade,R1_gbm_clf,0.2,150,752,3015.1530604685695,True,0.007360428627874559,0.004401665496224512,0.010630427909335471,0.006459048935836312,0.004369823096922345,0.01604269966533224,0.021372665692273106,0.010366874263546684,0.036411211487120794,1.8852581517693922e-17,-1.3717235704683186e-17,0.0008090782222385944,0.0009013796920382446,-0.009531156645996625,0.003981308856625574,0.028733094320147645,0.016323710722037598,0.043498306599022506,0.0016290933246536155,-0.002119967406169576,0.004585363998386771,0.0005605999238235551,-0.002627416395764935,0.0091624345884231,-0.0016290933246536146,-0.004585363998386772,0.0021199674061695784,0.0010684934008300586,-0.008754465465412345,0.004207493632611082
2026-09-23.1,nuScenes,oracle,plan_ade,JC_ade,R1_gbm_clf,0.3,226,752,3015.1530604685695,True,0.011648725513052247,0.006893448143450839,0.01728054433669873,0.013545918952006318,0.00692171567907615,0.02404808438824025,0.017084368807095417,0.007776524068257854,0.029663152102770173,1.8852581517693922e-17,-1.6156059724160598e-17,4.759413464498969e-17,-0.0018971934389540733,-0.01348673784449463,0.0054624362329602286,0.028733094320147645,0.016323710722037598,0.04379605162841919,0.0030135136561993577,-0.0009038253082261002,0.006675666383267732,0.004658922440573763,0.0007469758651707737,0.011022714000543762,-0.0030135136561993577,-0.006675666383267734,0.0009038253082260967,-0.0016454087843744071,-0.010317617230961498,0.003876719133097688
2026-09-23.1,nuScenes,oracle,plan_ade,JC_ade,R1_gbm_clf,0.5,376,752,3015.1530604685695,True,0.018554876882416797,0.010100001620288892,0.029439280210649347,0.019617295313710204,0.010364219050095682,0.03268495253949572,0.010178217437730867,0.004155875415287799,0.01862902368983083,1.8852581517693922e-17,-1.6156059724160598e-17,4.759413464498969e-17,-0.0010624184312934039,-0.015671295718502887,0.011712481703812729,0.028733094320147645,0.016323710722037598,0.04379605162841919,0.004188329722342964,-0.00111857942556801,0.009701321085870459,0.004831849790264891,5.854604108240693e-05,0.011019270802671018,-0.004188329722342966,-0.009701321085870457,0.0011185794255680094,-0.0006435200679219236,-0.010932539188078672,0.007343616904884515
2026-09-23.1,nuScenes,oracle,plan_ade,JC_ade,R2_cnn_clf,0.1,75,752,3015.1530604685695,True,0.0020462144263389756,0.000931272094806853,0.0037218455663692524,0.0023247143561761392,0.0008985701238043278,0.00981988676409028,0.02668687989380869,0.01439748628229218,0.04158776448978777,0.003112938891887509,0.000790748973045919,0.0073128379140169055,-0.0002784999298371639,-0.00835796336474446,0.00186501017616626,0.025620155428260155,0.014841647228458018,0.038154380513666236,-0.0008194532252714963,-0.002689959441897552,0.001104020884527807,-0.0006245101498302394,-0.0018242011852149331,0.00616173057715444,0.0008194532252715006,-0.0011040208845278056,0.0026899594418975476,-0.00019494307544125694,-0.00748163427693122,0.0017575606952110227
2026-09-23.1,nuScenes,oracle,plan_ade,JC_ade,R2_cnn_clf,0.2,150,752,3015.1530604685695,True,0.0041211108053761,0.0023793758854308974,0.007083354339734998,0.008791145046835211,0.0029974308269571765,0.017693096466743993,0.024611983514771563,0.012587835585833757,0.03920967608630905,1.8852581517693922e-17,-1.3717235704683186e-17,0.0008090782222385944,-0.004670034241459108,-0.014051592158680088,0.002351594806172738,0.028733094320147645,0.016323710722037598,0.043498306599022506,-0.0016102244978448439,-0.004513535256938751,0.0014577777274316014,0.002892696034822454,-0.0017800989674776428,0.008861157931961922,0.0016102244978448421,-0.0014577777274316001,0.00451353525693875,-0.004502920532667294,-0.012272110388141024,0.002009708798313828
2026-09-23.1,nuScenes,oracle,plan_ade,JC_ade,R2_cnn_clf,0.3,226,752,3015.1530604685695,True,0.006749038922625031,0.0037342730860381603,0.010453617886798798,0.011843427791819022,0.0048392538121265994,0.022417396438814057,0.021984055397522635,0.01155368745793764,0.036029862197613345,1.8852581517693922e-17,-1.6156059724160598e-17,4.759413464498969e-17,-0.005094388869193992,-0.016492053913787743,0.0024586302442595803,0.028733094320147645,0.016323710722037598,0.04379605162841919,-0.0018861729342278585,-0.005868922188072658,0.001009098122969022,0.0029564312803864665,-0.001918296467611455,0.009697635626121203,0.0018861729342278602,-0.001009098122969023,0.005868922188072658,-0.004842604214614326,-0.0143307884829658,0.0018393772223141138
2026-09-23.1,nuScenes,oracle,plan_ade,JC_ade,R2_cnn_clf,0.5,376,752,3015.1530604685695,True,0.012226799110912446,0.006758762232108889,0.020304806130915388,0.0173549310529534,0.008319768722154534,0.028975066051451535,0.01650629520923522,0.007808883501438737,0.02797048566863578,1.8852581517693922e-17,-1.6156059724160598e-17,4.759413464498969e-17,-0.005128131942040953,-0.017877382236844774,0.0062808296999146505,0.028733094320147645,0.016323710722037598,0.04379605162841919,-0.002139748049161387,-0.007109366826102549,0.00243965910622415,0.0025694855295080865,-0.002560241482647161,0.007552022628553567,0.002139748049161387,-0.0024396591062241526,0.007109366826102551,-0.004709233578669473,-0.013576475153684773,0.003335426040919049
2026-09-23.1,nuScenes,oracle,plan_fde,JC_fde,random,0.1,75,752,5814.220981124377,True,0.004713474577960658,0.002616133474427464,0.007654603164902023,0.0033162322437689327,0.0017266763074124535,0.005779425390403978,0.04254696385705821,0.023532565349155155,0.06899611865124612,9.776618234041632e-18,-3.044093413666356e-17,0.0036645898419220466,0.001397242334191725,-0.0010767773205632716,0.0041601228678439395,0.047260438435018856,0.026151364504529453,0.07495067646308363,,,,,,,,,,,,
2026-09-23.1,nuScenes,oracle,plan_fde,JC_fde,random,0.2,150,752,5814.220981124377,True,0.009426949155921316,0.0052243160855697385,0.015311505902638821,0.006632464487537865,0.0034539183722374803,0.011558850780807955,0.03783348927909755,0.020914626794691176,0.06134036569992671,9.776618234041632e-18,-3.1080567135059776e-17,6.499869616454046e-17,0.00279448466838345,-0.0021397432253848587,0.008320245735687879,0.047260438435018856,0.026151364504529453,0.07665187160256552,,,,,,,,,,,,
2026-09-23.1,nuScenes,oracle,plan_fde,JC_fde,random,0.3,226,752,5814.220981124377,True,0.014203270061588117,0.007855536865212565,0.022975854649573448,0.009992913161223718,0.005180592703459592,0.017340206822832827,0.03305716837343075,0.018295827639316885,0.053686915671802955,9.776618234041632e-18,-3.1080567135059776e-17,6.499869616454046e-17,0.004210356900364398,-0.003202828380001263,0.012480368603531817,0.047260438435018856,0.026151364504529453,0.07665187160256552,,,,,,,,,,,,
2026-09-23.1,nuScenes,oracle,plan_fde,JC_fde,random,0.5,376,752,5814.220981124377,True,0.02363021921750943,0.013058229328568297,0.0383756850515172,0.016625377648761583,0.008633941365903819,0.028868394735462446,0.02363021921750943,0.01309313517596115,0.03827561333302007,9.776618234041632e-18,-3.1080567135059776e-17,6.499869616454046e-17,0.007004841568747848,-0.005356625234322259,0.02080200912580391,0.047260438435018856,0.026151364504529453,0.07665187160256552,,,,,,,,,,,,
2026-09-23.1,nuScenes,oracle,plan_fde,JC_fde,uncertainty,0.1,75,752,5814.220981124377,True,0.004261979098161903,0.0018582649778610461,0.008341998569113216,0.0052786948253329665,0.0019382817326675478,0.008907555948944499,0.04299845933685696,0.021913383701433007,0.07035646891215959,9.776618234041632e-18,-3.044093413666356e-17,0.0036645898419220466,-0.0010167157271710658,-0.005071112585844802,0.0046842587154413435,0.047260438435018856,0.026151364504529453,0.07495067646308363,-0.0004514954797987551,-0.003265139466332638,0.0036414927946465383,0.001962462581564034,-0.0023810087616766887,0.005394593355062718,0.0004514954797987525,-0.003641492794646537,0.003265139466332639,-0.0024139580613627906,-0.006543296049439029,0.0027545469754536463
2026-09-23.1,nuScenes,oracle,plan_fde,JC_fde,uncertainty,0.2,150,752,5814.220981124377,True,0.01482351352812571,0.00604157991215989,0.02411646416869118,0.015577514967540394,0.006449718779909478,0.024975183541073705,0.03243692490689316,0.01413252519884988,0.06240201391341708,9.776618234041632e-18,-3.1080567135059776e-17,6.499869616454046e-17,-0.0007540014394146866,-0.013922241219313835,0.011674278542525512,0.047260438435018856,0.026151364504529453,0.07665187160256552,0.005396564372204394,-0.004956775740728189,0.01316120464877517,0.008945050480002529,-0.0013718791943583691,0.016027709555038853,-0.005396564372204392,-0.013161204648775173,0.0049567757407281855,-0.0035484861077981367,-0.01405708722513051,0.007249589410321264
2026-09-23.1,nuScenes,oracle,plan_fde,JC_fde,uncertainty,0.3,226,752,5814.220981124377,True,0.022179960720497383,0.010088569932716762,0.03898320733935841,0.021364859762246294,0.008948538481832176,0.03806842624286754,0.02508047771452148,0.009809054685439824,0.04846950245723513,9.776618234041632e-18,-3.1080567135059776e-17,6.499869616454046e-17,0.0008151009582510842,-0.021269815161778127,0.021837066553090697,0.047260438435018856,0.026151364504529453,0.07665187160256552,0.007976690658909266,-0.002237246289839035,0.019570654350131427,0.011371946601022576,0.0026810484412225686,0.022503656668684938,-0.007976690658909269,-0.019570654350131438,0.002237246289839031,-0.0033952559421133134,-0.020061750497298,0.01257443196772977
2026-09-23.1,nuScenes,oracle,plan_fde,JC_fde,uncertainty,0.5,376,752,5814.220981124377,True,0.03409735319376133,0.018964165485048392,0.05565875579525038,0.02735761027878781,0.01263710776818241,0.05058000701143759,0.013163085241257533,0.0014324713798326946,0.031990224085996576,9.776618234041632e-18,-3.1080567135059776e-17,6.499869616454046e-17,0.006739742914973525,-0.0200001215875508,0.02974883717176337,0.047260438435018856,0.026151364504529453,0.07665187160256552,0.010467133976251899,-0.0014406724455644083,0.02153646752271201,0.010732232630026227,0.0023251988842757846,0.022790314699213127,-0.010467133976251899,-0.02153646752271202,0.0014406724455644083,-0.00026509865377432294,-0.01900762972493608,0.013910224781990962
2026-09-23.1,nuScenes,oracle,plan_fde,JC_fde,criticality_cheap,0.1,75,752,5814.220981124377,True,0.00737601084429201,0.001738949409851476,0.014217609212715329,0.01104244925860534,0.002278715431456062,0.024891352242974406,0.039884427590726856,0.0210352759746221,0.06772648096035444,9.776618234041632e-18,-3.044093413666356e-17,0.0036645898419220466,-0.0036664384143133303,-0.01949854141270682,0.008311565333302672,0.047260438435018856,0.026151364504529453,0.07495067646308363,0.002662536266331352,-0.002960885309874911,0.007983104875652982,0.007726217014836407,7.755916004168262e-05,0.01960563994499034,-0.002662536266331353,-0.007983104875652975,0.00296088530987491,-0.005063680748505056,-0.01945568339633881,0.0059161818111054835
2026-09-23.1,nuScenes,oracle,plan_fde,JC_fde,criticality_cheap,0.2,150,752,5814.220981124377,True,0.010686879548785338,0.004377834022693426,0.01813092132938919,0.017387087833808455,0.0038199743041533608,0.03834496964444827,0.03657355888623353,0.017315642217579856,0.0628161538830147,9.776618234041632e-18,-3.1080567135059776e-17,6.499869616454046e-17,-0.006700208285023121,-0.02962672463900698,0.008768707039258637,0.047260438435018856,0.026151364504529453,0.07665187160256552,0.001259930392864022,-0.005270699180795975,0.006802413763451524,0.01075462334627059,-0.00038222763650168785,0.027438881462954933,-0.0012599303928640185,-0.006802413763451521,0.005270699180795975,-0.009494692953406571,-0.02978673040422912,0.004346583635266067
2026-09-23.1,nuScenes,oracle,plan_fde,JC_fde,criticality_cheap,0.3,226,752,5814.220981124377,True,0.015382465476626533,0.007760731992525962,0.027207370337993243,0.01958019435837956,0.006310315743338521,0.043857459796010564,0.03187797295839233,0.013701042708594973,0.05566193636002751,9.776618234041632e-18,-3.1080567135059776e-17,6.499869616454046e-17,-0.004197728881753027,-0.029875942811796993,0.01352672892119408,0.047260438435018856,0.026151364504529453,0.07665187160256552,0.001179195415038416,-0.00643265451623739,0.00929916114290717,0.009587281197155843,-9.518441077465014e-06,0.02627535743676915,-0.0011791954150384212,-0.00929916114290717,0.006432654516237388,-0.008408085782117426,-0.02974751966179154,0.0061136049640731615
2026-09-23.1,nuScenes,oracle,plan_fde,JC_fde,criticality_cheap,0.5,376,752,5814.220981124377,True,0.025238586451606707,0.013068516643808122,0.043156862220232454,0.02542413251180168,0.010501491266286538,0.04846710268972495,0.022021851983412156,0.0078051253406001475,0.040427783982105885,9.776618234041632e-18,-3.1080567135059776e-17,6.499869616454046e-17,-0.0001855460601949818,-0.023834712766226247,0.021296967251453063,0.047260438435018856,0.026151364504529453,0.07665187160256552,0.0016083672340972757,-0.008021510998850784,0.010179994134396072,0.008798754863040097,-0.00011193227004800124,0.0205139410717288,-0.0016083672340972757,-0.010179994134396072,0.00802151099885078,-0.00719038762894283,-0.023774260768245122,0.006265909597941573
2026-09-23.1,nuScenes,oracle,plan_fde,JC_fde,trivial_ego_speed,0.1,75,752,5814.220981124377,True,0.0005852825303780941,0.0,0.004679374993969116,0.0012732486012196555,0.0,0.003259395220321738,0.04667515590464077,0.025285359655425377,0.07547368472906273,9.776618234041632e-18,-3.044093413666356e-17,0.0036645898419220466,-0.0006879660708415614,-0.002085341928833784,0.004097090105073648,0.047260438435018856,0.026151364504529453,0.07495067646308363,-0.004128192047582564,-0.0067229132229029275,-0.000636056840469032,-0.002042983642549277,-0.005434685810789618,0.000659614485464969,0.004128192047582559,0.0006360568404690326,0.006722913222902913,-0.0020852084050332863,-0.004903481092532432,0.0030916187065794143
2026-09-23.1,nuScenes,oracle,plan_fde,JC_fde,trivial_ego_speed,0.2,150,752,5814.220981124377,True,0.0024349411503772063,0.0003785197288785932,0.006336554345222103,0.0013020087576376188,0.0,0.008381093940049116,0.044825497284641656,0.024530173379843416,0.07437677718174306,9.776618234041632e-18,-3.1080567135059776e-17,6.499869616454046e-17,0.0011329323927395877,-0.005158379052453024,0.004272306310904945,0.047260438435018856,0.026151364504529453,0.07665187160256552,-0.0069920080055441095,-0.012750224091419087,-0.0023860014965103307,-0.005330455729900247,-0.009880969633951757,0.0016459611566234566,0.006992008005544108,0.0023860014965103272,0.012750224091419095,-0.0016615522756438623,-0.010134976788504372,0.003656173568659798
2026-09-23.1,nuScenes,oracle,plan_fde,JC_fde,trivial_ego_speed,0.3,226,752,5814.220981124377,True,0.003966424191466976,0.0010710327380317902,0.010824203366190973,0.006114675089570822,0.001252279425999652,0.027852655394093824,0.04329401424355189,0.023420957396876982,0.07021638135813152,9.776618234041632e-18,-3.1080567135059776e-17,6.499869616454046e-17,-0.002148250898103847,-0.02094363023145222,0.0027295792278266176,0.047260438435018856,0.026151364504529453,0.07665187160256552,-0.010236845870121141,-0.017911670579191546,-0.0037292179743632784,-0.0038782380716528954,-0.009591355386677873,0.012566160757975781,0.010236845870121143,0.003729217974363284,0.017911670579191553,-0.006358607798468245,-0.025037057334080837,0.0014139870494125626
2026-09-23.1,nuScenes,oracle,plan_fde,JC_fde,trivial_ego_speed,0.5,376,752,5814.220981124377,True,0.015862465047781174,0.0045529490812583695,0.027971365166797164,0.01924564752012227,0.00563097161868907,0.04343407479947586,0.03139797338723769,0.015624200108718808,0.056869293738325374,9.776618234041632e-18,-3.1080567135059776e-17,6.499869616454046e-17,-0.0033831824723410957,-0.025620085258861024,0.01160441851263518,0.047260438435018856,0.026151364504529453,0.07665187160256552,-0.0077677541697282575,-0.02007630903817389,0.0011478377253117608,0.0026202698713606865,-0.005909733869532725,0.014829828339283459,0.0077677541697282575,-0.0011478377253117636,0.020076309038173895,-0.010388024041088944,-0.025519642796084943,0.0015496321889940225
2026-09-23.1,nuScenes,oracle,plan_fde,JC_fde,gate_ridge,0.1,75,752,5814.220981124377,True,0.006469825543873118,0.0012025942529421483,0.016826339872753095,0.004796391645456852,0.001011845197335958,0.009822545938395233,0.040790612891145744,0.022131735813399365,0.06354351566807945,9.776618234041632e-18,-3.044093413666356e-17,0.0036645898419220466,0.001673433898416268,-0.005864595792744499,0.014745205440719111,0.047260438435018856,0.026151364504529453,0.07495067646308363,0.0017563509659124597,-0.00321581314251925,0.010352700480137854,0.001480159401687919,-0.002463119633089579,0.005883178450139054,-0.0017563509659124649,-0.01035270048013786,0.0032158131425192504,0.000276191564224543,-0.006167397150501831,0.011650246763713502
2026-09-23.1,nuScenes,oracle,plan_fde,JC_fde,gate_ridge,0.2,150,752,5814.220981124377,True,0.016177186514415937,0.00492399349153248,0.02606105208127626,0.014760349220071111,0.003565905655044258,0.03258202195925661,0.031083251920602926,0.016615211528929835,0.05683905135806596,9.776618234041632e-18,-3.1080567135059776e-17,6.499869616454046e-17,0.0014168372943448315,-0.021057329637183386,0.014253183479082268,0.047260438435018856,0.026151364504529453,0.07665187160256552,0.00675023735849462,-0.003675362446994091,0.013512439301318145,0.008127884732533246,-0.0008448761783998227,0.02190272887372218,-0.006750237358494622,-0.013512439301318135,0.0036753624469940877,-0.0013776473740386185,-0.02093898878813905,0.009254129508187945
2026-09-23.1,nuScenes,oracle,plan_fde,JC_fde,gate_ridge,0.3,226,752,5814.220981124377,True,0.017481691592042593,0.006326403657454878,0.033867409598985106,0.01921111736420738,0.004769391689333412,0.043613641764975605,0.029778746842976274,0.015307334451545553,0.04802738621429571,9.776618234041632e-18,-3.1080567135059776e-17,6.499869616454046e-17,-0.00172942577216479,-0.025583075623630196,0.017665962582395865,0.047260438435018856,0.026151364504529453,0.07665187160256552,0.0032784215304544756,-0.005197071911799942,0.012934955783877213,0.009218204202983662,-0.0018292127106732722,0.026484330686455265,-0.0032784215304544756,-0.012934955783877215,0.005197071911799941,-0.005939782672529188,-0.02463599727968825,0.008164144580722493
2026-09-23.1,nuScenes,oracle,plan_fde,JC_fde,gate_ridge,0.5,376,752,5814.220981124377,True,0.025653426917287517,0.009411074003277594,0.044173605328016244,0.02248828330192701,0.007335506645154364,0.04709687803658704,0.02160701151773135,0.01002351065909665,0.04005615329791268,9.776618234041632e-18,-3.1080567135059776e-17,6.499869616454046e-17,0.0031651436153605148,-0.023547556559989084,0.024450898129757467,0.047260438435018856,0.026151364504529453,0.07665187160256552,0.0020232076997780853,-0.009890501304837795,0.011139964891630714,0.005862905653165426,-0.0035374222710795487,0.019206753298567445,-0.002023207699778082,-0.01113996489163072,0.009890501304837788,-0.003839697953387333,-0.02298028015487325,0.009583088090248085
2026-09-23.1,nuScenes,oracle,plan_fde,JC_fde,gate_gbm,0.1,75,752,5814.220981124377,True,0.006480584495982383,0.0011347693524130615,0.0139933562734969,0.007108365741712889,0.0006464803475317986,0.019777894049569988,0.040779853939036485,0.020506191110411232,0.06862311801228564,9.776618234041632e-18,-3.044093413666356e-17,0.0036645898419220466,-0.0006277812457305046,-0.014693018205032394,0.01015265407267587,0.047260438435018856,0.026151364504529453,0.07495067646308363,0.0017671099180217248,-0.0036334243070575653,0.008456645232151163,0.0037921334979439565,-0.0018040466512381067,0.01414566109185612,-0.001767109918021724,-0.008456645232151165,0.003633424307057556,-0.0020250235799222295,-0.01477192213898747,0.007679938336231349
2026-09-23.1,nuScenes,oracle,plan_fde,JC_fde,gate_gbm,0.2,150,752,5814.220981124377,True,0.015525132386342108,0.004257135982393772,0.027915022029245926,0.009631932103642766,0.0030993186091745734,0.023109723567303057,0.031735306048676755,0.016768586339511577,0.05490770175696798,9.776618234041632e-18,-3.1080567135059776e-17,6.499869616454046e-17,0.005893200282699345,-0.01054376549632334,0.020805728687829914,0.047260438435018856,0.026151364504529453,0.07665187160256552,0.006098183230420792,-0.002482578870313782,0.014868746086581853,0.0029994676161049,-0.0014670980558438964,0.011968246019340293,-0.006098183230420794,-0.014868746086581858,0.002482578870313782,0.003098715614315895,-0.00966583545257213,0.014024947000314378
2026-09-23.1,nuScenes,oracle,plan_fde,JC_fde,gate_gbm,0.3,226,752,5814.220981124377,True,0.017166575923031974,0.005166282844551626,0.03493722147037697,0.01186357806018422,0.004083254199347198,0.02559585607933394,0.03009386251198689,0.016064698945819925,0.04788569431590449,9.776618234041632e-18,-3.1080567135059776e-17,6.499869616454046e-17,0.0053029978628477544,-0.012046380230285128,0.024694797822097565,0.047260438435018856,0.026151364504529453,0.07665187160256552,0.0029633058614438566,-0.006019194147000104,0.014560859983086876,0.0018706648989605026,-0.0023702071273133,0.008610171487569557,-0.00296330586144386,-0.014560859983086873,0.006019194147000105,0.0010926409624833567,-0.010518102641934179,0.014129314714189307
2026-09-23.1,nuScenes,oracle,plan_fde,JC_fde,gate_gbm,0.5,376,752,5814.220981124377,True,0.025993503439816858,0.011994678160901558,0.04357843028653536,0.020192761274722918,0.008673957322444607,0.03774696252021061,0.02126693499520201,0.01013524441388914,0.03801464375275921,9.776618234041632e-18,-3.1080567135059776e-17,6.499869616454046e-17,0.005800742165093939,-0.010013482190716941,0.02292405305571668,0.047260438435018856,0.026151364504529453,0.07665187160256552,0.002363284222307426,-0.007414738510943283,0.010391797208135252,0.003567383625961335,-0.002691380754052552,0.010053591008587597,-0.0023632842223074227,-0.010391797208135253,0.007414738510943285,-0.001204099403653909,-0.011148311365389964,0.007382500972254114
2026-09-23.1,nuScenes,oracle,plan_fde,JC_fde,R1_mlp_reg,0.1,75,752,5814.220981124377,True,0.004744717123355866,0.00021734630153664295,0.008990256122326066,0.00130983611863219,0.00033022839225966096,0.005028040579457967,0.042515721311663,0.02387413666586429,0.07038735280209608,9.776618234041632e-18,-3.044093413666356e-17,0.0036645898419220466,0.0034348810047236757,-0.0024641035782434905,0.007928507425559724,0.047260438435018856,0.026151364504529453,0.07495067646308363,3.1242545395208064e-05,-0.0038610444452465338,0.003471392556321791,-0.0020063961251367427,-0.00290672214452993,0.0013359340857759532,-3.124254539520893e-05,-0.003471392556321787,0.0038610444452465216,0.0020376386705319507,-0.002952525313769702,0.005503798148208894
2026-09-23.1,nuScenes,oracle,plan_fde,JC_fde,R1_mlp_reg,0.2,150,752,5814.220981124377,True,0.008912339253202258,0.002909665846565928,0.015958488823355012,0.00717472808609453,0.0031411005847450366,0.013023472947576083,0.03834809918181661,0.020385398656229035,0.06382653714900045,9.776618234041632e-18,-3.1080567135059776e-17,6.499869616454046e-17,0.001737611167107726,-0.006689340866544454,0.010354987033789243,0.047260438435018856,0.026151364504529453,0.07665187160256552,-0.0005146099027190584,-0.0065291399972613965,0.004386673668680569,0.0005422635985566646,-0.0021629738563445932,0.003719430013101056,0.0005146099027190584,-0.0043866736686805725,0.006529139997261392,-0.0010568735012757241,-0.008340033292196116,0.005091723025407987
2026-09-23.1,nuScenes,oracle,plan_fde,JC_fde,R1_mlp_reg,0.3,226,752,5814.220981124377,True,0.013422638300082425,0.005315491886517152,0.022440266310902207,0.008000142104281323,0.0036355260547626983,0.01458987458300347,0.03383780013493644,0.017902725702390328,0.05710543239810863,9.776618234041632e-18,-3.1080567135059776e-17,6.499869616454046e-17,0.005422496195801103,-0.004708505375437282,0.014845867119417617,0.047260438435018856,0.026151364504529453,0.07665187160256552,-0.0007806317615056922,-0.008553616967106012,0.004165135724133026,-0.0019927710569423943,-0.0054803982946184165,0.002179408150472769,0.0007806317615056887,-0.004165135724133024,0.00855361696710601,0.0012121392954367056,-0.008148302505841568,0.00704486017927295
2026-09-23.1,nuScenes,oracle,plan_fde,JC_fde,R1_mlp_reg,0.5,376,752,5814.220981124377,True,0.018045041485037654,0.008444441985600666,0.037308982706962854,0.011703853146304092,0.0055636004065486465,0.03174066169216131,0.02921539694998121,0.013118173490471254,0.04876614596186846,9.776618234041632e-18,-3.1080567135059776e-17,6.499869616454046e-17,0.00634118833873356,-0.01368483740409859,0.024841418127057487,0.047260438435018856,0.026151364504529453,0.07665187160256552,-0.005585177732471778,-0.015048815251253386,0.006384113916983024,-0.004921524502457491,-0.009833392452481335,0.006767957056532977,0.005585177732471778,-0.006384113916983026,0.015048815251253376,-0.0006636532300142882,-0.013276321740666784,0.008897434434497439
2026-09-23.1,nuScenes,oracle,plan_fde,JC_fde,R1_mlp_clf,0.1,75,752,5814.220981124377,True,0.0019472908039783212,0.0003911812910037545,0.004020756382065632,0.003948356289973134,0.000371199930391607,0.009609691994729878,0.04531314763104055,0.025146521960168245,0.0743970060198393,9.776618234041632e-18,-3.044093413666356e-17,0.0036645898419220466,-0.0020010654859948128,-0.007533188905180728,0.002291302773390403,0.047260438435018856,0.026151364504529453,0.07495067646308363,-0.0027661837739823367,-0.005727162839281887,-0.0005370247150279706,0.0006321240462042015,-0.0037039670393276803,0.005633393070061449,0.002766183773982342,0.0005370247150279658,0.005727162839281878,-0.0033983078201865378,-0.009722223933520964,0.0017731109816916328
2026-09-23.1,nuScenes,oracle,plan_fde,JC_fde,R1_mlp_clf,0.2,150,752,5814.220981124377,True,0.0026265840497815664,0.0009602509957009217,0.005013396681477085,0.004864460952515121,0.0011686296197978992,0.010509210089217515,0.044633854385237294,0.024559704924338063,0.07309871513073968,9.776618234041632e-18,-3.1080567135059776e-17,6.499869616454046e-17,-0.0022378769027335535,-0.007380335703859411,0.0019248499634852232,0.047260438435018856,0.026151364504529453,0.07665187160256552,-0.00680036510613975,-0.011905987177278598,-0.0026813659738056895,-0.0017680035350227446,-0.008017491669632957,0.0034062941654423983,0.0068003651061397455,0.0026813659738056887,0.011905987177278594,-0.0050323615711170035,-0.012989962720759541,0.002211658156520147
2026-09-23.1,nuScenes,oracle,plan_fde,JC_fde,R1_mlp_clf,0.3,226,752,5814.220981124377,True,0.00278280151914519,0.0010361393926624231,0.013956976543045214,0.006707525448414189,0.002237764565314399,0.014861461491814878,0.044477636915873676,0.024447655988076886,0.07056886833541673,9.776618234041632e-18,-3.1080567135059776e-17,6.499869616454046e-17,-0.003924723929268998,-0.009343250974137216,0.0036531631765055967,0.047260438435018856,0.026151364504529453,0.07665187160256552,-0.011420468542442927,-0.018457217382004967,-0.003961045399265729,-0.0032853877128095283,-0.011455522828967566,0.003990149397654333,0.011420468542442927,0.003961045399265727,0.018457217382004974,-0.008135080829633396,-0.017515272831234056,0.0030912330063547827
2026-09-23.1,nuScenes,oracle,plan_fde,JC_fde,R1_mlp_clf,0.5,376,752,5814.220981124377,True,0.015097027761632974,0.004104450153047382,0.030317939416698223,0.015887444588969724,0.0054869908460208625,0.028531988761840724,0.03216341067338589,0.01680139964293193,0.05611732968576572,9.776618234041632e-18,-3.1080567135059776e-17,6.499869616454046e-17,-0.0007904168273367502,-0.01244300860885359,0.015914765676688113,0.047260438435018856,0.026151364504529453,0.07665187160256552,-0.008533191455876457,-0.021861723413003454,0.001741590398211812,-0.0007379330597918586,-0.009906810836548218,0.0029888738767265876,0.00853319145587646,-0.001741590398211813,0.02186172341300346,-0.007795258396084598,-0.018322177824445146,0.005175469822223766
2026-09-23.1,nuScenes,oracle,plan_fde,JC_fde,R1_gbm_reg,0.1,75,752,5814.220981124377,True,0.0043070691748509585,0.0015425690160280347,0.00876831510636503,0.004495558590194607,1.4015515872148602e-06,0.010011400637151259,0.042953369260167906,0.022504788420019732,0.0694694898440448,9.776618234041632e-18,-3.044093413666356e-17,0.0036645898419220466,-0.00018848941534364846,-0.005742519397827437,0.006418115392853823,0.047260438435018856,0.026151364504529453,0.07495067646308363,-0.0004064054031096996,-0.00292188698235133,0.0028981901990238865,0.0011793263464256742,-0.002013093100567018,0.004883523841128254,0.00040640540310969697,-0.0028981901990238817,0.002921886982351336,-0.0015857317495353734,-0.006060537617937382,0.003772308117295035
2026-09-23.1,nuScenes,oracle,plan_fde,JC_fde,R1_gbm_reg,0.2,150,752,5814.220981124377,True,0.008749108959280338,0.004032498230500572,0.015102286022520058,0.013148539762580408,0.0037155320313495407,0.028219505681498436,0.03851132947573853,0.02068222995892785,0.06307174590636702,9.776618234041632e-18,-3.1080567135059776e-17,6.499869616454046e-17,-0.00439943080330007,-0.019547052431144102,0.006143464864230804,0.047260438435018856,0.026151364504529453,0.07665187160256552,-0.0006778401966409785,-0.005117933209560849,0.0026633837054446667,0.006516075275042542,-0.0010177558131521597,0.018061422365258466,0.0006778401966409803,-0.002663383705444671,0.0051179332095608486,-0.00719391547168352,-0.020287375973090622,0.0009678299019633896
2026-09-23.1,nuScenes,oracle,plan_fde,JC_fde,R1_gbm_reg,0.3,226,752,5814.220981124377,True,0.012683849671727518,0.005744952074295634,0.023742682728613025,0.016678679549312667,0.0050128338797331435,0.03420805946722826,0.034576588763291345,0.01638999629651359,0.05816326573270706,9.776618234041632e-18,-3.1080567135059776e-17,6.499869616454046e-17,-0.00399482987758515,-0.022657176884850774,0.01175352477913786,0.047260438435018856,0.026151364504529453,0.07665187160256552,-0.0015194203898605992,-0.007759448139825863,0.006374436102011824,0.006685766388088949,-0.0007942981832480554,0.017899940675994253,0.0015194203898605957,-0.006374436102011818,0.007759448139825865,-0.008205186777949548,-0.022085065929714712,0.003568622302939754
2026-09-23.1,nuScenes,oracle,plan_fde,JC_fde,R1_gbm_reg,0.5,376,752,5814.220981124377,True,0.01978932372259896,0.010248365431304623,0.03514177478763931,0.020875778404228048,0.007609176794403988,0.040155200317083875,0.027471114712419906,0.011611268624048777,0.04738922592717273,9.776618234041632e-18,-3.1080567135059776e-17,6.499869616454046e-17,-0.0010864546816290903,-0.02206984214767565,0.018797397400986016,0.047260438435018856,0.026151364504529453,0.07665187160256552,-0.0038408954949104707,-0.012158264339309699,0.006210552121610121,0.004250400755466465,-0.0022219925385446584,0.011790425549780914,0.003840895494910474,-0.006210552121610121,0.0121582643393097,-0.008091296250376937,-0.021420640911077655,0.005092781060817797
2026-09-23.1,nuScenes,oracle,plan_fde,JC_fde,R1_gbm_clf,0.1,75,752,5814.220981124377,True,0.004732854027976013,0.0009248189600300716,0.014182009234638252,0.005557243971049134,0.00180273423658296,0.008846248362855044,0.04252758440704285,0.02283353866848763,0.06682839810622186,9.776618234041632e-18,-3.044093413666356e-17,0.0036645898419220466,-0.0008243899430731218,-0.004987492395829995,0.009464277343076798,0.047260438435018856,0.026151364504529453,0.07495067646308363,1.9379450015354766e-05,-0.003451896984738192,0.00787593225216653,0.0022410117272802016,-0.0012986227211434771,0.004808674412035411,-1.9379450015358235e-05,-0.007875932252166538,0.0034518969847381893,-0.002221632277264847,-0.00600437177296755,0.007205960917622078
2026-09-23.1,nuScenes,oracle,plan_fde,JC_fde,R1_gbm_clf,0.2,150,752,5814.220981124377,True,0.016026010384811617,0.004539325843431595,0.03000345898367589,0.012955998204001139,0.003727569799096865,0.02867621555719909,0.031234428050207253,0.016999104941071437,0.05682570790134449,9.776618234041632e-18,-3.1080567135059776e-17,6.499869616454046e-17,0.0030700121808104773,-0.014981010549246429,0.01741834621428974,0.047260438435018856,0.026151364504529453,0.07665187160256552,0.006599061228890301,-0.003327790004920182,0.017161977561311152,0.006323533716463273,-0.00038999781037295586,0.0171126238309345,-0.006599061228890295,-0.017161977561311166,0.0033277900049201786,0.00027552751242702726,-0.01469321589678558,0.01153872094707642
2026-09-23.1,nuScenes,oracle,plan_fde,JC_fde,R1_gbm_clf,0.3,226,752,5814.220981124377,True,0.019617140620015888,0.008056985470849203,0.03780381499231041,0.01741521021569662,0.005997931222800035,0.03276047407896755,0.02764329781500298,0.012527921283661767,0.04806680700339152,9.776618234041632e-18,-3.1080567135059776e-17,6.499869616454046e-17,0.002201930404319269,-0.014620924376480401,0.021693461246699765,0.047260438435018856,0.026151364504529453,0.07665187160256552,0.0054138705584277705,-0.003905317924521026,0.017845750020666733,0.007422297054472903,-6.270125330481806e-05,0.015775787813248836,-0.0054138705584277705,-0.017845750020666743,0.0039053179245210233,-0.002008426496045129,-0.014789914658482945,0.012744472923774234
2026-09-23.1,nuScenes,oracle,plan_fde,JC_fde,R1_gbm_clf,0.5,376,752,5814.220981124377,True,0.027108721615922267,0.012219042147481604,0.04878769123187095,0.021046257875591043,0.008188750465194084,0.040872166608368427,0.0201517168190966,0.008273312892301177,0.03755332518122393,9.776618234041632e-18,-3.1080567135059776e-17,6.499869616454046e-17,0.006062463740331226,-0.015657402633839655,0.028551323313999698,0.047260438435018856,0.026151364504529453,0.07665187160256552,0.0034785023984128353,-0.0077278600285201875,0.014209234099743619,0.00442088022682946,-0.002269551303872052,0.013047032384353936,-0.003478502398412832,-0.01420923409974362,0.007727860028520186,-0.0009423778284166221,-0.01581896987788283,0.01233828705090961
2026-09-23.1,nuScenes,oracle,plan_fde,JC_fde,R2_cnn_clf,0.1,75,752,5814.220981124377,True,0.0024203884394597744,0.0004689531203663286,0.005404164731576306,0.0027964625949191612,0.0007043696456921392,0.006388134278980818,0.044840049995559086,0.023463302708125282,0.07473325511963205,9.776618234041632e-18,-3.044093413666356e-17,0.0036645898419220466,-0.0003760741554593868,-0.004593285408179833,0.0034771649843001505,0.047260438435018856,0.026151364504529453,0.07495067646308363,-0.0022930861385008837,-0.005880825058637972,0.0009926611765006552,-0.0005197696488497714,-0.002412401861608775,0.002507958178900536,0.002293086138500877,-0.0009926611765006521,0.005880825058637976,-0.0017733164896511118,-0.006591257453687697,0.002265009662934206
2026-09-23.1,nuScenes,oracle,plan_fde,JC_fde,R2_cnn_clf,0.2,150,752,5814.220981124377,True,0.0039379736857385024,0.0018241417311082241,0.007875658757638822,0.0055376200570588915,0.0026035241393975775,0.009387062300591413,0.043322464749280365,0.022588362939883633,0.07211242695761012,9.776618234041632e-18,-3.1080567135059776e-17,6.499869616454046e-17,-0.00159964637132039,-0.0058465374602628805,0.0034470389712813877,0.047260438435018856,0.026151364504529453,0.07665187160256552,-0.005488975470182814,-0.010841528226993576,-0.0009235676033663735,-0.0010948444304789738,-0.005123378107142537,0.002648607597250844,0.005488975470182816,0.0009235676033663741,0.010841528226993576,-0.00439413103970384,-0.010966399190659028,0.0012197545405499683
2026-09-23.1,nuScenes,oracle,plan_fde,JC_fde,R2_cnn_clf,0.3,226,752,5814.220981124377,True,0.007282103274097785,0.003160586414801655,0.013295393786226945,0.00817283453477213,0.003935838521027318,0.013187183824667216,0.03997833516092108,0.020883927582824157,0.06690772734248213,9.776618234041632e-18,-3.1080567135059776e-17,6.499869616454046e-17,-0.0008907312606743471,-0.007435349249539977,0.007202728066356263,0.047260438435018856,0.026151364504529453,0.07665187160256552,-0.006921166787490332,-0.014042412486529914,-0.0004196855391931012,-0.0018200786264515878,-0.008665538444538264,0.003826438535548354,0.006921166787490329,0.0004196855391930946,0.014042412486529904,-0.005101088161038745,-0.014279755678443726,0.003575042277398341
2026-09-23.1,nuScenes,oracle,plan_fde,JC_fde,R2_cnn_clf,0.5,376,752,5814.220981124377,True,0.021017765221077907,0.008311579896604311,0.03965625893589452,0.013731252563878246,0.008596150543416392,0.02094394014206173,0.02624267321394096,0.012468119461104547,0.04819965928601226,9.776618234041632e-18,-3.1080567135059776e-17,6.499869616454046e-17,0.007286512657199663,-0.006144125289283295,0.022501447697108466,0.047260438435018856,0.026151364504529453,0.07665187160256552,-0.002612453996431525,-0.014953815768795752,0.007047921872938643,-0.0028941250848833373,-0.014611048145709887,0.004927825297964693,0.0026124539964315283,-0.007047921872938648,0.01495381576879575,0.00028167108845181515,-0.01679544204042664,0.013066346451777035
2026-09-23.1,nuScenes,mono,brake,J,random,0.1,96,955,332.31933917287085,True,0.025068553086059698,0.013349802298141023,0.03840749631001607,0.008487600912630766,0.004024862828668635,0.015332522735275125,0.22431132396797168,0.11997608270516873,0.34367710891095415,-4.276264736976258e-17,-1.703420788616928e-16,1.5860986002413222e-16,0.016580952173428934,0.001135500175761902,0.031965551704581686,0.24937987705403142,0.1333384625754239,0.3820846052209702,,,,,,,,,,,,
2026-09-23.1,nuScenes,mono,brake,J,random,0.2,191,955,332.31933917287085,True,0.049875975410806274,0.02671197545235747,0.07641491453346946,0.01688678931575496,0.008008741541763151,0.03066504547055025,0.1995039016432251,0.10661717944149561,0.3056696906875007,-4.276264736976258e-17,-1.703420788616928e-16,1.5860986002413222e-16,0.032989186095051325,0.002259172224692951,0.06371072700772398,0.24937987705403142,0.1333384625754239,0.3820846052209702,,,,,,,,,,,,
2026-09-23.1,nuScenes,mono,brake,J,random,0.3,286,955,332.31933917287085,True,0.07468339773555285,0.03994794815378366,0.11443236531054572,0.02528597771887916,0.01203304559616629,0.046154890582349194,0.17469647931847854,0.09339051442164024,0.2676522399104244,-4.276264736976258e-17,-1.703420788616928e-16,1.5860986002413222e-16,0.049397420016673695,0.0033831280370273,0.09572722027045091,0.24937987705403142,0.1333384625754239,0.3820846052209702,,,,,,,,,,,,
2026-09-23.1,nuScenes,mono,brake,J,random,0.5,478,955,332.31933917287085,True,0.12482050390767224,0.06666923128771195,0.19123732537695498,0.04226117954414069,0.02004178713792944,0.07682400865253643,0.12455937314635912,0.06666923128771195,0.19084727984401517,-4.276264736976258e-17,-1.703420788616928e-16,1.5860986002413222e-16,0.08255932436353158,0.005653844625147805,0.15944359952718357,0.24937987705403142,0.1333384625754239,0.3820846052209702,,,,,,,,,,,,
2026-09-23.1,nuScenes,mono,brake,J,uncertainty,0.1,96,955,332.31933917287085,True,0.011333662752618434,0.0,0.02885349132839805,0.0019246846436197858,0.0,0.008598985030574826,0.23804621430141293,0.11964045558601848,0.3748232842694041,-4.276264736976258e-17,-1.703420788616928e-16,1.5860986002413222e-16,0.009408978108998649,-0.006454031983042839,0.02487409530957011,0.24937987705403142,0.1333384625754239,0.3820846052209702,-0.013734890333441264,-0.0357181027617758,0.008099230687060787,-0.00656291626901098,-0.013791284984619005,0.0008943037174072673,0.013734890333441246,-0.008099230687060808,0.035718102761775804,-0.007171974064430285,-0.031660171808742484,0.0159424686757276
2026-09-23.1,nuScenes,mono,brake,J,uncertainty,0.2,191,955,332.31933917287085,True,0.042080791904581735,0.007906227558992422,0.09073485295237961,0.020257607981949012,0.0002546204937632742,0.0391279394634224,0.20729908514944964,0.08929499664598375,0.34625170817502493,-4.276264736976258e-17,-1.703420788616928e-16,1.5860986002413222e-16,0.021823183922632723,-0.015331153716305574,0.07335293321398909,0.24937987705403142,0.1333384625754239,0.3820846052209702,-0.007795183506224539,-0.05342583426680369,0.04503081263154569,0.0033708186661940524,-0.02050556582865157,0.015239487050522502,0.007795183506224546,-0.045030812631545715,0.05342583426680369,-0.011166002172418601,-0.05099646108817786,0.04697184617732302
2026-09-23.1,nuScenes,mono,brake,J,uncertainty,0.3,286,955,332.31933917287085,True,0.10180689589148642,0.02334205704124402,0.15490995183342018,0.024897374811624986,0.0036780794501032736,0.056614174949491954,0.14757298116254494,0.03589275784336677,0.31403821015968864,-4.276264736976258e-17,-1.703420788616928e-16,1.5860986002413222e-16,0.07690952107986145,-0.004592765348490817,0.129113600948095,0.24937987705403142,0.1333384625754239,0.3820846052209702,0.027123498155933567,-0.06676431874852265,0.0895686286051761,-0.0003886029072541729,-0.023756434948851667,0.021808671486132466,-0.027123498155933595,-0.08956862860517609,0.0667643187485227,0.02751210106318775,-0.06429059413716721,0.0922112210172753
2026-09-23.1,nuScenes,mono,brake,J,uncertainty,0.5,478,955,332.31933917287085,True,0.1253448630433179,0.06588646052220096,0.19932048125256413,0.05197936947803839,0.01843339186143988,0.10805228212088148,0.12403501401071346,0.010258864491639225,0.28099390146603886,-4.276264736976258e-17,-1.703420788616928e-16,1.5860986002413222e-16,0.07336549356527959,-0.009915171610200507,0.1525300234760859,0.24937987705403142,0.1333384625754239,0.3820846052209702,0.0005243591356456634,-0.09973205426960075,0.0892556350987248,0.009718189933897704,-0.013496505784333396,0.039229974474172924,-0.0005243591356456634,-0.08925563509872483,0.09973205426960076,-0.009193830798251992,-0.1058785137119717,0.08736964960856015
2026-09-23.1,nuScenes,mono,brake,J,criticality_cheap,0.1,96,955,332.31933917287085,True,0.05844521125615346,0.019710732075902338,0.13760689859822192,0.011154817171547926,0.0,0.02343412687620197,0.1909346657978779,0.05907737854945061,0.3255021300640917,-4.276264736976258e-17,-1.703420788616928e-16,1.5860986002413222e-16,0.04729039408460554,0.01039849182947992,0.12767833267723644,0.24937987705403142,0.1333384625754239,0.3820846052209702,0.03337665817009376,-0.00619076566507072,0.11419524525852642,0.0026672162589171603,-0.012271610279845765,0.01653727867471064,-0.033376658170093776,-0.11419524525852648,0.006190765665070765,0.030709441911176603,-0.0070679963187066965,0.11291435025192337
2026-09-23.1,nuScenes,mono,brake,J,criticality_cheap,0.2,191,955,332.31933917287085,True,0.12016450415615205,0.045155814478154255,0.19897638026921116,0.018651174384639917,0.0018507285187346228,0.03038165190377448,0.12921537289787932,0.02042377097693787,0.28502743988676904,-4.276264736976258e-17,-1.703420788616928e-16,1.5860986002413222e-16,0.10151332977151213,0.02969952709956837,0.1826929649384404,0.24937987705403142,0.1333384625754239,0.3820846052209702,0.07028852874534577,-0.013135604662639713,0.14298910151739389,0.001764385068884957,-0.02127727800386227,0.01649205141207549,-0.07028852874534577,-0.14298910151739389,0.013135604662639648,0.06852414367646081,-0.013094491304625781,0.14748905345485566
2026-09-23.1,nuScenes,mono,brake,J,criticality_cheap,0.3,286,955,332.31933917287085,True,0.16910374059072053,0.08843660932096935,0.22315468487785878,0.028206522442298848,0.010210686855275016,0.05513515593063204,0.08027613646331085,0.014420147456971746,0.21504890619692235,-4.276264736976258e-17,-1.703420788616928e-16,1.5860986002413222e-16,0.14089721814842168,0.06242215563889654,0.19315812071732702,0.24937987705403142,0.1333384625754239,0.3820846052209702,0.09442034285516768,0.0055134023251200755,0.13120912046611677,0.0029205447234196893,-0.02784490959860043,0.02725522999533474,-0.09442034285516769,-0.13120912046611674,-0.005513402325120118,0.091499798131748,0.010064881356205346,0.1370717911193957
2026-09-23.1,nuScenes,mono,brake,J,criticality_cheap,0.5,478,955,332.31933917287085,True,0.17392125109114245,0.11043594691939167,0.2540625152922439,0.05620264747020404,0.027346714325583284,0.10391326595046747,0.07545862596288892,0.006973794138476556,0.15525765055960783,-4.276264736976258e-17,-1.703420788616928e-16,1.5860986002413222e-16,0.11771860362093844,0.01786422091963826,0.20696925052211243,0.24937987705403142,0.1333384625754239,0.3820846052209702,0.04910074718347021,0.015021815950773117,0.09511005573532466,0.01394146792606335,-0.01346820244253702,0.038949007484973305,-0.0491007471834702,-0.09511005573532466,-0.015021815950773097,0.03515927925740686,-0.009834373507104005,0.09034894231638727
2026-09-23.1,nuScenes,mono,brake,J,trivial_ego_speed,0.1,96,955,332.31933917287085,True,0.027532555633979956,0.0,0.059687622754436356,0.013360642841463809,0.0,0.023754358007979964,0.22184732142005142,0.1287784597955579,0.3546598869973123,-4.276264736976258e-17,-1.703420788616928e-16,1.5860986002413222e-16,0.014171912792516147,-0.01938421502333467,0.059287811993579846,0.24937987705403142,0.1333384625754239,0.3820846052209702,0.0024640025479202576,-0.03443714178849833,0.026223061623067482,0.004873041928833043,-0.01433440873090445,0.013054643463240742,-0.0024640025479202576,-0.02622306162306749,0.03443714178849833,-0.0024090393809127874,-0.030867666799336873,0.03262999338468121
2026-09-23.1,nuScenes,mono,brake,J,trivial_ego_speed,0.2,191,955,332.31933917287085,True,0.05468266087662384,0.0046831090737724885,0.12203627952853668,0.017705715996823992,0.0,0.05167638749219987,0.19469721617740754,0.10614642595788651,0.2970588114159249,-4.276264736976258e-17,-1.703420788616928e-16,1.5860986002413222e-16,0.03697694487979984,-0.037476824361973256,0.11097189878676555,0.24937987705403142,0.1333384625754239,0.3820846052209702,0.004806685465817563,-0.03544372510377757,0.05226659845823695,0.0008189266810690321,-0.018362144393418083,0.028960547040701723,-0.004806685465817556,-0.05226659845823697,0.03544372510377757,0.003987758784748517,-0.05386609538030127,0.05714737421974703
2026-09-23.1,nuScenes,mono,brake,J,trivial_ego_speed,0.3,286,955,332.31933917287085,True,0.08516806752175027,0.017821905795859013,0.19343236652472337,0.03252552129589102,0.0057165330304393015,0.06915380880644792,0.16421180953228112,0.053937918808140375,0.24928690816115934,-4.276264736976258e-17,-1.703420788616928e-16,1.5860986002413222e-16,0.05264254622585924,-0.0424081763645922,0.17314225345666528,0.24937987705403142,0.1333384625754239,0.3820846052209702,0.010484669786197415,-0.04052802276220733,0.09526635738557401,0.007239543577011863,-0.014707732018422659,0.031513066384742765,-0.010484669786197415,-0.09526635738557401,0.04052802276220733,0.003245126209185545,-0.061126928165154415,0.09623714081368594
2026-09-23.1,nuScenes,mono,brake,J,trivial_ego_speed,0.5,478,955,332.31933917287085,True,0.16893514901235637,0.08136870395746827,0.298560961819448,0.05462002041684913,0.016553832694729837,0.0997146442415752,0.080444728041675,0.0108690731770731,0.15970498313941983,-4.276264736976258e-17,-1.703420788616928e-16,1.5860986002413222e-16,0.11431512859550721,0.011050442583896853,0.2534880772819029,0.24937987705403142,0.1333384625754239,0.3820846052209702,0.04411464510468413,-0.006435376090772417,0.13468441056380212,0.012358840872708443,-0.022850580938857706,0.036349327670174666,-0.044114645104684116,-0.13468441056380212,0.006435376090772407,0.03175580423197563,-0.013339896538165497,0.12286043128227583
2026-09-23.1,nuScenes,mono,brake,J,gate_ridge,0.1,96,955,332.31933917287085,True,0.07927731085396672,0.03704921234226175,0.16052898659314535,0.016956688166383297,0.0020676883052993976,0.03261391187895919,0.17010256620006464,0.039000051004115764,0.3089199505640716,-4.276264736976258e-17,-1.703420788616928e-16,1.5860986002413222e-16,0.06232062268758342,0.01934252117973742,0.14855396847408492,0.24937987705403142,0.1333384625754239,0.3820846052209702,0.054208757767907026,0.009698649682845503,0.13807200625686716,0.008469087253752531,-0.007317705988943261,0.023149667702575052,-0.05420875776790704,-0.13807200625686716,-0.009698649682845539,0.045739670514154486,-0.0002961177103422297,0.13652074970937075
2026-09-23.1,nuScenes,mono,brake,J,gate_ridge,0.2,191,955,332.31933917287085,True,0.0901582273320132,0.04615024580637605,0.18010774069369517,0.01705278594156986,0.003745449682475165,0.03589939133533558,0.1592216497220182,0.02850137011845372,0.2996111169819082,-4.276264736976258e-17,-1.703420788616928e-16,1.5860986002413222e-16,0.07310544139044334,0.028933404995481218,0.15687528536517936,0.24937987705403142,0.1333384625754239,0.3820846052209702,0.04028225192120693,-0.010718734002646047,0.13324128336500884,0.0001659966258149015,-0.0173371343193481,0.017932593815398655,-0.04028225192120691,-0.13324128336500884,0.010718734002646042,0.04011625529539201,-0.014596585476647791,0.13328179343017474
2026-09-23.1,nuScenes,mono,brake,J,gate_ridge,0.3,286,955,332.31933917287085,True,0.12345274879073616,0.07197804510428235,0.18658540615266367,0.03883678209651087,0.0068334500721958,0.07923701801225536,0.12592712826329522,0.02377364795131503,0.25592709744907804,-4.276264736976258e-17,-1.703420788616928e-16,1.5860986002413222e-16,0.08461596669422532,0.02026845368388057,0.15793265884844251,0.24937987705403142,0.1333384625754239,0.3820846052209702,0.048769351055183305,-0.0022561950725371537,0.11729788870996115,0.01355080437763171,-0.017642146087871038,0.041625403071920024,-0.04876935105518332,-0.11729788870996116,0.0022561950725371325,0.03521854667755162,-0.019731775467553014,0.11544727872209568
2026-09-23.1,nuScenes,mono,brake,J,gate_ridge,0.5,478,955,332.31933917287085,True,0.13416367464148926,0.08786493159800673,0.20292064535830567,0.05752865764791519,0.02265074350202428,0.10957701346513787,0.11521620241254212,0.009485180328759273,0.24389785428715202,-4.276264736976258e-17,-1.703420788616928e-16,1.5860986002413222e-16,0.07663501699357408,0.008289621421865574,0.15351357506974353,0.24937987705403142,0.1333384625754239,0.3820846052209702,0.009343170733817019,-0.06213796170387661,0.09099821208452637,0.015267478103774504,-0.012976322333616848,0.04288519276676821,-0.009343170733817005,-0.09099821208452635,0.06213796170387659,-0.005924307369957499,-0.07895420306425796,0.08661802004639252
2026-09-23.1,nuScenes,mono,brake,J,gate_gbm,0.1,96,955,332.31933917287085,True,0.08241832144384584,0.03320650995051159,0.17128027509468025,0.020761982950188176,0.0014115558577612296,0.06196074854003744,0.16696155561018552,0.04060841888293072,0.30915317792041136,-4.276264736976258e-17,-1.703420788616928e-16,1.5860986002413222e-16,0.06165633849365766,0.0030645314010555764,0.1480882656463959,0.24937987705403142,0.1333384625754239,0.3820846052209702,0.05734976835778614,0.00799975090703667,0.14778624153775047,0.01227438203755741,-0.007112179274847796,0.04868171615554887,-0.05734976835778616,-0.1477862415377505,-0.007999750907036654,0.04507538632022873,-0.012323464287222877,0.1342291984300892
2026-09-23.1,nuScenes,mono,brake,J,gate_gbm,0.2,191,955,332.31933917287085,True,0.1593351825947217,0.07605851260830722,0.2348089991924276,0.03923546511225949,0.013781304595806948,0.07839027119360797,0.09004469445930967,0.025607941194061047,0.18769144841134988,-4.276264736976258e-17,-1.703420788616928e-16,1.5860986002413222e-16,0.1200997174824622,0.02654445084308487,0.20624879380133093,0.24937987705403142,0.1333384625754239,0.3820846052209702,0.10945920718391544,0.04548273990204664,0.16700201485909175,0.02234867579650453,-0.002870352946260113,0.0523667729556217,-0.10945920718391543,-0.16700201485909175,-0.045482739902046626,0.08711053138741087,0.013323515494671517,0.15301121582683366
2026-09-23.1,nuScenes,mono,brake,J,gate_gbm,0.3,286,955,332.31933917287085,True,0.16463602730767113,0.08386436309635772,0.25793002415813787,0.04149233045710135,0.01635372813581358,0.08609130817226963,0.08474384974636025,0.015660538553040747,0.1384938208205787,-4.276264736976258e-17,-1.703420788616928e-16,1.5860986002413222e-16,0.12314369685056976,0.03294355508677584,0.2216667772727004,0.24937987705403142,0.1333384625754239,0.3820846052209702,0.08995262957211828,0.04093254876392938,0.14563866176337642,0.016206352738222192,-0.010402241389109597,0.04855641072406908,-0.08995262957211829,-0.14563866176337645,-0.04093254876392938,0.07374627683389606,0.01623468973640699,0.1364906436630652
2026-09-23.1,nuScenes,mono,brake,J,gate_gbm,0.5,478,955,332.31933917287085,True,0.19895180568029236,0.09309774230868603,0.32182446862678227,0.04178702413141714,0.016732512170471607,0.08609130817226963,0.050428071373738996,0.007847974574303525,0.0784539177794628,-4.276264736976258e-17,-1.703420788616928e-16,1.5860986002413222e-16,0.15716478154887523,0.03834758043382774,0.2844594270434195,0.24937987705403142,0.1333384625754239,0.3820846052209702,0.07413130177262012,0.01993627676181353,0.1363441554434654,-0.0004741554127235467,-0.030020032233902472,0.029107140366050544,-0.07413130177262012,-0.1363441554434654,-0.019936276761813546,0.07460545718534364,0.011357860719183911,0.14277842655567438
2026-09-23.1,nuScenes,mono,brake,J,R1_mlp_reg,0.1,96,955,332.31933917287085,True,0.04869562658212427,0.013764810986310196,0.06838501245187505,0.0007123882447939655,0.0,0.0019997071508693984,0.2006842504719071,0.09806603855372711,0.3343192776448758,-4.276264736976258e-17,-1.703420788616928e-16,1.5860986002413222e-16,0.0479832383373303,0.01285390514599016,0.06776939593635739,0.24937987705403142,0.1333384625754239,0.3820846052209702,0.023627073496064573,-0.011507088592103242,0.04294231243751075,-0.0077752126678368,-0.014651975343329814,-0.003260891503159336,-0.023627073496064577,-0.04294231243751074,0.011507088592103237,0.031402286163901366,-0.004975928114524225,0.053054764360880094
2026-09-23.1,nuScenes,mono,brake,J,R1_mlp_reg,0.2,191,955,332.31933917287085,True,0.10041598628732913,0.044954953005185705,0.14926172905076154,0.009117810674360556,0.0,0.02657306725715146,0.14896389076670224,0.0629183830763173,0.25346780124933344,-4.276264736976258e-17,-1.703420788616928e-16,1.5860986002413222e-16,0.09129817561296859,0.03399687983736875,0.14556206092315002,0.24937987705403142,0.1333384625754239,0.3820846052209702,0.05054001087652286,0.005051463831992447,0.08311758191320266,-0.007768978641394404,-0.027463618245210233,0.011332224651926725,-0.05054001087652285,-0.08311758191320265,-0.005051463831992467,0.05830898951791726,0.01011904652799658,0.1012934564478065
2026-09-23.1,nuScenes,mono,brake,J,R1_mlp_reg,0.3,286,955,332.31933917287085,True,0.10275483866680618,0.057087519591786685,0.23034258998138932,0.02746211197898849,0.007833071055598282,0.04853374188073303,0.14662503838722518,0.05170801402705857,0.22793140133580297,-4.276264736976258e-17,-1.703420788616928e-16,1.5860986002413222e-16,0.07529272668781772,0.02122915063631475,0.21350248710635408,0.24937987705403142,0.1333384625754239,0.3820846052209702,0.028071440931253328,0.003125342640431742,0.12488999928243678,0.0021761342601093296,-0.02220486163604779,0.01805857892119235,-0.028071440931253355,-0.12488999928243685,-0.0031253426404317564,0.02589530667114403,-0.00695345722559862,0.1378459067199926
2026-09-23.1,nuScenes,mono,brake,J,R1_mlp_reg,0.5,478,955,332.31933917287085,True,0.19790086425924117,0.07372923395183485,0.3517083479796881,0.029264043415223342,0.009815439822549857,0.05315845698825671,0.05147901279479021,0.011459401119073058,0.0987214440946953,-4.276264736976258e-17,-1.703420788616928e-16,1.5860986002413222e-16,0.16863682084401785,0.03505520739040796,0.33516519989640653,0.24937987705403142,0.1333384625754239,0.3820846052209702,0.07308036035156892,-0.0034741292626019587,0.16639952234519365,-0.012997136128917345,-0.04217921103968789,0.007112149033984063,-0.07308036035156891,-0.16639952234519365,0.0034741292626019713,0.08607749648048627,0.0012829148344426476,0.18584716315508928
2026-09-23.1,nuScenes,mono,brake,J,R1_mlp_clf,0.1,96,955,332.31933917287085,True,0.09327917193001521,0.018551110348692997,0.17646515005005545,0.016371740760443655,0.0,0.03646655334335258,0.15610070512401616,0.08961085570351897,0.22886266424736523,-4.276264736976258e-17,-1.703420788616928e-16,1.5860986002413222e-16,0.07690743116957155,-0.001489545221452436,0.1685699004736177,0.24937987705403142,0.1333384625754239,0.3820846052209702,0.06821061884395552,0.0032931885435178647,0.14013745132662503,0.00788413984781289,-0.007052525639854968,0.024621492728272826,-0.06821061884395552,-0.14013745132662508,-0.003293188543517873,0.060326478996142616,-0.00890259946410424,0.1390236072473812
2026-09-23.1,nuScenes,mono,brake,J,R1_mlp_clf,0.2,191,955,332.31933917287085,True,0.09870695184841301,0.024153913723653535,0.19034283202589397,0.035101043903247094,0.0072802268643471614,0.08213158992616491,0.15067292520561837,0.08212038165987598,0.21104419757929774,-4.276264736976258e-17,-1.703420788616928e-16,1.5860986002413222e-16,0.0636059079451659,-0.032407008441241524,0.16929986667220662,0.24937987705403142,0.1333384625754239,0.3820846052209702,0.048830976437606734,-0.009709467069440956,0.11759268989251766,0.018214254587492134,-0.006149144292209497,0.05437668167653117,-0.04883097643760673,-0.11759268989251767,0.009709467069440977,0.03061672185011457,-0.041961597864798354,0.1085590343123688
2026-09-23.1,nuScenes,mono,brake,J,R1_mlp_clf,0.3,286,955,332.31933917287085,True,0.09870695184841301,0.024302766258937642,0.19034283202589397,0.04745167676675797,0.013984185557838478,0.09773205082539169,0.15067292520561837,0.08140043296906492,0.21008485201370766,-4.276264736976258e-17,-1.703420788616928e-16,1.5860986002413222e-16,0.051255275081655026,-0.05201236276927966,0.15923710882162387,0.24937987705403142,0.1333384625754239,0.3820846052209702,0.024023554112860154,-0.028003055421988863,0.08403372798077938,0.02216569904787881,-0.005974177581192414,0.057495008496513934,-0.024023554112860168,-0.08403372798077938,0.028003055421988866,0.0018578550649813314,-0.06951743727527537,0.07638970162860116
2026-09-23.1,nuScenes,mono,brake,J,R1_mlp_clf,0.5,478,955,332.31933917287085,True,0.10397670761067132,0.036386345724937486,0.1964945264396819,0.047964388441603764,0.017172651809838704,0.10047314039457252,0.14540316944336004,0.06838665145813595,0.20426851043286892,-4.276264736976258e-17,-1.703420788616928e-16,1.5860986002413222e-16,0.05601231916906755,-0.040939400407265535,0.16398281531773193,0.24937987705403142,0.1333384625754239,0.3820846052209702,-0.02084379629700092,-0.05499631497981776,0.023264882921195232,0.005703208897463077,-0.019481429695188613,0.034672120985312326,0.02084379629700092,-0.02326488292119525,0.054996314979817745,-0.026547005194464034,-0.07834146710506594,0.03178638094127397
2026-09-23.1,nuScenes,mono,brake,J,R1_gbm_reg,0.1,96,955,332.31933917287085,True,0.03887176492111732,0.0014246797631289189,0.06782495816704646,0.0,0.0,0.0011911374618555181,0.21050811213291407,0.08574996831206307,0.3617241519186356,-4.276264736976258e-17,-1.703420788616928e-16,1.5860986002413222e-16,0.03887176492111732,0.0014246797631289189,0.06763356971794907,0.24937987705403142,0.1333384625754239,0.3820846052209702,0.01380321183505762,-0.02943111540993733,0.047802612667983885,-0.008487600912630766,-0.015332522735275128,-0.0037441237913327383,-0.013803211835057616,-0.0478026126679839,0.029431115409937307,0.022290812747688384,-0.023166512604900654,0.05805011870103151
2026-09-23.1,nuScenes,mono,brake,J,R1_gbm_reg,0.2,191,955,332.31933917287085,True,0.10243399075519426,0.050372231538097584,0.15292117893777274,0.006936082498300636,0.0,0.02146272867698743,0.14694588629883712,0.05834364585011714,0.25523835559418173,-4.276264736976258e-17,-1.703420788616928e-16,1.5860986002413222e-16,0.09549790825689361,0.043780292935266134,0.14524066854852088,0.24937987705403142,0.1333384625754239,0.3820846052209702,0.05255801534438798,0.013214116591939563,0.0871972663995313,-0.009950706817454323,-0.024226386047759223,0.003708219692466561,-0.052558015344387976,-0.0871972663995313,-0.013214116591939593,0.06250872216184228,0.02032218813358294,0.10108733979656825
2026-09-23.1,nuScenes,mono,brake,J,R1_gbm_reg,0.3,286,955,332.31933917287085,True,0.10961118021057577,0.06239266909429121,0.17167638997938797,0.020657434323250227,0.0045120734103639175,0.04412342829793577,0.1397686968434556,0.04984311576021344,0.22489232128710834,-4.276264736976258e-17,-1.703420788616928e-16,1.5860986002413222e-16,0.08895374588732553,0.03331024820049286,0.15520880434560255,0.24937987705403142,0.1333384625754239,0.3820846052209702,0.034927782475022914,0.010303913268391657,0.0752217631977289,-0.004628543395628931,-0.021547853958730986,0.01019744532875388,-0.03492778247502293,-0.0752217631977289,-0.010303913268391663,0.03955632587065184,0.010431769064202515,0.08208510256728603
2026-09-23.1,nuScenes,mono,brake,J,R1_gbm_reg,0.5,478,955,332.31933917287085,True,0.16070905705983168,0.08421814358542112,0.24794144558649212,0.027399502457289556,0.006519063026437182,0.05643899053105073,0.08867081999419969,0.019182126145451266,0.14710518917386847,-4.276264736976258e-17,-1.703420788616928e-16,1.5860986002413222e-16,0.13330955460254212,0.05298159853108529,0.22315982250835437,0.24937987705403142,0.1333384625754239,0.3820846052209702,0.03588855315215944,0.004298933223072408,0.07804827656068218,-0.01486167708685113,-0.04261319517709963,0.005042687897274929,-0.03588855315215943,-0.07804827656068217,-0.00429893322307241,0.05075023023901054,0.01553202149781829,0.10930886850697571
2026-09-23.1,nuScenes,mono,brake,J,R1_gbm_clf,0.1,96,955,332.31933917287085,True,0.09519824227783373,0.016975889201935324,0.19148034945110157,0.0173953279064231,0.0,0.037487309402326315,0.15418163477619765,0.08905915654824488,0.2128173284443202,-4.276264736976258e-17,-1.703420788616928e-16,1.5860986002413222e-16,0.0778029143714106,-0.004039546472575576,0.18026458782330204,0.24937987705403142,0.1333384625754239,0.3820846052209702,0.07012968919177404,0.00013153391402156162,0.15618153976465843,0.008907726993792333,-0.006588997668788708,0.025488879211257455,-0.07012968919177404,-0.15618153976465843,-0.0001315339140216048,0.061221962197981664,-0.011106356798642626,0.1546314021283022
2026-09-23.1,nuScenes,mono,brake,J,R1_gbm_clf,0.2,191,955,332.31933917287085,True,0.12294152020353963,0.03523252178802007,0.2223965071544981,0.03095235512461335,0.005993497054717782,0.06783937032602828,0.12643835685049173,0.05654678179982588,0.18590770431673986,-4.276264736976258e-17,-1.703420788616928e-16,1.5860986002413222e-16,0.09198916507892627,-0.007853271745329408,0.19970998333871626,0.24937987705403142,0.1333384625754239,0.3820846052209702,0.07306554479273336,0.003939787389381751,0.14927799875221426,0.014065565808858392,-0.009353020709559201,0.043495212990058166,-0.07306554479273336,-0.1492779987522143,-0.003939787389381745,0.05899997898387494,-0.018461688374822715,0.14277288194482096
2026-09-23.1,nuScenes,mono,brake,J,R1_gbm_clf,0.3,286,955,332.31933917287085,True,0.131209429767421,0.04435987837132965,0.23533527570915327,0.03793366609646184,0.007984087131055955,0.07685773132888303,0.11817044728661037,0.044472591352185134,0.17904914869333435,-4.276264736976258e-17,-1.703420788616928e-16,1.5860986002413222e-16,0.09327576367095913,-0.005309381751960517,0.20511985131731833,0.24937987705403142,0.1333384625754239,0.3820846052209702,0.05652603203186815,-0.0054632514517357015,0.12354026303918475,0.012647688377582685,-0.01427372828043873,0.03999326476413983,-0.056526032031868165,-0.12354026303918474,0.005463251451735674,0.04387834365428544,-0.02199246394220559,0.12027033383525847
2026-09-23.1,nuScenes,mono,brake,J,R1_gbm_clf,0.5,478,955,332.31933917287085,True,0.1630677871331215,0.0887166625286797,0.25291571575032085,0.05577235278261024,0.01473474213365429,0.10645540960508287,0.08631208992090986,0.016966901196405555,0.144202740299237,-4.276264736976258e-17,-1.703420788616928e-16,1.5860986002413222e-16,0.1072954343505113,0.015296088091136447,0.208307410413129,0.24937987705403142,0.1333384625754239,0.3820846052209702,0.03824728322544926,0.010081213354610215,0.08123283106533566,0.013511173238469551,-0.022419510523520588,0.045305174282244294,-0.03824728322544926,-0.08123283106533567,-0.010081213354610217,0.024736109986979712,-0.013748291421089015,0.08561574578646816
2026-09-23.1,nuScenes,mono,brake,J,R2_cnn_clf,0.1,96,955,332.31933917287085,True,0.07996585356484358,0.0041098995897343735,0.18158590070525454,0.006861247671639333,0.0,0.021537964208289143,0.1694140234891878,0.11111150195059535,0.22208287732668622,-4.276264736976258e-17,-1.703420788616928e-16,1.5860986002413222e-16,0.07310460589320424,-0.005592028846126611,0.17536043855957772,0.24937987705403142,0.1333384625754239,0.3820846052209702,0.054897300478783884,-0.012554562036255443,0.1434585194080865,-0.001626353240991433,-0.010407912758192984,0.013163935562734949,-0.054897300478783884,-0.14345851940808652,0.012554562036255454,0.0565236537197753,-0.014155502123499588,0.1452441819066701
2026-09-23.1,nuScenes,mono,brake,J,R2_cnn_clf,0.2,191,955,332.31933917287085,True,0.09095090071209823,0.012073482143178644,0.1934067955644782,0.03722349996840039,0.006090287886682196,0.09249979148011632,0.15842897634193315,0.09338178131085925,0.21387944499049039,-4.276264736976258e-17,-1.703420788616928e-16,1.5860986002413222e-16,0.05372740074369782,-0.0413836090591921,0.16484075296974393,0.24937987705403142,0.1333384625754239,0.3820846052209702,0.041074925301291955,-0.020198597134431336,0.11971433218581515,0.020336710652645428,-0.006846848866715426,0.06531734457850431,-0.04107492530129195,-0.11971433218581515,0.020198597134431354,0.020738214648646495,-0.05402355356982858,0.1050466674241939
2026-09-23.1,nuScenes,mono,brake,J,R2_cnn_clf,0.3,286,955,332.31933917287085,True,0.11259298871381336,0.01646013832039366,0.249538928099633,0.05133323761614453,0.014782873563805754,0.10629518227899196,0.13678688834021802,0.08215312272978613,0.18696800282324066,-4.276264736976258e-17,-1.703420788616928e-16,1.5860986002413222e-16,0.06125975109766882,-0.05450057614170305,0.21804987763045983,0.24937987705403142,0.1333384625754239,0.3820846052209702,0.03790959097826051,-0.035437398871765016,0.13659769568221455,0.02604725989726537,-0.0018418943025200747,0.0628049880499281,-0.03790959097826052,-0.1365976956822145,0.03543739887176498,0.011862331080995124,-0.07352957458412038,0.13060761148230954
2026-09-23.1,nuScenes,mono,brake,J,R2_cnn_clf,0.5,478,955,332.31933917287085,True,0.16686170136787437,0.04733447865875981,0.3151411434283061,0.0540352543249583,0.01743961361025285,0.12069740767537125,0.08251817568615699,0.034375779942517934,0.14857988696234542,-4.276264736976258e-17,-1.703420788616928e-16,1.5860986002413222e-16,0.11282644704291607,-0.03505839513237413,0.2873681757626804,0.24937987705403142,0.1333384625754239,0.3820846052209702,0.04204119746020213,-0.04213033937185646,0.1362452150062029,0.011774074780817614,-0.00749844418160097,0.046976112965504406,-0.04204119746020213,-0.13624521500620293,0.04213033937185646,0.030267122679384487,-0.06394376004109316,0.12871808889808237
2026-09-23.1,nuScenes,mono,plan_ade,JC_ade,random,0.1,75,752,2978.375498800933,True,0.005847645487282405,0.0025513562685748497,0.010789431002298424,0.003216135591358679,0.0020505749794082536,0.004719847669412986,0.05278474659853584,0.023030753713434274,0.09685369408549173,0.00697600746933144,0.0034839245767517187,0.014196716109024309,0.0026315098959237265,-0.0008551288652789642,0.007378290228690336,0.051656384616486806,0.020832432073253866,0.09605617574305049,,,,,,,,,,,,
2026-09-23.1,nuScenes,mono,plan_ade,JC_ade,random,0.2,150,752,2978.375498800933,True,0.01169529097456481,0.005120302024060779,0.021538897572257815,0.006432271182717358,0.004111916485109172,0.00944319876510406,0.04693710111125344,0.020478886315760794,0.08615194563522643,0.0015754120362233327,0.00047505704885249966,0.0037857745124818126,0.005263019791847453,-0.0016991445509424137,0.014659497691213691,0.05705698004959491,0.02456414211165219,0.10472722460876434,,,,,,,,,,,,
2026-09-23.1,nuScenes,mono,plan_ade,JC_ade,random,0.3,226,752,2978.375498800933,True,0.017620905068344316,0.007679589155267573,0.032255486856879415,0.00969128858196082,0.006141661629761713,0.014164000880333044,0.04101148701747393,0.01790827054991633,0.07545384183876595,1.397366355233645e-07,-4.0124681931174934e-17,0.0006959862704488922,0.007929616486383496,-0.0025542734162213782,0.021962417952192677,0.05863225234918273,0.025588462868032305,0.10754834985796907,,,,,,,,,,,,
2026-09-23.1,nuScenes,mono,plan_ade,JC_ade,random,0.5,376,752,2978.375498800933,True,0.029316196042909123,0.012790799426455248,0.05391494426650814,0.01612355976467818,0.010253471017803746,0.023668570399456024,0.029316196042909123,0.012790989380776411,0.0537758989409761,5.725613061586021e-17,-1.0052832169940019e-16,1.2354255944641618e-16,0.01319263627823095,-0.004264242608191101,0.036697285611117715,0.05863239208581819,0.025588462868032305,0.10769084320748439,,,,,,,,,,,,
2026-09-23.1,nuScenes,mono,plan_ade,JC_ade,uncertainty,0.1,75,752,2978.375498800933,True,0.00938709556823103,0.0029764907535834778,0.02077961252353931,0.00899388349528582,0.0028155363842986827,0.017473961081825844,0.049245296517587224,0.017665130407246647,0.09824329669373531,0.00697600746933144,0.0034839245767517187,0.014196716109024309,0.00039321207294520797,-0.012185905788118167,0.014530583741453313,0.051656384616486806,0.020832432073253866,0.09605617574305049,0.003539450080948625,-0.004567889923265658,0.014656881911667781,0.005777747903927141,3.0207851576316828e-05,0.013275428825611401,-0.0035394500809486154,-0.014656881911667781,0.004567889923265662,-0.0022382978229785184,-0.013725165395327369,0.011370133546299507
2026-09-23.1,nuScenes,mono,plan_ade,JC_ade,uncertainty,0.2,150,752,2978.375498800933,True,0.015009085535650606,0.006865680357449827,0.025787600504521068,0.01424611896123347,0.006246895689808384,0.024728953498033314,0.04362330655016765,0.014043265370591512,0.09404451973308049,0.0015754120362233327,0.00047505704885249966,0.0037857745124818126,0.0007629665744171358,-0.012193331724276984,0.01410812048679212,0.05705698004959491,0.02456414211165219,0.10472722460876434,0.003313794561085796,-0.009624597509321247,0.014049316196591268,0.007813847778516111,0.0014593820991451623,0.015328936585776368,-0.003313794561085791,-0.014049316196591274,0.009624597509321244,-0.004500053217430317,-0.018540769998726926,0.009287769929881288
2026-09-23.1,nuScenes,mono,plan_ade,JC_ade,uncertainty,0.3,226,752,2978.375498800933,True,0.01706191459398736,0.009654709224739546,0.030499612101510275,0.018232014836611986,0.009899446474305814,0.029929214444959974,0.04157047749183089,0.011018935319533157,0.08939665598515723,1.397366355233645e-07,-4.0124681931174934e-17,0.0006959862704488922,-0.0011701002426246219,-0.013437458594509061,0.014084770647040399,0.05863225234918273,0.025588462868032305,0.10754834985796907,-0.0005589904743569553,-0.015781111729020057,0.013472495686203281,0.008540726254651165,0.0027291518042595504,0.016036426659155088,0.0005589904743569588,-0.01347249568620328,0.015781111729020046,-0.009099716729008119,-0.024981797580892865,0.007070671142267575
2026-09-23.1,nuScenes,mono,plan_ade,JC_ade,uncertainty,0.5,376,752,2978.375498800933,True,0.02994801413539637,0.017950901904878906,0.046422744532868904,0.024019017873602798,0.01400491174186513,0.03844669412431384,0.028684377950421877,0.00523818930555312,0.07392618783545796,5.725613061586021e-17,-1.0052832169940019e-16,1.2354255944641618e-16,0.0059289962617936065,-0.012201934037028229,0.024557736301809307,0.05863239208581819,0.025588462868032305,0.10769084320748439,0.0006318180924872463,-0.021062015612387176,0.011936002682066453,0.007895458108924617,0.003123197258061756,0.01523928345481708,-0.0006318180924872463,-0.011936002682066453,0.021062015612387183,-0.007263640016437343,-0.031767585603884735,0.005653330927450854
2026-09-23.1,nuScenes,mono,plan_ade,JC_ade,criticality_cheap,0.1,75,752,2978.375498800933,True,0.00655934805553506,0.003011328320104344,0.010491357944228471,0.0077373382021294615,0.0029913534191285387,0.014954365046040896,0.052073044030283185,0.020297790549662756,0.10216153947648379,0.00697600746933144,0.0034839245767517187,0.014196716109024309,-0.0011779901465944042,-0.010327762721906447,0.004651127989685731,0.051656384616486806,0.020832432073253866,0.09605617574305049,0.0007117025682526548,-0.00514483499676609,0.005092034227291026,0.004521202610770782,0.0003259778626154772,0.010978218706321837,-0.0007117025682526548,-0.005092034227291035,0.0051448349967660924,-0.003809500042518131,-0.013069979126350901,0.0021306377084253387
2026-09-23.1,nuScenes,mono,plan_ade,JC_ade,criticality_cheap,0.2,150,752,2978.375498800933,True,0.009733813833596483,0.00502227268395112,0.01440607929527146,0.013184889014559642,0.005244483921320997,0.025077519624389335,0.04889857825222177,0.01784643821767005,0.09953776452095146,0.0015754120362233327,0.00047505704885249966,0.0037857745124818126,-0.003451075180963158,-0.014825061502376212,0.004326379569563023,0.05705698004959491,0.02456414211165219,0.10472722460876434,-0.001961477140968327,-0.012466266188782722,0.005068157975705916,0.006752617831842283,0.00044256693808695797,0.015898541596771378,0.0019614771409683304,-0.005068157975705915,0.012466266188782722,-0.008714094972810612,-0.0206320250167813,0.00018929507994416232
2026-09-23.1,nuScenes,mono,plan_ade,JC_ade,criticality_cheap,0.3,226,752,2978.375498800933,True,0.011523203154480499,0.007764464999757589,0.022329453843338412,0.01733310729115872,0.00967855917631214,0.02971197966952174,0.047109188931337746,0.014741953001475011,0.09546395217872558,1.397366355233645e-07,-4.0124681931174934e-17,0.0006959862704488922,-0.005809904136678223,-0.01680093941247826,0.00883545472264676,0.05863225234918273,0.025588462868032305,0.10754834985796907,-0.006097701913863817,-0.01888527397953695,0.006001503724184886,0.007641818709197898,0.0022745309665615047,0.015547979109682454,0.006097701913863815,-0.006001503724184886,0.01888527397953694,-0.013739520623061718,-0.02744058379209617,0.0014713766466690045
2026-09-23.1,nuScenes,mono,plan_ade,JC_ade,criticality_cheap,0.5,376,752,2978.375498800933,True,0.024969685216694154,0.015715995007762332,0.04423010332672006,0.024880213820578544,0.014325356476435354,0.0384866188121288,0.03366270686912409,0.007347645759812461,0.07762274852450173,5.725613061586021e-17,-1.0052832169940019e-16,1.2354255944641618e-16,8.947139611559613e-05,-0.014354280994314543,0.022119732269353768,0.05863239208581819,0.025588462868032305,0.10769084320748439,-0.004346510826214969,-0.02454692932298114,0.010102044155473396,0.008756654055900363,0.0035213492888036446,0.014876831953042015,0.004346510826214969,-0.010102044155473394,0.024546929322981133,-0.013103164882115353,-0.034942434851505645,0.003669704517026467
2026-09-23.1,nuScenes,mono,plan_ade,JC_ade,trivial_ego_speed,0.1,75,752,2978.375498800933,True,0.0007835818851954886,0.0001550830840681303,0.0029616252959940195,0.0016055065423752205,0.001034521962149732,0.0028013901666271127,0.057848810200622755,0.024588859181424727,0.10584472923794179,0.00697600746933144,0.0034839245767517187,0.014196716109024309,-0.0008219246571797318,-0.002221114642662101,0.001281898495484969,0.051656384616486806,0.020832432073253866,0.09605617574305049,-0.0050640636020869165,-0.009437545756921356,-0.0012057294945693742,-0.0016106290489834587,-0.00305775474805993,-0.00010045743389768302,0.005064063602086916,0.0012057294945693774,0.009437545756921345,-0.003453434553103458,-0.008066412477252032,0.00045321547370183376
2026-09-23.1,nuScenes,mono,plan_ade,JC_ade,trivial_ego_speed,0.2,150,752,2978.375498800933,True,0.0024315865665806326,0.0008699682552570584,0.00602118677597684,0.0032923189873612846,0.0022024702584088366,0.0061482249435496255,0.05620080551923761,0.023363798074222668,0.10419952758253895,0.0015754120362233327,0.00047505704885249966,0.0037857745124818126,-0.0008607324207806513,-0.0031834179587306487,0.0015438397032126665,0.05705698004959491,0.02456414211165219,0.10472722460876434,-0.009263704407984177,-0.017951932658424857,-0.002633241806388715,-0.003139952195356074,-0.005535095858055102,-0.00043032323224316896,0.009263704407984172,0.002633241806388715,0.017951932658424843,-0.006123752212628104,-0.015418859288671238,0.001083706317378309
2026-09-23.1,nuScenes,mono,plan_ade,JC_ade,trivial_ego_speed,0.3,226,752,2978.375498800933,True,0.004722519171608742,0.001955063125928226,0.011790959615311361,0.00599127586634736,0.003836742999166562,0.009010122682137843,0.053909872914209504,0.021750140533962643,0.10119031691159606,1.397366355233645e-07,-4.0124681931174934e-17,0.0006959862704488922,-0.0012687566947386158,-0.003866868160532277,0.004235209803633374,0.05863225234918273,0.025588462868032305,0.10754834985796907,-0.012898385896735573,-0.025279252516445905,-0.0029862051398980437,-0.0037000127156134608,-0.007698401087519832,-0.00031477645161811753,0.012898385896735573,0.0029862051398980424,0.0252792525164459,-0.009198373181122113,-0.022042903705651352,0.0021851877299747507
2026-09-23.1,nuScenes,mono,plan_ade,JC_ade,trivial_ego_speed,0.5,376,752,2978.375498800933,True,0.014577982598428123,0.006270969605577476,0.025717413021353858,0.010721188729902922,0.007416578805299294,0.017134032705905106,0.04405440948739012,0.014847159140132696,0.09165291181899973,5.725613061586021e-17,-1.0052832169940019e-16,1.2354255944641618e-16,0.0038567938685252065,-0.004059578691901373,0.011362271219564702,0.05863239208581819,0.025588462868032305,0.10769084320748439,-0.014738213444481,-0.03877705633677087,0.000951451940395666,-0.005402371034775259,-0.01050747552030651,-0.0001515883639991535,0.014738213444480994,-0.0009514519403956671,0.038777056336770865,-0.009335842409705742,-0.03436963683298999,0.0068023433146305375
2026-09-23.1,nuScenes,mono,plan_ade,JC_ade,gate_ridge,0.1,75,752,2978.375498800933,True,0.006553425372723282,0.0010762218616427975,0.018320225112473384,0.006963415674720503,0.003219384943374361,0.011417461667919208,0.05207896671309496,0.02080667838159643,0.09469124477707287,0.00697600746933144,0.0034839245767517187,0.014196716109024309,-0.000409990301997223,-0.007179482090537376,0.01271555371990582,0.051656384616486806,0.020832432073253866,0.09605617574305049,0.000705779885440877,-0.003785800288872555,0.010264979413524012,0.003747280083361824,0.00040957122184542355,0.0071503136372141176,-0.000705779885440877,-0.010264979413524018,0.0037858002888725493,-0.0030415001979209495,-0.008236310414637278,0.007191306158713702
2026-09-23.1,nuScenes,mono,plan_ade,JC_ade,gate_ridge,0.2,150,752,2978.375498800933,True,0.015721287669045823,0.004299679378844113,0.029727025449327142,0.012146319813051837,0.005491343358916079,0.018764504324286158,0.04291110441677242,0.017016181712487626,0.08082327103114,0.0015754120362233327,0.00047505704885249966,0.0037857745124818126,0.0035749678559939776,-0.009471641484227343,0.019743353688550912,0.05705698004959491,0.02456414211165219,0.10472722460876434,0.004025996694481013,-0.002954998986036818,0.011435462824863598,0.005714048630334478,0.001041519785223062,0.009587837852164076,-0.004025996694481018,-0.011435462824863603,0.0029549989860368168,-0.0016880519358534753,-0.010416925418534007,0.008120804703828212
2026-09-23.1,nuScenes,mono,plan_ade,JC_ade,gate_ridge,0.3,226,752,2978.375498800933,True,0.02153655391695752,0.00836382500512664,0.03892212531432809,0.013326030933896421,0.007335857930915162,0.022253817972996758,0.03709583816886072,0.013362634256942693,0.07086165043361631,1.397366355233645e-07,-4.0124681931174934e-17,0.0006959862704488922,0.008210522983061096,-0.00813248485885095,0.02691120066067061,0.05863225234918273,0.025588462868032305,0.10754834985796907,0.003915648848613205,-0.003130914752620733,0.010861992408193827,0.0036347423519356003,0.0003568664824071852,0.008604055575082417,-0.003915648848613208,-0.01086199240819383,0.0031309147526207342,0.00028090649667759926,-0.009053048616205334,0.00826820964156331
2026-09-23.1,nuScenes,mono,plan_ade,JC_ade,gate_ridge,0.5,376,752,2978.375498800933,True,0.03223520470285054,0.013614419738948884,0.06084717461803508,0.0193396024560994,0.010769299313206627,0.02888631750821103,0.026397187382967712,0.00901898045287095,0.05332574542813541,5.725613061586021e-17,-1.0052832169940019e-16,1.2354255944641618e-16,0.01289560224675112,-0.0059065927003639435,0.04204773007835057,0.05863239208581819,0.025588462868032305,0.10769084320748439,0.0029190086599414147,-0.0046102245112479585,0.013010727603478501,0.0032160426914212177,-0.00019701364948213708,0.006479373104245004,-0.0029190086599414113,-0.013010727603478506,0.004610224511247953,-0.000297034031479829,-0.009344332615814806,0.010240562693792076
2026-09-23.1,nuScenes,mono,plan_ade,JC_ade,gate_gbm,0.1,75,752,2978.375498800933,True,0.007724809323540385,0.0017449189518285704,0.016998060772254388,0.006181175616676912,0.003274681448977001,0.010826350004621768,0.050907582762277866,0.02266374663043364,0.09169703973172108,0.00697600746933144,0.0034839245767517187,0.014196716109024309,0.0015436337068634733,-0.00619110402528463,0.010814762803492271,0.051656384616486806,0.020832432073253866,0.09605617574305049,0.0018771638362579798,-0.001837810081139615,0.006899197103122522,0.002965040025318233,0.0005185927484605287,0.006674400461536339,-0.0018771638362579737,-0.006899197103122522,0.0018378100811396166,-0.0010878761890602531,-0.00685373842194347,0.004589293308965143
2026-09-23.1,nuScenes,mono,plan_ade,JC_ade,gate_gbm,0.2,150,752,2978.375498800933,True,0.011622539188440738,0.003089493540221042,0.02735882406297235,0.009224662553363601,0.005130842108248859,0.01587792959085526,0.04700985289737751,0.021167554939777202,0.08177691526869983,0.0015754120362233327,0.00047505704885249966,0.0037857745124818126,0.0023978766350771404,-0.007892297064189814,0.017378109633256724,0.05705698004959491,0.02456414211165219,0.10472722460876434,-7.275178612407146e-05,-0.004402931398318835,0.00733424242041917,0.002792391370646243,0.0004103724484096341,0.006900242762844429,7.275178612407146e-05,-0.007334242420419167,0.004402931398318836,-0.0028651431567703126,-0.009146192696928464,0.00542612171696317
2026-09-23.1,nuScenes,mono,plan_ade,JC_ade,gate_gbm,0.3,226,752,2978.375498800933,True,0.01809038491215534,0.006027306506596787,0.03513112399766094,0.012099793292898044,0.006705480159038627,0.01907911506938029,0.04054200717366291,0.017242978404413262,0.07351662481808739,1.397366355233645e-07,-4.0124681931174934e-17,0.0006959862704488922,0.005990591619257297,-0.005194372730721935,0.02135863771610986,0.05863225234918273,0.025588462868032305,0.10754834985796907,0.00046947984381102287,-0.004678425119537489,0.0057071184372214576,0.002408504710937223,-0.0005959260826696959,0.005531676294509581,-0.00046947984381102287,-0.005707118437221463,0.004678425119537485,-0.001939024867126199,-0.0071713095833906,0.0031944896662025675
2026-09-23.1,nuScenes,mono,plan_ade,JC_ade,gate_gbm,0.5,376,752,2978.375498800933,True,0.03040842123814694,0.008743278828023495,0.06141093859494286,0.015477292247313368,0.009714152679124963,0.026214731200058974,0.028223970847671306,0.013252888591890642,0.048938747259600894,5.725613061586021e-17,-1.0052832169940019e-16,1.2354255944641618e-16,0.014931128990833566,-0.006022534631041553,0.04249914275926124,0.05863239208581819,0.025588462868032305,0.10769084320748439,0.0010922251952378177,-0.009547245934647704,0.01057376374808599,-0.0006462675173648132,-0.002973659290592652,0.0038269988384861493,-0.0010922251952378177,-0.010573763748086001,0.0095472459346477,0.001738492712602617,-0.009748542501684337,0.010069275443063274
2026-09-23.1,nuScenes,mono,plan_ade,JC_ade,R1_mlp_reg,0.1,75,752,2978.375498800933,True,0.01242358471115539,0.0032704177111510997,0.029931616839665522,0.0036372792126624894,0.0018532183516613099,0.009577446982765305,0.04620880737466286,0.020932602923918697,0.08097096152064763,0.00697600746933144,0.0034839245767517187,0.014196716109024309,0.008786305498492894,-0.0031139978418141885,0.02646381919559616,0.051656384616486806,0.020832432073253866,0.09605617574305049,0.006575939223872985,-0.0006188996659033395,0.020002393880928854,0.0004211436213038102,-0.0012093320971453467,0.006073924867098196,-0.006575939223872979,-0.020002393880928865,0.000618899665903344,0.0061547956025691675,-0.003517381635677941,0.019349742606070666
2026-09-23.1,nuScenes,mono,plan_ade,JC_ade,R1_mlp_reg,0.2,150,752,2978.375498800933,True,0.022669662038780528,0.007518210000616634,0.04589606201548277,0.008401074210786931,0.003950910425371931,0.016327019469827602,0.03596273004703772,0.016476305556441237,0.06608336750485926,0.0015754120362233327,0.00047505704885249966,0.0037857745124818126,0.0142685878279936,-0.0038407004972454925,0.0394475665595884,0.05705698004959491,0.02456414211165219,0.10472722460876434,0.010974371064215718,0.0008292988048507502,0.025341985773497364,0.0019688030280695726,-0.002094378359514908,0.008483322363527068,-0.01097437106421572,-0.025341985773497368,-0.0008292988048507492,0.009005568036146147,-0.004144418603435557,0.02438047819345611
2026-09-23.1,nuScenes,mono,plan_ade,JC_ade,R1_mlp_reg,0.3,226,752,2978.375498800933,True,0.0283501437873299,0.009431972617037586,0.05266501159018387,0.012529265438469142,0.006396328626793404,0.02098506800949719,0.030282248298488346,0.013389409150832208,0.0572549154957073,1.397366355233645e-07,-4.0124681931174934e-17,0.0006959862704488922,0.01582087834886076,-0.005908903616898257,0.04051019897020563,0.05863225234918273,0.025588462868032305,0.10754834985796907,0.010729238718985585,0.0002784950977154714,0.02170289439375717,0.0028379768565083216,-0.0027935181105174824,0.009201002496485672,-0.010729238718985585,-0.02170289439375717,-0.0002784950977154761,0.007891261862477263,-0.00603231769079754,0.020675326377963637
2026-09-23.1,nuScenes,mono,plan_ade,JC_ade,R1_mlp_reg,0.5,376,752,2978.375498800933,True,0.032713186546157326,0.012086454639860363,0.0603922755024372,0.016851611524841634,0.009285724805024091,0.02773116725882466,0.02591920553966092,0.009870365390015541,0.049169880086415506,5.725613061586021e-17,-1.0052832169940019e-16,1.2354255944641618e-16,0.0158615750213157,-0.0065083143078412285,0.045231641396912534,0.05863239208581819,0.025588462868032305,0.10769084320748439,0.0033969905032482026,-0.004621533129636244,0.010200484096716842,0.0007280517601634534,-0.006370668038850519,0.0071751022983710605,-0.0033969905032482026,-0.010200484096716844,0.004621533129636239,0.002668938743084749,-0.009042705097737073,0.012428218886765234
2026-09-23.1,nuScenes,mono,plan_ade,JC_ade,R1_mlp_clf,0.1,75,752,2978.375498800933,True,0.010176192821989526,0.002431029676859718,0.021597655084337714,0.006501622789716546,0.0022051399263575914,0.013547035819008074,0.04845619926382872,0.0208547158748949,0.0867650870752906,0.00697600746933144,0.0034839245767517187,0.014196716109024309,0.0036745700322729793,-0.006537558951672477,0.016805888891534816,0.051656384616486806,0.020832432073253866,0.09605617574305049,0.004328547334707121,-0.0012230091300043514,0.011668207883367773,0.0032854871983578667,-0.00015155204606811702,0.009075658638860762,-0.004328547334707118,-0.011668207883367776,0.0012230091300043495,0.0010430601363492528,-0.0064867273105449355,0.010235347031876752
2026-09-23.1,nuScenes,mono,plan_ade,JC_ade,R1_mlp_clf,0.2,150,752,2978.375498800933,True,0.0169981014310583,0.004761510262560302,0.03674137114648343,0.0111934800347519,0.005843192390986549,0.0175390787079052,0.041634290654759945,0.018587610420493474,0.07478338253076601,0.0015754120362233327,0.00047505704885249966,0.0037857745124818126,0.005804621396306399,-0.008292049347031384,0.02626797365150667,0.05705698004959491,0.02456414211165219,0.10472722460876434,0.005302810456493489,-0.0026766940758163565,0.0161087715884287,0.004761208852034541,0.0012601150503109189,0.00839652819031487,-0.005302810456493494,-0.016108771588428706,0.0026766940758163496,0.0005416016044589465,-0.0083607766948809,0.012976762332572103
2026-09-23.1,nuScenes,mono,plan_ade,JC_ade,R1_mlp_clf,0.3,226,752,2978.375498800933,True,0.02241812301291502,0.0078038431415545706,0.045978399183035444,0.015354110838326522,0.00925697940394294,0.024135406315724126,0.036214269072903225,0.015569716333778974,0.06623576054342314,1.397366355233645e-07,-4.0124681931174934e-17,0.0006959862704488922,0.007064012174588506,-0.010283527080217483,0.030977112090704067,0.05863225234918273,0.025588462868032305,0.10754834985796907,0.004797217944570706,-0.0034825895678590396,0.016585960989261787,0.005662822256365701,0.0023548385249565966,0.010489644228019191,-0.004797217944570706,-0.016585960989261787,0.003482589567859036,-0.0008656043117949907,-0.010781403690973497,0.01183071944589877
2026-09-23.1,nuScenes,mono,plan_ade,JC_ade,R1_mlp_clf,0.5,376,752,2978.375498800933,True,0.030424852003710527,0.00908074863955631,0.06746690440741304,0.020779743446993886,0.012879392729010012,0.030916741010920405,0.028207540082107723,0.014095671296090845,0.04697641019969402,5.725613061586021e-17,-1.0052832169940019e-16,1.2354255944641618e-16,0.009645108556716651,-0.013455289452993936,0.04421696951908714,0.05863239208581819,0.025588462868032305,0.10769084320748439,0.0011086559608014038,-0.010450361455321158,0.015013790179267386,0.004656183682315705,0.002007846172363271,0.00826671180402659,-0.0011086559608014003,-0.0150137901792674,0.010450361455321156,-0.003547527721514298,-0.01504964911778308,0.00985847655885445
2026-09-23.1,nuScenes,mono,plan_ade,JC_ade,R1_gbm_reg,0.1,75,752,2978.375498800933,True,0.004596898397998796,0.0017990204788728005,0.008013151811243938,0.006787724092287092,0.00308545450750038,0.012245290007045882,0.05403549368781946,0.022969908733350437,0.1018210717634912,0.00697600746933144,0.0034839245767517187,0.014196716109024309,-0.0021908256942882952,-0.007703442671300552,0.0026874633688838555,0.051656384616486806,0.020832432073253866,0.09605617574305049,-0.0012507470892836091,-0.003997841317304934,0.0008660170853781825,0.003571588500928413,0.0006079551695729052,0.007955279227566796,0.0012507470892836187,-0.0008660170853781809,0.003997841317304941,-0.004822335590212022,-0.010189442903659363,-0.0011348126678913002
2026-09-23.1,nuScenes,mono,plan_ade,JC_ade,R1_gbm_reg,0.2,150,752,2978.375498800933,True,0.009708789278821723,0.0033836152224261777,0.019059156182043194,0.01094112112823582,0.006362280611254273,0.017007687294441454,0.04892360280699652,0.020737378191951216,0.09117620706866726,0.0015754120362233327,0.00047505704885249966,0.0037857745124818126,-0.001232331849414093,-0.009827704015141917,0.009382952049951697,0.05705698004959491,0.02456414211165219,0.10472722460876434,-0.0019865016957430863,-0.006872099383068666,0.0008408744157838937,0.004508849945518461,0.0013506403552099363,0.008396053667809551,0.001986501695743083,-0.0008408744157838923,0.006872099383068665,-0.0064953516412615455,-0.012795431467728819,-0.0019641048178679317
2026-09-23.1,nuScenes,mono,plan_ade,JC_ade,R1_gbm_reg,0.3,226,752,2978.375498800933,True,0.01338174436296627,0.005359608995562498,0.028544694126943212,0.013839060306248882,0.008710272424817679,0.02169974184492938,0.04525064772285198,0.01893164461635801,0.08245371113603552,1.397366355233645e-07,-4.0124681931174934e-17,0.0006959862704488922,-0.000457315943282611,-0.011128278549463726,0.016374699256573172,0.05863225234918273,0.025588462868032305,0.10754834985796907,-0.004239160705378045,-0.009999354030658965,0.0033911315077977664,0.004147771724288062,0.0008656110201265901,0.009266473893376686,0.004239160705378046,-0.003391131507797764,0.009999354030658958,-0.008386932429666108,-0.015660633010650595,-0.0006423730460940429
2026-09-23.1,nuScenes,mono,plan_ade,JC_ade,R1_gbm_reg,0.5,376,752,2978.375498800933,True,0.0262924576259681,0.010009429300198705,0.04971866590448533,0.020500252977084812,0.012389064558117379,0.032427094685287955,0.032339934459850145,0.01300880640106025,0.05969194961666844,5.725613061586021e-17,-1.0052832169940019e-16,1.2354255944641618e-16,0.005792204648883279,-0.013773012151467404,0.029893530844783866,0.05863239208581819,0.025588462868032305,0.10769084320748439,-0.003023738416941025,-0.01001122827352968,0.0025671103637834526,0.004376693212406631,0.0011324825248168803,0.008419308388810397,0.0030237384169410214,-0.002567110363783459,0.010011228273529675,-0.00740043162934767,-0.015563053287387517,-0.0007167527712303165
2026-09-23.1,nuScenes,mono,plan_ade,JC_ade,R1_gbm_clf,0.1,75,752,2978.375498800933,True,0.00908708088578531,0.004087895686162066,0.01669990120818123,0.006577748993457569,0.003564129164219833,0.010548488940357044,0.049545311200032936,0.020388918599151647,0.09341624660634955,0.00697600746933144,0.0034839245767517187,0.014196716109024309,0.00250933189232774,-0.004710709898502177,0.011388612312919086,0.051656384616486806,0.020832432073253866,0.09605617574305049,0.0032394353985029057,0.0008735511753125335,0.007438366430302071,0.00336161340209889,0.0005332365738940172,0.0070368575971599765,-0.003239435398502903,-0.007438366430302066,-0.0008735511753125355,-0.00012217800359598649,-0.004999264410219655,0.005214708879576651
2026-09-23.1,nuScenes,mono,plan_ade,JC_ade,R1_gbm_clf,0.2,150,752,2978.375498800933,True,0.019513987052197358,0.006236482138792491,0.039987802331095536,0.014372859248594893,0.006860720019111245,0.026064441336848113,0.03911840503362089,0.01793464145387528,0.07531124819111491,0.0015754120362233327,0.00047505704885249966,0.0037857745124818126,0.005141127803602459,-0.014717533829943757,0.030280537995321266,0.05705698004959491,0.02456414211165219,0.10472722460876434,0.007818696077632548,-0.0005592518153838003,0.02170436539078994,0.007940588065877534,0.002070833581723518,0.01716590509687489,-0.007818696077632546,-0.021704365390789935,0.000559251815383812,-0.00012189198824499349,-0.014498067223016218,0.017539158738609187
2026-09-23.1,nuScenes,mono,plan_ade,JC_ade,R1_gbm_clf,0.3,226,752,2978.375498800933,True,0.031999275054636504,0.00876762180645075,0.06333632695780081,0.016841417998104,0.009407161774482375,0.030448437683286925,0.026633117031181743,0.013611728589875811,0.052933569707381174,1.397366355233645e-07,-4.0124681931174934e-17,0.0006959862704488922,0.015157857056532498,-0.015692868962574068,0.04967595119882629,0.05863225234918273,0.025588462868032305,0.10754834985796907,0.014378369986292189,-0.0017207931612089602,0.0326930618791015,0.007150129416143179,0.002051838302396372,0.016621906148779227,-0.014378369986292189,-0.03269306187910153,0.001720793161208957,0.007228240570149001,-0.014973438005407286,0.0288111249613463
2026-09-23.1,nuScenes,mono,plan_ade,JC_ade,R1_gbm_clf,0.5,376,752,2978.375498800933,True,0.04606159697510039,0.01578625787709835,0.08813299330162372,0.02350186886727575,0.01500382775767437,0.03642592313883132,0.012570795110717856,0.005802947472087266,0.026577017740109087,5.725613061586021e-17,-1.0052832169940019e-16,1.2354255944641618e-16,0.022559728107824646,-0.010291365728063894,0.06815931559948596,0.05863239208581819,0.025588462868032305,0.10769084320748439,0.01674540093219127,0.0007910338691595733,0.03738106445144935,0.007378309102597569,0.002846425003050881,0.013788776625115315,-0.01674540093219127,-0.037381064451449356,-0.0007910338691595769,0.009367091829593697,-0.008605248853234214,0.031151790047199562
2026-09-23.1,nuScenes,mono,plan_ade,JC_ade,R2_cnn_clf,0.1,75,752,2978.375498800933,True,0.008142426251671617,0.001996248048915337,0.017555541684483745,0.0027272299203238625,0.0012182322775726316,0.004681418160070642,0.05048996583414663,0.019888570457859446,0.1007699661077096,0.00697600746933144,0.0034839245767517187,0.014196716109024309,0.0054151963313477545,-0.0009042934080492795,0.014321489924232106,0.051656384616486806,0.020832432073253866,0.09605617574305049,0.0022947807643892123,-0.0057751421555472205,0.010791138178813175,-0.0004889056710348167,-0.0018214312748854832,0.0007090320691443145,-0.002294780764389208,-0.01079113817881318,0.0057751421555472075,0.002783686435424028,-0.005175035247599302,0.011347376485998968
2026-09-23.1,nuScenes,mono,plan_ade,JC_ade,R2_cnn_clf,0.2,150,752,2978.375498800933,True,0.010331352816713612,0.003699013129164464,0.02115820509845317,0.005634590982811716,0.0033212695453958036,0.008379210698184737,0.04830103926910464,0.01768607770060981,0.09780184933548898,0.0015754120362233327,0.00047505704885249966,0.0037857745124818126,0.004696761833901896,-0.001985964973376915,0.01540729980096307,0.05705698004959491,0.02456414211165219,0.10472722460876434,-0.0013639381578511977,-0.01234484701110462,0.010056051667958475,-0.0007976801999056427,-0.0029816767374865783,0.0011165903222989566,0.0013639381578511994,-0.010056051667958475,0.012344847011104615,-0.0005662579579455568,-0.010998439951384683,0.010731410778752538
2026-09-23.1,nuScenes,mono,plan_ade,JC_ade,R2_cnn_clf,0.3,226,752,2978.375498800933,True,0.012695666447151149,0.005288375751972641,0.024036563986015717,0.008373078751105106,0.0051924852099931185,0.012097504816953132,0.045936725638667096,0.01581420839722089,0.09437934051158571,1.397366355233645e-07,-4.0124681931174934e-17,0.0006959862704488922,0.004322587696046041,-0.0028465577856243767,0.015681898299500435,0.05863225234918273,0.025588462868032305,0.10754834985796907,-0.0049252386211931665,-0.01988043826993279,0.0075406635477677526,-0.0013182098308557148,-0.004796942321257222,0.0011531592991975662,0.004925238621193165,-0.007540663547767755,0.01988043826993279,-0.003607028790337455,-0.017826268650193947,0.009044611818791804
2026-09-23.1,nuScenes,mono,plan_ade,JC_ade,R2_cnn_clf,0.5,376,752,2978.375498800933,True,0.02162208441642478,0.010656904659460665,0.038135115718375634,0.018201485970447732,0.01054366639201473,0.028342178252846125,0.03701030766939347,0.010360700600672991,0.07959486713292388,5.725613061586021e-17,-1.0052832169940019e-16,1.2354255944641618e-16,0.0034205984459770447,-0.011178203820265135,0.0202737787771676,0.05863239208581819,0.025588462868032305,0.10769084320748439,-0.007694111626484344,-0.026320940752785373,0.006915438594220216,0.0020779262057695515,-0.0026799497723311787,0.006508947724503522,0.007694111626484347,-0.006915438594220218,0.02632094075278537,-0.009772037832253905,-0.027309122513898974,0.005607259764961681
2026-09-23.1,nuScenes,mono,plan_fde,JC_fde,random,0.1,75,752,5729.766952419244,True,0.0075858944719193995,0.0035856768578349735,0.013226479221040775,0.004554587068975218,0.0025353717857468923,0.0074759894832760266,0.06847534076652578,0.03227226391873139,0.11914856933701361,0.003575013336103686,0.0,0.010405504956562353,0.0030313074029441815,-0.0008982642404106277,0.007480264432602605,0.0724862219023415,0.03584575414132383,0.12196695815648471,,,,,,,,,,,,
2026-09-23.1,nuScenes,mono,plan_fde,JC_fde,random,0.2,150,752,5729.766952419244,True,0.015171788943838799,0.007171353715669947,0.02645085728518771,0.009109174137950435,0.005045779013972535,0.014952139380070145,0.060889446294606374,0.02868658706089642,0.10595089180985548,-1.9841441836236418e-17,-1.4554190018528333e-16,4.3170961008333226e-17,0.006062614805888363,-0.001794802394470544,0.015045117859727045,0.0760612352384452,0.03585794077656635,0.13235063024547186,,,,,,,,,,,,
2026-09-23.1,nuScenes,mono,plan_fde,JC_fde,random,0.3,226,752,5729.766952419244,True,0.02285882867538379,0.01075703057350492,0.0397733849964697,0.013724489034511988,0.007552506002666686,0.022428209070105218,0.05320240656306138,0.025100910203061443,0.09258457557010692,-1.9841441836236418e-17,-1.4554190018528333e-16,4.3170961008333226e-17,0.0091343396408718,-0.0026944915861822597,0.02253548152409585,0.0760612352384452,0.03585794077656635,0.13235063024547186,,,,,,,,,,,,
2026-09-23.1,nuScenes,mono,plan_fde,JC_fde,random,0.5,376,752,5729.766952419244,True,0.03803061761922259,0.0179295564873915,0.06617312343208585,0.022833663172462423,0.012631155412461048,0.0372806675209749,0.03803061761922259,0.017928384289174867,0.0661755629295888,-1.9841441836236418e-17,-1.4554190018528333e-16,4.3170961008333226e-17,0.015196954446760164,-0.004491020067003516,0.0375906986155891,0.0760612352384452,0.03585794077656635,0.13235063024547186,,,,,,,,,,,,
2026-09-23.1,nuScenes,mono,plan_fde,JC_fde,uncertainty,0.1,75,752,5729.766952419244,True,0.011329635144966285,0.003587427923316538,0.023439590009672072,0.01473514969367006,0.0026925386816109825,0.032659105460786104,0.06473160009347889,0.02490544194045815,0.11840571261086727,0.003575013336103686,0.0,0.010405504956562353,-0.0034055145487037757,-0.02286780168913419,0.013994984306431802,0.0724862219023415,0.03584575414132383,0.12196695815648471,0.0037437406730468853,-0.005344722788391919,0.015230365141145702,0.010180562624694842,-0.00038600533436681237,0.025741454529873597,-0.0037437406730468914,-0.015230365141145698,0.0053447227883919165,-0.006436821951647957,-0.024628072516171166,0.01071772509734911
2026-09-23.1,nuScenes,mono,plan_fde,JC_fde,uncertainty,0.2,150,752,5729.766952419244,True,0.017777443477210192,0.008297670327319241,0.02891179750768171,0.022282243909681334,0.006621969288844728,0.04225427633951043,0.058283791761234986,0.020272287459496344,0.11293539486816864,-1.9841441836236418e-17,-1.4554190018528333e-16,4.3170961008333226e-17,-0.004504800432471139,-0.02370754389735866,0.01436289724552169,0.0760612352384452,0.03585794077656635,0.13235063024547186,0.002605654533371393,-0.011529422442471021,0.013961361053936043,0.013173069771730899,0.000760630769012206,0.027949223800144335,-0.0026056545333713876,-0.013961361053936043,0.011529422442471012,-0.010567415238359502,-0.02862729037702186,0.0064995587322087935
2026-09-23.1,nuScenes,mono,plan_fde,JC_fde,uncertainty,0.3,226,752,5729.766952419244,True,0.02030719887732443,0.012477870687748851,0.03551226389963539,0.02807053043754608,0.011046584060523936,0.050416750514601656,0.05575403636112075,0.015732269013280165,0.1078377205687024,-1.9841441836236418e-17,-1.4554190018528333e-16,4.3170961008333226e-17,-0.007763331560221643,-0.026353621771309097,0.014336335387834718,0.0760612352384452,0.03585794077656635,0.13235063024547186,-0.0025516297980593614,-0.017882531298636643,0.01359150374811111,0.01434604140303409,0.002698600672640688,0.029358350468251696,0.0025516297980593683,-0.01359150374811111,0.017882531298636633,-0.016897671201093444,-0.03558936710510121,0.004288446423665032
2026-09-23.1,nuScenes,mono,plan_fde,JC_fde,uncertainty,0.5,376,752,5729.766952419244,True,0.039636609749234775,0.025192795478260734,0.05927241359161252,0.03514333771858277,0.01628299764748552,0.06398781349515198,0.036424625489210403,0.00571975916025769,0.0843389685207393,-1.9841441836236418e-17,-1.4554190018528333e-16,4.3170961008333226e-17,0.004493272030652025,-0.020038189936668175,0.026796703644783655,0.0760612352384452,0.03585794077656635,0.13235063024547186,0.001605992130012182,-0.021163291406194135,0.017264062452801963,0.01230967454612035,0.003611703519509259,0.026491697176622708,-0.001605992130012189,-0.017264062452801963,0.02116329140619412,-0.01070368241610814,-0.03876491446883882,0.007941611431359881
2026-09-23.1,nuScenes,mono,plan_fde,JC_fde,criticality_cheap,0.1,75,752,5729.766952419244,True,0.009592038624472258,0.0035224379948770143,0.015735327118307857,0.010374518392428056,0.0026318003987852614,0.018905844229174455,0.06646919661397292,0.028597903987011584,0.12197608887567533,0.003575013336103686,0.0,0.010405504956562353,-0.0007824797679558001,-0.011417021897653399,0.01007630244474013,0.0724862219023415,0.03584575414132383,0.12196695815648471,0.002006144152552858,-0.0060598071273249825,0.008308750870136775,0.005819931323452839,-0.0008654775233193286,0.013241131777270317,-0.0020061441525528606,-0.008308750870136779,0.006059807127324986,-0.0038137871708999816,-0.014893573022399093,0.006090773048323495
2026-09-23.1,nuScenes,mono,plan_fde,JC_fde,criticality_cheap,0.2,150,752,5729.766952419244,True,0.014402388807458808,0.006764192694612817,0.02166207785565907,0.01802708270853449,0.005542816611161084,0.03493608377128639,0.06165884643098637,0.02440786572689441,0.11651465078366863,-1.9841441836236418e-17,-1.4554190018528333e-16,4.3170961008333226e-17,-0.0036246939010756833,-0.01972592241334033,0.008602271628743772,0.0760612352384452,0.03585794077656635,0.13235063024547186,-0.0007694001363799906,-0.012897024764355466,0.00783577318427926,0.008917908570584056,-0.000627403022259172,0.022218018056945742,0.000769400136379994,-0.007835773184279264,0.012897024764355457,-0.009687308706964047,-0.024244368220593913,0.0019809778431228594
2026-09-23.1,nuScenes,mono,plan_fde,JC_fde,criticality_cheap,0.3,226,752,5729.766952419244,True,0.016801174885823687,0.010164239917339208,0.029365008077138315,0.022374679085179816,0.01071018314535737,0.0401988464329183,0.059260060352621484,0.021895851561559227,0.110287778294128,-1.9841441836236418e-17,-1.4554190018528333e-16,4.3170961008333226e-17,-0.005573504199356129,-0.01983272859669765,0.010012480784652215,0.0760612352384452,0.03585794077656635,0.13235063024547186,-0.0060576537895601044,-0.020278910729310103,0.006831875927996282,0.008650190050667828,0.0006680696203680489,0.020656682023856135,0.006057653789560101,-0.00683187592799629,0.02027891072931009,-0.014707843840227929,-0.029741039064525188,0.0002869971997621481
2026-09-23.1,nuScenes,mono,plan_fde,JC_fde,criticality_cheap,0.5,376,752,5729.766952419244,True,0.03012641659022766,0.01894193447257471,0.05226913900733176,0.035965543076513375,0.016676368930085853,0.05837046897090227,0.04593481864821751,0.012945053155271655,0.09364971045386873,-1.9841441836236418e-17,-1.4554190018528333e-16,4.3170961008333226e-17,-0.0058391264862857045,-0.02378429903047022,0.02070925773878628,0.0760612352384452,0.03585794077656635,0.13235063024547186,-0.007904201028994931,-0.02823922196655424,0.008921666136475754,0.013131879904050951,0.003406599281459075,0.023557481753226663,0.007904201028994917,-0.008921666136475754,0.02823922196655423,-0.02103608093304587,-0.045175761128238685,0.0005173303703242675
2026-09-23.1,nuScenes,mono,plan_fde,JC_fde,trivial_ego_speed,0.1,75,752,5729.766952419244,True,0.0016114703635289028,0.0,0.006900158880655767,0.002051527704196071,0.0003807882427283992,0.00481359821137624,0.07444976487491628,0.03404707514531019,0.12780065310965016,0.003575013336103686,0.0,0.010405504956562353,-0.00044005734066716797,-0.00349294486930285,0.004578359356184937,0.0724862219023415,0.03584575414132383,0.12196695815648471,-0.005974424108390497,-0.01109919232347524,0.00046762740365708603,-0.0025030593647791467,-0.005417710801879432,8.502118569576023e-05,0.005974424108390497,-0.0004676274036570855,0.01109919232347524,-0.0034713647436113494,-0.008384759807514677,0.0026199409441375857
2026-09-23.1,nuScenes,mono,plan_fde,JC_fde,trivial_ego_speed,0.2,150,752,5729.766952419244,True,0.0047649943918937334,0.00111211646929915,0.011084471219096032,0.004264368705044483,0.0013572734221457888,0.008021395807071677,0.07129624084655144,0.03172752224623107,0.12414516755636772,-1.9841441836236418e-17,-1.4554190018528333e-16,4.3170961008333226e-17,0.0005006256868492506,-0.004094393914793071,0.006227783375898186,0.0760612352384452,0.03585794077656635,0.13235063024547186,-0.010406794551945067,-0.020474983520987748,-0.0009340771113946893,-0.004844805432905952,-0.010301161774338749,-0.0007195063245657772,0.010406794551945063,0.0009340771113946916,0.02047498352098773,-0.005561989119039113,-0.015048516389438429,0.0036194646624701943
2026-09-23.1,nuScenes,mono,plan_fde,JC_fde,trivial_ego_speed,0.3,226,752,5729.766952419244,True,0.008149822243582482,0.0028327254139816466,0.02018259063426724,0.0058553173984511354,0.0027936293265352664,0.010915477516279682,0.0679114129948627,0.028927217117297854,0.1166732710980842,-1.9841441836236418e-17,-1.4554190018528333e-16,4.3170961008333226e-17,0.0022945048451313444,-0.0031926772280197148,0.011260205858717311,0.0760612352384452,0.03585794077656635,0.13235063024547186,-0.01470900643180131,-0.028392654019832535,-0.0006463896712168144,-0.007869171636060853,-0.01506048713607066,-0.0013963894754785069,0.014709006431801314,0.0006463896712168122,0.028392654019832524,-0.006839834795740456,-0.019909573936253724,0.006856792539420487
2026-09-23.1,nuScenes,mono,plan_fde,JC_fde,trivial_ego_speed,0.5,376,752,5729.766952419244,True,0.022718996182931075,0.010185570958262096,0.03945909997224923,0.011479941662558144,0.006298696532619943,0.021812823590504495,0.0533422390555141,0.01855497672645704,0.10475424155323049,-1.9841441836236418e-17,-1.4554190018528333e-16,4.3170961008333226e-17,0.011239054520372927,-0.00499354768721131,0.02424584863422856,0.0760612352384452,0.03585794077656635,0.13235063024547186,-0.015311621436291518,-0.041185028539490236,0.004772812774099293,-0.01135372150990428,-0.02109901914409492,-0.0009843846799131462,0.015311621436291507,-0.004772812774099293,0.04118502853949022,-0.003957899926387237,-0.030568743541038265,0.014505962629275558
2026-09-23.1,nuScenes,mono,plan_fde,JC_fde,gate_ridge,0.1,75,752,5729.766952419244,True,0.004416117755951817,0.0011945538671973837,0.008099591550849657,0.006130927040607682,0.0015374140920921167,0.01144194036392575,0.07164511748249336,0.03358071578557237,0.12389909868880815,0.003575013336103686,0.0,0.010405504956562353,-0.0017148092846558645,-0.006697330184622699,0.0030792191128105406,0.0724862219023415,0.03584575414132383,0.12196695815648471,-0.003169776715967582,-0.00731900604909425,-0.0002501019584427488,0.001576339971632464,-0.003142420173063743,0.005740017705809685,0.003169776715967576,0.0002501019584427622,0.007319006049094237,-0.004746116687600046,-0.00974075597307574,-4.766927586521092e-05
2026-09-23.1,nuScenes,mono,plan_fde,JC_fde,gate_ridge,0.2,150,752,5729.766952419244,True,0.00657131831608852,0.001907068455956908,0.016472587385442793,0.009848220551240612,0.004579219886816298,0.017648241659325516,0.06948991692235666,0.03267513308287628,0.11771893921131332,-1.9841441836236418e-17,-1.4554190018528333e-16,4.3170961008333226e-17,-0.0032769022351520896,-0.010776134100385875,0.0060666007356824266,0.0760612352384452,0.03585794077656635,0.13235063024547186,-0.008600470627750278,-0.015980036470823758,-0.0007364926850238085,0.0007390464132901765,-0.00402512431941813,0.005681643682452982,0.008600470627750288,0.0007364926850237996,0.01598003647082375,-0.009339517041040453,-0.016324015681108254,-0.0017407523454192819
2026-09-23.1,nuScenes,mono,plan_fde,JC_fde,gate_ridge,0.3,226,752,5729.766952419244,True,0.017948052891758284,0.0038981610628838043,0.03517386022713609,0.010685894671558872,0.004853021446680604,0.02008178149619288,0.0581131823466869,0.029243782977748378,0.10391403567900706,-1.9841441836236418e-17,-1.4554190018528333e-16,4.3170961008333226e-17,0.0072621582201994155,-0.009282333371484073,0.024103075463888422,0.0760612352384452,0.03585794077656635,0.13235063024547186,-0.004910775783625507,-0.019321952629892076,0.006400681411480236,-0.003038594362953116,-0.008972025289317738,0.0029994571968004306,0.004910775783625518,-0.0064006814114802475,0.019321952629892083,-0.0018721814206723846,-0.017586788476797843,0.011744807179853099
2026-09-23.1,nuScenes,mono,plan_fde,JC_fde,gate_ridge,0.5,376,752,5729.766952419244,True,0.031917622864101464,0.009258236526424867,0.0688177162351824,0.016428359819092176,0.007977013870809683,0.03228741393548162,0.044143612374343714,0.02193589099051297,0.06731210071728959,-1.9841441836236418e-17,-1.4554190018528333e-16,4.3170961008333226e-17,0.015489263045009307,-0.011207772434706031,0.04984639703963062,0.0760612352384452,0.03585794077656635,0.13235063024547186,-0.006112994755121129,-0.015421024522513795,0.008091560398716148,-0.006405303353370247,-0.014425465339439088,0.0025416513115677285,0.006112994755121122,-0.008091560398716157,0.015421024522513795,0.00029230859824914274,-0.013499674830761227,0.01781046900337893
2026-09-23.1,nuScenes,mono,plan_fde,JC_fde,gate_gbm,0.1,75,752,5729.766952419244,True,0.006649401455101047,0.001203451843711331,0.016034368001899748,0.0029035893994313745,0.0006654025685276737,0.006695428650247418,0.06941183378334413,0.033523960007387416,0.11882176776769457,0.003575013336103686,0.0,0.010405504956562353,0.003745812055669673,-0.0034134260671120193,0.0127808298809595,0.0724862219023415,0.03584575414132383,0.12196695815648471,-0.0009364930168183523,-0.004633566374580296,0.005175779592647513,-0.001650997669543843,-0.004749269281673558,0.0018373211227558706,0.0009364930168183488,-0.00517577959264752,0.004633566374580305,0.0007145046527254916,-0.004870705588689266,0.006984618906377168
2026-09-23.1,nuScenes,mono,plan_fde,JC_fde,gate_gbm,0.2,150,752,5729.766952419244,True,0.01647324240035939,0.004369503713568352,0.032401118239778225,0.010492824954815131,0.002737852248656741,0.019009353099297886,0.05958799283808579,0.029953425945414707,0.10199713520824587,-1.9841441836236418e-17,-1.4554190018528333e-16,4.3170961008333226e-17,0.005980417445544259,-0.010561308440241298,0.025062019007621655,0.0760612352384452,0.03585794077656635,0.13235063024547186,0.0013014534565205915,-0.0069881534181026606,0.009053548761796025,0.0013836508168646958,-0.005527381275046216,0.006068236623505011,-0.0013014534565205862,-0.00905354876179603,0.006988153418102656,-8.219736034410438e-05,-0.010381136564500373,0.011777039462663527
2026-09-23.1,nuScenes,mono,plan_fde,JC_fde,gate_gbm,0.3,226,752,5729.766952419244,True,0.028591390291551805,0.007530322392430053,0.05323049390490774,0.014448492642440653,0.007162304346929235,0.02553307699001769,0.04746984494689337,0.022309619631018116,0.08128346042583967,-1.9841441836236418e-17,-1.4554190018528333e-16,4.3170961008333226e-17,0.014142897649111148,-0.011278292065535912,0.03979203295103134,0.0760612352384452,0.03585794077656635,0.13235063024547186,0.005732561616168013,-0.006105677834429883,0.0180254484284415,0.0007240036079286648,-0.00368897955274713,0.005854846076495953,-0.00573256161616801,-0.018025448428441504,0.006105677834429885,0.005008558008239348,-0.009326922909581169,0.01887468432172247
2026-09-23.1,nuScenes,mono,plan_fde,JC_fde,gate_gbm,0.5,376,752,5729.766952419244,True,0.03546648865390117,0.012488626957286518,0.0665042951314054,0.021367459894223742,0.011410510213247802,0.03597749044314618,0.04059474658454402,0.018547227511203433,0.06609384189517209,-1.9841441836236418e-17,-1.4554190018528333e-16,4.3170961008333226e-17,0.014099028759677414,-0.01319532335855205,0.04516055421465761,0.0760612352384452,0.03585794077656635,0.13235063024547186,-0.002564128965321426,-0.011757337905554823,0.009046045005380353,-0.0014662032782386814,-0.0069175653591535945,0.0035493249698862503,0.002564128965321426,-0.009046045005380353,0.011757337905554823,-0.0010979256870827497,-0.011458435084831079,0.011486335056804582
2026-09-23.1,nuScenes,mono,plan_fde,JC_fde,R1_mlp_reg,0.1,75,752,5729.766952419244,True,0.01501878448474711,0.0031993012287645953,0.035895502545325905,0.003987946093580965,0.001425367436026487,0.006833417019855034,0.06104245075369806,0.030708654772479835,0.09883295221739428,0.003575013336103686,0.0,0.010405504956562353,0.011030838391166142,-0.0022002087023404253,0.03204839065698461,0.0724862219023415,0.03584575414132383,0.12196695815648471,0.007432890012827711,-0.0028515704587472905,0.023412905516836773,-0.0005666409753942525,-0.0036363701081489567,0.0020406525227874184,-0.0074328900128277225,-0.02341290551683677,0.002851570458747298,0.00799953098822196,-0.0031820240327900336,0.025068043503934684
2026-09-23.1,nuScenes,mono,plan_fde,JC_fde,R1_mlp_reg,0.2,150,752,5729.766952419244,True,0.026445839088759585,0.00878933514274559,0.04893276123952937,0.0066529930029839875,0.0034199448510043784,0.012615906154755318,0.049615396149685596,0.0253560878222528,0.08835710078621105,-1.9841441836236418e-17,-1.4554190018528333e-16,4.3170961008333226e-17,0.01979284608577559,-0.0008141850173130487,0.04287574456073173,0.0760612352384452,0.03585794077656635,0.13235063024547186,0.011274050144920786,-0.0019253769557149604,0.02423446864734182,-0.0024561811349664477,-0.007185674215351978,0.003040942908435416,-0.011274050144920778,-0.024234468647341828,0.0019253769557149515,0.013730231279887227,-0.0027592730496858397,0.029659692135395745
2026-09-23.1,nuScenes,mono,plan_fde,JC_fde,R1_mlp_reg,0.3,226,752,5729.766952419244,True,0.029368146762856387,0.010983085347725161,0.06022575583648077,0.010214389935510972,0.005315160361146616,0.017684286341746673,0.04669308847558879,0.023281384253982133,0.07445270713721747,-1.9841441836236418e-17,-1.4554190018528333e-16,4.3170961008333226e-17,0.019153756827345415,-0.0008113791821926672,0.04959560417132523,0.0760612352384452,0.03585794077656635,0.13235063024547186,0.006509318087472595,-0.005536481612047381,0.024619068809772854,-0.0035100990990010166,-0.009839623710341769,0.0024815921399587897,-0.006509318087472592,-0.024619068809772864,0.005536481612047387,0.010019417186473615,-0.00259852860332165,0.029089572040119707
2026-09-23.1,nuScenes,mono,plan_fde,JC_fde,R1_mlp_reg,0.5,376,752,5729.766952419244,True,0.041321286104411624,0.015996404769293156,0.07643982387538883,0.01353527485034197,0.007596749004438816,0.022271971782047546,0.034739949134033554,0.01578852001923947,0.05868278292876234,-1.9841441836236418e-17,-1.4554190018528333e-16,4.3170961008333226e-17,0.027786011254069654,0.0021638089571101365,0.061863625866189514,0.0760612352384452,0.03585794077656635,0.13235063024547186,0.0032906684851890314,-0.009211816077607208,0.01772328444919729,-0.009298388322120453,-0.02046126731825688,-0.0011154008167543643,-0.0032906684851890383,-0.0177232844491973,0.009211816077607212,0.01258905680730949,-0.001819827114883394,0.028195051808029305
2026-09-23.1,nuScenes,mono,plan_fde,JC_fde,R1_mlp_clf,0.1,75,752,5729.766952419244,True,0.008502591700762683,0.001738931330866318,0.019683217134268197,0.008151196581541216,0.0030475770679787586,0.013910702450146686,0.0675586435376825,0.03316600667571676,0.11403670599382892,0.003575013336103686,0.0,0.010405504956562353,0.0003513951192214686,-0.009110420874842913,0.012477328730656202,0.0724862219023415,0.03584575414132383,0.12196695815648471,0.000916697228843283,-0.004606069585486633,0.007647061224239045,0.003596609512565998,-0.0007709116664993727,0.00788082079770096,-0.0009166972288432856,-0.007647061224239036,0.004606069585486633,-0.002679912283722713,-0.009546260411574794,0.005895458019003708
2026-09-23.1,nuScenes,mono,plan_fde,JC_fde,R1_mlp_clf,0.2,150,752,5729.766952419244,True,0.016343515645272078,0.004201745789432227,0.035612080039278925,0.011436377065197756,0.005037034328089326,0.018776040185770185,0.059717719593173096,0.029551645979715165,0.10056359513504828,-1.9841441836236418e-17,-1.4554190018528333e-16,4.3170961008333226e-17,0.00490713858007432,-0.012147034380644973,0.025878658296447525,0.0760612352384452,0.03585794077656635,0.13235063024547186,0.0011717267014332792,-0.007743082130474334,0.011324779133377344,0.002327202927247321,-0.002875570878912771,0.007225899839579355,-0.0011717267014332775,-0.01132477913337735,0.007743082130474324,-0.0011554762258140427,-0.01261811622148684,0.011891590085458608
2026-09-23.1,nuScenes,mono,plan_fde,JC_fde,R1_mlp_clf,0.3,226,752,5729.766952419244,True,0.028416638536605945,0.00918294887060468,0.053965260866779684,0.013885981575730722,0.00721044053590752,0.023532638582760224,0.04764459670183924,0.023639401056276148,0.08019643674940155,-1.9841441836236418e-17,-1.4554190018528333e-16,4.3170961008333226e-17,0.014530656960875224,-0.009400977100745085,0.04207423703597813,0.0760612352384452,0.03585794077656635,0.13235063024547186,0.005557809861222153,-0.007124545497382593,0.016933962435051395,0.00016149254121873395,-0.0054968929576384865,0.0056432981212298375,-0.005557809861222146,-0.016933962435051405,0.007124545497382581,0.005396317320003424,-0.009030474905466365,0.01967976648469488
2026-09-23.1,nuScenes,mono,plan_fde,JC_fde,R1_mlp_clf,0.5,376,752,5729.766952419244,True,0.03046178050306754,0.011422094691545122,0.058792362254991605,0.016474192224618666,0.00938387561220846,0.027130332390059922,0.04559945473537764,0.02232582491019491,0.07406804947517247,-1.9841441836236418e-17,-1.4554190018528333e-16,4.3170961008333226e-17,0.013987588278448869,-0.0082685199059406,0.04207943392665861,0.0760612352384452,0.03585794077656635,0.13235063024547186,-0.007568837116155053,-0.01824271284912825,-4.124522679579435e-05,-0.006359470947843757,-0.015707881245890162,0.0007919169793020493,0.007568837116155046,4.124522679579308e-05,0.01824271284912826,-0.0012093661683112954,-0.01039828077171316,0.008976916954328857
2026-09-23.1,nuScenes,mono,plan_fde,JC_fde,R1_gbm_reg,0.1,75,752,5729.766952419244,True,0.0051648717855177426,0.0011006013257666004,0.010845364613861411,0.01352430992244293,0.006161327346792972,0.023474804067812185,0.07089636345292744,0.03393609840441324,0.12117041046380349,0.003575013336103686,0.0,0.010405504956562353,-0.008359438136925187,-0.0200115795699247,0.0021222526499099803,0.0724862219023415,0.03584575414132383,0.12196695815648471,-0.002421022686401657,-0.005256087528357116,-9.072042754887467e-05,0.008969722853467713,0.003084535362397697,0.016049604642762644,0.0024210226864016526,9.072042754887137e-05,0.005256087528357123,-0.011390745539869369,-0.020858681477665956,-0.0036166990629034616
2026-09-23.1,nuScenes,mono,plan_fde,JC_fde,R1_gbm_reg,0.2,150,752,5729.766952419244,True,0.012699965030996227,0.0030524774846054157,0.027943263342586396,0.01742110266679575,0.008674801407404712,0.028942288059570154,0.06336127020744894,0.03165599675343558,0.10817088637295126,-1.9841441836236418e-17,-1.4554190018528333e-16,4.3170961008333226e-17,-0.00472113763579953,-0.022286283020958184,0.013364674888113912,0.0760612352384452,0.03585794077656635,0.13235063024547186,-0.002471823912842572,-0.011841051429446454,0.0051075593856677644,0.008311928528845316,0.002320530032562181,0.015058173572777432,0.0024718239128425704,-0.005107559385667778,0.011841051429446463,-0.010783752441687892,-0.023059965619307867,0.00037782527871687974
2026-09-23.1,nuScenes,mono,plan_fde,JC_fde,R1_gbm_reg,0.3,226,752,5729.766952419244,True,0.021650531844766077,0.006621795361053838,0.043578726533356794,0.022147738442418637,0.01274009435179909,0.035531948226519894,0.05441070339367911,0.027054325061634004,0.09238271796767687,-1.9841441836236418e-17,-1.4554190018528333e-16,4.3170961008333226e-17,-0.0004972065976525615,-0.02301833243593394,0.02365454200720133,0.0760612352384452,0.03585794077656635,0.13235063024547186,-0.0012082968306177146,-0.012169348499085547,0.009826544930063033,0.008423249407906648,0.002871889135418066,0.015015807659822425,0.001208296830617725,-0.009826544930063043,0.012169348499085545,-0.009631546238524361,-0.02276184015759438,0.004007243094859245
2026-09-23.1,nuScenes,mono,plan_fde,JC_fde,R1_gbm_reg,0.5,376,752,5729.766952419244,True,0.03693798167554451,0.01151510712373493,0.07042219045799836,0.02499735102056354,0.014324678841709102,0.040351821110170626,0.03912325356290067,0.019482295533397663,0.06475097810479682,-1.9841441836236418e-17,-1.4554190018528333e-16,4.3170961008333226e-17,0.011940630654980973,-0.020940924608809176,0.049840176155016944,0.0760612352384452,0.03585794077656635,0.13235063024547186,-0.0010926359436780816,-0.0154703691005932,0.011269219137784501,0.002163687848101118,-0.004717045640506091,0.00910312416789063,0.0010926359436780747,-0.011269219137784503,0.015470369100593188,-0.003256323791779191,-0.01944725071715823,0.01271659125091515
2026-09-23.1,nuScenes,mono,plan_fde,JC_fde,R1_gbm_clf,0.1,75,752,5729.766952419244,True,0.012790753506641847,0.0015935086297405507,0.03112057749127444,0.007525420398076404,0.003801772896602485,0.012890639459155003,0.06327048173180333,0.032551546404419616,0.10440696687541011,0.003575013336103686,0.0,0.010405504956562353,0.005265333108565445,-0.009755761196461425,0.025106857034318884,0.0724862219023415,0.03584575414132383,0.12196695815648471,0.005204859034722447,-0.004885728999102313,0.01872708618693859,0.0029708333291011864,-0.001809659105275916,0.00731856318852727,-0.005204859034722453,-0.01872708618693859,0.004885728999102318,0.002234025705621264,-0.011192825657207318,0.01777771769707095
2026-09-23.1,nuScenes,mono,plan_fde,JC_fde,R1_gbm_clf,0.2,150,752,5729.766952419244,True,0.02359198446526509,0.005838191001319188,0.05008998554286294,0.013609284440022237,0.00857013237980007,0.019862750828237477,0.052469250773180084,0.027673006428619785,0.08857969493613256,-1.9841441836236418e-17,-1.4554190018528333e-16,4.3170961008333226e-17,0.009982700025242848,-0.011050307517153354,0.03922281206852399,0.0760612352384452,0.03585794077656635,0.13235063024547186,0.008420195521426291,-0.004556855579197548,0.026049863061892945,0.0045001103020718015,-0.0004124214530009034,0.008769205253727553,-0.00842019552142629,-0.026049863061892973,0.004556855579197541,0.003920085219354485,-0.012507418294544777,0.0253306286494855
2026-09-23.1,nuScenes,mono,plan_fde,JC_fde,R1_gbm_clf,0.3,226,752,5729.766952419244,True,0.02837372935389501,0.009243580354916426,0.05677481949677396,0.020469956909676634,0.010808033871016136,0.037254647362270014,0.04768750588455016,0.024274482119381005,0.07733675458333064,-1.9841441836236418e-17,-1.4554190018528333e-16,4.3170961008333226e-17,0.007903772444218374,-0.019606235809070158,0.03982034111545746,0.0760612352384452,0.03585794077656635,0.13235063024547186,0.005514900678511219,-0.006343667874141769,0.019817316486232212,0.006745467875164645,-0.000713339444677638,0.017854987831492784,-0.0055149006785112226,-0.01981731648623223,0.00634366787414177,-0.0012305671966534263,-0.021506918043289056,0.01878587911694296
2026-09-23.1,nuScenes,mono,plan_fde,JC_fde,R1_gbm_clf,0.5,376,752,5729.766952419244,True,0.04694138423282817,0.01631855962699142,0.094668072568774,0.03141198328586739,0.017425408722148077,0.05182182791764807,0.029119851005617012,0.013960909079273467,0.04872024817994689,-1.9841441836236418e-17,-1.4554190018528333e-16,4.3170961008333226e-17,0.015529400946960774,-0.02263621326577448,0.06549758863718036,0.0760612352384452,0.03585794077656635,0.13235063024547186,0.008910766613605577,-0.009386948773091444,0.03404646829287618,0.008578320113404966,0.0024416572638513677,0.01569640010275836,-0.00891076661360558,-0.0340464682928762,0.00938694877309145,0.00033244650020061023,-0.023325756058314627,0.028194300058960037
2026-09-23.1,nuScenes,mono,plan_fde,JC_fde,R2_cnn_clf,0.1,75,752,5729.766952419244,True,0.009503012035404603,0.003427930955328773,0.019156842643786576,0.004145885677299564,0.0,0.01339916673242044,0.06655822320304058,0.030113747122518332,0.11865778912235214,0.003575013336103686,0.0,0.010405504956562353,0.005357126358105039,-0.005575795557511081,0.016559861193891367,0.0724862219023415,0.03584575414132383,0.12196695815648471,0.0019171175634852032,-0.005140755803660446,0.01084389244549309,-0.00040870139167565375,-0.005247654199434745,0.007668031876417248,-0.001917117563485199,-0.01084389244549309,0.005140755803660439,0.0023258189551608574,-0.007476733274681102,0.013578003324801495
2026-09-23.1,nuScenes,mono,plan_fde,JC_fde,R2_cnn_clf,0.2,150,752,5729.766952419244,True,0.013457068625143103,0.005386839908362066,0.02743315790293797,0.00844421351689404,0.0028845826796260105,0.017199820082870878,0.06260416661330206,0.026763255159251015,0.11102124282350706,-1.9841441836236418e-17,-1.4554190018528333e-16,4.3170961008333226e-17,0.005012855108249067,-0.006831640600030495,0.02018763364303501,0.0760612352384452,0.03585794077656635,0.13235063024547186,-0.001714720318695696,-0.011305515792804184,0.010119757151616317,-0.0006649606210563947,-0.0071124682994809845,0.006248104017128377,0.0017147203186956908,-0.010119757151616312,0.011305515792804186,-0.001049759697639296,-0.013405881478811124,0.014591140308470647
2026-09-23.1,nuScenes,mono,plan_fde,JC_fde,R2_cnn_clf,0.3,226,752,5729.766952419244,True,0.02194981181058652,0.011095841548226865,0.04149103350683954,0.011667558748059132,0.005321794451556563,0.02240957576257856,0.054111423427858664,0.018629039094242694,0.09857649695104627,-1.9841441836236418e-17,-1.4554190018528333e-16,4.3170961008333226e-17,0.01028225306252739,-0.003901874076159544,0.030808792747501854,0.0760612352384452,0.03585794077656635,0.13235063024547186,-0.0009090168647972706,-0.013093246463795677,0.0157303014471485,-0.0020569302864528564,-0.009756677486146743,0.005596531536651069,0.000909016864797281,-0.015730301447148508,0.013093246463795675,0.0011479134216555893,-0.012835698580018798,0.021732439889869403
2026-09-23.1,nuScenes,mono,plan_fde,JC_fde,R2_cnn_clf,0.5,376,752,5729.766952419244,True,0.041317802596432605,0.018941086316915295,0.07150876142684412,0.028041447999157254,0.014626185941420468,0.04811640471321753,0.03474343264201257,0.011882289669903845,0.06511182391710238,-1.9841441836236418e-17,-1.4554190018528333e-16,4.3170961008333226e-17,0.013276354597275365,-0.012032511309282718,0.03853856890873723,0.0760612352384452,0.03585794077656635,0.13235063024547186,0.003287184977210013,-0.008994475024140337,0.017133413069324123,0.005207784826694831,-0.0011038567706512336,0.012410171922756336,-0.00328718497721002,-0.017133413069324123,0.008994475024140336,-0.0019205998494847987,-0.013526965038818775,0.01065419639964462
2026-09-23.1,KITTI,oracle,brake,J,random,0.1,354,3536,4585.479391436285,True,0.03867439139300245,0.020944401002650968,0.06453866097560618,0.011778067395830176,0.004355429208192566,0.029827149799863305,0.3476325237642198,0.1883909849108327,0.5805230218381322,0.002747967699255071,-4.847969463367589e-16,0.19172795526484776,0.026896323997172282,0.009259837571138659,0.053649391415506904,0.38355894745796715,0.20933538591348377,0.5750912474067659,,,,,,,,,,,,
2026-09-23.1,KITTI,oracle,brake,J,random,0.2,707,3536,4585.479391436285,True,0.07723953309280433,0.041888802005301935,0.1290692707958659,0.023522863414835973,0.008710858416385131,0.05954890331068116,0.30906738206441786,0.16744658390818173,0.5159924120178725,1.4875675324233418e-16,-1.0002533537812977e-15,6.009150405748683e-16,0.05371666967796837,0.018486954868174355,0.10752903103749746,0.3863069151572221,0.20933538591348377,0.6414923030598191,,,,,,,,,,,,
2026-09-23.1,KITTI,oracle,brake,J,random,0.3,1061,3536,4585.479391436285,True,0.11591392448580679,0.0627788909514399,0.1935998806161256,0.035300930810666147,0.013066287624577696,0.08937605311054446,0.2703929906714155,0.1465564949620438,0.4514618021976128,1.4875675324233418e-16,-1.0961679301889223e-15,4.388358742614135e-16,0.08061299367514065,0.027746792439313012,0.16117842245300437,0.3863069151572221,0.20933538591348377,0.6450616828137382,,,,,,,,,,,,
2026-09-23.1,KITTI,oracle,brake,J,random,0.5,1768,3536,4585.479391436285,True,0.19315345757861113,0.10466769295674183,0.3223925314017469,0.05882379422550212,0.0217902254079544,0.14903035271027107,0.19315345757861113,0.10466769295674183,0.32266915141199143,1.4875675324233418e-16,-1.118392950520261e-15,4.321460536782583e-16,0.134329663353109,0.04626646758159033,0.2687030063890751,0.3863069151572221,0.20933538591348377,0.6450616828137382,,,,,,,,,,,,
2026-09-23.1,KITTI,oracle,brake,J,uncertainty,0.1,354,3536,4585.479391436285,True,0.016970527685544672,0.005234144490464272,0.03362596903690585,0.02129561745024841,0.008277110575040601,0.043254620158853146,0.3693363874716776,0.19501786428376383,0.632123165563842,0.002747967699255071,-4.847969463367589e-16,0.19172795526484776,-0.004325089764703738,-0.021824677626851273,0.012373995988122583,0.38355894745796715,0.20933538591348377,0.5750912474067659,-0.02170386370745778,-0.05321554357518286,0.003231627374796233,0.009517550054418235,-0.0016217958545116165,0.017554624436968362,0.02170386370745775,-0.0032316273747962365,0.05321554357518288,-0.03122141376187602,-0.0581817105661827,-0.0063380782287445776
2026-09-23.1,KITTI,oracle,brake,J,uncertainty,0.2,707,3536,4585.479391436285,True,0.03699652689907489,0.019752199981571666,0.07600260830171653,0.041045305047050396,0.01650331272468373,0.08319189561136217,0.34931038825814736,0.17522600316258066,0.6156224329211893,1.4875675324233418e-16,-1.0002533537812977e-15,6.009150405748683e-16,-0.004048778147975485,-0.023581461028237126,0.02355851396083475,0.3863069151572221,0.20933538591348377,0.6414923030598191,-0.04024300619372944,-0.10230151234740098,0.009767646195723602,0.017522441632214423,-0.0014808869579136788,0.030102452605015817,0.0402430061937295,-0.00976764619572365,0.10230151234740092,-0.05776544782594385,-0.11236640916022735,-0.006227602664981779
2026-09-23.1,KITTI,oracle,brake,J,uncertainty,0.3,1061,3536,4585.479391436285,True,0.0721628373398514,0.03005544434458755,0.1366287149148753,0.05638888395165292,0.027441239146121947,0.11523408233881088,0.31414407781737086,0.15046144297361125,0.6029086098793939,1.4875675324233418e-16,-1.0961679301889223e-15,4.388358742614135e-16,0.015773953388198526,-0.02950871212644278,0.039402265303014536,0.3863069151572221,0.20933538591348377,0.6450616828137382,-0.04375108714595538,-0.14714094033612554,0.033739725781740795,0.02108795314098677,0.005372984129311078,0.037403836934311915,0.04375108714595538,-0.03373972578174078,0.14714094033612551,-0.06483904028694212,-0.1636095678394122,0.0050492664607224656
2026-09-23.1,KITTI,oracle,brake,J,uncertainty,0.5,1768,3536,4585.479391436285,True,0.11998553515651843,0.04485185568666868,0.20318583867098672,0.0867279086323575,0.04124701615523683,0.18093101664221684,0.2663213800007038,0.11659769875325739,0.5564944546652251,1.4875675324233418e-16,-1.118392950520261e-15,4.321460536782583e-16,0.033257626524161,-0.02293502593310845,0.09010871795772314,0.3863069151572221,0.20933538591348377,0.6450616828137382,-0.0731679224220927,-0.23125059852067603,0.028078651429334994,0.027904114406855383,0.004826090461176901,0.04882548240349234,0.07316792242209269,-0.028078651429334966,0.23125059852067598,-0.101072036828948,-0.24584292164557578,-0.01837000784208623
2026-09-23.1,KITTI,oracle,brake,J,criticality_cheap,0.1,354,3536,4585.479391436285,True,0.027279622630025934,0.0018852909877560798,0.07173708975502273,0.022619699792034455,0.005347558306378284,0.053457019210134044,0.35902729252719634,0.1903953655602867,0.6294382339321913,0.002747967699255071,-4.847969463367589e-16,0.19172795526484776,0.004659922837991483,-0.005714827141526971,0.024879525398170725,0.38355894745796715,0.20933538591348377,0.5750912474067659,-0.011394768762976518,-0.049568208816768315,0.03808778131169099,0.01084163239620428,-0.004986727029125965,0.027841272083663153,0.011394768762976515,-0.038087781311690994,0.049568208816768294,-0.0222364011591808,-0.05189173096026848,0.013651322030110246
2026-09-23.1,KITTI,oracle,brake,J,criticality_cheap,0.2,707,3536,4585.479391436285,True,0.037750025743547536,0.005044441199768362,0.0915538012251307,0.04261983250143774,0.010183152250177683,0.09179079309515072,0.3485568894136747,0.17903224621236183,0.6167065994011994,1.4875675324233418e-16,-1.0002533537812977e-15,6.009150405748683e-16,-0.004869806757890197,-0.018749824613908235,0.0302863309136453,0.3863069151572221,0.20933538591348377,0.6414923030598191,-0.0394895073492568,-0.10687915054526921,0.02460609848402584,0.01909696908660177,-0.010302185584431994,0.04104540796295751,0.039489507349256825,-0.02460609848402584,0.10687915054526925,-0.05858647643585857,-0.11154747973220239,-0.0017215474498695257
2026-09-23.1,KITTI,oracle,brake,J,criticality_cheap,0.3,1061,3536,4585.479391436285,True,0.0830855130717616,0.008493554437630644,0.14644920605095102,0.05456638484830027,0.017490301770212276,0.12977184600363412,0.30322140208546067,0.15564725800986276,0.6117914954396373,1.4875675324233418e-16,-1.0961679301889223e-15,4.388358742614135e-16,0.028519128223461355,-0.02848249730235015,0.04610649252639944,0.3863069151572221,0.20933538591348377,0.6450616828137382,-0.03282841141404519,-0.1627735787743792,0.03582691968052058,0.019265454037634126,-0.012708429121912303,0.05213813826781796,0.03282841141404519,-0.03582691968052057,0.16277357877437915,-0.052093865451679294,-0.16348424027684783,0.004782022092196733
2026-09-23.1,KITTI,oracle,brake,J,criticality_cheap,0.5,1768,3536,4585.479391436285,True,0.10215304876316623,0.03227677879363476,0.27415118495679663,0.08131525863986613,0.03559527977252974,0.18107476827308094,0.28415386639405604,0.07990155821349797,0.5659141499944788,1.4875675324233418e-16,-1.118392950520261e-15,4.321460536782583e-16,0.02083779012330012,-0.028035761581291466,0.11199951502479569,0.3863069151572221,0.20933538591348377,0.6450616828137382,-0.0910004088154449,-0.24204417110901838,0.09199083344834899,0.02249146441436401,-0.0034881923384665198,0.04515134198217431,0.09100040881544491,-0.09199083344834899,0.24204417110901832,-0.11349187322980889,-0.2474360902738368,0.05468034875978312
2026-09-23.1,KITTI,oracle,brake,J,trivial_ego_speed,0.1,354,3536,4585.479391436285,True,0.1711994776353595,0.0346171316550458,0.3003589655576681,0.021879934671486627,0.0,0.07701335740178894,0.21510743752186273,0.1544664824997906,0.36562573647263213,0.002747967699255071,-4.847969463367589e-16,0.19172795526484776,0.14931954296387287,0.009929790252212302,0.2943560067094302,0.38355894745796715,0.20933538591348377,0.5750912474067659,0.13252508624235704,0.007228818990822299,0.2393634250734878,0.010101867275656451,-0.013207135029682005,0.04302737103120363,-0.1325250862423571,-0.2393634250734879,-0.00722881899082233,0.12242321896670058,-0.0012040390045504144,0.2421725643617458
2026-09-23.1,KITTI,oracle,brake,J,trivial_ego_speed,0.2,707,3536,4585.479391436285,True,0.2475628615540876,0.07123846803374395,0.4439740972988534,0.021931508415969924,0.001340588892514553,0.09957508998060809,0.13874405360313466,0.09855839169724714,0.30764210622440996,1.4875675324233418e-16,-1.0002533537812977e-15,6.009150405748683e-16,0.22563135313811764,0.028237584650517178,0.40723790099918905,0.3863069151572221,0.20933538591348377,0.6414923030598191,0.17032332846128329,0.011894508157368373,0.3210915373980108,-0.0015913549988660486,-0.016946231441758258,0.04765235195799435,-0.1703233284612832,-0.3210915373980108,-0.011894508157368335,0.17191468346014926,0.006601688615341573,0.30913568205433295
2026-09-23.1,KITTI,oracle,brake,J,trivial_ego_speed,0.3,1061,3536,4585.479391436285,True,0.2705167532942393,0.093395345060132,0.5278702247955541,0.030943284865298477,0.005388367260778041,0.11654501567212401,0.11579016186298292,0.06465454995553004,0.27365720416979805,1.4875675324233418e-16,-1.0961679301889223e-15,4.388358742614135e-16,0.23957346842894076,0.03345726517271641,0.5016428572091147,0.3863069151572221,0.20933538591348377,0.6450616828137382,0.1546028288084325,-0.0067764544147007055,0.34537107067505546,-0.00435764594536767,-0.02274212353318932,0.04095857480850828,-0.15460282880843257,-0.3453710706750554,0.006776454414700733,0.1589604747538001,0.0020777774198613755,0.3341436221016446
2026-09-23.1,KITTI,oracle,brake,J,trivial_ego_speed,0.5,1768,3536,4585.479391436285,True,0.30056066598025516,0.13370075881062427,0.6134872192742,0.05089765565067685,0.018282652222026196,0.16596647083151977,0.08574624917696706,0.022754896770398908,0.18267626507312584,1.4875675324233418e-16,-1.118392950520261e-15,4.321460536782583e-16,0.2496630103295782,0.054140276083631,0.5417141157024141,0.3863069151572221,0.20933538591348377,0.6450616828137382,0.10740720840164403,-0.016807594915762523,0.2944390408191827,-0.00792613857482527,-0.02666958896748641,0.03751386212815425,-0.10740720840164407,-0.2944390408191827,0.016807594915762468,0.11533334697646919,0.00033653279218923203,0.2751174954539611
2026-09-23.1,KITTI,oracle,brake,J,gate_ridge,0.1,354,3536,4585.479391436285,True,0.03347275862879987,0.008359003910320115,0.16081498365086777,0.008134618844739915,0.0,0.05570651086310764,0.35283415652842237,0.1751309161585505,0.576618031303548,0.002747967699255071,-4.847969463367589e-16,0.19172795526484776,0.025338139784059948,0.0057431221481368255,0.12324032893852212,0.38355894745796715,0.20933538591348377,0.5750912474067659,-0.005201632764202581,-0.04209450360605289,0.10212793652083967,-0.0036434485510902608,-0.015020938946698516,0.029900048017451428,0.005201632764202546,-0.10212793652083973,0.042094503606052935,-0.001558184213112334,-0.03559044165186906,0.07961535563436119
2026-09-23.1,KITTI,oracle,brake,J,gate_ridge,0.2,707,3536,4585.479391436285,True,0.10476504202791083,0.03179687935285782,0.20462113913683388,0.012853854037704636,0.0,0.08010401708924429,0.2815418731293114,0.1515630973040842,0.48264099420791395,1.4875675324233418e-16,-1.0002533537812977e-15,6.009150405748683e-16,0.09191118799020619,0.02669669474455355,0.1533114619262126,0.3863069151572221,0.20933538591348377,0.6414923030598191,0.027525508935106496,-0.04599606372738375,0.09767685962135834,-0.010669009377131337,-0.024218390618841,0.028755664761390975,-0.02752550893510647,-0.09767685962135836,0.04599606372738377,0.038194518312237816,-0.03817611861034459,0.07396974348827108
2026-09-23.1,KITTI,oracle,brake,J,gate_ridge,0.3,1061,3536,4585.479391436285,True,0.14466337088196293,0.07018316651911156,0.22891420779693006,0.021880004354100025,0.0,0.10013200478471262,0.2416435442752593,0.09726563020852748,0.46208866671384174,1.4875675324233418e-16,-1.0961679301889223e-15,4.388358742614135e-16,0.12278336652786286,0.031181636188937534,0.17794898807184728,0.3863069151572221,0.20933538591348377,0.6450616828137382,0.028749446396156147,-0.039060259568592465,0.09356589691943629,-0.013420926456566121,-0.027237773789775262,0.02391351926721856,-0.028749446396156175,-0.09356589691943626,0.03906025956859242,0.04217037285272221,-0.031048031091204825,0.08251987344997644
2026-09-23.1,KITTI,oracle,brake,J,gate_ridge,0.5,1768,3536,4585.479391436285,True,0.1699568299003423,0.12222648987841739,0.2673296877302582,0.04804020715892809,0.009017272615815551,0.15051452221986872,0.21635008525687993,0.03589203584153641,0.4166934137920125,1.4875675324233418e-16,-1.118392950520261e-15,4.321460536782583e-16,0.12191662274141427,0.018440594095838838,0.1797515541029027,0.3863069151572221,0.20933538591348377,0.6450616828137382,-0.023196627678268827,-0.10837986696783339,0.08081628089341004,-0.010783587066574035,-0.03043839491592639,0.019185517300627286,0.0231966276782688,-0.08081628089341004,0.10837986696783342,-0.012413040611694737,-0.11143525807480206,0.08795122773480143
2026-09-23.1,KITTI,oracle,brake,J,gate_gbm,0.1,354,3536,4585.479391436285,True,0.0378670481775978,0.020367996460209904,0.2206791500293302,0.006468489886823705,0.0,0.06416921280803721,0.3484398669796245,0.15336802815384332,0.5570546799666649,0.002747967699255071,-4.847969463367589e-16,0.19172795526484776,0.03139855829077409,0.01541568544320992,0.19581757845351946,0.38355894745796715,0.20933538591348377,0.5750912474067659,-0.0008073432154046545,-0.027352985166706742,0.16213734138398855,-0.005309577509006471,-0.015447927429192444,0.03930315271364737,0.0008073432154046545,-0.16213734138398855,0.027352985166706797,0.00450223429360181,-0.020802260929537082,0.16069393936153628
2026-09-23.1,KITTI,oracle,brake,J,gate_gbm,0.2,707,3536,4585.479391436285,True,0.1000157503317272,0.04345939051718865,0.35501400592233245,0.012628386890290198,0.0,0.0865605679871983,0.28629116482549505,0.1399967469331516,0.44780187995292703,1.4875675324233418e-16,-1.0002533537812977e-15,6.009150405748683e-16,0.087387363441437,0.04226201342550556,0.3201649050627043,0.3863069151572221,0.20933538591348377,0.6414923030598191,0.02277621723892287,-0.03532650979969579,0.2325260887478539,-0.010894476524545775,-0.02687079811951331,0.03450453378402706,-0.022776217238922813,-0.2325260887478539,0.035326509799695816,0.03367069376346862,-0.025999856014557024,0.22222678280006547
2026-09-23.1,KITTI,oracle,brake,J,gate_gbm,0.3,1061,3536,4585.479391436285,True,0.21254806618081754,0.06962359723790455,0.4294162488873939,0.023002584097964813,0.0,0.11179985564699634,0.1737588489764047,0.09573729114315589,0.31914169809883786,1.4875675324233418e-16,-1.0961679301889223e-15,4.388358742614135e-16,0.18954548208285274,0.06392759574191478,0.37459833022760997,0.3863069151572221,0.20933538591348377,0.6450616828137382,0.09663414169501075,-0.021638899053725485,0.23843550337566413,-0.012298346712701334,-0.026004132200279015,0.029506277131342913,-0.09663414169501078,-0.23843550337566413,0.021638899053725458,0.1089324884077121,-0.011502150555164141,0.22850584433390314
2026-09-23.1,KITTI,oracle,brake,J,gate_gbm,0.5,1768,3536,4585.479391436285,True,0.2934582407330836,0.141810929503398,0.5432534556302187,0.04363309014093045,0.006045811700653358,0.15538516315434614,0.09284867442413869,0.055500912860895237,0.16513449376547357,1.4875675324233418e-16,-1.118392950520261e-15,4.321460536782583e-16,0.24982515059215318,0.11464825887677574,0.48739668203848696,0.3863069151572221,0.20933538591348377,0.6450616828137382,0.10030478315447244,0.02896145800709738,0.21403104987564853,-0.015190704084571675,-0.02304075157551773,0.006873823678312228,-0.10030478315447244,-0.21403104987564855,-0.02896145800709738,0.11549548723904418,0.04555483631849469,0.22184547718488154
2026-09-23.1,KITTI,oracle,brake,J,R1_mlp_reg,0.1,354,3536,4585.479391436285,True,0.055270851987346215,0.02729744567391807,0.17245467679661092,0.005411771546744993,0.0,0.06036064129240751,0.331036063169876,0.17243889784585126,0.5366907613982697,0.002747967699255071,-4.847969463367589e-16,0.19172795526484776,0.04985908044060122,0.018272313530355532,0.14143777604048235,0.38355894745796715,0.20933538591348377,0.5750912474067659,0.016596460594343762,-0.004447669376234489,0.1143635232220601,-0.0063662958490851825,-0.014752367469474075,0.03615502279808077,-0.01659646059434383,-0.11436352322206012,0.004447669376234477,0.02296275644342894,0.002213575191274929,0.09897690342232152
2026-09-23.1,KITTI,oracle,brake,J,R1_mlp_reg,0.2,707,3536,4585.479391436285,True,0.11202617076043314,0.049684287287306256,0.30016209484725404,0.013330969057257206,0.0,0.09150762158736639,0.2742807443967891,0.14580684540704178,0.41249556187709235,1.4875675324233418e-16,-1.0002533537812977e-15,6.009150405748683e-16,0.09869520170317592,0.016854187613098662,0.2660765174590449,0.3863069151572221,0.20933538591348377,0.6414923030598191,0.03478663766762881,-0.012434723411865477,0.17006053973438878,-0.010191894357578767,-0.020276297448075062,0.035942074770552,-0.03478663766762874,-0.17006053973438895,0.01243472341186542,0.044978532025207546,-0.007769516496578856,0.16334209651583792
2026-09-23.1,KITTI,oracle,brake,J,R1_mlp_reg,0.3,1061,3536,4585.479391436285,True,0.18697914714367117,0.07515764088058469,0.38190010122735074,0.02240618439501954,0.0,0.11464837376103464,0.19932776801355107,0.11171516291079388,0.3124200815554975,1.4875675324233418e-16,-1.0961679301889223e-15,4.388358742614135e-16,0.16457296274865163,0.01518706491599654,0.34893431982526557,0.3863069151572221,0.20933538591348377,0.6450616828137382,0.07106522265786439,-0.02385891859726448,0.1967901541310588,-0.012894746415646606,-0.023040808199040894,0.027979345903739586,-0.07106522265786441,-0.19679015413105883,0.023858918597264467,0.08395996907351098,-0.017442325564478757,0.19040146289118826
2026-09-23.1,KITTI,oracle,brake,J,R1_mlp_reg,0.5,1768,3536,4585.479391436285,True,0.2688061775350559,0.11276441070426883,0.5177520310851945,0.05261094734522593,0.003307781968632404,0.1659034471719126,0.11750073762216631,0.05655961641893487,0.23986418997672718,1.4875675324233418e-16,-1.118392950520261e-15,4.321460536782583e-16,0.2161952301898301,-0.001135656523232205,0.46761787557076356,0.3863069151572221,0.20933538591348377,0.6450616828137382,0.07565271995644479,-0.05593874886947246,0.19707945262413729,-0.006212846880276193,-0.019642339263816408,0.02351254649097994,-0.07565271995644482,-0.19707945262413729,0.05593874886947248,0.08186556683672111,-0.057424409351730835,0.183732582731837
2026-09-23.1,KITTI,oracle,brake,J,R1_mlp_clf,0.1,354,3536,4585.479391436285,True,0.0840518695013277,0.019726916667147085,0.192647422101655,0.004695279220567771,0.0,0.04365410692258847,0.30225504565589456,0.1768393656843242,0.4856132001539612,0.002747967699255071,-4.847969463367589e-16,0.19172795526484776,0.07935659028075993,0.015921018370154933,0.17179491880306236,0.38355894745796715,0.20933538591348377,0.5750912474067659,0.04537747810832525,-0.0028540018346423354,0.13261853427719553,-0.007082788175262405,-0.014930214618985011,0.019408555965289894,-0.045377478108325264,-0.13261853427719553,0.0028540018346423293,0.05246026628358765,0.0041658255015423855,0.12912643692509007
2026-09-23.1,KITTI,oracle,brake,J,R1_mlp_clf,0.2,707,3536,4585.479391436285,True,0.13154196447282418,0.05203994034565472,0.32746441940102117,0.010482501846015558,0.00028338799688371974,0.07595406793231643,0.2547649506843981,0.13869051927904225,0.3832026039342039,1.4875675324233418e-16,-1.0002533537812977e-15,6.009150405748683e-16,0.12105946262680861,0.025554540837934136,0.2914689591193076,0.3863069151572221,0.20933538591348377,0.6414923030598191,0.05430243138001985,-0.01737578258342536,0.2001771038769423,-0.013040361568820415,-0.028996941112946876,0.027412424310018335,-0.05430243138001978,-0.20017710387694226,0.017375782583425297,0.06734279294884024,0.004442468759892376,0.20516834678994808
2026-09-23.1,KITTI,oracle,brake,J,R1_mlp_clf,0.3,1061,3536,4585.479391436285,True,0.1883696710707326,0.07030926716135646,0.4198409328916533,0.014591391088985167,0.00028338799688371974,0.1025653377251888,0.19793724408648963,0.106029712363663,0.30534131311129264,1.4875675324233418e-16,-1.0961679301889223e-15,4.388358742614135e-16,0.17377827998174739,0.029138645250723315,0.37962545152804006,0.3863069151572221,0.20933538591348377,0.6450616828137382,0.07245574658492582,-0.02989162356688672,0.22803263073229404,-0.020709539721680978,-0.03660402006281784,0.025762673896205346,-0.07245574658492585,-0.22803263073229416,0.029891623566886676,0.09316528630660674,-0.0037011542166415674,0.2256913075866833
2026-09-23.1,KITTI,oracle,brake,J,R1_mlp_clf,0.5,1768,3536,4585.479391436285,True,0.27207106446248874,0.11473951861107069,0.5285158429641793,0.03552934445918317,0.0033166656882938346,0.14501875198638797,0.1142358506947335,0.05450141739636737,0.23712002155575634,1.4875675324233418e-16,-1.118392950520261e-15,4.321460536782583e-16,0.23654172000330562,0.03793486242420914,0.48508907873671364,0.3863069151572221,0.20933538591348377,0.6450616828137382,0.07891760688387761,-0.047670987394964226,0.20827427299976442,-0.023294449766318955,-0.0425507579043249,0.017819441162221547,-0.07891760688387763,-0.20827427299976436,0.0476709873949642,0.10221205665019661,-0.014920608510815274,0.20395377436368492
2026-09-23.1,KITTI,oracle,brake,J,R1_gbm_reg,0.1,354,3536,4585.479391436285,True,0.05588870350572172,0.026542614349298277,0.22590074906304722,0.005145275271124528,0.0,0.05852995880726228,0.33041821165150054,0.1690276961116722,0.5320744913667976,0.002747967699255071,-4.847969463367589e-16,0.19172795526484776,0.05074342823459718,0.017110121631315204,0.20126322140088282,0.38355894745796715,0.20933538591348377,0.5750912474067659,0.017214312112719267,-0.004506449261070313,0.16622848147400865,-0.006632792124705648,-0.017134024278761404,0.02541966433898041,-0.017214312112719288,-0.16622848147400865,0.004506449261070382,0.0238471042374249,0.0019458220597779875,0.15744297434779686
2026-09-23.1,KITTI,oracle,brake,J,R1_gbm_reg,0.2,707,3536,4585.479391436285,True,0.1233334815886352,0.0465511197234033,0.3557424557352099,0.010245630403984537,0.0,0.07506774474080603,0.262973433568587,0.14097410801045895,0.39627197298929023,1.4875675324233418e-16,-1.0002533537812977e-15,6.009150405748683e-16,0.11308785118465069,0.023461179635930897,0.3208604459700759,0.3863069151572221,0.20933538591348377,0.6414923030598191,0.04609394849583087,-0.020488705681251065,0.23339021917701672,-0.013277233010851435,-0.029474018077608983,0.022651448470462437,-0.04609394849583087,-0.23339021917701674,0.02048870568125105,0.059371181506682316,-0.0024005661960278487,0.22717284805581883
2026-09-23.1,KITTI,oracle,brake,J,R1_gbm_reg,0.3,1061,3536,4585.479391436285,True,0.20526109604353496,0.06935714481784176,0.4401122176268993,0.01622242572870542,0.0,0.08774900517588685,0.18104581911368728,0.10522816869530593,0.3001846259755468,1.4875675324233418e-16,-1.0961679301889223e-15,4.388358742614135e-16,0.18903867031482954,0.02882042253576758,0.40231682477185066,0.3863069151572221,0.20933538591348377,0.6450616828137382,0.08934717155772817,-0.03019727518253597,0.2346660463163881,-0.019078505081960725,-0.035461550866853375,0.017531575213302023,-0.0893471715577282,-0.2346660463163881,0.03019727518253592,0.1084256766396889,-0.00806659466919111,0.23813389019073478
2026-09-23.1,KITTI,oracle,brake,J,R1_gbm_reg,0.5,1768,3536,4585.479391436285,True,0.271761969715296,0.11681060454990347,0.5332871719800104,0.0446113292156226,0.005578283018143679,0.1655830610758331,0.11454494544192624,0.048244167202813985,0.22609776164966844,1.4875675324233418e-16,-1.118392950520261e-15,4.321460536782583e-16,0.2271506404996733,0.013477014302774894,0.47859187454443763,0.3863069151572221,0.20933538591348377,0.6450616828137382,0.07860851213668485,-0.04560279095107313,0.2086744020647914,-0.014212465009879521,-0.030691176800165233,0.022273470026641137,-0.07860851213668489,-0.20867440206479143,0.04560279095107311,0.09282097714656429,-0.03780768656190274,0.21335457226918464
2026-09-23.1,KITTI,oracle,brake,J,R1_gbm_clf,0.1,354,3536,4585.479391436285,True,0.10676806270658735,0.03358034750783052,0.24819086302465312,0.004175703709746174,0.0,0.05368461350713194,0.2795388524506349,0.14891853776292296,0.4420853737759977,0.002747967699255071,-4.847969463367589e-16,0.19172795526484776,0.10259235899684117,0.02537282369748819,0.22935233081294157,0.38355894745796715,0.20933538591348377,0.5750912474067659,0.0680936713135849,0.00529253002117514,0.18964905437931148,-0.007602363686084001,-0.016808653303174742,0.024326371006982143,-0.0680936713135849,-0.18964905437931145,-0.005292530021175154,0.0756960349996689,0.013696043956392212,0.18200896948162615
2026-09-23.1,KITTI,oracle,brake,J,R1_gbm_clf,0.2,707,3536,4585.479391436285,True,0.14971926972927285,0.06142128157940039,0.3835831133427642,0.010461517822924848,0.0,0.08165085348598293,0.2365876454279494,0.1219858673109465,0.33831154813113173,1.4875675324233418e-16,-1.0002533537812977e-15,6.009150405748683e-16,0.13925775190634798,0.03915831068340547,0.3485740785209596,0.3863069151572221,0.20933538591348377,0.6414923030598191,0.07247973663646852,0.003609420399302319,0.2612667898167146,-0.013061345591911125,-0.025165682279175625,0.03190380520665795,-0.07247973663646845,-0.2612667898167145,-0.0036094203993024105,0.08554108222837961,0.016883096830077566,0.25517651126056884
2026-09-23.1,KITTI,oracle,brake,J,R1_gbm_clf,0.3,1061,3536,4585.479391436285,True,0.22855645415400808,0.08645512580441422,0.46945097449795714,0.01802112386937611,0.0,0.10312708622909034,0.15775046100321416,0.093832182512429,0.2713599018636536,1.4875675324233418e-16,-1.0961679301889223e-15,4.388358742614135e-16,0.21053533028463195,0.04088567886796384,0.43386700111105253,0.3863069151572221,0.20933538591348377,0.6450616828137382,0.11264252966820129,-0.004039898353378058,0.27817206179428716,-0.017279806941290037,-0.027848325880584102,0.02055818642682078,-0.11264252966820132,-0.27817206179428716,0.004039898353378045,0.12992233660949132,0.013196193763084089,0.2765674783641552
2026-09-23.1,KITTI,oracle,brake,J,R1_gbm_clf,0.5,1768,3536,4585.479391436285,True,0.28118086410431065,0.11944614881025005,0.5722551104501266,0.04060826464345768,0.004947698870162386,0.15790845442809925,0.1051260510529116,0.04745597240279957,0.21834159104334547,1.4875675324233418e-16,-1.118392950520261e-15,4.321460536782583e-16,0.2405725994608528,0.03718607962338418,0.5158101794164657,0.3863069151572221,0.20933538591348377,0.6450616828137382,0.08802740652569951,-0.0387357841214423,0.2498144520710937,-0.01821552958204444,-0.030964512499334018,0.021692374178781892,-0.08802740652569953,-0.24981445207109365,0.03873578412144223,0.1062429361077438,-0.01965076238359806,0.24397736081419322
2026-09-23.1,KITTI,oracle,brake,J,R2_cnn_clf,0.1,354,3536,4585.479391436285,True,0.03993694538384572,0.023876893778826926,0.08412285039775798,0.006751895420682119,0.0005651408944344593,0.030308756956101482,0.34636996977337653,0.1714064506169756,0.5986488854785081,0.002747967699255071,-4.847969463367589e-16,0.19172795526484776,0.033185049963163606,0.015725696136799295,0.06869795628865352,0.38355894745796715,0.20933538591348377,0.5750912474067659,0.0012625539908432681,-0.024866726881416917,0.0374315218640409,-0.005026171975148056,-0.009010021364713277,0.0037396662065633766,-0.001262553990843296,-0.03743152186404092,0.024866726881417,0.006288725965991324,-0.023527157876386668,0.03797082202087193
2026-09-23.1,KITTI,oracle,brake,J,R2_cnn_clf,0.2,707,3536,4585.479391436285,True,0.08054516424556865,0.04397605086506755,0.15581791191049088,0.01232697105783531,0.001873875253929724,0.05482384307227266,0.3057617509116536,0.15478757389238393,0.5173333044805616,1.4875675324233418e-16,-1.0002533537812977e-15,6.009150405748683e-16,0.0682181931877333,0.015440795950085072,0.13080724500764293,0.3863069151572221,0.20933538591348377,0.6414923030598191,0.0033056311527643184,-0.03650371507702989,0.042177731246346654,-0.011195892357000662,-0.018353817429431367,0.002210977853229734,-0.0033056311527642768,-0.04217773124634669,0.036503715077029875,0.014501523509764927,-0.027256242610117422,0.052138666634052054
2026-09-23.1,KITTI,oracle,brake,J,R2_cnn_clf,0.3,1061,3536,4585.479391436285,True,0.12482279438202501,0.06228256024759613,0.2368076225347169,0.024535684175457945,0.003282667859436953,0.08863318469009383,0.2614841207751972,0.13966694377095135,0.4662149550317163,1.4875675324233418e-16,-1.0961679301889223e-15,4.388358742614135e-16,0.10028711020656701,0.024953620071310682,0.20128142259383905,0.3863069151572221,0.20933538591348377,0.6450616828137382,0.008908869896218224,-0.03295252328088208,0.07410749827593716,-0.010765246635208201,-0.022413249915407295,0.006306152113959443,-0.008908869896218252,-0.0741074982759371,0.03295252328088216,0.019674116531426367,-0.020734424312432234,0.08207645557655233
2026-09-23.1,KITTI,oracle,brake,J,R2_cnn_clf,0.5,1768,3536,4585.479391436285,True,0.22800796010515817,0.11431790231910147,0.3862719520097043,0.049230280383310406,0.013787248091400027,0.1462481961136097,0.15829895505206407,0.08586940928966548,0.3199557287512953,1.4875675324233418e-16,-1.118392950520261e-15,4.321460536782583e-16,0.17877767972184774,0.07195704723270725,0.33940687330328045,0.3863069151572221,0.20933538591348377,0.6450616828137382,0.03485450252654704,-0.024260663151992823,0.1088923896739654,-0.009593513842191717,-0.021438778163165244,0.012227994997808925,-0.034854502526547065,-0.10889238967396554,0.02426066315199285,0.04444801636873874,-0.01745973193272496,0.12402256174659025
2026-09-23.1,KITTI,oracle,traj,JB,random,0.1,354,3536,1799.2805109286678,True,0.05211792889654122,0.003710342122870845,0.07847952195297647,0.0001270636852496946,9.578555154911757e-06,0.00021791233568833012,0.4684724569174975,0.033364092058002684,0.7057781666045075,-1.2636922039792285e-16,-3.803770190278624e-16,1.896702594639468e-16,0.05199086521129152,0.0035140879492984766,0.07841554721531357,0.5205903858140389,0.037074434180873486,0.7842576885574842,,,,,,,,,,,,
2026-09-23.1,KITTI,oracle,traj,JB,random,0.2,707,3536,1799.2805109286678,True,0.10408863200523909,0.007413437483782958,0.15693413797418418,0.00025376843353540704,1.9197020956302316e-05,0.0004363241625426254,0.41650175380879967,0.029660996697090568,0.6272986446515311,-1.2636922039792285e-16,-3.803770190278624e-16,1.896702594639468e-16,0.10383486357170368,0.0070213124455709795,0.15682014070685446,0.5205903858140389,0.037074434180873486,0.7842576885574842,,,,,,,,,,,,
2026-09-23.1,KITTI,oracle,traj,JB,random,0.3,1061,3536,1799.2805109286678,True,0.15620656090178028,0.011123779606653804,0.23516980037278906,0.0003808321187851016,2.8775576111214068e-05,0.0006542364982309556,0.36438382491225846,0.025950654574219724,0.549087888184695,-1.2636922039792285e-16,-3.803770190278624e-16,1.896702594639468e-16,0.1558257287829952,0.010535400394869457,0.2349780952513677,0.5205903858140389,0.037074434180873486,0.7842576885574842,,,,,,,,,,,,
2026-09-23.1,KITTI,oracle,traj,JB,random,0.5,1768,3536,1799.2805109286678,True,0.26029519290701936,0.018537217090436764,0.392128844278742,0.0006346005523205086,4.797259706751638e-05,0.001090560660773581,0.26029519290701936,0.018537217090436764,0.392128844278742,-1.2636922039792285e-16,-3.803770190278624e-16,1.896702594639468e-16,0.2596605923546989,0.017556712840440435,0.39180918968199485,0.5205903858140389,0.037074434180873486,0.7842576885574842,,,,,,,,,,,,
2026-09-23.1,KITTI,oracle,traj,JB,uncertainty,0.1,354,3536,1799.2805109286678,True,0.0001751418588228187,0.0,0.024817393761843654,0.0007873622359014798,0.0,0.001800982516218809,0.520415243955216,0.03632016818496444,0.7611077103864635,-1.2636922039792285e-16,-3.803770190278624e-16,1.896702594639468e-16,-0.0006122203770786611,-0.0017515185590875608,0.024652013220467374,0.5205903858140389,0.037074434180873486,0.7842576885574842,-0.051942787037718395,-0.07258758188050159,-0.0031660041848771466,0.0006602985506517852,-0.00014517842165302606,0.00160749158696453,0.051942787037718485,0.00316600418487715,0.07258758188050152,-0.05260308558837019,-0.07297341777401958,-0.0030125952974118563
2026-09-23.1,KITTI,oracle,traj,JB,uncertainty,0.2,707,3536,1799.2805109286678,True,0.017152970516967594,0.0003950367799539918,0.04579229456536601,0.0009818085207509981,0.0,0.0018941664220153247,0.5034374152970712,0.03443421733377303,0.7393265328667606,-1.2636922039792285e-16,-3.803770190278624e-16,1.896702594639468e-16,0.0161711619962166,-0.0011003207355830338,0.04518283501996206,0.5205903858140389,0.037074434180873486,0.7842576885574842,-0.08693566148827149,-0.12204107905099355,-0.005663916505087282,0.0007280400872155911,0.0,0.001481830022122135,0.08693566148827153,0.005663916505087283,0.12204107905099348,-0.08766370157548709,-0.1225395851701575,-0.005930643957457966
2026-09-23.1,KITTI,oracle,traj,JB,uncertainty,0.3,1061,3536,1799.2805109286678,True,0.026634795422801023,0.0014062915354988968,0.050032057875529015,0.0010215249379713135,4.793142942301309e-05,0.0019450937182345857,0.4939555903912377,0.03422712353890448,0.7326324842964471,-1.2636922039792285e-16,-3.803770190278624e-16,1.896702594639468e-16,0.025613270484829708,0.0006032761039035406,0.04961467290540604,0.5205903858140389,0.037074434180873486,0.7842576885574842,-0.12957176547897925,-0.18711567570370768,-0.008367712934867357,0.0006406928191862119,1.9155853311799017e-05,0.0012974293067804555,0.12957176547897925,0.008367712934867355,0.18711567570370768,-0.1302124582981655,-0.18727605807780623,-0.008540235381306585
2026-09-23.1,KITTI,oracle,traj,JB,uncertainty,0.5,1768,3536,1799.2805109286678,True,0.04435418629349517,0.0031272850162530207,0.2580196256034153,0.0012692011046410172,9.590528348855397e-05,0.0021130697031755065,0.4762361995205436,0.031236053399031766,0.5953414717756674,-1.2636922039792285e-16,-3.803770190278624e-16,1.896702594639468e-16,0.04308498518885415,0.0026325370923951184,0.25680955893522206,0.5205903858140389,0.037074434180873486,0.7842576885574842,-0.2159410066135242,-0.2561051952443012,-0.013811782707533856,0.0006346005523205086,-2.1970737838266675e-05,0.001056534851587753,0.21594100661352422,0.013811782707533827,0.25610519524430125,-0.21657560716584476,-0.2562456499668288,-0.013791770650391739
2026-09-23.1,KITTI,oracle,traj,JB,criticality_cheap,0.1,354,3536,1799.2805109286678,True,0.0006966102019536267,0.0,0.01078281893181962,0.0,0.0,0.0013090581941179583,0.5198937756120852,0.03608029824233988,0.7797809236775027,-1.2636922039792285e-16,-3.803770190278624e-16,1.896702594639468e-16,0.0006966102019536267,-0.0010253192167658687,0.00991826424923055,0.5205903858140389,0.037074434180873486,0.7842576885574842,-0.05142131869458759,-0.07541110059259484,-0.0027162061843371953,-0.0001270636852496946,-0.0002143563485956897,0.0011348531484320292,0.05142131869458766,0.002716206184337197,0.07541110059259482,-0.051294255009337895,-0.07583531305878645,-0.0025199520107648263
2026-09-23.1,KITTI,oracle,traj,JB,criticality_cheap,0.2,707,3536,1799.2805109286678,True,0.008541719740472731,0.00035575612093779357,0.018424387637209078,0.0006515931468696803,0.0,0.0018441120671672303,0.512048666073566,0.03357718836184216,0.7797809236775027,-1.2636922039792285e-16,-3.803770190278624e-16,1.896702594639468e-16,0.007890126593603051,0.000290911877060557,0.016658294908491723,0.5205903858140389,0.037074434180873486,0.7842576885574842,-0.09554691226476636,-0.15145243044655365,-0.005125446799332558,0.00039782471333427323,-0.0002903568433060522,0.0014670079147994586,0.09554691226476636,0.005125446799332534,0.1514524304465536,-0.09594473697810063,-0.15190072949412697,-0.004881047650797868
2026-09-23.1,KITTI,oracle,traj,JB,criticality_cheap,0.3,1061,3536,1799.2805109286678,True,0.009066451966362857,0.0004502093244715948,0.04420431532753119,0.0012294495339770567,4.529793251810933e-05,0.002084079817121232,0.5115239338476759,0.03357718836184216,0.76809221739557,-1.2636922039792285e-16,-3.803770190278624e-16,1.896702594639468e-16,0.007837002432385802,0.0003774457214406092,0.043620886865556534,0.5205903858140389,0.037074434180873486,0.7842576885574842,-0.14714010893541743,-0.21970289511178165,-0.008084434589350977,0.0008486174151919551,0.0,0.0014431311196971507,0.14714010893541746,0.00808443458935097,0.21970289511178165,-0.1479887263506094,-0.2199354770364818,-0.008272023356916283
2026-09-23.1,KITTI,oracle,traj,JB,criticality_cheap,0.5,1768,3536,1799.2805109286678,True,0.02702912103953054,0.0015018485839905095,0.24951675831237657,0.0012692011046410172,9.590528348855397e-05,0.0021811213215471616,0.4935612647745082,0.031435397254064565,0.6341085770476723,-1.2636922039792285e-16,-3.803770190278624e-16,1.896702594639468e-16,0.025759919934889526,0.000977378454889012,0.24895609176015243,0.5205903858140389,0.037074434180873486,0.7842576885574842,-0.23326607186748882,-0.28854507378631783,-0.014011126562566662,0.0006346005523205086,4.793268642103759e-05,0.0010905606607735806,0.23326607186748882,0.014011126562566627,0.28854507378631783,-0.23390067241980939,-0.2887436342484008,-0.014611365058858308
2026-09-23.1,KITTI,oracle,traj,JB,trivial_ego_speed,0.1,354,3536,1799.2805109286678,True,0.14289258593336093,0.0,0.35496336501908315,0.0,0.0,0.00029168545519688515,0.3776977998806778,0.0031101891662500694,0.784257688557484,-1.2636922039792285e-16,-3.803770190278624e-16,1.896702594639468e-16,0.14289258593336093,0.0,0.35496336501908315,0.5205903858140389,0.037074434180873486,0.7842576885574842,0.09077465703681972,-0.07847952195297647,0.3183096505634621,-0.0001270636852496946,-0.0002131975245402695,0.00010711913412810443,-0.0907746570368197,-0.3183096505634621,0.07847952195297647,0.09090172072206941,-0.07841554721531357,0.31839041666426904
2026-09-23.1,KITTI,oracle,traj,JB,trivial_ego_speed,0.2,707,3536,1799.2805109286678,True,0.41407281483577757,0.0007903927200845768,0.5810963757801638,0.0,0.0,0.0005628013457339072,0.10651757097826121,0.0012963581676084309,0.7569444220998472,-1.2636922039792285e-16,-3.803770190278624e-16,1.896702594639468e-16,0.41407281483577757,0.0006249038618396603,0.5810963757801638,0.5205903858140389,0.037074434180873486,0.7842576885574842,0.30998418283053847,-0.12541441641890202,0.4645347459754619,-0.00025376843353540704,-0.0004221138731054189,0.00032404272310340064,-0.30998418283053847,-0.4645347459754619,0.12541441641890205,0.3102379512640739,-0.12522492648330116,0.4645917299141752
2026-09-23.1,KITTI,oracle,traj,JB,trivial_ego_speed,0.3,1061,3536,1799.2805109286678,True,0.4761061829033487,0.025592126309257477,0.6875599755444952,7.946798788427573e-05,0.0,0.0011242801302025435,0.04448420291069006,0.0003975429507651547,0.4486497501470936,-1.2636922039792285e-16,-3.803770190278624e-16,1.896702594639468e-16,0.47602671491546444,0.025422378067271656,0.6875599755444952,0.5205903858140389,0.037074434180873486,0.7842576885574842,0.3198996220015684,-0.00013597688624439352,0.48094961058144853,-0.00030136413090082586,-0.0005730016471541304,0.0006060114217413127,-0.3198996220015684,-0.4809496105814487,0.00013597688624439322,0.3202009861324693,0.00015219613278028444,0.4809843017981463
2026-09-23.1,KITTI,oracle,traj,JB,trivial_ego_speed,0.5,1768,3536,1799.2805109286678,True,0.5192797464280671,0.034729398743725444,0.7328880467331021,0.0008838567346132038,0.0,0.0018564158847416423,0.0013106393859716556,-1.5712700687181692e-16,0.1109170056504028,-1.2636922039792285e-16,-3.803770190278624e-16,1.896702594639468e-16,0.518395889693454,0.033570409856410126,0.7327945390817007,0.5205903858140389,0.037074434180873486,0.7842576885574842,0.2589845535210477,0.014841846478080224,0.36551313383072875,0.00024925618229269526,-0.0007650556978603278,0.0009009887215419696,-0.2589845535210477,-0.3655131338307287,-0.014841846478080227,0.25873529733875505,0.014450531480343295,0.3656491832435389
2026-09-23.1,KITTI,oracle,traj,JB,gate_ridge,0.1,354,3536,1799.2805109286678,True,0.12512953839747,0.0,0.21096921047317663,0.0,0.0,0.0,0.3954608474165688,0.00426616218489263,0.725995625718535,-1.2636922039792285e-16,-3.803770190278624e-16,1.896702594639468e-16,0.12512953839747,0.0,0.21096921047317663,0.5205903858140389,0.037074434180873486,0.7842576885574842,0.0730116095009288,-0.04782583280121701,0.17620364044042805,-0.0001270636852496946,-0.00021791233568833014,-9.578555154911757e-06,-0.07301160950092872,-0.17620364044042805,0.04782583280121695,0.07313867318617849,-0.04780580292081286,0.17634780579092643
2026-09-23.1,KITTI,oracle,traj,JB,gate_ridge,0.2,707,3536,1799.2805109286678,True,0.23711704379224743,0.02447072514824639,0.34746084984520015,0.0,0.0,0.0,0.2834733420217913,0.0036264733152406256,0.6614261479654471,-1.2636922039792285e-16,-3.803770190278624e-16,1.896702594639468e-16,0.23711704379224743,0.02447072514824639,0.34746084984520015,0.5205903858140389,0.037074434180873486,0.7842576885574842,0.13302841178700836,-0.059291050454201466,0.24916520512736678,-0.00025376843353540704,-0.0004363241625426254,-1.9197020956302316e-05,-0.13302841178700836,-0.24916520512736687,0.05929105045420158,0.13328218022054375,-0.05925027947348005,0.24962448822180025
2026-09-23.1,KITTI,oracle,traj,JB,gate_ridge,0.3,1061,3536,1799.2805109286678,True,0.27960432835473814,0.030687525793406733,0.4351054567336117,0.0,0.0,0.0,0.2409860574593006,0.003399665366118391,0.6187582828977153,-1.2636922039792285e-16,-3.803770190278624e-16,1.896702594639468e-16,0.27960432835473814,0.030687525793406733,0.4351054567336117,0.5205903858140389,0.037074434180873486,0.7842576885574842,0.12339776745295786,-0.08424262414484013,0.2896471101036986,-0.0003808321187851016,-0.0006542364982309556,-2.8775576111214068e-05,-0.12339776745295786,-0.28964711010369865,0.08424262414484017,0.12377859957174295,-0.08412508584166707,0.29015335380873264
2026-09-23.1,KITTI,oracle,traj,JB,gate_ridge,0.5,1768,3536,1799.2805109286678,True,0.28726313236291207,0.031210493771033385,0.5087058695441085,0.00024972661178767393,0.0,0.0005111599274229903,0.2333272534511267,0.0016315144232572666,0.5594707227482268,-1.2636922039792285e-16,-3.803770190278624e-16,1.896702594639468e-16,0.2870134057511244,0.031210493771033385,0.5087058695441085,0.5205903858140389,0.037074434180873486,0.7842576885574842,0.02696793945589271,-0.19966615306036067,0.24576703920203752,-0.00038487394053283465,-0.0010565348515877535,0.0,-0.026967939455892653,-0.24576703920203752,0.19966615306036062,0.02735281339642548,-0.1996195760557809,0.2466867085014926
2026-09-23.1,KITTI,oracle,traj,JB,gate_gbm,0.1,354,3536,1799.2805109286678,True,0.20279258979714546,0.03243706884490291,0.2639159759456988,0.0,0.0,0.0,0.31779779601689334,0.0032228681929436934,0.6647534884119796,-1.2636922039792285e-16,-3.803770190278624e-16,1.896702594639468e-16,0.20279258979714546,0.03243706884490291,0.2639159759456988,0.5205903858140389,0.037074434180873486,0.7842576885574842,0.15067466090060425,0.02267956878643225,0.20828110008601802,-0.0001270636852496946,-0.00021791233568833014,-9.578555154911757e-06,-0.15067466090060416,-0.20828110008601805,-0.02267956878643229,0.15080172458585395,0.022735561115554054,0.20848937599685555
2026-09-23.1,KITTI,oracle,traj,JB,gate_gbm,0.2,707,3536,1799.2805109286678,True,0.28022004060013006,0.03267045883704901,0.42006207624827535,0.0,0.0,0.0,0.2403703452139087,0.0023752861761689474,0.4904859702631223,-1.2636922039792285e-16,-3.803770190278624e-16,1.896702594639468e-16,0.28022004060013006,0.03267045883704901,0.42006207624827535,0.5205903858140389,0.037074434180873486,0.7842576885574842,0.17613140859489096,0.025542539152516034,0.29971693554966594,-0.00025376843353540704,-0.0004363241625426254,-1.9197020956302316e-05,-0.17613140859489096,-0.299716935549666,-0.025542539152516044,0.17638517702842638,0.025782473374214163,0.2997833385463494
2026-09-23.1,KITTI,oracle,traj,JB,gate_gbm,0.3,1061,3536,1799.2805109286678,True,0.37744379618989377,0.03301211385473024,0.5557105466198446,0.0,0.0,0.0,0.14314658962414498,0.001835472329583119,0.38535042756818705,-1.2636922039792285e-16,-3.803770190278624e-16,1.896702594639468e-16,0.37744379618989377,0.03301211385473024,0.5557105466198446,0.5205903858140389,0.037074434180873486,0.7842576885574842,0.22123723528811348,0.02255282341065122,0.3616117661976521,-0.0003808321187851016,-0.0006542364982309556,-2.8775576111214068e-05,-0.22123723528811348,-0.3616117661976521,-0.022552823410651245,0.22161806740689857,0.022913127685244745,0.36176541684105934
2026-09-23.1,KITTI,oracle,traj,JB,gate_gbm,0.5,1768,3536,1799.2805109286678,True,0.5017423439381145,0.03560272145308248,0.7248266907064194,0.0,0.0,6.280125807631529e-05,0.018848041875924357,0.00016770243414851002,0.08932233706530301,-1.2636922039792285e-16,-3.803770190278624e-16,1.896702594639468e-16,0.5017423439381145,0.03560272145308248,0.7248266907064194,0.5205903858140389,0.037074434180873486,0.7842576885574842,0.2414471510310951,0.017107654210539204,0.3293747018593447,-0.0006346005523205086,-0.001090560660773581,-4.654609120735309e-05,-0.241447151031095,-0.3293747018593447,-0.017107654210539208,0.24208175158341555,0.018046008612642044,0.32977244875139744
2026-09-23.1,KITTI,oracle,traj,JB,R1_mlp_reg,0.1,354,3536,1799.2805109286678,True,0.10491937259786151,0.011063145008027664,0.12351329609835761,0.0,0.0,0.0,0.4156710132161772,0.026214427375032403,0.6755336127954066,-1.2636922039792285e-16,-3.803770190278624e-16,1.896702594639468e-16,0.10491937259786151,0.011063145008027664,0.12351329609835761,0.5205903858140389,0.037074434180873486,0.7842576885574842,0.05280144370132029,0.006583341661483221,0.07399720543795571,-0.0001270636852496946,-0.00021791233568833014,-9.578555154911757e-06,-0.05280144370132028,-0.07399720543795574,-0.006583341661483222,0.052928507386569984,0.0066465170851577465,0.07415686011577169
2026-09-23.1,KITTI,oracle,traj,JB,R1_mlp_reg,0.2,707,3536,1799.2805109286678,True,0.18547189604965938,0.02249857775213241,0.21055086696114925,0.0,0.0,0.0005827669240819697,0.3351184897643794,0.013859237254076685,0.6204990033281639,-1.2636922039792285e-16,-3.803770190278624e-16,1.896702594639468e-16,0.18547189604965938,0.021816730759694754,0.2103841040341092,0.5205903858140389,0.037074434180873486,0.7842576885574842,0.0813832640444203,-0.015232607961723793,0.12991202141767863,-0.00025376843353540704,-0.0004363241625426254,0.00029241008077591753,-0.08138326404442026,-0.12991202141767866,0.015232607961723765,0.0816370324779557,-0.01508889717320916,0.13028808126182098
2026-09-23.1,KITTI,oracle,traj,JB,R1_mlp_reg,0.3,1061,3536,1799.2805109286678,True,0.2624619483657067,0.028659876699943035,0.3257475723233575,0.00017741977402207,0.0,0.0007031292498718423,0.2581284374483321,0.002318263782430065,0.5338411345605334,-1.2636922039792285e-16,-3.803770190278624e-16,1.896702594639468e-16,0.2622845285916846,0.027928731831356038,0.3257435583942945,0.5205903858140389,0.037074434180873486,0.7842576885574842,0.1062553874639264,-0.0002350853535274689,0.19293509080686283,-0.0002034123447630316,-0.0006339209109526521,0.00026161397262536176,-0.10625538746392638,-0.19293509080686283,0.0002350853535274689,0.10645879980868941,-0.00020191350793978958,0.19341356055338257
2026-09-23.1,KITTI,oracle,traj,JB,R1_mlp_reg,0.5,1768,3536,1799.2805109286678,True,0.40076518124861943,0.03358684812954165,0.49714491800279115,0.00023416270206983364,0.0,0.0007396432358679294,0.11982520456541931,0.0017833286921395788,0.32054760033411744,-1.2636922039792285e-16,-3.803770190278624e-16,1.896702594639468e-16,0.4005310185465496,0.03263541719346923,0.4969888989923782,0.5205903858140389,0.037074434180873486,0.7842576885574842,0.14046998834160007,0.015426186478728846,0.19458816456340736,-0.00040043785025067495,-0.0009193100199403781,-1.2366331110004198e-08,-0.14046998834160004,-0.1945881645634074,-0.015426186478728858,0.1408704261918507,0.015446198535870967,0.19552226191523706
2026-09-23.1,KITTI,oracle,traj,JB,R1_mlp_clf,0.1,354,3536,1799.2805109286678,True,0.1397971285942151,0.014312623688965893,0.17635736062840066,0.0,0.0,0.0,0.38079325721982366,0.015550123208843124,0.6424269875541335,-1.2636922039792285e-16,-3.803770190278624e-16,1.896702594639468e-16,0.1397971285942151,0.014312623688965893,0.17635736062840066,0.5205903858140389,0.037074434180873486,0.7842576885574842,0.08767919969767388,0.009964389712452745,0.12406486478518289,-0.0001270636852496946,-0.00021791233568833014,-9.578555154911757e-06,-0.08767919969767385,-0.12406486478518286,-0.009964389712452747,0.08780626338292356,0.010056786184407581,0.12413633616572725
2026-09-23.1,KITTI,oracle,traj,JB,R1_mlp_clf,0.2,707,3536,1799.2805109286678,True,0.219778929653553,0.02632622160030124,0.3010288433495286,0.0,0.0,0.0,0.3008114561604858,0.005099558004410588,0.568935045056307,-1.2636922039792285e-16,-3.803770190278624e-16,1.896702594639468e-16,0.219778929653553,0.02632622160030124,0.3010288433495286,0.5205903858140389,0.037074434180873486,0.7842576885574842,0.11569029764831391,0.015866708292240704,0.19526047830431073,-0.00025376843353540704,-0.0004363241625426254,-1.9197020956302316e-05,-0.11569029764831384,-0.1952604783043107,-0.015866708292240805,0.11594406608184932,0.01619407475771879,0.19533996685234073
2026-09-23.1,KITTI,oracle,traj,JB,R1_mlp_clf,0.3,1061,3536,1799.2805109286678,True,0.35484134530224226,0.03105583327783746,0.39428541167569436,0.0,0.0,0.0,0.16574904051179648,0.004125381681987817,0.4663595869111663,-1.2636922039792285e-16,-3.803770190278624e-16,1.896702594639468e-16,0.35484134530224226,0.030951814487816434,0.39428541167569436,0.5205903858140389,0.037074434180873486,0.7842576885574842,0.19863478440046198,0.01915702029850062,0.24369464356441317,-0.0003808321187851016,-0.0006542364982309556,-2.8775576111214068e-05,-0.19863478440046198,-0.2436946435644132,-0.01915702029850062,0.19901561651924707,0.019745399510284967,0.24434475361677613
2026-09-23.1,KITTI,oracle,traj,JB,R1_mlp_clf,0.5,1768,3536,1799.2805109286678,True,0.4513907655782896,0.03211942802762531,0.5479457934704105,0.0,0.0,0.0006587993622667796,0.06919962023574915,0.0032160318207157174,0.2999234504462195,-1.2636922039792285e-16,-3.803770190278624e-16,1.896702594639468e-16,0.4513907655782896,0.03170839568399768,0.5479457934704105,0.5205903858140389,0.037074434180873486,0.7842576885574842,0.19109557267127025,0.014695157336127368,0.23079471414779804,-0.0006346005523205086,-0.0010799425423984584,-4.6577004579772845e-05,-0.1910955726712702,-0.23079471414779804,-0.014695157336127411,0.1917301732235907,0.01488436348879139,0.23172900162313465
2026-09-23.1,KITTI,oracle,traj,JB,R1_gbm_reg,0.1,354,3536,1799.2805109286678,True,0.16465521880665523,0.03077904423389807,0.24053138026253773,0.0,0.0,0.0,0.35593516700738353,0.0037110061544690484,0.6442948928217354,-1.2636922039792285e-16,-3.803770190278624e-16,1.896702594639468e-16,0.16465521880665523,0.03077904423389807,0.24053138026253773,0.5205903858140389,0.037074434180873486,0.7842576885574842,0.11253728991011402,0.009808069936846,0.187264257599409,-0.0001270636852496946,-0.00021791233568833014,-9.578555154911757e-06,-0.11253728991011397,-0.18726425759940912,-0.00980806993684602,0.11266435359536371,0.00992396753694784,0.1874720897368468
2026-09-23.1,KITTI,oracle,traj,JB,R1_gbm_reg,0.2,707,3536,1799.2805109286678,True,0.2686491387347922,0.031248668965301273,0.3592252108538325,0.0,0.0,0.0,0.2519412470792466,0.0035267122321507144,0.5540798241786393,-1.2636922039792285e-16,-3.803770190278624e-16,1.896702594639468e-16,0.2686491387347922,0.031248668965301273,0.3592252108538325,0.5205903858140389,0.037074434180873486,0.7842576885574842,0.16456050672955308,0.021966168960225407,0.24909311845665888,-0.00025376843353540704,-0.0004363241625426254,-1.9197020956302316e-05,-0.16456050672955308,-0.24909311845665888,-0.021966168960225463,0.1648142751630885,0.022097170908424058,0.24920137095725095
2026-09-23.1,KITTI,oracle,traj,JB,R1_gbm_reg,0.3,1061,3536,1799.2805109286678,True,0.3856515851690651,0.03126062610943284,0.4751053982623445,0.0,0.0,0.0,0.13493880064497363,0.0030834929309605554,0.42139067865978264,-1.2636922039792285e-16,-3.803770190278624e-16,1.896702594639468e-16,0.3856515851690651,0.03126062610943284,0.4751053982623445,0.5205903858140389,0.037074434180873486,0.7842576885574842,0.22944502426728483,0.020801335665353818,0.2764911547229149,-0.0003808321187851016,-0.0006542364982309556,-2.8775576111214068e-05,-0.22944502426728483,-0.2764911547229149,-0.02080133566535383,0.22982585638606992,0.02116163993994734,0.27708922126570973
2026-09-23.1,KITTI,oracle,traj,JB,R1_gbm_reg,0.5,1768,3536,1799.2805109286678,True,0.420953206273495,0.03375887034519752,0.5907242620135665,0.00024972661178767393,0.0,0.000482333528251148,0.09963717954054381,0.001765283197313325,0.2112626686669229,-1.2636922039792285e-16,-3.803770190278624e-16,1.896702594639468e-16,0.4207034796617073,0.03375887034519752,0.5907242620135665,0.5205903858140389,0.037074434180873486,0.7842576885574842,0.16065801336647562,0.015272421844617842,0.23318720286712646,-0.00038487394053283465,-0.0010308689510875116,-4.797259706751638e-05,-0.16065801336647556,-0.23318720286712646,-0.01527242184461785,0.1610428873070084,0.016202157504757085,0.23428414632865358
2026-09-23.1,KITTI,oracle,traj,JB,R1_gbm_clf,0.1,354,3536,1799.2805109286678,True,0.16573659114387532,0.030030241989948518,0.22679002869226095,0.0,0.0,0.0,0.3548537946701635,0.004787456146149055,0.6316837155037216,-1.2636922039792285e-16,-3.803770190278624e-16,1.896702594639468e-16,0.16573659114387532,0.030030241989948518,0.22679002869226095,0.5205903858140389,0.037074434180873486,0.7842576885574842,0.1136186622473341,0.022888305401864237,0.17449753284904318,-0.0001270636852496946,-0.00021791233568833014,-9.578555154911757e-06,-0.11361866224733402,-0.17449753284904318,-0.022888305401864224,0.1137457259325838,0.02298632290354149,0.17456900422958754
2026-09-23.1,KITTI,oracle,traj,JB,R1_gbm_clf,0.2,707,3536,1799.2805109286678,True,0.2517863607454045,0.03107380291756944,0.35172445678051656,0.0,0.0,0.0,0.26880402506863427,0.0032702440200006477,0.5538379875887571,-1.2636922039792285e-16,-3.803770190278624e-16,1.896702594639468e-16,0.2517863607454045,0.03107380291756944,0.35172445678051656,0.5205903858140389,0.037074434180873486,0.7842576885574842,0.1476977287401654,0.0231178636376525,0.22334903014013543,-0.00025376843353540704,-0.0004363241625426254,-1.9197020956302316e-05,-0.1476977287401654,-0.22334903014013543,-0.023117863637652555,0.14795149717370082,0.023507789820012986,0.22377238895584445
2026-09-23.1,KITTI,oracle,traj,JB,R1_gbm_clf,0.3,1061,3536,1799.2805109286678,True,0.3541218730366557,0.03271230212692959,0.4763649372384124,0.0,0.0,0.0,0.16646851277738306,0.002512373810021762,0.4118249415784868,-1.2636922039792285e-16,-3.803770190278624e-16,1.896702594639468e-16,0.3541218730366557,0.03271230212692959,0.4763649372384124,0.5205903858140389,0.037074434180873486,0.7842576885574842,0.19791531213487543,0.022168991789353353,0.28148990827764475,-0.0003808321187851016,-0.0006542364982309556,-2.8775576111214068e-05,-0.1979153121348754,-0.2814899082776447,-0.02216899178935336,0.19829614425366052,0.022529296063946876,0.2819791035554654
2026-09-23.1,KITTI,oracle,traj,JB,R1_gbm_clf,0.5,1768,3536,1799.2805109286678,True,0.46199528620921154,0.03338777688014849,0.6250284447531388,0.0,0.0,0.0,0.05859509960482724,0.002089025851738046,0.17013271495767765,-1.2636922039792285e-16,-3.803770190278624e-16,1.896702594639468e-16,0.46199528620921154,0.03338777688014849,0.6250284447531388,0.5205903858140389,0.037074434180873486,0.7842576885574842,0.20170009330219218,0.015293078494492966,0.24864490438120243,-0.0006346005523205086,-0.001090560660773581,-4.797259706751638e-05,-0.20170009330219213,-0.2486449043812024,-0.015293078494492976,0.20233469385451264,0.01589331699078462,0.24914935996655205
2026-09-23.1,KITTI,oracle,traj,JB,R2_cnn_clf,0.1,354,3536,1799.2805109286678,True,0.03996833283408311,0.008993548547144375,0.06010827479964765,0.00017741977402207,0.0,0.0005830289629386136,0.4806220529799557,0.025352591546902045,0.7534346954947009,-1.2636922039792285e-16,-3.803770190278624e-16,1.896702594639468e-16,0.03979091306006104,0.008229463717445136,0.059940832390737046,0.5205903858140389,0.037074434180873486,0.7842576885574842,-0.012149596062458107,-0.05184828588218457,0.02151031058652343,5.03560887723754e-05,-0.00018404782139034418,0.00043337505045517173,0.01214959606245819,-0.021510310586523425,0.05184828588218454,-0.012199952151230486,-0.05175452812847707,0.02125028201548091
2026-09-23.1,KITTI,oracle,traj,JB,R2_cnn_clf,0.2,707,3536,1799.2805109286678,True,0.10379450259716719,0.021774711242769165,0.19610589404709855,0.00017741977402207,0.0,0.0005830289629386136,0.4167958832168716,0.014583863513995035,0.6458770842187981,-1.2636922039792285e-16,-3.803770190278624e-16,1.896702594639468e-16,0.10361708282314512,0.02114810520727187,0.1959563886905218,0.5205903858140389,0.037074434180873486,0.7842576885574842,-0.0002941294080718998,-0.04593023883079047,0.062055111573246724,-7.634865951333704e-05,-0.00036809564278068835,0.00028662247541281485,0.00029412940807194143,-0.06205511157324675,0.045930238830790455,-0.0002177807485585631,-0.04568884553026166,0.06192534784731514
2026-09-23.1,KITTI,oracle,traj,JB,R2_cnn_clf,0.3,1061,3536,1799.2805109286678,True,0.18347245272751186,0.021917444973525185,0.2534569188485054,0.00017741977402207,0.0,0.0005830289629386136,0.3371179330865269,0.014583863513995035,0.5495722853823054,-1.2636922039792285e-16,-3.803770190278624e-16,1.896702594639468e-16,0.1832950329534898,0.021153368907151457,0.2533080961737338,0.5205903858140389,0.037074434180873486,0.7842576885574842,0.02726589182573158,-0.009053526439808224,0.060941358637270515,-0.0002034123447630316,-0.0005533706183161635,0.00015122224961248526,-0.02726589182573158,-0.06094135863727057,0.00905352643980828,0.02746930417049462,-0.009024750863697,0.06084065476911532
2026-09-23.1,KITTI,oracle,traj,JB,R2_cnn_clf,0.5,1768,3536,1799.2805109286678,True,0.24390716606898522,0.022531247556271797,0.3560888746775757,0.00021717134468603048,0.0,0.0006480524896029291,0.27668321974505355,0.014213222984975543,0.44601350601674494,-1.2636922039792285e-16,-3.803770190278624e-16,1.896702594639468e-16,0.2436899947242992,0.02165304207032421,0.3560546395335505,0.5205903858140389,0.037074434180873486,0.7842576885574842,-0.016388026838034142,-0.0585437155954851,0.029312460448162422,-0.0004174292076344781,-0.0009664298325679964,-1.887072045291863e-05,0.016388026838034198,-0.02931246044816243,0.0585437155954851,-0.015970597630399708,-0.05851704585107048,0.029478070791523037
2026-09-23.1,KITTI,mono,brake,J,random,0.1,354,3536,7904.410690898589,True,0.027972740179459898,0.015231100128455048,0.04927257910143645,0.016867866342862657,0.0064562604195945285,0.032336019799057425,0.2514385854549192,0.13718043647047465,0.44382368243248776,0.025634867437016335,5.9348083932017e-05,0.16217040644292152,0.011104873836597235,-0.0027560274522923575,0.03619677823971312,0.2537764581973627,0.152123176251759,0.36085920290596274,,,,,,,,,,,,
2026-09-23.1,KITTI,mono,brake,J,random,0.2,707,3536,7904.410690898589,True,0.05586646131886482,0.030462200256910096,0.0985451582028729,0.03368808334577373,0.012913116994947535,0.06467203959811485,0.22354486431551424,0.12194933634201963,0.3945511033310513,-4.602466837003557e-16,-1.0150106561883294e-15,0.013678440300512757,0.02217837797309109,-0.005511855518458344,0.07263486833435767,0.27941132563437954,0.15241153659892984,0.48867113144416885,,,,,,,,,,,,
2026-09-23.1,KITTI,mono,brake,J,random,0.3,1061,3536,7904.410690898589,True,0.0838392014983247,0.04574356804255476,0.1480029725640892,0.05055594968863638,0.019369377414542064,0.09700805939717227,0.19557212413605435,0.10666796855637496,0.34509328896983504,-4.602466837003557e-16,-1.1905626176158987e-15,1.7334456225764821e-16,0.03328325180968832,-0.008267882970750701,0.10883164657407078,0.27941132563437954,0.15241153659892984,0.4930962615339253,,,,,,,,,,,,
2026-09-23.1,KITTI,mono,brake,J,random,0.5,1768,3536,7904.410690898589,True,0.13970566281718952,0.07620576829946486,0.2465481307669621,0.08424403303441011,0.03230781219131171,0.16177720415984886,0.13970566281718952,0.07620576829946486,0.2465481307669621,-4.602466837003557e-16,-1.223742223720727e-15,1.679875476872874e-16,0.05546162978277941,-0.013779937875335416,0.18146651490842847,0.27941132563437954,0.15241153659892984,0.4930962615339253,,,,,,,,,,,,
2026-09-23.1,KITTI,mono,brake,J,uncertainty,0.1,354,3536,7904.410690898589,True,0.025796421969461768,0.011873450485060688,0.03430300330549593,0.02041297561628034,0.007878640277529526,0.03382264767477018,0.2536149036649173,0.13508767420984039,0.46786183652152347,0.025634867437016335,5.9348083932017e-05,0.16217040644292152,0.005383446353181424,-0.006889564116397643,0.006718165189404977,0.2537764581973627,0.152123176251759,0.36085920290596274,-0.00217631820999813,-0.031029496230382578,0.008128768133249416,0.003545109273417682,-0.0048418084970930225,0.014113869383399208,0.002176318209998085,-0.00812876813324942,0.031029496230382654,-0.005721427483415811,-0.03376658555411037,0.005603022530918126
2026-09-23.1,KITTI,mono,brake,J,uncertainty,0.2,707,3536,7904.410690898589,True,0.06296737561962228,0.022243705042534017,0.08015137823259146,0.053172379577290416,0.020368760787073923,0.07821696281903555,0.21644395001475678,0.1134112279951696,0.440060354982171,-4.602466837003557e-16,-1.0150106561883294e-15,0.013678440300512757,0.009794996042331847,-0.017850996603819405,0.015364130024903706,0.27941132563437954,0.15241153659892984,0.48867113144416885,0.0071009143007574535,-0.06109810207084802,0.027564174203631366,0.019484296231516686,-0.009622300958932614,0.02856679234905769,-0.0071009143007574604,-0.027564174203631372,0.06109810207084804,-0.012383381930759243,-0.0698090904877033,0.013687452949682974
2026-09-23.1,KITTI,mono,brake,J,uncertainty,0.3,1061,3536,7904.410690898589,True,0.07773376111792876,0.03602698916813582,0.12714344793096388,0.08011652129855465,0.03235831788177129,0.1211736190912925,0.2016775645164503,0.09631171384027616,0.4286575740934083,-4.602466837003557e-16,-1.1905626176158987e-15,1.7334456225764821e-16,-0.0023827601806259368,-0.011194301233345751,0.022265902247128194,0.27941132563437954,0.15241153659892984,0.4930962615339253,-0.006105440380395941,-0.08995651405429501,0.042165373682970825,0.02956057160991827,-0.0006425965530508766,0.04023747382912351,0.0061054403803959545,-0.04216537368297083,0.08995651405429501,-0.03566601199031426,-0.10559295399949775,0.019814132385400286
2026-09-23.1,KITTI,mono,brake,J,uncertainty,0.5,1768,3536,7904.410690898589,True,0.12308363324927632,0.06883949532456506,0.1745218386999624,0.13137906834745688,0.05157096477058482,0.1985445231148279,0.15632769238510275,0.06664752592597475,0.36528719659160663,-4.602466837003557e-16,-1.223742223720727e-15,1.679875476872874e-16,-0.00829543509818077,-0.0294161684253744,0.057714882600175293,0.27941132563437954,0.15241153659892984,0.4930962615339253,-0.0166220295679132,-0.12310538175013579,0.03364502198350115,0.047135035313046775,0.00045791692474544954,0.060257930667889995,0.016622029567913227,-0.03364502198350115,0.12310538175013577,-0.06375706488096018,-0.14840457616897204,-0.0019121601246261395
2026-09-23.1,KITTI,mono,brake,J,criticality_cheap,0.1,354,3536,7904.410690898589,True,0.0351410145056797,0.01298393723589194,0.05353158618792489,0.02085194423334656,0.0027660167159691343,0.0356552545088762,0.24427031112869937,0.12890707110249314,0.4633189802424933,0.025634867437016335,5.9348083932017e-05,0.16217040644292152,0.01428907027233313,0.007517231012105195,0.025208159524984553,0.2537764581973627,0.152123176251759,0.36085920290596274,0.0071682743262198,-0.030214654731865437,0.02405118140275019,0.003984077890483904,-0.011644350912817132,0.00869036840159922,-0.007168274326219831,-0.024051181402750185,0.030214654731865447,0.003184196435735894,-0.026620056519354625,0.026366381122071632
2026-09-23.1,KITTI,mono,brake,J,criticality_cheap,0.2,707,3536,7904.410690898589,True,0.05784874424379586,0.020112932820143235,0.08742149428303253,0.03716542490721572,0.008486569734849613,0.07180981844381876,0.2215625813905832,0.1154859168244223,0.4383836363375569,-4.602466837003557e-16,-1.0150106561883294e-15,0.013678440300512757,0.02068331933658012,0.0020087880178493397,0.03190109288996528,0.27941132563437954,0.15241153659892984,0.48867113144416885,0.0019822829249310364,-0.060114124194593575,0.02749308546099541,0.003477341561441992,-0.016260917455842502,0.02217374946761784,-0.0019822829249310225,-0.02749308546099538,0.06011412419459361,-0.0014950586365109694,-0.061871171282621325,0.02516237655128538
2026-09-23.1,KITTI,mono,brake,J,criticality_cheap,0.3,1061,3536,7904.410690898589,True,0.09682205220532236,0.03597671697729388,0.13987626998119584,0.06576173946074135,0.019957041404073384,0.11516773431761845,0.18258927342905673,0.09272597277047531,0.42257420445929006,-4.602466837003557e-16,-1.1905626176158987e-15,1.7334456225764821e-16,0.03106031274458099,-0.0039983207460680455,0.04700603621043842,0.27941132563437954,0.15241153659892984,0.4930962615339253,0.012982850706997659,-0.09299760625710098,0.04200841838120724,0.015205789772104968,-0.017256110599885844,0.04545541506099803,-0.012982850706997617,-0.042008418381207266,0.09299760625710092,-0.002222939065107333,-0.09956683082177582,0.03616607450283066
2026-09-23.1,KITTI,mono,brake,J,criticality_cheap,0.5,1768,3536,7904.410690898589,True,0.1240231840063454,0.07041772971347146,0.21978249789480558,0.12945880348408084,0.05339449000139201,0.22313297258228498,0.15538814162803363,0.048297342128688185,0.3546655334576119,-4.602466837003557e-16,-1.223742223720727e-15,1.679875476872874e-16,-0.005435619477735441,-0.01665500376317006,0.05293763232830258,0.27941132563437954,0.15241153659892984,0.4930962615339253,-0.015682478810844114,-0.11877951040415605,0.07292784495094345,0.04521477044967073,0.0014301955973182595,0.07094004740500334,0.015682478810844114,-0.07292784495094343,0.11877951040415603,-0.060897249260514846,-0.14168847720855343,0.0331507677074863
2026-09-23.1,KITTI,mono,brake,J,trivial_ego_speed,0.1,354,3536,7904.410690898589,True,0.09000768403262335,0.017657344282839004,0.16494332435267464,0.014041072641488883,0.0,0.04009310824193515,0.1894036416017557,0.12250569338066705,0.3369531159369022,0.025634867437016335,5.9348083932017e-05,0.16217040644292152,0.07596661139113442,-0.0015842413347507492,0.16254208525030955,0.2537764581973627,0.152123176251759,0.36085920290596274,0.06203494385316345,-0.0016667720412892606,0.1171556458334609,-0.0028267937013737744,-0.020532675750104805,0.013380174456301509,-0.06203494385316349,-0.11715564583346089,0.0016667720412892606,0.06486173755453718,-0.003132570038877254,0.13274613938752017
2026-09-23.1,KITTI,mono,brake,J,trivial_ego_speed,0.2,707,3536,7904.410690898589,True,0.13286251307530847,0.03708364072070349,0.2456651814936805,0.016927531872665758,0.004232854205912035,0.05183215477633071,0.1465488125590706,0.09559473861578308,0.2687105666259221,-4.602466837003557e-16,-1.0150106561883294e-15,0.013678440300512757,0.11593498120264262,0.009762590178077164,0.2347223729766965,0.27941132563437954,0.15241153659892984,0.48867113144416885,0.07699605175644364,-0.007835728628894048,0.15780525041977184,-0.01676055147310797,-0.03697084353847064,0.01265116462547372,-0.07699605175644364,-0.15780525041977186,0.007835728628894034,0.09375660322955152,0.00893581450760652,0.182456494530646
2026-09-23.1,KITTI,mono,brake,J,trivial_ego_speed,0.3,1061,3536,7904.410690898589,True,0.15052187823707106,0.05061180054763381,0.3323029644129692,0.026873497256811055,0.009385330693904131,0.0728658309673297,0.128889447397308,0.07587072066420003,0.2268969025929079,-4.602466837003557e-16,-1.1905626176158987e-15,1.7334456225764821e-16,0.12364838098025993,0.0124452647332904,0.30567354220311893,0.27941132563437954,0.15241153659892984,0.4930962615339253,0.06668267673874635,-0.016574619137578784,0.18599244365886652,-0.023682452431825325,-0.049097899928622867,0.012347219741245731,-0.06668267673874634,-0.1859924436588666,0.016574619137578805,0.0903651291705716,0.00993702830359291,0.20117557221124682
2026-09-23.1,KITTI,mono,brake,J,trivial_ego_speed,0.5,1768,3536,7904.410690898589,True,0.17613474738739204,0.0841468622399479,0.41288599242926177,0.05435744345791454,0.02298368556684702,0.13744450751445253,0.10327657824698701,0.0427515695902741,0.15015079779706272,-4.602466837003557e-16,-1.223742223720727e-15,1.679875476872874e-16,0.12177730392947743,0.024652425014338595,0.3604204761105513,0.27941132563437954,0.15241153659892984,0.4930962615339253,0.036429084570202525,-0.018379028192402627,0.17172864694347603,-0.02988658957649557,-0.06157470458139169,0.016534528045550053,-0.03642908457020251,-0.17172864694347614,0.018379028192402613,0.06631567414669802,0.012609189818863215,0.17897452495237554
2026-09-23.1,KITTI,mono,brake,J,gate_ridge,0.1,354,3536,7904.410690898589,True,0.01506877261999011,0.0,0.09805490682463747,0.0052651023850469846,0.0001793063674434736,0.03468266445856243,0.2643425530143889,0.14118073209973256,0.4313541283256381,0.025634867437016335,5.9348083932017e-05,0.16217040644292152,0.009803670234943135,-0.0016787810880331852,0.07522649520331211,0.2537764581973627,0.152123176251759,0.36085920290596274,-0.012903967559469787,-0.03109563130626739,0.04631018501767228,-0.011602763957815673,-0.021627381449754377,0.005347569434270869,0.012903967559469709,-0.046310185017672395,0.031095631306267413,-0.0013012036016541006,-0.02529010018777371,0.051436973005553166
2026-09-23.1,KITTI,mono,brake,J,gate_ridge,0.2,707,3536,7904.410690898589,True,0.051589826375096855,0.013230660092812822,0.13284972300249825,0.00802311442385285,0.00018627666611392165,0.05267344248268827,0.22782149925928222,0.1333910642240934,0.3741257848788403,-4.602466837003557e-16,-1.0150106561883294e-15,0.013678440300512757,0.043566711951244,0.007488584957594872,0.09739011200440302,0.27941132563437954,0.15241153659892984,0.48867113144416885,-0.004276634943767968,-0.04123924969553876,0.035991770985482785,-0.02566496892192088,-0.03796872516018401,0.006147309852119268,0.004276634943767982,-0.035991770985482785,0.04123924969553875,0.021388333978152912,-0.02930012072082194,0.045449966998580366
2026-09-23.1,KITTI,mono,brake,J,gate_ridge,0.3,1061,3536,7904.410690898589,True,0.08742722947447434,0.03613304580917743,0.1509606568636936,0.02056154520851822,0.0007312054375035456,0.07267219171842265,0.19198409615990472,0.1088468827357683,0.3504539497282688,-4.602466837003557e-16,-1.1905626176158987e-15,1.7334456225764821e-16,0.06686568426595614,0.015825014693096728,0.11373633182176147,0.27941132563437954,0.15241153659892984,0.4930962615339253,0.003588027976149641,-0.035631300395018585,0.025908031124321468,-0.02999440448011816,-0.04556634135652949,0.005504566277895156,-0.003588027976149627,-0.025908031124321468,0.035631300395018585,0.03358243245626782,-0.016266879086422648,0.05619733928398609
2026-09-23.1,KITTI,mono,brake,J,gate_ridge,0.5,1768,3536,7904.410690898589,True,0.11461406185497709,0.07591201709086394,0.20367076136120224,0.057913092154534156,0.02141649619094963,0.11547507635559509,0.16479726377940196,0.06128557841855452,0.29584932100729355,-4.602466837003557e-16,-1.223742223720727e-15,1.679875476872874e-16,0.05670096970044295,0.012454231577237164,0.1381139700907076,0.27941132563437954,0.15241153659892984,0.4930962615339253,-0.025091600962212426,-0.05921956563772567,0.025720122234401482,-0.026330940879875954,-0.06198123798169063,0.0065526010409448915,0.02509160096221244,-0.025720122234401496,0.059219565637725666,0.0012393399176635414,-0.05132384776923592,0.054388668210705385
2026-09-23.1,KITTI,mono,brake,J,gate_gbm,0.1,354,3536,7904.410690898589,True,0.01890194029412633,0.0060896886590162454,0.12000606363650991,0.004602181364757195,0.00018627666611392165,0.03811697315896297,0.2605093853402527,0.13273964606717042,0.41787322482438355,0.025634867437016335,5.9348083932017e-05,0.16217040644292152,0.014299758929369133,0.00010878788098524577,0.09794931965178642,0.2537764581973627,0.152123176251759,0.36085920290596274,-0.009070799885333568,-0.022624478590092027,0.06967182739357805,-0.012265684978105462,-0.02211188293038701,0.01057294848592267,0.009070799885333491,-0.06967182739357802,0.022624478590092006,0.0031948850927718975,-0.01674328465538987,0.07240866055197555
2026-09-23.1,KITTI,mono,brake,J,gate_gbm,0.2,707,3536,7904.410690898589,True,0.05406445840327826,0.018284115559294094,0.20847148463880608,0.009843788941124462,0.00026957002037702804,0.08800988146576139,0.2253468672311008,0.12845926138097719,0.34918923791937523,-4.602466837003557e-16,-1.0150106561883294e-15,0.013678440300512757,0.044220669462153805,0.0008152152980424571,0.15789963639433496,0.27941132563437954,0.15241153659892984,0.48867113144416885,-0.001802002915586562,-0.033670772469343246,0.105846822267777,-0.023844294404649267,-0.036549715914705384,0.024052651271232982,0.0018020029155865758,-0.10584682226777697,0.033670772469343246,0.022042291489062716,-0.023075129641573402,0.1070819009061285
2026-09-23.1,KITTI,mono,brake,J,gate_gbm,0.3,1061,3536,7904.410690898589,True,0.10255812643620545,0.03825479832748437,0.29013323045008405,0.02539980144385813,0.0023053018393860317,0.1498938598920296,0.17685319919817363,0.10337261992942318,0.27204595260597736,-4.602466837003557e-16,-1.1905626176158987e-15,1.7334456225764821e-16,0.07715832499234734,-0.023827839931934592,0.2159769195960581,0.27941132563437954,0.15241153659892984,0.4930962615339253,0.018718924937880743,-0.027474296732909565,0.1406005624539966,-0.02515614824477825,-0.03741195479218733,0.05288580049485733,-0.018718924937880715,-0.14060056245399663,0.027474296732909548,0.04387507318265902,-0.016917537919619918,0.1244633134866137
2026-09-23.1,KITTI,mono,brake,J,gate_gbm,0.5,1768,3536,7904.410690898589,True,0.18863219908980242,0.083915144713868,0.39806775929320803,0.08678000476083392,0.010307708494500573,0.21689017230279095,0.09077912654457666,0.06533296802397753,0.12256882842327685,-4.602466837003557e-16,-1.223742223720727e-15,1.679875476872874e-16,0.10185219432896855,-0.006701452775709796,0.32570186127791173,0.27941132563437954,0.15241153659892984,0.4930962615339253,0.0489265362726129,0.0047217977874202035,0.15060914125177954,0.002535971726423808,-0.024641622087584945,0.05481851935697868,-0.048926536272612856,-0.15060914125177954,-0.00472179778742022,0.046390564546189145,0.003595214480662622,0.13731389768830052
2026-09-23.1,KITTI,mono,brake,J,R1_mlp_reg,0.1,354,3536,7904.410690898589,True,0.02741648958856246,0.008120463464243463,0.10460885513941538,0.005802312400494773,0.00043077578758139615,0.032493831567358876,0.25199483604581663,0.14135251897546702,0.40750558566478834,0.025634867437016335,5.9348083932017e-05,0.16217040644292152,0.02161417718806769,-0.002493886689557902,0.08584597864263001,0.2537764581973627,0.152123176251759,0.36085920290596274,-0.0005562505908974363,-0.009891294455220174,0.052812029240311954,-0.011065553942367884,-0.01698604886677624,0.0034819860431695715,0.0005562505908974225,-0.05281202924031202,0.00989129445522018,0.010509303351470456,-0.004767826333221885,0.06168341630386709
2026-09-23.1,KITTI,mono,brake,J,R1_mlp_reg,0.2,707,3536,7904.410690898589,True,0.061915371531791746,0.023191089334848345,0.17395656749174102,0.012126585650247207,0.0004528603002831159,0.04282642054248848,0.2174959541025873,0.12922044726408136,0.3412266769537794,-4.602466837003557e-16,-1.0150106561883294e-15,0.013678440300512757,0.04978878588154453,0.012891977684533273,0.1423804027141758,0.27941132563437954,0.15241153659892984,0.48867113144416885,0.006048910212926924,-0.011020943843340895,0.07599802371493268,-0.021561497695526524,-0.03528984717039766,-0.0006106461994816032,-0.0060489102129269445,-0.07599802371493275,0.011020943843340889,0.027610407908453437,0.002889887922632917,0.09407947721741897
2026-09-23.1,KITTI,mono,brake,J,R1_mlp_reg,0.3,1061,3536,7904.410690898589,True,0.09441002170306993,0.043635424672580664,0.21920340564665639,0.019371984408608503,0.0016967752229225643,0.06287467278032803,0.18500130393130912,0.10311289175659945,0.2883102804092883,-4.602466837003557e-16,-1.1905626176158987e-15,1.7334456225764821e-16,0.07503803729446144,0.018802463706849324,0.18681755773677472,0.27941132563437954,0.15241153659892984,0.4930962615339253,0.01057082020474523,-0.012535479802242752,0.06999463474457314,-0.031183965280027877,-0.05016818602820297,-0.0053242587967907914,-0.01057082020474523,-0.0699946347445731,0.012535479802242714,0.04175478548477312,0.013914470835782176,0.1018206981007109
2026-09-23.1,KITTI,mono,brake,J,R1_mlp_reg,0.5,1768,3536,7904.410690898589,True,0.15219852641683237,0.07388915400280607,0.2937643695684973,0.05073025063974294,0.011984875162971372,0.10548421640345593,0.1272127992175467,0.07336372719222506,0.20216615275769345,-4.602466837003557e-16,-1.223742223720727e-15,1.679875476872874e-16,0.10146827577708938,0.012469051764705062,0.2559400986296833,0.27941132563437954,0.15241153659892984,0.4930962615339253,0.012492863599642856,-0.02997145713991741,0.05825018473646556,-0.03351378239466717,-0.06888390846441836,0.0026850302845781164,-0.012492863599642828,-0.05825018473646558,0.029971457139917376,0.046006645994309966,0.008206678383783542,0.09017703148959734
2026-09-23.1,KITTI,mono,brake,J,R1_mlp_clf,0.1,354,3536,7904.410690898589,True,0.03419405631238801,0.007222261319507619,0.07607315331654564,0.010056503897549397,0.004592324426200784,0.02110126048878917,0.24521726932199103,0.13999842823067826,0.4287167581827234,0.025634867437016335,5.9348083932017e-05,0.16217040644292152,0.024137552414838614,-0.001447575001326391,0.05895487929716924,0.2537764581973627,0.152123176251759,0.36085920290596274,0.006221316132928114,-0.01314667473780919,0.026800574215109188,-0.00681136244531326,-0.015795889114840665,0.0009733176119562009,-0.006221316132928173,-0.026800574215109174,0.013146674737809168,0.013032678578241379,-0.002489657668982812,0.03349052722942041
2026-09-23.1,KITTI,mono,brake,J,R1_mlp_clf,0.2,707,3536,7904.410690898589,True,0.06252019015476326,0.02141940678856749,0.16241585043766685,0.014415748901840534,0.0072728891581370055,0.045049491863369484,0.2168911354796158,0.12219559823505524,0.3427210834649594,-4.602466837003557e-16,-1.0150106561883294e-15,0.013678440300512757,0.04810444125292271,0.003460066416708881,0.13594603969837984,0.27941132563437954,0.15241153659892984,0.48867113144416885,0.006653728835898438,-0.019797744943189075,0.06158681248696064,-0.019272334443933198,-0.03670389945965808,0.0003929479151053017,-0.0066537288358984314,-0.06158681248696063,0.01979774494318906,0.02592606327983162,0.003595915386005325,0.07835634655050247
2026-09-23.1,KITTI,mono,brake,J,R1_mlp_clf,0.3,1061,3536,7904.410690898589,True,0.0950589212262875,0.036303269937356025,0.2218383845090018,0.02012067184644292,0.0072814950546066515,0.06733493419249498,0.18435240440809156,0.11002348668303792,0.28179915704357733,-4.602466837003557e-16,-1.1905626176158987e-15,1.7334456225764821e-16,0.07493824937984456,0.008410384484148065,0.1817935246561156,0.27941132563437954,0.15241153659892984,0.4930962615339253,0.01121971972796279,-0.02353586819473203,0.07383541194491261,-0.03043527784219346,-0.05176154541619264,0.0008708673643901774,-0.01121971972796279,-0.07383541194491261,0.02353586819473205,0.041654997570156234,0.007407214581808269,0.09872517135240232
2026-09-23.1,KITTI,mono,brake,J,R1_mlp_clf,0.5,1768,3536,7904.410690898589,True,0.15616983768487305,0.06843092568865158,0.3262576922699177,0.05105709872596076,0.014647894482607804,0.12180173513539355,0.12324148794950603,0.06832570771916643,0.20723243921541207,-4.602466837003557e-16,-1.223742223720727e-15,1.679875476872874e-16,0.10511273895891227,0.00421540671764048,0.26241291533905053,0.27941132563437954,0.15241153659892984,0.4930962615339253,0.016464174867683534,-0.04783694569808215,0.07537399475086931,-0.03318693430844935,-0.07206389693857825,0.0032911022373077596,-0.016464174867683493,-0.07537399475086934,0.04783694569808215,0.04965110917613286,0.005638740329844915,0.11209514870688322
2026-09-23.1,KITTI,mono,brake,J,R1_gbm_reg,0.1,354,3536,7904.410690898589,True,0.02652201017698247,0.00981763354350864,0.1300297413448427,0.003457099819576562,0.0,0.02808868083260113,0.25288931545739657,0.13832047078422452,0.39796330631239984,0.025634867437016335,5.9348083932017e-05,0.16217040644292152,0.02306491035740591,0.0005363617323808777,0.11707657558924765,0.2537764581973627,0.152123176251759,0.36085920290596274,-0.0014507300024774288,-0.009948332461422604,0.0850964302210502,-0.013410766523286096,-0.02335769645891269,0.003826234661121761,0.0014507300024773628,-0.08509643022105023,0.009948332461422599,0.011960036520808676,-0.0010726638910320307,0.09185590373487565
2026-09-23.1,KITTI,mono,brake,J,R1_gbm_reg,0.2,707,3536,7904.410690898589,True,0.06407755778088314,0.023898636308427708,0.2246746438191994,0.007847115101610562,0.0,0.04679607054542133,0.21533376785349592,0.12474815572356042,0.32986038979779114,-4.602466837003557e-16,-1.0150106561883294e-15,0.013678440300512757,0.056230442679272574,0.006432248614649375,0.19733749479342827,0.27941132563437954,0.15241153659892984,0.48867113144416885,0.00821109646201832,-0.01684563367090789,0.12322950463542762,-0.025840968244163168,-0.042304428490531606,0.004142702618101936,-0.008211096462018314,-0.12322950463542763,0.016845633670907866,0.03405206470618148,0.000973476514753909,0.14180591182302135
2026-09-23.1,KITTI,mono,brake,J,R1_gbm_reg,0.3,1061,3536,7904.410690898589,True,0.11531411668754454,0.04042677339007127,0.2626248414670481,0.01849406769549857,0.0004092089484410842,0.06986108002205257,0.16409720894683452,0.09878640239915253,0.26198319941483905,-4.602466837003557e-16,-1.1905626176158987e-15,1.7334456225764821e-16,0.09682004899204595,0.014518964354431481,0.23818393097119794,0.27941132563437954,0.15241153659892984,0.4930962615339253,0.03147491518921984,-0.021923385581763995,0.11660416358381455,-0.03206188199313781,-0.05765928975752154,0.002627116192342483,-0.031474915189219826,-0.11660416358381459,0.021923385581763988,0.06353679718235763,0.001538309129389886,0.15297312850726108
2026-09-23.1,KITTI,mono,brake,J,R1_gbm_reg,0.5,1768,3536,7904.410690898589,True,0.16733963339236016,0.0710349445340369,0.34776194454258513,0.045694797292067324,0.012396378307028035,0.12148762472482366,0.11207169224201889,0.06527095465255936,0.17138053761538857,-4.602466837003557e-16,-1.223742223720727e-15,1.679875476872874e-16,0.12164483610029286,-0.0015932079208359558,0.30951244283621376,0.27941132563437954,0.15241153659892984,0.4930962615339253,0.02763397057517064,-0.027237369584147936,0.10916465826577199,-0.038549235742342786,-0.05614295092530186,0.0052337309984548715,-0.027633970575170627,-0.10916465826577201,0.027237369584147884,0.06618320631751345,0.003769160655178815,0.1353739717704238
2026-09-23.1,KITTI,mono,brake,J,R1_gbm_clf,0.1,354,3536,7904.410690898589,True,0.04523858702517556,0.011110472228809893,0.13353466364450658,0.003971071209566258,0.00011018478294268922,0.029705290706785376,0.2341727386092035,0.1293914683561315,0.3810122602599228,0.025634867437016335,5.9348083932017e-05,0.16217040644292152,0.04126751581560929,0.0031785719823147107,0.12248842284496149,0.2537764581973627,0.152123176251759,0.36085920290596274,0.017265846845715662,-0.010368250290648544,0.08734707043094868,-0.012896795133296399,-0.022615191096519504,-0.0003803855135434838,-0.017265846845715693,-0.08734707043094864,0.010368250290648562,0.030162641979012056,0.004045899632921879,0.09669121911584111
2026-09-23.1,KITTI,mono,brake,J,R1_gbm_clf,0.2,707,3536,7904.410690898589,True,0.06768848987194231,0.02416575997031352,0.22254986015681358,0.007626455102531416,0.00015244858648320766,0.056239793019394475,0.21172283576243675,0.11673434688761523,0.3100240763052742,-4.602466837003557e-16,-1.0150106561883294e-15,0.013678440300512757,0.06006203476941086,0.005002555807604851,0.19899633346875514,0.27941132563437954,0.15241153659892984,0.48867113144416885,0.011822028553077492,-0.015420417462991734,0.11814513166022642,-0.02606162824324231,-0.04003201977900428,0.002847328544719476,-0.011822028553077485,-0.11814513166022639,0.01542041746299172,0.037883656796319776,0.0035844579980306578,0.132639233120275
2026-09-23.1,KITTI,mono,brake,J,R1_gbm_clf,0.3,1061,3536,7904.410690898589,True,0.1157336544545651,0.040587644303096734,0.28023966132978867,0.018695805031911046,0.000311749356084738,0.08257979359981817,0.16367767117981394,0.10293628288657389,0.25272925691616127,-4.602466837003557e-16,-1.1905626176158987e-15,1.7334456225764821e-16,0.09703784942265406,0.007853374368039331,0.23432622277643406,0.27941132563437954,0.15241153659892984,0.4930962615339253,0.031894452956240396,-0.013815555285736364,0.13223668876569947,-0.031860144656725334,-0.050004282129067615,0.003535347797745063,-0.03189445295624041,-0.1322366887656995,0.013815555285736374,0.06375459761296573,0.011127654792544637,0.14949916935198204
2026-09-23.1,KITTI,mono,brake,J,R1_gbm_clf,0.5,1768,3536,7904.410690898589,True,0.1665437249506782,0.07719662327367607,0.35333069253180394,0.05426492440544403,0.012108017645521645,0.16169849662951893,0.11286760068370084,0.06654452578317908,0.1668192058343869,-4.602466837003557e-16,-1.223742223720727e-15,1.679875476872874e-16,0.11227880054523418,-0.016895326499107636,0.30361825906122225,0.27941132563437954,0.15241153659892984,0.4930962615339253,0.026838062133488688,-0.021434071640394653,0.1130083621656673,-0.029979108628966078,-0.047149549309436066,0.014001964429469082,-0.026838062133488674,-0.11300836216566733,0.02143407164039468,0.056817170762454766,-0.012009466122703757,0.12379405507416116
2026-09-23.1,KITTI,mono,brake,J,R2_cnn_clf,0.1,354,3536,7904.410690898589,True,0.02829081934188694,0.019464364333983658,0.04562035431244082,0.02164244411280427,0.003783850375658637,0.054635407015973886,0.2511205062924921,0.12577520799013167,0.4513357638673002,0.025634867437016335,5.9348083932017e-05,0.16217040644292152,0.006648375229082688,-0.01815821828159073,0.02526740618750192,0.2537764581973627,0.152123176251759,0.36085920290596274,0.00031807916242704293,-0.013943500243165397,0.013445132820211814,0.0047745777699416125,-0.0034059000980841015,0.022301581917174247,-0.00031807916242709844,-0.013445132820211803,0.013943500243165364,-0.004456498607514547,-0.024867645880250484,0.013714825242768992
2026-09-23.1,KITTI,mono,brake,J,R2_cnn_clf,0.2,707,3536,7904.410690898589,True,0.059179289860599796,0.03750602584469572,0.09595439327076473,0.03306237378263966,0.009155109245459116,0.07318127084634946,0.22023203577377926,0.11135386562435926,0.4025739422875351,-4.602466837003557e-16,-1.0150106561883294e-15,0.013678440300512757,0.026116916077960156,-0.0020847397466229036,0.054145421108705294,0.27941132563437954,0.15241153659892984,0.48867113144416885,0.003312828541734973,-0.025933124363795516,0.01968154777508877,-0.0006257095631340692,-0.006411893195676033,0.016021453020402254,-0.00331282854173498,-0.019681547775088765,0.02593312436379546,0.003938538104869067,-0.029783922211685424,0.01631951231821926
2026-09-23.1,KITTI,mono,brake,J,R2_cnn_clf,0.3,1061,3536,7904.410690898589,True,0.0828730626371336,0.05542743532045069,0.15167890149075097,0.04295611924325509,0.012484431424096347,0.09161049654995129,0.19653826299724547,0.09203417396682424,0.36006610362765995,-4.602466837003557e-16,-1.1905626176158987e-15,1.7334456225764821e-16,0.039916943393878516,0.01376015974316028,0.09462782488719668,0.27941132563437954,0.15241153659892984,0.4930962615339253,-0.0009661388611911098,-0.021584994430877243,0.024605050626941512,-0.007599830445381289,-0.021549867307122605,0.007628590963721089,0.0009661388611911237,-0.024605050626941544,0.021584994430877233,0.006633691584190193,-0.020862486912083554,0.03744195583817979
2026-09-23.1,KITTI,mono,brake,J,R2_cnn_clf,0.5,1768,3536,7904.410690898589,True,0.13897013696702898,0.08383063324818131,0.2368525802545659,0.0592129553697238,0.02142492491536839,0.12687832925621814,0.1404411886673501,0.06661269830097827,0.26744085679097046,-4.602466837003557e-16,-1.223742223720727e-15,1.679875476872874e-16,0.07975718159730517,0.020457854036997982,0.1582545012670205,0.27941132563437954,0.15241153659892984,0.4930962615339253,-0.00073552585016054,-0.03396121182612896,0.013303010396104396,-0.02503107766468631,-0.04604042209869611,0.007253118464976976,0.0007355258501605677,-0.013303010396104424,0.033961211826128934,0.024295551814525765,-0.038654362095923635,0.044092054383797825
2026-09-23.1,KITTI,mono,traj,JB,random,0.1,354,3536,4693.652775228891,True,0.005282037151068771,0.0034274751346795793,0.006679001934002212,0.007696677076096006,0.00042472019957215417,0.01658128362909345,0.04747865032401364,0.030873454088346387,0.06006736379860812,-1.2110699615617814e-17,-6.860210826294973e-17,3.645436478823675e-17,-0.002414639925027234,-0.010349106959679506,0.004779983992156545,0.052760687475082425,0.03430092922302596,0.06674636573261042,,,,,,,,,,,,
2026-09-23.1,KITTI,mono,traj,JB,random,0.2,707,3536,4693.652775228891,True,0.010549153293236217,0.0068545451147064744,0.013358003868004424,0.015371612126553321,0.000850262437456023,0.033231457651415344,0.04221153418184619,0.027446384108319493,0.05338836186460591,-1.2110699615617814e-17,-6.860210826294973e-17,3.645436478823675e-17,-0.004822458833317104,-0.020741335198357677,0.009559642310203826,0.052760687475082425,0.03430092922302596,0.06674636573261042,,,,,,,,,,,,
2026-09-23.1,KITTI,mono,traj,JB,random,0.3,1061,3536,4693.652775228891,True,0.015831190444304987,0.010295716919480166,0.020015377581330294,0.023068289202649327,0.0012758046753398916,0.0498127412805088,0.03692949703077743,0.024005212303545798,0.046731186734309586,-1.2110699615617814e-17,-6.860210826294973e-17,3.645436478823675e-17,-0.007237098758344337,-0.031090442158037183,0.014328005827931848,0.052760687475082425,0.03430092922302596,0.06674636573261042,,,,,,,,,,,,
2026-09-23.1,KITTI,mono,traj,JB,random,0.5,1768,3536,4693.652775228891,True,0.026380343737541206,0.017150667188839324,0.03337318286630517,0.03843990132920265,0.0021252450744842,0.08304266379468976,0.026380343737541206,0.01715026203418664,0.03337318286630517,-1.2110699615617814e-17,-6.860210826294973e-17,3.645436478823675e-17,-0.01205955759166144,-0.05183177735639486,0.023887973812244938,0.052760687475082425,0.03430092922302596,0.06674636573261042,,,,,,,,,,,,
2026-09-23.1,KITTI,mono,traj,JB,uncertainty,0.1,354,3536,4693.652775228891,True,0.003481143638030146,0.0,0.008689107628389908,0.000262898048523336,0.00010413775583884705,0.0007535847638709568,0.04927954383705226,0.03281295675982501,0.0649613994083707,-1.2110699615617814e-17,-6.860210826294973e-17,3.645436478823675e-17,0.0032182455895068103,-0.00047210134438443395,0.0082789797204877,0.052760687475082425,0.03430092922302596,0.06674636573261042,-0.001800893513038625,-0.006277625405527003,0.004200274079710233,-0.0074337790275726704,-0.015951553547808014,0.00013823527186551099,0.0018008935130386233,-0.004200274079710232,0.006277625405526989,0.0056328855145340445,-0.004704072466090967,0.011709773101567386
2026-09-23.1,KITTI,mono,traj,JB,uncertainty,0.2,707,3536,4693.652775228891,True,0.008196116447134718,0.00016689187494388198,0.028361187379354898,0.00040211708427859356,0.00015856286551156065,0.024448645878836873,0.0445645710279477,0.019667341352927546,0.05972749548657102,-1.2110699615617814e-17,-6.860210826294973e-17,3.645436478823675e-17,0.007793999362856125,-0.01793580549372319,0.019133653289653944,0.052760687475082425,0.03430092922302596,0.06674636573261042,-0.002353036846101499,-0.010433770439897488,0.016487125556179295,-0.014969495042274728,-0.02934101710658967,0.004443966246140973,0.002353036846101504,-0.016487125556179334,0.010433770439897494,0.012616458196173228,-0.0042877302367910165,0.022388819861729574
2026-09-23.1,KITTI,mono,traj,JB,uncertainty,0.3,1061,3536,4693.652775228891,True,0.018643447460636543,0.0048405141981916555,0.03850603682730189,0.010642089670296331,0.0003105030768165618,0.025515238386401306,0.03411724001444587,0.00991216255501434,0.05646835908963578,-1.2110699615617814e-17,-6.860210826294973e-17,3.645436478823675e-17,0.00800135779034021,-0.01768850459739677,0.028740680782272855,0.052760687475082425,0.03430092922302596,0.06674636573261042,0.002812257016331556,-0.012714533190939462,0.022176043561537018,-0.012426199532352996,-0.0351150906926077,0.006150022367313057,-0.0028122570163315597,-0.022176043561537025,0.012714533190939467,0.015238456548684547,0.0024610261832935104,0.028503473578787734
2026-09-23.1,KITTI,mono,traj,JB,uncertainty,0.5,1768,3536,4693.652775228891,True,0.029294616169575263,0.012852214075377457,0.0456139830218238,0.015756188714256398,0.0020262743226133395,0.11301789771221502,0.02346607130550715,9.440748446450774e-05,0.04870773411392261,-1.2110699615617814e-17,-6.860210826294973e-17,3.645436478823675e-17,0.013538427455318853,-0.08150657553463285,0.03658764500180642,0.052760687475082425,0.03430092922302596,0.06674636573261042,0.002914272432034057,-0.01768813846836824,0.020953879907010156,-0.022683712614946252,-0.048806482341767654,0.03572804623757711,-0.002914272432034057,-0.020953879907010153,0.017688138468368236,0.02559798504698029,-0.041483790666641505,0.03624334802730517
2026-09-23.1,KITTI,mono,traj,JB,criticality_cheap,0.1,354,3536,4693.652775228891,True,0.002772526776981588,0.00018257264604730407,0.010158465910201631,0.0002609956765836187,0.0001227404410415027,0.0010264354429725675,0.049988160698100824,0.031060812214955782,0.06514721948571213,-1.2110699615617814e-17,-6.860210826294973e-17,3.645436478823675e-17,0.00251153110039797,-0.00017422517650504598,0.009466501116108693,0.052760687475082425,0.03430092922302596,0.06674636573261042,-0.002509510374087183,-0.005799434081817118,0.004811554870452358,-0.007435681399512387,-0.016223617881991902,6.0494780530336545e-05,0.0025095103740871844,-0.004811554870452359,0.005799434081817122,0.004926171025425204,-0.003717328572226702,0.014556052282219652
2026-09-23.1,KITTI,mono,traj,JB,criticality_cheap,0.2,707,3536,4693.652775228891,True,0.010147711899525876,0.0018343851143695351,0.027439620596464934,0.0007327365346966038,0.00019054988989629967,0.0034850644832502406,0.04261297557555654,0.015592828378270428,0.06232789155819884,-1.2110699615617814e-17,-6.860210826294973e-17,3.645436478823675e-17,0.009414975364829273,0.0005611575326387631,0.026803325225312823,0.052760687475082425,0.03430092922302596,0.06674636573261042,-0.000401441393710341,-0.010455213008621247,0.01797462605986292,-0.014638875591856717,-0.031574613530551236,-0.00020585947092493416,0.0004014413937103445,-0.01797462605986292,0.010455213008621254,0.014237434198146378,-0.002943294682705618,0.03145888716215259
2026-09-23.1,KITTI,mono,traj,JB,criticality_cheap,0.3,1061,3536,4693.652775228891,True,0.021189899955324453,0.0038418056664034812,0.0421539784880859,0.0013328809153844727,0.0002782897813829301,0.03258816783459657,0.03157078751975796,0.004457347561187351,0.057017930619259416,-1.2110699615617814e-17,-6.860210826294973e-17,3.645436478823675e-17,0.019857019039939982,-0.022083653989017082,0.03957315946724573,0.052760687475082425,0.03430092922302596,0.06674636573261042,0.005358709511019466,-0.013674082280428587,0.02679812294866152,-0.021735408287264855,-0.0455523978553168,0.0003939531013022662,-0.005358709511019466,-0.026798122948661518,0.013674082280428587,0.027094117798284318,-0.005303600071926692,0.035101348425463814
2026-09-23.1,KITTI,mono,traj,JB,criticality_cheap,0.5,1768,3536,4693.652775228891,True,0.026373495716018408,0.008791469730994777,0.05020807956892823,0.01680315084766892,0.0007539985503726947,0.11267630757704382,0.026387191759064003,1.4963203323519209e-05,0.05163461859794126,-1.2110699615617814e-17,-6.860210826294973e-17,3.645436478823675e-17,0.009570344868349491,-0.08083524783781643,0.04267386914536844,0.052760687475082425,0.03430092922302596,0.06674636573261042,-6.848021522797704e-06,-0.019954628398804478,0.025081984356191845,-0.02163675048153373,-0.04845982515144602,0.04720691426952184,6.848021522797704e-06,-0.025081984356191845,0.019954628398804478,0.02162990246001093,-0.039048111289408896,0.03554611442879216
2026-09-23.1,KITTI,mono,traj,JB,trivial_ego_speed,0.1,354,3536,4693.652775228891,True,0.003425454847594011,0.0,0.02100942881278369,0.023947598276262395,0.0,0.060617807844601614,0.0493352326274884,0.029410175996980266,0.06586741128085424,-1.2110699615617814e-17,-6.860210826294973e-17,3.645436478823675e-17,-0.020522143428668385,-0.0406959265954683,0.0011112574957007793,0.052760687475082425,0.03430092922302596,0.06674636573261042,-0.00185658230347476,-0.00656351683543441,0.015424318499328788,0.01625092120016639,-0.01655693189668137,0.05426920050076465,0.0018565823034747617,-0.015424318499328795,0.00656351683543441,-0.01810750350364115,-0.03895149166669538,0.010324130823872242
2026-09-23.1,KITTI,mono,traj,JB,trivial_ego_speed,0.2,707,3536,4693.652775228891,True,0.020088234278215437,0.0,0.036777924470439614,0.05655345531676655,5.8638128446528075e-05,0.10995054074318916,0.03267245319686698,0.018332096218717522,0.06289513769096033,-1.2110699615617814e-17,-6.860210826294973e-17,3.645436478823675e-17,-0.03646522103855111,-0.07367216480219477,0.012407545112259149,0.052760687475082425,0.03430092922302596,0.06674636573261042,0.00953908098497922,-0.012542720940593294,0.024386056940225012,0.04118184319021323,-0.03256315580712524,0.08598676108406976,-0.009539080984979215,-0.02438605694022501,0.012542720940593291,-0.03164276220523401,-0.062285246329614116,0.020096191521067112
2026-09-23.1,KITTI,mono,traj,JB,trivial_ego_speed,0.3,1061,3536,4693.652775228891,True,0.02386179257853565,0.00036097348394235115,0.044778957546159355,0.07086387765407132,0.0002615961157638982,0.13455089641954257,0.028898894896546755,0.012825296621371673,0.05428167533630619,-1.2110699615617814e-17,-6.860210826294973e-17,3.645436478823675e-17,-0.047002085075535674,-0.09011047478087254,0.02458657155516384,0.052760687475082425,0.03430092922302596,0.06674636573261042,0.008030602134230663,-0.013855402626435342,0.02608904120999425,0.04779558845142199,-0.005641582297566606,0.09256661035023825,-0.008030602134230673,-0.026089041209994255,0.013855402626435344,-0.03976498631719134,-0.06605857809893391,0.014954102057465349
2026-09-23.1,KITTI,mono,traj,JB,trivial_ego_speed,0.5,1768,3536,4693.652775228891,True,0.041702344557705606,0.019863000762385053,0.05389552495906638,0.075246989209676,0.0008672032798396586,0.15748220295418394,0.011058342917376805,0.00018596404295394275,0.031607281994429484,-1.2110699615617814e-17,-6.860210826294973e-17,3.645436478823675e-17,-0.0335446446519704,-0.10256413440885219,0.038619774253796965,0.052760687475082425,0.03430092922302596,0.06674636573261042,0.0153220008201644,-0.004392342825888925,0.023418058413418492,0.03680708788047335,-0.0038110068784178433,0.07787138729629353,-0.0153220008201644,-0.02341805841341849,0.004392342825888921,-0.02148508706030896,-0.0555376404673728,0.020627924432254634
2026-09-23.1,KITTI,mono,traj,JB,gate_ridge,0.1,354,3536,4693.652775228891,True,0.0033361260853170234,0.0,0.01720179143554453,0.0003227261117052443,0.0,0.001846586589629287,0.049424561389765385,0.024057740775699797,0.06674636573261034,-1.2110699615617814e-17,-6.860210826294973e-17,3.645436478823675e-17,0.003013399973611779,-0.0013301167235711111,0.0168918770687525,0.052760687475082425,0.03430092922302596,0.06674636573261042,-0.0019459110657517476,-0.006679001934002212,0.013406336359126778,-0.0073739509643907615,-0.016563301914302945,-6.512947215617106e-05,0.0019459110657517459,-0.013406336359126771,0.006679001934002213,0.005428039898639013,-0.0049880629769597645,0.017927646328951097
2026-09-23.1,KITTI,mono,traj,JB,gate_ridge,0.2,707,3536,4693.652775228891,True,0.01696427890616162,4.991002748656965e-05,0.031602789034353075,0.0012514200986452437,8.36736290318711e-06,0.0062004356051258815,0.035796408568920794,0.01048940715081045,0.060598692168746596,-1.2110699615617814e-17,-6.860210826294973e-17,3.645436478823675e-17,0.015712858807516376,-0.0033508430442931864,0.03098839983743185,0.052760687475082425,0.03430092922302596,0.06674636573261042,0.006415125612925404,-0.01107167451789495,0.02264974158183304,-0.014120192027908077,-0.03198637552191831,0.003930399584531382,-0.006415125612925399,-0.022649741581833038,0.01107167451789495,0.02053531764083348,-0.004619341416207004,0.030505943504124684
2026-09-23.1,KITTI,mono,traj,JB,gate_ridge,0.3,1061,3536,4693.652775228891,True,0.0172303686039565,0.00036923485221617504,0.03800259421304621,0.00544500463566944,2.6103677717321526e-05,0.009711245611427116,0.03553031887112591,0.0070982363676349285,0.0604204960732275,-1.2110699615617814e-17,-6.860210826294973e-17,3.645436478823675e-17,0.01178536396828706,-0.005487172644719685,0.03641093852818566,0.052760687475082425,0.03430092922302596,0.06674636573261042,0.0013991781596515117,-0.016064517357107816,0.024294680368308275,-0.017623284566979886,-0.0476517760226782,0.0058654051541646825,-0.0013991781596515152,-0.02429468036830828,0.016064517357107816,0.019022462726631398,-0.0068696606620856455,0.035788816980722615
2026-09-23.1,KITTI,mono,traj,JB,gate_ridge,0.5,1768,3536,4693.652775228891,True,0.018072557914384803,0.0023225649293863514,0.03856443546041132,0.006584986669520632,3.3766367008055946e-05,0.015579006606633626,0.034688129560697605,0.006537096310089707,0.05224711134140894,-1.2110699615617814e-17,-6.860210826294973e-17,3.645436478823675e-17,0.011487571244864169,-0.007312869818693017,0.0279646239068656,0.052760687475082425,0.03430092922302596,0.06674636573261042,-0.008307785823156402,-0.021997562459728302,0.01583444378596993,-0.031854914659682015,-0.07922796354042044,0.005565180946392408,0.008307785823156399,-0.015834443785969935,0.021997562459728302,0.02354712883652561,-0.013324720457359985,0.06698274811848427
2026-09-23.1,KITTI,mono,traj,JB,gate_gbm,0.1,354,3536,4693.652775228891,True,0.0035292268163150194,0.0,0.012068832466955092,0.0003571887340438566,0.0,0.0012772277737820813,0.04923146065876739,0.03406338520665851,0.06043756881720902,-1.2110699615617814e-17,-6.860210826294973e-17,3.645436478823675e-17,0.003172038082271163,-0.0010768635371696043,0.011562615687906463,0.052760687475082425,0.03430092922302596,0.06674636573261042,-0.0017528103347537517,-0.005600713263467095,0.0066614849907963335,-0.0073394883420521495,-0.016198860790920203,-6.512947215617106e-05,0.001752810334753753,-0.0066614849907963335,0.005600713263467092,0.005586678007298397,-0.004806949852731113,0.019996566768884626
2026-09-23.1,KITTI,mono,traj,JB,gate_gbm,0.2,707,3536,4693.652775228891,True,0.010632955105154433,0.0006772023585379928,0.019801804265484425,0.0009267919381940031,6.798858422047244e-06,0.006687820195224802,0.04212773236992798,0.02875243307855576,0.058996096101391435,-1.2110699615617814e-17,-6.860210826294973e-17,3.645436478823675e-17,0.009706163166960432,-0.0014022202374514966,0.018676020490757977,0.052760687475082425,0.03430092922302596,0.06674636573261042,8.380181191821635e-05,-0.009735231526430731,0.0073164879458879235,-0.014444820188359318,-0.03211537765071125,9.579547577601727e-05,-8.380181191821462e-05,-0.00731648794588792,0.009735231526430738,0.014528622000277536,-0.008223913845306727,0.03667644500662334
2026-09-23.1,KITTI,mono,traj,JB,gate_gbm,0.3,1061,3536,4693.652775228891,True,0.017307101493559917,0.008062596930314872,0.03260863751026188,0.004564682670524257,0.00022502112086043608,0.014780189866404444,0.03545358598152249,0.022164524894440058,0.041997073683789174,-1.2110699615617814e-17,-6.860210826294973e-17,3.645436478823675e-17,0.012742418823035659,0.003722611614388063,0.023341302853395363,0.052760687475082425,0.03430092922302596,0.06674636573261042,0.0014759110492549299,-0.0035483706109337675,0.014569658435670398,-0.01850360653212507,-0.04041973936017124,7.120034517045818e-05,-0.0014759110492549368,-0.014569658435670395,0.003548370610933764,0.019979517581379995,-0.00272166169624353,0.04917371939663727
2026-09-23.1,KITTI,mono,traj,JB,gate_gbm,0.5,1768,3536,4693.652775228891,True,0.031893143454572025,0.019132966920137443,0.03895252744971022,0.01543652325419151,0.0005647407185564944,0.04996385474919112,0.020867544020510387,0.007673756097739498,0.02970463105578134,-1.2110699615617814e-17,-6.860210826294973e-17,3.645436478823675e-17,0.016456620200380506,-0.01323949706679846,0.03223413963960531,0.052760687475082425,0.03430092922302596,0.06674636573261042,0.005512799717030819,-0.0002922380897405273,0.012452039250484562,-0.02300337807501114,-0.05241322425529297,0.0005143367373431108,-0.005512799717030819,-0.012452039250484562,0.0002922380897405273,0.028516177792041946,0.0028270773170046455,0.05812804177471543
2026-09-23.1,KITTI,mono,traj,JB,R1_mlp_reg,0.1,354,3536,4693.652775228891,True,0.00924597519193705,0.00031277872345594185,0.016890608707171385,0.0035732573411703505,1.494560446213663e-05,0.008747951992078517,0.04351471228314536,0.030372402168060687,0.056620571366557584,-1.2110699615617814e-17,-6.860210826294973e-17,3.645436478823675e-17,0.0056727178507667,-0.008323731224408463,0.016879096594983253,0.052760687475082425,0.03430092922302596,0.06674636573261042,0.0039639380408682786,-0.004807226384518133,0.010876847405327834,-0.004123419734925656,-0.01618860878211137,0.00733625314356338,-0.003963938040868281,-0.010876847405327832,0.00480722638451813,0.008087357775793934,-0.011541165542129939,0.026289563872517997
2026-09-23.1,KITTI,mono,traj,JB,R1_mlp_reg,0.2,707,3536,4693.652775228891,True,0.00924597519193705,0.00031277872345594185,0.024273410498787663,0.0036234555694596793,7.410012955406837e-05,0.035879400420874626,0.04351471228314536,0.027645333441960674,0.056620571366557584,-1.2110699615617814e-17,-6.860210826294973e-17,3.645436478823675e-17,0.005622519622477371,-0.014842459447315857,0.016507082978746996,0.052760687475082425,0.03430092922302596,0.06674636573261042,-0.0013031781012991673,-0.009933233891116533,0.012091612896207473,-0.011748156557093641,-0.03040241725108677,0.011568034260920046,0.0013031781012991656,-0.012091612896207471,0.009933233891116534,0.010444978455794476,-0.014853965926997755,0.035532031213688524
2026-09-23.1,KITTI,mono,traj,JB,R1_mlp_reg,0.3,1061,3536,4693.652775228891,True,0.012721571446079957,0.00031277872345594185,0.02475738407492729,0.020527770340194162,0.0019133517034417603,0.07530209376959689,0.04003911602900245,0.023278119881165012,0.054973966028722954,-1.2110699615617814e-17,-6.860210826294973e-17,3.645436478823675e-17,-0.0078061988941142075,-0.04852134308730964,0.013826756636297939,0.052760687475082425,0.03430092922302596,0.06674636573261042,-0.00310961899822503,-0.0150490557305651,0.007830389075481385,-0.002540518862455165,-0.03505253951069294,0.03351424751935397,0.003109618998225025,-0.007830389075481385,0.0150490557305651,-0.0005691001357698705,-0.024198181247098906,0.03467223733255885
2026-09-23.1,KITTI,mono,traj,JB,R1_mlp_reg,0.5,1768,3536,4693.652775228891,True,0.029593728697940032,0.008914413147630734,0.04517504861068452,0.05116751155503279,0.002732177857401936,0.10827542791200546,0.02316695877714238,0.00882582265478815,0.04606720910949887,-1.2110699615617814e-17,-6.860210826294973e-17,3.645436478823675e-17,-0.02157378285709277,-0.06686041674684753,0.01786215005373288,0.052760687475082425,0.03430092922302596,0.06674636573261042,0.003213384960398826,-0.017621112980683012,0.01811234724873776,0.01272761022583014,-0.0054081583996162565,0.028537603675634876,-0.003213384960398826,-0.01811234724873776,0.01762111298068301,-0.00951422526543133,-0.022377695495617106,-0.0032695817486488865
2026-09-23.1,KITTI,mono,traj,JB,R1_mlp_clf,0.1,354,3536,4693.652775228891,True,0.013309250932737576,0.0,0.030699076774647956,0.0034412402111385957,0.0,0.025290368303096677,0.039451436542344835,0.02662121279161099,0.05591056953192006,-1.2110699615617814e-17,-6.860210826294973e-17,3.645436478823675e-17,0.00986801072159898,-0.0026604059596347144,0.02272021575415513,0.052760687475082425,0.03430092922302596,0.06674636573261042,0.008027213781668804,-0.005490152567546323,0.02441660515252987,-0.004255436864957411,-0.008894799832739324,0.012758998420624173,-0.008027213781668804,-0.02441660515252987,0.0054901525675463275,0.012282650646626214,-0.004743536874030447,0.03293572953411268
2026-09-23.1,KITTI,mono,traj,JB,R1_mlp_clf,0.2,707,3536,4693.652775228891,True,0.01339585820026533,0.0,0.03469396021969662,0.00667380396252593,0.00010173106235135774,0.038674001584088194,0.039364829274817076,0.020854054878228962,0.05591056953192006,-1.2110699615617814e-17,-6.860210826294973e-17,3.645436478823675e-17,0.006722054237739401,-0.007698225790477733,0.017821106177673192,0.052760687475082425,0.03430092922302596,0.06674636573261042,0.0028467049070291135,-0.01050135018748485,0.02305250247489862,-0.00869780816402739,-0.020087851245717266,0.011573142829806853,-0.002846704907029117,-0.023052502474898616,0.010501350187484852,0.011544513071056504,-0.00968108635071048,0.03439311909754848
2026-09-23.1,KITTI,mono,traj,JB,R1_mlp_clf,0.3,1061,3536,4693.652775228891,True,0.01711666675288742,0.00010452965437064227,0.04072403524351219,0.01740186538033778,0.00013773876703015813,0.06426041976777722,0.03564402072219499,0.013276836021960479,0.0543318786805958,-1.2110699615617814e-17,-6.860210826294973e-17,3.645436478823675e-17,-0.0002851986274503559,-0.032513230371374824,0.012048653785046095,0.052760687475082425,0.03430092922302596,0.06674636573261042,0.0012854763085824346,-0.015234259815495237,0.02410692410498402,-0.0056664238223115455,-0.024135299336219152,0.035403900350467046,-0.001285476308582438,-0.02410692410498403,0.01523425981549524,0.006951900130893981,-0.015822311621113753,0.031422859629684545
2026-09-23.1,KITTI,mono,traj,JB,R1_mlp_clf,0.5,1768,3536,4693.652775228891,True,0.024524003597786673,0.0009485149935825247,0.05083399218657833,0.04275738726320538,0.0002430612941963717,0.11181269119837894,0.028236683877295738,0.008596574985113362,0.05177290194285755,-1.2110699615617814e-17,-6.860210826294973e-17,3.645436478823675e-17,-0.0182333836654187,-0.07602186116388902,0.0162834964946099,0.052760687475082425,0.03430092922302596,0.06674636573261042,-0.0018563401397545323,-0.024128799649886255,0.02064323660742908,0.004317485934002732,-0.03643108402297937,0.055171262512140676,0.0018563401397545323,-0.020643236607429078,0.024128799649886252,-0.006173826073757261,-0.042770571822613734,0.044828870368157574
2026-09-23.1,KITTI,mono,traj,JB,R1_gbm_reg,0.1,354,3536,4693.652775228891,True,0.006890831342490155,4.936798083309967e-05,0.015431379800601655,0.00020176254911817074,0.0,0.0012314844318349718,0.04586985613259226,0.03368544696515173,0.05676010623999599,-1.2110699615617814e-17,-6.860210826294973e-17,3.645436478823675e-17,0.006689068793371986,-0.0005718113564202747,0.015222900986043139,0.052760687475082425,0.03430092922302596,0.06674636573261042,0.0016087941914213841,-0.004580998498740195,0.009297522422702022,-0.007494914526977836,-0.016283442443865228,-0.00013245672952682294,-0.0016087941914213824,-0.009297522422702018,0.004580998498740198,0.00910370871839922,-0.0038855679568427833,0.025593451150941436
2026-09-23.1,KITTI,mono,traj,JB,R1_gbm_reg,0.2,707,3536,4693.652775228891,True,0.006890831342490155,4.936798083309967e-05,0.01758948083872252,0.0002784917739756642,4.177395064114468e-05,0.018200269453532526,0.04586985613259226,0.03273560442782626,0.05660655792735439,-1.2110699615617814e-17,-6.860210826294973e-17,3.645436478823675e-17,0.006612339568514492,-0.004303756923068931,0.014422257740906108,0.052760687475082425,0.03430092922302596,0.06674636573261042,-0.0036583219507460617,-0.009842141177945237,0.005291955281919201,-0.015093120352577658,-0.031081986734001796,0.0025592994126417846,0.0036583219507460643,-0.005291955281919197,0.009842141177945234,0.011434798401831595,-0.010746580866355201,0.033899166891953374
2026-09-23.1,KITTI,mono,traj,JB,R1_gbm_reg,0.3,1061,3536,4693.652775228891,True,0.007139602723207398,0.00024380875640529951,0.02454213560744261,0.010693620967726122,0.00010633120290528651,0.02413268052533356,0.045621084751875006,0.027902710407298893,0.055555538312873805,-1.2110699615617814e-17,-6.860210826294973e-17,3.645436478823675e-17,-0.0035540182445187225,-0.008192281869346642,0.010975943831001587,0.052760687475082425,0.03430092922302596,0.06674636573261042,-0.008691587721097589,-0.014728502148542696,0.006405710129470082,-0.012374668234923204,-0.03519402623452994,0.004085731476952214,0.008691587721097578,-0.006405710129470084,0.014728502148542703,0.0036830805138256145,-0.0174946285511984,0.03307716321924773
2026-09-23.1,KITTI,mono,traj,JB,R1_gbm_reg,0.5,1768,3536,4693.652775228891,True,0.026181027836428183,0.001007911625319431,0.038667059563185904,0.0182249227229611,0.0030543701409107803,0.06041817898696006,0.026579659638654225,0.013417561345133347,0.04568664792622293,-1.2110699615617814e-17,-6.860210826294973e-17,3.645436478823675e-17,0.007956105113467088,-0.030558947636944656,0.025238009639555872,0.052760687475082425,0.03430092922302596,0.06674636573261042,-0.000199315901113023,-0.021349673029482624,0.010537072578785132,-0.02021497860624155,-0.050112526880119135,0.003328033632837118,0.00019931590111301953,-0.010537072578785138,0.021349673029482628,0.02001566270512853,-0.024312506743257935,0.046002700470020044
2026-09-23.1,KITTI,mono,traj,JB,R1_gbm_clf,0.1,354,3536,4693.652775228891,True,0.006966006170313365,0.00013390122294333447,0.016126470838422596,0.006724011000513582,6.444273762119209e-05,0.01987021877841531,0.04579468130476905,0.03114081070260103,0.05661338642523077,-1.2110699615617814e-17,-6.860210826294973e-17,3.645436478823675e-17,0.00024199516979978293,-0.006827027426820247,0.005160229552425679,0.052760687475082425,0.03430092922302596,0.06674636573261042,0.0016839690192445942,-0.004329870696011108,0.010237097179287093,-0.0009726660755824245,-0.0015528276908478424,0.006422418349865868,-0.0016839690192445925,-0.01023709717928709,0.004329870696011116,0.002656635094827017,-0.004153166727910943,0.010693613797854131
2026-09-23.1,KITTI,mono,traj,JB,R1_gbm_clf,0.2,707,3536,4693.652775228891,True,0.010260376700833478,0.00019115990251005464,0.02659949637612544,0.007173840289325818,9.810219417722254e-05,0.04891756149977917,0.042500310774248935,0.028018316608350212,0.05180231777935455,-1.2110699615617814e-17,-6.860210826294973e-17,3.645436478823675e-17,0.0030865364115076595,-0.026306651373901556,0.012902570133511499,0.052760687475082425,0.03430092922302596,0.06674636573261042,-0.000288776592402739,-0.009297465413715266,0.013245456245009338,-0.008197771837227502,-0.014340409608311674,0.025533112916474712,0.00028877659240274245,-0.013245456245009335,0.009297465413715261,0.007908995244824763,-0.01238400508519864,0.019026947173907894
2026-09-23.1,KITTI,mono,traj,JB,R1_gbm_clf,0.3,1061,3536,4693.652775228891,True,0.017378207321131708,0.0005620886387071135,0.03135304710750966,0.02540830385080891,0.0001655858715086645,0.06887632702778787,0.03538248015395071,0.025182600178495017,0.047463867677172616,-1.2110699615617814e-17,-6.860210826294973e-17,3.645436478823675e-17,-0.008030096529677204,-0.04398922473964686,0.014775986481686685,0.052760687475082425,0.03430092922302596,0.06674636573261042,0.0015470168768267206,-0.012954739245910781,0.01328664287055233,0.002340014648159583,-0.02344255445418407,0.03361721620260221,-0.0015470168768267206,-0.01328664287055233,0.012954739245910785,-0.0007929977713328666,-0.023327266275010167,0.017501425574108827
2026-09-23.1,KITTI,mono,traj,JB,R1_gbm_clf,0.5,1768,3536,4693.652775228891,True,0.027740804913205203,0.009427603180377485,0.04026648951480064,0.046861934265235244,0.001986197993088216,0.10556506575347432,0.025019882561877208,0.01216862690645439,0.035297700686990445,-1.2110699615617814e-17,-6.860210826294973e-17,3.645436478823675e-17,-0.01912112935203003,-0.06746944395595966,0.019923966253947142,0.052760687475082425,0.03430092922302596,0.06674636573261042,0.0013604611756639975,-0.01063242038250367,0.012933140555289515,0.008422032936032595,-0.01666574729916414,0.03875516412276533,-0.0013604611756639975,-0.012933140555289517,0.010632420382503675,-0.00706157176036859,-0.028390825775420115,0.015872470552034314
2026-09-23.1,KITTI,mono,traj,JB,R2_cnn_clf,0.1,354,3536,4693.652775228891,True,0.0032581329755563015,0.00010612775605836309,0.009812179136586408,0.001278397230321245,4.2606526758453004e-05,0.005356270226043417,0.04950255449952611,0.029859530705958055,0.06515479710231566,-1.2110699615617814e-17,-6.860210826294973e-17,3.645436478823675e-17,0.001979735745235056,-0.00462543907682688,0.008210315368705909,0.052760687475082425,0.03430092922302596,0.06674636573261042,-0.0020239041755124696,-0.005949960420820239,0.0057236911818016765,-0.006418279845774761,-0.015664872088431172,0.0028142194224038664,0.0020239041755124726,-0.005723691181801677,0.005949960420820244,0.00439437567026229,-0.005767239877701138,0.011270052974796375
2026-09-23.1,KITTI,mono,traj,JB,R2_cnn_clf,0.2,707,3536,4693.652775228891,True,0.004039855060726577,0.00038433757641682855,0.01133840781239755,0.005173812137710605,0.00012638997012725438,0.02409519109551439,0.04872083241435583,0.028770264478953207,0.06445523584698205,-1.2110699615617814e-17,-6.860210826294973e-17,3.645436478823675e-17,-0.0011339570769840284,-0.02107668762287497,0.009338390336735775,0.052760687475082425,0.03430092922302596,0.06674636573261042,-0.00650929823250964,-0.011643767040413665,0.003292392355170615,-0.010197799988842716,-0.025001673011788662,0.003704311563258497,0.00650929823250964,-0.0032923923551706133,0.011643767040413665,0.0036885017563330754,-0.00878595360550189,0.01573015418276787
2026-09-23.1,KITTI,mono,traj,JB,R2_cnn_clf,0.3,1061,3536,4693.652775228891,True,0.0042503578975321,0.0005959502940629267,0.012064545590600783,0.015972612613935466,0.0003535772638741649,0.03373306025814211,0.04851032957755031,0.027835121207352567,0.06315204540769745,-1.2110699615617814e-17,-6.860210826294973e-17,3.645436478823675e-17,-0.011722254716403363,-0.028989487293244024,0.009814684039542804,0.052760687475082425,0.03430092922302596,0.06674636573261042,-0.011580832546772887,-0.0175039962180156,-7.196765858781513e-06,-0.007095676588713861,-0.024888338462034178,0.003973167395281211,0.011580832546772883,7.196765858778161e-06,0.0175039962180156,-0.004485155958059026,-0.011622601632095454,0.013632877037231305
2026-09-23.1,KITTI,mono,traj,JB,R2_cnn_clf,0.5,1768,3536,4693.652775228891,True,0.016704574460658293,0.01004431194284117,0.03134534974456701,0.03339776959613456,0.003795594810091137,0.07992018218061807,0.036056113014424115,0.019239471802697417,0.049253777809401565,-1.2110699615617814e-17,-6.860210826294973e-17,3.645436478823675e-17,-0.01669319513547627,-0.05323834722472457,0.015419192262297342,0.052760687475082425,0.03430092922302596,0.06674636573261042,-0.009675769276882913,-0.016990146515492584,0.00292986706202545,-0.005042131733068091,-0.02509492905320928,0.006700697527222032,0.00967576927688291,-0.002929867062025443,0.016990146515492577,-0.0046336375438148295,-0.019983243329565734,0.011611887158514862
2026-09-23.1,nuPlan,n/a,pdm_closed,safety,random,0.1,38,384,416.60737989077694,True,0.03899169549463089,0.0,0.06356971390487462,0.014089303152570601,0.0,0.019972112475632138,0.35502964845111284,0.0,0.5720826759750954,-6.822180979572518e-17,-1.1416624498996256e-16,0.04539395329011807,0.024902392342060292,0.0,0.043596875847106725,0.3940213439457438,0.0,0.6164562411459514,,,,,,,,,,,,
2026-09-23.1,nuPlan,n/a,pdm_closed,safety,random,0.2,77,384,416.60737989077694,True,0.07900948823912049,0.0,0.12712328079348736,0.028549377440735164,0.0,0.039940684486623225,0.3150118557066232,0.0,0.5085056388810092,-6.822180979572518e-17,-1.3802870808390413e-16,0.0,0.050460110798385326,0.0,0.08718259630686415,0.3940213439457438,0.0,0.6356448642603567,,,,,,,,,,,,
2026-09-23.1,nuPlan,n/a,pdm_closed,safety,random,0.3,115,384,416.60737989077694,True,0.11800118373375139,0.0,0.19069378667093498,0.042638680593305764,0.0,0.05991099810772255,0.2760201602119923,0.0,0.444959696588871,-6.822180979572518e-17,-1.3802870808390413e-16,0.0,0.07536250314044562,0.0,0.1307815042475834,0.3940213439457438,0.0,0.6356448642603567,,,,,,,,,,,,
2026-09-23.1,nuPlan,n/a,pdm_closed,safety,random,0.5,192,384,416.60737989077694,True,0.19701067197287186,0.0,0.31782243213017825,0.07118805803404094,0.0,0.09985362816640628,0.19701067197287186,0.0,0.31782243213017825,-6.822180979572518e-17,-1.3802870808390413e-16,0.0,0.12582261393883096,0.0,0.21796880396377202,0.3940213439457438,0.0,0.6356448642603567,,,,,,,,,,,,
2026-09-23.1,nuPlan,n/a,pdm_closed,safety,criticality_cheap,0.1,38,384,416.60737989077694,True,0.0,0.0,0.11166123786755952,0.0,0.0,0.0,0.39402134394574373,0.0,0.6305371867935694,-6.822180979572518e-17,-1.1416624498996256e-16,0.04539395329011807,0.0,0.0,0.11166123786755952,0.3940213439457438,0.0,0.6164562411459514,-0.03899169549463089,-0.06292255585809117,0.06323567750184127,-0.014089303152570601,-0.019972112475632138,0.0,0.038991695494630885,-0.06323567750184136,0.06292255585809113,-0.024902392342060292,-0.04318258135698639,0.07900155981530131
2026-09-23.1,nuPlan,n/a,pdm_closed,safety,criticality_cheap,0.2,77,384,416.60737989077694,True,0.02760392771490266,0.0,0.28653678280122513,0.0,0.0,0.0019299349421919936,0.36641741623084106,0.0,0.6023158470188472,-6.822180979572518e-17,-1.3802870808390413e-16,0.0,0.02760392771490266,0.0,0.2847707577141781,0.3940213439457438,0.0,0.6356448642603567,-0.051405560524217825,-0.12060272338755859,0.17892863327771563,-0.028549377440735164,-0.03960370291110249,0.0,0.05140556052421785,-0.17892863327771572,0.1206027233875586,-0.022856183083482664,-0.08271217626217514,0.21014551721566724
2026-09-23.1,nuPlan,n/a,pdm_closed,safety,criticality_cheap,0.3,115,384,416.60737989077694,True,0.13801963857451333,0.0,0.5063316432785279,0.0012063669127794102,0.0,0.002144821600040009,0.2560017053712304,0.0,0.5517518837674864,-6.822180979572518e-17,-1.3802870808390413e-16,0.0,0.1368132716617339,0.0,0.5025934857509823,0.3940213439457438,0.0,0.6356448642603567,0.020018454840761937,-0.15549515893822208,0.34403434681701567,-0.041432313680526356,-0.0585686715624994,0.0,-0.020018454840761923,-0.3440343468170158,0.15549515893822194,0.06145076852128828,-0.10385378758949267,0.3819713404647321
2026-09-23.1,nuPlan,n/a,pdm_closed,safety,criticality_cheap,0.5,192,384,416.60737989077694,True,0.3940213439457438,0.0,0.6158989159135513,0.028810294627682073,0.0,0.09486127711218023,-6.822180979572518e-17,-1.1821848516546797e-16,0.2557836073498036,-6.822180979572518e-17,-1.3802870808390413e-16,0.0,0.3652110493180617,0.0,0.5630979758810034,0.3940213439457438,0.0,0.6356448642603567,0.19701067197287192,-0.012838931342969716,0.3079494579567757,-0.04237776340635886,-0.09390199986645263,0.0032333360651780594,-0.19701067197287192,-0.3079494579567757,0.012838931342969439,0.23938843537923074,0.0,0.35228565440465454
2026-09-23.1,nuPlan,n/a,pdm_closed,safety,trivial_ego_speed,0.1,38,384,416.60737989077694,True,0.0,0.0,0.33834792046058143,0.0,0.0,0.12068659822507004,0.39402134394574373,0.0,0.6117851931621063,-6.822180979572518e-17,-1.1416624498996256e-16,0.04539395329011807,0.0,0.0,0.24246108583695936,0.3940213439457438,0.0,0.6164562411459514,-0.03899169549463089,-0.06094825930375769,0.2957520922901275,-0.014089303152570601,-0.01927309316050786,0.10295028583914508,0.038991695494630885,-0.29575209229012756,0.06094825930375764,-0.024902392342060292,-0.04201848536494117,0.2148764793751497
2026-09-23.1,nuPlan,n/a,pdm_closed,safety,trivial_ego_speed,0.2,77,384,416.60737989077694,True,0.16774719753482656,0.0,0.4992876179996459,0.0871184285999765,0.0,0.15488943325896729,0.22627414641091717,0.0,0.5792838338520364,-6.822180979572518e-17,-1.3802870808390413e-16,0.0,0.08062876893485006,0.0,0.35169017819043785,0.3940213439457438,0.0,0.6356448642603567,0.08873770929570607,-0.11467331692148416,0.3760177699373055,0.05856905115924133,-0.036036393990403905,0.11516575242492304,-0.08873770929570604,-0.37601776993730557,0.11467331692148416,0.030168658136464736,-0.07968657508171652,0.2710459743467364
2026-09-23.1,nuPlan,n/a,pdm_closed,safety,trivial_ego_speed,0.3,115,384,416.60737989077694,True,0.3112095608010358,0.0,0.5695890559551468,0.08716826063827655,0.0,0.18346444345233148,0.08281178314470793,-1.0604144053244659e-16,0.4600186556981462,-6.822180979572518e-17,-1.3802870808390413e-16,0.0,0.2240413001627592,0.0,0.3942859887240929,0.3940213439457438,0.0,0.6356448642603567,0.1932083770672844,-0.12858669199290623,0.39870384972429235,0.04452958004497079,-0.04557187349135873,0.12824159003986457,-0.1932083770672844,-0.3987038497242923,0.1285866919929061,0.14867879702231357,-0.07986902487465784,0.2738035795739707
2026-09-23.1,nuPlan,n/a,pdm_closed,safety,trivial_ego_speed,0.5,192,384,416.60737989077694,True,0.3940213439457438,0.0,0.6274776294583423,0.14237611606808187,0.0,0.19757548719973572,-6.822180979572518e-17,-1.1469463472933315e-16,0.09670230105428253,-6.822180979572518e-17,-1.3802870808390413e-16,0.0,0.25164522787766186,0.0,0.43033888388712543,0.3940213439457438,0.0,0.6356448642603567,0.19701067197287192,0.0,0.3137388147291712,0.07118805803404094,0.0,0.09878774359986786,-0.19701067197287192,-0.3137388147291712,0.0,0.1258226139388309,0.0,0.21516944194356274
2026-09-23.1,nuPlan,n/a,pdm_closed,safety,gate_ridge,0.1,38,384,416.60737989077694,True,0.3329506864899514,0.0,0.4982327993922415,4.552916496527803e-06,0.0,7.283118712713359e-06,0.06107065745579231,0.0,0.344663656740559,-6.822180979572518e-17,-1.1416624498996256e-16,0.04539395329011807,0.33294613357345487,0.0,0.498225370420863,0.3940213439457438,0.0,0.6164562411459514,0.2939589909953205,0.0,0.4400333461118476,-0.014084750236074074,-0.019972112475632138,0.0,-0.2939589909953205,-0.44003334611184763,0.0,0.30804374123139455,0.0,0.45861682651282704
2026-09-23.1,nuPlan,n/a,pdm_closed,safety,gate_ridge,0.2,77,384,416.60737989077694,True,0.3940213439457438,0.0,0.6151156960663945,0.003109384375482152,0.0,0.005082575206358925,-6.822180979572518e-17,-9.101679129947105e-17,0.09895064492710781,-6.822180979572518e-17,-1.3802870808390413e-16,0.0,0.3909119595702616,0.0,0.6106564260436097,0.3940213439457438,0.0,0.6356448642603567,0.31501185570662327,0.0,0.4924586971483932,-0.025439993065253012,-0.03951670342102033,0.0,-0.31501185570662327,-0.4924586971483932,0.0,0.3404518487718763,0.0,0.5270241403766636
2026-09-23.1,nuPlan,n/a,pdm_closed,safety,gate_ridge,0.3,115,384,416.60737989077694,True,0.3940213439457438,0.0,0.6329727195629617,0.003109384375482152,0.0,0.006476013424991899,-6.822180979572518e-17,-9.201142670055866e-17,0.0,-6.822180979572518e-17,-1.3802870808390413e-16,0.0,0.3909119595702616,0.0,0.6288520694104945,0.3940213439457438,0.0,0.6356448642603567,0.2760201602119924,0.0,0.4431804694916353,-0.03952929621782361,-0.0556884353475724,0.0,-0.2760201602119924,-0.4431804694916353,0.0,0.31554945642981597,0.0,0.4978201419662114
2026-09-23.1,nuPlan,n/a,pdm_closed,safety,gate_ridge,0.5,192,384,416.60737989077694,True,0.3940213439457438,0.0,0.6356448642603566,0.03196040520847122,0.0,0.09718566830759207,-6.822180979572518e-17,-9.201142670055866e-17,0.0,-6.822180979572518e-17,-1.3802870808390413e-16,0.0,0.3620609387372726,0.0,0.6197814936134962,0.3940213439457438,0.0,0.6356448642603567,0.19701067197287192,0.0,0.3178224321301783,-0.03922765282556972,-0.09136424354665539,0.0035560350176652407,-0.19701067197287192,-0.3178224321301783,0.0,0.23623832479844162,0.0,0.4048134717357904
2026-09-23.1,nuPlan,n/a,pdm_closed,safety,gate_gbm,0.1,38,384,416.60737989077694,True,0.3652971228420163,0.0,0.5235209108587431,4.552916496527803e-06,0.0,0.004769093387489115,0.028724221103727385,0.0,0.28774031265303945,-6.822180979572518e-17,-1.1416624498996256e-16,0.04539395329011807,0.3652925699255198,0.0,0.5200646153653004,0.3940213439457438,0.0,0.6164562411459514,0.32630542734738543,-0.0008484692450221439,0.4665093768442777,-0.014084750236074074,-0.019964142202983464,0.0,-0.32630542734738543,-0.4665093768442777,0.0008484692450221435,0.34039017758345946,-0.0008484692450221439,0.4809692077275445
2026-09-23.1,nuPlan,n/a,pdm_closed,safety,gate_gbm,0.2,77,384,416.60737989077694,True,0.3940213439457438,0.0,0.6141739216299611,0.003109384375482152,0.0,0.005299068210946302,-6.822180979572518e-17,-1.1469463472933315e-16,0.05925403962538265,-6.822180979572518e-17,-1.3802870808390413e-16,0.0,0.3909119595702616,0.0,0.6089461147945628,0.3940213439457438,0.0,0.6356448642603567,0.31501185570662327,0.0,0.49152035426664736,-0.025439993065253012,-0.03721679810493282,0.0,-0.31501185570662327,-0.4915203542666473,0.0,0.3404518487718763,0.0,0.5247708888506878
2026-09-23.1,nuPlan,n/a,pdm_closed,safety,gate_gbm,0.3,115,384,416.60737989077694,True,0.3940213439457438,0.0,0.6329727195629619,0.003109384375482152,0.0,0.005399111420582713,-6.822180979572518e-17,-1.379276423044308e-16,0.0,-6.822180979572518e-17,-1.3802870808390413e-16,0.0,0.3909119595702616,0.0,0.6275848986324183,0.3940213439457438,0.0,0.6356448642603567,0.2760201602119924,0.0,0.44226966235925286,-0.03952929621782361,-0.05450278983750608,0.0,-0.2760201602119924,-0.4422696623592528,0.0,0.31554945642981597,0.0,0.49679338031789666
2026-09-23.1,nuPlan,n/a,pdm_closed,safety,gate_gbm,0.5,192,384,416.60737989077694,True,0.3940213439457438,0.0,0.6356448642603567,0.003109384375482152,0.0,0.05238007505390882,-6.822180979572518e-17,-1.3802870808390413e-16,0.0,-6.822180979572518e-17,-1.3802870808390413e-16,0.0,0.3909119595702616,0.0,0.624715348001542,0.3940213439457438,0.0,0.6356448642603567,0.19701067197287192,0.0,0.3178224321301784,-0.06807867365855878,-0.09343506938765647,0.0,-0.19701067197287192,-0.3178224321301784,0.0,0.2650893456314306,0.0,0.40832692340685367
2026-09-23.1,nuPlan,n/a,pdm_closed,safety,R1_mlp_reg,0.1,38,384,416.60737989077694,True,0.028918586075845187,0.0,0.07787902493346857,0.02760392771490266,0.0,0.045137871597518586,0.36510275786989854,0.0,0.5853256051689502,-6.822180979572518e-17,-1.1416624498996256e-16,0.04539395329011807,0.001314658360942525,0.0,0.05141417789075956,0.3940213439457438,0.0,0.6164562411459514,-0.010073109418785704,-0.013526488389227103,0.02710996963582702,0.01351462456233206,-0.019779290101612935,0.02649065748648918,0.010073109418785697,-0.02710996963582704,0.013526488389227076,-0.023587733981117767,-0.03819897932328128,0.006993209874311536
2026-09-23.1,nuPlan,n/a,pdm_closed,safety,R1_mlp_reg,0.2,77,384,416.60737989077694,True,0.08412644150565052,0.0,0.1441036906365711,0.02760392771490266,0.0,0.04803171175048691,0.3098949024400932,0.0,0.5033187632915563,-6.822180979572518e-17,-1.3802870808390413e-16,0.0,0.05652251379074785,0.0,0.09681977147168612,0.3940213439457438,0.0,0.6356448642603567,0.005116953266530028,-0.061712950982297426,0.019043054844230464,-0.0009454497258325027,-0.015461441989594408,0.008146382269248121,-0.00511695326653,-0.019043054844230477,0.06171295098229745,0.006062402992362527,-0.06317383505579136,0.011058467053904876
2026-09-23.1,nuPlan,n/a,pdm_closed,safety,R1_mlp_reg,0.3,115,384,416.60737989077694,True,0.11173036922055318,0.0,0.177854922848768,0.02760848063139919,0.0,0.048039633969927706,0.28229097472519055,0.0,0.4881853967904823,-6.822180979572518e-17,-1.3802870808390413e-16,0.0,0.084121888589154,0.0,0.13393100127230903,0.3940213439457438,0.0,0.6356448642603567,-0.006270814513198206,-0.04442324346539848,0.05160186171414812,-0.015030199961906573,-0.02322869117578329,0.0,0.00627081451319822,-0.05160186171414813,0.044423243465398506,0.00875938544870837,-0.032518229981496706,0.07366054431495732
2026-09-23.1,nuPlan,n/a,pdm_closed,safety,R1_mlp_reg,0.5,192,384,416.60737989077694,True,0.2251538530220924,0.0,0.3682370047745256,0.02881029462768207,0.0,0.057530217099924646,0.1688674909236513,0.0,0.3116067842548636,-6.822180979572518e-17,-1.3802870808390413e-16,0.0,0.1963435583944103,0.0,0.3211180394182974,0.3940213439457438,0.0,0.6356448642603567,0.028143181049220534,-0.02120130559003628,0.06970871139924274,-0.04237776340635886,-0.051947401430080274,0.02380926623827094,-0.02814318104922056,-0.0697087113992428,0.021201305590036332,0.07052094445557935,-0.005452813225509521,0.11657681258016951
2026-09-23.1,nuPlan,n/a,pdm_closed,safety,R1_mlp_clf,0.1,38,384,416.60737989077694,True,0.05478777809551417,0.0,0.09653683180946337,0.02760392771490266,0.0,0.08128059463685182,0.33923356585022957,0.0,0.5403123886752726,-6.822180979572518e-17,-1.1416624498996256e-16,0.04539395329011807,0.027183850380611507,-0.07705601972701057,0.09512582557222743,0.3940213439457438,0.0,0.6164562411459514,0.015796082600883277,-0.008042008274112342,0.03249512037682989,0.01351462456233206,-0.01989335840703073,0.07094958648932699,-0.015796082600883277,-0.03249512037682985,0.008042008274112337,0.0022814580385512144,-0.07705601972701057,0.05159964160618606
2026-09-23.1,nuPlan,n/a,pdm_closed,safety,R1_mlp_clf,0.2,77,384,416.60737989077694,True,0.05652251379074785,0.0,0.18270825652179107,0.082811783144708,0.0,0.09714002587723188,0.3374988301549959,0.0,0.535032694762554,-6.822180979572518e-17,-1.3802870808390413e-16,0.0,-0.02628926935396014,-0.07738827280580586,0.09342044026761687,0.3940213439457438,0.0,0.6356448642603567,-0.022486974448372637,-0.028969757586660178,0.0630069670935379,0.05426240570397283,0.0,0.06310473806077693,0.022486974448372665,-0.0630069670935379,0.028969757586660164,-0.07674938015234546,-0.08663437599389018,0.01046971406356892
2026-09-23.1,nuPlan,n/a,pdm_closed,safety,R1_mlp_clf,0.3,115,384,416.60737989077694,True,0.11173036922055318,0.0,0.2892184389398342,0.082811783144708,0.0,0.11309618639151141,0.28229097472519055,0.0,0.48218208599009255,-6.822180979572518e-17,-1.3802870808390413e-16,0.0,0.028918586075845187,-0.07642133240679726,0.18975142721275332,0.3940213439457438,0.0,0.6356448642603567,-0.006270814513198206,-0.08273322901695278,0.12160312039354201,0.04017310255140223,0.0,0.06702890576966074,0.00627081451319822,-0.12160312039354217,0.0827332290169528,-0.04644391706460044,-0.12078229042335885,0.06388957002451306
2026-09-23.1,nuPlan,n/a,pdm_closed,safety,R1_mlp_clf,0.5,192,384,416.60737989077694,True,0.25275778073699506,0.0,0.5182438553789506,0.11166735689419359,0.0,0.15431357701827275,0.14126356320874864,0.0,0.32602648131956125,-6.822180979572518e-17,-1.3802870808390413e-16,0.0,0.1410904238428015,0.0,0.36878987118600126,0.3940213439457438,0.0,0.6356448642603567,0.0557471087641232,-0.060738086228286144,0.2130031739125862,0.040479298860152654,-0.0015536158792069914,0.0751809080446777,-0.05574710876412323,-0.2130031739125862,0.060738086228286144,0.01526780990397053,-0.07251665306669572,0.161392476244728
2026-09-23.1,nuPlan,n/a,pdm_closed,safety,R1_gbm_reg,0.1,38,384,416.60737989077694,True,0.0835119991992416,0.0,0.136908853779172,0.05520785542980532,0.0,0.09585518902914592,0.3105093447465021,0.0,0.580008858398642,-6.822180979572518e-17,-1.1416624498996256e-16,0.04539395329011807,0.028304143769436282,-0.04618896744105627,0.04546624730245134,0.3940213439457438,0.0,0.6164562411459514,0.04452030370461071,-0.015678233422072384,0.07636926379046353,0.041118552277234724,-0.007709402921427226,0.07605740221100321,-0.04452030370461074,-0.0763692637904635,0.01567823342207231,0.0034017514273759902,-0.08889245953674473,0.008534360906565867
2026-09-23.1,nuPlan,n/a,pdm_closed,safety,R1_gbm_reg,0.2,77,384,416.60737989077694,True,0.0835119991992416,0.0,0.14337062771075176,0.05520785542980532,0.0,0.09631448330544079,0.3105093447465021,0.0,0.49226441917455915,-6.822180979572518e-17,-1.3802870808390413e-16,0.0,0.028304143769436282,-0.06562931329236606,0.04760952608556832,0.3940213439457438,0.0,0.6356448642603567,0.004502510960121109,-0.015285501136124185,0.016810053486382877,0.02665847798907016,-0.015461441989594408,0.05814960221937582,-0.004502510960121109,-0.016810053486382835,0.015285501136124188,-0.022155967028949043,-0.06562931329236606,0.007586270445035716
2026-09-23.1,nuPlan,n/a,pdm_closed,safety,R1_gbm_reg,0.3,115,384,416.60737989077694,True,0.0835119991992416,0.0,0.14337062771075176,0.08401359714099087,0.0,0.0987974188355762,0.3105093447465021,0.0,0.49226441917455915,-6.822180979572518e-17,-1.3802870808390413e-16,0.0,-0.0005015979417492626,-0.07679078885989984,0.04566127069085033,0.3940213439457438,0.0,0.6356448642603567,-0.03448918453450979,-0.04746711519887585,0.006637406607108311,0.0413749165476851,0.0,0.05414046404190993,0.034489184534509776,-0.0066374066071083135,0.04746711519887588,-0.07586410108219489,-0.08761863849371243,0.006637406607108311
2026-09-23.1,nuPlan,n/a,pdm_closed,safety,R1_gbm_reg,0.5,192,384,416.60737989077694,True,0.19693548300078081,0.0,0.34267446748746055,0.08405887626279439,0.0,0.09985970527812775,0.19708586094496292,0.0,0.36301935581660777,-6.822180979572518e-17,-1.3802870808390413e-16,0.0,0.11287660673798643,-0.07705601972701057,0.24796909790103233,0.3940213439457438,0.0,0.6356448642603567,-7.518897209105035e-05,-0.07318675787333198,0.058204462363381455,0.012870818228753453,-0.0016202229949760533,0.03869413640290293,7.518897209105035e-05,-0.05820446236338142,0.073186757873332,-0.012946007200844531,-0.08202517699025108,0.05951531215353231
2026-09-23.1,nuPlan,n/a,pdm_closed,safety,R1_gbm_clf,0.1,38,384,416.60737989077694,True,0.02760392771490266,0.0,0.05822190966665858,0.02760392771490266,0.0,0.04803171175048691,0.36641741623084106,0.0,0.5863678999741377,-6.822180979572518e-17,-1.1416624498996256e-16,0.04539395329011807,0.0,0.0,0.028883035992061826,0.3940213439457438,0.0,0.6164562411459514,-0.01138776777972823,-0.01566232752509632,0.016342634169249422,0.01351462456233206,-0.007709402921427226,0.028070542739433112,0.01138776777972822,-0.016342634169249415,0.01566232752509641,-0.024902392342060292,-0.04359129815343207,0.002193447535653492
2026-09-23.1,nuPlan,n/a,pdm_closed,safety,R1_gbm_clf,0.2,77,384,416.60737989077694,True,0.05478777809551417,0.0,0.10232692467648556,0.02760848063139919,0.0,0.048165184576720664,0.33923356585022957,0.0,0.5487412652913873,-6.822180979572518e-17,-1.3802870808390413e-16,0.0,0.027179297464114977,0.0,0.06261847391598328,0.3940213439457438,0.0,0.6356448642603567,-0.024221710143606322,-0.03494156454950501,0.006996231476812546,-0.0009408968093359733,-0.015461441989594408,0.008274507336048502,0.024221710143606356,-0.006996231476812556,0.03494156454950476,-0.02328081333427035,-0.043278363374262684,0.005563499932274054
2026-09-23.1,nuPlan,n/a,pdm_closed,safety,R1_gbm_clf,0.3,115,384,416.60737989077694,True,0.0835119991992416,0.0,0.14156052497990693,0.05641422234258473,0.0,0.09024738599204833,0.3105093447465021,0.0,0.5029758162924659,-6.822180979572518e-17,-1.3802870808390413e-16,0.0,0.02709777685665687,0.0,0.09245156657008313,0.3940213439457438,0.0,0.6356448642603567,-0.03448918453450979,-0.08144397413262422,0.00621015330349002,0.013775541749278968,-0.02322869117578329,0.03527996396327183,0.034489184534509776,-0.006210153303490021,0.08144397413262423,-0.04826472628378875,-0.08149451364095886,0.00621015330349002
2026-09-23.1,nuPlan,n/a,pdm_closed,safety,R1_gbm_clf,0.5,192,384,416.60737989077694,True,0.13871985462904693,0.0,0.2127505909419164,0.08401815005748739,0.0,0.09978974568721102,0.2553014893166968,0.0,0.45390660184952036,-6.822180979572518e-17,-1.3802870808390413e-16,0.0,0.05470170457155953,-0.06034477055897999,0.12047805855081557,0.3940213439457438,0.0,0.6356448642603567,-0.058290817343824936,-0.153457161648479,0.03828589767397635,0.012830092023446454,-0.001727937634219623,0.038655710018757554,0.05829081734382491,-0.03828589767397636,0.15345716164847903,-0.07112090936727142,-0.1541231919015273,0.004741225684048009
2026-09-23.1,nuPlan,n/a,pdm_closed,scalar_J,random,0.1,38,384,490.3724125650554,True,0.03499239901052875,0.0004555770053265381,0.059167615367961134,0.013139937234627402,0.0,0.01962989109413159,0.31861500151691974,0.004070856992025541,0.5338306829866805,-5.79594379743649e-17,-9.265227422932315e-17,0.04689279366022103,0.021852461775901354,0.00015457497893127224,0.039537724273829546,0.35360740052744855,0.00452643399735208,0.5667439667527255,,,,,,,,,,,,
2026-09-23.1,nuPlan,n/a,pdm_closed,scalar_J,random,0.2,77,384,490.3724125650554,True,0.07090565062659773,0.0009115135843981199,0.11852508209629047,0.026625662291218686,0.0,0.03933386370600657,0.28270174990085073,0.0036149204129539603,0.4740876836762172,-5.79594379743649e-17,-1.452591895873203e-16,6.9795267942734e-17,0.044279988335379064,0.0003091321809918502,0.07919024206684937,0.35360740052744855,0.00452643399735208,0.5936062481916279,,,,,,,,,,,,
2026-09-23.1,nuPlan,n/a,pdm_closed,scalar_J,random,0.3,115,384,490.3724125650554,True,0.1058980496371265,0.00135170341427792,0.17762249973599353,0.039765599525846095,0.0,0.05891073071631284,0.24770935089032198,0.00317473058307416,0.4155539147272351,-5.79594379743649e-17,-1.452591895873203e-16,6.9795267942734e-17,0.06613245011128044,0.00046374118795560794,0.11871176901968068,0.35360740052744855,0.00452643399735208,0.5936062481916279,,,,,,,,,,,,
2026-09-23.1,nuPlan,n/a,pdm_closed,scalar_J,random,0.5,192,384,490.3724125650554,True,0.17680370026372424,0.00226321699867604,0.2968031240958139,0.06639126181706477,0.0,0.09852954118747619,0.17680370026372424,0.00226321699867604,0.2968031240958139,-5.79594379743649e-17,-1.452591895873203e-16,6.9795267942734e-17,0.11041243844665949,0.0007728639011348172,0.19827358290833766,0.35360740052744855,0.00452643399735208,0.5936062481916279,,,,,,,,,,,,
2026-09-23.1,nuPlan,n/a,pdm_closed,scalar_J,criticality_cheap,0.1,38,384,490.3724125650554,True,0.00024407338506491006,0.0,0.09823126939430832,1.0198254552099247e-07,0.0,0.0019694458430608848,0.35336332714238355,0.003743132647358278,0.5811007957137427,-5.79594379743649e-17,-9.265227422932315e-17,0.04689279366022103,0.00024397140251938908,-9.101672054971325e-06,0.09673395943848281,0.35360740052744855,0.00452643399735208,0.5667439667527255,-0.034748325625463844,-0.05773663577699645,0.05631840042896635,-0.01313983525208188,-0.019445387195568507,0.0,0.034748325625463816,-0.05631840042896638,0.05773663577699643,-0.021608490373381965,-0.0387052434265305,0.06991379844581937
2026-09-23.1,nuPlan,n/a,pdm_closed,scalar_J,criticality_cheap,0.2,77,384,490.3724125650554,True,0.02402945152832277,0.0,0.26338907864976724,0.0005776297225561472,0.0,0.006693576924305195,0.32957794899912574,0.0006996898052940621,0.5454096988140859,-5.79594379743649e-17,-1.452591895873203e-16,6.9795267942734e-17,0.02345182180576662,-0.00021740645386688997,0.26017053184812045,0.35360740052744855,0.00452643399735208,0.5936062481916279,-0.046876199098274965,-0.10840425006386084,0.16331822731013163,-0.02604803256866254,-0.03860973345841662,0.002039495010266155,0.046876199098275007,-0.16331822731013168,0.10840425006386084,-0.020828166529612443,-0.0719723964039859,0.19035258506703226
2026-09-23.1,nuPlan,n/a,pdm_closed,scalar_J,criticality_cheap,0.3,115,384,490.3724125650554,True,0.12319420179943459,0.0,0.4495006017265148,0.004382215956802312,0.0,0.007379410102341367,0.23041319872801388,0.0,0.4890859445613744,-5.79594379743649e-17,-1.452591895873203e-16,6.9795267942734e-17,0.11881198584263226,0.0,0.44254242814755057,0.35360740052744855,0.00452643399735208,0.5936062481916279,0.017296152162308093,-0.13884036214396595,0.30471419764075314,-0.03538338356904378,-0.05545603178867261,0.0020871847255861916,-0.017296152162308093,-0.3047141976407532,0.1388403621439658,0.052679535731351826,-0.0927745407359628,0.3433954817782017
2026-09-23.1,nuPlan,n/a,pdm_closed,scalar_J,criticality_cheap,0.5,192,384,490.3724125650554,True,0.3535956636710104,0.002236475380049661,0.5660867534203234,0.029190449525253993,0.0,0.0945405555825937,1.1736856438038746e-05,-6.711800525993655e-17,0.23258302609604503,-5.79594379743649e-17,-1.452591895873203e-16,6.9795267942734e-17,0.3244052141457564,0.002236475380049661,0.5171254228250995,0.35360740052744855,0.00452643399735208,0.5936062481916279,0.17679196340728617,-0.012624170109396544,0.2825530709616358,-0.03720081229181078,-0.08788256101773986,0.007770400276255205,-0.1767919634072862,-0.2825530709616358,0.012624170109396286,0.21399277569909692,0.0,0.3219577480101824
2026-09-23.1,nuPlan,n/a,pdm_closed,scalar_J,trivial_ego_speed,0.1,38,384,490.3724125650554,True,0.0,0.0,0.30424644854792166,0.0001819480989270997,0.0,0.11486426710832545,0.3536074005274485,0.0017374507070526688,0.5682631469544884,-5.79594379743649e-17,-9.265227422932315e-17,0.04689279366022103,-0.0001819480989270997,-0.000856708752334022,0.21421419321855137,0.35360740052744855,0.00452643399735208,0.5667439667527255,-0.03499239901052875,-0.05638003306641214,0.2652077622236905,-0.012957989135700301,-0.01879013944172621,0.09735723875595338,0.03499239901052875,-0.26520776222369047,0.05638003306641206,-0.022034409874828454,-0.037882531971243714,0.1870209081293015
2026-09-23.1,nuPlan,n/a,pdm_closed,scalar_J,trivial_ego_speed,0.2,77,384,490.3724125650554,True,0.1509227880714311,0.0,0.44316776127074786,0.07998271586697069,0.0,0.14954320938190413,0.20268461245601735,0.00040603683445438534,0.5374456474293328,-5.79594379743649e-17,-1.452591895873203e-16,6.9795267942734e-17,0.07094007220446041,-0.0013792450344408099,0.3014094377190252,0.35360740052744855,0.00452643399735208,0.5936062481916279,0.08001713744483338,-0.10506088800162287,0.334856470946345,0.053357053575752,-0.03483688585664132,0.10942094060727547,-0.08001713744483338,-0.3348564709463451,0.1050608880016228,0.02666008386908135,-0.07022952162955733,0.23846950128085298
2026-09-23.1,nuPlan,n/a,pdm_closed,scalar_J,trivial_ego_speed,0.3,115,384,490.3724125650554,True,0.28012902815862456,0.0,0.5032669124619642,0.08381415175101148,0.0,0.16715063436193547,0.07347837236882387,0.0,0.41797732131204585,-5.79594379743649e-17,-1.452591895873203e-16,6.9795267942734e-17,0.19631487640761303,-0.0013890515481763221,0.34173085661740843,0.35360740052744855,0.00452643399735208,0.5936062481916279,0.17423097852149805,-0.11500609643607347,0.3501505245648501,0.044048552225165384,-0.040292651886709434,0.11722629634461647,-0.1742309785214981,-0.3501505245648502,0.11500609643607347,0.1301824262963326,-0.0723176860591142,0.234952192326311
2026-09-23.1,nuPlan,n/a,pdm_closed,scalar_J,trivial_ego_speed,0.5,192,384,490.3724125650554,True,0.35340225708292317,0.0021661080912704902,0.5740841644723473,0.1327825236341295,0.0,0.19232773260485575,0.00020514344452528515,-5.348071779558588e-17,0.0914569732656387,-5.79594379743649e-17,-1.452591895873203e-16,6.9795267942734e-17,0.2206197334487936,0.0011785885393465157,0.38563186430006047,0.35360740052744855,0.00452643399735208,0.5936062481916279,0.17659855681919892,0.0,0.2867733213870981,0.06639126181706474,0.0,0.0961638663024279,-0.17659855681919895,-0.28677332138709827,0.0,0.11020729500213411,3.1795543833730687e-06,0.1918076504980519
2026-09-23.1,nuPlan,n/a,pdm_closed,scalar_J,gate_ridge,0.1,38,384,490.3724125650554,True,0.297049012452896,0.0010621344599243473,0.4338473374275224,0.0005965686393324992,0.0,0.00361864019327478,0.0565583880745525,0.0,0.3278434523609199,-5.79594379743649e-17,-9.265227422932315e-17,0.04689279366022103,0.2964524438135635,0.0010621344599243473,0.43380875538898744,0.35360740052744855,0.00452643399735208,0.5667439667527255,0.26205661344236725,0.0009566018693549409,0.38248177349319834,-0.012543368595294903,-0.019493041581667002,0.0029882003712476644,-0.26205661344236725,-0.3824817734931984,-0.0009566018693549425,0.27459998203766217,0.0009566018693549409,0.39930899580382523
2026-09-23.1,nuPlan,n/a,pdm_closed,scalar_J,gate_ridge,0.2,77,384,490.3724125650554,True,0.3534022570829231,0.0023724406989200516,0.562870972501649,0.003978259848015829,0.0,0.007199653679673728,0.0002051434445253431,-1.0380714618820535e-17,0.09260946676896635,-5.79594379743649e-17,-1.452591895873203e-16,6.9795267942734e-17,0.3494239972349073,0.0023724406989200516,0.5585546549875383,0.35360740052744855,0.00452643399735208,0.5936062481916279,0.28249660645632535,0.0018946928276766626,0.44950646604534855,-0.022647402443202857,-0.03877255986040762,0.002541615702192786,-0.2824966064563254,-0.44950646604534855,-0.001894692827676665,0.30514400889952825,0.0018946928276766626,0.482667938558682
2026-09-23.1,nuPlan,n/a,pdm_closed,scalar_J,gate_ridge,0.3,115,384,490.3724125650554,True,0.3536074005274485,0.00452643399735208,0.588384546526786,0.005287892053841691,0.0,0.01281118615765837,0.0,-8.334807253925543e-17,0.0005516045688726771,-5.79594379743649e-17,-1.452591895873203e-16,6.9795267942734e-17,0.34831950847360676,0.00452643399735208,0.5796533800404208,0.35360740052744855,0.00452643399735208,0.5936062481916279,0.24770935089032198,0.00317473058307416,0.4111106645146322,-0.034477707472004404,-0.05339263574150779,0.0021819500436829698,-0.24770935089032198,-0.41111066451463213,-0.003174730583074171,0.2821870583623263,0.00317473058307416,0.46312855172586387
2026-09-23.1,nuPlan,n/a,pdm_closed,scalar_J,gate_ridge,0.5,192,384,490.3724125650554,True,0.3536074005274485,0.00452643399735208,0.5936062481916278,0.035201978890381826,0.0,0.0951677490835417,0.0,-8.334807253925543e-17,1.3163711762806097e-16,-5.79594379743649e-17,-1.452591895873203e-16,6.9795267942734e-17,0.3184054216370666,0.00401299701746533,0.561201713736163,0.35360740052744855,0.00452643399735208,0.5936062481916279,0.17680370026372424,0.00226321699867604,0.2968031240958139,-0.031189282926682944,-0.08121190625563895,0.008408153208741071,-0.17680370026372424,-0.2968031240958139,-0.002263216998676048,0.2079929831904071,0.0020064985087326595,0.36798774316988037
2026-09-23.1,nuPlan,n/a,pdm_closed,scalar_J,gate_gbm,0.1,38,384,490.3724125650554,True,0.3274852553257537,0.0,0.49570126368156014,1.9040899321873028e-05,0.0,0.0049837199496823685,0.026122145201694813,0.00028979437358825057,0.24075014428939956,-5.79594379743649e-17,-9.265227422932315e-17,0.04689279366022103,0.32746621442643176,0.0,0.49054046968999965,0.35360740052744855,0.00452643399735208,0.5667439667527255,0.2924928563152249,0.0,0.44563587927343806,-0.013120896335305528,-0.019595211665189665,0.0,-0.2924928563152249,-0.44563587927343806,0.0,0.3056137526505304,0.0,0.4571881327051658
2026-09-23.1,nuPlan,n/a,pdm_closed,scalar_J,gate_gbm,0.2,77,384,490.3724125650554,True,0.35324995819062266,0.0,0.5731040287969505,0.003405875158045313,0.0,0.005878033919950768,0.00035744233682581347,0.0,0.04367021608139803,-5.79594379743649e-17,-1.452591895873203e-16,6.9795267942734e-17,0.34984408303257736,0.0,0.5676819963129617,0.35360740052744855,0.00452643399735208,0.5936062481916279,0.28234430756402495,0.0,0.45728581110135835,-0.023219787133173374,-0.03817009377346167,0.0,-0.2823443075640249,-0.45728581110135835,0.0,0.3055640946971983,0.0,0.4905653176680619
2026-09-23.1,nuPlan,n/a,pdm_closed,scalar_J,gate_gbm,0.3,115,384,490.3724125650554,True,0.35324995819062266,0.0,0.5936062481916277,0.003427119852549126,0.0,0.0061331260388293105,0.00035744233682581347,0.0,0.0017931681331765776,-5.79594379743649e-17,-1.452591895873203e-16,6.9795267942734e-17,0.34982283833807354,0.0,0.5874176505436199,0.35360740052744855,0.00452643399735208,0.5936062481916279,0.24735190855349615,0.0,0.41554457125717403,-0.03633847967329697,-0.0529540301135427,0.0,-0.24735190855349617,-0.4155445712571741,0.0,0.2836903882267931,0.0,0.46860772520382826
2026-09-23.1,nuPlan,n/a,pdm_closed,scalar_J,gate_gbm,0.5,192,384,490.3724125650554,True,0.35324995819062266,0.0,0.5936062481916277,0.0034834024620993007,0.0,0.061601214662384614,0.00035744233682581347,0.0,0.0017424187258450116,-5.79594379743649e-17,-1.452591895873203e-16,6.9795267942734e-17,0.34976655572852333,0.0,0.5874161433014379,0.35360740052744855,0.00452643399735208,0.5936062481916279,0.17644625792689841,0.0,0.2968031240958138,-0.06290785935496547,-0.09170675356486559,0.0011562349387448225,-0.17644625792689844,-0.2968031240958138,0.0,0.23935411728186384,0.0,0.3891425603931002
2026-09-23.1,nuPlan,n/a,pdm_closed,scalar_J,R1_mlp_reg,0.1,38,384,490.3724125650554,True,0.027041036884322713,0.0,0.0664626808525028,0.026079413688766834,0.0,0.04524589785027057,0.32656636364312575,0.00452643399735208,0.5452147519683258,-5.79594379743649e-17,-9.265227422932315e-17,0.04689279366022103,0.0009616231955558776,-0.0004892931027453179,0.044738349930778236,0.35360740052744855,0.00452643399735208,0.5667439667527255,-0.007951362126206039,-0.011221916674925713,0.02372894714864508,0.012939476454139433,-0.016537987116029645,0.02638509330466476,0.007951362126206007,-0.023728947148645093,0.011221916674925671,-0.020890838580345475,-0.037188834030099094,0.0060866657857916225
2026-09-23.1,nuPlan,n/a,pdm_closed,scalar_J,R1_mlp_reg,0.2,77,384,490.3724125650554,True,0.07592600526454427,0.0,0.13292379404801768,0.026240456759518426,0.0,0.04737741386258489,0.2776813952629042,0.00452643399735208,0.47192241334780066,-5.79594379743649e-17,-1.452591895873203e-16,6.9795267942734e-17,0.04968554850502584,-0.0007569682095271068,0.08689554350600155,0.35360740052744855,0.00452643399735208,0.5936062481916279,0.005020354637946534,-0.025095978914330526,0.017826241970894916,-0.0003852055317002598,-0.012904192025406025,0.008042985282904012,-0.005020354637946534,-0.017826241970894902,0.025095978914330505,0.0054055601696467726,-0.0321354360682556,0.010089828261307601
2026-09-23.1,nuPlan,n/a,pdm_closed,scalar_J,R1_mlp_reg,0.3,115,384,490.3724125650554,True,0.07597364408344053,0.0,0.18386631470897394,0.02626170145402224,0.0,0.04737741386258489,0.27763375644400795,0.0009880248847188697,0.4481812176227242,-5.79594379743649e-17,-1.452591895873203e-16,6.9795267942734e-17,0.049711942629418276,-0.0006606872952946873,0.14513859076267863,0.35360740052744855,0.00452643399735208,0.5936062481916279,-0.029924405553685973,-0.04043666040698169,0.04397957369764713,-0.013503898071823856,-0.01952015793915103,0.0,0.029924405553685973,-0.04397957369764712,0.04043666040698165,-0.016420507481862162,-0.028790140755943584,0.057240522914414046
2026-09-23.1,nuPlan,n/a,pdm_closed,scalar_J,R1_mlp_reg,0.5,192,384,490.3724125650554,True,0.20280875739614465,0.0,0.3509791422260804,0.04981484622375201,0.0,0.0651206265921433,0.1507986431313038,0.0006131844900130435,0.27850532854618154,-5.79594379743649e-17,-1.452591895873203e-16,6.9795267942734e-17,0.15299391117239264,0.0,0.30420228039465924,0.35360740052744855,0.00452643399735208,0.5936062481916279,0.026005057132420406,-0.01644307903955486,0.0666064811691381,-0.016576415593312757,-0.05155815837289435,0.032119514690062204,-0.026005057132420434,-0.06660648116913816,0.01644307903955483,0.04258147272573315,-0.00031743272180917995,0.1126434857335297
2026-09-23.1,nuPlan,n/a,pdm_closed,scalar_J,R1_mlp_clf,0.1,38,384,490.3724125650554,True,0.049407725521011935,0.0,0.10850642881498636,0.0015716959757463805,0.0,0.038968934799612054,0.3041996750064365,0.00452643399735208,0.5077161582846638,-5.79594379743649e-17,-9.265227422932315e-17,0.04689279366022103,0.04783602954526555,-0.0016961314426846865,0.09010531389868802,0.35360740052744855,0.00452643399735208,0.5667439667527255,0.014415326510483183,-0.01360404397107605,0.06055863734712479,-0.01156824125888102,-0.017054623293207123,0.022782112477111767,-0.014415326510483217,-0.060558637347124834,0.0136040439710761,0.025983567769364196,-0.0030554405693018136,0.05048692404145585
2026-09-23.1,nuPlan,n/a,pdm_closed,scalar_J,R1_mlp_clf,0.2,77,384,490.3724125650554,True,0.12486634700957333,0.0,0.26533743349862204,0.026718162918939532,0.0,0.04798070988483153,0.22874105351787513,0.0009445860010550911,0.4371754851795974,-5.79594379743649e-17,-1.452591895873203e-16,6.9795267942734e-17,0.0981481840906338,-0.004345380956433229,0.22230690788193866,0.35360740052744855,0.00452643399735208,0.5936062481916279,0.0539606963829756,-0.02222530232759539,0.1632700102899351,9.250062772084636e-05,-0.013847656199724941,0.0116381350879233,-0.0539606963829756,-0.16327001028993518,0.022225302327595276,0.05386819575525474,-0.014940300763796646,0.15478139350164147
2026-09-23.1,nuPlan,n/a,pdm_closed,scalar_J,R1_mlp_clf,0.3,115,384,490.3724125650554,True,0.27156099685356017,0.0,0.40928116089811173,0.03265329456077528,0.0,0.0601187981636325,0.08204640367388831,0.0,0.2794267913242604,-5.79594379743649e-17,-1.452591895873203e-16,6.9795267942734e-17,0.2389077022927849,-0.003965910549665813,0.349695496640424,0.35360740052744855,0.00452643399735208,0.5936062481916279,0.16566294721643365,-0.004615563725895701,0.2423574059975059,-0.007112304965070815,-0.019406569145716458,0.009595974380628243,-0.16566294721643365,-0.24235740599750596,0.004615563725895699,0.17277525218150447,-0.0074163632619988675,0.24006391662900775
2026-09-23.1,nuPlan,n/a,pdm_closed,scalar_J,R1_mlp_clf,0.5,192,384,490.3724125650554,True,0.2732742593119447,0.002718876568795538,0.4841573961939485,0.05816472815520277,0.0,0.15327574483895842,0.08033314121550375,0.0,0.1413214727514081,-5.79594379743649e-17,-1.452591895873203e-16,6.9795267942734e-17,0.21510953115674195,0.0024260300530047907,0.35658470374737306,0.35360740052744855,0.00452643399735208,0.5936062481916279,0.09647055904822047,0.0008707501764313807,0.2181684126115934,-0.008226533661861997,-0.03510661471660588,0.05276615484640444,-0.0964705590482205,-0.21816841261159362,-0.0008707501764313808,0.10469709271008246,-0.0009883285943922968,0.17684473510542642
2026-09-23.1,nuPlan,n/a,pdm_closed,scalar_J,R1_gbm_reg,0.1,38,384,490.3724125650554,True,0.07501000052611073,0.0,0.1285541607756838,0.05224135265156517,0.0,0.09345169387527179,0.2785974000013377,0.00452643399735208,0.4766381612565729,-5.79594379743649e-17,-9.265227422932315e-17,0.04689279366022103,0.022768647874545557,-0.005160566500605296,0.037707736174874794,0.35360740052744855,0.00452643399735208,0.5667439667527255,0.04001760151558198,-0.005931393573813486,0.07159944200170287,0.03910141541693776,-0.0064879043074134385,0.07400884038664186,-0.040017601515582035,-0.07159944200170287,0.005931393573813485,0.0009161860986442033,-0.04313865187357985,0.003553256811719332
2026-09-23.1,nuPlan,n/a,pdm_closed,scalar_J,R1_gbm_reg,0.2,77,384,490.3724125650554,True,0.07509903589858395,0.0,0.16558938293001993,0.05226370309261217,0.0,0.09432938999289175,0.2785083646288645,0.00452643399735208,0.44884301852824954,-5.79594379743649e-17,-1.452591895873203e-16,6.9795267942734e-17,0.022835332805971793,0.0,0.0782416581752619,0.35360740052744855,0.00452643399735208,0.5936062481916279,0.004193385271986219,-0.012245575170136358,0.05592418559350775,0.025638040801393484,-0.012898029368478984,0.05475021332584231,-0.004193385271986205,-0.05592418559350776,0.012245575170136355,-0.02144465552940727,-0.03850489309830516,0.0049777677912977185
2026-09-23.1,nuPlan,n/a,pdm_closed,scalar_J,R1_gbm_reg,0.3,115,384,490.3724125650554,True,0.09992387265275912,0.0,0.17885007437846978,0.05226370309261217,0.0,0.09432938999289175,0.25368352787468934,0.00452643399735208,0.41474369861431803,-5.79594379743649e-17,-1.452591895873203e-16,6.9795267942734e-17,0.047660169560146966,0.0,0.08450777537851348,0.35360740052744855,0.00452643399735208,0.5936062481916279,-0.005974176984367377,-0.01898232345210188,0.0018576832229062624,0.012498103566766075,-0.019465282521181477,0.03549397279617318,0.005974176984367363,-0.0018576832229062492,0.018982323452101872,-0.018472280551133473,-0.0350012102231714,0.0013237830784357534
2026-09-23.1,nuPlan,n/a,pdm_closed,scalar_J,R1_gbm_reg,0.5,192,384,490.3724125650554,True,0.1248287670403682,0.0012682963566543306,0.2199909629959643,0.07846869533137325,0.0,0.09997580025488441,0.22877863348708027,0.0,0.3831932581933501,-5.79594379743649e-17,-1.452591895873203e-16,6.9795267942734e-17,0.04636007170899494,-0.06075591905822897,0.12412571759902875,0.35360740052744855,0.00452643399735208,0.5936062481916279,-0.05197493322335604,-0.10830807977168931,0.0274523143489885,0.012077433514308483,-0.003858368835320473,0.03256678877858492,0.05197493322335603,-0.02745231434898853,0.10830807977168927,-0.06405236673766454,-0.10708275153018802,0.0006467389361745029
2026-09-23.1,nuPlan,n/a,pdm_closed,scalar_J,R1_gbm_clf,0.1,38,384,490.3724125650554,True,0.0006491545407870642,0.0,0.0429948053623108,5.628260955017462e-05,0.0,0.0007968120301298314,0.35295824598666137,0.002229666578593139,0.5779517756831631,-5.79594379743649e-17,-9.265227422932315e-17,0.04689279366022103,0.0005928719312368895,-0.0002959062608215157,0.04164407122650097,0.35360740052744855,0.00452643399735208,0.5667439667527255,-0.034343244469741685,-0.057093482090782986,0.0,-0.013083654625077226,-0.019228316681270594,0.0,0.03434324446974163,0.0,0.057093482090782986,-0.021259589844664466,-0.03802945598915937,0.006510356975822055
2026-09-23.1,nuPlan,n/a,pdm_closed,scalar_J,R1_gbm_clf,0.2,77,384,490.3724125650554,True,0.027286382125191112,0.0004337652452807559,0.05427597112312448,0.0017346031753516073,0.0,0.04489219417598766,0.32632101840225736,0.0,0.5417395194070347,-5.79594379743649e-17,-1.452591895873203e-16,6.9795267942734e-17,0.025551778949839506,-0.002812285524673587,0.0453134190417012,0.35360740052744855,0.00452643399735208,0.5936062481916279,-0.04361926850140662,-0.07085419398478822,0.001636478883874572,-0.02489105911586708,-0.0354148789778506,0.010712142320672802,0.04361926850140663,-0.0016364788838745742,0.07085419398478825,-0.018728209385539558,-0.0688143690070077,0.0017520124655952915
2026-09-23.1,nuPlan,n/a,pdm_closed,scalar_J,R1_gbm_clf,0.3,115,384,490.3724125650554,True,0.05239170166833865,0.0007206172932527125,0.09493240668806899,0.029424578552940756,0.0,0.09027490483635806,0.3012156988591098,0.0,0.5273399227906468,-5.79594379743649e-17,-1.452591895873203e-16,6.9795267942734e-17,0.022967123115397888,-0.004210532616264949,0.06588910198913864,0.35360740052744855,0.00452643399735208,0.5936062481916279,-0.05350634796878785,-0.12373322385477392,0.04542625371539864,-0.010341020972905339,-0.04501375034779711,0.035680468437108905,0.05350634796878784,-0.04542625371539866,0.12373322385477394,-0.04316532699588255,-0.11943595204391405,0.06395335072126553
2026-09-23.1,nuPlan,n/a,pdm_closed,scalar_J,R1_gbm_clf,0.5,192,384,490.3724125650554,True,0.15006314141242774,0.00452643399735208,0.301723584540324,0.05537909268041465,0.0,0.14624178432302784,0.20354425911502072,0.0,0.4241880652641317,-5.79594379743649e-17,-1.452591895873203e-16,6.9795267942734e-17,0.0946840487320131,-0.0024671049832855835,0.16787724219946837,0.35360740052744855,0.00452643399735208,0.5936062481916279,-0.026740558851296503,-0.1707072337109426,0.03448407771261143,-0.011012169136650117,-0.03279135933655179,0.04622346440846766,0.026740558851296475,-0.03448407771261143,0.1707072337109426,-0.015728389714646393,-0.16560193535232212,0.06678287918800685
2026-09-23.1,nuPlan,n/a,idm,safety,random,0.1,38,384,326.3421308746392,True,0.0037005275119749667,0.0,0.012803187968120147,0.00016176778227334153,0.0,0.0013732515633372668,0.03369427681956154,0.0,0.11510528128231746,-5.4432347874893866e-18,-2.1403643414773445e-17,0.0,0.003538759729701625,-0.0005283790476179387,0.012516318724790015,0.03739480433153651,0.0,0.12789815989504122,,,,,,,,,,,,
2026-09-23.1,nuPlan,n/a,idm,safety,random,0.2,77,384,326.3421308746392,True,0.007498437326896644,0.0,0.02557788347638347,0.00032779261144861313,0.0,0.0027532019331109932,0.02989636700463986,0.0,0.1023153626999843,-5.4432347874893866e-18,-2.1403643414773445e-17,0.0,0.00717064471544803,-0.0010576309111947017,0.025018817576747412,0.03739480433153651,0.0,0.12789815989504122,,,,,,,,,,,,
2026-09-23.1,nuPlan,n/a,idm,safety,random,0.3,115,384,326.3421308746392,True,0.01119896483887161,0.0,0.038366282752463676,0.0004895603937219547,0.0,0.004129142716592266,0.026195839492664897,0.0,0.08952739780593398,-5.4432347874893866e-18,-2.1403643414773445e-17,0.0,0.010709404445149654,-0.001597621495135402,0.03761366590308956,0.03739480433153651,0.0,0.12789815989504122,,,,,,,,,,,,
2026-09-23.1,nuPlan,n/a,idm,safety,random,0.5,192,384,326.3421308746392,True,0.01869740216576825,0.0,0.06394907994752061,0.0008173530051705678,0.0,0.0068823446497032585,0.01869740216576825,0.0,0.06394907994752061,-5.4432347874893866e-18,-2.1403643414773445e-17,0.0,0.017880049160597683,-0.002660530903765388,0.06255027246861275,0.03739480433153651,0.0,0.12789815989504122,,,,,,,,,,,,
2026-09-23.1,nuPlan,n/a,idm,safety,criticality_cheap,0.1,38,384,326.3421308746392,True,6.735948521410303e-06,0.0,3.556041717053955e-05,0.0,0.0,0.0,0.03738806838301509,0.0,0.12789786048734797,-5.4432347874893866e-18,-2.1403643414773445e-17,0.0,6.735948521410303e-06,0.0,3.556041717053955e-05,0.03739480433153651,0.0,0.12789815989504122,-0.0036937915634535565,-0.012803187968120149,0.0,-0.00016176778227334153,-0.0013732515633372668,0.0,0.0036937915634535495,0.0,0.012803187968120145,-0.0035320237811802147,-0.01251601931709676,0.0005283790476179386
2026-09-23.1,nuPlan,n/a,idm,safety,criticality_cheap,0.2,77,384,326.3421308746392,True,6.735948521410303e-06,0.0,4.626118197158441e-05,0.0,0.0,0.004134961262211781,0.03738806838301509,0.0,0.1278754036704442,-5.4432347874893866e-18,-2.1403643414773445e-17,0.0,6.735948521410303e-06,-0.004131015600494087,4.597581682915823e-05,0.03739480433153651,0.0,0.12789815989504122,-0.007491701378375233,-0.025554844947679112,0.0,-0.00032779261144861313,-0.00236943880400853,0.0033058153841120227,0.007491701378375227,0.0,0.025554844947679078,-0.0071639087669266195,-0.025557636040757965,0.000983756230474487
2026-09-23.1,nuPlan,n/a,idm,safety,criticality_cheap,0.3,115,384,326.3421308746392,True,6.735948521410303e-06,0.0,5.6361786609252335e-05,0.0016347060103411356,0.0,0.008683517641682417,0.03738806838301509,0.0,0.1278754036704442,-5.4432347874893866e-18,-2.1403643414773445e-17,0.0,-0.0016279700618197252,-0.008665627046233111,4.821568737354144e-05,0.03739480433153651,0.0,0.12789815989504122,-0.0111922288903502,-0.03834352652786665,0.0,0.0011451456166191808,-0.0025128372305248015,0.00607817878235541,0.011192228890350191,0.0,0.038343526527866635,-0.01233737450696938,-0.03862766938626684,0.0002291337663212583
2026-09-23.1,nuPlan,n/a,idm,safety,criticality_cheap,0.5,192,384,326.3421308746392,True,6.735948521410303e-06,0.0,0.052872343352075815,0.0016347060103411356,0.0,0.011849987756155015,0.03738806838301509,0.0,0.12133422696016476,-5.4432347874893866e-18,-2.1403643414773445e-17,0.0,-0.0016279700618197252,-0.011540131185037942,0.05047907891234421,0.03739480433153651,0.0,0.12789815989504122,-0.01869066621724684,-0.06037804887872635,0.026436171676037908,0.0008173530051705678,0.0,0.005924993878077507,0.018690666217246837,-0.026436171676037932,0.06037804887872634,-0.01950801922241741,-0.061793009146690954,0.025239539456172105
2026-09-23.1,nuPlan,n/a,idm,safety,trivial_ego_speed,0.1,38,384,326.3421308746392,True,0.0,0.0,0.03504821924090638,0.0,0.0,0.007413531884341939,0.0373948043315365,0.0,0.12486059399232409,-5.4432347874893866e-18,-2.1403643414773445e-17,0.0,0.0,-0.007413531884341939,0.03504821924090638,0.03739480433153651,0.0,0.12789815989504122,-0.0037005275119749667,-0.012419395689678443,0.031351490741149415,-0.00016176778227334153,-0.0008796035208179531,0.0066797936015148135,0.0037005275119749645,-0.03135149074114959,0.012419395689678458,-0.003538759729701625,-0.016391798407924502,0.031351490741149415
2026-09-23.1,nuPlan,n/a,idm,safety,trivial_ego_speed,0.2,77,384,326.3421308746392,True,0.0,0.0,0.10352055820841645,0.0016347060103411356,0.0,0.01157636479117064,0.0373948043315365,0.0,0.11471290117780503,-5.4432347874893866e-18,-2.1403643414773445e-17,0.0,-0.0016347060103411356,-0.011576364791170643,0.10225146924747584,0.03739480433153651,0.0,0.12789815989504122,-0.007498437326896644,-0.02298274874707964,0.0822910055515494,0.0013069133988925226,-0.0009611895066508033,0.009267655744901487,0.007498437326896642,-0.08229100555154939,0.022982748747079652,-0.008805350725789165,-0.02727197286119012,0.07993148151696725
2026-09-23.1,nuPlan,n/a,idm,safety,trivial_ego_speed,0.3,115,384,326.3421308746392,True,0.0,0.0,0.12079982407368013,0.0016347060103411356,0.0,0.01222846340878145,0.0373948043315365,0.0,0.09245770168828571,-5.4432347874893866e-18,-2.1403643414773445e-17,0.0,-0.0016347060103411356,-0.011819649501470401,0.11770413662915312,0.03739480433153651,0.0,0.12789815989504122,-0.01119896483887161,-0.02774027896017422,0.08345814036315786,0.0011451456166191808,-0.0004169352344345697,0.008301303531662191,0.011198964838871606,-0.08345814036315789,0.02774027896017422,-0.01234411045549079,-0.035336522290526556,0.08072785977530665
2026-09-23.1,nuPlan,n/a,idm,safety,trivial_ego_speed,0.5,192,384,326.3421308746392,True,0.037388068383015095,0.0,0.12652847332471118,0.0016347060103411356,0.0,0.013764689299406517,6.735948521407411e-06,-1.6432568908121276e-17,0.029001169761218415,-5.4432347874893866e-18,-2.1403643414773445e-17,0.0,0.03575336237267395,-0.00859361896881619,0.12483940978336569,0.03739480433153651,0.0,0.12789815989504122,0.018690666217246844,-0.014500584880609207,0.06326394875444656,0.0008173530051705678,0.0,0.0068823446497032585,-0.018690666217246844,-0.06326394875444658,0.014500584880609207,0.017873313212076268,-0.015862502882570774,0.06241941698377383
2026-09-23.1,nuPlan,n/a,idm,safety,gate_ridge,0.1,38,384,326.3421308746392,True,0.0,0.0,0.0,0.0,0.0,0.0,0.0373948043315365,0.0,0.12789815989504122,-5.4432347874893866e-18,-2.1403643414773445e-17,0.0,0.0,0.0,0.0,0.03739480433153651,0.0,0.12789815989504122,-0.0037005275119749667,-0.012803187968120149,0.0,-0.00016176778227334153,-0.0013732515633372668,0.0,0.0037005275119749645,0.0,0.012803187968120145,-0.003538759729701625,-0.012516318724790018,0.0005283790476179386
2026-09-23.1,nuPlan,n/a,idm,safety,gate_ridge,0.2,77,384,326.3421308746392,True,0.0,0.0,0.0,0.0,0.0,0.0,0.0373948043315365,0.0,0.12789815989504122,-5.4432347874893866e-18,-2.1403643414773445e-17,0.0,0.0,0.0,0.0,0.03739480433153651,0.0,0.12789815989504122,-0.007498437326896644,-0.025577883476383474,0.0,-0.00032779261144861313,-0.002753201933110994,0.0,0.007498437326896642,0.0,0.02557788347638345,-0.00717064471544803,-0.025018817576747416,0.0010576309111947014
2026-09-23.1,nuPlan,n/a,idm,safety,gate_ridge,0.3,115,384,326.3421308746392,True,0.0,0.0,2.6177765937559956e-05,0.0,0.0,0.0,0.0373948043315365,0.0,0.12789815989504122,-5.4432347874893866e-18,-2.1403643414773445e-17,0.0,0.0,0.0,2.6177765937559956e-05,0.03739480433153651,0.0,0.12789815989504122,-0.01119896483887161,-0.03836628275246368,0.0,-0.0004895603937219547,-0.004129142716592267,0.0,0.011198964838871606,0.0,0.038366282752463676,-0.010709404445149654,-0.03761366590308956,0.001606633793711315
2026-09-23.1,nuPlan,n/a,idm,safety,gate_ridge,0.5,192,384,326.3421308746392,True,6.735948521410303e-06,0.0,0.04823237844497621,0.0,0.0,0.0,0.03738806838301509,0.0,0.12589939884723375,-5.4432347874893866e-18,-2.1403643414773445e-17,0.0,6.735948521410303e-06,0.0,0.04823237844497621,0.03739480433153651,0.0,0.12789815989504122,-0.01869066621724684,-0.06294400768017504,0.022254227146114566,-0.0008173530051705678,-0.006882344649703261,0.0,0.018690666217246837,-0.022254227146114584,0.062944007680175,-0.01787331321207627,-0.0618381934960767,0.02337916786371803
2026-09-23.1,nuPlan,n/a,idm,safety,gate_gbm,0.1,38,384,326.3421308746392,True,0.0,0.0,0.08980899506555637,0.0,0.0,0.0,0.0373948043315365,0.0,0.12297656925151408,-5.4432347874893866e-18,-2.1403643414773445e-17,0.0,0.0,0.0,0.08980899506555637,0.03739480433153651,0.0,0.12789815989504122,-0.0037005275119749667,-0.012218837499201565,0.08082362668908233,-0.00016176778227334153,-0.0013732515633372668,0.0,0.0037005275119749645,-0.08082362668908231,0.012218837499201553,-0.003538759729701625,-0.012018861596095458,0.08086351840446465
2026-09-23.1,nuPlan,n/a,idm,safety,gate_gbm,0.2,77,384,326.3421308746392,True,0.0,0.0,0.11209418561950386,0.0,0.0,0.0,0.0373948043315365,0.0,0.09194771868379299,-5.4432347874893866e-18,-2.1403643414773445e-17,0.0,0.0,0.0,0.11209418561950386,0.03739480433153651,0.0,0.12789815989504122,-0.007498437326896644,-0.018405717465960644,0.08886182953821752,-0.00032779261144861313,-0.002753201933110994,0.0,0.007498437326896642,-0.08886182953821752,0.01840571746596065,-0.00717064471544803,-0.017232945000607586,0.08988893093944084
2026-09-23.1,nuPlan,n/a,idm,safety,gate_gbm,0.3,115,384,326.3421308746392,True,0.035239090855901774,0.0,0.11763808081981855,0.0,0.0,0.0,0.002155713475634726,0.0,0.036589086725773934,-5.4432347874893866e-18,-2.1403643414773445e-17,0.0,0.035239090855901774,0.0,0.11763808081981855,0.03739480433153651,0.0,0.12789815989504122,0.024040126017030164,-0.010976726017732181,0.08003052885778204,-0.0004895603937219547,-0.004129142716592267,0.0,-0.02404012601703017,-0.08003052885778204,0.01097672601773218,0.024529686410752122,-0.009646066969431271,0.08007018033193607
2026-09-23.1,nuPlan,n/a,idm,safety,gate_gbm,0.5,192,384,326.3421308746392,True,0.035239090855901774,0.0,0.1176654978316102,0.0,0.0,0.0,0.002155713475634726,0.0,0.018019507355255596,-5.4432347874893866e-18,-2.1403643414773445e-17,0.0,0.035239090855901774,0.0,0.1176654978316102,0.03739480433153651,0.0,0.12789815989504122,0.016541688690133522,-0.0074060946743500205,0.05552329055038376,-0.0008173530051705678,-0.005910089890405132,0.0,-0.016541688690133526,-0.05552329055038378,0.007406094674350011,0.01735904169530409,-0.004187754527551547,0.05796219246727445
2026-09-23.1,nuPlan,n/a,idm,safety,R1_mlp_reg,0.1,38,384,326.3421308746392,True,0.0,0.0,0.0,0.0,0.0,0.0,0.0373948043315365,0.0,0.12789815989504122,-5.4432347874893866e-18,-2.1403643414773445e-17,0.0,0.0,0.0,0.0,0.03739480433153651,0.0,0.12789815989504122,-0.0037005275119749667,-0.012803187968120149,0.0,-0.00016176778227334153,-0.0013732515633372668,0.0,0.0037005275119749645,0.0,0.012803187968120145,-0.003538759729701625,-0.012516318724790018,0.0005283790476179386
2026-09-23.1,nuPlan,n/a,idm,safety,R1_mlp_reg,0.2,77,384,326.3421308746392,True,0.0,0.0,0.0,0.0,0.0,0.0,0.0373948043315365,0.0,0.12789815989504122,-5.4432347874893866e-18,-2.1403643414773445e-17,0.0,0.0,0.0,0.0,0.03739480433153651,0.0,0.12789815989504122,-0.007498437326896644,-0.025577883476383474,0.0,-0.00032779261144861313,-0.002753201933110994,0.0,0.007498437326896642,0.0,0.02557788347638345,-0.00717064471544803,-0.025018817576747416,0.0010576309111947014
2026-09-23.1,nuPlan,n/a,idm,safety,R1_mlp_reg,0.3,115,384,326.3421308746392,True,0.0,0.0,0.0,0.0,0.0,0.0,0.0373948043315365,0.0,0.12789815989504122,-5.4432347874893866e-18,-2.1403643414773445e-17,0.0,0.0,0.0,0.0,0.03739480433153651,0.0,0.12789815989504122,-0.01119896483887161,-0.03836628275246368,0.0,-0.0004895603937219547,-0.004129142716592267,0.0,0.011198964838871606,0.0,0.038366282752463676,-0.010709404445149654,-0.03761366590308956,0.0015976214951354019
2026-09-23.1,nuPlan,n/a,idm,safety,R1_mlp_reg,0.5,192,384,326.3421308746392,True,0.0,0.0,0.0,0.0,0.0,0.0,0.0373948043315365,0.0,0.12789815989504122,-5.4432347874893866e-18,-2.1403643414773445e-17,0.0,0.0,0.0,0.0,0.03739480433153651,0.0,0.12789815989504122,-0.01869740216576825,-0.06394907994752062,0.0,-0.0008173530051705678,-0.006882344649703261,0.0,0.01869740216576825,0.0,0.06394907994752061,-0.017880049160597683,-0.06255027246861276,0.002660530903765388
2026-09-23.1,nuPlan,n/a,idm,safety,R1_mlp_clf,0.1,38,384,326.3421308746392,True,0.0037005275119749667,0.0,0.012803187968120147,0.00016176778227334153,0.0,0.0013732515633372668,0.03369427681956154,0.0,0.11510528128231746,-5.4432347874893866e-18,-2.1403643414773445e-17,0.0,0.003538759729701625,-0.0005283790476179387,0.012516318724790016,0.03739480433153651,0.0,0.12789815989504122,0.0,0.0,1.734723475976807e-18,0.0,0.0,0.0,0.0,0.0,0.0,0.0,0.0,1.734723475976807e-18
2026-09-23.1,nuPlan,n/a,idm,safety,R1_mlp_clf,0.2,77,384,326.3421308746392,True,0.007498437326896644,0.0,0.02557788347638347,0.00032779261144861313,0.0,0.0027532019331109932,0.02989636700463986,0.0,0.1023153626999843,-5.4432347874893866e-18,-2.1403643414773445e-17,0.0,0.00717064471544803,-0.0010576309111947017,0.025018817576747416,0.03739480433153651,0.0,0.12789815989504122,0.0,0.0,3.469446951953614e-18,0.0,0.0,0.0,0.0,-6.938893903907228e-18,0.0,0.0,-2.778268066994101e-20,3.469446951953614e-18
2026-09-23.1,nuPlan,n/a,idm,safety,R1_mlp_clf,0.3,115,384,326.3421308746392,True,0.01119896483887161,0.0,0.038366282752463676,0.0004895603937219547,0.0,0.004129142716592266,0.026195839492664897,0.0,0.08952739780593398,-5.4432347874893866e-18,-2.1403643414773445e-17,0.0,0.010709404445149654,-0.001597621495135402,0.03761366590308956,0.03739480433153651,0.0,0.12789815989504122,0.0,0.0,3.469446951953614e-18,0.0,0.0,0.0,0.0,-6.938893903907228e-18,0.0,0.0,-2.168404344971009e-19,6.938893903907228e-18
2026-09-23.1,nuPlan,n/a,idm,safety,R1_mlp_clf,0.5,192,384,326.3421308746392,True,0.01869740216576825,0.0,0.06394907994752061,0.0008173530051705678,0.0,0.0068823446497032585,0.01869740216576825,0.0,0.06394907994752061,-5.4432347874893866e-18,-2.1403643414773445e-17,0.0,0.017880049160597683,-0.002660530903765388,0.06255027246861275,0.03739480433153651,0.0,0.12789815989504122,0.0,0.0,6.938893903907228e-18,0.0,0.0,0.0,0.0,-6.938893903907228e-18,0.0,0.0,-4.336808689942018e-19,1.3877787807814457e-17
2026-09-23.1,nuPlan,n/a,idm,safety,R1_gbm_reg,0.1,38,384,326.3421308746392,True,0.0,0.0,0.0009247683704642008,0.0,0.0,0.0001345516010906241,0.0373948043315365,0.0,0.12786874204279944,-5.4432347874893866e-18,-2.1403643414773445e-17,0.0,0.0,-0.0001161809541430412,0.0008512779922480521,0.03739480433153651,0.0,0.12789815989504122,-0.0037005275119749667,-0.012403758460873056,0.0,-0.00016176778227334153,-0.001169333435744469,0.0,0.0037005275119749645,0.0,0.01240375846087305,-0.003538759729701625,-0.01217902986709153,0.0005278765111332305
2026-09-23.1,nuPlan,n/a,idm,safety,R1_gbm_reg,0.2,77,384,326.3421308746392,True,0.0040446030759174155,0.0,0.01644388072479184,0.0001875892143014418,0.0,0.0017031286921611304,0.03335020125561909,0.0,0.10969367275350018,-5.4432347874893866e-18,-2.1403643414773445e-17,0.0,0.0038570138616159733,-0.001595027450766635,0.015914296062343906,0.03739480433153651,0.0,0.12789815989504122,-0.003453834250979228,-0.011015653221259697,0.0,-0.00014020339714717134,-0.0009740630103270139,0.0,0.00345383425097923,0.0,0.011015653221259693,-0.003313630853832057,-0.010792787228716435,0.0004620527767302696
2026-09-23.1,nuPlan,n/a,idm,safety,R1_gbm_reg,0.3,115,384,326.3421308746392,True,0.009533707250376765,0.0,0.03498112502600668,0.00044217457656768426,0.0,0.0035979799822311825,0.02786109708115974,0.0,0.09165777845830625,-5.4432347874893866e-18,-2.1403643414773445e-17,0.0,0.00909153267380908,-0.0030618620037306025,0.0348518735918158,0.03739480433153651,0.0,0.12789815989504122,-0.0016652575884948447,-0.006488153475939226,0.0023442887471130753,-4.7385817154270405e-05,-0.000620598539581373,5.1057535031041006e-05,0.001665257588494843,-0.0023442887471130853,0.006488153475939208,-0.001617871771340573,-0.006311625457449636,0.002483721432436978
2026-09-23.1,nuPlan,n/a,idm,safety,R1_gbm_reg,0.5,192,384,326.3421308746392,True,0.020656365709149655,0.0,0.07443265898240162,0.0009580449158966491,0.0,0.0068567635449777115,0.016738438622386848,0.0,0.0553537671631712,-5.4432347874893866e-18,-2.1403643414773445e-17,0.0,0.01969832079325301,-0.0058934323001372585,0.07443265898240162,0.03739480433153651,0.0,0.12789815989504122,0.0019589635433814034,-0.0073804834742651,0.017164147676614668,0.00014069191072608133,-7.722184487422559e-05,0.0005324205349443038,-0.0019589635433814034,-0.017164147676614668,0.007380483474265088,0.0018182716326553272,-0.0073804834742651,0.017164147676614668
2026-09-23.1,nuPlan,n/a,idm,safety,R1_gbm_clf,0.1,38,384,326.3421308746392,True,0.0037005275119749667,0.0,0.012803187968120147,0.00016176778227334153,0.0,0.0013732515633372668,0.03369427681956154,0.0,0.11510528128231746,-5.4432347874893866e-18,-2.1403643414773445e-17,0.0,0.003538759729701625,-0.0005283790476179387,0.012516318724790016,0.03739480433153651,0.0,0.12789815989504122,0.0,0.0,1.734723475976807e-18,0.0,0.0,0.0,0.0,0.0,0.0,0.0,0.0,1.734723475976807e-18
2026-09-23.1,nuPlan,n/a,idm,safety,R1_gbm_clf,0.2,77,384,326.3421308746392,True,0.007498437326896644,0.0,0.02557788347638347,0.00032779261144861313,0.0,0.0027532019331109932,0.02989636700463986,0.0,0.1023153626999843,-5.4432347874893866e-18,-2.1403643414773445e-17,0.0,0.00717064471544803,-0.0010576309111947017,0.025018817576747416,0.03739480433153651,0.0,0.12789815989504122,0.0,0.0,3.469446951953614e-18,0.0,0.0,0.0,0.0,-6.938893903907228e-18,0.0,0.0,-2.778268066994101e-20,3.469446951953614e-18
2026-09-23.1,nuPlan,n/a,idm,safety,R1_gbm_clf,0.3,115,384,326.3421308746392,True,0.01119896483887161,0.0,0.038366282752463676,0.0004895603937219547,0.0,0.004129142716592266,0.026195839492664897,0.0,0.08952739780593398,-5.4432347874893866e-18,-2.1403643414773445e-17,0.0,0.010709404445149654,-0.001597621495135402,0.03761366590308956,0.03739480433153651,0.0,0.12789815989504122,0.0,0.0,3.469446951953614e-18,0.0,0.0,0.0,0.0,-6.938893903907228e-18,0.0,0.0,-2.168404344971009e-19,6.938893903907228e-18
2026-09-23.1,nuPlan,n/a,idm,safety,R1_gbm_clf,0.5,192,384,326.3421308746392,True,0.01869740216576825,0.0,0.06394907994752061,0.0008173530051705678,0.0,0.0068823446497032585,0.01869740216576825,0.0,0.06394907994752061,-5.4432347874893866e-18,-2.1403643414773445e-17,0.0,0.017880049160597683,-0.002660530903765388,0.06255027246861275,0.03739480433153651,0.0,0.12789815989504122,0.0,0.0,6.938893903907228e-18,0.0,0.0,0.0,0.0,-6.938893903907228e-18,0.0,0.0,-4.336808689942018e-19,1.3877787807814457e-17
2026-09-23.1,nuPlan,n/a,idm,scalar_J,random,0.1,38,384,391.74710064502096,True,0.0032708581768618604,0.0,0.009967312550950725,0.00024846209332859406,0.0,0.0015426277443254105,0.029782024452479048,0.0,0.09005445571404225,4.534447955008311e-18,-3.379848616476882e-17,1.8874473782729757e-17,0.0030223960835332664,-0.0007630018561864697,0.009756003362787077,0.033052882629340904,0.0,0.10018678505017478,,,,,,,,,,,,
2026-09-23.1,nuPlan,n/a,idm,scalar_J,random,0.2,77,384,391.74710064502096,True,0.006627791568904297,0.0,0.01997934516286223,0.0005034626627974143,0.0,0.003085255488650821,0.026425091060436612,0.0,0.0802062534556973,4.534447955008311e-18,-3.379848616476882e-17,1.8874473782729757e-17,0.006124328906106883,-0.0015287331306190399,0.019383642607412453,0.033052882629340904,0.0,0.10018678505017478,,,,,,,,,,,,
2026-09-23.1,nuPlan,n/a,idm,scalar_J,random,0.3,115,384,391.74710064502096,True,0.009898649745766158,0.0,0.030112860930609935,0.0007519247561260083,0.0,0.004627883232976231,0.023154232883574752,0.0,0.0700739241195648,4.534447955008311e-18,-3.379848616476882e-17,1.8874473782729757e-17,0.00914672498964015,-0.002293076391521407,0.02905884887216325,0.033052882629340904,0.0,0.10018678505017478,,,,,,,,,,,,
2026-09-23.1,nuPlan,n/a,idm,scalar_J,random,0.5,192,384,391.74710064502096,True,0.016526441314670456,0.0,0.05009339252508737,0.0012553874189234226,0.0,0.007713138721627053,0.016526441314670456,0.0,0.05009339252508737,4.534447955008311e-18,-3.379848616476882e-17,1.8874473782729757e-17,0.01527105389574703,-0.0038059401069434518,0.04836339911579212,0.033052882629340904,0.0,0.10018678505017478,,,,,,,,,,,,
2026-09-23.1,nuPlan,n/a,idm,scalar_J,criticality_cheap,0.1,38,384,391.74710064502096,True,0.00016913056590137389,0.0,0.0007599494054394367,0.0,0.0,0.0,0.032883752063439534,0.0,0.10017483228383792,4.534447955008311e-18,-3.379848616476882e-17,1.8874473782729757e-17,0.00016913056590137389,0.0,0.0006095904986916562,0.033052882629340904,0.0,0.10018678505017478,-0.0031017276109604865,-0.0097233533271952,0.0,-0.00024846209332859406,-0.0015426277443254105,0.0,0.0031017276109604856,0.0,0.009723353327195212,-0.0028532655176318924,-0.009544591240492149,0.0013162292818282534
2026-09-23.1,nuPlan,n/a,idm,scalar_J,criticality_cheap,0.2,77,384,391.74710064502096,True,0.0002683933787154956,0.0,0.0017736091583933507,0.0,0.0,0.006126733807452116,0.03278448925062541,0.0,0.09965096795785686,4.534447955008311e-18,-3.379848616476882e-17,1.8874473782729757e-17,0.0002683933787154956,-0.005715844849371542,0.0016898877338987898,0.033052882629340904,0.0,0.10018678505017478,-0.006359398190188801,-0.019444106807073938,0.0011489301628729068,-0.0005034626627974143,-0.003031700076009074,0.004898196038770311,0.0063593981901887975,-0.0011489301628729068,0.01944410680707394,-0.005855935527391387,-0.019631285811142332,0.002071080895393196
2026-09-23.1,nuPlan,n/a,idm,scalar_J,criticality_cheap,0.3,115,384,391.74710064502096,True,0.0011372131527261665,0.0,0.0018727793533628947,0.002510774837846845,0.0,0.011477270693784741,0.03191566947661474,0.0,0.09964297254169796,4.534447955008311e-18,-3.379848616476882e-17,1.8874473782729757e-17,-0.0013735616851206789,-0.011135318382041378,0.001820147409934902,0.033052882629340904,0.0,0.10018678505017478,-0.008761436593039991,-0.02930471423241082,0.0010040344373863574,0.0017588500817208369,-0.0033947446131375523,0.008026079325122434,0.00876143659303999,-0.0010040344373863576,0.02930471423241082,-0.010520286674760829,-0.030269592110876084,0.001488110369791404
2026-09-23.1,nuPlan,n/a,idm,scalar_J,criticality_cheap,0.5,192,384,391.74710064502096,True,0.0011372131527261665,0.0,0.044106782449291726,0.002510774837846845,0.0,0.015171135978327178,0.03191566947661474,0.0,0.0933900884216925,4.534447955008311e-18,-3.379848616476882e-17,1.8874473782729757e-17,-0.0013735616851206789,-0.01458759364770177,0.044106782449291726,0.033052882629340904,0.0,0.10018678505017478,-0.01538922816194429,-0.04627901930960349,0.022053391224645863,0.0012553874189234226,0.0,0.007585567989163589,0.015389228161944286,-0.022053391224645863,0.046279019309603486,-0.01664461558086771,-0.04863307746420035,0.022053391224645863
2026-09-23.1,nuPlan,n/a,idm,scalar_J,trivial_ego_speed,0.1,38,384,391.74710064502096,True,0.0,0.0,0.030718415495112804,0.0,0.0,0.010408355114460869,0.03305288262934091,0.0,0.09606169248495323,4.534447955008311e-18,-3.379848616476882e-17,1.8874473782729757e-17,0.0,-0.010408355114460869,0.030718415495112804,0.033052882629340904,0.0,0.10018678505017478,-0.0032708581768618604,-0.009413996849101708,0.027477791225636393,-0.00024846209332859406,-0.0011578093278597583,0.009367640116552084,0.0032708581768618634,-0.027477791225636528,0.0094139968491017,-0.0030223960835332664,-0.01483219579305025,0.027477791225636393
2026-09-23.1,nuPlan,n/a,idm,scalar_J,trivial_ego_speed,0.2,77,384,391.74710064502096,True,0.0,0.0,0.08254079424434804,0.002510774837846845,0.0,0.014975545967750527,0.03305288262934091,0.0,0.08590049827093314,4.534447955008311e-18,-3.379848616476882e-17,1.8874473782729757e-17,-0.002510774837846845,-0.014975545967750529,0.0795774173380303,0.033052882629340904,0.0,0.10018678505017478,-0.006627791568904297,-0.016887191991310266,0.0660217700853375,0.002007312175049431,-0.0012770251074136062,0.011988955328189645,0.0066277915689043,-0.0660217700853375,0.016887191991310266,-0.008635103743953728,-0.023330466328352947,0.0636015750616546
2026-09-23.1,nuPlan,n/a,idm,scalar_J,trivial_ego_speed,0.3,115,384,391.74710064502096,True,0.0010172129512917964,0.0,0.09617557758003344,0.002510774837846845,0.0,0.015171135978327178,0.03203566967804911,0.0,0.07286299748429263,4.534447955008311e-18,-3.379848616476882e-17,1.8874473782729757e-17,-0.0014935618865550486,-0.0151448332123887,0.09317836930087416,0.033052882629340904,0.0,0.10018678505017478,-0.00888143679447436,-0.021268209057918867,0.06701182434564854,0.0017588500817208369,-0.0006461302604990925,0.010619568117266089,0.00888143679447436,-0.06701182434564854,0.021268209057918864,-0.010640286876195199,-0.028991700159101658,0.06427509105933549
2026-09-23.1,nuPlan,n/a,idm,scalar_J,trivial_ego_speed,0.5,192,384,391.74710064502096,True,0.03304891685555846,0.0,0.0995585238328355,0.002510774837846845,0.0,0.015426277443254106,3.965773782444475e-06,-8.493550028154978e-18,0.022504860513587372,4.534447955008311e-18,-3.379848616476882e-17,1.8874473782729757e-17,0.030538142017711618,-0.011420424596365313,0.09665162974852984,0.033052882629340904,0.0,0.10018678505017478,0.016522475540888006,-0.011211061060019251,0.04977926191641775,0.0012553874189234226,0.0,0.007713138721627053,-0.01652247554088801,-0.04977926191641776,0.011211061060019251,0.015267088121964588,-0.01394267838972028,0.04832581487426492
2026-09-23.1,nuPlan,n/a,idm,scalar_J,gate_ridge,0.1,38,384,391.74710064502096,True,0.0,0.0,0.0036944632280993396,0.0,0.0,0.0,0.03305288262934091,0.0,0.10013548102053035,4.534447955008311e-18,-3.379848616476882e-17,1.8874473782729757e-17,0.0,0.0,0.0036944632280993396,0.033052882629340904,0.0,0.10018678505017478,-0.0032708581768618604,-0.009967312550950728,0.0030004405008502272,-0.00024846209332859406,-0.0015426277443254105,0.0,0.0032708581768618634,-0.0030004405008502307,0.009967312550950713,-0.0030223960835332664,-0.009756003362787077,0.0033826477780460784
2026-09-23.1,nuPlan,n/a,idm,scalar_J,gate_ridge,0.2,77,384,391.74710064502096,True,0.0018577978640144945,0.0,0.0058804637728651675,0.0,0.0,0.0,0.031195084765326415,0.0,0.09725074260344004,4.534447955008311e-18,-3.379848616476882e-17,1.8874473782729757e-17,0.0018577978640144945,0.0,0.0058804637728651675,0.033052882629340904,0.0,0.10018678505017478,-0.004769993704889803,-0.019089182480984297,0.003408370879090308,-0.0005034626627974143,-0.003085255488650821,0.0,0.004769993704889803,-0.0034083708790903122,0.01908918248098429,-0.004266531042092389,-0.018998283704250437,0.004973632849141278
2026-09-23.1,nuPlan,n/a,idm,scalar_J,gate_ridge,0.3,115,384,391.74710064502096,True,0.0018577978640144945,0.0,0.011230369192971029,0.0,0.0,0.0,0.031195084765326415,0.0,0.09655445202652384,4.534447955008311e-18,-3.379848616476882e-17,1.8874473782729757e-17,0.0018577978640144945,0.0,0.011230369192971029,0.033052882629340904,0.0,0.10018678505017478,-0.008040851881751663,-0.028235739666632412,0.0067072622465913796,-0.0007519247561260083,-0.004627883232976231,0.0,0.008040851881751663,-0.0067072622465913796,0.028235739666632412,-0.007288927125625655,-0.026151009882075082,0.008638637023847585
2026-09-23.1,nuPlan,n/a,idm,scalar_J,gate_ridge,0.5,192,384,391.74710064502096,True,0.0020760051054778323,0.0,0.06979437789862544,0.0,0.0,0.0,0.030976877523863074,0.0,0.09335774856746336,4.534447955008311e-18,-3.379848616476882e-17,1.8874473782729757e-17,0.0020760051054778323,0.0,0.06979437789862544,0.033052882629340904,0.0,0.10018678505017478,-0.014450436209192624,-0.044310130866430535,0.03462220551749017,-0.0012553874189234226,-0.007713138721627053,0.0,0.014450436209192619,-0.03462220551749018,0.04431013086643054,-0.013195048790269198,-0.042851557794970976,0.038185794727141266
2026-09-23.1,nuPlan,n/a,idm,scalar_J,gate_gbm,0.1,38,384,391.74710064502096,True,0.0,0.0,0.0,0.0,0.0,0.0,0.03305288262934091,0.0,0.10018678505017474,4.534447955008311e-18,-3.379848616476882e-17,1.8874473782729757e-17,0.0,0.0,0.0,0.033052882629340904,0.0,0.10018678505017478,-0.0032708581768618604,-0.009967312550950728,0.0,-0.00024846209332859406,-0.0015426277443254105,0.0,0.0032708581768618634,0.0,0.009967312550950713,-0.0030223960835332664,-0.009756003362787077,0.0007630018561864697
2026-09-23.1,nuPlan,n/a,idm,scalar_J,gate_gbm,0.2,77,384,391.74710064502096,True,0.0,0.0,0.0,0.0,0.0,0.0,0.03305288262934091,0.0,0.10018678505017474,4.534447955008311e-18,-3.379848616476882e-17,1.8874473782729757e-17,0.0,0.0,0.0,0.033052882629340904,0.0,0.10018678505017478,-0.006627791568904297,-0.019979345162862233,0.0,-0.0005034626627974143,-0.003085255488650821,0.0,0.0066277915689043,0.0,0.019979345162862237,-0.006124328906106883,-0.019383642607412457,0.0015287331306190397
2026-09-23.1,nuPlan,n/a,idm,scalar_J,gate_gbm,0.3,115,384,391.74710064502096,True,0.0,0.0,0.0010813353596040667,0.0,0.0,0.0,0.03305288262934091,0.0,0.10018678505017474,4.534447955008311e-18,-3.379848616476882e-17,1.8874473782729757e-17,0.0,0.0,0.0010813353596040667,0.033052882629340904,0.0,0.10018678505017478,-0.009898649745766158,-0.030112860930609935,0.0,-0.0007519247561260083,-0.004627883232976231,0.0,0.00989864974576616,0.0,0.03011286093060994,-0.00914672498964015,-0.029058848872163257,0.0023166253346697677
2026-09-23.1,nuPlan,n/a,idm,scalar_J,gate_gbm,0.5,192,384,391.74710064502096,True,0.0008688197740106708,0.0,0.0018057548232388425,0.0,0.0,0.0,0.03218406285533024,0.0,0.10018678505017474,4.534447955008311e-18,-3.379848616476882e-17,1.8874473782729757e-17,0.0008688197740106708,0.0,0.0018057548232388425,0.033052882629340904,0.0,0.10018678505017478,-0.015657621540659784,-0.05009339252508738,0.0006316208475064218,-0.0012553874189234226,-0.007713138721627053,0.0,0.01565762154065978,-0.0006316208475064218,0.05009339252508737,-0.014402234121736359,-0.048363399115792134,0.004967646591028237
2026-09-23.1,nuPlan,n/a,idm,scalar_J,R1_mlp_reg,0.1,38,384,391.74710064502096,True,0.0008688197740106708,0.0,0.0018473896470657947,0.0,0.0,0.0,0.03218406285533024,0.0,0.10018678505017474,4.534447955008311e-18,-3.379848616476882e-17,1.8874473782729757e-17,0.0008688197740106708,0.0,0.0018473896470657947,0.033052882629340904,0.0,0.10018678505017478,-0.0024020384028511895,-0.009967312550950728,0.0014754858576176513,-0.00024846209332859406,-0.0015426277443254105,0.0,0.0024020384028511886,-0.001475485857617651,0.009967312550950713,-0.0021535763095225954,-0.009756003362787077,0.0018433010410207067
2026-09-23.1,nuPlan,n/a,idm,scalar_J,R1_mlp_reg,0.2,77,384,391.74710064502096,True,0.0010172129512917964,0.0,0.0018566887567559756,0.0,0.0,0.0,0.03203566967804911,0.0,0.09971108834148304,4.534447955008311e-18,-3.379848616476882e-17,1.8874473782729757e-17,0.0010172129512917964,0.0,0.0018566887567559756,0.033052882629340904,0.0,0.10018678505017478,-0.005610578617612501,-0.01950455536822644,0.0012157804411486518,-0.0005034626627974143,-0.003085255488650821,0.0,0.005610578617612501,-0.001215780441148652,0.019504555368226435,-0.005107115954815087,-0.01890574940353737,0.0022840570519912624
2026-09-23.1,nuPlan,n/a,idm,scalar_J,R1_mlp_reg,0.3,115,384,391.74710064502096,True,0.0011332473789437243,0.0,0.0018649034038333218,0.0,0.0,0.0,0.031919635250397184,0.0,0.09965732440082237,4.534447955008311e-18,-3.379848616476882e-17,1.8874473782729757e-17,0.0011332473789437243,0.0,0.0018649034038333218,0.033052882629340904,0.0,0.10018678505017478,-0.008765402366822434,-0.029583400281257572,0.0010040344373863574,-0.0007519247561260083,-0.004627883232976231,0.0,0.008765402366822432,-0.0010040344373863576,0.02958340028125757,-0.008013477610696425,-0.02841700161788268,0.0032677759667139863
2026-09-23.1,nuPlan,n/a,idm,scalar_J,R1_mlp_reg,0.5,192,384,391.74710064502096,True,0.0011332473789437243,0.0,0.0018884739496726145,0.0,0.0,0.0,0.031919635250397184,0.0,0.0993391224846945,4.534447955008311e-18,-3.379848616476882e-17,1.8874473782729757e-17,0.0011332473789437243,0.0,0.0018884739496726145,0.033052882629340904,0.0,0.10018678505017478,-0.015393193935726732,-0.04924572995960713,0.0006654017760293734,-0.0012553874189234226,-0.007713138721627053,0.0,0.015393193935726728,-0.0006654017760293745,0.04924572995960712,-0.014137806516803306,-0.0475203048933884,0.004798504561308766
2026-09-23.1,nuPlan,n/a,idm,scalar_J,R1_mlp_clf,0.1,38,384,391.74710064502096,True,0.030972911750080635,0.0,0.09352499824948234,0.0,0.0,0.0,0.0020799708792602735,0.0,0.012419499555175267,4.534447955008311e-18,-3.379848616476882e-17,1.8874473782729757e-17,0.030972911750080635,0.0,0.09352499824948234,0.033052882629340904,0.0,0.10018678505017478,0.027702053573218775,-0.0011083821917952166,0.08409206602276305,-0.00024846209332859406,-0.0015426277443254105,0.0,-0.027702053573218775,-0.08409206602276305,0.0011083821917952155,0.027950515666547368,-0.000368033577124591,0.08486186056602686
2026-09-23.1,nuPlan,n/a,idm,scalar_J,R1_mlp_clf,0.2,77,384,391.74710064502096,True,0.030989683364918443,0.0,0.0935263245922155,0.0,0.0,0.0,0.0020631992644224674,0.0,0.012418939075249711,4.534447955008311e-18,-3.379848616476882e-17,1.8874473782729757e-17,0.030989683364918443,0.0,0.0935263245922155,0.033052882629340904,0.0,0.10018678505017478,0.024361891796014147,-0.002259394467890249,0.07466803513590338,-0.0005034626627974143,-0.003085255488650821,0.0,-0.024361891796014144,-0.0746680351359034,0.0022593944678902488,0.02486535445881156,-0.000736067154249182,0.07577539441962179
2026-09-23.1,nuPlan,n/a,idm,scalar_J,R1_mlp_clf,0.3,115,384,391.74710064502096,True,0.030989683364918443,0.0,0.0941358591379928,0.0,0.0,0.0,0.0020631992644224674,0.0,0.012418939075249711,4.534447955008311e-18,-3.379848616476882e-17,1.8874473782729757e-17,0.030989683364918443,0.0,0.0941358591379928,0.033052882629340904,0.0,0.10018678505017478,0.021091033619152287,-0.003367776659685466,0.06468407164258336,-0.0007519247561260083,-0.004627883232976231,0.0,-0.021091033619152284,-0.06468407164258337,0.0033677766596854645,0.021842958375278294,-0.00112708168804523,0.06587432265406513
2026-09-23.1,nuPlan,n/a,idm,scalar_J,R1_mlp_clf,0.5,192,384,391.74710064502096,True,0.031195084765326415,0.0,0.09415178918898433,0.0,0.0,0.0,0.0018577978640144954,-8.052311240369513e-18,0.012386430624461948,4.534447955008311e-18,-3.379848616476882e-17,1.8874473782729757e-17,0.031195084765326415,0.0,0.09415178918898433,0.033052882629340904,0.0,0.10018678505017478,0.014668643450655959,-0.005603198065395316,0.04501490426299592,-0.0012553874189234226,-0.007631561829885444,0.0,-0.01466864345065596,-0.04501490426299592,0.005603198065395315,0.015924030869579386,-0.002887863720680233,0.04673197328577382
2026-09-23.1,nuPlan,n/a,idm,scalar_J,R1_gbm_reg,0.1,38,384,391.74710064502096,True,0.0,0.0,0.0,0.0,0.0,0.0,0.03305288262934091,0.0,0.10018678505017474,4.534447955008311e-18,-3.379848616476882e-17,1.8874473782729757e-17,0.0,0.0,0.0,0.033052882629340904,0.0,0.10018678505017478,-0.0032708581768618604,-0.009967312550950728,0.0,-0.00024846209332859406,-0.0015426277443254105,0.0,0.0032708581768618634,0.0,0.009967312550950713,-0.0030223960835332664,-0.009756003362787077,0.0007630018561864697
2026-09-23.1,nuPlan,n/a,idm,scalar_J,R1_gbm_reg,0.2,77,384,391.74710064502096,True,0.0,0.0,0.0,0.0,0.0,0.0,0.03305288262934091,0.0,0.10018678505017474,4.534447955008311e-18,-3.379848616476882e-17,1.8874473782729757e-17,0.0,0.0,0.0,0.033052882629340904,0.0,0.10018678505017478,-0.006627791568904297,-0.019979345162862233,0.0,-0.0005034626627974143,-0.003085255488650821,0.0,0.0066277915689043,0.0,0.019979345162862237,-0.006124328906106883,-0.019383642607412457,0.0015287331306190397
2026-09-23.1,nuPlan,n/a,idm,scalar_J,R1_gbm_reg,0.3,115,384,391.74710064502096,True,0.0,0.0,5.2282633271920924e-05,0.0,0.0,0.00039196218662910663,0.03305288262934091,0.0,0.10018678505017474,4.534447955008311e-18,-3.379848616476882e-17,1.8874473782729757e-17,0.0,-0.00039196218662910663,0.0,0.033052882629340904,0.0,0.10018678505017478,-0.009898649745766158,-0.030112860930609935,0.0,-0.0007519247561260083,-0.0045877927328858426,0.0,0.00989864974576616,0.0,0.03011286093060994,-0.00914672498964015,-0.02929564519827484,0.0022930763915214067
2026-09-23.1,nuPlan,n/a,idm,scalar_J,R1_gbm_reg,0.5,192,384,391.74710064502096,True,0.00044089361666213144,0.0,0.0013669629310688652,0.001274124544578996,0.0,0.005043277682223738,0.032611989012678776,0.0,0.10018678505017474,4.534447955008311e-18,-3.379848616476882e-17,1.8874473782729757e-17,-0.0008332309279168646,-0.004861661195863198,0.001233186824132953,0.033052882629340904,0.0,0.10018678505017478,-0.016085547698008323,-0.05009339252508738,0.0,1.873712565557341e-05,-0.005697495647109192,0.0014783415491140576,0.01608554769800832,0.0,0.05009339252508737,-0.016104284823663894,-0.050462612864334414,0.003298498649620412
2026-09-23.1,nuPlan,n/a,idm,scalar_J,R1_gbm_clf,0.1,38,384,391.74710064502096,True,0.0,0.0,0.005947105143794205,0.0,0.0,0.0,0.03305288262934091,0.0,0.09922070633992307,4.534447955008311e-18,-3.379848616476882e-17,1.8874473782729757e-17,0.0,0.0,0.005947105143794205,0.033052882629340904,0.0,0.10018678505017478,-0.0032708581768618604,-0.009595986335494803,0.004476038589063017,-0.00024846209332859406,-0.0015426277443254105,0.0,0.0032708581768618634,-0.004476038589063017,0.00959598633549479,-0.0030223960835332664,-0.00919583117484568,0.005137961308311402
2026-09-23.1,nuPlan,n/a,idm,scalar_J,R1_gbm_clf,0.2,77,384,391.74710064502096,True,0.001957060676828616,0.0,0.016747748791318545,0.0,0.0,0.0,0.031095821952512294,0.0,0.09377068280960427,4.534447955008311e-18,-3.379848616476882e-17,1.8874473782729757e-17,0.001957060676828616,0.0,0.016747748791318545,0.033052882629340904,0.0,0.10018678505017478,-0.00467073089207568,-0.016400843972902573,0.012975402522963147,-0.0005034626627974143,-0.003085255488650821,0.0,0.004670730892075682,-0.012975402522963152,0.016400843972902562,-0.0041672682292782665,-0.015867930940033272,0.015606810280030548
2026-09-23.1,nuPlan,n/a,idm,scalar_J,R1_gbm_clf,0.3,115,384,391.74710064502096,True,0.0029742736281204124,0.0,0.08306537724913506,0.0,0.0,0.0,0.030078609001220495,0.0,0.08516111221838517,4.534447955008311e-18,-3.379848616476882e-17,1.8874473782729757e-17,0.0029742736281204124,0.0,0.08306537724913506,0.033052882629340904,0.0,0.10018678505017478,-0.006924376117645745,-0.02345269416759314,0.05792501496734263,-0.0007519247561260083,-0.004627883232976231,0.0,0.006924376117645743,-0.05792501496734264,0.023452694167593144,-0.006172451361519737,-0.022748474502547196,0.060221169319487046
2026-09-23.1,nuPlan,n/a,idm,scalar_J,R1_gbm_clf,0.5,192,384,391.74710064502096,True,0.03283070961409513,0.0,0.09948093238724379,0.0,0.0,0.0,0.0002221730152457783,0.0,0.0007011280110519238,4.534447955008311e-18,-3.379848616476882e-17,1.8874473782729757e-17,0.03283070961409513,0.0,0.09948093238724379,0.033052882629340904,0.0,0.10018678505017478,0.016304268299424673,0.0,0.049387539862156424,-0.0012553874189234226,-0.007713138721627053,0.0,-0.016304268299424676,-0.049387539862156424,0.0,0.017559655718348097,0.001031746424962058,0.05112258042644902
