registry_version,track,geometry,system,target,signal,unit,budget_level,budget_per_frame,cheap_cost,full_cost,headroom,n_frames,k_zero_overhead,gain_random,gain_zero_overhead,overheads_at_least_random,full_fidelity_feasible,gain_full_fidelity,overheads_at_least_full_fidelity,max_overhead_at_least_random,measured_overhead,measured_feasible,measured_capacity,measured_gain,measured_in_at_least_random,measured_in_at_least_full_fidelity,overhead_provenance,all_cheap_loss,measured_ndg,measured_minus_random,measured_minus_random_lo,measured_minus_random_hi,measured_matches_shipped
2026-09-23.1,nuScenes,oracle,brake,J,uncertainty,ms,0.1,14.645041501353262,12.709915251434722,19.351262499185395,1.9351262499185395,955,95,3.540244238045129,2.2708180957821487,none,False,35.58877102455893,not feasible (C_f > b),,0.29441049997558366,True,80.0,1.4708180957821488,False,,measured on nuScenes,246.6178238736764,0.030459411267058863,-0.07064854197323145,-0.16758868187453366,0.05369612904851518,True
2026-09-23.1,nuScenes,oracle,brake,J,uncertainty,ms,0.2,16.5801677512718,12.709915251434722,19.351262499185395,3.870252499837079,955,191,7.117754204911787,0.8173319606346463,none,False,35.58877102455893,not feasible (C_f > b),,0.29441049997558366,True,176.0,1.5473319606346463,False,,measured on nuScenes,246.6178238736764,0.03204394934410437,-0.11792520982570408,-0.42981124846066976,0.19064539086626178,True
2026-09-23.1,nuScenes,oracle,brake,J,uncertainty,ms,0.3,18.51529400119034,12.709915251434722,19.351262499185395,5.805378749755619,955,286,10.657998442956915,17.562871202515574,"[0, 0.314078]",False,35.58877102455893,not feasible (C_f > b),0.31407808246777513,0.29441049997558366,True,271.0,12.989359214372296,True,,measured on nuScenes,246.6178238736764,0.268998753510528,-0.04169120581567008,-0.4689220710504547,0.47998254535477114,True
2026-09-23.1,nuScenes,oracle,brake,J,uncertainty,ms,0.5,22.38554650102742,12.709915251434722,19.351262499185395,9.675631249592698,955,477,17.775752647868703,18.47351972814526,"[0, 0.577498]",True,35.58877102455893,none,0.5774984096818159,0.29441049997558366,True,462.0,18.47351972814526,True,False,measured on nuScenes,246.6178238736764,0.3825711259355117,0.02039586716344692,-0.38872308934395344,0.46355934441222807,True
2026-09-23.1,nuScenes,oracle,brake,J,uncertainty,mJ,0.1,67.8236625361018,54.55355389285198,132.70108643249824,13.270108643249827,955,95,3.540244238045129,2.2708180957821487,none,False,35.58877102455893,not feasible (C_f > b),,2.322374272157252,True,78.0,-1.029999456389135,False,,measured on nuScenes,246.6178238736764,-0.021330426336861295,-0.07190520833975274,-0.1633087574981044,0.05053990641599241,True
2026-09-23.1,nuScenes,oracle,brake,J,uncertainty,mJ,0.2,81.09377117935163,54.55355389285198,132.70108643249824,26.540217286499654,955,191,7.117754204911787,0.8173319606346463,none,False,35.58877102455893,not feasible (C_f > b),,2.322374272157252,True,174.0,1.5473319606346463,False,,measured on nuScenes,246.6178238736764,0.03204394934410437,-0.11764958081702336,-0.42981124846066976,0.17178120930509255,True
2026-09-23.1,nuScenes,oracle,brake,J,uncertainty,mJ,0.3,94.36387982260146,54.55355389285198,132.70108643249824,39.81032592974948,955,286,10.657998442956915,17.562871202515574,"[0, 2.15379]",False,35.58877102455893,not feasible (C_f > b),2.153787266844425,2.322374272157252,True,269.0,8.549359214372297,False,,measured on nuScenes,246.6178238736764,0.17705007106395815,-0.04558931200059285,-0.4689220710504547,0.47998254535477114,True
2026-09-23.1,nuScenes,oracle,brake,J,uncertainty,mJ,0.5,120.9040971091011,54.55355389285198,132.70108643249824,66.35054321624912,955,477,17.775752647868703,18.47351972814526,"[0, 3.96019]",False,35.58877102455893,not feasible (C_f > b),3.9601894905328834,2.322374272157252,True,460.0,18.47351972814526,True,,measured on nuScenes,246.6178238736764,0.3825711259355117,0.019983516464880696,-0.38872308934395344,0.46355934441222807,True
2026-09-23.1,nuScenes,oracle,brake,J,criticality_cheap,ms,0.1,14.645041501353262,12.709915251434722,19.351262499185395,1.9351262499185395,955,95,3.540244238045129,14.605146876484026,"[0, 1.24618]",False,35.58877102455893,not feasible (C_f > b),1.2461807787636157,1.4709314999947765,True,22.0,3.263137307950143,False,,measured on nuScenes,246.6178238736764,0.06757684146582489,0.030388218940006914,-0.14635981535802522,0.4143460212765016,True
2026-09-23.1,nuScenes,oracle,brake,J,criticality_cheap,ms,0.2,16.5801677512718,12.709915251434722,19.351262499185395,3.870252499837079,955,191,7.117754204911787,22.559239131798254,"[0, 3.18131]",False,35.58877102455893,not feasible (C_f > b),3.181307028682155,1.4709314999947765,True,118.0,14.605146876484026,True,,measured on nuScenes,246.6178238736764,0.30246036311516694,0.2324931950083018,-0.07996604365097577,0.6545938701048726,True
2026-09-23.1,nuScenes,oracle,brake,J,criticality_cheap,ms,0.3,18.51529400119034,12.709915251434722,19.351262499185395,5.805378749755619,955,286,10.657998442956915,23.599239131798257,"[0, 4.99485]",False,35.58877102455893,not feasible (C_f > b),4.994854666040368,1.4709314999947765,True,213.0,22.679239131798255,True,,measured on nuScenes,246.6178238736764,0.4696680533917879,0.27384345453332776,-0.11351715543456051,0.6851522512832482,True
2026-09-23.1,nuScenes,oracle,brake,J,criticality_cheap,ms,0.5,22.38554650102742,12.709915251434722,19.351262499185395,9.675631249592698,955,477,17.775752647868703,19.552871202515583,"[0, 7.10222]",True,35.58877102455893,none,7.1022172837527044,1.4709314999947765,True,404.0,19.552871202515583,True,False,measured on nuScenes,246.6178238736764,0.4049235912429697,0.08077663156608368,-0.33023495320031665,0.526784942964085,True
2026-09-23.1,nuScenes,oracle,brake,J,criticality_cheap,mJ,0.1,67.8236625361018,54.55355389285198,132.70108643249824,13.270108643249827,955,95,3.540244238045129,14.605146876484026,"[0, 8.54567]",False,35.58877102455893,not feasible (C_f > b),8.545672058357429,11.60302866907548,True,11.0,-1.0185524698224355,False,,measured on nuScenes,246.6178238736764,-0.0210933688294758,-0.058971051214631705,-0.15217817365128783,0.21339662223678157,True
2026-09-23.1,nuScenes,oracle,brake,J,criticality_cheap,mJ,0.2,81.09377117935163,54.55355389285198,132.70108643249824,26.540217286499654,955,191,7.117754204911787,22.559239131798254,"[0, 21.8158]",False,35.58877102455893,not feasible (C_f > b),21.815780701607256,11.60302866907548,True,107.0,14.605146876484026,True,,measured on nuScenes,246.6178238736764,0.30246036311516694,0.21806547978007912,-0.08590907768909539,0.6543672154074849,True
2026-09-23.1,nuScenes,oracle,brake,J,criticality_cheap,mJ,0.3,94.36387982260146,54.55355389285198,132.70108643249824,39.81032592974948,955,286,10.657998442956915,23.599239131798257,"[0, 34.2522]",False,35.58877102455893,not feasible (C_f > b),34.252165241616254,11.60302866907548,True,202.0,22.559239131798254,True,,measured on nuScenes,246.6178238736764,0.4671829538662049,0.2682875313331199,-0.11250110949029606,0.6701126928316933,True
2026-09-23.1,nuScenes,oracle,brake,J,criticality_cheap,mJ,0.5,120.9040971091011,54.55355389285198,132.70108643249824,66.35054321624912,955,477,17.775752647868703,19.552871202515583,"[0, 48.7034]",False,35.58877102455893,not feasible (C_f > b),48.70338303112391,11.60302866907548,True,393.0,19.502871202515582,True,,measured on nuScenes,246.6178238736764,0.40388813310731014,0.08506407512135343,-0.3263412575032705,0.5262985323627285,True
2026-09-23.1,nuScenes,oracle,brake,J,gate_ridge,ms,0.1,14.645041501353262,12.709915251434722,19.351262499185395,1.9351262499185395,955,95,3.540244238045129,8.00724800817145,"[0, 0.172236]; [1.83381, 1.91486]",False,35.58877102455893,not feasible (C_f > b),1.9148631478454148,3.925717499981829,False,,,False,,measured on nuScenes,246.6178238736764,,,,,True
2026-09-23.1,nuScenes,oracle,brake,J,gate_ridge,ms,0.2,16.5801677512718,12.709915251434722,19.351262499185395,3.870252499837079,955,191,7.117754204911787,12.019600694024522,"[0, 2.00605]",False,35.58877102455893,not feasible (C_f > b),2.00604710726566,3.925717499981829,False,,,False,,measured on nuScenes,246.6178238736764,,,,,True
2026-09-23.1,nuScenes,oracle,brake,J,gate_ridge,ms,0.3,18.51529400119034,12.709915251434722,19.351262499185395,5.805378749755619,955,286,10.657998442956915,22.442020631629095,"[0, 2.94828]",False,35.58877102455893,not feasible (C_f > b),2.9482813546081945,3.925717499981829,True,92.0,8.00724800817145,False,,measured on nuScenes,246.6178238736764,0.16582340188610034,-0.1375571646687825,-0.4771282142978158,0.24686030000040662,True
2026-09-23.1,nuScenes,oracle,brake,J,gate_ridge,ms,0.5,22.38554650102742,12.709915251434722,19.351262499185395,9.675631249592698,955,477,17.775752647868703,29.062940978467882,"[0, 5.23801]",True,35.58877102455893,none,5.238011891161022,3.925717499981829,True,283.0,22.442020631629095,True,False,measured on nuScenes,246.6178238736764,0.4647554568732055,0.0854800404927948,-0.383158958666983,0.5031406488012695,True
2026-09-23.1,nuScenes,oracle,brake,J,gate_ridge,mJ,0.1,67.8236625361018,54.55355389285198,132.70108643249824,13.270108643249827,955,95,3.540244238045129,8.00724800817145,"[0, 1.18111]; [12.5753, 13.1312]",False,35.58877102455893,not feasible (C_f > b),13.131154626181976,30.966916337805152,False,,,False,,measured on nuScenes,246.6178238736764,,,,,True
2026-09-23.1,nuScenes,oracle,brake,J,gate_ridge,mJ,0.2,81.09377117935163,54.55355389285198,132.70108643249824,26.540217286499654,955,191,7.117754204911787,12.019600694024522,"[0, 13.7564]",False,35.58877102455893,not feasible (C_f > b),13.7564477036126,30.966916337805152,False,,,False,,measured on nuScenes,246.6178238736764,,,,,True
2026-09-23.1,nuScenes,oracle,brake,J,gate_ridge,mJ,0.3,94.36387982260146,54.55355389285198,132.70108643249824,39.81032592974948,955,286,10.657998442956915,22.442020631629095,"[0, 20.2178]",False,35.58877102455893,not feasible (C_f > b),20.217809503729008,30.966916337805152,True,63.0,-0.8699999999999999,False,,measured on nuScenes,246.6178238736764,-0.018016971560476523,-0.21613742664102717,-0.49962543534613624,0.2087867640027619,True
2026-09-23.1,nuScenes,oracle,brake,J,gate_ridge,mJ,0.5,120.9040971091011,54.55355389285198,132.70108643249824,66.35054321624912,955,477,17.775752647868703,29.062940978467882,"[0, 35.9196]",False,35.58877102455893,not feasible (C_f > b),35.9196134480979,30.966916337805152,True,254.0,20.187824533661434,True,,measured on nuScenes,246.6178238736764,0.41807294309295207,0.0244990943969993,-0.4190099814285247,0.464310113160422,True
2026-09-23.1,nuScenes,oracle,brake,J,gate_gbm,ms,0.1,14.645041501353262,12.709915251434722,19.351262499185395,1.9351262499185395,955,95,3.540244238045129,4.331192016362597,"[0, 1.65144]",False,35.58877102455893,not feasible (C_f > b),1.6514428206313727,21.376582500010954,False,,,False,,measured on nuScenes,246.6178238736764,,,,,True
2026-09-23.1,nuScenes,oracle,brake,J,gate_gbm,ms,0.2,16.5801677512718,12.709915251434722,19.351262499185395,3.870252499837079,955,191,7.117754204911787,8.172473792427168,"[0, 0.26342]",False,35.58877102455893,not feasible (C_f > b),0.26342032723430453,21.376582500010954,False,,,False,,measured on nuScenes,246.6178238736764,,,,,True
2026-09-23.1,nuScenes,oracle,brake,J,gate_gbm,ms,0.3,18.51529400119034,12.709915251434722,19.351262499185395,5.805378749755619,955,286,10.657998442956915,16.14284252303338,"[0, 0.861182]",False,35.58877102455893,not feasible (C_f > b),0.8611818389892472,21.376582500010954,False,,,False,,measured on nuScenes,246.6178238736764,,,,,True
2026-09-23.1,nuScenes,oracle,brake,J,gate_gbm,ms,0.5,22.38554650102742,12.709915251434722,19.351262499185395,9.675631249592698,955,477,17.775752647868703,27.138328555039724,"[0, 3.81959]",True,35.58877102455893,none,3.8195947446238723,21.376582500010954,False,,,False,,measured on nuScenes,246.6178238736764,,,,,True
2026-09-23.1,nuScenes,oracle,brake,J,gate_gbm,mJ,0.1,67.8236625361018,54.55355389285198,132.70108643249824,13.270108643249827,955,95,3.540244238045129,4.331192016362597,"[0, 11.3248]",False,35.58877102455893,not feasible (C_f > b),11.32475240249352,168.62314770970988,False,,,False,,measured on nuScenes,246.6178238736764,,,,,True
2026-09-23.1,nuScenes,oracle,brake,J,gate_gbm,mJ,0.2,81.09377117935163,54.55355389285198,132.70108643249824,26.540217286499654,955,191,7.117754204911787,8.172473792427168,"[0, 1.8064]",False,35.58877102455893,not feasible (C_f > b),1.806402223827419,168.62314770970988,False,,,False,,measured on nuScenes,246.6178238736764,,,,,True
2026-09-23.1,nuScenes,oracle,brake,J,gate_gbm,mJ,0.3,94.36387982260146,54.55355389285198,132.70108643249824,39.81032592974948,955,286,10.657998442956915,16.14284252303338,"[0, 5.90555]",False,35.58877102455893,not feasible (C_f > b),5.905545731428148,168.62314770970988,False,,,False,,measured on nuScenes,246.6178238736764,,,,,True
2026-09-23.1,nuScenes,oracle,brake,J,gate_gbm,mJ,0.5,120.9040971091011,54.55355389285198,132.70108643249824,66.35054321624912,955,477,17.775752647868703,27.138328555039724,"[0, 26.1928]",False,35.58877102455893,not feasible (C_f > b),26.192832243621588,168.62314770970988,False,,,False,,measured on nuScenes,246.6178238736764,,,,,True
2026-09-23.1,nuScenes,oracle,brake,J,gate_gbm_batched,ms,0.1,14.645041501353262,12.709915251434722,19.351262499185395,1.9351262499185395,955,95,3.540244238045129,4.331192016362597,"[0, 1.65144]",False,35.58877102455893,not feasible (C_f > b),1.6514428206313727,3.5357949274881264,False,,,False,,measured on nuScenes,246.6178238736764,,,,,True
2026-09-23.1,nuScenes,oracle,brake,J,gate_gbm_batched,ms,0.2,16.5801677512718,12.709915251434722,19.351262499185395,3.870252499837079,955,191,7.117754204911787,8.172473792427168,"[0, 0.26342]",False,35.58877102455893,not feasible (C_f > b),0.26342032723430453,3.5357949274881264,True,16.0,4.32,False,,measured on nuScenes,246.6178238736764,0.08946358292098688,-0.07521945758057837,-0.42337733547236045,0.2994856048434464,True
2026-09-23.1,nuScenes,oracle,brake,J,gate_gbm_batched,ms,0.3,18.51529400119034,12.709915251434722,19.351262499185395,5.805378749755619,955,286,10.657998442956915,16.14284252303338,"[0, 0.861182]",False,35.58877102455893,not feasible (C_f > b),0.8611818389892472,3.5357949274881264,True,112.0,4.451192016362597,False,,measured on nuScenes,246.6178238736764,0.09218045973451158,-0.11191690464147949,-0.42750877348305805,0.2688474726812894,True
2026-09-23.1,nuScenes,oracle,brake,J,gate_gbm_batched,ms,0.5,22.38554650102742,12.709915251434722,19.351262499185395,9.675631249592698,955,477,17.775752647868703,27.138328555039724,"[0, 3.81959]",True,35.58877102455893,none,3.8195947446238723,3.5357949274881264,True,303.0,18.6801748475819,True,False,measured on nuScenes,246.6178238736764,0.38685078042943905,0.022631007549928164,-0.2742991337289763,0.3464173121083091,True
2026-09-23.1,nuScenes,oracle,brake,J,gate_gbm_batched,mJ,0.1,67.8236625361018,54.55355389285198,132.70108643249824,13.270108643249827,955,95,3.540244238045129,4.331192016362597,"[0, 11.3248]",False,35.58877102455893,not feasible (C_f > b),11.32475240249352,27.891121994302306,False,,,False,,measured on nuScenes,246.6178238736764,,,,,True
2026-09-23.1,nuScenes,oracle,brake,J,gate_gbm_batched,mJ,0.2,81.09377117935163,54.55355389285198,132.70108643249824,26.540217286499654,955,191,7.117754204911787,8.172473792427168,"[0, 1.8064]",False,35.58877102455893,not feasible (C_f > b),1.806402223827419,27.891121994302306,False,,,False,,measured on nuScenes,246.6178238736764,,,,,True
2026-09-23.1,nuScenes,oracle,brake,J,gate_gbm_batched,mJ,0.3,94.36387982260146,54.55355389285198,132.70108643249824,39.81032592974948,955,286,10.657998442956915,16.14284252303338,"[0, 5.90555]",False,35.58877102455893,not feasible (C_f > b),5.905545731428148,27.891121994302306,True,85.0,4.331192016362597,False,,measured on nuScenes,246.6178238736764,0.08969536020892861,-0.11367868480921524,-0.4268651020385762,0.2629425941389821,True
2026-09-23.1,nuScenes,oracle,brake,J,gate_gbm_batched,mJ,0.5,120.9040971091011,54.55355389285198,132.70108643249824,66.35054321624912,955,477,17.775752647868703,27.138328555039724,"[0, 26.1928]",False,35.58877102455893,not feasible (C_f > b),26.192832243621588,27.891121994302306,True,276.0,16.14284252303338,False,,measured on nuScenes,246.6178238736764,0.33430475246292357,-0.010736297065795888,-0.38876547991015165,0.36519741743104633,True
2026-09-23.1,nuScenes,oracle,brake,J,R1_mlp_reg,ms,0.1,14.645041501353262,12.709915251434722,19.351262499185395,1.9351262499185395,955,95,3.540244238045129,5.9127425572094845,"[0, 0.192499]",False,35.58877102455893,not feasible (C_f > b),0.19249946990744782,0.6491920000541995,True,63.0,1.2892305690662074,False,,measured on nuScenes,246.6178238736764,0.02669888562961244,-0.029378167810008248,-0.08795573873271424,0.11718224052989759,True
2026-09-23.1,nuScenes,oracle,brake,J,R1_mlp_reg,ms,0.2,16.5801677512718,12.709915251434722,19.351262499185395,3.870252499837079,955,191,7.117754204911787,16.196354511176658,"[0, 1.29684]",False,35.58877102455893,not feasible (C_f > b),1.2968385339970854,0.6491920000541995,True,158.0,13.892158413208996,True,,measured on nuScenes,246.6178238736764,0.28769496901657604,0.1476611222357201,-0.08817752176091548,0.34056972298316074,True
2026-09-23.1,nuScenes,oracle,brake,J,R1_mlp_reg,ms,0.3,18.51529400119034,12.709915251434722,19.351262499185395,5.805378749755619,955,286,10.657998442956915,19.547172063347944,"[0, 3.23196]",False,35.58877102455893,not feasible (C_f > b),3.231964783915625,0.6491920000541995,True,254.0,19.497172063347943,True,,measured on nuScenes,246.6178238736764,0.4037701087069624,0.1909042722292866,-0.024344353431632486,0.4546149257449033,True
2026-09-23.1,nuScenes,oracle,brake,J,R1_mlp_reg,ms,0.5,22.38554650102742,12.709915251434722,19.351262499185395,9.675631249592698,955,477,17.775752647868703,24.198504483614833,"[0, 5.21775]",True,35.58877102455893,none,5.217748789067635,0.6491920000541995,True,445.0,20.87328326751858,True,False,measured on nuScenes,246.6178238736764,0.43226821954557787,0.09863262793138523,-0.134314372330741,0.44547892705873965,True
2026-09-23.1,nuScenes,oracle,brake,J,R1_mlp_reg,mJ,0.1,67.8236625361018,54.55355389285198,132.70108643249824,13.270108643249827,955,95,3.540244238045129,5.9127425572094845,"[0, 1.32006]",False,35.58877102455893,not feasible (C_f > b),1.320063163603601,6.480242972520074,True,48.0,1.2692305690662076,False,,measured on nuScenes,246.6178238736764,0.026284702375348617,-0.03700276261059727,-0.09027495662475134,0.0828096576180928,True
2026-09-23.1,nuScenes,oracle,brake,J,R1_mlp_reg,mJ,0.2,81.09377117935163,54.55355389285198,132.70108643249824,26.540217286499654,955,191,7.117754204911787,16.196354511176658,"[0, 8.89306]",False,35.58877102455893,not feasible (C_f > b),8.893057101374445,6.480242972520074,True,144.0,13.892158413208996,True,,measured on nuScenes,246.6178238736764,0.28769496901657604,0.12086894208619595,-0.13422207697879457,0.32220633004183596,True
2026-09-23.1,nuScenes,oracle,brake,J,R1_mlp_reg,mJ,0.3,94.36387982260146,54.55355389285198,132.70108643249824,39.81032592974948,955,286,10.657998442956915,19.547172063347944,"[0, 22.1632]",False,35.58877102455893,not feasible (C_f > b),22.163165744624273,6.480242972520074,True,239.0,19.497172063347943,True,,measured on nuScenes,246.6178238736764,0.4037701087069624,0.18353272344809732,-0.03207341393557564,0.4348681856159965,True
2026-09-23.1,nuScenes,oracle,brake,J,R1_mlp_reg,mJ,0.5,120.9040971091011,54.55355389285198,132.70108643249824,66.35054321624912,955,477,17.775752647868703,24.198504483614833,"[0, 35.7807]",False,35.58877102455893,not feasible (C_f > b),35.7806594308911,6.480242972520074,True,430.0,20.731199924214586,True,,measured on nuScenes,246.6178238736764,0.42932579247026126,0.09197025810546788,-0.14065718037291775,0.4419217306983199,True
2026-09-23.1,nuScenes,oracle,brake,J,R1_mlp_clf,ms,0.1,14.645041501353262,12.709915251434722,19.351262499185395,1.9351262499185395,955,95,3.540244238045129,1.3192305690662076,none,False,35.58877102455893,not feasible (C_f > b),,0.6491920000541995,True,63.0,-0.05,False,,measured on nuScenes,246.6178238736764,-0.0010354581356595703,-0.06046028211927066,-0.09504507026964547,0.02173595102148414,True
2026-09-23.1,nuScenes,oracle,brake,J,R1_mlp_clf,ms,0.2,16.5801677512718,12.709915251434722,19.351262499185395,3.870252499837079,955,191,7.117754204911787,9.458501942667834,"[0, 0.526841]; [0.58763, 1.45894]",False,35.58877102455893,not feasible (C_f > b),1.4589433507441885,0.6491920000541995,True,158.0,11.435916941187642,True,,measured on nuScenes,246.6178238736764,0.23682826470959706,0.037242409117441894,-0.25881959482436123,0.27694931319460114,True
2026-09-23.1,nuScenes,oracle,brake,J,R1_mlp_clf,ms,0.3,18.51529400119034,12.709915251434722,19.351262499185395,5.805378749755619,955,286,10.657998442956915,10.358363116926482,"[2.52276, 2.70512]",False,35.58877102455893,not feasible (C_f > b),2.7051241294875403,0.6491920000541995,True,254.0,10.05525198454462,False,,measured on nuScenes,246.6178238736764,0.20823584947007534,-0.011190093874109385,-0.33349097794941734,0.26080857728363177,True
2026-09-23.1,nuScenes,oracle,brake,J,R1_mlp_clf,ms,0.5,22.38554650102742,12.709915251434722,19.351262499185395,9.675631249592698,955,477,17.775752647868703,17.26525129641368,none,True,35.58877102455893,none,,0.6491920000541995,True,445.0,17.26525129641368,False,False,measured on nuScenes,246.6178238736764,0.3575488983815698,-0.0832596598232973,-0.4519030968128629,0.3343892154016334,True
2026-09-23.1,nuScenes,oracle,brake,J,R1_mlp_clf,mJ,0.1,67.8236625361018,54.55355389285198,132.70108643249824,13.270108643249827,955,95,3.540244238045129,1.3192305690662076,none,False,35.58877102455893,not feasible (C_f > b),,6.480242972520074,True,48.0,-0.05,False,,measured on nuScenes,246.6178238736764,-0.0010354581356595703,-0.06756696025315555,-0.09636317881479854,-0.006067996652550527,True
2026-09-23.1,nuScenes,oracle,brake,J,R1_mlp_clf,mJ,0.2,81.09377117935163,54.55355389285198,132.70108643249824,26.540217286499654,955,191,7.117754204911787,9.458501942667834,"[0, 3.6128]; [4.02967, 10.0047]",False,35.58877102455893,not feasible (C_f > b),10.004689239028881,6.480242972520074,True,144.0,9.868831263090732,True,,measured on nuScenes,246.6178238736764,0.20437523241637623,0.037420362879194244,-0.2039220679626445,0.27582958682834297,True
2026-09-23.1,nuScenes,oracle,brake,J,R1_mlp_clf,mJ,0.3,94.36387982260146,54.55355389285198,132.70108643249824,39.81032592974948,955,286,10.657998442956915,10.358363116926482,"[17.2998, 18.5504]",False,35.58877102455893,not feasible (C_f > b),18.550361297247353,6.480242972520074,True,239.0,9.913168641240624,False,,measured on nuScenes,246.6178238736764,0.20529342239475865,-0.01436988175699291,-0.3361199435057722,0.261225279004908,True
2026-09-23.1,nuScenes,oracle,brake,J,R1_mlp_clf,mJ,0.5,120.9040971091011,54.55355389285198,132.70108643249824,66.35054321624912,955,477,17.775752647868703,17.26525129641368,none,False,35.58877102455893,not feasible (C_f > b),,6.480242972520074,True,430.0,9.914113134873677,False,,measured on nuScenes,246.6178238736764,0.20531298206708712,-0.09613612238810232,-0.4519030968128629,0.3089042213321325,True
2026-09-23.1,nuScenes,oracle,brake,J,R1_gbm_reg,ms,0.1,14.645041501353262,12.709915251434722,19.351262499185395,1.9351262499185395,955,95,3.540244238045129,7.325833090729136,"[0, 1.10434]",False,35.58877102455893,not feasible (C_f > b),1.104339064109901,15.909292499998173,False,,,False,,measured on nuScenes,246.6178238736764,,,,,True
2026-09-23.1,nuScenes,oracle,brake,J,R1_gbm_reg,ms,0.2,16.5801677512718,12.709915251434722,19.351262499185395,3.870252499837079,955,191,7.117754204911787,19.047393660062003,"[0, 3.03947]",False,35.58877102455893,not feasible (C_f > b),3.0394653140284404,15.909292499998173,False,,,False,,measured on nuScenes,246.6178238736764,,,,,True
2026-09-23.1,nuScenes,oracle,brake,J,R1_gbm_reg,ms,0.3,18.51529400119034,12.709915251434722,19.351262499185395,5.805378749755619,955,286,10.657998442956915,24.50209766456788,"[0, 3.45486]",False,35.58877102455893,not feasible (C_f > b),3.454858906942891,15.909292499998173,False,,,False,,measured on nuScenes,246.6178238736764,,,,,True
2026-09-23.1,nuScenes,oracle,brake,J,R1_gbm_reg,ms,0.5,22.38554650102742,12.709915251434722,19.351262499185395,9.675631249592698,955,477,17.775752647868703,27.953228010785832,"[0, 6.00801]",True,35.58877102455893,none,6.00800977070976,15.909292499998173,False,,,False,,measured on nuScenes,246.6178238736764,,,,,True
2026-09-23.1,nuScenes,oracle,brake,J,R1_gbm_reg,mJ,0.1,67.8236625361018,54.55355389285198,132.70108643249824,13.270108643249827,955,95,3.540244238045129,7.325833090729136,"[0, 7.57299]",False,35.58877102455893,not feasible (C_f > b),7.572993937909799,158.80676427354655,False,,,False,,measured on nuScenes,246.6178238736764,,,,,True
2026-09-23.1,nuScenes,oracle,brake,J,R1_gbm_reg,mJ,0.2,81.09377117935163,54.55355389285198,132.70108643249824,26.540217286499654,955,191,7.117754204911787,19.047393660062003,"[0, 20.8431]",False,35.58877102455893,not feasible (C_f > b),20.843102581159627,158.80676427354655,False,,,False,,measured on nuScenes,246.6178238736764,,,,,True
2026-09-23.1,nuScenes,oracle,brake,J,R1_gbm_reg,mJ,0.3,94.36387982260146,54.55355389285198,132.70108643249824,39.81032592974948,955,286,10.657998442956915,24.50209766456788,"[0, 23.6917]",False,35.58877102455893,not feasible (C_f > b),23.69165993389912,158.80676427354655,False,,,False,,measured on nuScenes,246.6178238736764,,,,,True
2026-09-23.1,nuScenes,oracle,brake,J,R1_gbm_reg,mJ,0.5,120.9040971091011,54.55355389285198,132.70108643249824,66.35054321624912,955,477,17.775752647868703,27.953228010785832,"[0, 41.1999]",False,35.58877102455893,not feasible (C_f > b),41.199866101956474,158.80676427354655,False,,,False,,measured on nuScenes,246.6178238736764,,,,,True
2026-09-23.1,nuScenes,oracle,brake,J,R1_gbm_clf,ms,0.1,14.645041501353262,12.709915251434722,19.351262499185395,1.9351262499185395,955,95,3.540244238045129,4.503760287753211,"[0, 0.13171]",False,35.58877102455893,not feasible (C_f > b),0.13171016362728416,15.909292499998173,False,,,False,,measured on nuScenes,246.6178238736764,,,,,True
2026-09-23.1,nuScenes,oracle,brake,J,R1_gbm_clf,ms,0.2,16.5801677512718,12.709915251434722,19.351262499185395,3.870252499837079,955,191,7.117754204911787,11.924898449293217,"[0, 0.0607893]",False,35.58877102455893,not feasible (C_f > b),0.060789306300426116,15.909292499998173,False,,,False,,measured on nuScenes,246.6178238736764,,,,,True
2026-09-23.1,nuScenes,oracle,brake,J,R1_gbm_clf,ms,0.3,18.51529400119034,12.709915251434722,19.351262499185395,5.805378749755619,955,286,10.657998442956915,20.524499143317744,"[0, 1.99592]",False,35.58877102455893,not feasible (C_f > b),1.9959155562189657,15.909292499998173,False,,,False,,measured on nuScenes,246.6178238736764,,,,,True
2026-09-23.1,nuScenes,oracle,brake,J,R1_gbm_clf,ms,0.5,22.38554650102742,12.709915251434722,19.351262499185395,9.675631249592698,955,477,17.775752647868703,33.830911149959654,"[0, 5.37985]",True,35.58877102455893,none,5.379853605814737,15.909292499998173,False,,,False,,measured on nuScenes,246.6178238736764,,,,,True
2026-09-23.1,nuScenes,oracle,brake,J,R1_gbm_clf,mJ,0.1,67.8236625361018,54.55355389285198,132.70108643249824,13.270108643249827,955,95,3.540244238045129,4.503760287753211,"[0, 0.903201]",False,35.58877102455893,not feasible (C_f > b),0.9032011119831864,158.80676427354655,False,,,False,,measured on nuScenes,246.6178238736764,,,,,True
2026-09-23.1,nuScenes,oracle,brake,J,R1_gbm_clf,mJ,0.2,81.09377117935163,54.55355389285198,132.70108643249824,26.540217286499654,955,191,7.117754204911787,11.924898449293217,"[0, 0.416862]",False,35.58877102455893,not feasible (C_f > b),0.4168620517593702,158.80676427354655,False,,,False,,measured on nuScenes,246.6178238736764,,,,,True
2026-09-23.1,nuScenes,oracle,brake,J,R1_gbm_clf,mJ,0.3,94.36387982260146,54.55355389285198,132.70108643249824,39.81032592974948,955,286,10.657998442956915,20.524499143317744,"[0, 13.687]",False,35.58877102455893,not feasible (C_f > b),13.686970695009197,158.80676427354655,False,,,False,,measured on nuScenes,246.6178238736764,,,,,True
2026-09-23.1,nuScenes,oracle,brake,J,R1_gbm_clf,mJ,0.5,120.9040971091011,54.55355389285198,132.70108643249824,66.35054321624912,955,477,17.775752647868703,33.830911149959654,"[0, 36.8923]",False,35.58877102455893,not feasible (C_f > b),36.89229156854553,158.80676427354655,False,,,False,,measured on nuScenes,246.6178238736764,,,,,True
2026-09-23.1,nuScenes,oracle,brake,J,R2_cnn_clf,ms,0.1,14.645041501353262,12.709915251434722,19.351262499185395,1.9351262499185395,955,95,3.540244238045129,-5.188807983637403,none,False,35.58877102455893,not feasible (C_f > b),,9.765887999975575,False,,,False,,measured on nuScenes,246.6178238736764,,,,,True
2026-09-23.1,nuScenes,oracle,brake,J,R2_cnn_clf,ms,0.2,16.5801677512718,12.709915251434722,19.351262499185395,3.870252499837079,955,191,7.117754204911787,-4.668159458007718,none,False,35.58877102455893,not feasible (C_f > b),,9.765887999975575,False,,,False,,measured on nuScenes,246.6178238736764,,,,,True
2026-09-23.1,nuScenes,oracle,brake,J,R2_cnn_clf,ms,0.3,18.51529400119034,12.709915251434722,19.351262499185395,5.805378749755619,955,286,10.657998442956915,-4.668159458007718,none,False,35.58877102455893,not feasible (C_f > b),,9.765887999975575,False,,,False,,measured on nuScenes,246.6178238736764,,,,,True
2026-09-23.1,nuScenes,oracle,brake,J,R2_cnn_clf,ms,0.5,22.38554650102742,12.709915251434722,19.351262499185395,9.675631249592698,955,477,17.775752647868703,12.786970116820017,none,True,35.58877102455893,none,,9.765887999975575,False,,,False,,measured on nuScenes,246.6178238736764,,,,,True
2026-09-23.1,nuScenes,oracle,brake,J,R2_cnn_clf,mJ,0.1,67.8236625361018,54.55355389285198,132.70108643249824,13.270108643249827,955,95,3.540244238045129,-5.188807983637403,none,False,35.58877102455893,not feasible (C_f > b),,26.134822283795316,False,,,False,,measured on nuScenes,246.6178238736764,,,,,True
2026-09-23.1,nuScenes,oracle,brake,J,R2_cnn_clf,mJ,0.2,81.09377117935163,54.55355389285198,132.70108643249824,26.540217286499654,955,191,7.117754204911787,-4.668159458007718,none,False,35.58877102455893,not feasible (C_f > b),,26.134822283795316,True,2.0,0.0,False,,measured on nuScenes,246.6178238736764,0.0,-0.13380408762050772,-0.19023919702434622,-0.006745466864867995,True
2026-09-23.1,nuScenes,oracle,brake,J,R2_cnn_clf,mJ,0.3,94.36387982260146,54.55355389285198,132.70108643249824,39.81032592974948,955,286,10.657998442956915,-4.668159458007718,none,False,35.58877102455893,not feasible (C_f > b),,26.134822283795316,True,98.0,-4.448159458007718,False,,measured on nuScenes,246.6178238736764,-0.09211765799010314,-0.31740862344652054,-0.5302793469835156,-0.15101670347355634,True
2026-09-23.1,nuScenes,oracle,brake,J,R2_cnn_clf,mJ,0.5,120.9040971091011,54.55355389285198,132.70108643249824,66.35054321624912,955,477,17.775752647868703,12.786970116820017,none,False,35.58877102455893,not feasible (C_f > b),,26.134822283795316,True,289.0,-0.33646968023513946,False,,measured on nuScenes,246.6178238736764,-0.006968005356044986,-0.3781124943548602,-0.6108497003148502,-0.03661390684128844,True
2026-09-23.1,nuScenes,oracle,plan_ade,JC_ade,uncertainty,ms,0.1,14.645041501353262,12.709915251434722,19.351262499185395,1.9351262499185395,752,75,-0.2519367052549455,-6.806709618110401,"[1.49766, 1.70353]; [1.80646, 1.93513]",False,-2.526085364689587,not feasible (C_f > b),1.9351262499185395,0.29441049997558366,True,63.0,-4.781388860701562,False,,measured on nuScenes,3015.1530604685695,-0.06189605102243593,-0.05297633215705716,-0.2163621851677128,0.06864214321342987,True
2026-09-23.1,nuScenes,oracle,plan_ade,JC_ade,uncertainty,ms,0.2,16.5801677512718,12.709915251434722,19.351262499185395,3.870252499837079,752,150,-0.503873410509891,-10.13117536505926,"[0.0102932, 0.113225]; [0.473488, 0.499221]; [0.524954, 0.550688]; [3.40706, 3.71585]; [3.74159, 3.87025]",False,-2.526085364689587,not feasible (C_f > b),3.870252499837079,0.29441049997558366,True,138.0,-1.651146980905394,False,,measured on nuScenes,3015.1530604685695,-0.019058730670200308,-0.07557958655134166,-0.3438640906067845,0.10982040359192351,True
2026-09-23.1,nuScenes,oracle,plan_ade,JC_ade,uncertainty,ms,0.3,18.51529400119034,12.709915251434722,19.351262499185395,5.805378749755619,752,225,-0.7558101157648366,-17.421835712160032,"[1.94542, 2.07408]; [2.40861, 2.48581]; [4.41579, 4.44153]; [5.34218, 5.80538]",False,-2.526085364689587,not feasible (C_f > b),5.805378749755619,0.29441049997558366,True,214.0,-14.245117063534359,False,,measured on nuScenes,3015.1530604685695,-0.16442742688510048,-0.148329674573074,-0.44697958948183486,0.12787568410847075,True
2026-09-23.1,nuScenes,oracle,plan_ade,JC_ade,uncertainty,ms,0.5,22.38554650102742,12.709915251434722,19.351262499185395,9.675631249592698,752,376,-1.2630426823447936,-7.674945077023561,"[5.81567, 5.94434]; [6.27887, 6.35607]; [8.23458, 8.31178]; [9.21244, 9.67563]",True,-2.526085364689587,"[5.81567, 6.17593]; [6.27887, 6.35607]; [6.48473, 6.63913]; [8.15738, 8.38898]; [8.46618, 8.49191]; [8.51764, 8.82644]; [9.1095, 9.67563]",9.675631249592698,0.29441049997558366,True,364.0,-8.970935123592517,False,False,measured on nuScenes,3015.1530604685695,-0.10354901069233537,-0.09692855034944745,-0.4541697617903351,0.20206017630622022,True
2026-09-23.1,nuScenes,oracle,plan_ade,JC_ade,uncertainty,mJ,0.1,67.8236625361018,54.55355389285198,132.70108643249824,13.270108643249827,752,75,-0.2519367052549455,-6.806709618110401,"[10.2702, 11.6819]; [12.3878, 13.2701]",False,-2.526085364689587,not feasible (C_f > b),13.270108643249827,2.322374272157252,True,62.0,-5.022517141212688,False,,measured on nuScenes,3015.1530604685695,-0.06501750564331757,-0.051010233247093854,-0.22361678433156165,0.06907990679266678,True
2026-09-23.1,nuScenes,oracle,plan_ade,JC_ade,uncertainty,mJ,0.2,81.09377117935163,54.55355389285198,132.70108643249824,26.540217286499654,752,150,-0.503873410509891,-10.13117536505926,"[0.0705857, 0.776443]; [3.24694, 3.42341]; [3.59987, 3.77633]; [23.3639, 25.4814]; [25.6579, 26.5402]",False,-2.526085364689587,not feasible (C_f > b),26.540217286499654,2.322374272157252,True,137.0,-1.5537423729313757,False,,measured on nuScenes,3015.1530604685695,-0.017934416353618202,-0.07384718245453567,-0.3349940321764586,0.11009927195926635,True
2026-09-23.1,nuScenes,oracle,plan_ade,JC_ade,uncertainty,mJ,0.3,94.36387982260146,54.55355389285198,132.70108643249824,39.81032592974948,752,225,-0.7558101157648366,-17.421835712160032,"[13.3407, 14.223]; [16.5171, 17.0464]; [30.2813, 30.4577]; [36.634, 39.8103]",False,-2.526085364689587,not feasible (C_f > b),39.81032592974948,2.322374272157252,True,212.0,-14.245117063534359,False,,measured on nuScenes,3015.1530604685695,-0.16442742688510048,-0.14759361554911976,-0.44125155604509964,0.12789014740114704,True
2026-09-23.1,nuScenes,oracle,plan_ade,JC_ade,uncertainty,mJ,0.5,120.9040971091011,54.55355389285198,132.70108643249824,66.35054321624912,752,376,-1.2630426823447936,-7.674945077023561,"[39.8809, 40.7632]; [43.0573, 43.5867]; [56.4685, 56.9979]; [63.1742, 66.3505]",False,-2.526085364689587,not feasible (C_f > b),66.35054321624912,2.322374272157252,True,362.0,-8.970935123592517,False,,measured on nuScenes,3015.1530604685695,-0.10354901069233537,-0.09720061282477423,-0.45481484197510286,0.20529285509859355,True
2026-09-23.1,nuScenes,oracle,plan_ade,JC_ade,criticality_cheap,ms,0.1,14.645041501353262,12.709915251434722,19.351262499185395,1.9351262499185395,752,75,-0.2519367052549455,-15.393622513049936,"[1.34327, 1.93513]",False,-2.526085364689587,not feasible (C_f > b),1.9351262499185395,1.4709314999947765,True,18.0,1.3546999145934508,True,,measured on nuScenes,3015.1530604685695,0.017536865851455266,0.010355485639549486,-0.1368979657419291,0.1030644218342462,True
2026-09-23.1,nuScenes,oracle,plan_ade,JC_ade,criticality_cheap,ms,0.2,16.5801677512718,12.709915251434722,19.351262499185395,3.870252499837079,752,150,-0.503873410509891,-23.579383246491254,"[3.27839, 3.87025]",False,-2.526085364689587,not feasible (C_f > b),3.870252499837079,1.4709314999947765,True,93.0,-19.633665043863864,False,,measured on nuScenes,3015.1530604685695,-0.226625938494429,-0.21119037852057782,-0.43102833812587726,-0.0053938903411647286,True
2026-09-23.1,nuScenes,oracle,plan_ade,JC_ade,criticality_cheap,ms,0.3,18.51529400119034,12.709915251434722,19.351262499185395,5.805378749755619,752,225,-0.7558101157648366,-27.823066102482056,"[5.21352, 5.80538]",False,-2.526085364689587,not feasible (C_f > b),5.805378749755619,1.4709314999947765,True,168.0,-24.654865440879934,False,,measured on nuScenes,3015.1530604685695,-0.28458425905251583,-0.26893651676735303,-0.5517266015238533,-0.022067558717005498,True
2026-09-23.1,nuScenes,oracle,plan_ade,JC_ade,criticality_cheap,ms,0.5,22.38554650102742,12.709915251434722,19.351262499185395,9.675631249592698,752,376,-1.2630426823447936,-17.977412243844782,"[9.08377, 9.67563]",True,-2.526085364689587,"[9.08377, 9.67563]",9.675631249592698,1.4709314999947765,True,318.0,-18.704540143199345,False,False,measured on nuScenes,3015.1530604685695,-0.21590130801299742,-0.19714545990727222,-0.5211942376802279,0.10873263878795063,True
2026-09-23.1,nuScenes,oracle,plan_ade,JC_ade,criticality_cheap,mJ,0.1,67.8236625361018,54.55355389285198,132.70108643249824,13.270108643249827,752,75,-0.2519367052549455,-15.393622513049936,"[9.21143, 13.2701]",False,-2.526085364689587,not feasible (C_f > b),13.270108643249827,11.60302866907548,True,9.0,-0.15032887290885621,True,,measured on nuScenes,3015.1530604685695,-0.00194603782683063,0.01900453966608976,-0.0382141631089394,0.08984800590532563,True
2026-09-23.1,nuScenes,oracle,plan_ade,JC_ade,criticality_cheap,mJ,0.2,81.09377117935163,54.55355389285198,132.70108643249824,26.540217286499654,752,150,-0.503873410509891,-23.579383246491254,"[22.4815, 26.5402]",False,-2.526085364689587,not feasible (C_f > b),26.540217286499654,11.60302866907548,True,84.0,-15.512318356092914,False,,measured on nuScenes,3015.1530604685695,-0.1790543791910424,-0.19662569645366762,-0.42117509010346144,0.003427788004196184,True
2026-09-23.1,nuScenes,oracle,plan_ade,JC_ade,criticality_cheap,mJ,0.3,94.36387982260146,54.55355389285198,132.70108643249824,39.81032592974948,752,225,-0.7558101157648366,-27.823066102482056,"[35.7516, 39.8103]",False,-2.526085364689587,not feasible (C_f > b),39.81032592974948,11.60302866907548,True,159.0,-23.655500831418586,False,,measured on nuScenes,3015.1530604685695,-0.273048871135318,-0.2660235759052976,-0.5438855678707492,-0.019922014017960524,True
2026-09-23.1,nuScenes,oracle,plan_ade,JC_ade,criticality_cheap,mJ,0.5,120.9040971091011,54.55355389285198,132.70108643249824,66.35054321624912,752,376,-1.2630426823447936,-17.977412243844782,"[62.2919, 66.3505]",False,-2.526085364689587,not feasible (C_f > b),66.35054321624912,11.60302866907548,True,310.0,-18.434627979308782,False,,measured on nuScenes,3015.1530604685695,-0.21278578692632807,-0.20213204977914875,-0.5215443409851674,0.10408785759358619,True
2026-09-23.1,nuScenes,oracle,plan_ade,JC_ade,gate_ridge,ms,0.1,14.645041501353262,12.709915251434722,19.351262499185395,1.9351262499185395,752,75,-0.2519367052549455,-0.71571656196371,"[0.442609, 0.468342]; [0.519808, 0.571274]; [0.648473, 1.93513]",False,-2.526085364689587,not feasible (C_f > b),1.9351262499185395,3.925717499981829,False,,,False,,measured on nuScenes,3015.1530604685695,,,,,True
2026-09-23.1,nuScenes,oracle,plan_ade,JC_ade,gate_ridge,ms,0.2,16.5801677512718,12.709915251434722,19.351262499185395,3.870252499837079,752,150,-0.503873410509891,-12.95333738192347,"[0.859484, 1.91454]; [2.37773, 2.53213]; [2.5836, 3.87025]",False,-2.526085364689587,not feasible (C_f > b),3.870252499837079,3.925717499981829,False,,,False,,measured on nuScenes,3015.1530604685695,,,,,True
2026-09-23.1,nuScenes,oracle,plan_ade,JC_ade,gate_ridge,ms,0.3,18.51529400119034,12.709915251434722,19.351262499185395,5.805378749755619,752,225,-0.7558101157648366,-6.366774077931052,"[2.79461, 3.8754]; [4.31286, 4.46726]; [4.51873, 5.80538]",False,-2.526085364689587,not feasible (C_f > b),5.805378749755619,3.925717499981829,True,73.0,-0.7821367864989437,False,,measured on nuScenes,3015.1530604685695,-0.009027987534438299,0.02828746076694152,-0.1169397936491853,0.25153950558662475,True
2026-09-23.1,nuScenes,oracle,plan_ade,JC_ade,gate_ridge,ms,0.5,22.38554650102742,12.709915251434722,19.351262499185395,9.675631249592698,752,376,-1.2630426823447936,-2.962291546401974,"[6.66486, 7.95152]; [8.05445, 8.08018]; [8.18311, 9.67563]",True,-2.526085364689587,"[0.257331, 0.694793]; [0.720526, 0.797725]; [6.43327, 9.67563]",9.675631249592698,3.925717499981829,True,223.0,-6.366774077931052,False,False,measured on nuScenes,3015.1530604685695,-0.07348990355950233,-0.07200190155394899,-0.4313891056143841,0.29609409434862527,True
2026-09-23.1,nuScenes,oracle,plan_ade,JC_ade,gate_ridge,mJ,0.1,67.8236625361018,54.55355389285198,132.70108643249824,13.270108643249827,752,75,-0.2519367052549455,-0.71571656196371,"[3.03518, 3.21165]; [3.56458, 3.91751]; [4.4469, 13.2701]",False,-2.526085364689587,not feasible (C_f > b),13.270108643249827,30.966916337805152,False,,,False,,measured on nuScenes,3015.1530604685695,,,,,True
2026-09-23.1,nuScenes,oracle,plan_ade,JC_ade,gate_ridge,mJ,0.2,81.09377117935163,54.55355389285198,132.70108643249824,26.540217286499654,752,150,-0.503873410509891,-12.95333738192347,"[5.8939, 13.1289]; [16.3053, 17.3641]; [17.717, 26.5402]",False,-2.526085364689587,not feasible (C_f > b),26.540217286499654,30.966916337805152,False,,,False,,measured on nuScenes,3015.1530604685695,,,,,True
2026-09-23.1,nuScenes,oracle,plan_ade,JC_ade,gate_ridge,mJ,0.3,94.36387982260146,54.55355389285198,132.70108643249824,39.81032592974948,752,225,-0.7558101157648366,-6.366774077931052,"[19.164, 26.5755]; [29.5754, 30.6342]; [30.9871, 39.8103]",False,-2.526085364689587,not feasible (C_f > b),39.81032592974948,30.966916337805152,True,50.0,-1.0628801470611986,False,,measured on nuScenes,3015.1530604685695,-0.01226853011379667,0.06407916743738602,-0.1196571145623611,0.3214059607611404,True
2026-09-23.1,nuScenes,oracle,plan_ade,JC_ade,gate_ridge,mJ,0.5,120.9040971091011,54.55355389285198,132.70108643249824,66.35054321624912,752,376,-1.2630426823447936,-2.962291546401974,"[45.7042, 54.5274]; [55.2333, 55.4098]; [56.1156, 66.3505]",False,-2.526085364689587,not feasible (C_f > b),66.35054321624912,30.966916337805152,True,200.0,-11.310273995548226,False,,measured on nuScenes,3015.1530604685695,-0.13055134908045773,-0.09126474920097429,-0.4469768550262492,0.25646775506363656,True
2026-09-23.1,nuScenes,oracle,plan_ade,JC_ade,gate_gbm,ms,0.1,14.645041501353262,12.709915251434722,19.351262499185395,1.9351262499185395,752,75,-0.2519367052549455,-14.563903697340569,"[1.34327, 1.47193]; [1.70353, 1.83219]; [1.88366, 1.93513]",False,-2.526085364689587,not feasible (C_f > b),1.9351262499185395,21.376582500010954,False,,,False,,measured on nuScenes,3015.1530604685695,,,,,True
2026-09-23.1,nuScenes,oracle,plan_ade,JC_ade,gate_gbm,ms,0.2,16.5801677512718,12.709915251434722,19.351262499185395,3.870252499837079,752,150,-0.503873410509891,-12.22260620173672,"[3.27839, 3.43279]; [3.53572, 3.56146]; [3.58719, 3.61292]; [3.63865, 3.87025]",False,-2.526085364689587,not feasible (C_f > b),3.870252499837079,21.376582500010954,False,,,False,,measured on nuScenes,3015.1530604685695,,,,,True
2026-09-23.1,nuScenes,oracle,plan_ade,JC_ade,gate_gbm,ms,0.3,18.51529400119034,12.709915251434722,19.351262499185395,5.805378749755619,752,225,-0.7558101157648366,-6.382773113469877,"[5.21352, 5.36792]; [5.44512, 5.80538]",False,-2.526085364689587,not feasible (C_f > b),5.805378749755619,21.376582500010954,False,,,False,,measured on nuScenes,3015.1530604685695,,,,,True
2026-09-23.1,nuScenes,oracle,plan_ade,JC_ade,gate_gbm,ms,0.5,22.38554650102742,12.709915251434722,19.351262499185395,9.675631249592698,752,376,-1.2630426823447936,3.2828750219028695,"[0, 1.62118]; [1.72412, 1.87851]; [9.08377, 9.23817]; [9.31537, 9.67563]",True,-2.526085364689587,"[0, 1.87851]; [9.08377, 9.67563]",9.675631249592698,21.376582500010954,False,,,False,,measured on nuScenes,3015.1530604685695,,,,,True
2026-09-23.1,nuScenes,oracle,plan_ade,JC_ade,gate_gbm,mJ,0.1,67.8236625361018,54.55355389285198,132.70108643249824,13.270108643249827,752,75,-0.2519367052549455,-14.563903697340569,"[9.21143, 10.0938]; [11.6819, 12.5643]; [12.9172, 13.2701]",False,-2.526085364689587,not feasible (C_f > b),13.270108643249827,168.62314770970988,False,,,False,,measured on nuScenes,3015.1530604685695,,,,,True
2026-09-23.1,nuScenes,oracle,plan_ade,JC_ade,gate_gbm,mJ,0.2,81.09377117935163,54.55355389285198,132.70108643249824,26.540217286499654,752,150,-0.503873410509891,-12.22260620173672,"[22.4815, 23.5403]; [24.2462, 24.4226]; [24.5991, 24.7756]; [24.952, 26.5402]",False,-2.526085364689587,not feasible (C_f > b),26.540217286499654,168.62314770970988,False,,,False,,measured on nuScenes,3015.1530604685695,,,,,True
2026-09-23.1,nuScenes,oracle,plan_ade,JC_ade,gate_gbm,mJ,0.3,94.36387982260146,54.55355389285198,132.70108643249824,39.81032592974948,752,225,-0.7558101157648366,-6.382773113469877,"[35.7516, 36.8104]; [37.3398, 39.8103]",False,-2.526085364689587,not feasible (C_f > b),39.81032592974948,168.62314770970988,False,,,False,,measured on nuScenes,3015.1530604685695,,,,,True
2026-09-23.1,nuScenes,oracle,plan_ade,JC_ade,gate_gbm,mJ,0.5,120.9040971091011,54.55355389285198,132.70108643249824,66.35054321624912,752,376,-1.2630426823447936,3.2828750219028695,"[0, 11.1172]; [11.8231, 12.8819]; [62.2919, 63.3507]; [63.88, 66.3505]",False,-2.526085364689587,not feasible (C_f > b),66.35054321624912,168.62314770970988,False,,,False,,measured on nuScenes,3015.1530604685695,,,,,True
2026-09-23.1,nuScenes,oracle,plan_ade,JC_ade,gate_gbm_batched,ms,0.1,14.645041501353262,12.709915251434722,19.351262499185395,1.9351262499185395,752,75,-0.2519367052549455,-14.563903697340569,"[1.34327, 1.47193]; [1.70353, 1.83219]; [1.88366, 1.93513]",False,-2.526085364689587,not feasible (C_f > b),1.9351262499185395,3.5357949274881264,False,,,False,,measured on nuScenes,3015.1530604685695,,,,,True
2026-09-23.1,nuScenes,oracle,plan_ade,JC_ade,gate_gbm_batched,ms,0.2,16.5801677512718,12.709915251434722,19.351262499185395,3.870252499837079,752,150,-0.503873410509891,-12.22260620173672,"[3.27839, 3.43279]; [3.53572, 3.56146]; [3.58719, 3.61292]; [3.63865, 3.87025]",False,-2.526085364689587,not feasible (C_f > b),3.870252499837079,3.5357949274881264,True,12.0,-0.4376658089933506,True,,measured on nuScenes,3015.1530604685695,-0.005051854785565899,0.003256138989696537,-0.07935778883084252,0.11612072119365034,True
2026-09-23.1,nuScenes,oracle,plan_ade,JC_ade,gate_gbm_batched,ms,0.3,18.51529400119034,12.709915251434722,19.351262499185395,5.805378749755619,752,225,-0.7558101157648366,-6.382773113469877,"[5.21352, 5.36792]; [5.44512, 5.80538]",False,-2.526085364689587,not feasible (C_f > b),5.805378749755619,3.5357949274881264,True,88.0,-14.472341971441011,False,,measured on nuScenes,3015.1530604685695,-0.1670502208407175,-0.1438433738010129,-0.4209806004087156,0.14305874377634198,True
2026-09-23.1,nuScenes,oracle,plan_ade,JC_ade,gate_gbm_batched,ms,0.5,22.38554650102742,12.709915251434722,19.351262499185395,9.675631249592698,752,376,-1.2630426823447936,3.2828750219028695,"[0, 1.62118]; [1.72412, 1.87851]; [9.08377, 9.23817]; [9.31537, 9.67563]",True,-2.526085364689587,"[0, 1.87851]; [9.08377, 9.67563]",9.675631249592698,3.5357949274881264,True,238.0,-11.524807268273605,False,False,measured on nuScenes,3015.1530604685695,-0.13302764701877187,-0.08884637443452019,-0.3417714518066143,0.17162857691403502,True
2026-09-23.1,nuScenes,oracle,plan_ade,JC_ade,gate_gbm_batched,mJ,0.1,67.8236625361018,54.55355389285198,132.70108643249824,13.270108643249827,752,75,-0.2519367052549455,-14.563903697340569,"[9.21143, 10.0938]; [11.6819, 12.5643]; [12.9172, 13.2701]",False,-2.526085364689587,not feasible (C_f > b),13.270108643249827,27.891121994302306,False,,,False,,measured on nuScenes,3015.1530604685695,,,,,True
2026-09-23.1,nuScenes,oracle,plan_ade,JC_ade,gate_gbm_batched,mJ,0.2,81.09377117935163,54.55355389285198,132.70108643249824,26.540217286499654,752,150,-0.503873410509891,-12.22260620173672,"[22.4815, 23.5403]; [24.2462, 24.4226]; [24.5991, 24.7756]; [24.952, 26.5402]",False,-2.526085364689587,not feasible (C_f > b),26.540217286499654,27.891121994302306,False,,,False,,measured on nuScenes,3015.1530604685695,,,,,True
2026-09-23.1,nuScenes,oracle,plan_ade,JC_ade,gate_gbm_batched,mJ,0.3,94.36387982260146,54.55355389285198,132.70108643249824,39.81032592974948,752,225,-0.7558101157648366,-6.382773113469877,"[35.7516, 36.8104]; [37.3398, 39.8103]",False,-2.526085364689587,not feasible (C_f > b),39.81032592974948,27.891121994302306,True,67.0,-11.242922633517862,False,,measured on nuScenes,3015.1530604685695,-0.12977393102861115,-0.1258041577447042,-0.3909392924536338,0.13685571435092664,True
2026-09-23.1,nuScenes,oracle,plan_ade,JC_ade,gate_gbm_batched,mJ,0.5,120.9040971091011,54.55355389285198,132.70108643249824,66.35054321624912,752,376,-1.2630426823447936,3.2828750219028695,"[0, 11.1172]; [11.8231, 12.8819]; [62.2919, 63.3507]; [63.88, 66.3505]",False,-2.526085364689587,not feasible (C_f > b),66.35054321624912,27.891121994302306,True,217.0,-6.075387048216523,False,,measured on nuScenes,3015.1530604685695,-0.07012650406548898,-0.09414032468772487,-0.34923327771446416,0.1770734458449541,True
2026-09-23.1,nuScenes,oracle,plan_ade,JC_ade,R1_mlp_reg,ms,0.1,14.645041501353262,12.709915251434722,19.351262499185395,1.9351262499185395,752,75,-0.2519367052549455,-0.9728700297864807,"[0.211011, 0.571274]; [0.931537, 0.983003]; [1.85793, 1.93513]",False,-2.526085364689587,not feasible (C_f > b),1.9351262499185395,0.6491920000541995,True,49.0,-0.37279967441279005,False,,measured on nuScenes,3015.1530604685695,-0.004825967588257575,-0.0008364832494752543,-0.17453169114863673,0.15986357520880828,True
2026-09-23.1,nuScenes,oracle,plan_ade,JC_ade,R1_mlp_reg,ms,0.2,16.5801677512718,12.709915251434722,19.351262499185395,3.870252499837079,752,150,-0.503873410509891,-6.815761097108796,"[2.04321, 2.5064]; [2.55787, 2.60933]; [2.738, 2.76373]; [2.86666, 2.91813]; [3.79305, 3.87025]",False,-2.526085364689587,not feasible (C_f > b),3.870252499837079,0.6491920000541995,True,125.0,-5.221716459312108,False,,measured on nuScenes,3015.1530604685695,-0.06027282173244855,-0.06801318838992125,-0.31992240880176154,0.1808639468382861,True
2026-09-23.1,nuScenes,oracle,plan_ade,JC_ade,R1_mlp_reg,ms,0.3,18.51529400119034,12.709915251434722,19.351262499185395,5.805378749755619,752,225,-0.7558101157648366,-15.307413872658609,"[3.8754, 3.90113]; [3.97833, 4.54446]; [4.62166, 4.75032]; [4.80179, 4.85326]; [5.72818, 5.80538]",False,-2.526085364689587,not feasible (C_f > b),5.805378749755619,0.6491920000541995,True,200.0,-12.540027964349875,False,,measured on nuScenes,3015.1530604685695,-0.14474605733662324,-0.1255791389985882,-0.36758896248577627,0.13396584235489964,True
2026-09-23.1,nuScenes,oracle,plan_ade,JC_ade,R1_mlp_reg,ms,0.5,22.38554650102742,12.709915251434722,19.351262499185395,9.675631249592698,752,376,-1.2630426823447936,-10.332420699168285,"[7.64272, 8.77497]; [9.4183, 9.67563]",True,-2.526085364689587,"[7.33392, 7.43685]; [7.48832, 8.77497]; [9.4183, 9.67563]",9.675631249592698,0.6491920000541995,True,350.0,-11.422932415535879,False,False,measured on nuScenes,3015.1530604685695,-0.1318517339093708,-0.11605469806369166,-0.3063652158462318,0.09523253378916444,True
2026-09-23.1,nuScenes,oracle,plan_ade,JC_ade,R1_mlp_reg,mJ,0.1,67.8236625361018,54.55355389285198,132.70108643249824,13.270108643249827,752,75,-0.2519367052549455,-0.9728700297864807,"[1.44701, 3.91751]; [6.388, 6.74093]; [12.7407, 13.2701]",False,-2.526085364689587,not feasible (C_f > b),13.270108643249827,6.480242972520074,True,38.0,1.4802498023892345,True,,measured on nuScenes,3015.1530604685695,0.01916213467757804,-0.016210157090090986,-0.15830659021238597,0.1396863965090676,True
2026-09-23.1,nuScenes,oracle,plan_ade,JC_ade,R1_mlp_reg,mJ,0.2,81.09377117935163,54.55355389285198,132.70108643249824,26.540217286499654,752,150,-0.503873410509891,-6.815761097108796,"[14.0113, 17.1876]; [17.5405, 17.8935]; [18.7758, 18.9523]; [19.6581, 20.011]; [26.0108, 26.5402]",False,-2.526085364689587,not feasible (C_f > b),26.540217286499654,6.480242972520074,True,113.0,-11.188209804913672,False,,measured on nuScenes,3015.1530604685695,-0.12914239605526776,-0.06702211278575473,-0.30928273245523663,0.16734502105865318,True
2026-09-23.1,nuScenes,oracle,plan_ade,JC_ade,R1_mlp_reg,mJ,0.3,94.36387982260146,54.55355389285198,132.70108643249824,39.81032592974948,752,225,-0.7558101157648366,-15.307413872658609,"[26.5755, 26.752]; [27.2814, 31.1636]; [31.693, 32.5753]; [32.9282, 33.2812]; [39.2809, 39.8103]",False,-2.526085364689587,not feasible (C_f > b),39.81032592974948,6.480242972520074,True,188.0,-11.285169009141118,False,,measured on nuScenes,3015.1530604685695,-0.13026156920020154,-0.11098121662664627,-0.35237938551610065,0.17529353326774358,True
2026-09-23.1,nuScenes,oracle,plan_ade,JC_ade,R1_mlp_reg,mJ,0.5,120.9040971091011,54.55355389285198,132.70108643249824,66.35054321624912,752,376,-1.2630426823447936,-10.332420699168285,"[52.4099, 60.1743]; [64.5859, 66.3505]",False,-2.526085364689587,not feasible (C_f > b),66.35054321624912,6.480242972520074,True,339.0,-11.124484189952629,False,,measured on nuScenes,3015.1530604685695,-0.1284068289940789,-0.11925910924479671,-0.31513667569753834,0.09856789025364789,True
2026-09-23.1,nuScenes,oracle,plan_ade,JC_ade,R1_mlp_clf,ms,0.1,14.645041501353262,12.709915251434722,19.351262499185395,1.9351262499185395,752,75,-0.2519367052549455,-5.370963140937143,"[1.6778, 1.93513]",False,-2.526085364689587,not feasible (C_f > b),1.9351262499185395,0.6491920000541995,True,49.0,-3.1073796601155186,False,,measured on nuScenes,3015.1530604685695,-0.04022566153725655,-0.04621556994541947,-0.11127481934447078,0.025527509733184007,True
2026-09-23.1,nuScenes,oracle,plan_ade,JC_ade,R1_mlp_clf,ms,0.2,16.5801677512718,12.709915251434722,19.351262499185395,3.870252499837079,752,150,-0.503873410509891,-6.403557804803299,"[3.43279, 3.45852]; [3.56146, 3.87025]",False,-2.526085364689587,not feasible (C_f > b),3.870252499837079,0.6491920000541995,True,125.0,-9.154334584822799,False,,measured on nuScenes,3015.1530604685695,-0.105665939698093,-0.09926161033195353,-0.2176622578185181,0.07493104837372377,True
2026-09-23.1,nuScenes,oracle,plan_ade,JC_ade,R1_mlp_clf,ms,0.3,18.51529400119034,12.709915251434722,19.351262499185395,5.805378749755619,752,225,-0.7558101157648366,6.951723832984395,"[0, 0.838898]; [1.35356, 1.45649]; [5.36792, 5.80538]",False,-2.526085364689587,not feasible (C_f > b),5.805378749755619,0.6491920000541995,True,200.0,5.839967738284913,True,,measured on nuScenes,3015.1530604685695,0.06740912440490257,0.04718986515455261,-0.17280640079178325,0.3149728758230296,True
2026-09-23.1,nuScenes,oracle,plan_ade,JC_ade,R1_mlp_clf,ms,0.5,22.38554650102742,12.709915251434722,19.351262499185395,9.675631249592698,752,376,-1.2630426823447936,10.731037162972168,"[0, 4.70915]; [4.73488, 4.81208]; [4.83782, 4.94075]; [5.01795, 5.32674]; [9.23817, 9.67563]",True,-2.526085364689587,"[0, 5.32674]; [8.18311, 8.20885]; [8.98084, 9.67563]",9.675631249592698,0.6491920000541995,True,350.0,11.52618572145123,True,True,measured on nuScenes,3015.1530604685695,0.13304355812066507,0.1423361787630162,-0.10306789038852907,0.45167696174639355,True
2026-09-23.1,nuScenes,oracle,plan_ade,JC_ade,R1_mlp_clf,mJ,0.1,67.8236625361018,54.55355389285198,132.70108643249824,13.270108643249827,752,75,-0.2519367052549455,-5.370963140937143,"[11.5055, 13.2701]",False,-2.526085364689587,not feasible (C_f > b),13.270108643249827,6.480242972520074,True,38.0,-3.3242336122275775,False,,measured on nuScenes,3015.1530604685695,-0.043032880041207186,-0.03789581005406102,-0.10057592975502079,0.033648213409823,True
2026-09-23.1,nuScenes,oracle,plan_ade,JC_ade,R1_mlp_clf,mJ,0.2,81.09377117935163,54.55355389285198,132.70108643249824,26.540217286499654,752,150,-0.503873410509891,-6.403557804803299,"[23.5403, 23.7168]; [24.4226, 26.5402]",False,-2.526085364689587,not feasible (C_f > b),26.540217286499654,6.480242972520074,True,113.0,-10.743055663257673,False,,measured on nuScenes,3015.1530604685695,-0.12400410552713215,-0.10313982048293555,-0.19957617715115597,0.05024923679013744,True
2026-09-23.1,nuScenes,oracle,plan_ade,JC_ade,R1_mlp_clf,mJ,0.3,94.36387982260146,54.55355389285198,132.70108643249824,39.81032592974948,752,225,-0.7558101157648366,6.951723832984395,"[0, 5.75273]; [9.28202, 9.98787]; [36.8104, 39.8103]",False,-2.526085364689587,not feasible (C_f > b),39.81032592974948,6.480242972520074,True,188.0,-1.44189538837849,False,,measured on nuScenes,3015.1530604685695,-0.016643397698393077,0.022214195787395353,-0.18454270640499262,0.29436670320598707,True
2026-09-23.1,nuScenes,oracle,plan_ade,JC_ade,R1_mlp_clf,mJ,0.5,120.9040971091011,54.55355389285198,132.70108643249824,66.35054321624912,752,376,-1.2630426823447936,10.731037162972168,"[0, 32.293]; [32.4694, 32.9988]; [33.1753, 33.8811]; [34.4105, 36.5281]; [63.3507, 66.3505]",False,-2.526085364689587,not feasible (C_f > b),66.35054321624912,6.480242972520074,True,339.0,11.862594726961602,True,,measured on nuScenes,3015.1530604685695,0.13692663376759287,0.14132112472847344,-0.11032683918083365,0.44979061631701156,True
2026-09-23.1,nuScenes,oracle,plan_ade,JC_ade,R1_gbm_reg,ms,0.1,14.645041501353262,12.709915251434722,19.351262499185395,1.9351262499185395,752,75,-0.2519367052549455,-8.699715751811377,"[1.88366, 1.93513]",False,-2.526085364689587,not feasible (C_f > b),1.9351262499185395,15.909292499998173,False,,,False,,measured on nuScenes,3015.1530604685695,,,,,True
2026-09-23.1,nuScenes,oracle,plan_ade,JC_ade,R1_gbm_reg,ms,0.2,16.5801677512718,12.709915251434722,19.351262499185395,3.870252499837079,752,150,-0.503873410509891,-7.232696593236116,"[3.74159, 3.76732]; [3.81879, 3.87025]",False,-2.526085364689587,not feasible (C_f > b),3.870252499837079,15.909292499998173,False,,,False,,measured on nuScenes,3015.1530604685695,,,,,True
2026-09-23.1,nuScenes,oracle,plan_ade,JC_ade,R1_gbm_reg,ms,0.3,18.51529400119034,12.709915251434722,19.351262499185395,5.805378749755619,752,225,-0.7558101157648366,-14.837131805421707,"[5.67671, 5.70245]; [5.75391, 5.80538]",False,-2.526085364689587,not feasible (C_f > b),5.805378749755619,15.909292499998173,False,,,False,,measured on nuScenes,3015.1530604685695,,,,,True
2026-09-23.1,nuScenes,oracle,plan_ade,JC_ade,R1_gbm_reg,ms,0.5,22.38554650102742,12.709915251434722,19.351262499185395,9.675631249592698,752,376,-1.2630426823447936,-9.799567705340046,"[9.52123, 9.67563]",True,-2.526085364689587,"[9.2639, 9.67563]",9.675631249592698,15.909292499998173,False,,,False,,measured on nuScenes,3015.1530604685695,,,,,True
2026-09-23.1,nuScenes,oracle,plan_ade,JC_ade,R1_gbm_reg,mJ,0.1,67.8236625361018,54.55355389285198,132.70108643249824,13.270108643249827,752,75,-0.2519367052549455,-8.699715751811377,"[12.9172, 13.2701]",False,-2.526085364689587,not feasible (C_f > b),13.270108643249827,158.80676427354655,False,,,False,,measured on nuScenes,3015.1530604685695,,,,,True
2026-09-23.1,nuScenes,oracle,plan_ade,JC_ade,R1_gbm_reg,mJ,0.2,81.09377117935163,54.55355389285198,132.70108643249824,26.540217286499654,752,150,-0.503873410509891,-7.232696593236116,"[25.6579, 25.8344]; [26.1873, 26.5402]",False,-2.526085364689587,not feasible (C_f > b),26.540217286499654,158.80676427354655,False,,,False,,measured on nuScenes,3015.1530604685695,,,,,True
2026-09-23.1,nuScenes,oracle,plan_ade,JC_ade,R1_gbm_reg,mJ,0.3,94.36387982260146,54.55355389285198,132.70108643249824,39.81032592974948,752,225,-0.7558101157648366,-14.837131805421707,"[38.928, 39.1045]; [39.4574, 39.8103]",False,-2.526085364689587,not feasible (C_f > b),39.81032592974948,158.80676427354655,False,,,False,,measured on nuScenes,3015.1530604685695,,,,,True
2026-09-23.1,nuScenes,oracle,plan_ade,JC_ade,R1_gbm_reg,mJ,0.5,120.9040971091011,54.55355389285198,132.70108643249824,66.35054321624912,752,376,-1.2630426823447936,-9.799567705340046,"[65.2918, 66.3505]",False,-2.526085364689587,not feasible (C_f > b),66.35054321624912,158.80676427354655,False,,,False,,measured on nuScenes,3015.1530604685695,,,,,True
2026-09-23.1,nuScenes,oracle,plan_ade,JC_ade,R1_gbm_clf,ms,0.1,14.645041501353262,12.709915251434722,19.351262499185395,1.9351262499185395,752,75,-0.2519367052549455,-2.2259179714955595,"[1.72926, 1.80646]; [1.88366, 1.93513]",False,-2.526085364689587,not feasible (C_f > b),1.9351262499185395,15.909292499998173,False,,,False,,measured on nuScenes,3015.1530604685695,,,,,True
2026-09-23.1,nuScenes,oracle,plan_ade,JC_ade,R1_gbm_clf,ms,0.2,16.5801677512718,12.709915251434722,19.351262499185395,3.870252499837079,752,150,-0.503873410509891,2.71779773709333,"[0, 0.267624]; [0.344823, 0.473488]; [0.524954, 1.39988]; [2.55787, 2.5836]; [3.66439, 3.76732]; [3.81879, 3.87025]",False,-2.526085364689587,not feasible (C_f > b),3.870252499837079,15.909292499998173,False,,,False,,measured on nuScenes,3015.1530604685695,,,,,True
2026-09-23.1,nuScenes,oracle,plan_ade,JC_ade,R1_gbm_clf,ms,0.3,18.51529400119034,12.709915251434722,19.351262499185395,5.805378749755619,752,225,-0.7558101157648366,-5.720328603763265,"[1.71382, 2.20275]; [2.25422, 3.36074]; [3.46367, 3.51514]; [4.49299, 4.51873]; [4.57019, 4.67312]; [4.82752, 4.87899]; [5.59951, 5.70245]; [5.75391, 5.80538]",False,-2.526085364689587,not feasible (C_f > b),5.805378749755619,15.909292499998173,False,,,False,,measured on nuScenes,3015.1530604685695,,,,,True
2026-09-23.1,nuScenes,oracle,plan_ade,JC_ade,R1_gbm_clf,ms,0.5,22.38554650102742,12.709915251434722,19.351262499185395,9.675631249592698,752,376,-1.2630426823447936,-3.203354184612523,"[2.7277, 2.8821]; [5.58407, 7.41112]; [8.33751, 8.38898]; [8.44044, 8.62058]; [8.67204, 8.74924]; [9.46977, 9.5727]; [9.62417, 9.67563]",True,-2.526085364689587,"[0.33453, 0.59186]; [2.31598, 2.54757]; [2.70197, 2.8821]; [5.58407, 7.90005]; [8.20885, 8.74924]; [9.1867, 9.23817]; [9.28964, 9.67563]",9.675631249592698,15.909292499998173,False,,,False,,measured on nuScenes,3015.1530604685695,,,,,True
2026-09-23.1,nuScenes,oracle,plan_ade,JC_ade,R1_gbm_clf,mJ,0.1,67.8236625361018,54.55355389285198,132.70108643249824,13.270108643249827,752,75,-0.2519367052549455,-2.2259179714955595,"[11.8584, 12.3878]; [12.9172, 13.2701]",False,-2.526085364689587,not feasible (C_f > b),13.270108643249827,158.80676427354655,False,,,False,,measured on nuScenes,3015.1530604685695,,,,,True
2026-09-23.1,nuScenes,oracle,plan_ade,JC_ade,R1_gbm_clf,mJ,0.2,81.09377117935163,54.55355389285198,132.70108643249824,26.540217286499654,752,150,-0.503873410509891,2.71779773709333,"[0, 1.83523]; [2.36462, 3.24694]; [3.59987, 9.59965]; [17.5405, 17.717]; [25.1285, 25.8344]; [26.1873, 26.5402]",False,-2.526085364689587,not feasible (C_f > b),26.540217286499654,158.80676427354655,False,,,False,,measured on nuScenes,3015.1530604685695,,,,,True
2026-09-23.1,nuScenes,oracle,plan_ade,JC_ade,R1_gbm_clf,mJ,0.3,94.36387982260146,54.55355389285198,132.70108643249824,39.81032592974948,752,225,-0.7558101157648366,-5.720328603763265,"[11.7525, 15.1053]; [15.4583, 23.0462]; [23.7521, 24.105]; [30.8107, 30.9871]; [31.34, 32.0459]; [33.1047, 33.4576]; [38.3986, 39.1045]; [39.4574, 39.8103]",False,-2.526085364689587,not feasible (C_f > b),39.81032592974948,158.80676427354655,False,,,False,,measured on nuScenes,3015.1530604685695,,,,,True
2026-09-23.1,nuScenes,oracle,plan_ade,JC_ade,R1_gbm_clf,mJ,0.5,120.9040971091011,54.55355389285198,132.70108643249824,66.35054321624912,752,376,-1.2630426823447936,-3.203354184612523,"[18.7052, 19.764]; [38.2927, 50.8217]; [57.1744, 57.5273]; [57.8803, 59.1155]; [59.4684, 59.9978]; [64.9388, 65.6447]; [65.9976, 66.3505]",False,-2.526085364689587,not feasible (C_f > b),66.35054321624912,158.80676427354655,False,,,False,,measured on nuScenes,3015.1530604685695,,,,,True
2026-09-23.1,nuScenes,oracle,plan_ade,JC_ade,R2_cnn_clf,ms,0.1,14.645041501353262,12.709915251434722,19.351262499185395,1.9351262499185395,752,75,-0.2519367052549455,-2.5550613723189652,"[1.2146, 1.5234]; [1.54913, 1.93513]",False,-2.526085364689587,not feasible (C_f > b),1.9351262499185395,9.765887999975575,False,,,False,,measured on nuScenes,3015.1530604685695,,,,,True
2026-09-23.1,nuScenes,oracle,plan_ade,JC_ade,R2_cnn_clf,ms,0.2,16.5801677512718,12.709915251434722,19.351262499185395,3.870252499837079,752,150,-0.503873410509891,-4.761192299141889,"[1.24548, 1.29695]; [3.14973, 3.87025]",False,-2.526085364689587,not feasible (C_f > b),3.870252499837079,9.765887999975575,False,,,False,,measured on nuScenes,3015.1530604685695,,,,,True
2026-09-23.1,nuScenes,oracle,plan_ade,JC_ade,R2_cnn_clf,ms,0.3,18.51529400119034,12.709915251434722,19.351262499185395,5.805378749755619,752,225,-0.7558101157648366,-17.25766964778697,"[1.71382, 1.84249]; [3.18061, 3.23207]; [5.08485, 5.80538]",False,-2.526085364689587,not feasible (C_f > b),5.805378749755619,9.765887999975575,False,,,False,,measured on nuScenes,3015.1530604685695,,,,,True
2026-09-23.1,nuScenes,oracle,plan_ade,JC_ade,R2_cnn_clf,ms,0.5,22.38554650102742,12.709915251434722,19.351262499185395,9.675631249592698,752,376,-1.2630426823447936,-19.483329385504003,"[5.58407, 5.71274]; [6.17593, 6.27887]; [7.05086, 7.10233]; [8.92937, 9.67563]",True,-2.526085364689587,"[5.45541, 5.71274]; [6.17593, 6.3818]; [6.6134, 7.10233]; [7.33392, 7.38539]; [7.64272, 7.66845]; [7.79712, 7.82285]; [8.51764, 9.67563]",9.675631249592698,9.765887999975575,False,,,False,,measured on nuScenes,3015.1530604685695,,,,,True
2026-09-23.1,nuScenes,oracle,plan_ade,JC_ade,R2_cnn_clf,mJ,0.1,67.8236625361018,54.55355389285198,132.70108643249824,13.270108643249827,752,75,-0.2519367052549455,-2.5550613723189652,"[8.32911, 10.4467]; [10.6231, 13.2701]",False,-2.526085364689587,not feasible (C_f > b),13.270108643249827,26.134822283795316,False,,,False,,measured on nuScenes,3015.1530604685695,,,,,True
2026-09-23.1,nuScenes,oracle,plan_ade,JC_ade,R2_cnn_clf,mJ,0.2,81.09377117935163,54.55355389285198,132.70108643249824,26.540217286499654,752,150,-0.503873410509891,-4.761192299141889,"[8.54087, 8.8938]; [21.5992, 26.5402]",False,-2.526085364689587,not feasible (C_f > b),26.540217286499654,26.134822283795316,True,2.0,0.2998780264674932,True,,measured on nuScenes,3015.1530604685695,0.003461408709490668,0.014792079787062182,-0.07015423376734259,0.13057046445347062,True
2026-09-23.1,nuScenes,oracle,plan_ade,JC_ade,R2_cnn_clf,mJ,0.3,94.36387982260146,54.55355389285198,132.70108643249824,39.81032592974948,752,225,-0.7558101157648366,-17.25766964778697,"[11.7525, 12.6348]; [21.811, 22.1639]; [34.8693, 39.8103]",False,-2.526085364689587,not feasible (C_f > b),39.81032592974948,26.134822283795316,True,77.0,-2.5550613723189652,False,,measured on nuScenes,3015.1530604685695,-0.02949236325051895,-0.01643139418945523,-0.12438429925989912,0.1683380329523795,True
2026-09-23.1,nuScenes,oracle,plan_ade,JC_ade,R2_cnn_clf,mJ,0.5,120.9040971091011,54.55355389285198,132.70108643249824,66.35054321624912,752,376,-1.2630426823447936,-19.483329385504003,"[38.2927, 39.1751]; [42.3514, 43.0573]; [48.3512, 48.7041]; [61.2331, 66.3505]",False,-2.526085364689587,not feasible (C_f > b),66.35054321624912,26.134822283795316,True,227.0,-17.70714941888939,False,,measured on nuScenes,3015.1530604685695,-0.20438870410346782,-0.1508966648019195,-0.3886372946522277,0.07882237889807225,True
2026-09-23.1,nuScenes,oracle,plan_fde,JC_fde,uncertainty,ms,0.1,14.645041501353262,12.709915251434722,19.351262499185395,1.9351262499185395,752,75,8.123875695172726,-5.911409912757139,none,False,81.45539363693187,not feasible (C_f > b),,0.29441049997558366,True,63.0,-3.6180527836724696,False,,measured on nuScenes,5814.220981124377,-0.013166963092896439,-0.03743269736959455,-0.13452744256503024,0.05329101740553141,True
2026-09-23.1,nuScenes,oracle,plan_fde,JC_fde,uncertainty,ms,0.2,16.5801677512718,12.709915251434722,19.351262499185395,3.870252499837079,752,150,16.247751390345453,-4.383930988842852,"[0.0102932, 0.138959]; [0.473488, 0.550688]",False,81.45539363693187,not feasible (C_f > b),0.5506875232738278,0.29441049997558366,True,138.0,15.008813913528751,False,,measured on nuScenes,5814.220981124377,0.054620678769365785,-0.03991183114187749,-0.30239060017536856,0.15628675281570273,True
2026-09-23.1,nuScenes,oracle,plan_fde,JC_fde,uncertainty,ms,0.3,18.51529400119034,12.709915251434722,19.351262499185395,5.805378749755619,752,225,24.37162708551818,4.739177093198039,"[1.94542, 1.97115]",False,81.45539363693187,not feasible (C_f > b),1.9711525365119043,0.29441049997558366,True,214.0,16.73866860332258,False,,measured on nuScenes,5814.220981124377,0.06091603547598344,-0.05992789999365618,-0.44768875375501055,0.25171312129597484,True
2026-09-23.1,nuScenes,oracle,plan_fde,JC_fde,uncertainty,ms,0.5,22.38554650102742,12.709915251434722,19.351262499185395,9.675631249592698,752,376,40.72769681846594,39.18635466362344,none,True,81.45539363693187,none,,0.29441049997558366,True,364.0,39.330227210033485,False,False,measured on nuScenes,5814.220981124377,0.14313214346864606,-0.002965384685687427,-0.39030629276577056,0.3183726439133447,True
2026-09-23.1,nuScenes,oracle,plan_fde,JC_fde,uncertainty,mJ,0.1,67.8236625361018,54.55355389285198,132.70108643249824,13.270108643249827,752,75,8.123875695172726,-5.911409912757139,none,False,81.45539363693187,not feasible (C_f > b),,2.322374272157252,True,62.0,-4.3516224260728364,False,,measured on nuScenes,5814.220981124377,-0.015836599216267396,-0.037338265162058605,-0.13031500646599634,0.058592213953661584,True
2026-09-23.1,nuScenes,oracle,plan_fde,JC_fde,uncertainty,mJ,0.2,81.09377117935163,54.55355389285198,132.70108643249824,26.540217286499654,752,150,16.247751390345453,-4.383930988842852,"[0.0705857, 0.952907]; [3.24694, 3.77633]",False,81.45539363693187,not feasible (C_f > b),3.7763341087608566,2.322374272157252,True,137.0,15.008813913528751,False,,measured on nuScenes,5814.220981124377,0.054620678769365785,-0.03929878579736094,-0.30237289339015955,0.15768857672242345,True
2026-09-23.1,nuScenes,oracle,plan_fde,JC_fde,uncertainty,mJ,0.3,94.36387982260146,54.55355389285198,132.70108643249824,39.81032592974948,752,225,24.37162708551818,4.739177093198039,"[13.3407, 13.5172]",False,81.45539363693187,not feasible (C_f > b),13.517158538380414,2.322374272157252,True,212.0,16.73866860332258,False,,measured on nuScenes,5814.220981124377,0.06091603547598344,-0.0606267708649936,-0.4511375963368127,0.25171312129597484,True
2026-09-23.1,nuScenes,oracle,plan_fde,JC_fde,uncertainty,mJ,0.5,120.9040971091011,54.55355389285198,132.70108643249824,66.35054321624912,752,376,40.72769681846594,39.18635466362344,none,False,81.45539363693187,not feasible (C_f > b),,2.322374272157252,True,362.0,39.330227210033485,False,,measured on nuScenes,5814.220981124377,0.14313214346864606,-0.004383948516432529,-0.40339294897819067,0.3183726439133447,True
2026-09-23.1,nuScenes,oracle,plan_fde,JC_fde,criticality_cheap,ms,0.1,14.645041501353262,12.709915251434722,19.351262499185395,1.9351262499185395,752,75,8.123875695172726,-21.31748315450096,"[1.34327, 1.369]; [1.4462, 1.47193]",False,81.45539363693187,not feasible (C_f > b),1.4719311369318562,1.4709314999947765,True,18.0,8.462482712607683,True,,measured on nuScenes,5814.220981124377,0.030797007178562617,-0.011174710877913338,-0.16233235437937,0.09107819360390312,True
2026-09-23.1,nuScenes,oracle,plan_fde,JC_fde,criticality_cheap,ms,0.2,16.5801677512718,12.709915251434722,19.351262499185395,3.870252499837079,752,150,16.247751390345453,-38.95649158868481,"[3.27839, 3.30413]",False,81.45539363693187,not feasible (C_f > b),3.304125139514303,1.4709314999947765,True,93.0,-25.04241924122871,False,,measured on nuScenes,5814.220981124377,-0.09113537850915657,-0.17013574830618217,-0.49383688674146353,0.06031332080458145,True
2026-09-23.1,nuScenes,oracle,plan_fde,JC_fde,criticality_cheap,ms,0.3,18.51529400119034,12.709915251434722,19.351262499185395,5.805378749755619,752,225,24.37162708551818,-24.40652333736022,none,False,81.45539363693187,not feasible (C_f > b),,1.4709314999947765,True,168.0,-31.860791450427257,False,,measured on nuScenes,5814.220981124377,-0.115949072670086,-0.2095464794944441,-0.6490547841088897,0.12925519833753743,True
2026-09-23.1,nuScenes,oracle,plan_fde,JC_fde,criticality_cheap,ms,0.5,22.38554650102742,12.709915251434722,19.351262499185395,9.675631249592698,752,376,40.72769681846594,-1.0788057961506299,none,True,81.45539363693187,none,,1.4709314999947765,True,318.0,-2.124957520181103,False,False,measured on nuScenes,5814.220981124377,-0.007733230805382908,-0.1504282957754277,-0.53100589521279,0.15501357413580144,True
2026-09-23.1,nuScenes,oracle,plan_fde,JC_fde,criticality_cheap,mJ,0.1,67.8236625361018,54.55355389285198,132.70108643249824,13.270108643249827,752,75,8.123875695172726,-21.31748315450096,"[9.21143, 9.3879]; [9.91729, 10.0938]",False,81.45539363693187,not feasible (C_f > b),10.093752851159046,11.60302866907548,True,9.0,-0.6775662503485687,False,,measured on nuScenes,5814.220981124377,-0.002465826328347858,-0.014235081566153095,-0.05270240144598207,0.0447156245933974,True
2026-09-23.1,nuScenes,oracle,plan_fde,JC_fde,criticality_cheap,mJ,0.2,81.09377117935163,54.55355389285198,132.70108643249824,26.540217286499654,752,150,16.247751390345453,-38.95649158868481,"[22.4815, 22.658]",False,81.45539363693187,not feasible (C_f > b),22.65800465168282,11.60302866907548,True,84.0,-21.31748315450096,False,,measured on nuScenes,5814.220981124377,-0.07757944140434776,-0.1611301536640005,-0.453316705400549,0.06074104126801238,True
2026-09-23.1,nuScenes,oracle,plan_fde,JC_fde,criticality_cheap,mJ,0.3,94.36387982260146,54.55355389285198,132.70108643249824,39.81032592974948,752,225,24.37162708551818,-24.40652333736022,none,False,81.45539363693187,not feasible (C_f > b),,11.60302866907548,True,159.0,-38.95649158868481,False,,measured on nuScenes,5814.220981124377,-0.14177202977572098,-0.21390807514161378,-0.6362385829284902,0.1172847251163605,True
2026-09-23.1,nuScenes,oracle,plan_fde,JC_fde,criticality_cheap,mJ,0.5,120.9040971091011,54.55355389285198,132.70108643249824,66.35054321624912,752,376,40.72769681846594,-1.0788057961506299,none,False,81.45539363693187,not feasible (C_f > b),,11.60302866907548,True,310.0,-2.124957520181103,False,,measured on nuScenes,5814.220981124377,-0.007733230805382908,-0.15530591088891818,-0.5394215389546682,0.1521916504945778,True
2026-09-23.1,nuScenes,oracle,plan_fde,JC_fde,gate_ridge,ms,0.1,14.645041501353262,12.709915251434722,19.351262499185395,1.9351262499185395,752,75,8.123875695172726,9.729714482696625,"[0, 1.75499]",False,81.45539363693187,not feasible (C_f > b),1.7549948171061107,3.925717499981829,False,,,False,,measured on nuScenes,5814.220981124377,,,,,True
2026-09-23.1,nuScenes,oracle,plan_fde,JC_fde,gate_ridge,ms,0.2,16.5801677512718,12.709915251434722,19.351262499185395,3.870252499837079,752,150,16.247751390345453,8.237805123619214,"[1.99174, 3.66439]",False,81.45539363693187,not feasible (C_f > b),3.6643880051906272,3.925717499981829,False,,,False,,measured on nuScenes,5814.220981124377,,,,,True
2026-09-23.1,nuScenes,oracle,plan_fde,JC_fde,gate_ridge,ms,0.3,18.51529400119034,12.709915251434722,19.351262499185395,5.805378749755619,752,225,24.37162708551818,-10.055263609817748,"[4.72459, 5.21352]; [5.23925, 5.31645]",False,81.45539363693187,not feasible (C_f > b),5.316450574934912,3.925717499981829,True,73.0,9.729714482696625,False,,measured on nuScenes,5814.220981124377,0.03540876796386835,-0.033607376130211704,-0.18038749233993467,0.14175250383964338,True
2026-09-23.1,nuScenes,oracle,plan_fde,JC_fde,gate_ridge,ms,0.5,22.38554650102742,12.709915251434722,19.351262499185395,9.675631249592698,752,376,40.72769681846594,18.402844416700972,none,True,81.45539363693187,none,,3.925717499981829,True,223.0,-12.45070867298311,False,False,measured on nuScenes,5814.220981124377,-0.0453111193726617,-0.1798177723490348,-0.5354927207262853,0.09744056923351475,True
2026-09-23.1,nuScenes,oracle,plan_fde,JC_fde,gate_ridge,mJ,0.1,67.8236625361018,54.55355389285198,132.70108643249824,13.270108643249827,752,75,8.123875695172726,9.729714482696625,"[0, 12.0349]",False,81.45539363693187,not feasible (C_f > b),12.034859168655696,30.966916337805152,False,,,False,,measured on nuScenes,5814.220981124377,,,,,True
2026-09-23.1,nuScenes,oracle,plan_fde,JC_fde,gate_ridge,mJ,0.2,81.09377117935163,54.55355389285198,132.70108643249824,26.540217286499654,752,150,16.247751390345453,8.237805123619214,"[13.6583, 25.1285]",False,81.45539363693187,not feasible (C_f > b),25.12850360122401,30.966916337805152,False,,,False,,measured on nuScenes,5814.220981124377,,,,,True
2026-09-23.1,nuScenes,oracle,plan_fde,JC_fde,gate_ridge,mJ,0.3,94.36387982260146,54.55355389285198,132.70108643249824,39.81032592974948,752,225,24.37162708551818,-10.055263609817748,"[32.3988, 35.7516]; [35.9281, 36.4575]",False,81.45539363693187,not feasible (C_f > b),36.457505926977184,30.966916337805152,True,50.0,23.109159744198852,False,,measured on nuScenes,5814.220981124377,0.08409978285359909,-0.005389753536394164,-0.15986064184876428,0.15360993980837145,True
2026-09-23.1,nuScenes,oracle,plan_fde,JC_fde,gate_ridge,mJ,0.5,120.9040971091011,54.55355389285198,132.70108643249824,66.35054321624912,752,376,40.72769681846594,18.402844416700972,none,False,81.45539363693187,not feasible (C_f > b),,30.966916337805152,True,200.0,-10.048251085671962,False,,measured on nuScenes,5814.220981124377,-0.036567999170787235,-0.17409690039935097,-0.5190136284855087,0.10423988115003664,True
2026-09-23.1,nuScenes,oracle,plan_fde,JC_fde,gate_gbm,ms,0.1,14.645041501353262,12.709915251434722,19.351262499185395,1.9351262499185395,752,75,8.123875695172726,-3.6500588904826987,none,False,81.45539363693187,not feasible (C_f > b),,21.376582500010954,False,,,False,,measured on nuScenes,5814.220981124377,,,,,True
2026-09-23.1,nuScenes,oracle,plan_fde,JC_fde,gate_gbm,ms,0.2,16.5801677512718,12.709915251434722,19.351262499185395,3.870252499837079,752,150,16.247751390345453,34.26436872963865,"[0, 0.859484]",False,81.45539363693187,not feasible (C_f > b),0.8594842652821058,21.376582500010954,False,,,False,,measured on nuScenes,5814.220981124377,,,,,True
2026-09-23.1,nuScenes,oracle,plan_fde,JC_fde,gate_gbm,ms,0.3,18.51529400119034,12.709915251434722,19.351262499185395,5.805378749755619,752,225,24.37162708551818,30.832801437027147,"[0, 2.46008]",False,81.45539363693187,not feasible (C_f > b),2.460080711358344,21.376582500010954,False,,,False,,measured on nuScenes,5814.220981124377,,,,,True
2026-09-23.1,nuScenes,oracle,plan_fde,JC_fde,gate_gbm,ms,0.5,22.38554650102742,12.709915251434722,19.351262499185395,9.675631249592698,752,376,40.72769681846594,33.726796802382026,none,True,81.45539363693187,none,,21.376582500010954,False,,,False,,measured on nuScenes,5814.220981124377,,,,,True
2026-09-23.1,nuScenes,oracle,plan_fde,JC_fde,gate_gbm,mJ,0.1,67.8236625361018,54.55355389285198,132.70108643249824,13.270108643249827,752,75,8.123875695172726,-3.6500588904826987,none,False,81.45539363693187,not feasible (C_f > b),,168.62314770970988,False,,,False,,measured on nuScenes,5814.220981124377,,,,,True
2026-09-23.1,nuScenes,oracle,plan_fde,JC_fde,gate_gbm,mJ,0.2,81.09377117935163,54.55355389285198,132.70108643249824,26.540217286499654,752,150,16.247751390345453,34.26436872963865,"[0, 5.8939]",False,81.45539363693187,not feasible (C_f > b),5.893904636939023,168.62314770970988,False,,,False,,measured on nuScenes,5814.220981124377,,,,,True
2026-09-23.1,nuScenes,oracle,plan_fde,JC_fde,gate_gbm,mJ,0.3,94.36387982260146,54.55355389285198,132.70108643249824,39.81032592974948,752,225,24.37162708551818,30.832801437027147,"[0, 16.87]",False,81.45539363693187,not feasible (C_f > b),16.86997854132917,168.62314770970988,False,,,False,,measured on nuScenes,5814.220981124377,,,,,True
2026-09-23.1,nuScenes,oracle,plan_fde,JC_fde,gate_gbm,mJ,0.5,120.9040971091011,54.55355389285198,132.70108643249824,66.35054321624912,752,376,40.72769681846594,33.726796802382026,none,False,81.45539363693187,not feasible (C_f > b),,168.62314770970988,False,,,False,,measured on nuScenes,5814.220981124377,,,,,True
2026-09-23.1,nuScenes,oracle,plan_fde,JC_fde,gate_gbm_batched,ms,0.1,14.645041501353262,12.709915251434722,19.351262499185395,1.9351262499185395,752,75,8.123875695172726,-3.6500588904826987,none,False,81.45539363693187,not feasible (C_f > b),,3.5357949274881264,False,,,False,,measured on nuScenes,5814.220981124377,,,,,True
2026-09-23.1,nuScenes,oracle,plan_fde,JC_fde,gate_gbm_batched,ms,0.2,16.5801677512718,12.709915251434722,19.351262499185395,3.870252499837079,752,150,16.247751390345453,34.26436872963865,"[0, 0.859484]",False,81.45539363693187,not feasible (C_f > b),0.8594842652821058,3.5357949274881264,True,12.0,-1.877541645918789,False,,measured on nuScenes,5814.220981124377,-0.006832825012601222,-0.059148546029819005,-0.12500387542766841,0.053241034158110996,True
2026-09-23.1,nuScenes,oracle,plan_fde,JC_fde,gate_gbm_batched,ms,0.3,18.51529400119034,12.709915251434722,19.351262499185395,5.805378749755619,752,225,24.37162708551818,30.832801437027147,"[0, 2.46008]",False,81.45539363693187,not feasible (C_f > b),2.460080711358344,3.5357949274881264,True,88.0,-0.6098425448491414,False,,measured on nuScenes,5814.220981124377,-0.00221936349760938,-0.0761529738675453,-0.2708166066728401,0.11548314671065892,True
2026-09-23.1,nuScenes,oracle,plan_fde,JC_fde,gate_gbm_batched,ms,0.5,22.38554650102742,12.709915251434722,19.351262499185395,9.675631249592698,752,376,40.72769681846594,33.726796802382026,none,True,81.45539363693187,none,,3.5357949274881264,True,238.0,27.852657770350593,False,False,measured on nuScenes,5814.220981124377,0.10136251150239736,-0.05083630019486985,-0.28004161793114163,0.15735851225146713,True
2026-09-23.1,nuScenes,oracle,plan_fde,JC_fde,gate_gbm_batched,mJ,0.1,67.8236625361018,54.55355389285198,132.70108643249824,13.270108643249827,752,75,8.123875695172726,-3.6500588904826987,none,False,81.45539363693187,not feasible (C_f > b),,27.891121994302306,False,,,False,,measured on nuScenes,5814.220981124377,,,,,True
2026-09-23.1,nuScenes,oracle,plan_fde,JC_fde,gate_gbm_batched,mJ,0.2,81.09377117935163,54.55355389285198,132.70108643249824,26.540217286499654,752,150,16.247751390345453,34.26436872963865,"[0, 5.8939]",False,81.45539363693187,not feasible (C_f > b),5.893904636939023,27.891121994302306,False,,,False,,measured on nuScenes,5814.220981124377,,,,,True
2026-09-23.1,nuScenes,oracle,plan_fde,JC_fde,gate_gbm_batched,mJ,0.3,94.36387982260146,54.55355389285198,132.70108643249824,39.81032592974948,752,225,24.37162708551818,30.832801437027147,"[0, 16.87]",False,81.45539363693187,not feasible (C_f > b),16.86997854132917,27.891121994302306,True,67.0,-12.029016733037944,False,,measured on nuScenes,5814.220981124377,-0.04377648111782839,-0.10517391838887453,-0.30418590676476354,0.09610720787123478,True
2026-09-23.1,nuScenes,oracle,plan_fde,JC_fde,gate_gbm_batched,mJ,0.5,120.9040971091011,54.55355389285198,132.70108643249824,66.35054321624912,752,376,40.72769681846594,33.726796802382026,none,False,81.45539363693187,not feasible (C_f > b),,27.891121994302306,True,217.0,30.832801437027147,False,,measured on nuScenes,5814.220981124377,0.11220797010038654,-0.04103978736299719,-0.25733770086754365,0.16567779984554398,True
2026-09-23.1,nuScenes,oracle,plan_fde,JC_fde,R1_mlp_reg,ms,0.1,14.645041501353262,12.709915251434722,19.351262499185395,1.9351262499185395,752,75,8.123875695172726,19.971157205329977,"[0, 0.880071]",False,81.45539363693187,not feasible (C_f > b),0.8800707147493241,0.6491920000541995,True,49.0,13.849413541737164,True,,measured on nuScenes,5814.220981124377,0.050401342342279484,0.010953412916739612,-0.04772882509396386,0.07716084951250594,True
2026-09-23.1,nuScenes,oracle,plan_fde,JC_fde,R1_mlp_reg,ms,0.2,16.5801677512718,12.709915251434722,19.351262499185395,3.870252499837079,752,150,16.247751390345453,10.102855304833756,"[1.50281, 2.14614]",False,81.45539363693187,not feasible (C_f > b),2.1461373569832625,0.6491920000541995,True,125.0,0.7161217060265352,False,,measured on nuScenes,5814.220981124377,0.0026061388921204344,-0.04810493957337023,-0.18078958430174105,0.0955885378469846,True
2026-09-23.1,nuScenes,oracle,plan_fde,JC_fde,R1_mlp_reg,ms,0.3,18.51529400119034,12.709915251434722,19.351262499185395,5.805378749755619,752,225,24.37162708551818,29.13310975965644,"[0, 0.0411729]",False,81.45539363693187,not feasible (C_f > b),0.041172898960169846,0.6491920000541995,True,200.0,19.594995727172318,False,,measured on nuScenes,5814.220981124377,0.07131089593536948,-0.018944171379622544,-0.17729436567766446,0.15729382429536937,True
2026-09-23.1,nuScenes,oracle,plan_fde,JC_fde,R1_mlp_reg,ms,0.5,22.38554650102742,12.709915251434722,19.351262499185395,9.675631249592698,752,376,40.72769681846594,36.8690702843259,none,True,81.45539363693187,none,,0.6491920000541995,True,350.0,35.222955747160746,False,False,measured on nuScenes,5814.220981124377,0.12818479609764988,-0.01795027861495834,-0.21764764156725255,0.213435422473908,True
2026-09-23.1,nuScenes,oracle,plan_fde,JC_fde,R1_mlp_reg,mJ,0.1,67.8236625361018,54.55355389285198,132.70108643249824,13.270108643249827,752,75,8.123875695172726,19.971157205329977,"[0, 6.03508]",False,81.45539363693187,not feasible (C_f > b),6.035076005484233,6.480242972520074,True,38.0,5.451461855145351,False,,measured on nuScenes,5814.220981124377,0.01983917906697116,-0.0013365168189573803,-0.055612663731558674,0.06135334780584758,True
2026-09-23.1,nuScenes,oracle,plan_fde,JC_fde,R1_mlp_reg,mJ,0.2,81.09377117935163,54.55355389285198,132.70108643249824,26.540217286499654,752,150,16.247751390345453,10.102855304833756,"[10.3055, 14.7171]",False,81.45539363693187,not feasible (C_f > b),14.717115171014708,6.480242972520074,True,113.0,1.035825167336528,False,,measured on nuScenes,5814.220981124377,0.003769616576784582,-0.04886118012993241,-0.17487977586786177,0.08081491486160586,True
2026-09-23.1,nuScenes,oracle,plan_fde,JC_fde,R1_mlp_reg,mJ,0.3,94.36387982260146,54.55355389285198,132.70108643249824,39.81032592974948,752,225,24.37162708551818,29.13310975965644,"[0, 0.282343]",False,81.45539363693187,not feasible (C_f > b),0.2823427372668945,6.480242972520074,True,188.0,12.078796048692269,False,,measured on nuScenes,5814.220981124377,0.04395764000389219,-0.03064009979168987,-0.18530286497622853,0.14172014844522396,True
2026-09-23.1,nuScenes,oracle,plan_fde,JC_fde,R1_mlp_reg,mJ,0.5,120.9040971091011,54.55355389285198,132.70108643249824,66.35054321624912,752,376,40.72769681846594,36.8690702843259,none,False,81.45539363693187,not feasible (C_f > b),,6.480242972520074,True,339.0,37.79734673571168,False,,measured on nuScenes,5814.220981124377,0.1375536232429876,-0.016692703305361933,-0.21109753382278243,0.2015713874719217,True
2026-09-23.1,nuScenes,oracle,plan_fde,JC_fde,R1_mlp_clf,ms,0.1,14.645041501353262,12.709915251434722,19.351262499185395,1.9351262499185395,752,75,8.123875695172726,-11.634636933274889,none,False,81.45539363693187,not feasible (C_f > b),,0.6491920000541995,True,49.0,-16.04059157420945,False,,measured on nuScenes,5814.220981124377,-0.058375565497266996,-0.08644519430994275,-0.19586964804837845,0.02465654291900355,True
2026-09-23.1,nuScenes,oracle,plan_fde,JC_fde,R1_mlp_clf,ms,0.2,16.5801677512718,12.709915251434722,19.351262499185395,3.870252499837079,752,150,16.247751390345453,-13.011510841047064,none,False,81.45539363693187,not feasible (C_f > b),,0.6491920000541995,True,125.0,-10.946731604493454,False,,measured on nuScenes,5814.220981124377,-0.039837785583079655,-0.09473073097540113,-0.21086504219404134,0.056040277772221356,True
2026-09-23.1,nuScenes,oracle,plan_fde,JC_fde,R1_mlp_clf,ms,0.3,18.51529400119034,12.709915251434722,19.351262499185395,5.805378749755619,752,225,24.37162708551818,-22.690163512392115,none,False,81.45539363693187,not feasible (C_f > b),,0.6491920000541995,True,200.0,-19.463945955277097,False,,measured on nuScenes,5814.220981124377,-0.0708339743388511,-0.15297460685439404,-0.2888248013844334,0.04654603781319068,True
2026-09-23.1,nuScenes,oracle,plan_fde,JC_fde,R1_mlp_clf,ms,0.5,22.38554650102742,12.709915251434722,19.351262499185395,9.675631249592698,752,376,40.72769681846594,-4.595658101335097,none,True,81.45539363693187,none,,0.6491920000541995,True,350.0,11.611637931492726,False,False,measured on nuScenes,5814.220981124377,0.04225753940959688,-0.14922300175484485,-0.3765045837083468,0.15936686571475772,True
2026-09-23.1,nuScenes,oracle,plan_fde,JC_fde,R1_mlp_clf,mJ,0.1,67.8236625361018,54.55355389285198,132.70108643249824,13.270108643249827,752,75,8.123875695172726,-11.634636933274889,none,False,81.45539363693187,not feasible (C_f > b),,6.480242972520074,True,38.0,-17.635191006882764,False,,measured on nuScenes,5814.220981124377,-0.06417869583652404,-0.08490137279793886,-0.1833941118262596,0.013990424146091722,True
2026-09-23.1,nuScenes,oracle,plan_fde,JC_fde,R1_mlp_clf,mJ,0.2,81.09377117935163,54.55355389285198,132.70108643249824,26.540217286499654,752,150,16.247751390345453,-13.011510841047064,none,False,81.45539363693187,not feasible (C_f > b),,6.480242972520074,True,113.0,-9.747819919633967,False,,measured on nuScenes,5814.220981124377,-0.03547465799759327,-0.09344291136230563,-0.21213853938764685,0.0571363646074501,True
2026-09-23.1,nuScenes,oracle,plan_fde,JC_fde,R1_mlp_clf,mJ,0.3,94.36387982260146,54.55355389285198,132.70108643249824,39.81032592974948,752,225,24.37162708551818,-22.690163512392115,none,False,81.45539363693187,not feasible (C_f > b),,6.480242972520074,True,188.0,-17.91536152786189,False,,measured on nuScenes,5814.220981124377,-0.06519830365598356,-0.14769059299993198,-0.284006094842966,0.051842080640181455,True
2026-09-23.1,nuScenes,oracle,plan_fde,JC_fde,R1_mlp_clf,mJ,0.5,120.9040971091011,54.55355389285198,132.70108643249824,66.35054321624912,752,376,40.72769681846594,-4.595658101335097,none,False,81.45539363693187,not feasible (C_f > b),,6.480242972520074,True,339.0,11.611637931492726,False,,measured on nuScenes,5814.220981124377,0.04225753940959688,-0.15151866752681226,-0.38330705851691016,0.1605346591209244,True
2026-09-23.1,nuScenes,oracle,plan_fde,JC_fde,R1_gbm_reg,ms,0.1,14.645041501353262,12.709915251434722,19.351262499185395,1.9351262499185395,752,75,8.123875695172726,-1.095919113410908,"[1.2146, 1.31753]",False,81.45539363693187,not feasible (C_f > b),1.3175327659277174,15.909292499998173,False,,,False,,measured on nuScenes,5814.220981124377,,,,,True
2026-09-23.1,nuScenes,oracle,plan_fde,JC_fde,R1_gbm_reg,ms,0.2,16.5801677512718,12.709915251434722,19.351262499185395,3.870252499837079,752,150,16.247751390345453,-25.57926288155214,none,False,81.45539363693187,not feasible (C_f > b),,15.909292499998173,False,,,False,,measured on nuScenes,5814.220981124377,,,,,True
2026-09-23.1,nuScenes,oracle,plan_fde,JC_fde,R1_gbm_reg,ms,0.3,18.51529400119034,12.709915251434722,19.351262499185395,5.805378749755619,752,225,24.37162708551818,-23.226823690278106,none,False,81.45539363693187,not feasible (C_f > b),,15.909292499998173,False,,,False,,measured on nuScenes,5814.220981124377,,,,,True
2026-09-23.1,nuScenes,oracle,plan_fde,JC_fde,R1_gbm_reg,ms,0.5,22.38554650102742,12.709915251434722,19.351262499185395,9.675631249592698,752,376,40.72769681846594,-6.316887604968663,none,True,81.45539363693187,none,,15.909292499998173,False,,,False,,measured on nuScenes,5814.220981124377,,,,,True
2026-09-23.1,nuScenes,oracle,plan_fde,JC_fde,R1_gbm_reg,mJ,0.1,67.8236625361018,54.55355389285198,132.70108643249824,13.270108643249827,752,75,8.123875695172726,-1.095919113410908,"[8.32911, 9.03497]",False,81.45539363693187,not feasible (C_f > b),9.034967587069964,158.80676427354655,False,,,False,,measured on nuScenes,5814.220981124377,,,,,True
2026-09-23.1,nuScenes,oracle,plan_fde,JC_fde,R1_gbm_reg,mJ,0.2,81.09377117935163,54.55355389285198,132.70108643249824,26.540217286499654,752,150,16.247751390345453,-25.57926288155214,none,False,81.45539363693187,not feasible (C_f > b),,158.80676427354655,False,,,False,,measured on nuScenes,5814.220981124377,,,,,True
2026-09-23.1,nuScenes,oracle,plan_fde,JC_fde,R1_gbm_reg,mJ,0.3,94.36387982260146,54.55355389285198,132.70108643249824,39.81032592974948,752,225,24.37162708551818,-23.226823690278106,none,False,81.45539363693187,not feasible (C_f > b),,158.80676427354655,False,,,False,,measured on nuScenes,5814.220981124377,,,,,True
2026-09-23.1,nuScenes,oracle,plan_fde,JC_fde,R1_gbm_reg,mJ,0.5,120.9040971091011,54.55355389285198,132.70108643249824,66.35054321624912,752,376,40.72769681846594,-6.316887604968663,none,False,81.45539363693187,not feasible (C_f > b),,158.80676427354655,False,,,False,,measured on nuScenes,5814.220981124377,,,,,True
2026-09-23.1,nuScenes,oracle,plan_fde,JC_fde,R1_gbm_clf,ms,0.1,14.645041501353262,12.709915251434722,19.351262499185395,1.9351262499185395,752,75,8.123875695172726,-4.793185303643676,"[0.597007, 0.725672]",False,81.45539363693187,not feasible (C_f > b),0.7256723437451853,15.909292499998173,False,,,False,,measured on nuScenes,5814.220981124377,,,,,True
2026-09-23.1,nuScenes,oracle,plan_fde,JC_fde,R1_gbm_clf,ms,0.2,16.5801677512718,12.709915251434722,19.351262499185395,3.870252499837079,752,150,16.247751390345453,17.849729233975683,"[0, 0.0874924]; [0.808018, 0.833751]",False,81.45539363693187,not feasible (C_f > b),0.8337512034480827,15.909292499998173,False,,,False,,measured on nuScenes,5814.220981124377,,,,,True
2026-09-23.1,nuScenes,oracle,plan_fde,JC_fde,R1_gbm_clf,ms,0.3,18.51529400119034,12.709915251434722,19.351262499185395,5.805378749755619,752,225,24.37162708551818,12.802509955768777,none,False,81.45539363693187,not feasible (C_f > b),,15.909292499998173,False,,,False,,measured on nuScenes,5814.220981124377,,,,,True
2026-09-23.1,nuScenes,oracle,plan_fde,JC_fde,R1_gbm_clf,ms,0.5,22.38554650102742,12.709915251434722,19.351262499185395,9.675631249592698,752,376,40.72769681846594,35.24850387633958,none,True,81.45539363693187,none,,15.909292499998173,False,,,False,,measured on nuScenes,5814.220981124377,,,,,True
2026-09-23.1,nuScenes,oracle,plan_fde,JC_fde,R1_gbm_clf,mJ,0.1,67.8236625361018,54.55355389285198,132.70108643249824,13.270108643249827,752,75,8.123875695172726,-4.793185303643676,"[4.09397, 4.97629]",False,81.45539363693187,not feasible (C_f > b),4.97629074139515,158.80676427354655,False,,,False,,measured on nuScenes,5814.220981124377,,,,,True
2026-09-23.1,nuScenes,oracle,plan_fde,JC_fde,R1_gbm_clf,mJ,0.2,81.09377117935163,54.55355389285198,132.70108643249824,26.540217286499654,752,150,16.247751390345453,17.849729233975683,"[0, 0.599978]; [5.54098, 5.71744]",False,81.45539363693187,not feasible (C_f > b),5.7174404262575145,158.80676427354655,False,,,False,,measured on nuScenes,5814.220981124377,,,,,True
2026-09-23.1,nuScenes,oracle,plan_fde,JC_fde,R1_gbm_clf,mJ,0.3,94.36387982260146,54.55355389285198,132.70108643249824,39.81032592974948,752,225,24.37162708551818,12.802509955768777,none,False,81.45539363693187,not feasible (C_f > b),,158.80676427354655,False,,,False,,measured on nuScenes,5814.220981124377,,,,,True
2026-09-23.1,nuScenes,oracle,plan_fde,JC_fde,R1_gbm_clf,mJ,0.5,120.9040971091011,54.55355389285198,132.70108643249824,66.35054321624912,752,376,40.72769681846594,35.24850387633958,none,False,81.45539363693187,not feasible (C_f > b),,158.80676427354655,False,,,False,,measured on nuScenes,5814.220981124377,,,,,True
2026-09-23.1,nuScenes,oracle,plan_fde,JC_fde,R2_cnn_clf,ms,0.1,14.645041501353262,12.709915251434722,19.351262499185395,1.9351262499185395,752,75,8.123875695172726,-13.499896064973662,none,False,81.45539363693187,not feasible (C_f > b),,9.765887999975575,False,,,False,,measured on nuScenes,5814.220981124377,,,,,True
2026-09-23.1,nuScenes,oracle,plan_fde,JC_fde,R2_cnn_clf,ms,0.2,16.5801677512718,12.709915251434722,19.351262499185395,3.870252499837079,752,150,16.247751390345453,7.980805131736931,"[1.45134, 1.60574]",False,81.45539363693187,not feasible (C_f > b),1.6057430584687764,9.765887999975575,False,,,False,,measured on nuScenes,5814.220981124377,,,,,True
2026-09-23.1,nuScenes,oracle,plan_fde,JC_fde,R2_cnn_clf,ms,0.3,18.51529400119034,12.709915251434722,19.351262499185395,5.805378749755619,752,225,24.37162708551818,32.07970885570723,"[0, 1.40503]",False,81.45539363693187,not feasible (C_f > b),1.4050251761633952,9.765887999975575,False,,,False,,measured on nuScenes,5814.220981124377,,,,,True
2026-09-23.1,nuScenes,oracle,plan_fde,JC_fde,R2_cnn_clf,ms,0.5,22.38554650102742,12.709915251434722,19.351262499185395,9.675631249592698,752,376,40.72769681846594,40.73240482434807,"[0, 2.57323e-11]; [0.0514661, 0.771992]; [4.68342, 4.81208]",True,81.45539363693187,none,4.812082562988058,9.765887999975575,False,,,False,,measured on nuScenes,5814.220981124377,,,,,True
2026-09-23.1,nuScenes,oracle,plan_fde,JC_fde,R2_cnn_clf,mJ,0.1,67.8236625361018,54.55355389285198,132.70108643249824,13.270108643249827,752,75,8.123875695172726,-13.499896064973662,none,False,81.45539363693187,not feasible (C_f > b),,26.134822283795316,False,,,False,,measured on nuScenes,5814.220981124377,,,,,True
2026-09-23.1,nuScenes,oracle,plan_fde,JC_fde,R2_cnn_clf,mJ,0.2,81.09377117935163,54.55355389285198,132.70108643249824,26.540217286499654,752,150,16.247751390345453,7.980805131736931,"[9.95258, 11.0114]",False,81.45539363693187,not feasible (C_f > b),11.01136674670292,26.134822283795316,True,2.0,0.0,False,,measured on nuScenes,5814.220981124377,0.0,-0.05516431429212607,-0.12493989176799505,0.06282212371716767,True
2026-09-23.1,nuScenes,oracle,plan_fde,JC_fde,R2_cnn_clf,mJ,0.3,94.36387982260146,54.55355389285198,132.70108643249824,39.81032592974948,752,225,24.37162708551818,32.07970885570723,"[0, 9.63495]",False,81.45539363693187,not feasible (C_f > b),9.634945903387113,26.134822283795316,True,77.0,-13.499896064973662,False,,measured on nuScenes,5814.220981124377,-0.04912936429440921,-0.10468771859638554,-0.22097811922528518,0.10581371986664298,True
2026-09-23.1,nuScenes,oracle,plan_fde,JC_fde,R2_cnn_clf,mJ,0.5,120.9040971091011,54.55355389285198,132.70108643249824,66.35054321624912,752,376,40.72769681846594,40.73240482434807,"[0, 1.76456e-10]; [0.352928, 5.29393]; [32.1165, 32.9988]",False,81.45539363693187,not feasible (C_f > b),32.99880739761951,26.134822283795316,True,227.0,32.07970885570723,False,,measured on nuScenes,5814.220981124377,0.11674576568924872,-0.018896038705997847,-0.21652548230641008,0.23677469460786485,True
2026-09-23.1,nuScenes,mono,brake,J,uncertainty,ms,0.1,14.645041501353262,12.709915251434722,19.351262499185395,1.9351262499185395,955,95,5.506490731314344,2.5122292872616176,none,False,55.35472261479156,not feasible (C_f > b),,0.29441049997558366,True,80.0,1.6622292872616176,False,,measured on nuScenes,332.31933917287085,0.019529502238438128,-0.044973592373574685,-0.09151006222506826,0.06253103171582078,True
2026-09-23.1,nuScenes,mono,brake,J,uncertainty,ms,0.2,16.5801677512718,12.709915251434722,19.351262499185395,3.870252499837079,955,191,11.070944522958314,7.402266059817327,none,False,55.35472261479156,not feasible (C_f > b),,0.29441049997558366,True,176.0,10.086467707575848,False,,measured on nuScenes,332.31933917287085,0.1185057291329227,-0.021492522878501574,-0.1567461804328594,0.20711191304418025,True
2026-09-23.1,nuScenes,mono,brake,J,uncertainty,ms,0.3,18.51529400119034,12.709915251434722,19.351262499185395,5.805378749755619,955,286,16.577435254272658,25.75852122136154,"[0, 0.39513]",False,55.35472261479156,not feasible (C_f > b),0.3951304908413258,0.29441049997558366,True,271.0,22.55896107286534,True,,measured on nuScenes,332.31933917287085,0.2650448311467044,0.03900389696288658,-0.21410521116325096,0.470523131633678,True
2026-09-23.1,nuScenes,mono,brake,J,uncertainty,ms,0.5,22.38554650102742,12.709915251434722,19.351262499185395,9.675631249592698,955,477,27.64837977723097,24.580772339705227,"[1.67171, 2.48223]",True,55.35472261479156,none,2.4822300064602745,0.29441049997558366,True,462.0,24.580772339705227,False,False,measured on nuScenes,332.31933917287085,0.2887990556475235,0.01659733687275902,-0.32899583203908006,0.4507555109854544,True
2026-09-23.1,nuScenes,mono,brake,J,uncertainty,mJ,0.1,67.8236625361018,54.55355389285198,132.70108643249824,13.270108643249827,955,95,5.506490731314344,2.5122292872616176,none,False,55.35472261479156,not feasible (C_f > b),,2.322374272157252,True,78.0,-0.8385882649096664,False,,measured on nuScenes,332.31933917287085,-0.009852558562279545,-0.04727489849049246,-0.0918677184903795,0.05481498455462779,True
2026-09-23.1,nuScenes,mono,brake,J,uncertainty,mJ,0.2,81.09377117935163,54.55355389285198,132.70108643249824,26.540217286499654,955,191,11.070944522958314,7.402266059817327,none,False,55.35472261479156,not feasible (C_f > b),,2.322374272157252,True,174.0,10.136467707575848,False,,measured on nuScenes,332.31933917287085,0.1190931782408196,-0.023418093772517978,-0.15575837205507878,0.2004183694868511,True
2026-09-23.1,nuScenes,mono,brake,J,uncertainty,mJ,0.3,94.36387982260146,54.55355389285198,132.70108643249824,39.81032592974948,955,286,16.577435254272658,25.75852122136154,"[0, 2.7096]",False,55.35472261479156,not feasible (C_f > b),2.7096033356716447,2.322374272157252,True,269.0,18.11896107286534,True,,measured on nuScenes,332.31933917287085,0.21287935036546132,0.03607439927344244,-0.21490887683453935,0.4533385193015426,True
2026-09-23.1,nuScenes,mono,brake,J,uncertainty,mJ,0.5,120.9040971091011,54.55355389285198,132.70108643249824,66.35054321624912,955,477,27.64837977723097,24.580772339705227,"[11.4637, 17.0219]",False,55.35472261479156,not feasible (C_f > b),17.021867107972497,2.322374272157252,True,460.0,24.580772339705227,False,,measured on nuScenes,332.31933917287085,0.2887990556475235,0.01716448536127214,-0.32899583203908006,0.4547263663325931,True
2026-09-23.1,nuScenes,mono,brake,J,criticality_cheap,ms,0.1,14.645041501353262,12.709915251434722,19.351262499185395,1.9351262499185395,955,95,5.506490731314344,15.815512511420753,"[0, 1.24618]",False,55.35472261479156,not feasible (C_f > b),1.2461807787636157,1.4709314999947765,True,22.0,4.261689777772578,False,,measured on nuScenes,332.31933917287085,0.050070517161715206,0.0004721247244331035,-0.0958583598090288,0.2224995080879837,True
2026-09-23.1,nuScenes,mono,brake,J,criticality_cheap,ms,0.2,16.5801677512718,12.709915251434722,19.351262499185395,3.870252499837079,955,191,11.070944522958314,34.104842666906634,"[0, 3.05973]",False,55.35472261479156,not feasible (C_f > b),3.0597284161218283,1.4709314999947765,True,118.0,15.464226690901855,True,,measured on nuScenes,332.31933917287085,0.18168892347770876,0.14220720122711208,-0.0901508945479256,0.6172594431288924,True
2026-09-23.1,nuScenes,mono,brake,J,criticality_cheap,ms,0.3,18.51529400119034,12.709915251434722,19.351262499185395,5.805378749755619,955,286,16.577435254272658,47.60287042637931,"[0, 3.23196]",False,55.35472261479156,not feasible (C_f > b),3.231964783915625,1.4709314999947765,True,213.0,34.49208432370437,True,,measured on nuScenes,332.31933917287085,0.4052468833092829,0.3011798664615835,-0.09173472055681116,0.6874346147609367,True
2026-09-23.1,nuScenes,mono,brake,J,criticality_cheap,ms,0.5,22.38554650102742,12.709915251434722,19.351262499185395,9.675631249592698,955,477,27.64837977723097,39.76016856366338,"[0, 6.35248]",True,55.35472261479156,none,6.352482506297353,1.4709314999947765,True,404.0,40.00016856366337,True,False,measured on nuScenes,332.31933917287085,0.46996126676897865,0.21222259135299396,-0.03504229119370301,0.5450569667575024,True
2026-09-23.1,nuScenes,mono,brake,J,criticality_cheap,mJ,0.1,67.8236625361018,54.55355389285198,132.70108643249824,13.270108643249827,955,95,5.506490731314344,15.815512511420753,"[0, 8.54567]",False,55.35472261479156,not feasible (C_f > b),8.545672058357429,11.60302866907548,True,11.0,-0.07000000000000006,False,,measured on nuScenes,332.31933917287085,-0.0008224287510556348,-0.04346966453365792,-0.08482989684633845,0.1106576606720013,True
2026-09-23.1,nuScenes,mono,brake,J,criticality_cheap,mJ,0.2,81.09377117935163,54.55355389285198,132.70108643249824,26.540217286499654,955,191,11.070944522958314,34.104842666906634,"[0, 20.9821]",False,55.35472261479156,not feasible (C_f > b),20.98205659836643,11.60302866907548,True,107.0,15.815512511420753,True,,measured on nuScenes,332.31933917287085,0.1858161743153218,0.12189562394056548,-0.09617828163935234,0.5426195117307074,True
2026-09-23.1,nuScenes,mono,brake,J,criticality_cheap,mJ,0.3,94.36387982260146,54.55355389285198,132.70108643249824,39.81032592974948,955,286,16.577435254272658,47.60287042637931,"[0, 22.1632]",False,55.35472261479156,not feasible (C_f > b),22.163165744624273,11.60302866907548,True,202.0,34.104842666906634,True,,measured on nuScenes,332.31933917287085,0.40069718799275605,0.27628276236987265,-0.10362062470676636,0.6899386613669529,True
2026-09-23.1,nuScenes,mono,brake,J,criticality_cheap,mJ,0.5,120.9040971091011,54.55355389285198,132.70108643249824,66.35054321624912,955,477,27.64837977723097,39.76016856366338,"[0, 43.5621]",False,55.35472261479156,not feasible (C_f > b),43.562084394472144,11.60302866907548,True,393.0,39.26106693004326,True,,measured on nuScenes,332.31933917287085,0.46127757486267346,0.21723463460008485,-0.03582157499583698,0.5501810939566427,True
2026-09-23.1,nuScenes,mono,brake,J,gate_ridge,ms,0.1,14.645041501353262,12.709915251434722,19.351262499185395,1.9351262499185395,955,95,5.506490731314344,21.580348148379557,"[0, 1.8946]",False,55.35472261479156,not feasible (C_f > b),1.894600045752027,3.925717499981829,False,,,False,,measured on nuScenes,332.31933917287085,,,,,True
2026-09-23.1,nuScenes,mono,brake,J,gate_ridge,ms,0.2,16.5801677512718,12.709915251434722,19.351262499185395,3.870252499837079,955,191,11.070944522958314,25.38435197281319,"[0, 3.6271]",False,55.35472261479156,not feasible (C_f > b),3.627095274736688,3.925717499981829,False,,,False,,measured on nuScenes,332.31933917287085,,,,,True
2026-09-23.1,nuScenes,mono,brake,J,gate_ridge,ms,0.3,18.51529400119034,12.709915251434722,19.351262499185395,5.805378749755619,955,286,16.577435254272658,24.426010147155345,"[0, 5.50143]",False,55.35472261479156,not feasible (C_f > b),5.501432218375064,3.925717499981829,True,92.0,22.219958077263456,True,,measured on nuScenes,332.31933917287085,0.26106189099989047,0.1310926018715782,-0.16912407470136764,0.5710993968766224,True
2026-09-23.1,nuScenes,mono,brake,J,gate_ridge,ms,0.5,22.38554650102742,12.709915251434722,19.351262499185395,9.675631249592698,955,477,27.64837977723097,26.606399838426398,"[1.06381, 3.79933]; [4.60986, 5.58248]",True,55.35472261479156,none,5.582484626748615,3.925717499981829,True,283.0,24.244159874816873,False,False,measured on nuScenes,332.31933917287085,0.28484420180341086,0.055063953100837136,-0.21961353522008492,0.4455799610770734,True
2026-09-23.1,nuScenes,mono,brake,J,gate_ridge,mJ,0.1,67.8236625361018,54.55355389285198,132.70108643249824,13.270108643249827,955,95,5.506490731314344,21.580348148379557,"[0, 12.9922]",False,55.35472261479156,not feasible (C_f > b),12.992200608975173,30.966916337805152,False,,,False,,measured on nuScenes,332.31933917287085,,,,,True
2026-09-23.1,nuScenes,mono,brake,J,gate_ridge,mJ,0.2,81.09377117935163,54.55355389285198,132.70108643249824,26.540217286499654,955,191,11.070944522958314,25.38435197281319,"[0, 24.8728]",False,55.35472261479156,not feasible (C_f > b),24.872769080156957,30.966916337805152,False,,,False,,measured on nuScenes,332.31933917287085,,,,,True
2026-09-23.1,nuScenes,mono,brake,J,gate_ridge,mJ,0.3,94.36387982260146,54.55355389285198,132.70108643249824,39.81032592974948,955,286,16.577435254272658,24.426010147155345,"[0, 37.726]",False,55.35472261479156,not feasible (C_f > b),37.72601567178637,30.966916337805152,True,63.0,24.54710371458621,True,,measured on nuScenes,332.31933917287085,0.2884034835717179,0.13944608629993405,-0.15663472162836195,0.5796915315328067,True
2026-09-23.1,nuScenes,mono,brake,J,gate_ridge,mJ,0.5,120.9040971091011,54.55355389285198,132.70108643249824,66.35054321624912,955,477,27.64837977723097,26.606399838426398,"[7.29509, 26.0539]; [31.612, 38.2818]",False,55.35472261479156,not feasible (C_f > b),38.281831740613576,30.966916337805152,True,254.0,26.945815320824273,False,,measured on nuScenes,332.31933917287085,0.31658590343544685,0.06335408549483793,-0.21896036181707756,0.4881221429351877,True
2026-09-23.1,nuScenes,mono,brake,J,gate_gbm,ms,0.1,14.645041501353262,12.709915251434722,19.351262499185395,1.9351262499185395,955,95,5.506490731314344,21.009593664031165,"[0, 1.79328]",False,55.35472261479156,not feasible (C_f > b),1.7932845352850877,21.376582500010954,False,,,False,,measured on nuScenes,332.31933917287085,,,,,True
2026-09-23.1,nuScenes,mono,brake,J,gate_gbm,ms,0.2,16.5801677512718,12.709915251434722,19.351262499185395,3.870252499837079,955,191,11.070944522958314,33.78290739619419,"[0, 3.60683]",False,55.35472261479156,not feasible (C_f > b),3.6068321726433004,21.376582500010954,False,,,False,,measured on nuScenes,332.31933917287085,,,,,True
2026-09-23.1,nuScenes,mono,brake,J,gate_gbm,ms,0.3,18.51529400119034,12.709915251434722,19.351262499185395,5.805378749755619,955,286,16.577435254272658,38.57497275171668,"[0, 3.13065]; [3.35354, 5.5217]",False,55.35472261479156,not feasible (C_f > b),5.521695320468452,21.376582500010954,False,,,False,,measured on nuScenes,332.31933917287085,,,,,True
2026-09-23.1,nuScenes,mono,brake,J,gate_gbm,ms,0.5,22.38554650102742,12.709915251434722,19.351262499185395,9.675631249592698,955,477,27.64837977723097,49.39807879339955,"[0, 7.0009]",True,55.35472261479156,none,7.000901773285765,21.376582500010954,False,,,False,,measured on nuScenes,332.31933917287085,,,,,True
2026-09-23.1,nuScenes,mono,brake,J,gate_gbm,mJ,0.1,67.8236625361018,54.55355389285198,132.70108643249824,13.270108643249827,955,95,5.506490731314344,21.009593664031165,"[0, 12.2974]",False,55.35472261479156,not feasible (C_f > b),12.29743052294115,168.62314770970988,False,,,False,,measured on nuScenes,332.31933917287085,,,,,True
2026-09-23.1,nuScenes,mono,brake,J,gate_gbm,mJ,0.2,81.09377117935163,54.55355389285198,132.70108643249824,26.540217286499654,955,191,11.070944522958314,33.78290739619419,"[0, 24.7338]",False,55.35472261479156,not feasible (C_f > b),24.73381506295015,168.62314770970988,False,,,False,,measured on nuScenes,332.31933917287085,,,,,True
2026-09-23.1,nuScenes,mono,brake,J,gate_gbm,mJ,0.3,94.36387982260146,54.55355389285198,132.70108643249824,39.81032592974948,955,286,16.577435254272658,38.57497275171668,"[0, 21.4684]; [22.9969, 37.865]",False,55.35472261479156,not feasible (C_f > b),37.86496968899317,168.62314770970988,False,,,False,,measured on nuScenes,332.31933917287085,,,,,True
2026-09-23.1,nuScenes,mono,brake,J,gate_gbm,mJ,0.5,120.9040971091011,54.55355389285198,132.70108643249824,66.35054321624912,955,477,27.64837977723097,49.39807879339955,"[0, 48.0086]",False,55.35472261479156,not feasible (C_f > b),48.00861294508989,168.62314770970988,False,,,False,,measured on nuScenes,332.31933917287085,,,,,True
2026-09-23.1,nuScenes,mono,brake,J,gate_gbm_batched,ms,0.1,14.645041501353262,12.709915251434722,19.351262499185395,1.9351262499185395,955,95,5.506490731314344,21.009593664031165,"[0, 1.79328]",False,55.35472261479156,not feasible (C_f > b),1.7932845352850877,3.5357949274881264,False,,,False,,measured on nuScenes,332.31933917287085,,,,,True
2026-09-23.1,nuScenes,mono,brake,J,gate_gbm_batched,ms,0.2,16.5801677512718,12.709915251434722,19.351262499185395,3.870252499837079,955,191,11.070944522958314,33.78290739619419,"[0, 3.60683]",False,55.35472261479156,not feasible (C_f > b),3.6068321726433004,3.5357949274881264,True,16.0,20.083652200798113,True,,measured on nuScenes,332.31933917287085,0.23596247137340184,0.1183535970448416,-0.09216702685853416,0.4549044099025441,True
2026-09-23.1,nuScenes,mono,brake,J,gate_gbm_batched,ms,0.3,18.51529400119034,12.709915251434722,19.351262499185395,5.805378749755619,955,286,16.577435254272658,38.57497275171668,"[0, 3.13065]; [3.35354, 5.5217]",False,55.35472261479156,not feasible (C_f > b),5.521695320468452,3.5357949274881264,True,112.0,17.781532180799275,True,,measured on nuScenes,332.31933917287085,0.20891490433300447,0.07820416893907682,-0.22217763228466664,0.5049669759074342,True
2026-09-23.1,nuScenes,mono,brake,J,gate_gbm_batched,ms,0.5,22.38554650102742,12.709915251434722,19.351262499185395,9.675631249592698,955,477,27.64837977723097,49.39807879339955,"[0, 7.0009]",True,55.35472261479156,none,7.000901773285765,3.5357949274881264,True,303.0,38.52497275171668,True,False,measured on nuScenes,332.31933917287085,0.45262921749495266,0.1470717724226927,-0.11864321440193834,0.5174791342502377,True
2026-09-23.1,nuScenes,mono,brake,J,gate_gbm_batched,mJ,0.1,67.8236625361018,54.55355389285198,132.70108643249824,13.270108643249827,955,95,5.506490731314344,21.009593664031165,"[0, 12.2974]",False,55.35472261479156,not feasible (C_f > b),12.29743052294115,27.891121994302306,False,,,False,,measured on nuScenes,332.31933917287085,,,,,True
2026-09-23.1,nuScenes,mono,brake,J,gate_gbm_batched,mJ,0.2,81.09377117935163,54.55355389285198,132.70108643249824,26.540217286499654,955,191,11.070944522958314,33.78290739619419,"[0, 24.7338]",False,55.35472261479156,not feasible (C_f > b),24.73381506295015,27.891121994302306,False,,,False,,measured on nuScenes,332.31933917287085,,,,,True
2026-09-23.1,nuScenes,mono,brake,J,gate_gbm_batched,mJ,0.3,94.36387982260146,54.55355389285198,132.70108643249824,39.81032592974948,955,286,16.577435254272658,38.57497275171668,"[0, 21.4684]; [22.9969, 37.865]",False,55.35472261479156,not feasible (C_f > b),37.86496968899317,27.891121994302306,True,85.0,21.009593664031165,True,,measured on nuScenes,332.31933917287085,0.24684134110422165,0.09935108472572404,-0.19649552664102116,0.5148182178058801,True
2026-09-23.1,nuScenes,mono,brake,J,gate_gbm_batched,mJ,0.5,120.9040971091011,54.55355389285198,132.70108643249824,66.35054321624912,955,477,27.64837977723097,49.39807879339955,"[0, 48.0086]",False,55.35472261479156,not feasible (C_f > b),48.00861294508989,27.891121994302306,True,276.0,34.52723895146181,True,,measured on nuScenes,332.31933917287085,0.40565991440357396,0.1247976985047475,-0.13601206798651447,0.49419445074487955,True
2026-09-23.1,nuScenes,mono,brake,J,R1_mlp_reg,ms,0.1,14.645041501353262,12.709915251434722,19.351262499185395,1.9351262499185395,955,95,5.506490731314344,10.584175207342064,"[0, 1.44881]",False,55.35472261479156,not feasible (C_f > b),1.4488117996974943,0.6491920000541995,True,63.0,10.127571802758414,True,,measured on nuScenes,332.31933917287085,0.11898866041384085,0.07589023622077073,-0.05988474164856748,0.31080976722842907,True
2026-09-23.1,nuScenes,mono,brake,J,R1_mlp_reg,ms,0.2,16.5801677512718,12.709915251434722,19.351262499185395,3.870252499837079,955,191,11.070944522958314,26.34153918941145,"[0, 1.66157]",False,55.35472261479156,not feasible (C_f > b),1.6615743716780669,0.6491920000541995,True,158.0,21.66680188498732,True,,measured on nuScenes,332.31933917287085,0.2545628687662854,0.14901483985962508,-0.014641493752515545,0.4099411626356088,True
2026-09-23.1,nuScenes,mono,brake,J,R1_mlp_reg,ms,0.3,18.51529400119034,12.709915251434722,19.351262499185395,5.805378749755619,955,286,16.577435254272658,32.30287358968945,"[0, 3.00907]",False,55.35472261479156,not feasible (C_f > b),3.009070660888358,0.6491920000541995,True,254.0,30.07530735084111,True,,measured on nuScenes,332.31933917287085,0.35335424945952265,0.19132723365477852,0.007466871326000305,0.4841511695510588,True
2026-09-23.1,nuScenes,mono,brake,J,R1_mlp_reg,ms,0.5,22.38554650102742,12.709915251434722,19.351262499185395,9.675631249592698,955,477,27.64837977723097,39.09996380153521,"[0, 5.05564]",True,55.35472261479156,none,5.0556439723205315,0.6491920000541995,True,445.0,41.22305765030417,True,False,measured on nuScenes,332.31933917287085,0.484328968829058,0.14537438658124235,-0.06818326438002738,0.42124652399507967,True
2026-09-23.1,nuScenes,mono,brake,J,R1_mlp_reg,mJ,0.1,67.8236625361018,54.55355389285198,132.70108643249824,13.270108643249827,955,95,5.506490731314344,10.584175207342064,"[0, 9.93521]",False,55.35472261479156,not feasible (C_f > b),9.935212230425474,6.480242972520074,True,48.0,10.227571802758415,True,,measured on nuScenes,332.31933917287085,0.12016355862963463,0.07236444649162123,-0.06245114468838389,0.29768432357032826,True
2026-09-23.1,nuScenes,mono,brake,J,R1_mlp_reg,mJ,0.2,81.09377117935163,54.55355389285198,132.70108643249824,26.540217286499654,955,191,11.070944522958314,26.34153918941145,"[0, 11.3942]",False,55.35472261479156,not feasible (C_f > b),11.394229411096925,6.480242972520074,True,144.0,21.71680188498732,True,,measured on nuScenes,332.31933917287085,0.2551503178741823,0.12310310993971738,-0.06367360605833075,0.4069062307553515,True
2026-09-23.1,nuScenes,mono,brake,J,R1_mlp_reg,mJ,0.3,94.36387982260146,54.55355389285198,132.70108643249824,39.81032592974948,955,286,16.577435254272658,32.30287358968945,"[0, 20.6347]",False,55.35472261479156,not feasible (C_f > b),20.63467155534942,6.480242972520074,True,239.0,30.54739406128571,True,,measured on nuScenes,332.31933917287085,0.35890078779753576,0.17073295241656802,-0.007250904955116997,0.4777993498318871,True
2026-09-23.1,nuScenes,mono,brake,J,R1_mlp_reg,mJ,0.5,120.9040971091011,54.55355389285198,132.70108643249824,66.35054321624912,955,477,27.64837977723097,39.09996380153521,"[0, 34.669]",False,55.35472261479156,not feasible (C_f > b),34.66902729323667,6.480242972520074,True,430.0,35.98580964213272,True,,measured on nuScenes,332.31933917287085,0.4227966354243573,0.13570583363131594,-0.07669890741592768,0.42123724404877266,True
2026-09-23.1,nuScenes,mono,brake,J,R1_mlp_clf,ms,0.1,14.645041501353262,12.709915251434722,19.351262499185395,1.9351262499185395,955,95,5.506490731314344,11.783835930422418,"[0, 0.557235]",False,55.35472261479156,not feasible (C_f > b),0.5572353075884291,0.6491920000541995,True,63.0,2.745914731999517,False,,measured on nuScenes,332.31933917287085,0.032261703193480415,-0.02490665348575409,-0.19090741394520114,0.1571988649033659,True
2026-09-23.1,nuScenes,mono,brake,J,R1_mlp_clf,ms,0.2,16.5801677512718,12.709915251434722,19.351262499185395,3.870252499837079,955,191,11.070944522958314,21.332262415651005,"[0, 1.94526]; [1.98578, 2.02631]; [2.16815, 2.22894]",False,55.35472261479156,not feasible (C_f > b),2.228941230292927,0.6491920000541995,True,158.0,16.3161534941402,True,,measured on nuScenes,332.31933917287085,0.19169819628882492,0.0603702282469224,-0.14970556722153308,0.2405103423136254,True
2026-09-23.1,nuScenes,mono,brake,J,R1_mlp_clf,ms,0.3,18.51529400119034,12.709915251434722,19.351262499185395,5.805378749755619,955,286,16.577435254272658,28.9629638390102,"[0, 2.42144]",False,55.35472261479156,not feasible (C_f > b),2.4214407001801104,0.6491920000541995,True,254.0,26.274148211238394,True,,measured on nuScenes,332.31933917287085,0.3086944985488488,0.12350220360456995,-0.202395734782183,0.3450752608099739,True
2026-09-23.1,nuScenes,mono,brake,J,R1_mlp_clf,ms,0.5,22.38554650102742,12.709915251434722,19.351262499185395,9.675631249592698,955,477,27.64837977723097,28.837038558348823,"[0, 4.34644]; [4.54907, 5.23801]",True,55.35472261479156,none,5.238011891161022,0.6491920000541995,True,445.0,28.53392742596696,True,False,measured on nuScenes,332.31933917287085,0.33524460422357305,0.00028779759775290746,-0.2741262183575362,0.2360103507883945,True
2026-09-23.1,nuScenes,mono,brake,J,R1_mlp_clf,mJ,0.1,67.8236625361018,54.55355389285198,132.70108643249824,13.270108643249827,955,95,5.506490731314344,11.783835930422418,"[0, 3.82124]",False,55.35472261479156,not feasible (C_f > b),3.8212354733260803,6.480242972520074,True,48.0,1.9443987937703793,False,,measured on nuScenes,332.31933917287085,0.022844706735923637,-0.05410938881468096,-0.19315328486209693,0.05177940929925412,True
2026-09-23.1,nuScenes,mono,brake,J,R1_mlp_clf,mJ,0.2,81.09377117935163,54.55355389285198,132.70108643249824,26.540217286499654,955,191,11.070944522958314,21.332262415651005,"[0, 13.3396]; [13.6175, 13.8954]; [14.8681, 15.2849]",False,55.35472261479156,not feasible (C_f > b),15.28494189288745,6.480242972520074,True,144.0,16.06885104974943,True,,measured on nuScenes,332.31933917287085,0.1887926442820634,0.051233612646843465,-0.15300383314799273,0.22097547014189092,True
2026-09-23.1,nuScenes,mono,brake,J,R1_mlp_clf,mJ,0.3,94.36387982260146,54.55355389285198,132.70108643249824,39.81032592974948,955,286,16.577435254272658,28.9629638390102,"[0, 16.605]",False,55.35472261479156,not feasible (C_f > b),16.60500505635209,6.480242972520074,True,239.0,31.07951042382246,True,,measured on nuScenes,332.31933917287085,0.3651526134469267,0.12393745375203215,-0.17737939475180894,0.343574591659433,True
2026-09-23.1,nuScenes,mono,brake,J,R1_mlp_clf,mJ,0.5,120.9040971091011,54.55355389285198,132.70108643249824,66.35054321624912,955,477,27.64837977723097,28.837038558348823,"[0, 29.8056]; [31.1952, 35.9196]",False,55.35472261479156,not feasible (C_f > b),35.9196134480979,6.480242972520074,True,430.0,28.391844082662963,True,,measured on nuScenes,332.31933917287085,0.33357526955815425,-0.0017054000297908583,-0.2798156924323687,0.23207276313988842,True
2026-09-23.1,nuScenes,mono,brake,J,R1_gbm_reg,ms,0.1,14.645041501353262,12.709915251434722,19.351262499185395,1.9351262499185395,955,95,5.506490731314344,7.132635816836394,"[0, 0.516709]",False,55.35472261479156,not feasible (C_f > b),0.5167091034016533,15.909292499998173,False,,,False,,measured on nuScenes,332.31933917287085,,,,,True
2026-09-23.1,nuScenes,mono,brake,J,R1_gbm_reg,ms,0.2,16.5801677512718,12.709915251434722,19.351262499185395,3.870252499837079,955,191,11.070944522958314,32.32406890911614,"[0, 1.76289]",False,55.35472261479156,not feasible (C_f > b),1.7628898821450059,15.909292499998173,False,,,False,,measured on nuScenes,332.31933917287085,,,,,True
2026-09-23.1,nuScenes,mono,brake,J,R1_gbm_reg,ms,0.3,18.51529400119034,12.709915251434722,19.351262499185395,5.805378749755619,955,286,16.577435254272658,28.867079967672538,"[0, 3.4346]",False,55.35472261479156,not feasible (C_f > b),3.4345958048495033,15.909292499998173,False,,,False,,measured on nuScenes,332.31933917287085,,,,,True
2026-09-23.1,nuScenes,mono,brake,J,R1_gbm_reg,ms,0.5,22.38554650102742,12.709915251434722,19.351262499185395,9.675631249592698,955,477,27.64837977723097,45.126470198283656,"[0, 6.49432]",True,55.35472261479156,none,6.494324220951068,15.909292499998173,False,,,False,,measured on nuScenes,332.31933917287085,,,,,True
2026-09-23.1,nuScenes,mono,brake,J,R1_gbm_reg,mJ,0.1,67.8236625361018,54.55355389285198,132.70108643249824,13.270108643249827,955,95,5.506490731314344,7.132635816836394,"[0, 3.54333]",False,55.35472261479156,not feasible (C_f > b),3.5433274389124705,158.80676427354655,False,,,False,,measured on nuScenes,332.31933917287085,,,,,True
2026-09-23.1,nuScenes,mono,brake,J,R1_gbm_reg,mJ,0.2,81.09377117935163,54.55355389285198,132.70108643249824,26.540217286499654,955,191,11.070944522958314,32.32406890911614,"[0, 12.089]",False,55.35472261479156,not feasible (C_f > b),12.088999497130946,158.80676427354655,False,,,False,,measured on nuScenes,332.31933917287085,,,,,True
2026-09-23.1,nuScenes,mono,brake,J,R1_gbm_reg,mJ,0.3,94.36387982260146,54.55355389285198,132.70108643249824,39.81032592974948,955,286,16.577435254272658,28.867079967672538,"[0, 23.5527]",False,55.35472261479156,not feasible (C_f > b),23.552705916692315,158.80676427354655,False,,,False,,measured on nuScenes,332.31933917287085,,,,,True
2026-09-23.1,nuScenes,mono,brake,J,R1_gbm_reg,mJ,0.5,120.9040971091011,54.55355389285198,132.70108643249824,66.35054321624912,955,477,27.64837977723097,45.126470198283656,"[0, 44.5348]",False,55.35472261479156,not feasible (C_f > b),44.53476251491978,158.80676427354655,False,,,False,,measured on nuScenes,332.31933917287085,,,,,True
2026-09-23.1,nuScenes,mono,brake,J,R1_gbm_clf,ms,0.1,14.645041501353262,12.709915251434722,19.351262499185395,1.9351262499185395,955,95,5.506490731314344,22.147084851860065,"[0, 1.36776]",False,55.35472261479156,not feasible (C_f > b),1.367759391323943,15.909292499998173,False,,,False,,measured on nuScenes,332.31933917287085,,,,,True
2026-09-23.1,nuScenes,mono,brake,J,R1_gbm_clf,ms,0.2,16.5801677512718,12.709915251434722,19.351262499185395,3.870252499837079,955,191,11.070944522958314,27.862682246979915,"[0, 3.2421]",False,55.35472261479156,not feasible (C_f > b),3.242096334962319,15.909292499998173,False,,,False,,measured on nuScenes,332.31933917287085,,,,,True
2026-09-23.1,nuScenes,mono,brake,J,R1_gbm_clf,ms,0.3,18.51529400119034,12.709915251434722,19.351262499185395,5.805378749755619,955,286,16.577435254272658,28.40000373514026,"[0, 4.81249]",False,55.35472261479156,not feasible (C_f > b),4.812486747199877,15.909292499998173,False,,,False,,measured on nuScenes,332.31933917287085,,,,,True
2026-09-23.1,nuScenes,mono,brake,J,R1_gbm_clf,ms,0.5,22.38554650102742,12.709915251434722,19.351262499185395,9.675631249592698,955,477,27.64837977723097,22.55657406615664,"[2.90776, 7.3859]",True,55.35472261479156,none,7.385900713060134,15.909292499998173,False,,,False,,measured on nuScenes,332.31933917287085,,,,,True
2026-09-23.1,nuScenes,mono,brake,J,R1_gbm_clf,mJ,0.1,67.8236625361018,54.55355389285198,132.70108643249824,13.270108643249827,955,95,5.506490731314344,22.147084851860065,"[0, 9.3794]",False,55.35472261479156,not feasible (C_f > b),9.379396161598256,158.80676427354655,False,,,False,,measured on nuScenes,332.31933917287085,,,,,True
2026-09-23.1,nuScenes,mono,brake,J,R1_gbm_clf,mJ,0.2,81.09377117935163,54.55355389285198,132.70108643249824,26.540217286499654,955,191,11.070944522958314,27.862682246979915,"[0, 22.2326]",False,55.35472261479156,not feasible (C_f > b),22.232642753227672,158.80676427354655,False,,,False,,measured on nuScenes,332.31933917287085,,,,,True
2026-09-23.1,nuScenes,mono,brake,J,R1_gbm_clf,mJ,0.3,94.36387982260146,54.55355389285198,132.70108643249824,39.81032592974948,955,286,16.577435254272658,28.40000373514026,"[0, 33.0016]",False,55.35472261479156,not feasible (C_f > b),33.001579086755015,158.80676427354655,False,,,False,,measured on nuScenes,332.31933917287085,,,,,True
2026-09-23.1,nuScenes,mono,brake,J,R1_gbm_clf,mJ,0.5,120.9040971091011,54.55355389285198,132.70108643249824,66.35054321624912,955,477,27.64837977723097,22.55657406615664,"[19.9399, 50.6487]",False,55.35472261479156,not feasible (C_f > b),50.64873927201917,158.80676427354655,False,,,False,,measured on nuScenes,332.31933917287085,,,,,True
2026-09-23.1,nuScenes,mono,brake,J,R2_cnn_clf,ms,0.1,14.645041501353262,12.709915251434722,19.351262499185395,1.9351262499185395,955,95,5.506490731314344,-3.2518960629464635,none,False,55.35472261479156,not feasible (C_f > b),,9.765887999975575,False,,,False,,measured on nuScenes,332.31933917287085,,,,,True
2026-09-23.1,nuScenes,mono,brake,J,R2_cnn_clf,ms,0.2,16.5801677512718,12.709915251434722,19.351262499185395,3.870252499837079,955,191,11.070944522958314,-6.772971949838687,none,False,55.35472261479156,not feasible (C_f > b),,9.765887999975575,False,,,False,,measured on nuScenes,332.31933917287085,,,,,True
2026-09-23.1,nuScenes,mono,brake,J,R2_cnn_clf,ms,0.3,18.51529400119034,12.709915251434722,19.351262499185395,5.805378749755619,955,286,16.577435254272658,0.14936276239672697,none,False,55.35472261479156,not feasible (C_f > b),,9.765887999975575,False,,,False,,measured on nuScenes,332.31933917287085,,,,,True
2026-09-23.1,nuScenes,mono,brake,J,R2_cnn_clf,ms,0.5,22.38554650102742,12.709915251434722,19.351262499185395,9.675631249592698,955,477,27.64837977723097,4.945652815818912,none,True,55.35472261479156,none,,9.765887999975575,False,,,False,,measured on nuScenes,332.31933917287085,,,,,True
2026-09-23.1,nuScenes,mono,brake,J,R2_cnn_clf,mJ,0.1,67.8236625361018,54.55355389285198,132.70108643249824,13.270108643249827,955,95,5.506490731314344,-3.2518960629464635,none,False,55.35472261479156,not feasible (C_f > b),,26.134822283795316,False,,,False,,measured on nuScenes,332.31933917287085,,,,,True
2026-09-23.1,nuScenes,mono,brake,J,R2_cnn_clf,mJ,0.2,81.09377117935163,54.55355389285198,132.70108643249824,26.540217286499654,955,191,11.070944522958314,-6.772971949838687,none,False,55.35472261479156,not feasible (C_f > b),,26.134822283795316,True,2.0,0.04999999999999999,False,,measured on nuScenes,332.31933917287085,0.0005874491078968814,-0.11862663857574603,-0.16974077451821598,-0.00971358432866252,True
2026-09-23.1,nuScenes,mono,brake,J,R2_cnn_clf,mJ,0.3,94.36387982260146,54.55355389285198,132.70108643249824,39.81032592974948,955,286,16.577435254272658,0.14936276239672697,none,False,55.35472261479156,not feasible (C_f > b),,26.134822283795316,True,98.0,-3.390704046583866,False,,measured on nuScenes,332.31933917287085,-0.03983732134616077,-0.22725480267490297,-0.3487043106129733,-0.08475012274494985,True
2026-09-23.1,nuScenes,mono,brake,J,R2_cnn_clf,mJ,0.5,120.9040971091011,54.55355389285198,132.70108643249824,66.35054321624912,955,477,27.64837977723097,4.945652815818912,none,False,55.35472261479156,not feasible (C_f > b),,26.134822283795316,True,289.0,0.14936276239672697,False,,measured on nuScenes,332.31933917287085,0.0017548604304594227,-0.3272278682585838,-0.48771821281394906,-0.11641465512493096,True
2026-09-23.1,nuScenes,mono,plan_ade,JC_ade,uncertainty,ms,0.1,14.645041501353262,12.709915251434722,19.351262499185395,1.9351262499185395,752,75,7.837624598871421,1.1711332038927327,"[0.416876, 0.648473]",False,78.58524931135078,not feasible (C_f > b),0.648473158243116,0.29441049997558366,True,63.0,3.7913223760844925,False,,measured on nuScenes,2978.375498800933,0.024642641356895124,-0.02153538900571145,-0.2740119376634043,0.2934495411185041,True
2026-09-23.1,nuScenes,mono,plan_ade,JC_ade,uncertainty,ms,0.2,16.5801677512718,12.709915251434722,19.351262499185395,3.870252499837079,752,150,15.675249197742842,2.272400951648076,none,False,78.58524931135078,not feasible (C_f > b),,0.29441049997558366,True,138.0,2.012431640397017,False,,measured on nuScenes,2978.375498800933,0.011842214002797174,-0.06395263191416613,-0.28048115807475826,0.23513371025915117,True
2026-09-23.1,nuScenes,mono,plan_ade,JC_ade,uncertainty,ms,0.3,18.51529400119034,12.709915251434722,19.351262499185395,5.805378749755619,752,225,23.512873796614265,-2.522694082001353,none,False,78.58524931135078,not feasible (C_f > b),,0.29441049997558366,True,214.0,-1.7574208451571127,False,,measured on nuScenes,2978.375498800933,-0.010063766522900008,-0.11378486251859636,-0.3019083011558498,0.17814448895553067,True
2026-09-23.1,nuScenes,mono,plan_ade,JC_ade,uncertainty,ms,0.5,22.38554650102742,12.709915251434722,19.351262499185395,9.675631249592698,752,376,39.29262465567539,17.6587771986084,none,True,78.58524931135078,none,,0.29441049997558366,True,364.0,7.275406387366262,False,False,measured on nuScenes,2978.375498800933,0.041662007575968545,-0.11479746903664508,-0.34489628584500803,0.16128152521346914,True
2026-09-23.1,nuScenes,mono,plan_ade,JC_ade,uncertainty,mJ,0.1,67.8236625361018,54.55355389285198,132.70108643249824,13.270108643249827,752,75,7.837624598871421,1.1711332038927327,"[2.85872, 4.4469]",False,78.58524931135078,not feasible (C_f > b),4.4468981093506095,2.322374272157252,True,62.0,3.78174511913962,False,,measured on nuScenes,2978.375498800933,0.024580391596873644,-0.019890013409069745,-0.26973954840148395,0.28788550477120806,True
2026-09-23.1,nuScenes,mono,plan_ade,JC_ade,uncertainty,mJ,0.2,81.09377117935163,54.55355389285198,132.70108643249824,26.540217286499654,752,150,15.675249197742842,2.272400951648076,none,False,78.58524931135078,not feasible (C_f > b),,2.322374272157252,True,137.0,2.5602054729208277,False,,measured on nuScenes,2978.375498800933,0.015065605456034118,-0.06391906528339873,-0.2829203745413797,0.2341615886419738,True
2026-09-23.1,nuScenes,mono,plan_ade,JC_ade,uncertainty,mJ,0.3,94.36387982260146,54.55355389285198,132.70108643249824,39.81032592974948,752,225,23.512873796614265,-2.522694082001353,none,False,78.58524931135078,not feasible (C_f > b),,2.322374272157252,True,212.0,-1.6516195714873352,False,,measured on nuScenes,2978.375498800933,-0.009457901787101394,-0.11349989931742172,-0.30477944588554934,0.17265229742298407,True
2026-09-23.1,nuScenes,mono,plan_ade,JC_ade,uncertainty,mJ,0.5,120.9040971091011,54.55355389285198,132.70108643249824,66.35054321624912,752,376,39.29262465567539,17.6587771986084,none,False,78.58524931135078,not feasible (C_f > b),,2.322374272157252,True,362.0,7.275406387366262,False,,measured on nuScenes,2978.375498800933,0.041662007575968545,-0.1168843770948255,-0.34533347110424006,0.1611608276903686,True
2026-09-23.1,nuScenes,mono,plan_ade,JC_ade,criticality_cheap,ms,0.1,14.645041501353262,12.709915251434722,19.351262499185395,1.9351262499185395,752,75,7.837624598871421,-3.508496990445693,none,False,78.58524931135078,not feasible (C_f > b),,1.4709314999947765,True,18.0,-2.341157471442908,False,,measured on nuScenes,2978.375498800933,-0.01521693441125021,-0.06289234764005795,-0.13763271266529264,0.043149198449899,True
2026-09-23.1,nuScenes,mono,plan_ade,JC_ade,criticality_cheap,ms,0.2,16.5801677512718,12.709915251434722,19.351262499185395,3.870252499837079,752,150,15.675249197742842,-10.278597763500667,none,False,78.58524931135078,not feasible (C_f > b),,1.4709314999947765,True,93.0,-13.22108712883047,False,,measured on nuScenes,2978.375498800933,-0.0777998814898129,-0.1357015389313792,-0.2847861521041226,0.001105321327613711,True
2026-09-23.1,nuScenes,mono,plan_ade,JC_ade,criticality_cheap,ms,0.3,18.51529400119034,12.709915251434722,19.351262499185395,5.805378749755619,752,225,23.512873796614265,-17.378863565554294,none,False,78.58524931135078,not feasible (C_f > b),,1.4709314999947765,True,168.0,-11.181417322435255,False,,measured on nuScenes,2978.375498800933,-0.06402972494504483,-0.20019799593905455,-0.33051819572023344,-0.028260774727963955,True
2026-09-23.1,nuScenes,mono,plan_ade,JC_ade,criticality_cheap,ms,0.5,22.38554650102742,12.709915251434722,19.351262499185395,9.675631249592698,752,376,39.29262465567539,0.2664794140342045,none,True,78.58524931135078,none,,1.4709314999947765,True,318.0,-1.4113196148523337,False,False,measured on nuScenes,2978.375498800933,-0.008081804005917022,-0.20746346033187105,-0.41181349544707174,0.10088871995634237,True
2026-09-23.1,nuScenes,mono,plan_ade,JC_ade,criticality_cheap,mJ,0.1,67.8236625361018,54.55355389285198,132.70108643249824,13.270108643249827,752,75,7.837624598871421,-3.508496990445693,none,False,78.58524931135078,not feasible (C_f > b),,11.60302866907548,True,9.0,-6.107013723658058,False,,measured on nuScenes,2978.375498800933,-0.03969405237155394,-0.05570348383905428,-0.13727536293981973,0.04008235697647126,True
2026-09-23.1,nuScenes,mono,plan_ade,JC_ade,criticality_cheap,mJ,0.2,81.09377117935163,54.55355389285198,132.70108643249824,26.540217286499654,752,150,15.675249197742842,-10.278597763500667,none,False,78.58524931135078,not feasible (C_f > b),,11.60302866907548,True,84.0,-3.700836840270358,False,,measured on nuScenes,2978.375498800933,-0.021777684753192993,-0.12570925878735448,-0.26732187205985813,0.004277887997474612,True
2026-09-23.1,nuScenes,mono,plan_ade,JC_ade,criticality_cheap,mJ,0.3,94.36387982260146,54.55355389285198,132.70108643249824,39.81032592974948,752,225,23.512873796614265,-17.378863565554294,none,False,78.58524931135078,not feasible (C_f > b),,11.60302866907548,True,159.0,-10.331364408224399,False,,measured on nuScenes,2978.375498800933,-0.05916194721024506,-0.19795804507854173,-0.32485090218663343,-0.0337976387369165,True
2026-09-23.1,nuScenes,mono,plan_ade,JC_ade,criticality_cheap,mJ,0.5,120.9040971091011,54.55355389285198,132.70108643249824,66.35054321624912,752,376,39.29262465567539,0.2664794140342045,none,False,78.58524931135078,not feasible (C_f > b),,11.60302866907548,True,310.0,-0.6989002388649777,False,,measured on nuScenes,2978.375498800933,-0.004002193897649703,-0.21446446544853964,-0.41762618455810746,0.0965055411889136,True
2026-09-23.1,nuScenes,mono,plan_ade,JC_ade,gate_ridge,ms,0.1,14.645041501353262,12.709915251434722,19.351262499185395,1.9351262499185395,752,75,7.837624598871421,-1.2211050702145243,none,False,78.58524931135078,not feasible (C_f > b),,3.925717499981829,False,,,False,,measured on nuScenes,2978.375498800933,,,,,True
2026-09-23.1,nuScenes,mono,plan_ade,JC_ade,gate_ridge,ms,0.2,16.5801677512718,12.709915251434722,19.351262499185395,3.870252499837079,752,150,15.675249197742842,10.647596671293366,none,False,78.58524931135078,not feasible (C_f > b),,3.925717499981829,False,,,False,,measured on nuScenes,2978.375498800933,,,,,True
2026-09-23.1,nuScenes,mono,plan_ade,JC_ade,gate_ridge,ms,0.3,18.51529400119034,12.709915251434722,19.351262499185395,5.805378749755619,752,225,23.512873796614265,24.52858347379014,"[0, 0.27277]",False,78.58524931135078,not feasible (C_f > b),0.2727704554663779,3.925717499981829,True,73.0,-1.295991446023243,False,,measured on nuScenes,2978.375498800933,-0.007421418361114002,-0.10670796513694522,-0.22198831802763913,0.05769548070052311,True
2026-09-23.1,nuScenes,mono,plan_ade,JC_ade,gate_ridge,ms,0.5,22.38554650102742,12.709915251434722,19.351262499185395,9.675631249592698,752,376,39.29262465567539,38.4079457740058,none,True,78.58524931135078,none,,3.925717499981829,True,223.0,24.237119232500252,False,False,measured on nuScenes,2978.375498800933,0.13879184080184692,-0.08390894203950978,-0.24295070476986602,0.07761965465516728,True
2026-09-23.1,nuScenes,mono,plan_ade,JC_ade,gate_ridge,mJ,0.1,67.8236625361018,54.55355389285198,132.70108643249824,13.270108643249827,752,75,7.837624598871421,-1.2211050702145243,none,False,78.58524931135078,not feasible (C_f > b),,30.966916337805152,False,,,False,,measured on nuScenes,2978.375498800933,,,,,True
2026-09-23.1,nuScenes,mono,plan_ade,JC_ade,gate_ridge,mJ,0.2,81.09377117935163,54.55355389285198,132.70108643249824,26.540217286499654,752,150,15.675249197742842,10.647596671293366,none,False,78.58524931135078,not feasible (C_f > b),,30.966916337805152,False,,,False,,measured on nuScenes,2978.375498800933,,,,,True
2026-09-23.1,nuScenes,mono,plan_ade,JC_ade,gate_ridge,mJ,0.3,94.36387982260146,54.55355389285198,132.70108643249824,39.81032592974948,752,225,23.512873796614265,24.52858347379014,"[0, 1.87052]",False,78.58524931135078,not feasible (C_f > b),1.8705206334005169,30.966916337805152,True,50.0,-0.01780091099312986,False,,measured on nuScenes,2978.375498800933,-0.00010193586392436785,-0.10528541245186616,-0.2227436421175919,0.08953792782208306,True
2026-09-23.1,nuScenes,mono,plan_ade,JC_ade,gate_ridge,mJ,0.5,120.9040971091011,54.55355389285198,132.70108643249824,66.35054321624912,752,376,39.29262465567539,38.4079457740058,none,False,78.58524931135078,not feasible (C_f > b),,30.966916337805152,True,200.0,20.958203655183837,False,,measured on nuScenes,2978.375498800933,0.1200154043597075,-0.10682057223240417,-0.26850993234037046,0.063436813279415,True
2026-09-23.1,nuScenes,mono,plan_ade,JC_ade,gate_gbm,ms,0.1,14.645041501353262,12.709915251434722,19.351262499185395,1.9351262499185395,752,75,7.837624598871421,4.597520811645431,"[0.442609, 0.931537]; [1.18887, 1.47193]",False,78.58524931135078,not feasible (C_f > b),1.4719311369318562,21.376582500010954,False,,,False,,measured on nuScenes,2978.375498800933,,,,,True
2026-09-23.1,nuScenes,mono,plan_ade,JC_ade,gate_gbm,ms,0.2,16.5801677512718,12.709915251434722,19.351262499185395,3.870252499837079,752,150,15.675249197742842,7.1417770190609815,none,False,78.58524931135078,not feasible (C_f > b),,21.376582500010954,False,,,False,,measured on nuScenes,2978.375498800933,,,,,True
2026-09-23.1,nuScenes,mono,plan_ade,JC_ade,gate_gbm,ms,0.3,18.51529400119034,12.709915251434722,19.351262499185395,5.805378749755619,752,225,23.512873796614265,17.842231302118144,none,False,78.58524931135078,not feasible (C_f > b),,21.376582500010954,False,,,False,,measured on nuScenes,2978.375498800933,,,,,True
2026-09-23.1,nuScenes,mono,plan_ade,JC_ade,gate_gbm,ms,0.5,22.38554650102742,12.709915251434722,19.351262499185395,9.675631249592698,752,376,39.29262465567539,44.470508755735,"[0, 0.102932]",True,78.58524931135078,none,0.10293224736182616,21.376582500010954,False,,,False,,measured on nuScenes,2978.375498800933,,,,,True
2026-09-23.1,nuScenes,mono,plan_ade,JC_ade,gate_gbm,mJ,0.1,67.8236625361018,54.55355389285198,132.70108643249824,13.270108643249827,752,75,7.837624598871421,4.597520811645431,"[3.03518, 6.388]; [8.15265, 10.0938]",False,78.58524931135078,not feasible (C_f > b),10.093752851159046,168.62314770970988,False,,,False,,measured on nuScenes,2978.375498800933,,,,,True
2026-09-23.1,nuScenes,mono,plan_ade,JC_ade,gate_gbm,mJ,0.2,81.09377117935163,54.55355389285198,132.70108643249824,26.540217286499654,752,150,15.675249197742842,7.1417770190609815,none,False,78.58524931135078,not feasible (C_f > b),,168.62314770970988,False,,,False,,measured on nuScenes,2978.375498800933,,,,,True
2026-09-23.1,nuScenes,mono,plan_ade,JC_ade,gate_gbm,mJ,0.3,94.36387982260146,54.55355389285198,132.70108643249824,39.81032592974948,752,225,23.512873796614265,17.842231302118144,none,False,78.58524931135078,not feasible (C_f > b),,168.62314770970988,False,,,False,,measured on nuScenes,2978.375498800933,,,,,True
2026-09-23.1,nuScenes,mono,plan_ade,JC_ade,gate_gbm,mJ,0.5,120.9040971091011,54.55355389285198,132.70108643249824,66.35054321624912,752,376,39.29262465567539,44.470508755735,"[0, 0.705857]",False,78.58524931135078,not feasible (C_f > b),0.70585684290252,168.62314770970988,False,,,False,,measured on nuScenes,2978.375498800933,,,,,True
2026-09-23.1,nuScenes,mono,plan_ade,JC_ade,gate_gbm_batched,ms,0.1,14.645041501353262,12.709915251434722,19.351262499185395,1.9351262499185395,752,75,7.837624598871421,4.597520811645431,"[0.442609, 0.931537]; [1.18887, 1.47193]",False,78.58524931135078,not feasible (C_f > b),1.4719311369318562,3.5357949274881264,False,,,False,,measured on nuScenes,2978.375498800933,,,,,True
2026-09-23.1,nuScenes,mono,plan_ade,JC_ade,gate_gbm_batched,ms,0.2,16.5801677512718,12.709915251434722,19.351262499185395,3.870252499837079,752,150,15.675249197742842,7.1417770190609815,none,False,78.58524931135078,not feasible (C_f > b),,3.5357949274881264,True,12.0,-0.6316551760641376,False,,measured on nuScenes,2978.375498800933,-0.003716993720815448,-0.07252888553560717,-0.15337615305951588,0.04648893284159489,True
2026-09-23.1,nuScenes,mono,plan_ade,JC_ade,gate_gbm_batched,ms,0.3,18.51529400119034,12.709915251434722,19.351262499185395,5.805378749755619,752,225,23.512873796614265,17.842231302118144,none,False,78.58524931135078,not feasible (C_f > b),,3.5357949274881264,True,88.0,-0.8175911753711971,False,,measured on nuScenes,2978.375498800933,-0.004681887507362267,-0.12395162615843043,-0.21901059214622745,-0.027355697076314092,True
2026-09-23.1,nuScenes,mono,plan_ade,JC_ade,gate_gbm_batched,ms,0.5,22.38554650102742,12.709915251434722,19.351262499185395,9.675631249592698,752,376,39.29262465567539,44.470508755735,"[0, 0.102932]",True,78.58524931135078,none,0.10293224736182616,3.5357949274881264,True,238.0,19.72221024469676,False,False,measured on nuScenes,2978.375498800933,0.11293759123287256,-0.09818972094998875,-0.19478355196150457,0.07177386456616942,True
2026-09-23.1,nuScenes,mono,plan_ade,JC_ade,gate_gbm_batched,mJ,0.1,67.8236625361018,54.55355389285198,132.70108643249824,13.270108643249827,752,75,7.837624598871421,4.597520811645431,"[3.03518, 6.388]; [8.15265, 10.0938]",False,78.58524931135078,not feasible (C_f > b),10.093752851159046,27.891121994302306,False,,,False,,measured on nuScenes,2978.375498800933,,,,,True
2026-09-23.1,nuScenes,mono,plan_ade,JC_ade,gate_gbm_batched,mJ,0.2,81.09377117935163,54.55355389285198,132.70108643249824,26.540217286499654,752,150,15.675249197742842,7.1417770190609815,none,False,78.58524931135078,not feasible (C_f > b),,27.891121994302306,False,,,False,,measured on nuScenes,2978.375498800933,,,,,True
2026-09-23.1,nuScenes,mono,plan_ade,JC_ade,gate_gbm_batched,mJ,0.3,94.36387982260146,54.55355389285198,132.70108643249824,39.81032592974948,752,225,23.512873796614265,17.842231302118144,none,False,78.58524931135078,not feasible (C_f > b),,27.891121994302306,True,67.0,3.543924186787629,False,,measured on nuScenes,2978.375498800933,0.0202940722417006,-0.10270111395736257,-0.19530911461633385,0.005769539320754733,True
2026-09-23.1,nuScenes,mono,plan_ade,JC_ade,gate_gbm_batched,mJ,0.5,120.9040971091011,54.55355389285198,132.70108643249824,66.35054321624912,752,376,39.29262465567539,44.470508755735,"[0, 0.705857]",False,78.58524931135078,not feasible (C_f > b),0.70585684290252,27.891121994302306,True,217.0,16.021700956563222,False,,measured on nuScenes,2978.375498800933,0.09174693358591572,-0.10715221471448019,-0.21276931224942044,0.07629549892543554,True
2026-09-23.1,nuScenes,mono,plan_ade,JC_ade,R1_mlp_reg,ms,0.1,14.645041501353262,12.709915251434722,19.351262499185395,1.9351262499185395,752,75,7.837624598871421,26.168917021691158,"[0, 1.90939]",False,78.58524931135078,not feasible (C_f > b),1.9093931881102495,0.6491920000541995,True,49.0,25.146152500675136,True,,measured on nuScenes,2978.375498800933,0.16344366321597104,0.09231546458694252,-0.05453262768638533,0.2009244382185593,True
2026-09-23.1,nuScenes,mono,plan_ade,JC_ade,R1_mlp_reg,ms,0.2,16.5801677512718,12.709915251434722,19.351262499185395,3.870252499837079,752,150,15.675249197742842,42.49721238938536,"[0, 3.76732]",False,78.58524931135078,not feasible (C_f > b),3.7673202525267198,0.6491920000541995,True,125.0,34.35773009459232,True,,measured on nuScenes,2978.375498800933,0.20217908736032322,0.1118476953908251,-0.10135853571396233,0.2699569931188958,True
2026-09-23.1,nuScenes,mono,plan_ade,JC_ade,R1_mlp_reg,ms,0.3,18.51529400119034,12.709915251434722,19.351262499185395,5.805378749755619,752,225,23.512873796614265,47.12051644375705,"[0, 3.721]; [3.77247, 5.11059]",False,78.58524931135078,not feasible (C_f > b),5.110586080262728,0.6491920000541995,True,200.0,39.145856361286675,True,,measured on nuScenes,2978.375498800933,0.22416643107687148,0.0887670167123704,-0.16626310671336517,0.25548358408439986,True
2026-09-23.1,nuScenes,mono,plan_ade,JC_ade,R1_mlp_reg,ms,0.5,22.38554650102742,12.709915251434722,19.351262499185395,9.675631249592698,752,376,39.29262465567539,47.24172641587957,"[0, 4.32315]; [4.55475, 6.04727]",True,78.58524931135078,none,6.047269531021168,0.6491920000541995,True,350.0,47.3354178853834,True,False,measured on nuScenes,2978.375498800933,0.27106232058418217,0.03577080979163965,-0.20328558191101276,0.2178528148749991,True
2026-09-23.1,nuScenes,mono,plan_ade,JC_ade,R1_mlp_reg,mJ,0.1,67.8236625361018,54.55355389285198,132.70108643249824,13.270108643249827,752,75,7.837624598871421,26.168917021691158,"[0, 13.0936]",False,78.58524931135078,not feasible (C_f > b),13.093644432744778,6.480242972520074,True,38.0,24.395556758010745,True,,measured on nuScenes,2978.375498800933,0.15856497977634398,0.0901976323165377,-0.05271164559222264,0.19784515980174616,True
2026-09-23.1,nuScenes,mono,plan_ade,JC_ade,R1_mlp_reg,mJ,0.2,81.09377117935163,54.55355389285198,132.70108643249824,26.540217286499654,752,150,15.675249197742842,42.49721238938536,"[0, 25.8344]",False,78.58524931135078,not feasible (C_f > b),25.834360443950064,6.480242972520074,True,113.0,35.22178337747699,True,,measured on nuScenes,2978.375498800933,0.20726363467131712,0.10280512302753222,-0.11165909118119421,0.25117007181934115,True
2026-09-23.1,nuScenes,mono,plan_ade,JC_ade,R1_mlp_reg,mJ,0.3,94.36387982260146,54.55355389285198,132.70108643249824,39.81032592974948,752,225,23.512873796614265,47.12051644375705,"[0, 25.5167]; [25.8697, 35.0458]",False,78.58524931135078,not feasible (C_f > b),35.04579224152508,6.480242972520074,True,188.0,39.81562761953368,True,,measured on nuScenes,2978.375498800933,0.2280018365719874,0.0881222638619302,-0.1518835655234166,0.25327396938577007,True
2026-09-23.1,nuScenes,mono,plan_ade,JC_ade,R1_mlp_reg,mJ,0.5,120.9040971091011,54.55355389285198,132.70108643249824,66.35054321624912,752,376,39.29262465567539,47.24172641587957,"[0, 29.646]; [31.2342, 41.4691]",False,78.58524931135078,not feasible (C_f > b),41.46908951033217,6.480242972520074,True,339.0,46.80335422391618,True,,measured on nuScenes,2978.375498800933,0.2680155024252079,0.034957942357815415,-0.20377293417805337,0.2067736175202132,True
2026-09-23.1,nuScenes,mono,plan_ade,JC_ade,R1_mlp_clf,ms,0.1,14.645041501353262,12.709915251434722,19.351262499185395,1.9351262499185395,752,75,7.837624598871421,10.944249352749996,"[0, 1.11167]",False,78.58524931135078,not feasible (C_f > b),1.1116682712555326,0.6491920000541995,True,49.0,10.296537915915348,True,,measured on nuScenes,2978.375498800933,0.06692490532594046,0.010788922820508123,-0.17718550187319987,0.10349649926801271,True
2026-09-23.1,nuScenes,mono,plan_ade,JC_ade,R1_mlp_clf,ms,0.2,16.5801677512718,12.709915251434722,19.351262499185395,3.870252499837079,752,150,15.675249197742842,17.288342146574642,"[0, 1.39988]; [2.68653, 2.94386]",False,78.58524931135078,not feasible (C_f > b),2.943862273837979,0.6491920000541995,True,125.0,17.45418481407442,True,,measured on nuScenes,2978.375498800933,0.10270967105837414,-0.012896202262946665,-0.19241835400051843,0.14710235832815444,True
2026-09-23.1,nuScenes,mono,plan_ade,JC_ade,R1_mlp_clf,ms,0.3,18.51529400119034,12.709915251434722,19.351262499185395,5.805378749755619,752,225,23.512873796614265,20.964304747310045,"[1.0705, 1.12196]",False,78.58524931135078,not feasible (C_f > b),1.121961495989141,0.6491920000541995,True,200.0,21.523271833452682,False,,measured on nuScenes,2978.375498800933,0.12325174310847176,-0.04461414591294694,-0.23186931773992422,0.11313291721083256,True
2026-09-23.1,nuScenes,mono,plan_ade,JC_ade,R1_mlp_clf,ms,0.5,22.38554650102742,12.709915251434722,19.351262499185395,9.675631249592698,752,376,39.29262465567539,28.726755008600108,none,True,78.58524931135078,none,,0.6491920000541995,True,350.0,28.82044647810394,False,False,measured on nuScenes,2978.375498800933,0.16503788181490558,-0.10471034639173675,-0.3415463771121247,0.10854299052418473,True
2026-09-23.1,nuScenes,mono,plan_ade,JC_ade,R1_mlp_clf,mJ,0.1,67.8236625361018,54.55355389285198,132.70108643249824,13.270108643249827,752,75,7.837624598871421,10.944249352749996,"[0, 7.62325]",False,78.58524931135078,not feasible (C_f > b),7.623253901617855,6.480242972520074,True,38.0,16.123768104941917,True,,measured on nuScenes,2978.375498800933,0.10480043513001791,0.00804108316569669,-0.13137266747331325,0.09652553794695097,True
2026-09-23.1,nuScenes,mono,plan_ade,JC_ade,R1_mlp_clf,mJ,0.2,81.09377117935163,54.55355389285198,132.70108643249824,26.540217286499654,752,150,15.675249197742842,17.288342146574642,"[0, 9.59965]; [18.4229, 20.1875]",False,78.58524931135078,not feasible (C_f > b),20.187505702141628,6.480242972520074,True,113.0,18.039190239808683,True,,measured on nuScenes,2978.375498800933,0.10615215293218123,-0.014740909084671521,-0.1839962488228599,0.13359428935511888,True
2026-09-23.1,nuScenes,mono,plan_ade,JC_ade,R1_mlp_clf,mJ,0.3,94.36387982260146,54.55355389285198,132.70108643249824,39.81032592974948,752,225,23.512873796614265,20.964304747310045,"[7.34091, 7.69384]",False,78.58524931135078,not feasible (C_f > b),7.693839585890466,6.480242972520074,True,188.0,23.278072995698523,False,,measured on nuScenes,2978.375498800933,0.13330050817212782,-0.04469013207459392,-0.2245473183194804,0.10427278233826737,True
2026-09-23.1,nuScenes,mono,plan_ade,JC_ade,R1_mlp_clf,mJ,0.5,120.9040971091011,54.55355389285198,132.70108643249824,66.35054321624912,752,376,39.29262465567539,28.726755008600108,none,False,78.58524931135078,not feasible (C_f > b),,6.480242972520074,True,339.0,28.860085176740178,False,,measured on nuScenes,2978.375498800933,0.16526486951496758,-0.10538558410255808,-0.3411856316660249,0.10647259843375607,True
2026-09-23.1,nuScenes,mono,plan_ade,JC_ade,R1_gbm_reg,ms,0.1,14.645041501353262,12.709915251434722,19.351262499185395,1.9351262499185395,752,75,7.837624598871421,-6.525101570011802,none,False,78.58524931135078,not feasible (C_f > b),,15.909292499998173,False,,,False,,measured on nuScenes,2978.375498800933,,,,,True
2026-09-23.1,nuScenes,mono,plan_ade,JC_ade,R1_gbm_reg,ms,0.2,16.5801677512718,12.709915251434722,19.351262499185395,3.870252499837079,752,150,15.675249197742842,-3.670346986686976,none,False,78.58524931135078,not feasible (C_f > b),,15.909292499998173,False,,,False,,measured on nuScenes,2978.375498800933,,,,,True
2026-09-23.1,nuScenes,mono,plan_ade,JC_ade,R1_gbm_reg,ms,0.3,18.51529400119034,12.709915251434722,19.351262499185395,5.805378749755619,752,225,23.512873796614265,-1.3056335533084824,none,False,78.58524931135078,not feasible (C_f > b),,15.909292499998173,False,,,False,,measured on nuScenes,2978.375498800933,,,,,True
2026-09-23.1,nuScenes,mono,plan_ade,JC_ade,R1_gbm_reg,ms,0.5,22.38554650102742,12.709915251434722,19.351262499185395,9.675631249592698,752,376,39.29262465567539,17.25136041027482,none,True,78.58524931135078,none,,15.909292499998173,False,,,False,,measured on nuScenes,2978.375498800933,,,,,True
2026-09-23.1,nuScenes,mono,plan_ade,JC_ade,R1_gbm_reg,mJ,0.1,67.8236625361018,54.55355389285198,132.70108643249824,13.270108643249827,752,75,7.837624598871421,-6.525101570011802,none,False,78.58524931135078,not feasible (C_f > b),,158.80676427354655,False,,,False,,measured on nuScenes,2978.375498800933,,,,,True
2026-09-23.1,nuScenes,mono,plan_ade,JC_ade,R1_gbm_reg,mJ,0.2,81.09377117935163,54.55355389285198,132.70108643249824,26.540217286499654,752,150,15.675249197742842,-3.670346986686976,none,False,78.58524931135078,not feasible (C_f > b),,158.80676427354655,False,,,False,,measured on nuScenes,2978.375498800933,,,,,True
2026-09-23.1,nuScenes,mono,plan_ade,JC_ade,R1_gbm_reg,mJ,0.3,94.36387982260146,54.55355389285198,132.70108643249824,39.81032592974948,752,225,23.512873796614265,-1.3056335533084824,none,False,78.58524931135078,not feasible (C_f > b),,158.80676427354655,False,,,False,,measured on nuScenes,2978.375498800933,,,,,True
2026-09-23.1,nuScenes,mono,plan_ade,JC_ade,R1_gbm_reg,mJ,0.5,120.9040971091011,54.55355389285198,132.70108643249824,66.35054321624912,752,376,39.29262465567539,17.25136041027482,none,False,78.58524931135078,not feasible (C_f > b),,158.80676427354655,False,,,False,,measured on nuScenes,2978.375498800933,,,,,True
2026-09-23.1,nuScenes,mono,plan_ade,JC_ade,R1_gbm_clf,ms,0.1,14.645041501353262,12.709915251434722,19.351262499185395,1.9351262499185395,752,75,7.837624598871421,7.473732626468722,"[0.133812, 0.802872]",False,78.58524931135078,not feasible (C_f > b),0.8028715292472548,15.909292499998173,False,,,False,,measured on nuScenes,2978.375498800933,,,,,True
2026-09-23.1,nuScenes,mono,plan_ade,JC_ade,R1_gbm_clf,ms,0.2,16.5801677512718,12.709915251434722,19.351262499185395,3.870252499837079,752,150,15.675249197742842,15.312209086453821,none,False,78.58524931135078,not feasible (C_f > b),,15.909292499998173,False,,,False,,measured on nuScenes,2978.375498800933,,,,,True
2026-09-23.1,nuScenes,mono,plan_ade,JC_ade,R1_gbm_clf,ms,0.3,18.51529400119034,12.709915251434722,19.351262499185395,5.805378749755619,752,225,23.512873796614265,45.14579007150322,"[0, 1.14769]",False,78.58524931135078,not feasible (C_f > b),1.147694557823164,15.909292499998173,False,,,False,,measured on nuScenes,2978.375498800933,,,,,True
2026-09-23.1,nuScenes,mono,plan_ade,JC_ade,R1_gbm_clf,ms,0.5,22.38554650102742,12.709915251434722,19.351262499185395,9.675631249592698,752,376,39.29262465567539,67.19134145595567,"[0, 4.16876]",True,78.58524931135078,none,4.168756017137481,15.909292499998173,False,,,False,,measured on nuScenes,2978.375498800933,,,,,True
2026-09-23.1,nuScenes,mono,plan_ade,JC_ade,R1_gbm_clf,mJ,0.1,67.8236625361018,54.55355389285198,132.70108643249824,13.270108643249827,752,75,7.837624598871421,7.473732626468722,"[0.917614, 5.50568]",False,78.58524931135078,not feasible (C_f > b),5.505683373439691,158.80676427354655,False,,,False,,measured on nuScenes,2978.375498800933,,,,,True
2026-09-23.1,nuScenes,mono,plan_ade,JC_ade,R1_gbm_clf,mJ,0.2,81.09377117935163,54.55355389285198,132.70108643249824,26.540217286499654,752,150,15.675249197742842,15.312209086453821,none,False,78.58524931135078,not feasible (C_f > b),,158.80676427354655,False,,,False,,measured on nuScenes,2978.375498800933,,,,,True
2026-09-23.1,nuScenes,mono,plan_ade,JC_ade,R1_gbm_clf,mJ,0.3,94.36387982260146,54.55355389285198,132.70108643249824,39.81032592974948,752,225,23.512873796614265,45.14579007150322,"[0, 7.8703]",False,78.58524931135078,not feasible (C_f > b),7.8703037965719815,158.80676427354655,False,,,False,,measured on nuScenes,2978.375498800933,,,,,True
2026-09-23.1,nuScenes,mono,plan_ade,JC_ade,R1_gbm_clf,mJ,0.5,120.9040971091011,54.55355389285198,132.70108643249824,66.35054321624912,752,376,39.29262465567539,67.19134145595567,"[0, 28.5872]",False,78.58524931135078,not feasible (C_f > b),28.587202130581666,158.80676427354655,False,,,False,,measured on nuScenes,2978.375498800933,,,,,True
2026-09-23.1,nuScenes,mono,plan_ade,JC_ade,R2_cnn_clf,ms,0.1,14.645041501353262,12.709915251434722,19.351262499185395,1.9351262499185395,752,75,7.837624598871421,4.986528056202017,none,False,78.58524931135078,not feasible (C_f > b),,9.765887999975575,False,,,False,,measured on nuScenes,2978.375498800933,,,,,True
2026-09-23.1,nuScenes,mono,plan_ade,JC_ade,R2_cnn_clf,ms,0.2,16.5801677512718,12.709915251434722,19.351262499185395,3.870252499837079,752,150,15.675249197742842,10.085139539564311,none,False,78.58524931135078,not feasible (C_f > b),,9.765887999975575,False,,,False,,measured on nuScenes,2978.375498800933,,,,,True
2026-09-23.1,nuScenes,mono,plan_ade,JC_ade,R2_cnn_clf,ms,0.3,18.51529400119034,12.709915251434722,19.351262499185395,5.805378749755619,752,225,23.512873796614265,15.881359868730705,none,False,78.58524931135078,not feasible (C_f > b),,9.765887999975575,False,,,False,,measured on nuScenes,2978.375498800933,,,,,True
2026-09-23.1,nuScenes,mono,plan_ade,JC_ade,R2_cnn_clf,ms,0.5,22.38554650102742,12.709915251434722,19.351262499185395,9.675631249592698,752,376,39.29262465567539,47.0205838301827,"[0, 0.617593]",True,78.58524931135078,none,0.6175934840422883,9.765887999975575,False,,,False,,measured on nuScenes,2978.375498800933,,,,,True
2026-09-23.1,nuScenes,mono,plan_ade,JC_ade,R2_cnn_clf,mJ,0.1,67.8236625361018,54.55355389285198,132.70108643249824,13.270108643249827,752,75,7.837624598871421,4.986528056202017,none,False,78.58524931135078,not feasible (C_f > b),,26.134822283795316,False,,,False,,measured on nuScenes,2978.375498800933,,,,,True
2026-09-23.1,nuScenes,mono,plan_ade,JC_ade,R2_cnn_clf,mJ,0.2,81.09377117935163,54.55355389285198,132.70108643249824,26.540217286499654,752,150,15.675249197742842,10.085139539564311,none,False,78.58524931135078,not feasible (C_f > b),,26.134822283795316,True,2.0,-0.3802194755926241,False,,measured on nuScenes,2978.375498800933,-0.002237412843057308,-0.07754478812827821,-0.14751346220698588,0.04408214398664223,True
2026-09-23.1,nuScenes,mono,plan_ade,JC_ade,R2_cnn_clf,mJ,0.3,94.36387982260146,54.55355389285198,132.70108643249824,39.81032592974948,752,225,23.512873796614265,15.881359868730705,none,False,78.58524931135078,not feasible (C_f > b),,26.134822283795316,True,77.0,11.195423152622444,False,,measured on nuScenes,2978.375498800933,0.06410992850320318,-0.07775525711672823,-0.2011541546402261,0.15706425297712154,True
2026-09-23.1,nuScenes,mono,plan_ade,JC_ade,R2_cnn_clf,mJ,0.5,120.9040971091011,54.55355389285198,132.70108643249824,66.35054321624912,752,376,39.29262465567539,47.0205838301827,"[0, 4.23514]",False,78.58524931135078,not feasible (C_f > b),4.2351410565327825,26.134822283795316,True,227.0,15.944410118420974,False,,measured on nuScenes,2978.375498800933,0.09130433405088123,-0.10337990512377825,-0.2514013342969131,0.09983741514374075,True
2026-09-23.1,nuScenes,mono,plan_fde,JC_fde,uncertainty,ms,0.1,14.645041501353262,12.709915251434722,19.351262499185395,1.9351262499185395,752,75,17.368684980013377,-19.51280471714583,none,False,174.15001473293412,not feasible (C_f > b),,0.29441049997558366,True,63.0,-12.602900557007,False,,measured on nuScenes,5729.766952419244,-0.030344367331637586,-0.08128666449326559,-0.3573142631210933,0.16090588830283428,True
2026-09-23.1,nuScenes,mono,plan_fde,JC_fde,uncertainty,ms,0.2,16.5801677512718,12.709915251434722,19.351262499185395,3.870252499837079,752,150,34.737369960026754,-25.811456645217056,none,False,174.15001473293412,not feasible (C_f > b),,0.29441049997558366,True,138.0,-25.333404529815784,False,,measured on nuScenes,5729.766952419244,-0.058129050056995715,-0.12598734244335263,-0.33711794337285383,0.11194427106221631,True
2026-09-23.1,nuScenes,mono,plan_fde,JC_fde,uncertainty,ms,0.3,18.51529400119034,12.709915251434722,19.351262499185395,5.805378749755619,752,225,52.10605494004013,-44.482080614431304,none,False,174.15001473293412,not feasible (C_f > b),,0.29441049997558366,True,214.0,-40.598602992116895,False,,measured on nuScenes,5729.766952419244,-0.0931559839418875,-0.1796141833113097,-0.3822201534628653,0.08455361973287723,True
2026-09-23.1,nuScenes,mono,plan_fde,JC_fde,uncertainty,ms,0.5,22.38554650102742,12.709915251434722,19.351262499185395,9.675631249592698,752,376,87.07500736646706,25.745401589459682,none,True,174.15001473293412,none,,0.29441049997558366,True,364.0,2.8902260717290034,False,False,measured on nuScenes,5729.766952419244,0.006631800941000132,-0.1407493933344083,-0.35156764716023603,0.1412875240264693,True
2026-09-23.1,nuScenes,mono,plan_fde,JC_fde,uncertainty,mJ,0.1,67.8236625361018,54.55355389285198,132.70108643249824,13.270108643249827,752,75,17.368684980013377,-19.51280471714583,none,False,174.15001473293412,not feasible (C_f > b),,2.322374272157252,True,62.0,-12.602900557007,False,,measured on nuScenes,5729.766952419244,-0.030344367331637586,-0.08003073731913489,-0.35713464971735887,0.17169471761973149,True
2026-09-23.1,nuScenes,mono,plan_fde,JC_fde,uncertainty,mJ,0.2,81.09377117935163,54.55355389285198,132.70108643249824,26.540217286499654,752,150,34.737369960026754,-25.811456645217056,none,False,174.15001473293412,not feasible (C_f > b),,2.322374272157252,True,137.0,-26.509090358740426,False,,measured on nuScenes,5729.766952419244,-0.060826733280757744,-0.12620883989613751,-0.3371268451849963,0.11360070512877894,True
2026-09-23.1,nuScenes,mono,plan_fde,JC_fde,uncertainty,mJ,0.3,94.36387982260146,54.55355389285198,132.70108643249824,39.81032592974948,752,225,52.10605494004013,-44.482080614431304,none,False,174.15001473293412,not feasible (C_f > b),,2.322374272157252,True,212.0,-40.598602992116895,False,,measured on nuScenes,5729.766952419244,-0.0931559839418875,-0.1793842029368738,-0.3844959688644923,0.08458499983494076,True
2026-09-23.1,nuScenes,mono,plan_fde,JC_fde,uncertainty,mJ,0.5,120.9040971091011,54.55355389285198,132.70108643249824,66.35054321624912,752,376,87.07500736646706,25.745401589459682,none,False,174.15001473293412,not feasible (C_f > b),,2.322374272157252,True,362.0,2.8902260717290034,False,,measured on nuScenes,5729.766952419244,0.006631800941000132,-0.14303525283233243,-0.3548489041759848,0.13814993568565834,True
2026-09-23.1,nuScenes,mono,plan_fde,JC_fde,criticality_cheap,ms,0.1,14.645041501353262,12.709915251434722,19.351262499185395,1.9351262499185395,752,75,17.368684980013377,-4.483426715369822,none,False,174.15001473293412,not feasible (C_f > b),,1.4709314999947765,True,18.0,9.786878239046,False,,measured on nuScenes,5729.766952419244,0.02356414913950172,-0.01832298118584514,-0.10373919793559112,0.09672055921257691,True
2026-09-23.1,nuScenes,mono,plan_fde,JC_fde,criticality_cheap,ms,0.2,16.5801677512718,12.709915251434722,19.351262499185395,3.870252499837079,752,150,34.737369960026754,-20.76865132701904,none,False,174.15001473293412,not feasible (C_f > b),,1.4709314999947765,True,93.0,-23.770865748112907,False,,measured on nuScenes,5729.766952419244,-0.054543709012498366,-0.11425002516025036,-0.24449452146023745,0.0459570611444674,True
2026-09-23.1,nuScenes,mono,plan_fde,JC_fde,criticality_cheap,ms,0.3,18.51529400119034,12.709915251434722,19.351262499185395,5.805378749755619,752,225,52.10605494004013,-31.934880170640625,none,False,174.15001473293412,not feasible (C_f > b),,1.4709314999947765,True,168.0,-19.44874826079114,False,,measured on nuScenes,5729.766952419244,-0.044626345419419136,-0.17438302774688527,-0.32761362676080125,-0.011883036259474056,True
2026-09-23.1,nuScenes,mono,plan_fde,JC_fde,criticality_cheap,ms,0.5,22.38554650102742,12.709915251434722,19.351262499185395,9.675631249592698,752,376,87.07500736646706,-33.45683397211573,none,True,174.15001473293412,none,,1.4709314999947765,True,318.0,-12.78759624709734,False,False,measured on nuScenes,5729.766952419244,-0.02934192368346384,-0.2359426862419805,-0.4165490166257615,0.016696097175887797,True
2026-09-23.1,nuScenes,mono,plan_fde,JC_fde,criticality_cheap,mJ,0.1,67.8236625361018,54.55355389285198,132.70108643249824,13.270108643249827,752,75,17.368684980013377,-4.483426715369822,none,False,174.15001473293412,not feasible (C_f > b),,11.60302866907548,True,9.0,-6.90294987265662,False,,measured on nuScenes,5729.766952419244,-0.016620431595115143,-0.027810272784349596,-0.1186223283182007,0.06413494402252037,True
2026-09-23.1,nuScenes,mono,plan_fde,JC_fde,criticality_cheap,mJ,0.2,81.09377117935163,54.55355389285198,132.70108643249824,26.540217286499654,752,150,34.737369960026754,-20.76865132701904,none,False,174.15001473293412,not feasible (C_f > b),,11.60302866907548,True,84.0,-0.8546724245981672,False,,measured on nuScenes,5729.766952419244,-0.001961098284019784,-0.10498245990502991,-0.2315845877074451,0.06629063218369133,True
2026-09-23.1,nuScenes,mono,plan_fde,JC_fde,criticality_cheap,mJ,0.3,94.36387982260146,54.55355389285198,132.70108643249824,39.81032592974948,752,225,52.10605494004013,-31.934880170640625,none,False,174.15001473293412,not feasible (C_f > b),,11.60302866907548,True,159.0,-20.658209099278903,False,,measured on nuScenes,5729.766952419244,-0.0474015274735993,-0.1728791183337317,-0.3235389960595183,-0.007815594764561793,True
2026-09-23.1,nuScenes,mono,plan_fde,JC_fde,criticality_cheap,mJ,0.5,120.9040971091011,54.55355389285198,132.70108643249824,66.35054321624912,752,376,87.07500736646706,-33.45683397211573,none,False,174.15001473293412,not feasible (C_f > b),,11.60302866907548,True,310.0,-12.78759624709734,False,,measured on nuScenes,5729.766952419244,-0.02934192368346384,-0.23603310594521154,-0.41693506862157736,0.019344804391664232,True
2026-09-23.1,nuScenes,mono,plan_fde,JC_fde,gate_ridge,ms,0.1,14.645041501353262,12.709915251434722,19.351262499185395,1.9351262499185395,752,75,17.368684980013377,-9.825457568922857,none,False,174.15001473293412,not feasible (C_f > b),,3.925717499981829,False,,,False,,measured on nuScenes,5729.766952419244,,,,,True
2026-09-23.1,nuScenes,mono,plan_fde,JC_fde,gate_ridge,ms,0.2,16.5801677512718,12.709915251434722,19.351262499185395,3.870252499837079,752,150,34.737369960026754,-18.775886133283198,none,False,174.15001473293412,not feasible (C_f > b),,3.925717499981829,False,,,False,,measured on nuScenes,5729.766952419244,,,,,True
2026-09-23.1,nuScenes,mono,plan_fde,JC_fde,gate_ridge,ms,0.3,18.51529400119034,12.709915251434722,19.351262499185395,5.805378749755619,752,225,52.10605494004013,41.61047417333837,none,False,174.15001473293412,not feasible (C_f > b),,3.925717499981829,True,73.0,-9.825457568922857,False,,measured on nuScenes,5729.766952419244,-0.02254511485752355,-0.12944042580053494,-0.20388772769696017,-0.002360180556993755,True
2026-09-23.1,nuScenes,mono,plan_fde,JC_fde,gate_ridge,ms,0.5,22.38554650102742,12.709915251434722,19.351262499185395,9.675631249592698,752,376,87.07500736646706,88.749867512623,"[0, 0.66906]",True,174.15001473293412,none,0.6690596077103343,3.925717499981829,True,223.0,41.61047417333837,False,False,measured on nuScenes,5729.766952419244,0.09547778441190438,-0.13693344524942472,-0.323778673110404,0.12110301089462557,True
2026-09-23.1,nuScenes,mono,plan_fde,JC_fde,gate_ridge,mJ,0.1,67.8236625361018,54.55355389285198,132.70108643249824,13.270108643249827,752,75,17.368684980013377,-9.825457568922857,none,False,174.15001473293412,not feasible (C_f > b),,30.966916337805152,False,,,False,,measured on nuScenes,5729.766952419244,,,,,True
2026-09-23.1,nuScenes,mono,plan_fde,JC_fde,gate_ridge,mJ,0.2,81.09377117935163,54.55355389285198,132.70108643249824,26.540217286499654,752,150,34.737369960026754,-18.775886133283198,none,False,174.15001473293412,not feasible (C_f > b),,30.966916337805152,False,,,False,,measured on nuScenes,5729.766952419244,,,,,True
2026-09-23.1,nuScenes,mono,plan_fde,JC_fde,gate_ridge,mJ,0.3,94.36387982260146,54.55355389285198,132.70108643249824,39.81032592974948,752,225,52.10605494004013,41.61047417333837,none,False,174.15001473293412,not feasible (C_f > b),,30.966916337805152,True,50.0,-5.5781971572516245,False,,measured on nuScenes,5729.766952419244,-0.012799515414520906,-0.11176179709319312,-0.20347089907692054,0.028975670636120388,True
2026-09-23.1,nuScenes,mono,plan_fde,JC_fde,gate_ridge,mJ,0.5,120.9040971091011,54.55355389285198,132.70108643249824,66.35054321624912,752,376,87.07500736646706,88.749867512623,"[0, 4.58807]",False,174.15001473293412,not feasible (C_f > b),4.588069477895814,30.966916337805152,True,200.0,-10.334866298673116,False,,measured on nuScenes,5729.766952419244,-0.02371398442324941,-0.1779805333170923,-0.33713900819521764,0.06647888930557842,True
2026-09-23.1,nuScenes,mono,plan_fde,JC_fde,gate_gbm,ms,0.1,14.645041501353262,12.709915251434722,19.351262499185395,1.9351262499185395,752,75,17.368684980013377,21.462630126549687,"[0, 0.648473]",False,174.15001473293412,not feasible (C_f > b),0.648473158243116,21.376582500010954,False,,,False,,measured on nuScenes,5729.766952419244,,,,,True
2026-09-23.1,nuScenes,mono,plan_fde,JC_fde,gate_gbm,ms,0.2,16.5801677512718,12.709915251434722,19.351262499185395,3.870252499837079,752,150,34.737369960026754,34.26639824115101,"[0.0102932, 0.370556]; [0.602154, 1.58001]",False,174.15001473293412,not feasible (C_f > b),1.5800099966347534,21.376582500010954,False,,,False,,measured on nuScenes,5729.766952419244,,,,,True
2026-09-23.1,nuScenes,mono,plan_fde,JC_fde,gate_gbm,ms,0.3,18.51529400119034,12.709915251434722,19.351262499185395,5.805378749755619,752,225,52.10605494004013,81.03550756132488,"[0, 0.813165]",False,174.15001473293412,not feasible (C_f > b),0.8131647539808631,21.376582500010954,False,,,False,,measured on nuScenes,5729.766952419244,,,,,True
2026-09-23.1,nuScenes,mono,plan_fde,JC_fde,gate_gbm,ms,0.5,22.38554650102742,12.709915251434722,19.351262499185395,9.675631249592698,752,376,87.07500736646706,80.78414904840814,"[0.566127, 0.617593]",True,174.15001473293412,none,0.6175934840422883,21.376582500010954,False,,,False,,measured on nuScenes,5729.766952419244,,,,,True
2026-09-23.1,nuScenes,mono,plan_fde,JC_fde,gate_gbm,mJ,0.1,67.8236625361018,54.55355389285198,132.70108643249824,13.270108643249827,752,75,17.368684980013377,21.462630126549687,"[0, 4.4469]",False,174.15001473293412,not feasible (C_f > b),4.4468981093506095,168.62314770970988,False,,,False,,measured on nuScenes,5729.766952419244,,,,,True
2026-09-23.1,nuScenes,mono,plan_fde,JC_fde,gate_gbm,mJ,0.2,81.09377117935163,54.55355389285198,132.70108643249824,26.540217286499654,752,150,34.737369960026754,34.26639824115101,"[0.0705857, 2.54108]; [4.12926, 10.8349]",False,174.15001473293412,not feasible (C_f > b),10.834902536021408,168.62314770970988,False,,,False,,measured on nuScenes,5729.766952419244,,,,,True
2026-09-23.1,nuScenes,mono,plan_fde,JC_fde,gate_gbm,mJ,0.3,94.36387982260146,54.55355389285198,132.70108643249824,39.81032592974948,752,225,52.10605494004013,81.03550756132488,"[0, 5.57627]",False,174.15001473293412,not feasible (C_f > b),5.576269057712302,168.62314770970988,False,,,False,,measured on nuScenes,5729.766952419244,,,,,True
2026-09-23.1,nuScenes,mono,plan_fde,JC_fde,gate_gbm,mJ,0.5,120.9040971091011,54.55355389285198,132.70108643249824,66.35054321624912,752,376,87.07500736646706,80.78414904840814,"[3.88221, 4.23514]",False,174.15001473293412,not feasible (C_f > b),4.2351410565327825,168.62314770970988,False,,,False,,measured on nuScenes,5729.766952419244,,,,,True
2026-09-23.1,nuScenes,mono,plan_fde,JC_fde,gate_gbm_batched,ms,0.1,14.645041501353262,12.709915251434722,19.351262499185395,1.9351262499185395,752,75,17.368684980013377,21.462630126549687,"[0, 0.648473]",False,174.15001473293412,not feasible (C_f > b),0.648473158243116,3.5357949274881264,False,,,False,,measured on nuScenes,5729.766952419244,,,,,True
2026-09-23.1,nuScenes,mono,plan_fde,JC_fde,gate_gbm_batched,ms,0.2,16.5801677512718,12.709915251434722,19.351262499185395,3.870252499837079,752,150,34.737369960026754,34.26639824115101,"[0.0102932, 0.370556]; [0.602154, 1.58001]",False,174.15001473293412,not feasible (C_f > b),1.5800099966347534,3.5357949274881264,True,12.0,0.10320628614249383,False,,measured on nuScenes,5729.766952419244,0.0002368131518332989,-0.07184782023155831,-0.13148402665531567,0.02155876229728743,True
2026-09-23.1,nuScenes,mono,plan_fde,JC_fde,gate_gbm_batched,ms,0.3,18.51529400119034,12.709915251434722,19.351262499185395,5.805378749755619,752,225,52.10605494004013,81.03550756132488,"[0, 0.813165]",False,174.15001473293412,not feasible (C_f > b),0.8131647539808631,3.5357949274881264,True,88.0,34.03133945822407,False,,measured on nuScenes,5729.766952419244,0.07808699507977679,-0.046678924029615806,-0.14592507653887,0.07040384400800613,True
2026-09-23.1,nuScenes,mono,plan_fde,JC_fde,gate_gbm_batched,ms,0.5,22.38554650102742,12.709915251434722,19.351262499185395,9.675631249592698,752,376,87.07500736646706,80.78414904840814,"[0.566127, 0.617593]",True,174.15001473293412,none,0.6175934840422883,3.5357949274881264,True,238.0,74.77374762511326,False,False,measured on nuScenes,5729.766952419244,0.17157294881285265,-0.02750557835518538,-0.17795822617203258,0.11355017361042463,True
2026-09-23.1,nuScenes,mono,plan_fde,JC_fde,gate_gbm_batched,mJ,0.1,67.8236625361018,54.55355389285198,132.70108643249824,13.270108643249827,752,75,17.368684980013377,21.462630126549687,"[0, 4.4469]",False,174.15001473293412,not feasible (C_f > b),4.4468981093506095,27.891121994302306,False,,,False,,measured on nuScenes,5729.766952419244,,,,,True
2026-09-23.1,nuScenes,mono,plan_fde,JC_fde,gate_gbm_batched,mJ,0.2,81.09377117935163,54.55355389285198,132.70108643249824,26.540217286499654,752,150,34.737369960026754,34.26639824115101,"[0.0705857, 2.54108]; [4.12926, 10.8349]",False,174.15001473293412,not feasible (C_f > b),10.834902536021408,27.891121994302306,False,,,False,,measured on nuScenes,5729.766952419244,,,,,True
2026-09-23.1,nuScenes,mono,plan_fde,JC_fde,gate_gbm_batched,mJ,0.3,94.36387982260146,54.55355389285198,132.70108643249824,39.81032592974948,752,225,52.10605494004013,81.03550756132488,"[0, 5.57627]",False,174.15001473293412,not feasible (C_f > b),5.576269057712302,27.891121994302306,True,67.0,17.89853759966165,False,,measured on nuScenes,5729.766952419244,0.04106929200349834,-0.07271288920214662,-0.16537175571560433,0.04097287864869342,True
2026-09-23.1,nuScenes,mono,plan_fde,JC_fde,gate_gbm_batched,mJ,0.5,120.9040971091011,54.55355389285198,132.70108643249824,66.35054321624912,752,376,87.07500736646706,80.78414904840814,"[3.88221, 4.23514]",False,174.15001473293412,not feasible (C_f > b),4.2351410565327825,27.891121994302306,True,217.0,78.84055561287518,False,,measured on nuScenes,5729.766952419244,0.18090448910442994,-0.03219453391905326,-0.204962821143226,0.11764090180751041,True
2026-09-23.1,nuScenes,mono,plan_fde,JC_fde,R1_mlp_reg,ms,0.1,14.645041501353262,12.709915251434722,19.351262499185395,1.9351262499185395,752,75,17.368684980013377,63.20413327118123,"[0, 1.54913]",False,174.15001473293412,not feasible (C_f > b),1.5491303224339257,0.6491920000541995,True,49.0,54.21758056208596,True,,measured on nuScenes,5729.766952419244,0.13054123318412506,0.064623179648267,-0.07722400171070705,0.21526183027957424,True
2026-09-23.1,nuScenes,mono,plan_fde,JC_fde,R1_mlp_reg,ms,0.2,16.5801677512718,12.709915251434722,19.351262499185395,3.870252499837079,752,150,34.737369960026754,113.40839539659757,"[0, 2.94386]; [3.02106, 3.48426]",False,174.15001473293412,not feasible (C_f > b),3.484256572352465,0.6491920000541995,True,125.0,79.9012942008543,True,,measured on nuScenes,5729.766952419244,0.18333841883564533,0.09141105829541384,-0.053947933602873074,0.2230794206879947,True
2026-09-23.1,nuScenes,mono,plan_fde,JC_fde,R1_mlp_reg,ms,0.3,18.51529400119034,12.709915251434722,19.351262499185395,5.805378749755619,752,225,52.10605494004013,109.74656288399824,"[0, 4.69886]",False,174.15001473293412,not feasible (C_f > b),4.698857090918357,0.6491920000541995,True,200.0,109.74221353347832,True,,measured on nuScenes,5729.766952419244,0.25181023799407437,0.1179433793757056,-0.05984983965162138,0.26668397511330305,True
2026-09-23.1,nuScenes,mono,plan_fde,JC_fde,R1_mlp_reg,ms,0.5,22.38554650102742,12.709915251434722,19.351262499185395,9.675631249592698,752,376,87.07500736646706,159.2073690231175,"[0, 6.20167]",True,174.15001473293412,none,6.201667902025307,0.6491920000541995,True,350.0,160.35608942798754,True,False,measured on nuScenes,5729.766952419244,0.3679468797150002,0.16569877199459473,-0.01986888549287221,0.3291713275425682,True
2026-09-23.1,nuScenes,mono,plan_fde,JC_fde,R1_mlp_reg,mJ,0.1,67.8236625361018,54.55355389285198,132.70108643249824,13.270108643249827,752,75,17.368684980013377,63.20413327118123,"[0, 10.6231]",False,174.15001473293412,not feasible (C_f > b),10.623145483203587,6.480242972520074,True,38.0,38.58758671882576,True,,measured on nuScenes,5729.766952419244,0.09290844599947742,0.0467574741270728,-0.07160452367907566,0.18385914489008637,True
2026-09-23.1,nuScenes,mono,plan_fde,JC_fde,R1_mlp_reg,mJ,0.2,81.09377117935163,54.55355389285198,132.70108643249824,26.540217286499654,752,150,34.737369960026754,113.40839539659757,"[0, 20.1875]; [20.7169, 23.8933]",False,174.15001473293412,not feasible (C_f > b),23.893254126453414,6.480242972520074,True,113.0,64.98332116656547,True,,measured on nuScenes,5729.766952419244,0.14910821498608035,0.07778695617701561,-0.06045399373187695,0.19820721824096238,True
2026-09-23.1,nuScenes,mono,plan_fde,JC_fde,R1_mlp_reg,mJ,0.3,94.36387982260146,54.55355389285198,132.70108643249824,39.81032592974948,752,225,52.10605494004013,109.74656288399824,"[0, 32.2224]",False,174.15001473293412,not feasible (C_f > b),32.22236487062086,6.480242972520074,True,188.0,116.29970086233413,True,,measured on nuScenes,5729.766952419244,0.266856794754282,0.11653422969107961,-0.06349707230026355,0.2674295119593836,True
2026-09-23.1,nuScenes,mono,plan_fde,JC_fde,R1_mlp_reg,mJ,0.5,120.9040971091011,54.55355389285198,132.70108643249824,66.35054321624912,752,376,87.07500736646706,159.2073690231175,"[0, 42.5279]",False,174.15001473293412,not feasible (C_f > b),42.52787477442125,6.480242972520074,True,339.0,160.84208652235563,True,,measured on nuScenes,5729.766952419244,0.36906202984781505,0.16599435242276644,-0.017580022422375104,0.32920426390151775,True
2026-09-23.1,nuScenes,mono,plan_fde,JC_fde,R1_mlp_clf,ms,0.1,14.645041501353262,12.709915251434722,19.351262499185395,1.9351262499185395,752,75,17.368684980013377,2.013412141356591,none,False,174.15001473293412,not feasible (C_f > b),,0.6491920000541995,True,49.0,4.251110569001517,False,,measured on nuScenes,5729.766952419244,0.010235521584074437,-0.03693461409781662,-0.13374807431268645,0.060588278359289094,True
2026-09-23.1,nuScenes,mono,plan_fde,JC_fde,R1_mlp_clf,ms,0.2,16.5801677512718,12.709915251434722,19.351262499185395,3.870252499837079,752,150,34.737369960026754,28.116760467051336,none,False,174.15001473293412,not feasible (C_f > b),,0.6491920000541995,True,125.0,7.979592937434444,False,,measured on nuScenes,5729.766952419244,0.018309665278058433,-0.056396540647315994,-0.20709365952334455,0.1038106176172665,True
2026-09-23.1,nuScenes,mono,plan_fde,JC_fde,R1_mlp_clf,ms,0.3,18.51529400119034,12.709915251434722,19.351262499185395,5.805378749755619,752,225,52.10605494004013,83.25727805136351,"[0, 1.04476]",False,174.15001473293412,not feasible (C_f > b),1.044762310487072,0.6491920000541995,True,200.0,86.75048251335689,True,,measured on nuScenes,5729.766952419244,0.19905430138900176,0.019452066269345893,-0.2143766822927658,0.1924883251799383,True
2026-09-23.1,nuScenes,mono,plan_fde,JC_fde,R1_mlp_clf,ms,0.5,22.38554650102742,12.709915251434722,19.351262499185395,9.675631249592698,752,376,87.07500736646706,80.14562106190311,"[4.29742, 4.32315]",True,174.15001473293412,none,4.323154388141619,0.6491920000541995,True,350.0,83.47001823430551,False,False,measured on nuScenes,5729.766952419244,0.19152707495314183,-0.027855237609108265,-0.19882649057834464,0.09114991062134,True
2026-09-23.1,nuScenes,mono,plan_fde,JC_fde,R1_mlp_clf,mJ,0.1,67.8236625361018,54.55355389285198,132.70108643249824,13.270108643249827,752,75,17.368684980013377,2.013412141356591,none,False,174.15001473293412,not feasible (C_f > b),,6.480242972520074,True,38.0,6.650611020356601,False,,measured on nuScenes,5729.766952419244,0.016012868059117995,-0.03665485844960777,-0.11592688415512599,0.03016323065181174,True
2026-09-23.1,nuScenes,mono,plan_fde,JC_fde,R1_mlp_clf,mJ,0.2,81.09377117935163,54.55355389285198,132.70108643249824,26.540217286499654,752,150,34.737369960026754,28.116760467051336,none,False,174.15001473293412,not feasible (C_f > b),,6.480242972520074,True,113.0,7.039129687775903,False,,measured on nuScenes,5729.766952419244,0.016151714685518643,-0.06658911133426204,-0.2041466215441317,0.07447193662728784,True
2026-09-23.1,nuScenes,mono,plan_fde,JC_fde,R1_mlp_clf,mJ,0.3,94.36387982260146,54.55355389285198,132.70108643249824,39.81032592974948,752,225,52.10605494004013,83.25727805136351,"[0, 7.16445]",False,174.15001473293412,not feasible (C_f > b),7.164446953845925,6.480242972520074,True,188.0,54.780321134351176,True,,measured on nuScenes,5729.766952419244,0.12569680579683837,-0.005044940796760095,-0.23856540849856323,0.18842004424663744,True
2026-09-23.1,nuScenes,mono,plan_fde,JC_fde,R1_mlp_clf,mJ,0.5,120.9040971091011,54.55355389285198,132.70108643249824,66.35054321624912,752,376,87.07500736646706,80.14562106190311,"[29.4695, 29.646]",False,174.15001473293412,not feasible (C_f > b),29.645987394670748,6.480242972520074,True,339.0,78.8008262365109,False,,measured on nuScenes,5729.766952419244,0.18081332761428384,-0.029971884835442122,-0.2028535983546391,0.08913129698514805,True
2026-09-23.1,nuScenes,mono,plan_fde,JC_fde,R1_gbm_reg,ms,0.1,14.645041501353262,12.709915251434722,19.351262499185395,1.9351262499185395,752,75,17.368684980013377,-47.89763237774704,none,False,174.15001473293412,not feasible (C_f > b),,15.909292499998173,False,,,False,,measured on nuScenes,5729.766952419244,,,,,True
2026-09-23.1,nuScenes,mono,plan_fde,JC_fde,R1_gbm_reg,ms,0.2,16.5801677512718,12.709915251434722,19.351262499185395,3.870252499837079,752,150,34.737369960026754,-27.051018403426866,none,False,174.15001473293412,not feasible (C_f > b),,15.909292499998173,False,,,False,,measured on nuScenes,5729.766952419244,,,,,True
2026-09-23.1,nuScenes,mono,plan_fde,JC_fde,R1_gbm_reg,ms,0.3,18.51529400119034,12.709915251434722,19.351262499185395,5.805378749755619,752,225,52.10605494004013,-2.8488779317544584,none,False,174.15001473293412,not feasible (C_f > b),,15.909292499998173,False,,,False,,measured on nuScenes,5729.766952419244,,,,,True
2026-09-23.1,nuScenes,mono,plan_fde,JC_fde,R1_gbm_reg,ms,0.5,22.38554650102742,12.709915251434722,19.351262499185395,9.675631249592698,752,376,87.07500736646706,68.41703091795414,none,True,174.15001473293412,none,,15.909292499998173,False,,,False,,measured on nuScenes,5729.766952419244,,,,,True
2026-09-23.1,nuScenes,mono,plan_fde,JC_fde,R1_gbm_reg,mJ,0.1,67.8236625361018,54.55355389285198,132.70108643249824,13.270108643249827,752,75,17.368684980013377,-47.89763237774704,none,False,174.15001473293412,not feasible (C_f > b),,158.80676427354655,False,,,False,,measured on nuScenes,5729.766952419244,,,,,True
2026-09-23.1,nuScenes,mono,plan_fde,JC_fde,R1_gbm_reg,mJ,0.2,81.09377117935163,54.55355389285198,132.70108643249824,26.540217286499654,752,150,34.737369960026754,-27.051018403426866,none,False,174.15001473293412,not feasible (C_f > b),,158.80676427354655,False,,,False,,measured on nuScenes,5729.766952419244,,,,,True
2026-09-23.1,nuScenes,mono,plan_fde,JC_fde,R1_gbm_reg,mJ,0.3,94.36387982260146,54.55355389285198,132.70108643249824,39.81032592974948,752,225,52.10605494004013,-2.8488779317544584,none,False,174.15001473293412,not feasible (C_f > b),,158.80676427354655,False,,,False,,measured on nuScenes,5729.766952419244,,,,,True
2026-09-23.1,nuScenes,mono,plan_fde,JC_fde,R1_gbm_reg,mJ,0.5,120.9040971091011,54.55355389285198,132.70108643249824,66.35054321624912,752,376,87.07500736646706,68.41703091795414,none,False,174.15001473293412,not feasible (C_f > b),,158.80676427354655,False,,,False,,measured on nuScenes,5729.766952419244,,,,,True
2026-09-23.1,nuScenes,mono,plan_fde,JC_fde,R1_gbm_clf,ms,0.1,14.645041501353262,12.709915251434722,19.351262499185395,1.9351262499185395,752,75,17.368684980013377,30.169131638937177,"[0, 0.725672]; [0.777138, 0.802872]; [0.880071, 1.1374]",False,174.15001473293412,not feasible (C_f > b),1.1374013330895556,15.909292499998173,False,,,False,,measured on nuScenes,5729.766952419244,,,,,True
2026-09-23.1,nuScenes,mono,plan_fde,JC_fde,R1_gbm_clf,ms,0.2,16.5801677512718,12.709915251434722,19.351262499185395,3.870252499837079,752,150,34.737369960026754,57.198544700551224,"[0, 1.16828]; [2.32627, 2.352]",False,174.15001473293412,not feasible (C_f > b),2.352001851655447,15.909292499998173,False,,,False,,measured on nuScenes,5729.766952419244,,,,,True
2026-09-23.1,nuScenes,mono,plan_fde,JC_fde,R1_gbm_clf,ms,0.3,18.51529400119034,12.709915251434722,19.351262499185395,5.805378749755619,752,225,52.10605494004013,45.28677415032431,"[0.710233, 1.37929]; [1.43076, 1.48222]; [1.79102, 2.33142]",False,174.15001473293412,not feasible (C_f > b),2.3314154021882283,15.909292499998173,False,,,False,,measured on nuScenes,5729.766952419244,,,,,True
2026-09-23.1,nuScenes,mono,plan_fde,JC_fde,R1_gbm_clf,ms,0.5,22.38554650102742,12.709915251434722,19.351262499185395,9.675631249592698,752,376,87.07500736646706,88.97984833676396,"[0, 1.95571]",True,174.15001473293412,none,1.9557126994114915,15.909292499998173,False,,,False,,measured on nuScenes,5729.766952419244,,,,,True
2026-09-23.1,nuScenes,mono,plan_fde,JC_fde,R1_gbm_clf,mJ,0.1,67.8236625361018,54.55355389285198,132.70108643249824,13.270108643249827,752,75,17.368684980013377,30.169131638937177,"[0, 4.97629]; [5.32922, 5.50568]; [6.03508, 7.79972]",False,174.15001473293412,not feasible (C_f > b),7.799718112299369,158.80676427354655,False,,,False,,measured on nuScenes,5729.766952419244,,,,,True
2026-09-23.1,nuScenes,mono,plan_fde,JC_fde,R1_gbm_clf,mJ,0.2,81.09377117935163,54.55355389285198,132.70108643249824,26.540217286499654,752,150,34.737369960026754,57.198544700551224,"[0, 8.01148]; [15.9524, 16.1288]",False,174.15001473293412,not feasible (C_f > b),16.128828856466814,158.80676427354655,False,,,False,,measured on nuScenes,5729.766952419244,,,,,True
2026-09-23.1,nuScenes,mono,plan_fde,JC_fde,R1_gbm_clf,mJ,0.3,94.36387982260146,54.55355389285198,132.70108643249824,39.81032592974948,752,225,52.10605494004013,45.28677415032431,"[4.87041, 9.45848]; [9.81141, 10.1643]; [12.2819, 15.9877]",False,174.15001473293412,not feasible (C_f > b),15.987657487921606,158.80676427354655,False,,,False,,measured on nuScenes,5729.766952419244,,,,,True
2026-09-23.1,nuScenes,mono,plan_fde,JC_fde,R1_gbm_clf,mJ,0.5,120.9040971091011,54.55355389285198,132.70108643249824,66.35054321624912,752,376,87.07500736646706,88.97984833676396,"[0, 13.4113]",False,174.15001473293412,not feasible (C_f > b),13.411280011971499,158.80676427354655,False,,,False,,measured on nuScenes,5729.766952419244,,,,,True
2026-09-23.1,nuScenes,mono,plan_fde,JC_fde,R2_cnn_clf,ms,0.1,14.645041501353262,12.709915251434722,19.351262499185395,1.9351262499185395,752,75,17.368684980013377,14.928429891875963,none,False,174.15001473293412,not feasible (C_f > b),,9.765887999975575,False,,,False,,measured on nuScenes,5729.766952419244,,,,,True
2026-09-23.1,nuScenes,mono,plan_fde,JC_fde,R2_cnn_clf,ms,0.2,16.5801677512718,12.709915251434722,19.351262499185395,3.870252499837079,752,150,34.737369960026754,35.6435964008674,"[0, 0.422022]",False,174.15001473293412,not feasible (C_f > b),0.42202221410371177,9.765887999975575,False,,,False,,measured on nuScenes,5729.766952419244,,,,,True
2026-09-23.1,nuScenes,mono,plan_fde,JC_fde,R2_cnn_clf,ms,0.3,18.51529400119034,12.709915251434722,19.351262499185395,5.805378749755619,752,225,52.10605494004013,46.662083365312405,none,False,174.15001473293412,not feasible (C_f > b),,9.765887999975575,False,,,False,,measured on nuScenes,5729.766952419244,,,,,True
2026-09-23.1,nuScenes,mono,plan_fde,JC_fde,R2_cnn_clf,ms,0.5,22.38554650102742,12.709915251434722,19.351262499185395,9.675631249592698,752,376,87.07500736646706,34.144601436031834,none,True,174.15001473293412,none,,9.765887999975575,False,,,False,,measured on nuScenes,5729.766952419244,,,,,True
2026-09-23.1,nuScenes,mono,plan_fde,JC_fde,R2_cnn_clf,mJ,0.1,67.8236625361018,54.55355389285198,132.70108643249824,13.270108643249827,752,75,17.368684980013377,14.928429891875963,none,False,174.15001473293412,not feasible (C_f > b),,26.134822283795316,False,,,False,,measured on nuScenes,5729.766952419244,,,,,True
2026-09-23.1,nuScenes,mono,plan_fde,JC_fde,R2_cnn_clf,mJ,0.2,81.09377117935163,54.55355389285198,132.70108643249824,26.540217286499654,752,150,34.737369960026754,35.6435964008674,"[0, 2.89401]",False,174.15001473293412,not feasible (C_f > b),2.8940130553532875,26.134822283795316,True,2.0,-4.212134049113882,False,,measured on nuScenes,5729.766952419244,-0.009664999850278605,-0.08111476725022358,-0.14304356824888292,0.01888768120605676,True
2026-09-23.1,nuScenes,mono,plan_fde,JC_fde,R2_cnn_clf,mJ,0.3,94.36387982260146,54.55355389285198,132.70108643249824,39.81032592974948,752,225,52.10605494004013,46.662083365312405,none,False,174.15001473293412,not feasible (C_f > b),,26.134822283795316,True,77.0,14.928429891875963,False,,measured on nuScenes,5729.766952419244,0.034254197750479734,-0.08273733913217135,-0.15232206489030933,0.01320294280690668,True
2026-09-23.1,nuScenes,mono,plan_fde,JC_fde,R2_cnn_clf,mJ,0.5,120.9040971091011,54.55355389285198,132.70108643249824,66.35054321624912,752,376,87.07500736646706,34.144601436031834,none,False,174.15001473293412,not feasible (C_f > b),,26.134822283795316,True,227.0,45.163639977471604,False,,measured on nuScenes,5729.766952419244,0.10363074121824992,-0.08150334805795612,-0.2429811921705275,0.13109038312278437,True
2026-09-23.1,KITTI,oracle,brake,J,uncertainty,ms,0.1,15.02567092411482,13.17875574932259,18.469151747922297,1.8469151747922297,3536,353,124.06330811446955,-21.07260998216102,none,False,1242.7418059285108,not feasible (C_f > b),,0.2125190000015209,True,312.0,-28.273851538545387,False,,measured on KITTI,4585.479391436285,-0.015991016940670785,-0.08521140511954013,-0.12893540844415502,-0.039731237347478174,True
2026-09-23.1,KITTI,oracle,brake,J,uncertainty,ms,0.2,16.87258609890705,13.17875574932259,18.469151747922297,3.6938303495844593,3536,707,248.47807035957499,-18.885588758039184,none,False,1242.7418059285108,not feasible (C_f > b),,0.2125190000015209,True,666.0,-24.980599479132334,False,,measured on KITTI,4585.479391436285,-0.013961473240972166,-0.13922748894645234,-0.18319086069312557,-0.039039314139888044,True
2026-09-23.1,KITTI,oracle,brake,J,uncertainty,ms,0.3,18.71950127369928,13.17875574932259,18.469151747922297,5.540745524376689,3536,1060,372.5413784740445,73.17113818306082,none,True,1242.7418059285108,none,,0.2125190000015209,True,1020.0,77.56385425552577,False,False,measured on KITTI,4585.479391436285,0.04334986742651227,-0.17858536090929936,-0.26030784390160666,-0.011009238081813755,True
2026-09-23.1,KITTI,oracle,brake,J,uncertainty,ms,0.5,22.41333162328374,13.17875574932259,18.469151747922297,9.234575873961148,3536,1768,621.3709029642554,154.43216103462487,none,True,1242.7418059285108,none,,0.2125190000015209,True,1727.0,63.04877216033875,False,False,measured on KITTI,4585.479391436285,0.03523749484587208,-0.26171597333075186,-0.4040721366160382,-0.04891978709630196,True
2026-09-23.1,KITTI,oracle,brake,J,uncertainty,mJ,0.1,49.55596606074272,41.112641173187015,84.43324887555701,8.443324887555704,3536,353,124.06330811446955,-21.07260998216102,none,False,1242.7418059285108,not feasible (C_f > b),,1.6763962494172269,True,283.0,-35.37756378177587,False,,measured on KITTI,4585.479391436285,-0.020008707373411642,-0.08524046145027471,-0.1286489239305882,-0.04096491498618726,True
2026-09-23.1,KITTI,oracle,brake,J,uncertainty,mJ,0.2,57.99929094829842,41.112641173187015,84.43324887555701,16.886649775111408,3536,707,248.47807035957499,-18.885588758039184,none,False,1242.7418059285108,not feasible (C_f > b),,1.6763962494172269,True,636.0,-25.23113633730171,False,,measured on KITTI,4585.479391436285,-0.01410149644754617,-0.1389163847902702,-0.18183603984381516,-0.05368911262058277,True
2026-09-23.1,KITTI,oracle,brake,J,uncertainty,mJ,0.3,66.44261583585411,41.112641173187015,84.43324887555701,25.329974662667098,3536,1060,372.5413784740445,73.17113818306082,none,False,1242.7418059285108,not feasible (C_f > b),,1.6763962494172269,True,990.0,85.60677579566276,False,,measured on KITTI,4585.479391436285,0.04784499709526438,-0.18006866497518145,-0.26109834052127323,-0.007381916874775446,True
2026-09-23.1,KITTI,oracle,brake,J,uncertainty,mJ,0.5,83.32926561096552,41.112641173187015,84.43324887555701,42.216624437778506,3536,1768,621.3709029642554,154.43216103462487,none,False,1242.7418059285108,not feasible (C_f > b),,1.6763962494172269,True,1697.0,56.56995618796311,False,,measured on KITTI,4585.479391436285,0.031616532270211446,-0.2654613308987661,-0.4020820756331712,-0.05491091600757566,True
2026-09-23.1,KITTI,oracle,brake,J,criticality_cheap,ms,0.1,15.02567092411482,13.17875574932259,18.469151747922297,1.8469151747922297,3536,353,124.06330811446955,21.257980139293245,none,False,1242.7418059285108,not feasible (C_f > b),,1.3042825000013636,True,103.0,9.069270031167703,False,,measured on KITTI,4585.479391436285,0.005129363097567634,-0.06405922006337834,-0.12642732650693103,0.0011363905309022448,True
2026-09-23.1,KITTI,oracle,brake,J,criticality_cheap,ms,0.2,16.87258609890705,13.17875574932259,18.469151747922297,3.6938303495844593,3536,707,248.47807035957499,-21.00039852858263,none,False,1242.7418059285108,not feasible (C_f > b),,1.3042825000013636,True,457.0,-7.56712924077519,False,,measured on KITTI,4585.479391436285,-0.004229212853531183,-0.12093390969039479,-0.1900603593477886,-0.004445195098906603,True
2026-09-23.1,KITTI,oracle,brake,J,criticality_cheap,ms,0.3,18.71950127369928,13.17875574932259,18.469151747922297,5.540745524376689,3536,1060,372.5413784740445,132.483874730411,none,True,1242.7418059285108,none,,1.3042825000013636,True,811.0,-21.598645801266816,False,False,measured on KITTI,4585.479391436285,-0.012071324214918175,-0.19801889139078854,-0.28621053265623836,-0.06285847774221093,True
2026-09-23.1,KITTI,oracle,brake,J,criticality_cheap,ms,0.5,22.41333162328374,13.17875574932259,18.469151747922297,9.234575873961148,3536,1768,621.3709029642554,96.99125717346728,none,True,1242.7418059285108,none,,1.3042825000013636,True,1518.0,109.8323419429408,False,False,measured on KITTI,4585.479391436285,0.061384487762618505,-0.25049588050567884,-0.44397630271484645,0.14981734292553966,True
2026-09-23.1,KITTI,oracle,brake,J,criticality_cheap,mJ,0.1,49.55596606074272,41.112641173187015,84.43324887555701,8.443324887555704,3536,353,124.06330811446955,21.257980139293245,none,False,1242.7418059285108,not feasible (C_f > b),,10.288464989799325,False,,,False,,measured on KITTI,4585.479391436285,,,,,True
2026-09-23.1,KITTI,oracle,brake,J,criticality_cheap,mJ,0.2,57.99929094829842,41.112641173187015,84.43324887555701,16.886649775111408,3536,707,248.47807035957499,-21.00039852858263,none,False,1242.7418059285108,not feasible (C_f > b),,10.288464989799325,True,276.0,20.842651436351044,False,,measured on KITTI,4585.479391436285,0.01164880452699338,-0.1169121987815438,-0.18527353856261836,-0.013490546498253824,True
2026-09-23.1,KITTI,oracle,brake,J,criticality_cheap,mJ,0.3,66.44261583585411,41.112641173187015,84.43324887555701,25.329974662667098,3536,1060,372.5413784740445,132.483874730411,none,False,1242.7418059285108,not feasible (C_f > b),,10.288464989799325,True,629.0,-18.417167710725977,False,,measured on KITTI,4585.479391436285,-0.010293219519515246,-0.19689215702378066,-0.28300868768964876,-0.060360935411184556,True
2026-09-23.1,KITTI,oracle,brake,J,criticality_cheap,mJ,0.5,83.32926561096552,41.112641173187015,84.43324887555701,42.216624437778506,3536,1768,621.3709029642554,96.99125717346728,none,False,1242.7418059285108,not feasible (C_f > b),,10.288464989799325,True,1337.0,113.08078070067515,False,,measured on KITTI,4585.479391436285,0.06320001628221751,-0.25860417429838306,-0.45359279347723175,0.08040299845493824,True
2026-09-23.1,KITTI,oracle,brake,J,gate_ridge,ms,0.1,15.02567092411482,13.17875574932259,18.469151747922297,1.8469151747922297,3536,353,124.06330811446955,117.49751779713878,none,False,1242.7418059285108,not feasible (C_f > b),,3.932014499980596,False,,,False,,measured on KITTI,4585.479391436285,,,,,True
2026-09-23.1,KITTI,oracle,brake,J,gate_ridge,ms,0.2,16.87258609890705,13.17875574932259,18.469151747922297,3.6938303495844593,3536,707,248.47807035957499,425.43685837151685,"[0, 0.711397]",False,1242.7418059285108,not feasible (C_f > b),0.7113966255897863,3.932014499980596,False,,,False,,measured on KITTI,4585.479391436285,,,,,True
2026-09-23.1,KITTI,oracle,brake,J,gate_ridge,ms,0.3,18.71950127369928,13.17875574932259,18.469151747922297,5.540745524376689,3536,1060,372.5413784740445,566.5049734046969,"[0, 1.97854]",True,1242.7418059285108,none,1.9785392200597949,3.932014499980596,True,307.0,94.36457439668159,False,False,measured on KITTI,4585.479391436285,0.052739666293258936,-0.116553308785888,-0.2503101369770052,0.06118717077237077,True
2026-09-23.1,KITTI,oracle,brake,J,gate_ridge,ms,0.5,22.41333162328374,13.17875574932259,18.469151747922297,9.234575873961148,3536,1768,621.3709029642554,559.033479706834,none,True,1242.7418059285108,none,,3.932014499980596,True,1015.0,563.5263931905125,False,False,measured on KITTI,4585.479391436285,0.3149507547119991,-0.0443921122696164,-0.21607647758265178,0.21782415757872686,True
2026-09-23.1,KITTI,oracle,brake,J,gate_ridge,mJ,0.1,49.55596606074272,41.112641173187015,84.43324887555701,8.443324887555704,3536,353,124.06330811446955,117.49751779713878,none,False,1242.7418059285108,not feasible (C_f > b),,31.01658844797148,False,,,False,,measured on KITTI,4585.479391436285,,,,,True
2026-09-23.1,KITTI,oracle,brake,J,gate_ridge,mJ,0.2,57.99929094829842,41.112641173187015,84.43324887555701,16.886649775111408,3536,707,248.47807035957499,425.43685837151685,"[0, 3.25221]",False,1242.7418059285108,not feasible (C_f > b),3.2522082853323866,31.01658844797148,False,,,False,,measured on KITTI,4585.479391436285,,,,,True
2026-09-23.1,KITTI,oracle,brake,J,gate_ridge,mJ,0.3,66.44261583585411,41.112641173187015,84.43324887555701,25.329974662667098,3536,1060,372.5413784740445,566.5049734046969,"[0, 9.04506]",False,1242.7418059285108,not feasible (C_f > b),9.045055054905376,31.01658844797148,False,,,False,,measured on KITTI,4585.479391436285,,,,,True
2026-09-23.1,KITTI,oracle,brake,J,gate_ridge,mJ,0.5,83.32926561096552,41.112641173187015,84.43324887555701,42.216624437778506,3536,1768,621.3709029642554,559.033479706834,none,False,1242.7418059285108,not feasible (C_f > b),,31.01658844797148,True,469.0,164.1338977701065,False,,measured on KITTI,4585.479391436285,0.09173322776213043,-0.2052367326030071,-0.4135280600821228,0.04457809303520677,True
2026-09-23.1,KITTI,oracle,brake,J,gate_gbm,ms,0.1,15.02567092411482,13.17875574932259,18.469151747922297,1.8469151747922297,3536,353,124.06330811446955,144.14889799381703,"[0, 1.16268]",False,1242.7418059285108,not feasible (C_f > b),1.1626790664892455,21.38287950000972,False,,,False,,measured on KITTI,4585.479391436285,,,,,True
2026-09-23.1,KITTI,oracle,brake,J,gate_gbm,ms,0.2,16.87258609890705,13.17875574932259,18.469151747922297,3.6938303495844593,3536,707,248.47807035957499,369.51431620237213,"[0, 0.680058]",False,1242.7418059285108,not feasible (C_f > b),0.6800575671939906,21.38287950000972,False,,,False,,measured on KITTI,4585.479391436285,,,,,True
2026-09-23.1,KITTI,oracle,brake,J,gate_gbm,ms,0.3,18.71950127369928,13.17875574932259,18.469151747922297,5.540745524376689,3536,1060,372.5413784740445,800.2893735457991,"[0, 1.83751]",True,1242.7418059285108,none,1.837513457278714,21.38287950000972,False,,,False,,measured on KITTI,4585.479391436285,,,,,True
2026-09-23.1,KITTI,oracle,brake,J,gate_gbm,ms,0.5,22.41333162328374,13.17875574932259,18.469151747922297,9.234575873961148,3536,1768,621.3709029642554,1165.1248328014249,"[0, 4.07408]",True,1242.7418059285108,none,4.074077591458671,21.38287950000972,False,,,False,,measured on KITTI,4585.479391436285,,,,,True
2026-09-23.1,KITTI,oracle,brake,J,gate_gbm,mJ,0.1,49.55596606074272,41.112641173187015,84.43324887555701,8.443324887555704,3536,353,124.06330811446955,144.14889799381703,"[0, 5.31528]",False,1242.7418059285108,not feasible (C_f > b),5.315283144735133,168.67281981987622,False,,,False,,measured on KITTI,4585.479391436285,,,,,True
2026-09-23.1,KITTI,oracle,brake,J,gate_gbm,mJ,0.2,57.99929094829842,41.112641173187015,84.43324887555701,16.886649775111408,3536,707,248.47807035957499,369.51431620237213,"[0, 3.10894]",False,1242.7418059285108,not feasible (C_f > b),3.1089391978738607,168.67281981987622,False,,,False,,measured on KITTI,4585.479391436285,,,,,True
2026-09-23.1,KITTI,oracle,brake,J,gate_gbm,mJ,0.3,66.44261583585411,41.112641173187015,84.43324887555701,25.329974662667098,3536,1060,372.5413784740445,800.2893735457991,"[0, 8.40034]",False,1242.7418059285108,not feasible (C_f > b),8.400344161342016,168.67281981987622,False,,,False,,measured on KITTI,4585.479391436285,,,,,True
2026-09-23.1,KITTI,oracle,brake,J,gate_gbm,mJ,0.5,83.32926561096552,41.112641173187015,84.43324887555701,42.216624437778506,3536,1768,621.3709029642554,1165.1248328014249,"[0, 18.625]",False,1242.7418059285108,not feasible (C_f > b),18.624981369632042,168.67281981987622,False,,,False,,measured on KITTI,4585.479391436285,,,,,True
2026-09-23.1,KITTI,oracle,brake,J,gate_gbm_batched,ms,0.1,15.02567092411482,13.17875574932259,18.469151747922297,1.8469151747922297,3536,353,124.06330811446955,144.14889799381703,"[0, 1.16268]",False,1242.7418059285108,not feasible (C_f > b),1.1626790664892455,3.5420919274868936,False,,,False,,measured on KITTI,4585.479391436285,,,,,True
2026-09-23.1,KITTI,oracle,brake,J,gate_gbm_batched,ms,0.2,16.87258609890705,13.17875574932259,18.469151747922297,3.6938303495844593,3536,707,248.47807035957499,369.51431620237213,"[0, 0.680058]",False,1242.7418059285108,not feasible (C_f > b),0.6800575671939906,3.5420919274868936,True,29.0,27.812662123720887,False,,measured on KITTI,4585.479391436285,0.015544292214640501,-0.11011432064476541,-0.1777642209231462,0.0036205508730513397,True
2026-09-23.1,KITTI,oracle,brake,J,gate_gbm_batched,ms,0.3,18.71950127369928,13.17875574932259,18.469151747922297,5.540745524376689,3536,1060,372.5413784740445,800.2893735457991,"[0, 1.83751]",True,1242.7418059285108,none,1.837513457278714,3.5420919274868936,True,382.0,145.16984637407884,False,False,measured on KITTI,4585.479391436285,0.08113435897488476,-0.06593576866869938,-0.2142989523531557,0.11657976123759788,True
2026-09-23.1,KITTI,oracle,brake,J,gate_gbm_batched,ms,0.5,22.41333162328374,13.17875574932259,18.469151747922297,9.234575873961148,3536,1768,621.3709029642554,1165.1248328014249,"[0, 4.07408]",True,1242.7418059285108,none,4.074077591458671,3.5420919274868936,True,1089.0,819.372005239362,True,False,measured on KITTI,4585.479391436285,0.45794098476728784,0.10236541945903346,-0.19495188366687818,0.308434291007645,True
2026-09-23.1,KITTI,oracle,brake,J,gate_gbm_batched,mJ,0.1,49.55596606074272,41.112641173187015,84.43324887555701,8.443324887555704,3536,353,124.06330811446955,144.14889799381703,"[0, 5.31528]",False,1242.7418059285108,not feasible (C_f > b),5.315283144735133,27.940794104468633,False,,,False,,measured on KITTI,4585.479391436285,,,,,True
2026-09-23.1,KITTI,oracle,brake,J,gate_gbm_batched,mJ,0.2,57.99929094829842,41.112641173187015,84.43324887555701,16.886649775111408,3536,707,248.47807035957499,369.51431620237213,"[0, 3.10894]",False,1242.7418059285108,not feasible (C_f > b),3.1089391978738607,27.940794104468633,False,,,False,,measured on KITTI,4585.479391436285,,,,,True
2026-09-23.1,KITTI,oracle,brake,J,gate_gbm_batched,mJ,0.3,66.44261583585411,41.112641173187015,84.43324887555701,25.329974662667098,3536,1060,372.5413784740445,800.2893735457991,"[0, 8.40034]",False,1242.7418059285108,not feasible (C_f > b),8.400344161342016,27.940794104468633,False,,,False,,measured on KITTI,4585.479391436285,,,,,True
2026-09-23.1,KITTI,oracle,brake,J,gate_gbm_batched,mJ,0.5,83.32926561096552,41.112641173187015,84.43324887555701,42.216624437778506,3536,1768,621.3709029642554,1165.1248328014249,"[0, 18.625]",False,1242.7418059285108,not feasible (C_f > b),18.624981369632042,27.940794104468633,True,597.0,266.50073126686374,False,,measured on KITTI,4585.479391436285,0.1489452977855865,-0.12605148664233967,-0.3554212745614864,0.16042517683777385,True
2026-09-23.1,KITTI,oracle,brake,J,R1_mlp_reg,ms,0.1,15.02567092411482,13.17875574932259,18.469151747922297,1.8469151747922297,3536,353,124.06330811446955,208.20239437077765,"[0, 0.91719]",False,1242.7418059285108,not feasible (C_f > b),0.9171897757221789,0.6543920000012804,True,228.0,148.22779111351292,True,,measured on KITTI,4585.479391436285,0.0838341078343351,0.025261245353500973,-0.03058468718369592,0.13210355647807626,True
2026-09-23.1,KITTI,oracle,brake,J,R1_mlp_reg,ms,0.2,16.87258609890705,13.17875574932259,18.469151747922297,3.6938303495844593,3536,707,248.47807035957499,477.1630103594035,"[0, 1.4113]",False,1242.7418059285108,not feasible (C_f > b),1.4113022630958918,0.6543920000012804,True,581.0,317.5960707120285,True,,measured on KITTI,4585.479391436285,0.17750210704062344,0.07279510810199254,-0.03217263940354233,0.2078681211877444,True
2026-09-23.1,KITTI,oracle,brake,J,R1_mlp_reg,ms,0.3,18.71950127369928,13.17875574932259,18.469151747922297,5.540745524376689,3536,1060,372.5413784740445,731.2314712285746,"[0, 2.21358]",True,1242.7418059285108,none,2.213582158028263,0.6543920000012804,True,935.0,684.303026094819,True,False,measured on KITTI,4585.479391436285,0.3824519261645411,0.13097836328066897,-0.050759030298498486,0.2583069292719986,True
2026-09-23.1,KITTI,oracle,brake,J,R1_mlp_reg,ms,0.5,22.41333162328374,13.17875574932259,18.469151747922297,9.234575873961148,3536,1768,621.3709029642554,1042.5124848646008,"[0, 4.86278]",True,1242.7418059285108,none,4.862777227752864,0.6543920000012804,True,1642.0,958.9569188062777,True,False,measured on KITTI,4585.479391436285,0.5359539658903332,0.18938323289678616,0.02739668099965294,0.2945708623484143,True
2026-09-23.1,KITTI,oracle,brake,J,R1_mlp_reg,mJ,0.1,49.55596606074272,41.112641173187015,84.43324887555701,8.443324887555704,3536,353,124.06330811446955,208.20239437077765,"[0, 4.19301]",False,1242.7418059285108,not feasible (C_f > b),4.193008626310027,6.532149439499585,True,80.0,46.81881060190453,False,,measured on KITTI,4585.479391436285,0.02647960404179267,-0.03286540340849853,-0.0944404010334425,0.04123064840213343,True
2026-09-23.1,KITTI,oracle,brake,J,R1_mlp_reg,mJ,0.2,57.99929094829842,41.112641173187015,84.43324887555701,16.886649775111408,3536,707,248.47807035957499,477.1630103594035,"[0, 6.45188]",False,1242.7418059285108,not feasible (C_f > b),6.4518845719060955,6.532149439499585,True,433.0,246.58614045542708,False,,measured on KITTI,4585.479391436285,0.13781517951316302,0.024061545025978102,-0.06370163423573462,0.1743713119771539,True
2026-09-23.1,KITTI,oracle,brake,J,R1_mlp_reg,mJ,0.3,66.44261583585411,41.112641173187015,84.43324887555701,25.329974662667098,3536,1060,372.5413784740445,731.2314712285746,"[0, 10.1196]",False,1242.7418059285108,not feasible (C_f > b),10.119573210844308,6.532149439499585,True,787.0,547.5553037638836,True,,measured on KITTI,4585.479391436285,0.30602463034715666,0.07739980061510429,-0.07199123879935287,0.2159530031010637,True
2026-09-23.1,KITTI,oracle,brake,J,R1_mlp_reg,mJ,0.5,83.32926561096552,41.112641173187015,84.43324887555701,42.216624437778506,3536,1768,621.3709029642554,1042.5124848646008,"[0, 22.2306]",False,1242.7418059285108,not feasible (C_f > b),22.23058673733824,6.532149439499585,True,1494.0,924.7051916514305,True,,measured on KITTI,4585.479391436285,0.5168109276086078,0.16270461132176656,0.011280492710735598,0.2726822283702911,True
2026-09-23.1,KITTI,oracle,brake,J,R1_mlp_clf,ms,0.1,15.02567092411482,13.17875574932259,18.469151747922297,1.8469151747922297,3536,353,124.06330811446955,282.71843128120724,"[0, 0.938082]",False,1242.7418059285108,not feasible (C_f > b),0.938082481319376,0.6543920000012804,True,228.0,186.69094118955883,True,,measured on KITTI,4585.479391436285,0.10558794931642335,0.035663072604392713,-0.04438986707653569,0.14376320088174543,True
2026-09-23.1,KITTI,oracle,brake,J,R1_mlp_clf,ms,0.2,16.87258609890705,13.17875574932259,18.469151747922297,3.6938303495844593,3536,707,248.47807035957499,452.56650770578085,"[0, 2.11121]",False,1242.7418059285108,not feasible (C_f > b),2.111207900601997,0.6543920000012804,True,581.0,392.112107622458,True,,measured on KITTI,4585.479391436285,0.21914857177888244,0.08112311202210436,-0.018499243002337715,0.22460708972061727,True
2026-09-23.1,KITTI,oracle,brake,J,R1_mlp_clf,ms,0.3,18.71950127369928,13.17875574932259,18.469151747922297,5.540745524376689,3536,1060,372.5413784740445,725.0244285730358,"[0, 2.71501]",True,1242.7418059285108,none,2.715007092360995,0.6543920000012804,True,935.0,608.9871202472352,True,False,measured on KITTI,4585.479391436285,0.3403584205627635,0.12769524640400046,0.007146360946235562,0.30357741335074356,True
2026-09-23.1,KITTI,oracle,brake,J,R1_mlp_clf,ms,0.5,22.41333162328374,13.17875574932259,18.469151747922297,9.234575873961148,3536,1768,621.3709029642554,1035.7723696962587,"[0, 4.19421]",True,1242.7418059285108,none,4.194210648642555,0.6543920000012804,True,1642.0,1022.0236608602999,True,False,measured on KITTI,4585.479391436285,0.5712015039775619,0.1816529846215751,-0.03121841902549216,0.2964435915621577,True
2026-09-23.1,KITTI,oracle,brake,J,R1_mlp_clf,mJ,0.1,49.55596606074272,41.112641173187015,84.43324887555701,8.443324887555704,3536,353,124.06330811446955,282.71843128120724,"[0, 4.28852]",False,1242.7418059285108,not feasible (C_f > b),4.288521351282376,6.532149439499585,True,80.0,37.95129652580783,False,,measured on KITTI,4585.479391436285,0.02146434930654077,-0.05172477674146624,-0.07857460931536446,-0.02486748518689029,True
2026-09-23.1,KITTI,oracle,brake,J,R1_mlp_clf,mJ,0.2,57.99929094829842,41.112641173187015,84.43324887555701,16.886649775111408,3536,707,248.47807035957499,452.56650770578085,"[0, 9.65156]",False,1242.7418059285108,not feasible (C_f > b),9.651560858479808,6.532149439499585,True,433.0,321.1021773658566,True,,measured on KITTI,4585.479391436285,0.17946164425142205,0.0391108387180576,-0.050648509691668134,0.15768860934666407,True
2026-09-23.1,KITTI,oracle,brake,J,R1_mlp_clf,mJ,0.3,66.44261583585411,41.112641173187015,84.43324887555701,25.329974662667098,3536,1060,372.5413784740445,725.0244285730358,"[0, 12.4119]",False,1242.7418059285108,not feasible (C_f > b),12.411878610180697,6.532149439499585,True,787.0,490.9502537904302,True,,measured on KITTI,4585.479391436285,0.2743884844184557,0.08001973637280511,-0.022914304089368863,0.2614611632510351,True
2026-09-23.1,KITTI,oracle,brake,J,R1_mlp_clf,mJ,0.5,83.32926561096552,41.112641173187015,84.43324887555701,42.216624437778506,3536,1768,621.3709029642554,1035.7723696962587,"[0, 19.1742]",False,1242.7418059285108,not feasible (C_f > b),19.174179538223054,6.532149439499585,True,1494.0,995.3879786794544,True,,measured on KITTI,4585.479391436285,0.5563150171927448,0.1532581509387841,-0.04382675018164544,0.2627303164947871,True
2026-09-23.1,KITTI,oracle,brake,J,R1_gbm_reg,ms,0.1,15.02567092411482,13.17875574932259,18.469151747922297,1.8469151747922297,3536,353,124.06330811446955,224.37239841874828,"[0, 1.09478]",False,1242.7418059285108,not feasible (C_f > b),1.0947777732983548,15.914492499945254,False,,,False,,measured on KITTI,4585.479391436285,,,,,True
2026-09-23.1,KITTI,oracle,brake,J,R1_gbm_reg,ms,0.2,16.87258609890705,13.17875574932259,18.469151747922297,3.6938303495844593,3536,707,248.47807035957499,528.3034346555443,"[0, 1.58367]",False,1242.7418059285108,not feasible (C_f > b),1.5836670842727685,15.914492499945254,False,,,False,,measured on KITTI,4585.479391436285,,,,,True
2026-09-23.1,KITTI,oracle,brake,J,R1_gbm_reg,ms,0.3,18.71950127369928,13.17875574932259,18.469151747922297,5.540745524376689,3536,1060,372.5413784740445,896.3885257018358,"[0, 2.29715]",True,1242.7418059285108,none,2.2971529804170516,15.914492499945254,False,,,False,,measured on KITTI,4585.479391436285,,,,,True
2026-09-23.1,KITTI,oracle,brake,J,R1_gbm_reg,ms,0.5,22.41333162328374,13.17875574932259,18.469151747922297,9.234575873961148,3536,1768,621.3709029642554,1050.8335994185195,"[0, 5.24929]",True,1242.7418059285108,none,5.249292281301011,15.914492499945254,False,,,False,,measured on KITTI,4585.479391436285,,,,,True
2026-09-23.1,KITTI,oracle,brake,J,R1_gbm_reg,mJ,0.1,49.55596606074272,41.112641173187015,84.43324887555701,8.443324887555704,3536,353,124.06330811446955,224.37239841874828,"[0, 5.00487]",False,1242.7418059285108,not feasible (C_f > b),5.004866788574998,158.85867074052607,False,,,False,,measured on KITTI,4585.479391436285,,,,,True
2026-09-23.1,KITTI,oracle,brake,J,R1_gbm_reg,mJ,0.2,57.99929094829842,41.112641173187015,84.43324887555701,16.886649775111408,3536,707,248.47807035957499,528.3034346555443,"[0, 7.23986]",False,1242.7418059285108,not feasible (C_f > b),7.2398645529279815,158.85867074052607,False,,,False,,measured on KITTI,4585.479391436285,,,,,True
2026-09-23.1,KITTI,oracle,brake,J,R1_gbm_reg,mJ,0.3,66.44261583585411,41.112641173187015,84.43324887555701,25.329974662667098,3536,1060,372.5413784740445,896.3885257018358,"[0, 10.5016]",False,1242.7418059285108,not feasible (C_f > b),10.501624110733706,158.85867074052607,False,,,False,,measured on KITTI,4585.479391436285,,,,,True
2026-09-23.1,KITTI,oracle,brake,J,R1_gbm_reg,mJ,0.5,83.32926561096552,41.112641173187015,84.43324887555701,42.216624437778506,3536,1768,621.3709029642554,1050.8335994185195,"[0, 23.9976]",False,1242.7418059285108,not feasible (C_f > b),23.997572149326707,158.85867074052607,False,,,False,,measured on KITTI,4585.479391436285,,,,,True
2026-09-23.1,KITTI,oracle,brake,J,R1_gbm_clf,ms,0.1,15.02567092411482,13.17875574932259,18.469151747922297,1.8469151747922297,3536,353,124.06330811446955,409.9441780485111,"[0, 1.18357]",False,1242.7418059285108,not feasible (C_f > b),1.1835717720864427,15.914492499945254,False,,,False,,measured on KITTI,4585.479391436285,,,,,True
2026-09-23.1,KITTI,oracle,brake,J,R1_gbm_clf,ms,0.2,16.87258609890705,13.17875574932259,18.469151747922297,3.6938303495844593,3536,707,248.47807035957499,579.7922544730848,"[0, 2.68053]",False,1242.7418059285108,not feasible (C_f > b),2.68053412812562,15.914492499945254,False,,,False,,measured on KITTI,4585.479391436285,,,,,True
2026-09-23.1,KITTI,oracle,brake,J,R1_gbm_clf,ms,0.3,18.71950127369928,13.17875574932259,18.469151747922297,5.540745524376689,3536,1060,372.5413784740445,949.9432520439279,"[0, 3.99469]",True,1242.7418059285108,none,3.994685310189322,15.914492499945254,False,,,False,,measured on KITTI,4585.479391436285,,,,,True
2026-09-23.1,KITTI,oracle,brake,J,R1_gbm_clf,ms,0.5,22.41333162328374,13.17875574932259,18.469151747922297,9.234575873961148,3536,1768,621.3709029642554,1143.618230446177,"[0, 5.06648]",True,1242.7418059285108,none,5.0664811073255365,15.914492499945254,False,,,False,,measured on KITTI,4585.479391436285,,,,,True
2026-09-23.1,KITTI,oracle,brake,J,R1_gbm_clf,mJ,0.1,49.55596606074272,41.112641173187015,84.43324887555701,8.443324887555704,3536,353,124.06330811446955,409.9441780485111,"[0, 5.4108]",False,1242.7418059285108,not feasible (C_f > b),5.410795869707484,158.85867074052607,False,,,False,,measured on KITTI,4585.479391436285,,,,,True
2026-09-23.1,KITTI,oracle,brake,J,R1_gbm_clf,mJ,0.2,57.99929094829842,41.112641173187015,84.43324887555701,16.886649775111408,3536,707,248.47807035957499,579.7922544730848,"[0, 12.2543]",False,1242.7418059285108,not feasible (C_f > b),12.254282613976333,158.85867074052607,False,,,False,,measured on KITTI,4585.479391436285,,,,,True
2026-09-23.1,KITTI,oracle,brake,J,R1_gbm_clf,mJ,0.3,66.44261583585411,41.112641173187015,84.43324887555701,25.329974662667098,3536,1060,372.5413784740445,949.9432520439279,"[0, 18.262]",False,1242.7418059285108,not feasible (C_f > b),18.262033014737106,158.85867074052607,False,,,False,,measured on KITTI,4585.479391436285,,,,,True
2026-09-23.1,KITTI,oracle,brake,J,R1_gbm_clf,mJ,0.5,83.32926561096552,41.112641173187015,84.43324887555701,42.216624437778506,3536,1768,621.3709029642554,1143.618230446177,"[0, 23.1618]",False,1242.7418059285108,not feasible (C_f > b),23.161835805818647,158.85867074052607,False,,,False,,measured on KITTI,4585.479391436285,,,,,True
2026-09-23.1,KITTI,oracle,brake,J,R2_cnn_clf,ms,0.1,15.02567092411482,13.17875574932259,18.469151747922297,1.8469151747922297,3536,353,124.06330811446955,164.9431699646759,"[0, 0.885851]",False,1242.7418059285108,not feasible (C_f > b),0.8858507173263831,4.816622999982201,False,,,False,,measured on KITTI,4585.479391436285,,,,,True
2026-09-23.1,KITTI,oracle,brake,J,R2_cnn_clf,ms,0.2,16.87258609890705,13.17875574932259,18.469151747922297,3.6938303495844593,3536,707,248.47807035957499,235.94649681216296,none,False,1242.7418059285108,not feasible (C_f > b),,4.816622999982201,False,,,False,,measured on KITTI,4585.479391436285,,,,,True
2026-09-23.1,KITTI,oracle,brake,J,R2_cnn_clf,ms,0.3,18.71950127369928,13.17875574932259,18.469151747922297,5.540745524376689,3536,1060,372.5413784740445,281.38511098178776,none,True,1242.7418059285108,none,,4.816622999982201,True,138.0,101.5222461160547,False,False,measured on KITTI,4585.479391436285,0.05674003635087782,-0.14253488420015356,-0.24894885468085537,0.0025066833844756497,True
2026-09-23.1,KITTI,oracle,brake,J,R2_cnn_clf,ms,0.5,22.41333162328374,13.17875574932259,18.469151747922297,9.234575873961148,3536,1768,621.3709029642554,470.0785891243134,none,True,1242.7418059285108,none,,4.816622999982201,True,845.0,231.3970579350279,False,False,measured on KITTI,4585.479391436285,0.1293261130541848,-0.17264379324375795,-0.3852974761968077,0.0584573526813286,True
2026-09-23.1,KITTI,oracle,brake,J,R2_cnn_clf,mJ,0.1,49.55596606074272,41.112641173187015,84.43324887555701,8.443324887555704,3536,353,124.06330811446955,164.9431699646759,"[0, 4.04974]",False,1242.7418059285108,not feasible (C_f > b),4.049739538851502,12.889927276750532,False,,,False,,measured on KITTI,4585.479391436285,,,,,True
2026-09-23.1,KITTI,oracle,brake,J,R2_cnn_clf,mJ,0.2,57.99929094829842,41.112641173187015,84.43324887555701,16.886649775111408,3536,707,248.47807035957499,235.94649681216296,none,False,1242.7418059285108,not feasible (C_f > b),,12.889927276750532,True,167.0,110.28392248185874,False,,measured on KITTI,4585.479391436285,0.061636872803078134,-0.06341587813443486,-0.15222083203363038,0.0543146085644193,True
2026-09-23.1,KITTI,oracle,brake,J,R2_cnn_clf,mJ,0.3,66.44261583585411,41.112641173187015,84.43324887555701,25.329974662667098,3536,1060,372.5413784740445,281.38511098178776,none,False,1242.7418059285108,not feasible (C_f > b),,12.889927276750532,True,520.0,198.09930518827036,False,,measured on KITTI,4585.479391436285,0.1107162440497717,-0.0704390796899703,-0.2282037917587227,0.10442437174827018,True
2026-09-23.1,KITTI,oracle,brake,J,R2_cnn_clf,mJ,0.5,83.32926561096552,41.112641173187015,84.43324887555701,42.216624437778506,3536,1768,621.3709029642554,470.0785891243134,none,False,1242.7418059285108,not feasible (C_f > b),,12.889927276750532,True,1228.0,325.53144839567466,False,,measured on KITTI,4585.479391436285,0.1819371312392934,-0.12890615610969083,-0.3421583367908064,0.11344202621548094,True
2026-09-23.1,KITTI,oracle,traj,JB,uncertainty,ms,0.1,15.02567092411482,13.17875574932259,18.469151747922297,1.8469151747922297,3536,353,93.41690333427657,-1.064056192871035,none,False,935.7568560623284,not feasible (C_f > b),,0.2125190000015209,True,312.0,-1.064056192871035,False,,measured on KITTI,1799.2805109286678,-0.0011342939364765816,-0.09666379976466456,-0.10289695524372251,-0.06845432543091359,True
2026-09-23.1,KITTI,oracle,traj,JB,uncertainty,ms,0.2,16.87258609890705,13.17875574932259,18.469151747922297,3.6938303495844593,3536,707,187.09844378848027,29.246456618862855,none,False,935.7568560623284,not feasible (C_f > b),,0.2125190000015209,True,666.0,15.510975713273703,False,,measured on KITTI,1799.2805109286678,0.016534846390893847,-0.1791678832641772,-0.2015427257898086,-0.1389931608748189,True
2026-09-23.1,KITTI,oracle,traj,JB,uncertainty,ms,0.3,18.71950127369928,13.17875574932259,18.469151747922297,5.540745524376689,3536,1060,280.5153471227568,46.26045840449857,none,True,935.7568560623284,none,,0.2125190000015209,True,1020.0,46.26045840449857,False,False,measured on KITTI,1799.2805109286678,0.04931408493123599,-0.2573683225342441,-0.2972541882029194,-0.23437684415895965,True
2026-09-23.1,KITTI,oracle,traj,JB,uncertainty,ms,0.5,22.41333162328374,13.17875574932259,18.469151747922297,9.234575873961148,3536,1768,467.8784280311642,77.81184366627771,none,True,935.7568560623284,none,,0.2125190000015209,True,1727.0,78.17345833961356,False,False,measured on KITTI,1799.2805109286678,0.083333643826436,-0.3955216403337351,-0.46855479231745845,-0.20142259952363806,True
2026-09-23.1,KITTI,oracle,traj,JB,uncertainty,mJ,0.1,49.55596606074272,41.112641173187015,84.43324887555701,8.443324887555704,3536,353,93.41690333427657,-1.064056192871035,none,False,935.7568560623284,not feasible (C_f > b),,1.6763962494172269,True,283.0,-1.076556192871035,False,,measured on KITTI,1799.2805109286678,-0.0011476190543612869,-0.09750362337971342,-0.10289695524372251,-0.06889240634175266,True
2026-09-23.1,KITTI,oracle,traj,JB,uncertainty,mJ,0.2,57.99929094829842,41.112641173187015,84.43324887555701,16.886649775111408,3536,707,187.09844378848027,29.246456618862855,none,False,935.7568560623284,not feasible (C_f > b),,1.6763962494172269,True,636.0,15.520138735618719,False,,measured on KITTI,1799.2805109286678,0.01654461425912805,-0.1805005329410857,-0.20177183163740584,-0.13908943422979997,True
2026-09-23.1,KITTI,oracle,traj,JB,uncertainty,mJ,0.3,66.44261583585411,41.112641173187015,84.43324887555701,25.329974662667098,3536,1060,280.5153471227568,46.26045840449857,none,False,935.7568560623284,not feasible (C_f > b),,1.6763962494172269,True,990.0,46.24795840449857,False,,measured on KITTI,1799.2805109286678,0.04930075981335128,-0.2591454511054762,-0.29841527598276424,-0.23577150497512095,True
2026-09-23.1,KITTI,oracle,traj,JB,uncertainty,mJ,0.5,83.32926561096552,41.112641173187015,84.43324887555701,42.216624437778506,3536,1768,467.8784280311642,77.81184366627771,none,False,935.7568560623284,not feasible (C_f > b),,1.6763962494172269,True,1697.0,62.1422524612904,False,,measured on KITTI,1799.2805109286678,0.06624422717342505,-0.40174580123922127,-0.46855479231745845,-0.21644383621512775,True
2026-09-23.1,KITTI,oracle,traj,JB,criticality_cheap,ms,0.1,15.02567092411482,13.17875574932259,18.469151747922297,1.8469151747922297,3536,353,93.41690333427657,1.3033971600892438,none,False,935.7568560623284,not feasible (C_f > b),,1.3042825000013636,True,103.0,0.32762933322771787,False,,measured on KITTI,1799.2805109286678,0.0003492559590197391,-0.09910414127310412,-0.0997757451635333,-0.09747564799053954,True
2026-09-23.1,KITTI,oracle,traj,JB,criticality_cheap,ms,0.2,16.87258609890705,13.17875574932259,18.469151747922297,3.6938303495844593,3536,707,187.09844378848027,14.321551008629967,none,False,935.7568560623284,not feasible (C_f > b),,1.3042825000013636,True,457.0,0.8405314119745892,False,,measured on KITTI,1799.2805109286678,0.0008960144120287364,-0.19467757207468642,-0.20047534674052092,-0.17399315887067665,True
2026-09-23.1,KITTI,oracle,traj,JB,criticality_cheap,ms,0.3,18.71950127369928,13.17875574932259,18.469151747922297,5.540745524376689,3536,1060,280.5153471227568,14.300965740692336,none,True,935.7568560623284,none,,1.3042825000013636,True,811.0,13.699075415628807,False,False,measured on KITTI,1799.2805109286678,0.014603343585977778,-0.2819970219469015,-0.2990899622309805,-0.258931007260624,True
2026-09-23.1,KITTI,oracle,traj,JB,criticality_cheap,ms,0.5,22.41333162328374,13.17875574932259,18.469151747922297,9.234575873961148,3536,1768,467.8784280311642,46.63919140425172,none,True,935.7568560623284,none,,1.3042825000013636,True,1518.0,14.535787925846595,False,False,measured on KITTI,1799.2805109286678,0.015495287012718555,-0.4539623555352149,-0.49830884814200066,-0.27346805568998467,True
2026-09-23.1,KITTI,oracle,traj,JB,criticality_cheap,mJ,0.1,49.55596606074272,41.112641173187015,84.43324887555701,8.443324887555704,3536,353,93.41690333427657,1.3033971600892438,none,False,935.7568560623284,not feasible (C_f > b),,10.288464989799325,False,,,False,,measured on KITTI,1799.2805109286678,,,,,True
2026-09-23.1,KITTI,oracle,traj,JB,criticality_cheap,mJ,0.2,57.99929094829842,41.112641173187015,84.43324887555701,16.886649775111408,3536,707,187.09844378848027,14.321551008629967,none,False,935.7568560623284,not feasible (C_f > b),,10.288464989799325,True,276.0,1.2908971600892438,False,,measured on KITTI,1799.2805109286678,0.001376108546817638,-0.19821971563476912,-0.20053927860358123,-0.19357708943740817,True
2026-09-23.1,KITTI,oracle,traj,JB,criticality_cheap,mJ,0.3,66.44261583585411,41.112641173187015,84.43324887555701,25.329974662667098,3536,1060,280.5153471227568,14.300965740692336,none,False,935.7568560623284,not feasible (C_f > b),,10.288464989799325,True,629.0,14.380511984098392,False,,measured on KITTI,1799.2805109286678,0.01532976139444228,-0.28660481071899546,-0.2992559966151521,-0.2637737713259464,True
2026-09-23.1,KITTI,oracle,traj,JB,criticality_cheap,mJ,0.5,83.32926561096552,41.112641173187015,84.43324887555701,42.216624437778506,3536,1768,467.8784280311642,46.63919140425172,none,False,935.7568560623284,not feasible (C_f > b),,10.288464989799325,True,1337.0,14.397222899427696,False,,measured on KITTI,1799.2805109286678,0.015347575387780225,-0.46970613782709647,-0.4989109081916382,-0.3699094089744436,True
2026-09-23.1,KITTI,oracle,traj,JB,gate_ridge,ms,0.1,15.02567092411482,13.17875574932259,18.469151747922297,1.8469151747922297,3536,353,93.41690333427657,225.28063978006827,"[0, 1.22013]",False,935.7568560623284,not feasible (C_f > b),1.2201340068815378,3.932014499980596,False,,,False,,measured on KITTI,1799.2805109286678,,,,,True
2026-09-23.1,KITTI,oracle,traj,JB,gate_ridge,ms,0.2,16.87258609890705,13.17875574932259,18.469151747922297,3.6938303495844593,3536,707,187.09844378848027,426.8775757044104,"[0, 2.20523]",False,935.7568560623284,not feasible (C_f > b),2.205225075789384,3.932014499980596,False,,,False,,measured on KITTI,1799.2805109286678,,,,,True
2026-09-23.1,KITTI,oracle,traj,JB,gate_ridge,ms,0.3,18.71950127369928,13.17875574932259,18.469151747922297,5.540745524376689,3536,1060,280.5153471227568,503.3866187799804,"[0, 3.48281]",True,935.7568560623284,none,3.482814023057991,3.932014499980596,True,307.0,193.37383453241864,False,False,measured on KITTI,1799.2805109286678,0.20613833127695813,-0.06649164159670794,-0.29917860129191576,0.39017376405357174,True
2026-09-23.1,KITTI,oracle,traj,JB,gate_ridge,ms,0.5,22.41333162328374,13.17875574932259,18.469151747922297,9.234575873961148,3536,1768,467.8784280311642,516.7801273432605,"[0, 4.54416]",True,935.7568560623284,none,4.544163467395608,3.932014499980596,True,1015.0,473.0243875061501,True,False,measured on KITTI,1799.2805109286678,0.504248458068798,0.03857749981947073,-0.3201409061643071,0.468867425007004,True
2026-09-23.1,KITTI,oracle,traj,JB,gate_ridge,mJ,0.1,49.55596606074272,41.112641173187015,84.43324887555701,8.443324887555704,3536,353,93.41690333427657,225.28063978006827,"[0, 5.57794]",False,935.7568560623284,not feasible (C_f > b),5.577943138409095,31.01658844797148,False,,,False,,measured on KITTI,1799.2805109286678,,,,,True
2026-09-23.1,KITTI,oracle,traj,JB,gate_ridge,mJ,0.2,57.99929094829842,41.112641173187015,84.43324887555701,16.886649775111408,3536,707,187.09844378848027,426.8775757044104,"[0, 10.0814]",False,935.7568560623284,not feasible (C_f > b),10.08136812085538,31.01658844797148,False,,,False,,measured on KITTI,1799.2805109286678,,,,,True
2026-09-23.1,KITTI,oracle,traj,JB,gate_ridge,mJ,0.3,66.44261583585411,41.112641173187015,84.43324887555701,25.329974662667098,3536,1060,280.5153471227568,503.3866187799804,"[0, 15.922]",False,935.7568560623284,not feasible (C_f > b),15.921971252914545,31.01658844797148,False,,,False,,measured on KITTI,1799.2805109286678,,,,,True
2026-09-23.1,KITTI,oracle,traj,JB,gate_ridge,mJ,0.5,83.32926561096552,41.112641173187015,84.43324887555701,42.216624437778506,3536,1768,467.8784280311642,516.7801273432605,"[0, 20.774]",False,935.7568560623284,not feasible (C_f > b),20.774017681509907,31.01658844797148,True,469.0,305.05453195328283,False,,measured on KITTI,1799.2805109286678,0.3251910079632877,-0.16544752803064564,-0.4681387128766455,0.3351162046648248,True
2026-09-23.1,KITTI,oracle,traj,JB,gate_gbm,ms,0.1,15.02567092411482,13.17875574932259,18.469151747922297,1.8469151747922297,3536,353,93.41690333427657,301.44968722297756,"[0, 1.17835]",False,935.7568560623284,not feasible (C_f > b),1.1783485956871433,21.38287950000972,False,,,False,,measured on KITTI,1799.2805109286678,,,,,True
2026-09-23.1,KITTI,oracle,traj,JB,gate_gbm,ms,0.2,16.87258609890705,13.17875574932259,18.469151747922297,3.6938303495844593,3536,707,187.09844378848027,536.6386339756225,"[0, 2.56562]",False,935.7568560623284,not feasible (C_f > b),2.5656242473410353,21.38287950000972,False,,,False,,measured on KITTI,1799.2805109286678,,,,,True
2026-09-23.1,KITTI,oracle,traj,JB,gate_gbm,ms,0.3,18.71950127369928,13.17875574932259,18.469151747922297,5.540745524376689,3536,1060,280.5153471227568,740.5250009566339,"[0, 3.92678]",True,935.7568560623284,none,3.9267840169984307,21.38287950000972,False,,,False,,measured on KITTI,1799.2805109286678,,,,,True
2026-09-23.1,KITTI,oracle,traj,JB,gate_gbm,ms,0.5,22.41333162328374,13.17875574932259,18.469151747922297,9.234575873961148,3536,1768,467.8784280311642,903.5115629045966,"[0, 6.21558]",True,935.7568560623284,none,6.21557991517138,21.38287950000972,False,,,False,,measured on KITTI,1799.2805109286678,,,,,True
2026-09-23.1,KITTI,oracle,traj,JB,gate_gbm,mJ,0.1,49.55596606074272,41.112641173187015,84.43324887555701,8.443324887555704,3536,353,93.41690333427657,301.44968722297756,"[0, 5.38692]",False,935.7568560623284,not feasible (C_f > b),5.386917688464397,168.67281981987622,False,,,False,,measured on KITTI,1799.2805109286678,,,,,True
2026-09-23.1,KITTI,oracle,traj,JB,gate_gbm,mJ,0.2,57.99929094829842,41.112641173187015,84.43324887555701,16.886649775111408,3536,707,187.09844378848027,536.6386339756225,"[0, 11.729]",False,935.7568560623284,not feasible (C_f > b),11.728962626628409,168.67281981987622,False,,,False,,measured on KITTI,1799.2805109286678,,,,,True
2026-09-23.1,KITTI,oracle,traj,JB,gate_gbm,mJ,0.3,66.44261583585411,41.112641173187015,84.43324887555701,25.329974662667098,3536,1060,280.5153471227568,740.5250009566339,"[0, 17.9516]",False,935.7568560623284,not feasible (C_f > b),17.951616658576974,168.67281981987622,False,,,False,,measured on KITTI,1799.2805109286678,,,,,True
2026-09-23.1,KITTI,oracle,traj,JB,gate_gbm,mJ,0.5,83.32926561096552,41.112641173187015,84.43324887555701,42.216624437778506,3536,1768,467.8784280311642,903.5115629045966,"[0, 28.415]",False,935.7568560623284,not feasible (C_f > b),28.415035679297873,168.67281981987622,False,,,False,,measured on KITTI,1799.2805109286678,,,,,True
2026-09-23.1,KITTI,oracle,traj,JB,gate_gbm_batched,ms,0.1,15.02567092411482,13.17875574932259,18.469151747922297,1.8469151747922297,3536,353,93.41690333427657,301.44968722297756,"[0, 1.17835]",False,935.7568560623284,not feasible (C_f > b),1.1783485956871433,3.5420919274868936,False,,,False,,measured on KITTI,1799.2805109286678,,,,,True
2026-09-23.1,KITTI,oracle,traj,JB,gate_gbm_batched,ms,0.2,16.87258609890705,13.17875574932259,18.469151747922297,3.6938303495844593,3536,707,187.09844378848027,536.6386339756225,"[0, 2.56562]",False,935.7568560623284,not feasible (C_f > b),2.5656242473410353,3.5420919274868936,True,29.0,15.92400947895507,False,,measured on KITTI,1799.2805109286678,0.016975144280339284,-0.17675782116332694,-0.19920840527047343,-0.09846538399727171,True
2026-09-23.1,KITTI,oracle,traj,JB,gate_gbm_batched,ms,0.3,18.71950127369928,13.17875574932259,18.469151747922297,5.540745524376689,3536,1060,280.5153471227568,740.5250009566339,"[0, 3.92678]",True,935.7568560623284,none,3.9267840169984307,3.5420919274868936,True,382.0,317.4029448204595,True,False,measured on KITTI,1799.2805109286678,0.33835453253481895,0.08685945658366329,-0.13721470689477297,0.4432121764538801,True
2026-09-23.1,KITTI,oracle,traj,JB,gate_gbm_batched,ms,0.5,22.41333162328374,13.17875574932259,18.469151747922297,9.234575873961148,3536,1768,467.8784280311642,903.5115629045966,"[0, 6.21558]",True,935.7568560623284,none,6.21557991517138,3.5420919274868936,True,1089.0,768.1850605694484,True,False,measured on KITTI,1799.2805109286678,0.818892519148591,0.27961067702741077,0.02827833533380858,0.457719820592759,True
2026-09-23.1,KITTI,oracle,traj,JB,gate_gbm_batched,mJ,0.1,49.55596606074272,41.112641173187015,84.43324887555701,8.443324887555704,3536,353,93.41690333427657,301.44968722297756,"[0, 5.38692]",False,935.7568560623284,not feasible (C_f > b),5.386917688464397,27.940794104468633,False,,,False,,measured on KITTI,1799.2805109286678,,,,,True
2026-09-23.1,KITTI,oracle,traj,JB,gate_gbm_batched,mJ,0.2,57.99929094829842,41.112641173187015,84.43324887555701,16.886649775111408,3536,707,187.09844378848027,536.6386339756225,"[0, 11.729]",False,935.7568560623284,not feasible (C_f > b),11.728962626628409,27.940794104468633,False,,,False,,measured on KITTI,1799.2805109286678,,,,,True
2026-09-23.1,KITTI,oracle,traj,JB,gate_gbm_batched,mJ,0.3,66.44261583585411,41.112641173187015,84.43324887555701,25.329974662667098,3536,1060,280.5153471227568,740.5250009566339,"[0, 17.9516]",False,935.7568560623284,not feasible (C_f > b),17.951616658576974,27.940794104468633,False,,,False,,measured on KITTI,1799.2805109286678,,,,,True
2026-09-23.1,KITTI,oracle,traj,JB,gate_gbm_batched,mJ,0.5,83.32926561096552,41.112641173187015,84.43324887555701,42.216624437778506,3536,1768,467.8784280311642,903.5115629045966,"[0, 28.415]",False,935.7568560623284,not feasible (C_f > b),28.415035679297873,27.940794104468633,True,597.0,490.24575538865975,True,,measured on KITTI,1799.2805109286678,0.5226065986424235,0.0465112172364861,-0.20983269347027927,0.43087083311800645,True
2026-09-23.1,KITTI,oracle,traj,JB,R1_mlp_reg,ms,0.1,15.02567092411482,13.17875574932259,18.469151747922297,1.8469151747922297,3536,353,93.41690333427657,240.65570484792306,"[0, 1.06344]",False,935.7568560623284,not feasible (C_f > b),1.063438714902559,0.6543920000012804,True,228.0,188.9349489913165,True,,measured on KITTI,1799.2805109286678,0.20140643742800612,0.09434820540185673,-0.001980930511645232,0.2611383399583308,True
2026-09-23.1,KITTI,oracle,traj,JB,R1_mlp_reg,ms,0.2,16.87258609890705,13.17875574932259,18.469151747922297,3.6938303495844593,3536,707,187.09844378848027,381.73742682474574,"[0, 2.52384]",False,935.7568560623284,not feasible (C_f > b),2.5238388361466413,0.6543920000012804,True,581.0,334.9943635303734,True,,measured on KITTI,1799.2805109286678,0.357107150780324,0.17014270588501554,-0.04002154716913467,0.5134929319123664,True
2026-09-23.1,KITTI,oracle,traj,JB,R1_mlp_reg,ms,0.3,18.71950127369928,13.17875574932259,18.469151747922297,5.540745524376689,3536,1060,280.5153471227568,499.04442723023436,"[0, 3.19032]",True,935.7568560623284,none,3.1903161446972303,0.6543920000012804,True,935.0,453.2206209649313,True,False,measured on KITTI,1799.2805109286678,0.48313745617096415,0.20737308484645806,-0.030994365655196966,0.5752875599376034,True
2026-09-23.1,KITTI,oracle,traj,JB,R1_mlp_reg,ms,0.5,22.41333162328374,13.17875574932259,18.469151747922297,9.234575873961148,3536,1768,467.8784280311642,652.9170044112474,"[0, 4.33524]",True,935.7568560623284,none,4.335236411423636,0.6543920000012804,True,1642.0,636.4373479561764,True,False,measured on KITTI,1799.2805109286678,0.6784482150196209,0.19945899870184158,-0.029255568799937903,0.4684827164059332,True
2026-09-23.1,KITTI,oracle,traj,JB,R1_mlp_reg,mJ,0.1,49.55596606074272,41.112641173187015,84.43324887555701,8.443324887555704,3536,353,93.41690333427657,240.65570484792306,"[0, 4.8616]",False,935.7568560623284,not feasible (C_f > b),4.861597701116473,6.532149439499585,True,80.0,33.506284574637796,False,,measured on KITTI,1799.2805109286678,0.03571801534684253,-0.05603729278223242,-0.09957908237617355,-0.016579117641541193,True
2026-09-23.1,KITTI,oracle,traj,JB,R1_mlp_reg,mJ,0.2,57.99929094829842,41.112641173187015,84.43324887555701,16.886649775111408,3536,707,187.09844378848027,381.73742682474574,"[0, 11.5379]",False,935.7568560623284,not feasible (C_f > b),11.53793717668371,6.532149439499585,True,433.0,273.75698859615125,True,,measured on KITTI,1799.2805109286678,0.29182753158445135,0.10393146944671836,-0.05982310741648755,0.3684489171200579,True
2026-09-23.1,KITTI,oracle,traj,JB,R1_mlp_reg,mJ,0.3,66.44261583585411,41.112641173187015,84.43324887555701,25.329974662667098,3536,1060,280.5153471227568,499.04442723023436,"[0, 14.5848]",False,935.7568560623284,not feasible (C_f > b),14.584793103301651,6.532149439499585,True,787.0,398.45799898771025,True,,measured on KITTI,1799.2805109286678,0.42475998468920223,0.15281450463990798,-0.09433268672846798,0.5478794523050363,True
2026-09-23.1,KITTI,oracle,traj,JB,R1_mlp_reg,mJ,0.5,83.32926561096552,41.112641173187015,84.43324887555701,42.216624437778506,3536,1768,467.8784280311642,652.9170044112474,"[0, 19.8189]",False,935.7568560623284,not feasible (C_f > b),19.818890431786414,6.532149439499585,True,1494.0,592.0359626226639,True,,measured on KITTI,1799.2805109286678,0.6311159195145586,0.16525365152835264,-0.0774957784746444,0.46305689120423055,True
2026-09-23.1,KITTI,oracle,traj,JB,R1_mlp_clf,ms,0.1,15.02567092411482,13.17875574932259,18.469151747922297,1.8469151747922297,3536,353,93.41690333427657,246.17209176557827,"[0, 1.2567]",False,935.7568560623284,not feasible (C_f > b),1.2566962416766327,0.6543920000012804,True,228.0,136.74296144556686,True,,measured on KITTI,1799.2805109286678,0.1457692864932713,0.07064546133007821,-0.057281579681101945,0.2442602312235132,True
2026-09-23.1,KITTI,oracle,traj,JB,R1_mlp_clf,ms,0.2,16.87258609890705,13.17875574932259,18.469151747922297,3.6938303495844593,3536,707,187.09844378848027,392.6452723514881,"[0, 2.29402]",False,935.7568560623284,not feasible (C_f > b),2.2940190745774722,0.6543920000012804,True,581.0,340.51075044802866,True,,measured on KITTI,1799.2805109286678,0.36298767125835624,0.19214171263696708,0.059978814046817625,0.47945409764351615,True
2026-09-23.1,KITTI,oracle,traj,JB,R1_mlp_clf,ms,0.3,18.71950127369928,13.17875574932259,18.469151747922297,5.540745524376689,3536,1060,280.5153471227568,648.9242918469407,"[0, 3.25822]",True,935.7568560623284,none,3.2582174378881215,0.6543920000012804,True,935.0,564.2531014039607,True,False,measured on KITTI,1799.2805109286678,0.6014991274414684,0.27669048507954686,0.049334394804571205,0.5429328951681331,True
2026-09-23.1,KITTI,oracle,traj,JB,R1_mlp_clf,ms,0.5,22.41333162328374,13.17875574932259,18.469151747922297,9.234575873961148,3536,1768,467.8784280311642,796.1619652901392,"[0, 4.85755]",True,935.7568560623284,none,4.857554051353564,0.6543920000012804,True,1642.0,769.1044018475412,True,False,measured on KITTI,1799.2805109286678,0.81987254562114,0.3127367604661888,0.13408964419027947,0.49487712218711494,True
2026-09-23.1,KITTI,oracle,traj,JB,R1_mlp_clf,mJ,0.1,49.55596606074272,41.112641173187015,84.43324887555701,8.443324887555704,3536,353,93.41690333427657,246.17209176557827,"[0, 5.74509]",False,935.7568560623284,not feasible (C_f > b),5.745090407110707,6.532149439499585,True,80.0,73.30319188294793,False,,measured on KITTI,1799.2805109286678,0.07814189385323636,-0.01679804120688452,-0.09941461926699321,0.06383828613028882,True
2026-09-23.1,KITTI,oracle,traj,JB,R1_mlp_clf,mJ,0.2,57.99929094829842,41.112641173187015,84.43324887555701,16.886649775111408,3536,707,187.09844378848027,392.6452723514881,"[0, 10.4873]",False,935.7568560623284,not feasible (C_f > b),10.487297201987865,6.532149439499585,True,433.0,279.27337551380646,True,,measured on KITTI,1799.2805109286678,0.2977080520624835,0.1175567691770183,0.019679648537163013,0.3890009534526084,True
2026-09-23.1,KITTI,oracle,traj,JB,R1_mlp_clf,mJ,0.3,66.44261583585411,41.112641173187015,84.43324887555701,25.329974662667098,3536,1060,280.5153471227568,648.9242918469407,"[0, 14.8952]",False,935.7568560623284,not feasible (C_f > b),14.895209459461785,6.532149439499585,True,787.0,425.74655609971626,True,,measured on KITTI,1799.2805109286678,0.4538498439228817,0.2007881590069092,0.00276750225652726,0.5189218829171418,True
2026-09-23.1,KITTI,oracle,traj,JB,R1_mlp_clf,mJ,0.5,83.32926561096552,41.112641173187015,84.43324887555701,42.216624437778506,3536,1768,467.8784280311642,796.1619652901392,"[0, 22.2067]",False,935.7568560623284,not feasible (C_f > b),22.206708556095148,6.532149439499585,True,1494.0,692.5939309914733,True,,measured on KITTI,1799.2805109286678,0.7383116621354268,0.27984330068802765,0.08539879324546308,0.4944223913109969,True
2026-09-23.1,KITTI,oracle,traj,JB,R1_gbm_reg,ms,0.1,15.02567092411482,13.17875574932259,18.469151747922297,1.8469151747922297,3536,353,93.41690333427657,269.6738876796895,"[0, 1.57009]",False,935.7568560623284,not feasible (C_f > b),1.5700868256345903,15.914492499945254,False,,,False,,measured on KITTI,1799.2805109286678,,,,,True
2026-09-23.1,KITTI,oracle,traj,JB,R1_gbm_reg,ms,0.2,16.87258609890705,13.17875574932259,18.469151747922297,3.6938303495844593,3536,707,187.09844378848027,470.127316586841,"[0, 2.80067]",False,935.7568560623284,not feasible (C_f > b),2.8006671853095035,15.914492499945254,False,,,False,,measured on KITTI,1799.2805109286678,,,,,True
2026-09-23.1,KITTI,oracle,traj,JB,R1_gbm_reg,ms,0.3,18.71950127369928,13.17875574932259,18.469151747922297,5.540745524376689,3536,1060,280.5153471227568,682.8139427185206,"[0, 3.55594]",True,935.7568560623284,none,3.555938492648181,15.914492499945254,False,,,False,,measured on KITTI,1799.2805109286678,,,,,True
2026-09-23.1,KITTI,oracle,traj,JB,R1_gbm_reg,ms,0.5,22.41333162328374,13.17875574932259,18.469151747922297,9.234575873961148,3536,1768,467.8784280311642,788.0495499625474,"[0, 5.57835]",True,935.7568560623284,none,5.578352394456867,15.914492499945254,False,,,False,,measured on KITTI,1799.2805109286678,,,,,True
2026-09-23.1,KITTI,oracle,traj,JB,R1_gbm_reg,mJ,0.1,49.55596606074272,41.112641173187015,84.43324887555701,8.443324887555704,3536,353,93.41690333427657,269.6738876796895,"[0, 7.17778]",False,935.7568560623284,not feasible (C_f > b),7.1777812816959505,158.85867074052607,False,,,False,,measured on KITTI,1799.2805109286678,,,,,True
2026-09-23.1,KITTI,oracle,traj,JB,R1_gbm_reg,mJ,0.2,57.99929094829842,41.112641173187015,84.43324887555701,16.886649775111408,3536,707,187.09844378848027,470.127316586841,"[0, 12.8035]",False,935.7568560623284,not feasible (C_f > b),12.803480782567341,158.85867074052607,False,,,False,,measured on KITTI,1799.2805109286678,,,,,True
2026-09-23.1,KITTI,oracle,traj,JB,R1_gbm_reg,mJ,0.3,66.44261583585411,41.112641173187015,84.43324887555701,25.329974662667098,3536,1060,280.5153471227568,682.8139427185206,"[0, 16.2563]",False,935.7568560623284,not feasible (C_f > b),16.25626579031777,158.85867074052607,False,,,False,,measured on KITTI,1799.2805109286678,,,,,True
2026-09-23.1,KITTI,oracle,traj,JB,R1_gbm_reg,mJ,0.5,83.32926561096552,41.112641173187015,84.43324887555701,42.216624437778506,3536,1768,467.8784280311642,788.0495499625474,"[0, 25.5019]",False,935.7568560623284,not feasible (C_f > b),25.501897567641212,158.85867074052607,False,,,False,,measured on KITTI,1799.2805109286678,,,,,True
2026-09-23.1,KITTI,oracle,traj,JB,R1_gbm_clf,ms,0.1,15.02567092411482,13.17875574932259,18.469151747922297,1.8469151747922297,3536,353,93.41690333427657,281.26254069427875,"[0, 1.6641]",False,935.7568560623284,not feasible (C_f > b),1.6641040008219776,15.914492499945254,False,,,False,,measured on KITTI,1799.2805109286678,,,,,True
2026-09-23.1,KITTI,oracle,traj,JB,R1_gbm_clf,ms,0.2,16.87258609890705,13.17875574932259,18.469151747922297,3.6938303495844593,3536,707,187.09844378848027,425.3327217920433,"[0, 3.09317]",False,935.7568560623284,not feasible (C_f > b),3.0931650636702637,15.914492499945254,False,,,False,,measured on KITTI,1799.2805109286678,,,,,True
2026-09-23.1,KITTI,oracle,traj,JB,R1_gbm_clf,ms,0.3,18.71950127369928,13.17875574932259,18.469151747922297,5.540745524376689,3536,1060,280.5153471227568,637.9842319565107,"[0, 3.70219]",True,935.7568560623284,none,3.7021874318285612,15.914492499945254,False,,,False,,measured on KITTI,1799.2805109286678,,,,,True
2026-09-23.1,KITTI,oracle,traj,JB,R1_gbm_clf,ms,0.5,22.41333162328374,13.17875574932259,18.469151747922297,9.234575873961148,3536,1768,467.8784280311642,791.6133029537683,"[0, 5.39032]",True,935.7568560623284,none,5.390318044082092,15.914492499945254,False,,,False,,measured on KITTI,1799.2805109286678,,,,,True
2026-09-23.1,KITTI,oracle,traj,JB,R1_gbm_clf,mJ,0.1,49.55596606074272,41.112641173187015,84.43324887555701,8.443324887555704,3536,353,93.41690333427657,281.26254069427875,"[0, 7.60759]",False,935.7568560623284,not feasible (C_f > b),7.607588544071524,158.85867074052607,False,,,False,,measured on KITTI,1799.2805109286678,,,,,True
2026-09-23.1,KITTI,oracle,traj,JB,R1_gbm_clf,mJ,0.2,57.99929094829842,41.112641173187015,84.43324887555701,16.886649775111408,3536,707,187.09844378848027,425.3327217920433,"[0, 14.1407]",False,935.7568560623284,not feasible (C_f > b),14.140658932180237,158.85867074052607,False,,,False,,measured on KITTI,1799.2805109286678,,,,,True
2026-09-23.1,KITTI,oracle,traj,JB,R1_gbm_clf,mJ,0.3,66.44261583585411,41.112641173187015,84.43324887555701,25.329974662667098,3536,1060,280.5153471227568,637.9842319565107,"[0, 16.9249]",False,935.7568560623284,not feasible (C_f > b),16.924854865124214,158.85867074052607,False,,,False,,measured on KITTI,1799.2805109286678,,,,,True
2026-09-23.1,KITTI,oracle,traj,JB,R1_gbm_clf,mJ,0.5,83.32926561096552,41.112641173187015,84.43324887555701,42.216624437778506,3536,1768,467.8784280311642,791.6133029537683,"[0, 24.6423]",False,935.7568560623284,not feasible (C_f > b),24.642283042890067,158.85867074052607,False,,,False,,measured on KITTI,1799.2805109286678,,,,,True
2026-09-23.1,KITTI,oracle,traj,JB,R2_cnn_clf,ms,0.1,15.02567092411482,13.17875574932259,18.469151747922297,1.8469151747922297,3536,353,93.41690333427657,38.78476476618574,none,False,935.7568560623284,not feasible (C_f > b),,4.816622999982201,False,,,False,,measured on KITTI,1799.2805109286678,,,,,True
2026-09-23.1,KITTI,oracle,traj,JB,R2_cnn_clf,ms,0.2,16.87258609890705,13.17875574932259,18.469151747922297,3.6938303495844593,3536,707,187.09844378848027,118.36930771674115,none,False,935.7568560623284,not feasible (C_f > b),,4.816622999982201,False,,,False,,measured on KITTI,1799.2805109286678,,,,,True
2026-09-23.1,KITTI,oracle,traj,JB,R2_cnn_clf,ms,0.3,18.71950127369928,13.17875574932259,18.469151747922297,5.540745524376689,3536,1060,280.5153471227568,166.36951662036975,none,True,935.7568560623284,none,,4.816622999982201,True,138.0,13.112767264165148,False,False,measured on KITTI,1799.2805109286678,0.013978333567176425,-0.2941596656071433,-0.29965797402695615,-0.2673014782508536,True
2026-09-23.1,KITTI,oracle,traj,JB,R2_cnn_clf,ms,0.5,22.41333162328374,13.17875574932259,18.469151747922297,9.234575873961148,3536,1768,467.8784280311642,356.92541126306907,none,True,935.7568560623284,none,,4.816622999982201,True,845.0,134.66544790940912,False,False,measured on KITTI,1799.2805109286678,0.14355463747116148,-0.3450811772678815,-0.4988552515586065,-0.13921837827363637,True
2026-09-23.1,KITTI,oracle,traj,JB,R2_cnn_clf,mJ,0.1,49.55596606074272,41.112641173187015,84.43324887555701,8.443324887555704,3536,353,93.41690333427657,38.78476476618574,none,False,935.7568560623284,not feasible (C_f > b),,12.889927276750532,False,,,False,,measured on KITTI,1799.2805109286678,,,,,True
2026-09-23.1,KITTI,oracle,traj,JB,R2_cnn_clf,mJ,0.2,57.99929094829842,41.112641173187015,84.43324887555701,16.886649775111408,3536,707,187.09844378848027,118.36930771674115,none,False,935.7568560623284,not feasible (C_f > b),,12.889927276750532,True,167.0,13.125267264165148,False,,measured on KITTI,1799.2805109286678,0.01399165868506113,-0.18823372343250258,-0.19963502517838178,-0.16483368608895094,True
2026-09-23.1,KITTI,oracle,traj,JB,R2_cnn_clf,mJ,0.3,66.44261583585411,41.112641173187015,84.43324887555701,25.329974662667098,3536,1060,280.5153471227568,166.36951662036975,none,False,935.7568560623284,not feasible (C_f > b),,12.889927276750532,True,520.0,86.71887081509158,False,,measured on KITTI,1799.2805109286678,0.09244313411517008,-0.20904291694738275,-0.2995154501586466,-0.05859185777642934,True
2026-09-23.1,KITTI,oracle,traj,JB,R2_cnn_clf,mJ,0.5,83.32926561096552,41.112641173187015,84.43324887555701,42.216624437778506,3536,1768,467.8784280311642,356.92541126306907,none,False,935.7568560623284,not feasible (C_f > b),,12.889927276750532,True,1228.0,198.34191895385194,False,,measured on KITTI,1799.2805109286678,0.21143435612309947,-0.2791151355436507,-0.4972672684605535,-0.03784091132875633,True
2026-09-23.1,KITTI,mono,brake,J,uncertainty,ms,0.1,15.02567092411482,13.17875574932259,18.469151747922297,1.8469151747922297,3536,353,88.51784461795835,42.82297090796629,none,False,886.6829987793221,not feasible (C_f > b),,0.2125190000015209,True,312.0,29.1176889413265,False,,measured on KITTI,7904.410690898589,0.014493510851250037,-0.03977892384623242,-0.11279555671167033,0.020522518453149605,True
2026-09-23.1,KITTI,mono,brake,J,uncertainty,ms,0.2,16.87258609890705,13.17875574932259,18.469151747922297,3.6938303495844593,3536,707,177.28644800253983,79.68367143431723,none,False,886.6829987793221,not feasible (C_f > b),,0.2125190000015209,True,666.0,43.943652882548555,False,,measured on KITTI,7904.410690898589,0.019708346353834092,-0.07328023264588282,-0.16207414370995174,0.057605387562084984,True
2026-09-23.1,KITTI,mono,brake,J,uncertainty,ms,0.3,18.71950127369928,13.17875574932259,18.469151747922297,5.540745524376689,3536,1060,265.80429262049813,-16.654315045587083,none,True,886.6829987793221,none,,0.2125190000015209,True,1020.0,-9.687838513629648,False,False,measured on KITTI,7904.410690898589,-0.004340270481204698,-0.10489938217255253,-0.23433349949759166,0.07222198984949771,True
2026-09-23.1,KITTI,mono,brake,J,uncertainty,ms,0.5,22.41333162328374,13.17875574932259,18.469151747922297,9.234575873961148,3536,1768,443.34149938966107,-61.240525875715456,none,True,886.6829987793221,none,,0.2125190000015209,True,1727.0,-130.19955610654787,False,False,measured on KITTI,7904.410690898589,-0.05833099811069039,-0.19903328904370624,-0.3476200413241698,-0.004315579232856469,True
2026-09-23.1,KITTI,mono,brake,J,uncertainty,mJ,0.1,49.55596606074272,41.112641173187015,84.43324887555701,8.443324887555704,3536,353,88.51784461795835,42.82297090796629,none,False,886.6829987793221,not feasible (C_f > b),,1.6763962494172269,True,283.0,14.40302639464593,False,,measured on KITTI,7904.410690898589,0.007169196008731439,-0.04019704378528266,-0.11578855780079639,0.020466588810311104,True
2026-09-23.1,KITTI,mono,brake,J,uncertainty,mJ,0.2,57.99929094829842,41.112641173187015,84.43324887555701,16.886649775111408,3536,707,177.28644800253983,79.68367143431723,none,False,886.6829987793221,not feasible (C_f > b),,1.6763962494172269,True,636.0,40.370362538246944,False,,measured on KITTI,7904.410690898589,0.01810575669392271,-0.07216013964106952,-0.1605812588232482,0.05581098200893855,True
2026-09-23.1,KITTI,mono,brake,J,uncertainty,mJ,0.3,66.44261583585411,41.112641173187015,84.43324887555701,25.329974662667098,3536,1060,265.80429262049813,-16.654315045587083,none,False,886.6829987793221,not feasible (C_f > b),,1.6763962494172269,True,990.0,6.832152057650582,False,,measured on KITTI,7904.410690898589,0.003060887922234039,-0.10450626491002592,-0.2352632299329365,0.07404621623434449,True
2026-09-23.1,KITTI,mono,brake,J,uncertainty,mJ,0.5,83.32926561096552,41.112641173187015,84.43324887555701,42.216624437778506,3536,1768,443.34149938966107,-61.240525875715456,none,False,886.6829987793221,not feasible (C_f > b),,1.6763962494172269,True,1697.0,-134.79889805247538,False,,measured on KITTI,7904.410690898589,-0.060391559716129105,-0.19919038694842267,-0.3460277567431597,-0.0055918721231197135,True
2026-09-23.1,KITTI,mono,brake,J,criticality_cheap,ms,0.1,15.02567092411482,13.17875574932259,18.469151747922297,1.8469151747922297,3536,353,88.51784461795835,113.9266798236312,"[0, 0.797057]; [0.870181, 1.26192]",False,886.6829987793221,not feasible (C_f > b),1.261919418075932,1.3042825000013636,True,103.0,87.0163725791119,False,,measured on KITTI,7904.410690898589,0.04331294089833491,-0.00827856430740749,-0.10369919784420267,0.07065231109325526,True
2026-09-23.1,KITTI,mono,brake,J,criticality_cheap,ms,0.2,16.87258609890705,13.17875574932259,18.469151747922297,3.6938303495844593,3536,707,177.28644800253983,166.71945048733352,none,False,886.6829987793221,not feasible (C_f > b),,1.3042825000013636,True,457.0,112.83630398415362,False,,measured on KITTI,7904.410690898589,0.050606101548953356,-0.015636510955213134,-0.13901184942258354,0.10530831594163974,True
2026-09-23.1,KITTI,mono,brake,J,criticality_cheap,ms,0.3,18.71950127369928,13.17875574932259,18.469151747922297,5.540745524376689,3536,1060,265.80429262049813,252.1601482262952,none,True,886.6829987793221,none,,1.3042825000013636,True,811.0,172.4477617989395,False,False,measured on KITTI,7904.410690898589,0.07725871246024045,-0.04112437467655621,-0.21680897623828832,0.11676361677863618,True
2026-09-23.1,KITTI,mono,brake,J,criticality_cheap,ms,0.5,22.41333162328374,13.17875574932259,18.469151747922297,9.234575873961148,3536,1768,443.34149938966107,-38.59536871146837,none,True,886.6829987793221,none,,1.3042825000013636,True,1518.0,48.48757723271571,False,False,measured on KITTI,7904.410690898589,0.021723029329216388,-0.15395472680659664,-0.3547771018517246,0.17975540094996506,True
2026-09-23.1,KITTI,mono,brake,J,criticality_cheap,mJ,0.1,49.55596606074272,41.112641173187015,84.43324887555701,8.443324887555704,3536,353,88.51784461795835,113.9266798236312,"[0, 3.64381]; [3.9781, 5.76897]",False,886.6829987793221,not feasible (C_f > b),5.768968588353795,10.288464989799325,False,,,False,,measured on KITTI,7904.410690898589,,,,,True
2026-09-23.1,KITTI,mono,brake,J,criticality_cheap,mJ,0.2,57.99929094829842,41.112641173187015,84.43324887555701,16.886649775111408,3536,707,177.28644800253983,166.71945048733352,none,False,886.6829987793221,not feasible (C_f > b),,10.288464989799325,True,276.0,113.77871227978092,False,,measured on KITTI,7904.410690898589,0.05102876347800581,-0.018872881875308712,-0.14747343698500986,0.11072294003753294,True
2026-09-23.1,KITTI,mono,brake,J,criticality_cheap,mJ,0.3,66.44261583585411,41.112641173187015,84.43324887555701,25.329974662667098,3536,1060,265.80429262049813,252.1601482262952,none,False,886.6829987793221,not feasible (C_f > b),,10.288464989799325,True,629.0,136.9756736742884,False,,measured on KITTI,7904.410690898589,0.061366781894148396,-0.04774004870150875,-0.22350414721500625,0.10607230480586197,True
2026-09-23.1,KITTI,mono,brake,J,criticality_cheap,mJ,0.5,83.32926561096552,41.112641173187015,84.43324887555701,42.216624437778506,3536,1768,443.34149938966107,-38.59536871146837,none,False,886.6829987793221,not feasible (C_f > b),,10.288464989799325,True,1337.0,63.5829884637802,False,,measured on KITTI,7904.410690898589,0.028485958714925978,-0.13245617059707554,-0.3750806003563242,0.21970560965565855,True
2026-09-23.1,KITTI,mono,brake,J,gate_ridge,ms,0.1,15.02567092411482,13.17875574932259,18.469151747922297,1.8469151747922297,3536,353,88.51784461795835,72.8143877612314,none,False,886.6829987793221,not feasible (C_f > b),,3.932014499980596,False,,,False,,measured on KITTI,7904.410690898589,,,,,True
2026-09-23.1,KITTI,mono,brake,J,gate_ridge,ms,0.2,16.87258609890705,13.17875574932259,18.469151747922297,3.6938303495844593,3536,707,177.28644800253983,346.84918371471247,"[0, 0.794967]",False,886.6829987793221,not feasible (C_f > b),0.7949674479785753,3.932014499980596,False,,,False,,measured on KITTI,7904.410690898589,,,,,True
2026-09-23.1,KITTI,mono,brake,J,gate_ridge,ms,0.3,18.71950127369928,13.17875574932259,18.469151747922297,5.540745524376689,3536,1060,265.80429262049813,534.5492633743133,"[0, 2.00988]",True,886.6829987793221,none,2.0098782784555906,3.932014499980596,True,307.0,63.39627285320589,False,False,measured on KITTI,7904.410690898589,0.028402307831210727,-0.0747070855483684,-0.2315421247199202,0.07794301567941753,True
2026-09-23.1,KITTI,mono,brake,J,gate_ridge,ms,0.5,22.41333162328374,13.17875574932259,18.469151747922297,9.234575873961148,3536,1768,443.34149938966107,451.3177510844979,"[0, 4.39269]",True,886.6829987793221,none,4.392691351815928,3.932014499980596,True,1015.0,521.1496100519169,True,False,measured on KITTI,7904.410690898589,0.2334814175130401,-0.003700555691816031,-0.22667925588727872,0.19581369878131466,True
2026-09-23.1,KITTI,mono,brake,J,gate_ridge,mJ,0.1,49.55596606074272,41.112641173187015,84.43324887555701,8.443324887555704,3536,353,88.51784461795835,72.8143877612314,none,False,886.6829987793221,not feasible (C_f > b),,31.01658844797148,False,,,False,,measured on KITTI,7904.410690898589,,,,,True
2026-09-23.1,KITTI,mono,brake,J,gate_ridge,mJ,0.2,57.99929094829842,41.112641173187015,84.43324887555701,16.886649775111408,3536,707,177.28644800253983,346.84918371471247,"[0, 3.63426]",False,886.6829987793221,not feasible (C_f > b),3.6342591852217847,31.01658844797148,False,,,False,,measured on KITTI,7904.410690898589,,,,,True
2026-09-23.1,KITTI,mono,brake,J,gate_ridge,mJ,0.3,66.44261583585411,41.112641173187015,84.43324887555701,25.329974662667098,3536,1060,265.80429262049813,534.5492633743133,"[0, 9.18832]",False,886.6829987793221,not feasible (C_f > b),9.1883241423639,31.01658844797148,False,,,False,,measured on KITTI,7904.410690898589,,,,,True
2026-09-23.1,KITTI,mono,brake,J,gate_ridge,mJ,0.5,83.32926561096552,41.112641173187015,84.43324887555701,42.216624437778506,3536,1768,443.34149938966107,451.3177510844979,"[0, 20.0816]",False,886.6829987793221,not feasible (C_f > b),20.081550425460374,31.01658844797148,True,469.0,107.12956840256179,False,,measured on KITTI,7904.410690898589,0.04799536065219074,-0.12525762085043815,-0.36921894195217997,0.13228397187496654,True
2026-09-23.1,KITTI,mono,brake,J,gate_gbm,ms,0.1,15.02567092411482,13.17875574932259,18.469151747922297,1.8469151747922297,3536,353,88.51784461795835,121.28278699402533,"[0, 1.23058]",False,886.6829987793221,not feasible (C_f > b),1.2305803596801363,21.38287950000972,False,,,False,,measured on KITTI,7904.410690898589,,,,,True
2026-09-23.1,KITTI,mono,brake,J,gate_gbm,ms,0.2,16.87258609890705,13.17875574932259,18.469151747922297,3.6938303495844593,3536,707,177.28644800253983,342.39799396158514,"[0, 0.841976]",False,886.6829987793221,not feasible (C_f > b),0.841976035572269,21.38287950000972,False,,,False,,measured on KITTI,7904.410690898589,,,,,True
2026-09-23.1,KITTI,mono,brake,J,gate_gbm,ms,0.3,18.71950127369928,13.17875574932259,18.469151747922297,5.540745524376689,3536,1060,265.80429262049813,696.0486599920433,"[0, 2.11434]",True,886.6829987793221,none,2.114341806441576,21.38287950000972,False,,,False,,measured on KITTI,7904.410690898589,,,,,True
2026-09-23.1,KITTI,mono,brake,J,gate_gbm,ms,0.5,22.41333162328374,13.17875574932259,18.469151747922297,9.234575873961148,3536,1768,443.34149938966107,783.4340232892306,"[0, 4.96724]",True,886.6829987793221,none,4.96724075573885,21.38287950000972,False,,,False,,measured on KITTI,7904.410690898589,,,,,True
2026-09-23.1,KITTI,mono,brake,J,gate_gbm,mJ,0.1,49.55596606074272,41.112641173187015,84.43324887555701,8.443324887555704,3536,353,88.51784461795835,121.28278699402533,"[0, 5.6257]",False,886.6829987793221,not feasible (C_f > b),5.62569950089527,168.67281981987622,False,,,False,,measured on KITTI,7904.410690898589,,,,,True
2026-09-23.1,KITTI,mono,brake,J,gate_gbm,mJ,0.2,57.99929094829842,41.112641173187015,84.43324887555701,16.886649775111408,3536,707,177.28644800253983,342.39799396158514,"[0, 3.84916]",False,886.6829987793221,not feasible (C_f > b),3.849162816409571,168.67281981987622,False,,,False,,measured on KITTI,7904.410690898589,,,,,True
2026-09-23.1,KITTI,mono,brake,J,gate_gbm,mJ,0.3,66.44261583585411,41.112641173187015,84.43324887555701,25.329974662667098,3536,1060,265.80429262049813,696.0486599920433,"[0, 9.66589]",False,886.6829987793221,not feasible (C_f > b),9.665887767225648,168.67281981987622,False,,,False,,measured on KITTI,7904.410690898589,,,,,True
2026-09-23.1,KITTI,mono,brake,J,gate_gbm,mJ,0.5,83.32926561096552,41.112641173187015,84.43324887555701,42.216624437778506,3536,1768,443.34149938966107,783.4340232892306,"[0, 22.7082]",False,886.6829987793221,not feasible (C_f > b),22.708150362199987,168.67281981987622,False,,,False,,measured on KITTI,7904.410690898589,,,,,True
2026-09-23.1,KITTI,mono,brake,J,gate_gbm_batched,ms,0.1,15.02567092411482,13.17875574932259,18.469151747922297,1.8469151747922297,3536,353,88.51784461795835,121.28278699402533,"[0, 1.23058]",False,886.6829987793221,not feasible (C_f > b),1.2305803596801363,3.5420919274868936,False,,,False,,measured on KITTI,7904.410690898589,,,,,True
2026-09-23.1,KITTI,mono,brake,J,gate_gbm_batched,ms,0.2,16.87258609890705,13.17875574932259,18.469151747922297,3.6938303495844593,3536,707,177.28644800253983,342.39799396158514,"[0, 0.841976]",False,886.6829987793221,not feasible (C_f > b),0.841976035572269,3.5420919274868936,True,29.0,21.606029820977703,False,,measured on KITTI,7904.410690898589,0.009690116572266188,-0.06745398869339196,-0.16418268793353175,0.03709507513910021,True
2026-09-23.1,KITTI,mono,brake,J,gate_gbm_batched,ms,0.3,18.71950127369928,13.17875574932259,18.469151747922297,5.540745524376689,3536,1060,265.80429262049813,696.0486599920433,"[0, 2.11434]",True,886.6829987793221,none,2.114341806441576,3.5420919274868936,True,382.0,116.14278699402533,False,False,measured on KITTI,7904.410690898589,0.05203339313365063,-0.03168240828865469,-0.19468598883149363,0.10329798183421218,True
2026-09-23.1,KITTI,mono,brake,J,gate_gbm_batched,ms,0.5,22.41333162328374,13.17875574932259,18.469151747922297,9.234575873961148,3536,1768,443.34149938966107,783.4340232892306,"[0, 4.96724]",True,886.6829987793221,none,4.96724075573885,3.5420919274868936,True,1089.0,661.4037043663143,True,False,measured on KITTI,7904.410690898589,0.2963169720657355,0.033615260138199474,-0.1730031924864197,0.17083636337296787,True
2026-09-23.1,KITTI,mono,brake,J,gate_gbm_batched,mJ,0.1,49.55596606074272,41.112641173187015,84.43324887555701,8.443324887555704,3536,353,88.51784461795835,121.28278699402533,"[0, 5.6257]",False,886.6829987793221,not feasible (C_f > b),5.62569950089527,27.940794104468633,False,,,False,,measured on KITTI,7904.410690898589,,,,,True
2026-09-23.1,KITTI,mono,brake,J,gate_gbm_batched,mJ,0.2,57.99929094829842,41.112641173187015,84.43324887555701,16.886649775111408,3536,707,177.28644800253983,342.39799396158514,"[0, 3.84916]",False,886.6829987793221,not feasible (C_f > b),3.849162816409571,27.940794104468633,False,,,False,,measured on KITTI,7904.410690898589,,,,,True
2026-09-23.1,KITTI,mono,brake,J,gate_gbm_batched,mJ,0.3,66.44261583585411,41.112641173187015,84.43324887555701,25.329974662667098,3536,1060,265.80429262049813,696.0486599920433,"[0, 9.66589]",False,886.6829987793221,not feasible (C_f > b),9.665887767225648,27.940794104468633,False,,,False,,measured on KITTI,7904.410690898589,,,,,True
2026-09-23.1,KITTI,mono,brake,J,gate_gbm_batched,mJ,0.5,83.32926561096552,41.112641173187015,84.43324887555701,42.216624437778506,3536,1768,443.34149938966107,783.4340232892306,"[0, 22.7082]",False,886.6829987793221,not feasible (C_f > b),22.708150362199987,27.940794104468633,True,597.0,204.11810440807378,False,,measured on KITTI,7904.410690898589,0.09144741440471216,-0.06895453206398805,-0.31481415840405785,0.11292484455325397,True
2026-09-23.1,KITTI,mono,brake,J,R1_mlp_reg,ms,0.1,15.02567092411482,13.17875574932259,18.469151747922297,1.8469151747922297,3536,353,88.51784461795835,167.52025963084776,"[0, 0.974645]; [1.07911, 1.19924]",False,886.6829987793221,not feasible (C_f > b),1.1992413012843406,0.6543920000012804,True,228.0,114.62749664769342,True,,measured on KITTI,7904.410690898589,0.0570565497097891,0.015604676754045461,-0.038050139193551116,0.07424595920124685,True
2026-09-23.1,KITTI,mono,brake,J,R1_mlp_reg,ms,0.2,16.87258609890705,13.17875574932259,18.469151747922297,3.6938303495844593,3536,707,177.28644800253983,368.8536833373258,"[0, 1.72469]",False,886.6829987793221,not feasible (C_f > b),1.7246928470538494,0.6543920000012804,True,581.0,263.99665931212127,True,,measured on KITTI,7904.410690898589,0.1184002070079313,0.05812856125006092,-0.029821165568984884,0.17239280057076958,True
2026-09-23.1,KITTI,mono,brake,J,R1_mlp_reg,ms,0.3,18.71950127369928,13.17875574932259,18.469151747922297,5.540745524376689,3536,1060,265.80429262049813,697.0417802873055,"[0, 2.47996]",True,886.6829987793221,none,2.4799641543925266,0.6543920000012804,True,935.0,563.7012278839452,True,False,measured on KITTI,7904.410690898589,0.2525450642226777,0.12138218406722978,-0.023733445431222223,0.23137699517907276,True
2026-09-23.1,KITTI,mono,brake,J,R1_mlp_reg,ms,0.5,22.41333162328374,13.17875574932259,18.469151747922297,9.234575873961148,3536,1768,443.34149938966107,850.8370967055515,"[0, 5.23362]",True,886.6829987793221,none,5.233622752103114,0.6543920000012804,True,1642.0,821.1052537019286,True,False,measured on KITTI,7904.410690898589,0.367865225002533,0.16226633163131698,0.04952802774049578,0.23830894927372093,True
2026-09-23.1,KITTI,mono,brake,J,R1_mlp_reg,mJ,0.1,49.55596606074272,41.112641173187015,84.43324887555701,8.443324887555704,3536,353,88.51784461795835,167.52025963084776,"[0, 4.45567]; [4.93323, 5.48243]",False,886.6829987793221,not feasible (C_f > b),5.482430413436745,6.532149439499585,True,80.0,-51.194552219910875,False,,measured on KITTI,7904.410690898589,-0.025482406918327444,-0.05248445873911059,-0.09337152796225279,0.013160264808286509,True
2026-09-23.1,KITTI,mono,brake,J,R1_mlp_reg,mJ,0.2,57.99929094829842,41.112641173187015,84.43324887555701,16.886649775111408,3536,707,177.28644800253983,368.8536833373258,"[0, 7.88458]",False,886.6829987793221,not feasible (C_f > b),7.88457544649134,6.532149439499585,True,433.0,201.3716279400665,True,,measured on KITTI,7904.410690898589,0.0903134247825434,0.018998025703017386,-0.0625610125512494,0.11329870543692369,True
2026-09-23.1,KITTI,mono,brake,J,R1_mlp_reg,mJ,0.3,66.44261583585411,41.112641173187015,84.43324887555701,25.329974662667098,3536,1060,265.80429262049813,697.0417802873055,"[0, 11.3374]",False,886.6829987793221,not feasible (C_f > b),11.337360454241765,6.532149439499585,True,787.0,470.09955083577194,True,,measured on KITTI,7904.410690898589,0.21061036482488255,0.07913122142236911,-0.053764833156906444,0.19929100088504842,True
2026-09-23.1,KITTI,mono,brake,J,R1_mlp_reg,mJ,0.5,83.32926561096552,41.112641173187015,84.43324887555701,42.216624437778506,3536,1768,443.34149938966107,850.8370967055515,"[0, 23.9259]",False,886.6829987793221,not feasible (C_f > b),23.925937605597444,6.532149439499585,True,1494.0,823.7248643087913,True,,measured on KITTI,7904.410690898589,0.36903884268548887,0.14579434993247722,0.037389459353455,0.21731597943089728,True
2026-09-23.1,KITTI,mono,brake,J,R1_mlp_clf,ms,0.1,15.02567092411482,13.17875574932259,18.469151747922297,1.8469151747922297,3536,353,88.51784461795835,167.96324309179278,"[0, 0.661254]",False,886.6829987793221,not feasible (C_f > b),0.6612541321565135,0.6543920000012804,True,228.0,91.31492588757743,True,,measured on KITTI,7904.410690898589,0.04545257255476415,-0.01136630675465919,-0.06865789559329977,0.059927263222108305,True
2026-09-23.1,KITTI,mono,brake,J,R1_mlp_clf,ms,0.2,16.87258609890705,13.17875574932259,18.469151747922297,3.6938303495844593,3536,707,177.28644800253983,412.3328270146572,"[0, 1.69335]; [1.76648, 1.79259]",False,886.6829987793221,not feasible (C_f > b),1.7925941402447403,0.6543920000012804,True,581.0,335.19611634162976,True,,measured on KITTI,7904.410690898589,0.15033254461065587,0.05393424290596058,-0.04811867051507368,0.17010409785156672,True
2026-09-23.1,KITTI,mono,brake,J,R1_mlp_clf,ms,0.3,18.71950127369928,13.17875574932259,18.469151747922297,5.540745524376689,3536,1060,265.80429262049813,561.7019896790846,"[0, 2.94483]; [2.95005, 2.98661]",True,886.6829987793221,none,2.986612265124558,0.6543920000012804,True,935.0,508.8092266959304,True,False,measured on KITTI,7904.410690898589,0.22795277440742018,0.09102713995802075,-0.07196413042449905,0.21515295352958985,True
2026-09-23.1,KITTI,mono,brake,J,R1_mlp_clf,ms,0.5,22.41333162328374,13.17875574932259,18.469151747922297,9.234575873961148,3536,1768,443.34149938966107,857.8553939904842,"[0, 5.15528]",True,886.6829987793221,none,5.155275106113624,0.6543920000012804,True,1642.0,800.0386889020126,True,False,measured on KITTI,7904.410690898589,0.35842714557822963,0.13315046728864452,-0.026092142120894224,0.2584288862383316,True
2026-09-23.1,KITTI,mono,brake,J,R1_mlp_clf,mJ,0.1,49.55596606074272,41.112641173187015,84.43324887555701,8.443324887555704,3536,353,88.51784461795835,167.96324309179278,"[0, 3.02298]",False,886.6829987793221,not feasible (C_f > b),3.0229777453987445,6.532149439499585,True,80.0,-10.069913366557207,False,,measured on KITTI,7904.410690898589,-0.005012362036816778,-0.04931582787272194,-0.10376282426965668,0.0014222030204315756,True
2026-09-23.1,KITTI,mono,brake,J,R1_mlp_clf,mJ,0.2,57.99929094829842,41.112641173187015,84.43324887555701,16.886649775111408,3536,707,177.28644800253983,412.3328270146572,"[0, 7.74131]; [8.0756, 8.19499]",False,886.6829987793221,not feasible (C_f > b),8.194991802651476,6.532149439499585,True,433.0,231.66750734589715,True,,measured on KITTI,7904.410690898589,0.10390086336030488,0.011299660710288087,-0.07341182920930162,0.12498859284477219,True
2026-09-23.1,KITTI,mono,brake,J,R1_mlp_clf,mJ,0.3,66.44261583585411,41.112641173187015,84.43324887555701,25.329974662667098,3536,1060,265.80429262049813,561.7019896790846,"[0, 13.4625]; [13.4864, 13.6535]",False,886.6829987793221,not feasible (C_f > b),13.653544034821241,6.532149439499585,True,787.0,446.1841953238759,True,,measured on KITTI,7904.410690898589,0.19989599221950052,0.059706652591353604,-0.08170611666536252,0.18082652256200915,True
2026-09-23.1,KITTI,mono,brake,J,R1_mlp_clf,mJ,0.5,83.32926561096552,41.112641173187015,84.43324887555701,42.216624437778506,3536,1768,443.34149938966107,857.8553939904842,"[0, 23.5678]",False,886.6829987793221,not feasible (C_f > b),23.567764886951135,6.532149439499585,True,1494.0,771.7306549265204,True,,measured on KITTI,7904.410690898589,0.3457447991423438,0.11151477481045281,-0.05054135119626332,0.2488318956315149,True
2026-09-23.1,KITTI,mono,brake,J,R1_gbm_reg,ms,0.1,15.02567092411482,13.17875574932259,18.469151747922297,1.8469151747922297,3536,353,88.51784461795835,180.969794915627,"[0, 1.14179]",False,886.6829987793221,not feasible (C_f > b),1.1417863608920484,15.914492499945254,False,,,False,,measured on KITTI,7904.410690898589,,,,,True
2026-09-23.1,KITTI,mono,brake,J,R1_gbm_reg,ms,0.2,16.87258609890705,13.17875574932259,18.469151747922297,3.6938303495844593,3536,707,177.28644800253983,454.53576406099273,"[0, 1.89183]",False,886.6829987793221,not feasible (C_f > b),1.8918344918314267,15.914492499945254,False,,,False,,measured on KITTI,7904.410690898589,,,,,True
2026-09-23.1,KITTI,mono,brake,J,R1_gbm_reg,ms,0.3,18.71950127369928,13.17875574932259,18.469151747922297,5.540745524376689,3536,1060,265.80429262049813,774.5631975772808,"[0, 2.64711]",True,886.6829987793221,none,2.647105799170104,15.914492499945254,False,,,False,,measured on KITTI,7904.410690898589,,,,,True
2026-09-23.1,KITTI,mono,brake,J,R1_gbm_reg,ms,0.5,22.41333162328374,13.17875574932259,18.469151747922297,9.234575873961148,3536,1768,443.34149938966107,989.9478846140014,"[0, 5.58358]",True,886.6829987793221,"[0, 2.02137]",5.583575570856166,15.914492499945254,False,,,False,,measured on KITTI,7904.410690898589,,,,,True
2026-09-23.1,KITTI,mono,brake,J,R1_gbm_reg,mJ,0.1,49.55596606074272,41.112641173187015,84.43324887555701,8.443324887555704,3536,353,88.51784461795835,180.969794915627,"[0, 5.21977]",False,886.6829987793221,not feasible (C_f > b),5.219770419762785,158.85867074052607,False,,,False,,measured on KITTI,7904.410690898589,,,,,True
2026-09-23.1,KITTI,mono,brake,J,R1_gbm_reg,mJ,0.2,57.99929094829842,41.112641173187015,84.43324887555701,16.886649775111408,3536,707,177.28644800253983,454.53576406099273,"[0, 8.64868]",False,886.6829987793221,not feasible (C_f > b),8.648677246270136,158.85867074052607,False,,,False,,measured on KITTI,7904.410690898589,,,,,True
2026-09-23.1,KITTI,mono,brake,J,R1_gbm_reg,mJ,0.3,66.44261583585411,41.112641173187015,84.43324887555701,25.329974662667098,3536,1060,265.80429262049813,774.5631975772808,"[0, 12.1015]",False,886.6829987793221,not feasible (C_f > b),12.10146225402056,158.85867074052607,False,,,False,,measured on KITTI,7904.410690898589,,,,,True
2026-09-23.1,KITTI,mono,brake,J,R1_gbm_reg,mJ,0.5,83.32926561096552,41.112641173187015,84.43324887555701,42.216624437778506,3536,1768,443.34149938966107,989.9478846140014,"[0, 25.5258]",False,886.6829987793221,not feasible (C_f > b),25.525775748884296,158.85867074052607,False,,,False,,measured on KITTI,7904.410690898589,,,,,True
2026-09-23.1,KITTI,mono,brake,J,R1_gbm_clf,ms,0.1,15.02567092411482,13.17875574932259,18.469151747922297,1.8469151747922297,3536,353,88.51784461795835,267.13574198290667,"[0, 1.33504]",False,886.6829987793221,not feasible (C_f > b),1.3350438876661221,15.914492499945254,False,,,False,,measured on KITTI,7904.410690898589,,,,,True
2026-09-23.1,KITTI,mono,brake,J,R1_gbm_clf,ms,0.2,16.87258609890705,13.17875574932259,18.469151747922297,3.6938303495844593,3536,707,177.28644800253983,438.2143579610175,"[0, 2.79022]",False,886.6829987793221,not feasible (C_f > b),2.7902208325109052,15.914492499945254,False,,,False,,measured on KITTI,7904.410690898589,,,,,True
2026-09-23.1,KITTI,mono,brake,J,R1_gbm_clf,ms,0.3,18.71950127369928,13.17875574932259,18.469151747922297,5.540745524376689,3536,1060,265.80429262049813,596.9600028029876,"[0, 3.63951]; [3.69174, 3.80665]; [3.82754, 3.92678]",True,886.6829987793221,none,3.9267840169984307,15.914492499945254,False,,,False,,measured on KITTI,7904.410690898589,,,,,True
2026-09-23.1,KITTI,mono,brake,J,R1_gbm_clf,ms,0.5,22.41333162328374,13.17875574932259,18.469151747922297,9.234575873961148,3536,1768,443.34149938966107,973.6221276694068,"[0, 5.47389]",True,886.6829987793221,"[0, 1.75499]",5.473888866470881,15.914492499945254,False,,,False,,measured on KITTI,7904.410690898589,,,,,True
2026-09-23.1,KITTI,mono,brake,J,R1_gbm_clf,mJ,0.1,49.55596606074272,41.112641173187015,84.43324887555701,8.443324887555704,3536,353,88.51784461795835,267.13574198290667,"[0, 6.10326]",False,886.6829987793221,not feasible (C_f > b),6.103263125757018,158.85867074052607,False,,,False,,measured on KITTI,7904.410690898589,,,,,True
2026-09-23.1,KITTI,mono,brake,J,R1_gbm_clf,mJ,0.2,57.99929094829842,41.112641173187015,84.43324887555701,16.886649775111408,3536,707,177.28644800253983,438.2143579610175,"[0, 12.7557]",False,886.6829987793221,not feasible (C_f > b),12.755724420081167,158.85867074052607,False,,,False,,measured on KITTI,7904.410690898589,,,,,True
2026-09-23.1,KITTI,mono,brake,J,R1_gbm_clf,mJ,0.3,66.44261583585411,41.112641173187015,84.43324887555701,25.329974662667098,3536,1060,265.80429262049813,596.9600028029876,"[0, 16.6383]; [16.8771, 17.4024]; [17.4979, 17.9516]",False,886.6829987793221,not feasible (C_f > b),17.951616658576974,158.85867074052607,False,,,False,,measured on KITTI,7904.410690898589,,,,,True
2026-09-23.1,KITTI,mono,brake,J,R1_gbm_clf,mJ,0.5,83.32926561096552,41.112641173187015,84.43324887555701,42.216624437778506,3536,1768,443.34149938966107,973.6221276694068,"[0, 25.0243]",False,886.6829987793221,not feasible (C_f > b),25.024333942779464,158.85867074052607,False,,,False,,measured on KITTI,7904.410690898589,,,,,True
2026-09-23.1,KITTI,mono,brake,J,R2_cnn_clf,ms,0.1,15.02567092411482,13.17875574932259,18.469151747922297,1.8469151747922297,3536,353,88.51784461795835,150.04784931636956,"[0, 0.922413]",False,886.6829987793221,not feasible (C_f > b),0.9224129521214781,4.816622999982201,False,,,False,,measured on KITTI,7904.410690898589,,,,,True
2026-09-23.1,KITTI,mono,brake,J,R2_cnn_clf,ms,0.2,16.87258609890705,13.17875574932259,18.469151747922297,3.6938303495844593,3536,707,177.28644800253983,297.19214219306673,"[0, 1.70902]",False,886.6829987793221,not feasible (C_f > b),1.7090233178559515,4.816622999982201,False,,,False,,measured on KITTI,7904.410690898589,,,,,True
2026-09-23.1,KITTI,mono,brake,J,R2_cnn_clf,ms,0.3,18.71950127369928,13.17875574932259,18.469151747922297,5.540745524376689,3536,1060,265.80429262049813,345.25683237331157,"[0, 1.95242]; [1.99421, 2.03599]; [2.35983, 2.86126]",True,886.6829987793221,none,2.861256031541375,4.816622999982201,True,138.0,83.30965784241562,False,False,measured on KITTI,7904.410690898589,0.037323748555881726,-0.07399909237090277,-0.22359056568376884,0.09399222454145932,True
2026-09-23.1,KITTI,mono,brake,J,R2_cnn_clf,ms,0.5,22.41333162328374,13.17875574932259,18.469151747922297,9.234575873961148,3536,1768,443.34149938966107,578.0479565354955,"[0, 1.54606]",True,886.6829987793221,none,1.546060214197814,4.816622999982201,True,845.0,316.6373050184218,False,False,measured on KITTI,7904.410690898589,0.14185739639303419,-0.045153922794314835,-0.3039089127924892,0.17553193019041666,True
2026-09-23.1,KITTI,mono,brake,J,R2_cnn_clf,mJ,0.1,49.55596606074272,41.112641173187015,84.43324887555701,8.443324887555704,3536,353,88.51784461795835,150.04784931636956,"[0, 4.21689]",False,886.6829987793221,not feasible (C_f > b),4.216886807553114,12.889927276750532,False,,,False,,measured on KITTI,7904.410690898589,,,,,True
2026-09-23.1,KITTI,mono,brake,J,R2_cnn_clf,mJ,0.2,57.99929094829842,41.112641173187015,84.43324887555701,16.886649775111408,3536,707,177.28644800253983,297.19214219306673,"[0, 7.81294]",False,886.6829987793221,not feasible (C_f > b),7.812940902762078,12.889927276750532,True,167.0,78.61961685416662,False,,measured on KITTI,7904.410690898589,0.03526021478708225,-0.03131964595986599,-0.1445855003712971,0.09254060676641508,True
2026-09-23.1,KITTI,mono,brake,J,R2_cnn_clf,mJ,0.3,66.44261583585411,41.112641173187015,84.43324887555701,25.329974662667098,3536,1060,265.80429262049813,345.25683237331157,"[0, 8.92566]; [9.11669, 9.30772]; [10.7882, 13.0805]",False,886.6829987793221,not feasible (C_f > b),13.080467684987145,12.889927276750532,True,520.0,274.5171876460694,True,,measured on KITTI,7904.410690898589,0.12298706718194109,-0.011297663971855068,-0.19692856712231552,0.18383982309188796,True
2026-09-23.1,KITTI,mono,brake,J,R2_cnn_clf,mJ,0.5,83.32926561096552,41.112641173187015,84.43324887555701,42.216624437778506,3536,1768,443.34149938966107,578.0479565354955,"[0, 7.06794]",False,886.6829987793221,not feasible (C_f > b),7.067941647977747,12.889927276750532,True,1228.0,358.97257676711547,False,,measured on KITTI,7904.410690898589,0.16082411740372451,-0.014852379637181546,-0.2605971105535994,0.16803571870453782,True
2026-09-23.1,KITTI,mono,traj,JB,uncertainty,ms,0.1,15.02567092411482,13.17875574932259,18.469151747922297,1.8469151747922297,3536,353,-10.739986895075672,15.155327342556777,"[0, 1.84692]",False,-107.58241830308096,not feasible (C_f > b),1.8469151747922297,0.2125190000015209,True,312.0,-0.5028759450125095,True,,measured on KITTI,4693.652775228891,-0.001994967878378824,0.053748401925595525,-0.09612453753668418,0.19887277479114251,True
2026-09-23.1,KITTI,mono,traj,JB,uncertainty,ms,0.2,16.87258609890705,13.17875574932259,18.469151747922297,3.6938303495844593,3536,707,-21.510398682205384,36.71982673960186,"[0, 3.69383]",False,-107.58241830308096,not feasible (C_f > b),3.6938303495844593,0.2125190000015209,True,666.0,37.09721761170278,True,,measured on KITTI,4693.652775228891,0.14716901503557744,0.16254746956555474,-0.15340071421132714,0.4077013095935696,True
2026-09-23.1,KITTI,mono,traj,JB,uncertainty,ms,0.3,18.71950127369928,13.17875574932259,18.469151747922297,5.540745524376689,3536,1060,-32.25038557728106,38.5617544282257,"[0, 5.54075]",True,-107.58241830308096,"[0, 5.54075]",5.540745524376689,0.2125190000015209,True,1020.0,38.51520857650941,True,True,measured on KITTI,4693.652775228891,0.15279435157170912,0.2717810855726421,0.043605591623504955,0.5258433282136087,True
2026-09-23.1,KITTI,mono,traj,JB,uncertainty,ms,0.5,22.41333162328374,13.17875574932259,18.469151747922297,9.234575873961148,3536,1768,-53.79120915154048,67.2405570050775,"[0, 9.23458]",True,-107.58241830308096,"[0, 9.23458]",9.234575873961148,0.2125190000015209,True,1727.0,67.2401584884849,True,True,measured on KITTI,4693.652775228891,0.26674959828967687,0.20869565665638376,-0.54582073664832,0.63765294533621,True
2026-09-23.1,KITTI,mono,traj,JB,uncertainty,mJ,0.1,49.55596606074272,41.112641173187015,84.43324887555701,8.443324887555704,3536,353,-10.739986895075672,15.155327342556777,"[0, 8.44332]",False,-107.58241830308096,not feasible (C_f > b),8.443324887555704,1.6763962494172269,True,283.0,-0.5713997694504296,True,,measured on KITTI,4693.652775228891,-0.002266809930107744,0.049338463551542165,-0.09750838559212606,0.19839901875613808,True
2026-09-23.1,KITTI,mono,traj,JB,uncertainty,mJ,0.2,57.99929094829842,41.112641173187015,84.43324887555701,16.886649775111408,3536,707,-21.510398682205384,36.71982673960186,"[0, 16.8866]",False,-107.58241830308096,not feasible (C_f > b),16.886649775111408,1.6763962494172269,True,636.0,37.01219743883116,True,,measured on KITTI,4693.652775228891,0.14683173003402725,0.15593462137008743,-0.14994125554536,0.4080204166004942,True
2026-09-23.1,KITTI,mono,traj,JB,uncertainty,mJ,0.3,66.44261583585411,41.112641173187015,84.43324887555701,25.329974662667098,3536,1060,-32.25038557728106,38.5617544282257,"[0, 25.33]",False,-107.58241830308096,not feasible (C_f > b),25.329974662667098,1.6763962494172269,True,990.0,54.23574714417999,True,,measured on KITTI,4693.652775228891,0.21515957262545846,0.2678568921736556,0.034848206755695596,0.5358580286220447,True
2026-09-23.1,KITTI,mono,traj,JB,uncertainty,mJ,0.5,83.32926561096552,41.112641173187015,84.43324887555701,42.216624437778506,3536,1768,-53.79120915154048,67.2405570050775,"[0, 42.2166]",False,-107.58241830308096,not feasible (C_f > b),42.216624437778506,1.6763962494172269,True,1697.0,67.1776584884849,True,,measured on KITTI,4693.652775228891,0.26650165345629345,0.21876784424949022,-0.5457250048573988,0.6344449002599899,True
2026-09-23.1,KITTI,mono,traj,JB,criticality_cheap,ms,0.1,15.02567092411482,13.17875574932259,18.469151747922297,1.8469151747922297,3536,353,-10.739986895075672,13.375735906666844,"[0, 1.84692]",False,-107.58241830308096,not feasible (C_f > b),1.8469151747922297,1.3042825000013636,True,103.0,-0.21776968212128806,True,,measured on KITTI,4693.652775228891,-0.0008639178807925078,0.029844301448031893,-0.09255680436232804,0.1798322038320751,True
2026-09-23.1,KITTI,mono,traj,JB,criticality_cheap,ms,0.2,16.87258609890705,13.17875574932259,18.469151747922297,3.6938303495844593,3536,707,-21.510398682205384,47.07195433619164,"[0, 3.69383]",False,-107.58241830308096,not feasible (C_f > b),3.6938303495844593,1.3042825000013636,True,457.0,13.566552883194154,True,,measured on KITTI,4693.652775228891,0.0538201071073835,0.15277704497070907,-0.1144632342755193,0.4254858879971576,True
2026-09-23.1,KITTI,mono,traj,JB,criticality_cheap,ms,0.3,18.71950127369928,13.17875574932259,18.469151747922297,5.540745524376689,3536,1060,-32.25038557728106,96.60828161093633,"[0, 5.54075]",True,-107.58241830308096,"[0, 5.54075]",5.540745524376689,1.3042825000013636,True,811.0,48.869562589293,True,True,measured on KITTI,4693.652775228891,0.19387128885959687,0.34254334475218795,-0.06495294509223322,0.6662780603186302,True
2026-09-23.1,KITTI,mono,traj,JB,criticality_cheap,ms,0.5,22.41333162328374,13.17875574932259,18.469151747922297,9.234575873961148,3536,1768,-53.79120915154048,50.73154041243476,"[0, 9.23458]",True,-107.58241830308096,"[0, 9.23458]",9.234575873961148,1.3042825000013636,True,1518.0,98.3971606129838,True,True,measured on KITTI,4693.652775228891,0.39035308149746856,0.39925827734598723,-0.26587108089890593,0.846490709981967,True
2026-09-23.1,KITTI,mono,traj,JB,criticality_cheap,mJ,0.1,49.55596606074272,41.112641173187015,84.43324887555701,8.443324887555704,3536,353,-10.739986895075672,13.375735906666844,"[0, 8.44332]",False,-107.58241830308096,not feasible (C_f > b),8.443324887555704,10.288464989799325,False,,,False,,measured on KITTI,4693.652775228891,,,,,True
2026-09-23.1,KITTI,mono,traj,JB,criticality_cheap,mJ,0.2,57.99929094829842,41.112641173187015,84.43324887555701,16.886649775111408,3536,707,-21.510398682205384,47.07195433619164,"[0, 16.8866]",False,-107.58241830308096,not feasible (C_f > b),16.886649775111408,10.288464989799325,True,276.0,13.407705970143045,True,,measured on KITTI,4693.652775228891,0.05318994276514455,0.08478334567679312,-0.1699754693330883,0.3981995977892917,True
2026-09-23.1,KITTI,mono,traj,JB,criticality_cheap,mJ,0.3,66.44261583585411,41.112641173187015,84.43324887555701,25.329974662667098,3536,1060,-32.25038557728106,96.60828161093633,"[0, 25.33]",False,-107.58241830308096,not feasible (C_f > b),25.329974662667098,10.288464989799325,True,629.0,47.06188980232339,True,,measured on KITTI,4693.652775228891,0.18670003881196498,0.25834191323409555,-0.15583229013629707,0.6281804731905424,True
2026-09-23.1,KITTI,mono,traj,JB,criticality_cheap,mJ,0.5,83.32926561096552,41.112641173187015,84.43324887555701,42.216624437778506,3536,1768,-53.79120915154048,50.73154041243476,"[0, 42.2166]",False,-107.58241830308096,not feasible (C_f > b),42.216624437778506,10.288464989799325,True,1337.0,115.76657784131059,True,,measured on KITTI,4693.652775228891,0.45925959766779306,0.45008166494567586,-0.2009276987663483,0.8558450657437477,True
2026-09-23.1,KITTI,mono,traj,JB,gate_ridge,ms,0.1,15.02567092411482,13.17875574932259,18.469151747922297,1.8469151747922297,3536,353,-10.739986895075672,14.368853149017593,"[0, 1.84692]",False,-107.58241830308096,not feasible (C_f > b),1.8469151747922297,3.932014499980596,False,,,False,,measured on KITTI,4693.652775228891,,,,,True
2026-09-23.1,KITTI,mono,traj,JB,gate_ridge,ms,0.2,16.87258609890705,13.17875574932259,18.469151747922297,3.6938303495844593,3536,707,-21.510398682205384,75.21403696203299,"[0, 3.69383]",False,-107.58241830308096,not feasible (C_f > b),3.6938303495844593,3.932014499980596,False,,,False,,measured on KITTI,4693.652775228891,,,,,True
2026-09-23.1,KITTI,mono,traj,JB,gate_ridge,ms,0.3,18.71950127369928,13.17875574932259,18.469151747922297,5.540745524376689,3536,1060,-32.25038557728106,57.72952012797332,"[0, 5.54075]",True,-107.58241830308096,"[0, 5.54075]",5.540745524376689,3.932014499980596,True,307.0,-1.1995278624651793,True,True,measured on KITTI,4693.652775228891,-0.004758667775963942,0.1317348510851416,-0.27365642521805156,0.591133382460633,True
2026-09-23.1,KITTI,mono,traj,JB,gate_ridge,ms,0.5,22.41333162328374,13.17875574932259,18.469151747922297,9.234575873961148,3536,1768,-53.79120915154048,56.53991812123416,"[0, 9.23458]",True,-107.58241830308096,"[0, 9.23458]",9.234575873961148,3.932014499980596,True,1015.0,57.81549116970065,True,True,measured on KITTI,4693.652775228891,0.22936083720086894,0.41176455810160273,-0.31791702221810125,0.9860304136421034,True
2026-09-23.1,KITTI,mono,traj,JB,gate_ridge,mJ,0.1,49.55596606074272,41.112641173187015,84.43324887555701,8.443324887555704,3536,353,-10.739986895075672,14.368853149017593,"[0, 8.44332]",False,-107.58241830308096,not feasible (C_f > b),8.443324887555704,31.01658844797148,False,,,False,,measured on KITTI,4693.652775228891,,,,,True
2026-09-23.1,KITTI,mono,traj,JB,gate_ridge,mJ,0.2,57.99929094829842,41.112641173187015,84.43324887555701,16.886649775111408,3536,707,-21.510398682205384,75.21403696203299,"[0, 16.8866]",False,-107.58241830308096,not feasible (C_f > b),16.886649775111408,31.01658844797148,False,,,False,,measured on KITTI,4693.652775228891,,,,,True
2026-09-23.1,KITTI,mono,traj,JB,gate_ridge,mJ,0.3,66.44261583585411,41.112641173187015,84.43324887555701,25.329974662667098,3536,1060,-32.25038557728106,57.72952012797332,"[0, 25.33]",False,-107.58241830308096,not feasible (C_f > b),25.329974662667098,31.01658844797148,False,,,False,,measured on KITTI,4693.652775228891,,,,,True
2026-09-23.1,KITTI,mono,traj,JB,gate_ridge,mJ,0.5,83.32926561096552,41.112641173187015,84.43324887555701,42.216624437778506,3536,1768,-53.79120915154048,56.53991812123416,"[0, 42.2166]",False,-107.58241830308096,not feasible (C_f > b),42.216624437778506,31.01658844797148,True,469.0,60.71008114217067,True,,measured on KITTI,4693.652775228891,0.24084401525586915,0.29787191210137054,-0.4184803542966026,0.9138610044613398,True
2026-09-23.1,KITTI,mono,traj,JB,gate_gbm,ms,0.1,15.02567092411482,13.17875574932259,18.469151747922297,1.8469151747922297,3536,353,-10.739986895075672,14.71072650009712,"[0, 1.84692]",False,-107.58241830308096,not feasible (C_f > b),1.8469151747922297,21.38287950000972,False,,,False,,measured on KITTI,4693.652775228891,,,,,True
2026-09-23.1,KITTI,mono,traj,JB,gate_gbm,ms,0.2,16.87258609890705,13.17875574932259,18.469151747922297,3.6938303495844593,3536,707,-21.510398682205384,15.581847299393765,"[0, 3.69383]",False,-107.58241830308096,not feasible (C_f > b),3.6938303495844593,21.38287950000972,False,,,False,,measured on KITTI,4693.652775228891,,,,,True
2026-09-23.1,KITTI,mono,traj,JB,gate_gbm,ms,0.3,18.71950127369928,13.17875574932259,18.469151747922297,5.540745524376689,3536,1060,-32.25038557728106,42.48335405755499,"[0, 5.54075]",True,-107.58241830308096,"[0, 5.54075]",5.540745524376689,21.38287950000972,False,,,False,,measured on KITTI,4693.652775228891,,,,,True
2026-09-23.1,KITTI,mono,traj,JB,gate_gbm,ms,0.5,22.41333162328374,13.17875574932259,18.469151747922297,9.234575873961148,3536,1768,-53.79120915154048,63.61259824395454,"[0, 9.23458]",True,-107.58241830308096,"[0, 9.23458]",9.234575873961148,21.38287950000972,False,,,False,,measured on KITTI,4693.652775228891,,,,,True
2026-09-23.1,KITTI,mono,traj,JB,gate_gbm,mJ,0.1,49.55596606074272,41.112641173187015,84.43324887555701,8.443324887555704,3536,353,-10.739986895075672,14.71072650009712,"[0, 8.44332]",False,-107.58241830308096,not feasible (C_f > b),8.443324887555704,168.67281981987622,False,,,False,,measured on KITTI,4693.652775228891,,,,,True
2026-09-23.1,KITTI,mono,traj,JB,gate_gbm,mJ,0.2,57.99929094829842,41.112641173187015,84.43324887555701,16.886649775111408,3536,707,-21.510398682205384,15.581847299393765,"[0, 16.8866]",False,-107.58241830308096,not feasible (C_f > b),16.886649775111408,168.67281981987622,False,,,False,,measured on KITTI,4693.652775228891,,,,,True
2026-09-23.1,KITTI,mono,traj,JB,gate_gbm,mJ,0.3,66.44261583585411,41.112641173187015,84.43324887555701,25.329974662667098,3536,1060,-32.25038557728106,42.48335405755499,"[0, 25.33]",False,-107.58241830308096,not feasible (C_f > b),25.329974662667098,168.67281981987622,False,,,False,,measured on KITTI,4693.652775228891,,,,,True
2026-09-23.1,KITTI,mono,traj,JB,gate_gbm,mJ,0.5,83.32926561096552,41.112641173187015,84.43324887555701,42.216624437778506,3536,1768,-53.79120915154048,63.61259824395454,"[0, 42.2166]",False,-107.58241830308096,not feasible (C_f > b),42.216624437778506,168.67281981987622,False,,,False,,measured on KITTI,4693.652775228891,,,,,True
2026-09-23.1,KITTI,mono,traj,JB,gate_gbm_batched,ms,0.1,15.02567092411482,13.17875574932259,18.469151747922297,1.8469151747922297,3536,353,-10.739986895075672,14.71072650009712,"[0, 1.84692]",False,-107.58241830308096,not feasible (C_f > b),1.8469151747922297,3.5420919274868936,False,,,False,,measured on KITTI,4693.652775228891,,,,,True
2026-09-23.1,KITTI,mono,traj,JB,gate_gbm_batched,ms,0.2,16.87258609890705,13.17875574932259,18.469151747922297,3.6938303495844593,3536,707,-21.510398682205384,15.581847299393765,"[0, 3.69383]",False,-107.58241830308096,not feasible (C_f > b),3.6938303495844593,3.5420919274868936,True,29.0,0.0,True,,measured on KITTI,4693.652775228891,0.0,0.05782282571882602,-0.18151488577513908,0.36164972067369533,True
2026-09-23.1,KITTI,mono,traj,JB,gate_gbm_batched,ms,0.3,18.71950127369928,13.17875574932259,18.469151747922297,5.540745524376689,3536,1060,-32.25038557728106,42.48335405755499,"[0, 5.54075]",True,-107.58241830308096,"[0, 5.54075]",5.540745524376689,3.5420919274868936,True,382.0,14.72322650009712,True,True,measured on KITTI,4693.652775228891,0.05840876706293629,0.14007672581136923,-0.27123569774111145,0.691192590389918,True
2026-09-23.1,KITTI,mono,traj,JB,gate_gbm_batched,ms,0.5,22.41333162328374,13.17875574932259,18.469151747922297,9.234575873961148,3536,1768,-53.79120915154048,63.61259824395454,"[0, 9.23458]",True,-107.58241830308096,"[0, 9.23458]",9.234575873961148,3.5420919274868936,True,1089.0,42.48335405755499,True,True,measured on KITTI,4693.652775228891,0.16853645029393594,0.2552276089360548,-0.36422918614641603,0.9411653508490002,True
2026-09-23.1,KITTI,mono,traj,JB,gate_gbm_batched,mJ,0.1,49.55596606074272,41.112641173187015,84.43324887555701,8.443324887555704,3536,353,-10.739986895075672,14.71072650009712,"[0, 8.44332]",False,-107.58241830308096,not feasible (C_f > b),8.443324887555704,27.940794104468633,False,,,False,,measured on KITTI,4693.652775228891,,,,,True
2026-09-23.1,KITTI,mono,traj,JB,gate_gbm_batched,mJ,0.2,57.99929094829842,41.112641173187015,84.43324887555701,16.886649775111408,3536,707,-21.510398682205384,15.581847299393765,"[0, 16.8866]",False,-107.58241830308096,not feasible (C_f > b),16.886649775111408,27.940794104468633,False,,,False,,measured on KITTI,4693.652775228891,,,,,True
2026-09-23.1,KITTI,mono,traj,JB,gate_gbm_batched,mJ,0.3,66.44261583585411,41.112641173187015,84.43324887555701,25.329974662667098,3536,1060,-32.25038557728106,42.48335405755499,"[0, 25.33]",False,-107.58241830308096,not feasible (C_f > b),25.329974662667098,27.940794104468633,False,,,False,,measured on KITTI,4693.652775228891,,,,,True
2026-09-23.1,KITTI,mono,traj,JB,gate_gbm_batched,mJ,0.5,83.32926561096552,41.112641173187015,84.43324887555701,42.216624437778506,3536,1768,-53.79120915154048,63.61259824395454,"[0, 42.2166]",False,-107.58241830308096,not feasible (C_f > b),42.216624437778506,27.940794104468633,True,597.0,31.781441714850036,True,,measured on KITTI,4693.652775228891,0.12608070833079402,0.20173401227576046,-0.44867143797926656,1.0251868697069781,True
2026-09-23.1,KITTI,mono,traj,JB,R1_mlp_reg,ms,0.1,15.02567092411482,13.17875574932259,18.469151747922297,1.8469151747922297,3536,353,-10.739986895075672,27.677946031118914,"[0, 1.84692]",False,-107.58241830308096,not feasible (C_f > b),1.8469151747922297,0.6543920000012804,True,228.0,27.16799978119074,True,,measured on KITTI,4693.652775228891,0.1077786428657473,0.11526687244473571,-0.2521560479004503,0.4598957210618476,True
2026-09-23.1,KITTI,mono,traj,JB,R1_mlp_reg,ms,0.2,16.87258609890705,13.17875574932259,18.469151747922297,3.6938303495844593,3536,707,-21.510398682205384,27.405095270588117,"[0, 3.69383]",False,-107.58241830308096,not feasible (C_f > b),3.6938303495844593,0.6543920000012804,True,581.0,27.502211642980434,True,,measured on KITTI,4693.652775228891,0.10910450053592684,0.1442009845171109,-0.32426735125094397,0.5593446070274075,True
2026-09-23.1,KITTI,mono,traj,JB,R1_mlp_reg,ms,0.3,18.71950127369928,13.17875574932259,18.469151747922297,5.540745524376689,3536,1060,-32.25038557728106,11.632241531368507,"[0, 5.54075]",True,-107.58241830308096,"[0, 5.54075]",5.540745524376689,0.6543920000012804,True,935.0,11.943987850682985,True,True,measured on KITTI,4693.652775228891,0.04738320124114654,0.11011633100657496,-0.39825089838807404,0.5490304752781043,True
2026-09-23.1,KITTI,mono,traj,JB,R1_mlp_reg,ms,0.5,22.41333162328374,13.17875574932259,18.469151747922297,9.234575873961148,3536,1768,-53.79120915154048,-55.466458917503964,"[0.517094, 0.752137]; [0.88794, 1.0603]; [1.13343, 1.1491]; [1.29535, 9.23458]",True,-107.58241830308096,"[0, 9.23458]",9.234575873961148,0.6543920000012804,True,1642.0,-52.68538698392105,True,True,measured on KITTI,4693.652775228891,-0.20900911195954236,-0.09512392908121653,-0.5457968109867246,0.24612310114242114,True
2026-09-23.1,KITTI,mono,traj,JB,R1_mlp_reg,mJ,0.1,49.55596606074272,41.112641173187015,84.43324887555701,8.443324887555704,3536,353,-10.739986895075672,27.677946031118914,"[0, 8.44332]",False,-107.58241830308096,not feasible (C_f > b),8.443324887555704,6.532149439499585,True,80.0,16.06586907928088,True,,measured on KITTI,4693.652775228891,0.06373518771236437,0.12328817683240775,-0.08907734400028311,0.45843691678544196,True
2026-09-23.1,KITTI,mono,traj,JB,R1_mlp_reg,mJ,0.2,57.99929094829842,41.112641173187015,84.43324887555701,16.886649775111408,3536,707,-21.510398682205384,27.405095270588117,"[0, 16.8866]",False,-107.58241830308096,not feasible (C_f > b),16.886649775111408,6.532149439499585,True,433.0,27.616284842298395,True,,measured on KITTI,4693.652775228891,0.1095570423023014,0.15356132718218748,-0.3235877931582253,0.6230219258900759,True
2026-09-23.1,KITTI,mono,traj,JB,R1_mlp_reg,mJ,0.3,66.44261583585411,41.112641173187015,84.43324887555701,25.329974662667098,3536,1060,-32.25038557728106,11.632241531368507,"[0, 25.33]",False,-107.58241830308096,not feasible (C_f > b),25.329974662667098,6.532149439499585,True,787.0,27.343434081767597,True,,measured on KITTI,4693.652775228891,0.10847461132056765,0.14460130232387883,-0.39757134029535535,0.6209235501464097,True
2026-09-23.1,KITTI,mono,traj,JB,R1_mlp_reg,mJ,0.5,83.32926561096552,41.112641173187015,84.43324887555701,42.216624437778506,3536,1768,-53.79120915154048,-55.466458917503964,"[2.36394, 3.43846]; [4.05929, 4.84727]; [5.18157, 5.2532]; [5.92179, 42.2166]",False,-107.58241830308096,not feasible (C_f > b),42.216624437778506,6.532149439499585,True,1494.0,-52.83540698053802,True,,measured on KITTI,4693.652775228891,-0.20960425888858847,-0.07879918340863884,-0.5474670637468179,0.3538578840614247,True
2026-09-23.1,KITTI,mono,traj,JB,R1_mlp_clf,ms,0.1,15.02567092411482,13.17875574932259,18.469151747922297,1.8469151747922297,3536,353,-10.739986895075672,49.071711591310695,"[0, 1.84692]",False,-107.58241830308096,not feasible (C_f > b),1.8469151747922297,0.6543920000012804,True,228.0,49.16805719884276,True,,measured on KITTI,4693.652775228891,0.1950554519992877,0.19218812769826066,-0.08056398217870604,0.4462842891630945,True
2026-09-23.1,KITTI,mono,traj,JB,R1_mlp_clf,ms,0.2,16.87258609890705,13.17875574932259,18.469151747922297,3.6938303495844593,3536,707,-21.510398682205384,48.79963159564015,"[0, 3.69383]",False,-107.58241830308096,not feasible (C_f > b),3.6938303495844593,0.6543920000012804,True,581.0,48.895977203172215,True,,measured on KITTI,4693.652775228891,0.1939760787321916,0.19240041679022063,-0.20541216895639522,0.6060549172264331,True
2026-09-23.1,KITTI,mono,traj,JB,R1_mlp_clf,ms,0.3,18.71950127369928,13.17875574932259,18.469151747922297,5.540745524376689,3536,1060,-32.25038557728106,15.472575118704407,"[0, 5.54075]",True,-107.58241830308096,"[0, 5.54075]",5.540745524376689,0.6543920000012804,True,935.0,31.46863942237241,True,True,measured on KITTI,4693.652775228891,0.12483978493414874,0.1222801899030356,-0.3574770189471861,0.5974907360065022,True
2026-09-23.1,KITTI,mono,traj,JB,R1_mlp_clf,ms,0.5,22.41333162328374,13.17875574932259,18.469151747922297,9.234575873961148,3536,1768,-53.79120915154048,-80.46913851801297,"[0.65812, 0.720798]; [0.88794, 0.997627]; [1.53039, 9.23458]",True,-107.58241830308096,"[0, 9.23458]",9.234575873961148,0.6543920000012804,True,1642.0,-65.40835361802583,False,True,measured on KITTI,4693.652775228891,-0.2594826134353252,-0.07740042617881043,-0.7413559108083498,0.6890624912453446,True
2026-09-23.1,KITTI,mono,traj,JB,R1_mlp_clf,mJ,0.1,49.55596606074272,41.112641173187015,84.43324887555701,8.443324887555704,3536,353,-10.739986895075672,49.071711591310695,"[0, 8.44332]",False,-107.58241830308096,not feasible (C_f > b),8.443324887555704,6.532149439499585,True,80.0,15.841936462751443,True,,measured on KITTI,4693.652775228891,0.06284682074765216,0.09283755276167883,-0.08896519138310262,0.43639440745020885,True
2026-09-23.1,KITTI,mono,traj,JB,R1_mlp_clf,mJ,0.2,57.99929094829842,41.112641173187015,84.43324887555701,16.886649775111408,3536,707,-21.510398682205384,48.79963159564015,"[0, 16.8866]",False,-107.58241830308096,not feasible (C_f > b),16.886649775111408,6.532149439499585,True,433.0,49.01005040249017,True,,measured on KITTI,4693.652775228891,0.19442862049856616,0.2156762147763399,-0.1752494037583548,0.6065757308539237,True
2026-09-23.1,KITTI,mono,traj,JB,R1_mlp_clf,mJ,0.3,66.44261583585411,41.112641173187015,84.43324887555701,25.329974662667098,3536,1060,-32.25038557728106,15.472575118704407,"[0, 25.33]",False,-107.58241830308096,not feasible (C_f > b),25.329974662667098,6.532149439499585,True,787.0,30.922033706169504,True,,measured on KITTI,4693.652775228891,0.12267133592246272,0.169213421741343,-0.3193331249657657,0.7126451862106403,True
2026-09-23.1,KITTI,mono,traj,JB,R1_mlp_clf,mJ,0.5,83.32926561096552,41.112641173187015,84.43324887555701,42.216624437778506,3536,1768,-53.79120915154048,-80.46913851801297,"[3.00865, 3.29519]; [4.05929, 4.56073]; [6.99631, 42.2166]",False,-107.58241830308096,not feasible (C_f > b),42.216624437778506,6.532149439499585,True,1494.0,-64.23722296991048,False,,measured on KITTI,4693.652775228891,-0.25483660074064957,-0.022677562317863664,-0.7231932992652379,0.7573937352777447,True
2026-09-23.1,KITTI,mono,traj,JB,R1_gbm_reg,ms,0.1,15.02567092411482,13.17875574932259,18.469151747922297,1.8469151747922297,3536,353,-10.739986895075672,32.19794042080104,"[0, 1.84692]",False,-107.58241830308096,not feasible (C_f > b),1.8469151747922297,15.914492499945254,False,,,False,,measured on KITTI,4693.652775228891,,,,,True
2026-09-23.1,KITTI,mono,traj,JB,R1_gbm_reg,ms,0.2,16.87258609890705,13.17875574932259,18.469151747922297,3.6938303495844593,3536,707,-21.510398682205384,31.811679832083843,"[0, 3.69383]",False,-107.58241830308096,not feasible (C_f > b),3.6938303495844593,15.914492499945254,False,,,False,,measured on KITTI,4693.652775228891,,,,,True
2026-09-23.1,KITTI,mono,traj,JB,R1_gbm_reg,ms,0.3,18.71950127369928,13.17875574932259,18.469151747922297,5.540745524376689,3536,1060,-32.25038557728106,-15.426318557705109,"[0, 5.54075]",True,-107.58241830308096,"[0, 5.54075]",5.540745524376689,15.914492499945254,False,,,False,,measured on KITTI,4693.652775228891,,,,,True
2026-09-23.1,KITTI,mono,traj,JB,R1_gbm_reg,ms,0.5,22.41333162328374,13.17875574932259,18.469151747922297,9.234575873961148,3536,1768,-53.79120915154048,-36.58785860934358,"[0, 9.23458]",True,-107.58241830308096,"[0, 9.23458]",9.234575873961148,15.914492499945254,False,,,False,,measured on KITTI,4693.652775228891,,,,,True
2026-09-23.1,KITTI,mono,traj,JB,R1_gbm_reg,mJ,0.1,49.55596606074272,41.112641173187015,84.43324887555701,8.443324887555704,3536,353,-10.739986895075672,32.19794042080104,"[0, 8.44332]",False,-107.58241830308096,not feasible (C_f > b),8.443324887555704,158.85867074052607,False,,,False,,measured on KITTI,4693.652775228891,,,,,True
2026-09-23.1,KITTI,mono,traj,JB,R1_gbm_reg,mJ,0.2,57.99929094829842,41.112641173187015,84.43324887555701,16.886649775111408,3536,707,-21.510398682205384,31.811679832083843,"[0, 16.8866]",False,-107.58241830308096,not feasible (C_f > b),16.886649775111408,158.85867074052607,False,,,False,,measured on KITTI,4693.652775228891,,,,,True
2026-09-23.1,KITTI,mono,traj,JB,R1_gbm_reg,mJ,0.3,66.44261583585411,41.112641173187015,84.43324887555701,25.329974662667098,3536,1060,-32.25038557728106,-15.426318557705109,"[0, 25.33]",False,-107.58241830308096,not feasible (C_f > b),25.329974662667098,158.85867074052607,False,,,False,,measured on KITTI,4693.652775228891,,,,,True
2026-09-23.1,KITTI,mono,traj,JB,R1_gbm_reg,mJ,0.5,83.32926561096552,41.112641173187015,84.43324887555701,42.216624437778506,3536,1768,-53.79120915154048,-36.58785860934358,"[0, 42.2166]",False,-107.58241830308096,not feasible (C_f > b),42.216624437778506,158.85867074052607,False,,,False,,measured on KITTI,4693.652775228891,,,,,True
2026-09-23.1,KITTI,mono,traj,JB,R1_gbm_clf,ms,0.1,15.02567092411482,13.17875574932259,18.469151747922297,1.8469151747922297,3536,353,-10.739986895075672,-48.16442427234386,"[1.33504, 1.62232]; [1.76857, 1.84692]",False,-107.58241830308096,not feasible (C_f > b),1.8469151747922297,15.914492499945254,False,,,False,,measured on KITTI,4693.652775228891,,,,,True
2026-09-23.1,KITTI,mono,traj,JB,R1_gbm_clf,ms,0.2,16.87258609890705,13.17875574932259,18.469151747922297,3.6938303495844593,3536,707,-21.510398682205384,-48.43727503287466,"[3.06705, 3.69383]",False,-107.58241830308096,not feasible (C_f > b),3.6938303495844593,15.914492499945254,False,,,False,,measured on KITTI,4693.652775228891,,,,,True
2026-09-23.1,KITTI,mono,traj,JB,R1_gbm_clf,ms,0.3,18.71950127369928,13.17875574932259,18.469151747922297,5.540745524376689,3536,1060,-32.25038557728106,-84.7603626918693,"[0.683191, 1.51368]; [4.61102, 5.54075]",True,-107.58241830308096,"[0, 5.54075]",5.540745524376689,15.914492499945254,False,,,False,,measured on KITTI,4693.652775228891,,,,,True
2026-09-23.1,KITTI,mono,traj,JB,R1_gbm_clf,ms,0.5,22.41333162328374,13.17875574932259,18.469151747922297,9.234575873961148,3536,1768,-53.79120915154048,-132.34143164372693,"[3.83903, 8.01758]; [8.08548, 9.23458]",True,-107.58241830308096,"[1.68709, 9.23458]",9.234575873961148,15.914492499945254,False,,,False,,measured on KITTI,4693.652775228891,,,,,True
2026-09-23.1,KITTI,mono,traj,JB,R1_gbm_clf,mJ,0.1,49.55596606074272,41.112641173187015,84.43324887555701,8.443324887555704,3536,353,-10.739986895075672,-48.16442427234386,"[6.10326, 7.41656]; [8.08515, 8.44332]",False,-107.58241830308096,not feasible (C_f > b),8.443324887555704,158.85867074052607,False,,,False,,measured on KITTI,4693.652775228891,,,,,True
2026-09-23.1,KITTI,mono,traj,JB,R1_gbm_clf,mJ,0.2,57.99929094829842,41.112641173187015,84.43324887555701,16.886649775111408,3536,707,-21.510398682205384,-48.43727503287466,"[14.0213, 16.8866]",False,-107.58241830308096,not feasible (C_f > b),16.886649775111408,158.85867074052607,False,,,False,,measured on KITTI,4693.652775228891,,,,,True
2026-09-23.1,KITTI,mono,traj,JB,R1_gbm_clf,mJ,0.3,66.44261583585411,41.112641173187015,84.43324887555701,25.329974662667098,3536,1060,-32.25038557728106,-84.7603626918693,"[3.12327, 6.9199]; [21.0797, 25.33]",False,-107.58241830308096,not feasible (C_f > b),25.329974662667098,158.85867074052607,False,,,False,,measured on KITTI,4693.652775228891,,,,,True
2026-09-23.1,KITTI,mono,traj,JB,R1_gbm_clf,mJ,0.5,83.32926561096552,41.112641173187015,84.43324887555701,42.216624437778506,3536,1768,-53.79120915154048,-132.34143164372693,"[17.5505, 36.653]; [36.9634, 42.2166]",False,-107.58241830308096,not feasible (C_f > b),42.216624437778506,158.85867074052607,False,,,False,,measured on KITTI,4693.652775228891,,,,,True
2026-09-23.1,KITTI,mono,traj,JB,R2_cnn_clf,ms,0.1,15.02567092411482,13.17875574932259,18.469151747922297,1.8469151747922297,3536,353,-10.739986895075672,-15.95885557129309,"[0.562014, 1.84692]",False,-107.58241830308096,not feasible (C_f > b),1.8469151747922297,4.816622999982201,False,,,False,,measured on KITTI,4693.652775228891,,,,,True
2026-09-23.1,KITTI,mono,traj,JB,R2_cnn_clf,ms,0.2,16.87258609890705,13.17875574932259,18.469151747922297,3.6938303495844593,3536,707,-21.510398682205384,-50.27870251137605,"[1.46876, 3.69383]",False,-107.58241830308096,not feasible (C_f > b),3.6938303495844593,4.816622999982201,False,,,False,,measured on KITTI,4693.652775228891,,,,,True
2026-09-23.1,KITTI,mono,traj,JB,R2_cnn_clf,ms,0.3,18.71950127369928,13.17875574932259,18.469151747922297,5.540745524376689,3536,1060,-32.25038557728106,-35.84190001045303,"[0.432479, 0.688415]; [3.31567, 5.54075]",True,-107.58241830308096,"[0, 5.54075]",5.540745524376689,4.816622999982201,True,138.0,-0.9847722721843761,True,True,measured on KITTI,4693.652775228891,-0.003906707151158498,0.08065037540638595,-0.2714073484552907,0.522295460622132,True
2026-09-23.1,KITTI,mono,traj,JB,R2_cnn_clf,ms,0.5,22.41333162328374,13.17875574932259,18.469151747922297,9.234575873961148,3536,1768,-53.79120915154048,-50.71474279620432,"[0, 0.203704]; [1.45727, 2.39744]; [2.86752, 9.23458]",True,-107.58241830308096,"[0, 9.23458]",9.234575873961148,4.816622999982201,True,845.0,-50.40044428829907,True,True,measured on KITTI,4693.652775228891,-0.19994447618423444,-0.039538309482023484,-0.574298024731156,0.5705995189520019,True
2026-09-23.1,KITTI,mono,traj,JB,R2_cnn_clf,mJ,0.1,49.55596606074272,41.112641173187015,84.43324887555701,8.443324887555704,3536,353,-10.739986895075672,-15.95885557129309,"[2.56929, 8.44332]",False,-107.58241830308096,not feasible (C_f > b),8.443324887555704,12.889927276750532,False,,,False,,measured on KITTI,4693.652775228891,,,,,True
2026-09-23.1,KITTI,mono,traj,JB,R2_cnn_clf,mJ,0.2,57.99929094829842,41.112641173187015,84.43324887555701,16.886649775111408,3536,707,-21.510398682205384,-50.27870251137605,"[6.71454, 16.8866]",False,-107.58241830308096,not feasible (C_f > b),16.886649775111408,12.889927276750532,True,167.0,-1.122661542839824,True,,measured on KITTI,4693.652775228891,-0.004453730066967006,0.04927487698333615,-0.1832004559003745,0.34068049557169905,True
2026-09-23.1,KITTI,mono,traj,JB,R2_cnn_clf,mJ,0.3,66.44261583585411,41.112641173187015,84.43324887555701,25.329974662667098,3536,1060,-32.25038557728106,-35.84190001045303,"[1.97711, 3.14714]; [15.1579, 25.33]",False,-107.58241830308096,not feasible (C_f > b),25.329974662667098,12.889927276750532,True,520.0,-33.49468368213499,False,,measured on KITTI,4693.652775228891,-0.1328773402367783,-0.05770174921539619,-0.4219874935674616,0.37435627295432344,True
2026-09-23.1,KITTI,mono,traj,JB,R2_cnn_clf,mJ,0.5,83.32926561096552,41.112641173187015,84.43324887555701,42.216624437778506,3536,1768,-53.79120915154048,-50.71474279620432,"[0, 0.931249]; [6.66201, 10.9601]; [13.1091, 42.2166]",False,-107.58241830308096,not feasible (C_f > b),42.216624437778506,12.889927276750532,True,1228.0,-65.88609753667455,False,,measured on KITTI,4693.652775228891,-0.2613778796162743,-0.04353350952198972,-0.5181989180521731,0.4051813608356365,True
2026-09-23.1,nuPlan,n/a,pdm_closed,safety,criticality_cheap,ms,0.1,16.731492614746095,14.374369621276855,23.571229934692383,2.3571229934692397,384,38,10.374520426637886,0.0,none,False,104.83725904813022,not feasible (C_f > b),,1.4709314999947765,True,14.0,0.0,False,,"measured on nuScenes, inherited by nuPlan as a proxy (track features not timed)",416.60737989077694,0.0,-0.06264400576516302,-0.0810330252753905,-0.05481093492899367,True
2026-09-23.1,nuPlan,n/a,pdm_closed,safety,criticality_cheap,ms,0.2,19.08861560821533,14.374369621276855,23.571229934692383,4.714245986938476,384,76,20.749040853275773,11.5,none,False,104.83725904813022,not feasible (C_f > b),,1.4709314999947765,True,52.0,0.0,False,,"measured on nuScenes, inherited by nuPlan as a proxy (track features not timed)",416.60737989077694,0.0,-0.06681134443715057,-0.13735440332843057,0.19202592796578766,True
2026-09-23.1,nuPlan,n/a,pdm_closed,safety,criticality_cheap,ms,0.3,21.44573860168457,14.374369621276855,23.571229934692383,7.0713689804077156,384,115,31.396574975351502,56.99741864128004,"[0, 2.09931]",False,104.83725904813022,not feasible (C_f > b),2.099312666119925,1.4709314999947765,True,91.0,46.0,True,,"measured on nuScenes, inherited by nuPlan as a proxy (track features not timed)",416.60737989077694,0.280227740339911,0.06740583327807788,-0.2047909068287504,0.7036483606949314,True
2026-09-23.1,nuPlan,n/a,pdm_closed,safety,criticality_cheap,ms,0.5,26.159984588623047,14.374369621276855,23.571229934692383,11.785614967346191,384,192,52.41862952406511,152.149618363559,"[0, 5.15621]",True,104.83725904813022,"[0, 3.62162]",5.1562065482753425,1.4709314999947765,True,168.0,152.32462568114954,True,True,"measured on nuScenes, inherited by nuPlan as a proxy (track features not timed)",416.60737989077694,0.9279475141902459,0.48229678604547965,-0.13092500885201347,0.6465252284459967,True
2026-09-23.1,nuPlan,n/a,pdm_closed,safety,criticality_cheap,mJ,0.1,83.8969338377441,69.5124056669773,143.845281707668,14.3845281707668,384,38,10.374520426637886,0.0,none,False,104.83725904813022,not feasible (C_f > b),,11.60302866907548,True,7.0,0.0,False,,"measured on nuScenes, inherited by nuPlan as a proxy (track features not timed)",416.60737989077694,0.0,-0.06460955184605614,-0.0810330252753905,-0.05562748153493475,True
2026-09-23.1,nuPlan,n/a,pdm_closed,safety,criticality_cheap,mJ,0.2,98.2814620085109,69.5124056669773,143.845281707668,28.7690563415336,384,76,20.749040853275773,11.5,none,False,104.83725904813022,not feasible (C_f > b),,11.60302866907548,True,45.0,0.0,False,,"measured on nuScenes, inherited by nuPlan as a proxy (track features not timed)",416.60737989077694,0.0,-0.08602562910729275,-0.13735440332843057,0.1550513408254474,True
2026-09-23.1,nuPlan,n/a,pdm_closed,safety,criticality_cheap,mJ,0.3,112.6659901792777,69.5124056669773,143.845281707668,43.1535845123004,384,115,31.396574975351502,56.99741864128004,"[0, 12.8112]",False,104.83725904813022,not feasible (C_f > b),12.811220402463778,11.60302866907548,True,84.0,34.5,True,,"measured on nuScenes, inherited by nuPlan as a proxy (track features not timed)",416.60737989077694,0.21017080525493326,0.02234613363895542,-0.20522386857680275,0.5685980008883431,True
2026-09-23.1,nuPlan,n/a,pdm_closed,safety,criticality_cheap,mJ,0.5,141.43504652081128,69.5124056669773,143.845281707668,71.92264085383398,384,192,52.41862952406511,152.149618363559,"[0, 31.4662]",False,104.83725904813022,not feasible (C_f > b),31.46615537392696,11.60302866907548,True,161.0,150.348861583712,True,,"measured on nuScenes, inherited by nuPlan as a proxy (track features not timed)",416.60737989077694,0.9159113422669927,0.4565826150216556,-0.24927250194205944,0.6462603087733877,True
2026-09-23.1,nuPlan,n/a,pdm_closed,safety,gate_ridge,ms,0.1,16.731492614746095,14.374369621276855,23.571229934692383,2.3571229934692397,384,38,10.374520426637886,138.70781635280167,"[0, 2.23436]",False,104.83725904813022,not feasible (C_f > b),2.2343561709541,3.925717499981829,False,,,False,,"measured on nuScenes, inherited by nuPlan as a proxy (track features not timed)",416.60737989077694,,,,,True
2026-09-23.1,nuPlan,n/a,pdm_closed,safety,gate_ridge,ms,0.2,19.08861560821533,14.374369621276855,23.571229934692383,4.714245986938476,384,76,20.749040853275773,162.85680724453601,"[0, 4.34595]",False,104.83725904813022,not feasible (C_f > b),4.345945519270291,3.925717499981829,True,12.0,58.38472044900469,True,,"measured on nuScenes, inherited by nuPlan as a proxy (track features not timed)",416.60737989077694,0.35567431047395603,0.1433480680157499,-0.05628983741719285,0.24855780052111864,True
2026-09-23.1,nuPlan,n/a,pdm_closed,safety,gate_ridge,ms,0.3,21.44573860168457,14.374369621276855,23.571229934692383,7.0713689804077156,384,115,31.396574975351502,162.85680724453601,"[0, 6.5803]",False,104.83725904813022,not feasible (C_f > b),6.580301690163008,3.925717499981829,True,51.0,164.15030294366647,True,,"measured on nuScenes, inherited by nuPlan as a proxy (track features not timed)",416.60737989077694,0.9999884450003369,0.631381503027901,0.3054366801650557,0.8319996560777553,True
2026-09-23.1,nuPlan,n/a,pdm_closed,safety,gate_ridge,ms,0.5,26.159984588623047,14.374369621276855,23.571229934692383,11.785614967346191,384,192,52.41862952406511,150.83725904813022,"[0, 11.1104]",True,104.83725904813022,"[0, 9.57581]",11.1103974432367,3.925717499981829,True,128.0,162.85680724453601,True,True,"measured on nuScenes, inherited by nuPlan as a proxy (track features not timed)",416.60737989077694,0.9921085889806255,0.6659430119539566,0.6441966724626101,0.7131392717467661,True
2026-09-23.1,nuPlan,n/a,pdm_closed,safety,gate_ridge,mJ,0.1,83.8969338377441,69.5124056669773,143.845281707668,14.3845281707668,384,38,10.374520426637886,138.70781635280167,"[0, 13.6353]",False,104.83725904813022,not feasible (C_f > b),13.635333995580625,30.966916337805152,False,,,False,,"measured on nuScenes, inherited by nuPlan as a proxy (track features not timed)",416.60737989077694,,,,,True
2026-09-23.1,nuPlan,n/a,pdm_closed,safety,gate_ridge,mJ,0.2,98.2814620085109,69.5124056669773,143.845281707668,28.7690563415336,384,76,20.749040853275773,162.85680724453601,"[0, 26.5215]",False,104.83725904813022,not feasible (C_f > b),26.52147381522588,30.966916337805152,False,,,False,,"measured on nuScenes, inherited by nuPlan as a proxy (track features not timed)",416.60737989077694,,,,,True
2026-09-23.1,nuPlan,n/a,pdm_closed,safety,gate_ridge,mJ,0.3,112.6659901792777,69.5124056669773,143.845281707668,43.1535845123004,384,115,31.396574975351502,162.85680724453601,"[0, 40.1568]",False,104.83725904813022,not feasible (C_f > b),40.156807810431914,30.966916337805152,True,32.0,92.88282367039221,True,,"measured on nuScenes, inherited by nuPlan as a proxy (track features not timed)",416.60737989077694,0.5658335607292263,0.35053853676271457,0.17072611374554256,0.6682777864029262,True
2026-09-23.1,nuPlan,n/a,pdm_closed,safety,gate_ridge,mJ,0.5,141.43504652081128,69.5124056669773,143.845281707668,71.92264085383398,384,192,52.41862952406511,150.83725904813022,"[0, 67.8021]",False,104.83725904813022,not feasible (C_f > b),67.80207288862434,30.966916337805152,True,109.0,162.85680724453601,True,,"measured on nuScenes, inherited by nuPlan as a proxy (track features not timed)",416.60737989077694,0.9921085889806255,0.6670923082789008,0.6452583136530123,0.7131392717467661,True
2026-09-23.1,nuPlan,n/a,pdm_closed,safety,gate_gbm,ms,0.1,16.731492614746095,14.374369621276855,23.571229934692383,2.3571229934692397,384,38,10.374520426637886,152.18358045023922,"[0, 1.98882]",False,104.83725904813022,not feasible (C_f > b),1.9888225258010546,21.376582500010954,False,,,False,,"measured on nuScenes, inherited by nuPlan as a proxy (track features not timed)",416.60737989077694,,,,,True
2026-09-23.1,nuPlan,n/a,pdm_closed,safety,gate_gbm,ms,0.2,19.08861560821533,14.374369621276855,23.571229934692383,4.714245986938476,384,76,20.749040853275773,162.85680724453601,"[0, 4.22318]",False,104.83725904813022,not feasible (C_f > b),4.223178696693768,21.376582500010954,False,,,False,,"measured on nuScenes, inherited by nuPlan as a proxy (track features not timed)",416.60737989077694,,,,,True
2026-09-23.1,nuPlan,n/a,pdm_closed,safety,gate_gbm,ms,0.3,21.44573860168457,14.374369621276855,23.571229934692383,7.0713689804077156,384,115,31.396574975351502,162.85680724453601,"[0, 6.51892]",False,104.83725904813022,not feasible (C_f > b),6.518918278874747,21.376582500010954,False,,,False,,"measured on nuScenes, inherited by nuPlan as a proxy (track features not timed)",416.60737989077694,,,,,True
2026-09-23.1,nuPlan,n/a,pdm_closed,safety,gate_gbm,ms,0.5,26.159984588623047,14.374369621276855,23.571229934692383,11.785614967346191,384,192,52.41862952406511,162.85680724453601,"[0, 11.1104]",True,104.83725904813022,"[0, 10.1896]",11.1103974432367,21.376582500010954,False,,,False,,"measured on nuScenes, inherited by nuPlan as a proxy (track features not timed)",416.60737989077694,,,,,True
2026-09-23.1,nuPlan,n/a,pdm_closed,safety,gate_gbm,mJ,0.1,83.8969338377441,69.5124056669773,143.845281707668,14.3845281707668,384,38,10.374520426637886,152.18358045023922,"[0, 12.1369]",False,104.83725904813022,not feasible (C_f > b),12.136945644459084,168.62314770970988,False,,,False,,"measured on nuScenes, inherited by nuPlan as a proxy (track features not timed)",416.60737989077694,,,,,True
2026-09-23.1,nuPlan,n/a,pdm_closed,safety,gate_gbm,mJ,0.2,98.2814620085109,69.5124056669773,143.845281707668,28.7690563415336,384,76,20.749040853275773,162.85680724453601,"[0, 25.7723]",False,104.83725904813022,not feasible (C_f > b),25.77227963966511,168.62314770970988,False,,,False,,"measured on nuScenes, inherited by nuPlan as a proxy (track features not timed)",416.60737989077694,,,,,True
2026-09-23.1,nuPlan,n/a,pdm_closed,safety,gate_gbm,mJ,0.3,112.6659901792777,69.5124056669773,143.845281707668,43.1535845123004,384,115,31.396574975351502,162.85680724453601,"[0, 39.7822]",False,104.83725904813022,not feasible (C_f > b),39.78221072265153,168.62314770970988,False,,,False,,"measured on nuScenes, inherited by nuPlan as a proxy (track features not timed)",416.60737989077694,,,,,True
2026-09-23.1,nuPlan,n/a,pdm_closed,safety,gate_gbm,mJ,0.5,141.43504652081128,69.5124056669773,143.845281707668,71.92264085383398,384,192,52.41862952406511,162.85680724453601,"[0, 67.8021]",False,104.83725904813022,not feasible (C_f > b),67.80207288862434,168.62314770970988,False,,,False,,"measured on nuScenes, inherited by nuPlan as a proxy (track features not timed)",416.60737989077694,,,,,True
2026-09-23.1,nuPlan,n/a,pdm_closed,safety,gate_gbm_batched,ms,0.1,16.731492614746095,14.374369621276855,23.571229934692383,2.3571229934692397,384,38,10.374520426637886,152.18358045023922,"[0, 1.98882]",False,104.83725904813022,not feasible (C_f > b),1.9888225258010546,3.5357949274881264,False,,,False,,"measured on nuScenes, inherited by nuPlan as a proxy (track features not timed)",416.60737989077694,,,,,True
2026-09-23.1,nuPlan,n/a,pdm_closed,safety,gate_gbm_batched,ms,0.2,19.08861560821533,14.374369621276855,23.571229934692383,4.714245986938476,384,76,20.749040853275773,162.85680724453601,"[0, 4.22318]",False,104.83725904813022,not feasible (C_f > b),4.223178696693768,3.5357949274881264,True,19.0,82.29886000123453,True,,"measured on nuScenes, inherited by nuPlan as a proxy (track features not timed)",416.60737989077694,0.5013570341455791,0.30617788591337114,-0.0037596563749786732,0.4800626341016043,True
2026-09-23.1,nuPlan,n/a,pdm_closed,safety,gate_gbm_batched,ms,0.3,21.44573860168457,14.374369621276855,23.571229934692383,7.0713689804077156,384,115,31.396574975351502,162.85680724453601,"[0, 6.51892]",False,104.83725904813022,not feasible (C_f > b),6.518918278874747,3.5357949274881264,True,57.0,162.39008475110876,True,,"measured on nuScenes, inherited by nuPlan as a proxy (track features not timed)",416.60737989077694,0.9892653587697793,0.7128305920874559,0.40210664397630314,0.8147015672811749,True
2026-09-23.1,nuPlan,n/a,pdm_closed,safety,gate_gbm_batched,ms,0.5,26.159984588623047,14.374369621276855,23.571229934692383,11.785614967346191,384,192,52.41862952406511,162.85680724453601,"[0, 11.1104]",True,104.83725904813022,"[0, 10.1896]",11.1103974432367,3.5357949274881264,True,134.0,162.85680724453601,True,True,"measured on nuScenes, inherited by nuPlan as a proxy (track features not timed)",416.60737989077694,0.9921085889806255,0.6678873311548619,0.647676574078001,0.7131392717467661,True
2026-09-23.1,nuPlan,n/a,pdm_closed,safety,gate_gbm_batched,mJ,0.1,83.8969338377441,69.5124056669773,143.845281707668,14.3845281707668,384,38,10.374520426637886,152.18358045023922,"[0, 12.1369]",False,104.83725904813022,not feasible (C_f > b),12.136945644459084,27.891121994302306,False,,,False,,"measured on nuScenes, inherited by nuPlan as a proxy (track features not timed)",416.60737989077694,,,,,True
2026-09-23.1,nuPlan,n/a,pdm_closed,safety,gate_gbm_batched,mJ,0.2,98.2814620085109,69.5124056669773,143.845281707668,28.7690563415336,384,76,20.749040853275773,162.85680724453601,"[0, 25.7723]",False,104.83725904813022,not feasible (C_f > b),25.77227963966511,27.891121994302306,True,2.0,-0.0018967786124799435,False,,"measured on nuScenes, inherited by nuPlan as a proxy (track features not timed)",416.60737989077694,-1.1554999663050572e-05,-0.12883854463243538,-0.13738844763075353,-0.11146549316483347,True
2026-09-23.1,nuPlan,n/a,pdm_closed,safety,gate_gbm_batched,mJ,0.3,112.6659901792777,69.5124056669773,143.845281707668,43.1535845123004,384,115,31.396574975351502,162.85680724453601,"[0, 39.7822]",False,104.83725904813022,not feasible (C_f > b),39.78221072265153,27.891121994302306,True,40.0,150.89008475110876,True,,"measured on nuScenes, inherited by nuPlan as a proxy (track features not timed)",416.60737989077694,0.9192084236848015,0.5752239644120843,0.3113173477082462,0.766470709707461,True
2026-09-23.1,nuPlan,n/a,pdm_closed,safety,gate_gbm_batched,mJ,0.5,141.43504652081128,69.5124056669773,143.845281707668,71.92264085383398,384,192,52.41862952406511,162.85680724453601,"[0, 67.8021]",False,104.83725904813022,not feasible (C_f > b),67.80207288862434,27.891121994302306,True,117.0,162.85680724453601,True,,"measured on nuScenes, inherited by nuPlan as a proxy (track features not timed)",416.60737989077694,0.9921085889806255,0.6675556271196247,0.647676574078001,0.7131392717467661,True
2026-09-23.1,nuPlan,n/a,pdm_closed,safety,R1_mlp_reg,ms,0.1,16.731492614746095,14.374369621276855,23.571229934692383,2.3571229934692397,384,38,10.374520426637886,0.5476963752037687,"[0.270087, 2.29574]",False,104.83725904813022,not feasible (C_f > b),2.2957395822423616,0.6491920000541995,True,27.0,12.047696375203769,True,,"measured on nuScenes, inherited by nuPlan as a proxy (track features not timed)",416.60737989077694,0.07339345068531931,0.003955595509538159,-0.06437394331239323,0.012020877867032213,True
2026-09-23.1,nuPlan,n/a,pdm_closed,safety,R1_mlp_reg,ms,0.2,19.08861560821533,14.374369621276855,23.571229934692383,4.714245986938476,384,76,20.749040853275773,23.54769637520377,"[0, 1.33816]",False,104.83725904813022,not feasible (C_f > b),1.3381583661454814,0.6491920000541995,True,66.0,23.54769637520377,True,,"measured on nuScenes, inherited by nuPlan as a proxy (track features not timed)",416.60737989077694,0.1434503857702971,-0.01812281995382031,-0.13268416226847637,0.01899673828757026,True
2026-09-23.1,nuPlan,n/a,pdm_closed,safety,R1_mlp_reg,ms,0.3,21.44573860168457,14.374369621276855,23.571229934692383,7.0713689804077156,384,115,31.396574975351502,35.045799596591294,"[0, 0.0122767]",False,104.83725904813022,not feasible (C_f > b),0.01227668231903678,0.6491920000541995,True,104.0,23.54579959659129,False,,"measured on nuScenes, inherited by nuPlan as a proxy (track features not timed)",416.60737989077694,0.14343883077063402,-0.04080255194593184,-0.052329973345015164,0.032524326915327466,True
2026-09-23.1,nuPlan,n/a,pdm_closed,safety,R1_mlp_reg,ms,0.5,26.159984588623047,14.374369621276855,23.571229934692383,11.785614967346191,384,192,52.41862952406511,81.79817542112704,"[0, 2.2098]",True,104.83725904813022,none,2.209802806438793,0.6491920000541995,True,181.0,82.29886000123452,True,False,"measured on nuScenes, inherited by nuPlan as a proxy (track features not timed)",416.60737989077694,0.501357034145579,0.12406811505670007,-0.07973358190647103,0.27987673121015716,True
2026-09-23.1,nuPlan,n/a,pdm_closed,safety,R1_mlp_reg,mJ,0.1,83.8969338377441,69.5124056669773,143.845281707668,14.3845281707668,384,38,10.374520426637886,0.5476963752037687,"[1.64823, 14.0099]",False,104.83725904813022,not feasible (C_f > b),14.00993108336101,6.480242972520074,True,21.0,12.047696375203769,True,,"measured on nuScenes, inherited by nuPlan as a proxy (track features not timed)",416.60737989077694,0.07339345068531931,0.008953656598057042,0.005466328959615935,0.01180808254893186,True
2026-09-23.1,nuPlan,n/a,pdm_closed,safety,R1_mlp_reg,mJ,0.2,98.2814620085109,69.5124056669773,143.845281707668,28.7690563415336,384,76,20.749040853275773,23.54769637520377,"[0, 8.16622]",False,104.83725904813022,not feasible (C_f > b),8.166216513986999,6.480242972520074,True,59.0,23.54769637520377,True,,"measured on nuScenes, inherited by nuPlan as a proxy (track features not timed)",416.60737989077694,0.1434503857702971,-0.04635700128065068,-0.13355905786029776,0.018447209915042284,True
2026-09-23.1,nuPlan,n/a,pdm_closed,safety,R1_mlp_reg,mJ,0.3,112.6659901792777,69.5124056669773,143.845281707668,43.1535845123004,384,115,31.396574975351502,35.045799596591294,"[0, 0.0749194]",False,104.83725904813022,not feasible (C_f > b),0.0749194179306798,6.480242972520074,True,97.0,23.54769637520377,False,,"measured on nuScenes, inherited by nuPlan as a proxy (track features not timed)",416.60737989077694,0.1434503857702971,-0.046442227968142506,-0.05253105214476489,0.0062659107096716985,True
2026-09-23.1,nuPlan,n/a,pdm_closed,safety,R1_mlp_reg,mJ,0.5,141.43504652081128,69.5124056669773,143.845281707668,71.92264085383398,384,192,52.41862952406511,81.79817542112704,"[0, 13.4855]",False,104.83725904813022,not feasible (C_f > b),13.485495160468453,6.480242972520074,True,174.0,70.79886000123452,True,,"measured on nuScenes, inherited by nuPlan as a proxy (track features not timed)",416.60737989077694,0.43130009906060124,0.09517937769781329,-0.10479247197222674,0.23558048542856322,True
2026-09-23.1,nuPlan,n/a,pdm_closed,safety,R1_mlp_clf,ms,0.1,16.731492614746095,14.374369621276855,23.571229934692383,2.3571229934692397,384,38,10.374520426637886,11.324992682409459,"[0, 0.761154]; [0.883921, 1.74329]",False,104.83725904813022,not feasible (C_f > b),1.743288880648009,0.6491920000541995,True,27.0,11.324992682409459,True,,"measured on nuScenes, inherited by nuPlan as a proxy (track features not timed)",416.60737989077694,0.06899080671212239,0.020375994904668317,-0.1254303218505633,0.08575241081523934,True
2026-09-23.1,nuPlan,n/a,pdm_closed,safety,R1_mlp_clf,ms,0.2,19.08861560821533,14.374369621276855,23.571229934692383,4.714245986938476,384,76,20.749040853275773,-10.952303624796231,none,False,104.83725904813022,not feasible (C_f > b),,0.6491920000541995,True,66.0,0.5476963752037695,False,,"measured on nuScenes, inherited by nuPlan as a proxy (track features not timed)",416.60737989077694,0.0033365156003415733,-0.12226275706710764,-0.24644123209008723,0.01393405638036601,True
2026-09-23.1,nuPlan,n/a,pdm_closed,safety,R1_mlp_clf,ms,0.3,21.44573860168457,14.374369621276855,23.571229934692383,7.0713689804077156,384,115,31.396574975351502,12.047696375203769,none,False,104.83725904813022,not feasible (C_f > b),,0.6491920000541995,True,104.0,0.5476963752037687,False,,"measured on nuScenes, inherited by nuPlan as a proxy (track features not timed)",416.60737989077694,0.0033365156003415685,-0.16079849375561156,-0.34881398638648387,0.10425561943275524,True
2026-09-23.1,nuPlan,n/a,pdm_closed,safety,R1_mlp_clf,ms,0.5,26.159984588623047,14.374369621276855,23.571229934692383,11.785614967346191,384,192,52.41862952406511,58.77931180482873,"[0, 0.3683]; [1.04352, 1.28905]",True,104.83725904813022,none,1.2890516371148717,0.6491920000541995,True,181.0,47.29817542112705,False,False,"measured on nuScenes, inherited by nuPlan as a proxy (track features not timed)",416.60737989077694,0.2881361047926772,0.0014582495089747406,-0.18497217382515088,0.27346741681885994,True
2026-09-23.1,nuPlan,n/a,pdm_closed,safety,R1_mlp_clf,mJ,0.1,83.8969338377441,69.5124056669773,143.845281707668,14.3845281707668,384,38,10.374520426637886,11.324992682409459,"[0, 4.645]; [5.3942, 10.6386]",False,104.83725904813022,not feasible (C_f > b),10.638557293337543,6.480242972520074,True,21.0,11.324992682409459,True,,"measured on nuScenes, inherited by nuPlan as a proxy (track features not timed)",416.60737989077694,0.06899080671212239,0.017516564744187942,-0.06430979537401514,0.08330530228565107,True
2026-09-23.1,nuPlan,n/a,pdm_closed,safety,R1_mlp_clf,mJ,0.2,98.2814620085109,69.5124056669773,143.845281707668,28.7690563415336,384,76,20.749040853275773,-10.952303624796231,none,False,104.83725904813022,not feasible (C_f > b),,6.480242972520074,True,59.0,0.5476963752037695,False,,"measured on nuScenes, inherited by nuPlan as a proxy (track features not timed)",416.60737989077694,0.0033365156003415733,-0.10091351735323596,-0.23543596371426584,0.013698375098777055,True
2026-09-23.1,nuPlan,n/a,pdm_closed,safety,R1_mlp_clf,mJ,0.3,112.6659901792777,69.5124056669773,143.845281707668,43.1535845123004,384,115,31.396574975351502,12.047696375203769,none,False,104.83725904813022,not feasible (C_f > b),,6.480242972520074,True,97.0,0.5476963752037687,False,,"measured on nuScenes, inherited by nuPlan as a proxy (track features not timed)",416.60737989077694,0.0033365156003415685,-0.18348960250524962,-0.34881398638648387,0.0957009010146725,True
2026-09-23.1,nuPlan,n/a,pdm_closed,safety,R1_mlp_clf,mJ,0.5,141.43504652081128,69.5124056669773,143.845281707668,71.92264085383398,384,192,52.41862952406511,58.77931180482873,"[0, 2.24758]; [6.36815, 7.86654]",False,104.83725904813022,not feasible (C_f > b),7.866538843762669,6.480242972520074,True,174.0,58.79817542112705,True,,"measured on nuScenes, inherited by nuPlan as a proxy (track features not timed)",416.60737989077694,0.35819303987765494,-0.025406257914132962,-0.20242343249568112,0.27346741681885994,True
2026-09-23.1,nuPlan,n/a,pdm_closed,safety,R1_gbm_reg,ms,0.1,16.731492614746095,14.374369621276855,23.571229934692383,2.3571229934692397,384,38,10.374520426637886,11.791715175836709,"[0, 0.392854]; [1.25222, 1.80467]",False,104.83725904813022,not feasible (C_f > b),1.8046722919362703,15.909292499998173,False,,,False,,"measured on nuScenes, inherited by nuPlan as a proxy (track features not timed)",416.60737989077694,,,,,True
2026-09-23.1,nuPlan,n/a,pdm_closed,safety,R1_gbm_reg,ms,0.2,19.08861560821533,14.374369621276855,23.571229934692383,4.714245986938476,384,76,20.749040853275773,11.791715175836709,none,False,104.83725904813022,not feasible (C_f > b),,15.909292499998173,False,,,False,,"measured on nuScenes, inherited by nuPlan as a proxy (track features not timed)",416.60737989077694,,,,,True
2026-09-23.1,nuPlan,n/a,pdm_closed,safety,R1_gbm_reg,ms,0.3,21.44573860168457,14.374369621276855,23.571229934692383,7.0713689804077156,384,115,31.396574975351502,-0.20896940427076682,none,False,104.83725904813022,not feasible (C_f > b),,15.909292499998173,False,,,False,,"measured on nuScenes, inherited by nuPlan as a proxy (track features not timed)",416.60737989077694,,,,,True
2026-09-23.1,nuPlan,n/a,pdm_closed,safety,R1_gbm_reg,ms,0.5,26.159984588623047,14.374369621276855,23.571229934692383,11.785614967346191,384,192,52.41862952406511,47.02522738407414,none,True,104.83725904813022,none,,15.909292499998173,False,,,False,,"measured on nuScenes, inherited by nuPlan as a proxy (track features not timed)",416.60737989077694,,,,,True
2026-09-23.1,nuPlan,n/a,pdm_closed,safety,R1_gbm_reg,mJ,0.1,83.8969338377441,69.5124056669773,143.845281707668,14.3845281707668,384,38,10.374520426637886,11.791715175836709,"[0, 2.39742]; [7.64178, 11.0132]",False,104.83725904813022,not feasible (C_f > b),11.013154381117928,158.80676427354655,False,,,False,,"measured on nuScenes, inherited by nuPlan as a proxy (track features not timed)",416.60737989077694,,,,,True
2026-09-23.1,nuPlan,n/a,pdm_closed,safety,R1_gbm_reg,mJ,0.2,98.2814620085109,69.5124056669773,143.845281707668,28.7690563415336,384,76,20.749040853275773,11.791715175836709,none,False,104.83725904813022,not feasible (C_f > b),,158.80676427354655,False,,,False,,"measured on nuScenes, inherited by nuPlan as a proxy (track features not timed)",416.60737989077694,,,,,True
2026-09-23.1,nuPlan,n/a,pdm_closed,safety,R1_gbm_reg,mJ,0.3,112.6659901792777,69.5124056669773,143.845281707668,43.1535845123004,384,115,31.396574975351502,-0.20896940427076682,none,False,104.83725904813022,not feasible (C_f > b),,158.80676427354655,False,,,False,,"measured on nuScenes, inherited by nuPlan as a proxy (track features not timed)",416.60737989077694,,,,,True
2026-09-23.1,nuPlan,n/a,pdm_closed,safety,R1_gbm_reg,mJ,0.5,141.43504652081128,69.5124056669773,143.845281707668,71.92264085383398,384,192,52.41862952406511,47.02522738407414,none,False,104.83725904813022,not feasible (C_f > b),,158.80676427354655,False,,,False,,"measured on nuScenes, inherited by nuPlan as a proxy (track features not timed)",416.60737989077694,,,,,True
2026-09-23.1,nuPlan,n/a,pdm_closed,safety,R1_gbm_clf,ms,0.1,16.731492614746095,14.374369621276855,23.571229934692383,2.3571229934692397,384,38,10.374520426637886,0.0,none,False,104.83725904813022,not feasible (C_f > b),,15.909292499998173,False,,,False,,"measured on nuScenes, inherited by nuPlan as a proxy (track features not timed)",416.60737989077694,,,,,True
2026-09-23.1,nuPlan,n/a,pdm_closed,safety,R1_gbm_clf,ms,0.2,19.08861560821533,14.374369621276855,23.571229934692383,4.714245986938476,384,76,20.749040853275773,11.323095903796979,none,False,104.83725904813022,not feasible (C_f > b),,15.909292499998173,False,,,False,,"measured on nuScenes, inherited by nuPlan as a proxy (track features not timed)",416.60737989077694,,,,,True
2026-09-23.1,nuPlan,n/a,pdm_closed,safety,R1_gbm_clf,ms,0.3,21.44573860168457,14.374369621276855,23.571229934692383,7.0713689804077156,384,115,31.396574975351502,11.289133817116753,none,False,104.83725904813022,not feasible (C_f > b),,15.909292499998173,False,,,False,,"measured on nuScenes, inherited by nuPlan as a proxy (track features not timed)",416.60737989077694,,,,,True
2026-09-23.1,nuPlan,n/a,pdm_closed,safety,R1_gbm_clf,ms,0.5,26.159984588623047,14.374369621276855,23.571229934692383,11.785614967346191,384,192,52.41862952406511,22.789133817116753,none,True,104.83725904813022,none,,15.909292499998173,False,,,False,,"measured on nuScenes, inherited by nuPlan as a proxy (track features not timed)",416.60737989077694,,,,,True
2026-09-23.1,nuPlan,n/a,pdm_closed,safety,R1_gbm_clf,mJ,0.1,83.8969338377441,69.5124056669773,143.845281707668,14.3845281707668,384,38,10.374520426637886,0.0,none,False,104.83725904813022,not feasible (C_f > b),,158.80676427354655,False,,,False,,"measured on nuScenes, inherited by nuPlan as a proxy (track features not timed)",416.60737989077694,,,,,True
2026-09-23.1,nuPlan,n/a,pdm_closed,safety,R1_gbm_clf,mJ,0.2,98.2814620085109,69.5124056669773,143.845281707668,28.7690563415336,384,76,20.749040853275773,11.323095903796979,none,False,104.83725904813022,not feasible (C_f > b),,158.80676427354655,False,,,False,,"measured on nuScenes, inherited by nuPlan as a proxy (track features not timed)",416.60737989077694,,,,,True
2026-09-23.1,nuPlan,n/a,pdm_closed,safety,R1_gbm_clf,mJ,0.3,112.6659901792777,69.5124056669773,143.845281707668,43.1535845123004,384,115,31.396574975351502,11.289133817116753,none,False,104.83725904813022,not feasible (C_f > b),,158.80676427354655,False,,,False,,"measured on nuScenes, inherited by nuPlan as a proxy (track features not timed)",416.60737989077694,,,,,True
2026-09-23.1,nuPlan,n/a,pdm_closed,safety,R1_gbm_clf,mJ,0.5,141.43504652081128,69.5124056669773,143.845281707668,71.92264085383398,384,192,52.41862952406511,22.789133817116753,none,False,104.83725904813022,not feasible (C_f > b),,158.80676427354655,False,,,False,,"measured on nuScenes, inherited by nuPlan as a proxy (track features not timed)",416.60737989077694,,,,,True
2026-09-23.1,nuPlan,n/a,pdm_closed,scalar_J,criticality_cheap,ms,0.1,16.731492614746095,14.374369621276855,23.571229934692383,2.3571229934692397,384,38,10.715844401534403,0.11963684525031305,none,False,108.28642763655819,not feasible (C_f > b),,1.4709314999947765,True,14.0,0.0,False,,"measured on nuScenes, inherited by nuPlan as a proxy (track features not timed)",490.3724125650554,0.0,-0.060279860147217215,-0.07947562999709123,-0.0024293269995380156,True
2026-09-23.1,nuPlan,n/a,pdm_closed,scalar_J,criticality_cheap,ms,0.2,19.08861560821533,14.374369621276855,23.571229934692383,4.714245986938476,384,76,21.431688803068806,11.500126437939553,none,False,108.28642763655819,not feasible (C_f > b),,1.4709314999947765,True,52.0,0.11963684525031305,False,,"measured on nuScenes, inherited by nuPlan as a proxy (track features not timed)",490.3724125650554,0.0006899499336141607,-0.061195407420850154,-0.1337678216570633,0.20717348009613462,True
2026-09-23.1,nuPlan,n/a,pdm_closed,scalar_J,criticality_cheap,ms,0.3,21.44573860168457,14.374369621276855,23.571229934692383,7.0713689804077156,384,115,32.42952910990675,58.26212013929679,"[0, 2.09931]",False,108.28642763655819,not feasible (C_f > b),2.099312666119925,1.4709314999947765,True,91.0,47.52428605235731,True,,"measured on nuScenes, inherited by nuPlan as a proxy (track features not timed)",490.3724125650554,0.2740742447552838,0.06104090417628498,-0.20000634287811678,0.6959515140647915,True
2026-09-23.1,nuPlan,n/a,pdm_closed,scalar_J,criticality_cheap,ms,0.5,26.159984588623047,14.374369621276855,23.571229934692383,11.785614967346191,384,192,54.143213818279094,159.079367509338,"[0, 5.15621]",True,108.28642763655819,"[0, 3.62162]",5.1562065482753425,1.4709314999947765,True,168.0,159.362620087055,True,True,"measured on nuScenes, inherited by nuPlan as a proxy (track features not timed)",490.3724125650554,0.9190498873452584,0.4800786556487001,-0.10929347324071657,0.6476707689229683,True
2026-09-23.1,nuPlan,n/a,pdm_closed,scalar_J,criticality_cheap,mJ,0.1,83.8969338377441,69.5124056669773,143.845281707668,14.3845281707668,384,38,10.715844401534403,0.11963684525031305,none,False,108.28642763655819,not feasible (C_f > b),,11.60302866907548,True,7.0,0.0,False,,"measured on nuScenes, inherited by nuPlan as a proxy (track features not timed)",490.3724125650554,0.0,-0.06293002615790354,-0.07947562999709123,-0.054409409246478996,True
2026-09-23.1,nuPlan,n/a,pdm_closed,scalar_J,criticality_cheap,mJ,0.2,98.2814620085109,69.5124056669773,143.845281707668,28.7690563415336,384,76,21.431688803068806,11.500126437939553,none,False,108.28642763655819,not feasible (C_f > b),,11.60302866907548,True,45.0,0.11963684525031305,False,,"measured on nuScenes, inherited by nuPlan as a proxy (track features not timed)",490.3724125650554,0.0006899499336141607,-0.08230554162608986,-0.13375090538366025,0.15460053840402033,True
2026-09-23.1,nuPlan,n/a,pdm_closed,scalar_J,criticality_cheap,mJ,0.3,112.6659901792777,69.5124056669773,143.845281707668,43.1535845123004,384,115,32.42952910990675,58.26212013929679,"[0, 12.8112]",False,108.28642763655819,not feasible (C_f > b),12.811220402463778,11.60302866907548,True,84.0,35.69211320874355,True,,"measured on nuScenes, inherited by nuPlan as a proxy (track features not timed)",490.3724125650554,0.20583768392920979,0.018038777451980643,-0.2000132315655345,0.6370037148652998,True
2026-09-23.1,nuPlan,n/a,pdm_closed,scalar_J,criticality_cheap,mJ,0.5,141.43504652081128,69.5124056669773,143.845281707668,71.92264085383398,384,192,54.143213818279094,159.079367509338,"[0, 31.4662]",False,108.28642763655819,not feasible (C_f > b),31.46615537392696,11.60302866907548,True,161.0,156.5430145218116,True,,"measured on nuScenes, inherited by nuPlan as a proxy (track features not timed)",490.3724125650554,0.9027891219557371,0.4524961408446635,-0.1334602694048556,0.6321302852348845,True
2026-09-23.1,nuPlan,n/a,pdm_closed,scalar_J,gate_ridge,ms,0.1,16.731492614746095,14.374369621276855,23.571229934692383,2.3571229934692397,384,38,10.715844401534403,145.37210008366367,"[0, 2.23436]",False,108.28642763655819,not feasible (C_f > b),2.2343561709541,3.925717499981829,False,,,False,,"measured on nuScenes, inherited by nuPlan as a proxy (track features not timed)",490.3724125650554,,,,,True
2026-09-23.1,nuPlan,n/a,pdm_closed,scalar_J,gate_ridge,ms,0.2,19.08861560821533,14.374369621276855,23.571229934692383,4.714245986938476,384,76,21.431688803068806,171.34788853220675,"[0, 4.34595]",False,108.28642763655819,not feasible (C_f > b),4.345945519270291,3.925717499981829,True,12.0,61.34264789897249,True,,"measured on nuScenes, inherited by nuPlan as a proxy (track features not timed)",490.3724125650554,0.35376522807050664,0.1459992665080687,-0.05129562999547746,0.25149666405842974,True
2026-09-23.1,nuPlan,n/a,pdm_closed,scalar_J,gate_ridge,ms,0.3,21.44573860168457,14.374369621276855,23.571229934692383,7.0713689804077156,384,115,32.42952910990675,170.80627771367682,"[0, 6.5803]",False,108.28642763655819,not feasible (C_f > b),6.580301690163008,3.925717499981829,True,51.0,172.8627187334029,True,,"measured on nuScenes, inherited by nuPlan as a proxy (track features not timed)",490.3724125650554,0.9969054354863355,0.6368227625327126,0.31694023752456507,0.82488675691988,True
2026-09-23.1,nuPlan,n/a,pdm_closed,scalar_J,gate_ridge,ms,0.5,26.159984588623047,14.374369621276855,23.571229934692383,11.785614967346191,384,192,54.143213818279094,156.13723478196204,"[0, 11.1104]",True,108.28642763655819,"[0, 9.82135]",11.1103974432367,3.925717499981829,True,128.0,170.25056150070398,True,True,"measured on nuScenes, inherited by nuPlan as a proxy (track features not timed)",490.3724125650554,0.9818410319949233,0.6639086280234218,0.6041327708996442,0.7117944880594088,True
2026-09-23.1,nuPlan,n/a,pdm_closed,scalar_J,gate_ridge,mJ,0.1,83.8969338377441,69.5124056669773,143.845281707668,14.3845281707668,384,38,10.715844401534403,145.37210008366367,"[0, 13.6353]",False,108.28642763655819,not feasible (C_f > b),13.635333995580625,30.966916337805152,False,,,False,,"measured on nuScenes, inherited by nuPlan as a proxy (track features not timed)",490.3724125650554,,,,,True
2026-09-23.1,nuPlan,n/a,pdm_closed,scalar_J,gate_ridge,mJ,0.2,98.2814620085109,69.5124056669773,143.845281707668,28.7690563415336,384,76,21.431688803068806,171.34788853220675,"[0, 26.5215]",False,108.28642763655819,not feasible (C_f > b),26.52147381522588,30.966916337805152,False,,,False,,"measured on nuScenes, inherited by nuPlan as a proxy (track features not timed)",490.3724125650554,,,,,True
2026-09-23.1,nuPlan,n/a,pdm_closed,scalar_J,gate_ridge,mJ,0.3,112.6659901792777,69.5124056669773,143.845281707668,43.1535845123004,384,115,32.42952910990675,170.80627771367682,"[0, 40.1568]",False,108.28642763655819,not feasible (C_f > b),40.156807810431914,30.966916337805152,True,32.0,109.76014990322125,True,,"measured on nuScenes, inherited by nuPlan as a proxy (track features not timed)",490.3724125650554,0.6329906809291235,0.3730476996479686,0.17730441080754655,0.7207866991099932,True
2026-09-23.1,nuPlan,n/a,pdm_closed,scalar_J,gate_ridge,mJ,0.5,141.43504652081128,69.5124056669773,143.845281707668,71.92264085383398,384,192,54.143213818279094,156.13723478196204,"[0, 67.8021]",False,108.28642763655819,not feasible (C_f > b),67.80207288862434,30.966916337805152,True,109.0,170.80627771367682,True,,"measured on nuScenes, inherited by nuPlan as a proxy (track features not timed)",490.3724125650554,0.9850458671228198,0.6676838347510756,0.6362109404858631,0.7139556951898205,True
2026-09-23.1,nuPlan,n/a,pdm_closed,scalar_J,gate_gbm,ms,0.1,16.731492614746095,14.374369621276855,23.571229934692383,2.3571229934692397,384,38,10.715844401534403,160.5803976018351,"[0, 2.05021]",False,108.28642763655819,not feasible (C_f > b),2.050205937089316,21.376582500010954,False,,,False,,"measured on nuScenes, inherited by nuPlan as a proxy (track features not timed)",490.3724125650554,,,,,True
2026-09-23.1,nuPlan,n/a,pdm_closed,scalar_J,gate_gbm,ms,0.2,19.08861560821533,14.374369621276855,23.571229934692383,4.714245986938476,384,76,21.431688803068806,171.55388701829452,"[0, 4.22318]",False,108.28642763655819,not feasible (C_f > b),4.223178696693768,21.376582500010954,False,,,False,,"measured on nuScenes, inherited by nuPlan as a proxy (track features not timed)",490.3724125650554,,,,,True
2026-09-23.1,nuPlan,n/a,pdm_closed,scalar_J,gate_gbm,ms,0.3,21.44573860168457,14.374369621276855,23.571229934692383,7.0713689804077156,384,115,32.42952910990675,171.54346920619648,"[0, 6.51892]",False,108.28642763655819,not feasible (C_f > b),6.518918278874747,21.376582500010954,False,,,False,,"measured on nuScenes, inherited by nuPlan as a proxy (track features not timed)",490.3724125650554,,,,,True
2026-09-23.1,nuPlan,n/a,pdm_closed,scalar_J,gate_gbm,ms,0.5,26.159984588623047,14.374369621276855,23.571229934692383,11.785614967346191,384,192,54.143213818279094,171.5158697671659,"[0, 11.1104]",True,108.28642763655819,"[0, 10.4352]",11.1103974432367,21.376582500010954,False,,,False,,"measured on nuScenes, inherited by nuPlan as a proxy (track features not timed)",490.3724125650554,,,,,True
2026-09-23.1,nuPlan,n/a,pdm_closed,scalar_J,gate_gbm,mJ,0.1,83.8969338377441,69.5124056669773,143.845281707668,14.3845281707668,384,38,10.715844401534403,160.5803976018351,"[0, 12.5115]",False,108.28642763655819,not feasible (C_f > b),12.51154273223947,168.62314770970988,False,,,False,,"measured on nuScenes, inherited by nuPlan as a proxy (track features not timed)",490.3724125650554,,,,,True
2026-09-23.1,nuPlan,n/a,pdm_closed,scalar_J,gate_gbm,mJ,0.2,98.2814620085109,69.5124056669773,143.845281707668,28.7690563415336,384,76,21.431688803068806,171.55388701829452,"[0, 25.7723]",False,108.28642763655819,not feasible (C_f > b),25.77227963966511,168.62314770970988,False,,,False,,"measured on nuScenes, inherited by nuPlan as a proxy (track features not timed)",490.3724125650554,,,,,True
2026-09-23.1,nuPlan,n/a,pdm_closed,scalar_J,gate_gbm,mJ,0.3,112.6659901792777,69.5124056669773,143.845281707668,43.1535845123004,384,115,32.42952910990675,171.54346920619648,"[0, 39.7822]",False,108.28642763655819,not feasible (C_f > b),39.78221072265153,168.62314770970988,False,,,False,,"measured on nuScenes, inherited by nuPlan as a proxy (track features not timed)",490.3724125650554,,,,,True
2026-09-23.1,nuPlan,n/a,pdm_closed,scalar_J,gate_gbm,mJ,0.5,141.43504652081128,69.5124056669773,143.845281707668,71.92264085383398,384,192,54.143213818279094,171.5158697671659,"[0, 67.8021]",False,108.28642763655819,not feasible (C_f > b),67.80207288862434,168.62314770970988,False,,,False,,"measured on nuScenes, inherited by nuPlan as a proxy (track features not timed)",490.3724125650554,,,,,True
2026-09-23.1,nuPlan,n/a,pdm_closed,scalar_J,gate_gbm_batched,ms,0.1,16.731492614746095,14.374369621276855,23.571229934692383,2.3571229934692397,384,38,10.715844401534403,160.5803976018351,"[0, 2.05021]",False,108.28642763655819,not feasible (C_f > b),2.050205937089316,3.5357949274881264,False,,,False,,"measured on nuScenes, inherited by nuPlan as a proxy (track features not timed)",490.3724125650554,,,,,True
2026-09-23.1,nuPlan,n/a,pdm_closed,scalar_J,gate_gbm_batched,ms,0.2,19.08861560821533,14.374369621276855,23.571229934692383,4.714245986938476,384,76,21.431688803068806,171.55388701829452,"[0, 4.22318]",False,108.28642763655819,not feasible (C_f > b),4.223178696693768,3.5357949274881264,True,19.0,99.55872259307232,True,,"measured on nuScenes, inherited by nuPlan as a proxy (track features not timed)",490.3724125650554,0.5741586874852933,0.3506442892905522,0.015083294959163893,0.5643252799356829,True
2026-09-23.1,nuPlan,n/a,pdm_closed,scalar_J,gate_gbm_batched,ms,0.3,21.44573860168457,14.374369621276855,23.571229934692383,7.0713689804077156,384,115,32.42952910990675,171.54346920619648,"[0, 6.51892]",False,108.28642763655819,not feasible (C_f > b),6.518918278874747,3.5357949274881264,True,57.0,171.0152113361235,True,,"measured on nuScenes, inherited by nuPlan as a proxy (track features not timed)",490.3724125650554,0.986250794740522,0.7501093711046225,0.4298339435422066,0.8233493854899013,True
2026-09-23.1,nuPlan,n/a,pdm_closed,scalar_J,gate_gbm_batched,ms,0.5,26.159984588623047,14.374369621276855,23.571229934692383,11.785614967346191,384,192,54.143213818279094,171.5158697671659,"[0, 11.1104]",True,108.28642763655819,"[0, 10.4352]",11.1103974432367,3.5357949274881264,True,134.0,171.5158697671659,True,True,"measured on nuScenes, inherited by nuPlan as a proxy (track features not timed)",490.3724125650554,0.9891381096854984,0.672342202407706,0.6533866658359169,0.7140071974009103,True
2026-09-23.1,nuPlan,n/a,pdm_closed,scalar_J,gate_gbm_batched,mJ,0.1,83.8969338377441,69.5124056669773,143.845281707668,14.3845281707668,384,38,10.715844401534403,160.5803976018351,"[0, 12.5115]",False,108.28642763655819,not feasible (C_f > b),12.51154273223947,27.891121994302306,False,,,False,,"measured on nuScenes, inherited by nuPlan as a proxy (track features not timed)",490.3724125650554,,,,,True
2026-09-23.1,nuPlan,n/a,pdm_closed,scalar_J,gate_gbm_batched,mJ,0.2,98.2814620085109,69.5124056669773,143.845281707668,28.7690563415336,384,76,21.431688803068806,171.55388701829452,"[0, 25.7723]",False,108.28642763655819,not feasible (C_f > b),25.77227963966511,27.891121994302306,True,2.0,0.7189970424502268,False,,"measured on nuScenes, inherited by nuPlan as a proxy (track features not timed)",490.3724125650554,0.004146481467890544,-0.12436048178760944,-0.1336453280658192,-0.10676377971362955,True
2026-09-23.1,nuPlan,n/a,pdm_closed,scalar_J,gate_gbm_batched,mJ,0.3,112.6659901792777,69.5124056669773,143.845281707668,43.1535845123004,384,115,32.42952910990675,171.54346920619648,"[0, 39.7822]",False,108.28642763655819,not feasible (C_f > b),39.78221072265153,27.891121994302306,True,40.0,160.5803976018351,True,,"measured on nuScenes, inherited by nuPlan as a proxy (track features not timed)",490.3724125650554,0.9260728535035636,0.6359764534226662,0.38124840483364675,0.8104908938085366,True
2026-09-23.1,nuPlan,n/a,pdm_closed,scalar_J,gate_gbm_batched,mJ,0.5,141.43504652081128,69.5124056669773,143.845281707668,71.92264085383398,384,192,54.143213818279094,171.5158697671659,"[0, 67.8021]",False,108.28642763655819,not feasible (C_f > b),67.80207288862434,27.891121994302306,True,117.0,171.54346920619648,True,,"measured on nuScenes, inherited by nuPlan as a proxy (track features not timed)",490.3724125650554,0.9892972766301558,0.6724080361661384,0.6534729171573597,0.7140071974009103,True
2026-09-23.1,nuPlan,n/a,pdm_closed,scalar_J,R1_mlp_reg,ms,0.1,16.731492614746095,14.374369621276855,23.571229934692383,2.3571229934692397,384,38,10.715844401534403,0.4715534863832538,"[0.883921, 2.29574]",False,108.28642763655819,not feasible (C_f > b),2.2957395822423616,0.6491920000541995,True,27.0,0.46490413252514884,False,,"measured on nuScenes, inherited by nuPlan as a proxy (track features not timed)",490.3724125650554,0.00268111863616561,-0.02673832133803315,-0.06513808325295446,0.012215931533864471,True
2026-09-23.1,nuPlan,n/a,pdm_closed,scalar_J,R1_mlp_reg,ms,0.2,19.08861560821533,14.374369621276855,23.571229934692383,4.714245986938476,384,76,21.431688803068806,24.3644222900276,"[0, 1.09262]",False,108.28642763655819,not feasible (C_f > b),1.0926247209924358,0.6491920000541995,True,66.0,24.3644222900276,True,,"measured on nuScenes, inherited by nuPlan as a proxy (track features not timed)",490.3724125650554,0.14051048827290885,-0.01958946701835747,-0.13057527165822955,0.018718000386712036,True
2026-09-23.1,nuPlan,n/a,pdm_closed,scalar_J,R1_mlp_reg,ms,0.3,21.44573860168457,14.374369621276855,23.571229934692383,7.0713689804077156,384,115,32.42952910990675,24.377365240483464,none,False,108.28642763655819,not feasible (C_f > b),,0.6491920000541995,True,104.0,24.354004477929557,False,,"measured on nuScenes, inherited by nuPlan as a proxy (track features not timed)",490.3724125650554,0.14045040838071166,-0.039887472809163,-0.052605536133100775,0.028906668296027803,True
2026-09-23.1,nuPlan,n/a,pdm_closed,scalar_J,R1_mlp_reg,ms,0.5,26.159984588623047,14.374369621276855,23.571229934692383,11.785614967346191,384,192,54.143213818279094,75.02399332936996,"[0, 3.37609]",True,108.28642763655819,none,3.3760876209157598,0.6491920000541995,True,181.0,62.91287674829336,True,False,"measured on nuScenes, inherited by nuPlan as a proxy (track features not timed)",490.3724125650554,0.3628207935869765,0.11830979350721511,0.04418026902689472,0.21485179331605886,True
2026-09-23.1,nuPlan,n/a,pdm_closed,scalar_J,R1_mlp_reg,mJ,0.1,83.8969338377441,69.5124056669773,143.845281707668,14.3845281707668,384,38,10.715844401534403,0.4715534863832538,"[5.3942, 14.0099]",False,108.28642763655819,not feasible (C_f > b),14.00993108336101,6.480242972520074,True,21.0,12.61975966686615,True,,"measured on nuScenes, inherited by nuPlan as a proxy (track features not timed)",490.3724125650554,0.0727786019947578,-0.003359793886395501,-0.06488615890563372,0.012102697207361408,True
2026-09-23.1,nuPlan,n/a,pdm_closed,scalar_J,R1_mlp_reg,mJ,0.2,98.2814620085109,69.5124056669773,143.845281707668,28.7690563415336,384,76,21.431688803068806,24.3644222900276,"[0, 6.66783]",False,108.28642763655819,not feasible (C_f > b),6.667828162865458,6.480242972520074,True,59.0,24.34412256217818,True,,"measured on nuScenes, inherited by nuPlan as a proxy (track features not timed)",490.3724125650554,0.14039341902176977,-0.04771444935738732,-0.131550239214308,0.018463100744302935,True
2026-09-23.1,nuPlan,n/a,pdm_closed,scalar_J,R1_mlp_reg,mJ,0.3,112.6659901792777,69.5124056669773,143.845281707668,43.1535845123004,384,115,32.42952910990675,24.377365240483464,none,False,108.28642763655819,not feasible (C_f > b),,6.480242972520074,True,97.0,24.354004477929557,False,,"measured on nuScenes, inherited by nuPlan as a proxy (track features not timed)",490.3724125650554,0.14045040838071166,-0.04398022406573901,-0.052741220280265594,0.025243537949454296,True
2026-09-23.1,nuPlan,n/a,pdm_closed,scalar_J,R1_mlp_reg,mJ,0.5,141.43504652081128,69.5124056669773,143.845281707668,71.92264085383398,384,192,54.143213818279094,75.02399332936996,"[0, 20.6028]",False,108.28642763655819,not feasible (C_f > b),20.602839828295778,6.480242972520074,True,174.0,74.45974019101318,True,,"measured on nuScenes, inherited by nuPlan as a proxy (track features not timed)",490.3724125650554,0.4294119649697364,0.1079774398816357,0.04064074846533255,0.22098814804851477,True
2026-09-23.1,nuPlan,n/a,pdm_closed,scalar_J,R1_mlp_clf,ms,0.1,16.731492614746095,14.374369621276855,23.571229934692383,2.3571229934692397,384,38,10.715844401534403,23.457469215645137,"[0, 1.68191]",False,108.28642763655819,not feasible (C_f > b),1.6819054693597475,0.6491920000541995,True,27.0,11.427795144072633,True,,"measured on nuScenes, inherited by nuPlan as a proxy (track features not timed)",490.3724125650554,0.06590450027758911,0.022245653917229474,0.0019234369290083533,0.08689705407858381,True
2026-09-23.1,nuPlan,n/a,pdm_closed,scalar_J,R1_mlp_clf,ms,0.2,19.08861560821533,14.374369621276855,23.571229934692383,4.714245986938476,384,76,21.431688803068806,48.12916182140329,"[0, 1.33816]; [1.58369, 2.56583]",False,108.28642763655819,not feasible (C_f > b),2.5658265919107097,0.6491920000541995,True,66.0,36.211375337490125,True,,"measured on nuScenes, inherited by nuPlan as a proxy (track features not timed)",490.3724125650554,0.20883228705926943,0.06343247243582387,-0.054253239368780015,0.2859452460375965,True
2026-09-23.1,nuPlan,n/a,pdm_closed,scalar_J,R1_mlp_clf,ms,0.3,21.44573860168457,14.374369621276855,23.571229934692383,7.0713689804077156,384,115,32.42952910990675,117.15374635368696,"[0, 3.02006]",False,108.28642763655819,not feasible (C_f > b),3.020063835443846,0.6491920000541995,True,104.0,106.09953729167296,True,,"measured on nuScenes, inherited by nuPlan as a proxy (track features not timed)",490.3724125650554,0.6118797980481802,0.30905350827906464,0.032045024060508534,0.498442567510769,True
2026-09-23.1,nuPlan,n/a,pdm_closed,scalar_J,R1_mlp_clf,ms,0.5,26.159984588623047,14.374369621276855,23.571229934692383,11.785614967346191,384,192,54.143213818279094,105.4837797590695,"[0, 6.87494]",True,108.28642763655819,"[2.63949, 4.97206]",6.874942064346662,0.6491920000541995,True,181.0,105.4837797590695,True,False,"measured on nuScenes, inherited by nuPlan as a proxy (track features not timed)",490.3724125650554,0.6083287024985333,0.2856093255595773,0.16991941854045034,0.4051091123831226,True
2026-09-23.1,nuPlan,n/a,pdm_closed,scalar_J,R1_mlp_clf,mJ,0.1,83.8969338377441,69.5124056669773,143.845281707668,14.3845281707668,384,38,10.715844401534403,23.457469215645137,"[0, 10.264]",False,108.28642763655819,not feasible (C_f > b),10.263960205557158,6.480242972520074,True,21.0,11.353111968824226,True,,"measured on nuScenes, inherited by nuPlan as a proxy (track features not timed)",490.3724125650554,0.06547379975471154,0.008550934707351047,0.002078732433505652,0.08315731902786297,True
2026-09-23.1,nuPlan,n/a,pdm_closed,scalar_J,R1_mlp_clf,mJ,0.2,98.2814620085109,69.5124056669773,143.845281707668,28.7690563415336,384,76,21.431688803068806,48.12916182140329,"[0, 8.16622]; [9.6646, 15.6582]",False,108.28642763655819,not feasible (C_f > b),15.658158269594706,6.480242972520074,True,59.0,24.325392246962316,True,,"measured on nuScenes, inherited by nuPlan as a proxy (track features not timed)",490.3724125650554,0.1402854006290019,0.035306458277371215,-0.056181846770691685,0.2431830087128044,True
2026-09-23.1,nuPlan,n/a,pdm_closed,scalar_J,R1_mlp_clf,mJ,0.3,112.6659901792777,69.5124056669773,143.845281707668,43.1535845123004,384,115,32.42952910990675,117.15374635368696,"[0, 18.4302]",False,108.28642763655819,not feasible (C_f > b),18.430176719169562,6.480242972520074,True,97.0,70.57296256702269,True,,"measured on nuScenes, inherited by nuPlan as a proxy (track features not timed)",490.3724125650554,0.40699678043327997,0.24521792307428275,-0.04598677959758558,0.49445552941833715,True
2026-09-23.1,nuPlan,n/a,pdm_closed,scalar_J,R1_mlp_clf,mJ,0.5,141.43504652081128,69.5124056669773,143.845281707668,71.92264085383398,384,192,54.143213818279094,105.4837797590695,"[0, 41.9549]",False,108.28642763655819,not feasible (C_f > b),41.954873831777746,6.480242972520074,True,174.0,105.41500505896194,True,,"measured on nuScenes, inherited by nuPlan as a proxy (track features not timed)",490.3724125650554,0.6079320763615412,0.2944006559632168,0.17164253933075002,0.4044960306959675,True
2026-09-23.1,nuPlan,n/a,pdm_closed,scalar_J,R1_gbm_reg,ms,0.1,16.731492614746095,14.374369621276855,23.571229934692383,2.3571229934692397,384,38,10.715844401534403,11.165116789085126,"[0, 0.208704]; [1.43637, 1.74329]",False,108.28642763655819,not feasible (C_f > b),1.743288880648009,15.909292499998173,False,,,False,,"measured on nuScenes, inherited by nuPlan as a proxy (track features not timed)",490.3724125650554,,,,,True
2026-09-23.1,nuPlan,n/a,pdm_closed,scalar_J,R1_gbm_reg,ms,0.2,19.08861560821533,14.374369621276855,23.571229934692383,4.714245986938476,384,76,21.431688803068806,11.197817239790345,none,False,108.28642763655819,not feasible (C_f > b),,15.909292499998173,False,,,False,,"measured on nuScenes, inherited by nuPlan as a proxy (track features not timed)",490.3724125650554,,,,,True
2026-09-23.1,nuPlan,n/a,pdm_closed,scalar_J,R1_gbm_reg,ms,0.3,21.44573860168457,14.374369621276855,23.571229934692383,7.0713689804077156,384,115,32.42952910990675,23.371232330468885,none,False,108.28642763655819,not feasible (C_f > b),,15.909292499998173,False,,,False,,"measured on nuScenes, inherited by nuPlan as a proxy (track features not timed)",490.3724125650554,,,,,True
2026-09-23.1,nuPlan,n/a,pdm_closed,scalar_J,R1_gbm_reg,ms,0.5,26.159984588623047,14.374369621276855,23.571229934692383,11.785614967346191,384,192,54.143213818279094,22.73370021062882,none,True,108.28642763655819,none,,15.909292499998173,False,,,False,,"measured on nuScenes, inherited by nuPlan as a proxy (track features not timed)",490.3724125650554,,,,,True
2026-09-23.1,nuPlan,n/a,pdm_closed,scalar_J,R1_gbm_reg,mJ,0.1,83.8969338377441,69.5124056669773,143.845281707668,14.3845281707668,384,38,10.715844401534403,11.165116789085126,"[0, 1.27363]; [8.76557, 10.6386]",False,108.28642763655819,not feasible (C_f > b),10.638557293337543,158.80676427354655,False,,,False,,"measured on nuScenes, inherited by nuPlan as a proxy (track features not timed)",490.3724125650554,,,,,True
2026-09-23.1,nuPlan,n/a,pdm_closed,scalar_J,R1_gbm_reg,mJ,0.2,98.2814620085109,69.5124056669773,143.845281707668,28.7690563415336,384,76,21.431688803068806,11.197817239790345,none,False,108.28642763655819,not feasible (C_f > b),,158.80676427354655,False,,,False,,"measured on nuScenes, inherited by nuPlan as a proxy (track features not timed)",490.3724125650554,,,,,True
2026-09-23.1,nuPlan,n/a,pdm_closed,scalar_J,R1_gbm_reg,mJ,0.3,112.6659901792777,69.5124056669773,143.845281707668,43.1535845123004,384,115,32.42952910990675,23.371232330468885,none,False,108.28642763655819,not feasible (C_f > b),,158.80676427354655,False,,,False,,"measured on nuScenes, inherited by nuPlan as a proxy (track features not timed)",490.3724125650554,,,,,True
2026-09-23.1,nuPlan,n/a,pdm_closed,scalar_J,R1_gbm_reg,mJ,0.5,141.43504652081128,69.5124056669773,143.845281707668,71.92264085383398,384,192,54.143213818279094,22.73370021062882,none,False,108.28642763655819,not feasible (C_f > b),,158.80676427354655,False,,,False,,"measured on nuScenes, inherited by nuPlan as a proxy (track features not timed)",490.3724125650554,,,,,True
2026-09-23.1,nuPlan,n/a,pdm_closed,scalar_J,R1_gbm_clf,ms,0.1,16.731492614746095,14.374369621276855,23.571229934692383,2.3571229934692397,384,38,10.715844401534403,0.29072803926273716,none,False,108.28642763655819,not feasible (C_f > b),,15.909292499998173,False,,,False,,"measured on nuScenes, inherited by nuPlan as a proxy (track features not timed)",490.3724125650554,,,,,True
2026-09-23.1,nuPlan,n/a,pdm_closed,scalar_J,R1_gbm_clf,ms,0.2,19.08861560821533,14.374369621276855,23.571229934692383,4.714245986938476,384,76,21.431688803068806,12.529887488961796,none,False,108.28642763655819,not feasible (C_f > b),,15.909292499998173,False,,,False,,"measured on nuScenes, inherited by nuPlan as a proxy (track features not timed)",490.3724125650554,,,,,True
2026-09-23.1,nuPlan,n/a,pdm_closed,scalar_J,R1_gbm_clf,ms,0.3,21.44573860168457,14.374369621276855,23.571229934692383,7.0713689804077156,384,115,32.42952910990675,11.262443571776314,none,False,108.28642763655819,not feasible (C_f > b),,15.909292499998173,False,,,False,,"measured on nuScenes, inherited by nuPlan as a proxy (track features not timed)",490.3724125650554,,,,,True
2026-09-23.1,nuPlan,n/a,pdm_closed,scalar_J,R1_gbm_clf,ms,0.5,26.159984588623047,14.374369621276855,23.571229934692383,11.785614967346191,384,192,54.143213818279094,46.430445408144536,none,True,108.28642763655819,none,,15.909292499998173,False,,,False,,"measured on nuScenes, inherited by nuPlan as a proxy (track features not timed)",490.3724125650554,,,,,True
2026-09-23.1,nuPlan,n/a,pdm_closed,scalar_J,R1_gbm_clf,mJ,0.1,83.8969338377441,69.5124056669773,143.845281707668,14.3845281707668,384,38,10.715844401534403,0.29072803926273716,none,False,108.28642763655819,not feasible (C_f > b),,158.80676427354655,False,,,False,,"measured on nuScenes, inherited by nuPlan as a proxy (track features not timed)",490.3724125650554,,,,,True
2026-09-23.1,nuPlan,n/a,pdm_closed,scalar_J,R1_gbm_clf,mJ,0.2,98.2814620085109,69.5124056669773,143.845281707668,28.7690563415336,384,76,21.431688803068806,12.529887488961796,none,False,108.28642763655819,not feasible (C_f > b),,158.80676427354655,False,,,False,,"measured on nuScenes, inherited by nuPlan as a proxy (track features not timed)",490.3724125650554,,,,,True
2026-09-23.1,nuPlan,n/a,pdm_closed,scalar_J,R1_gbm_clf,mJ,0.3,112.6659901792777,69.5124056669773,143.845281707668,43.1535845123004,384,115,32.42952910990675,11.262443571776314,none,False,108.28642763655819,not feasible (C_f > b),,158.80676427354655,False,,,False,,"measured on nuScenes, inherited by nuPlan as a proxy (track features not timed)",490.3724125650554,,,,,True
2026-09-23.1,nuPlan,n/a,pdm_closed,scalar_J,R1_gbm_clf,mJ,0.5,141.43504652081128,69.5124056669773,143.845281707668,71.92264085383398,384,192,54.143213818279094,46.430445408144536,none,False,108.28642763655819,not feasible (C_f > b),,158.80676427354655,False,,,False,,"measured on nuScenes, inherited by nuPlan as a proxy (track features not timed)",490.3724125650554,,,,,True
2026-09-23.1,nuPlan,n/a,idm,safety,criticality_cheap,ms,0.1,16.731492614746095,14.374369621276855,23.571229934692383,2.3571229934692397,384,38,1.1548463908441906,0.0021982237939389138,none,False,11.670026686425505,not feasible (C_f > b),,1.4709314999947765,True,14.0,0.0,False,,"measured on nuScenes, inherited by nuPlan as a proxy (track features not timed)",326.3421308746392,,,,,True
2026-09-23.1,nuPlan,n/a,idm,safety,criticality_cheap,ms,0.2,19.08861560821533,14.374369621276855,23.571229934692383,4.714245986938476,384,76,2.309692781688381,0.0021982237939389138,none,False,11.670026686425505,not feasible (C_f > b),,1.4709314999947765,True,52.0,0.0021982237939389138,False,,"measured on nuScenes, inherited by nuPlan as a proxy (track features not timed)",326.3421308746392,,,,,True
2026-09-23.1,nuPlan,n/a,idm,safety,criticality_cheap,ms,0.3,21.44573860168457,14.374369621276855,23.571229934692383,7.0713689804077156,384,115,3.4949298670284716,-0.5312752189743672,none,False,11.670026686425505,not feasible (C_f > b),,1.4709314999947765,True,91.0,0.0021982237939389138,False,,"measured on nuScenes, inherited by nuPlan as a proxy (track features not timed)",326.3421308746392,,,,,True
2026-09-23.1,nuPlan,n/a,idm,safety,criticality_cheap,ms,0.5,26.159984588623047,14.374369621276855,23.571229934692383,11.785614967346191,384,192,5.8350133432127524,-0.5312752189743672,none,True,11.670026686425505,none,,1.4709314999947765,True,168.0,-0.5312752189743672,False,False,"measured on nuScenes, inherited by nuPlan as a proxy (track features not timed)",326.3421308746392,,,,,True
2026-09-23.1,nuPlan,n/a,idm,safety,criticality_cheap,mJ,0.1,83.8969338377441,69.5124056669773,143.845281707668,14.3845281707668,384,38,1.1548463908441906,0.0021982237939389138,none,False,11.670026686425505,not feasible (C_f > b),,11.60302866907548,True,7.0,0.0,False,,"measured on nuScenes, inherited by nuPlan as a proxy (track features not timed)",326.3421308746392,,,,,True
2026-09-23.1,nuPlan,n/a,idm,safety,criticality_cheap,mJ,0.2,98.2814620085109,69.5124056669773,143.845281707668,28.7690563415336,384,76,2.309692781688381,0.0021982237939389138,none,False,11.670026686425505,not feasible (C_f > b),,11.60302866907548,True,45.0,0.0021982237939389138,False,,"measured on nuScenes, inherited by nuPlan as a proxy (track features not timed)",326.3421308746392,,,,,True
2026-09-23.1,nuPlan,n/a,idm,safety,criticality_cheap,mJ,0.3,112.6659901792777,69.5124056669773,143.845281707668,43.1535845123004,384,115,3.4949298670284716,-0.5312752189743672,none,False,11.670026686425505,not feasible (C_f > b),,11.60302866907548,True,84.0,0.0021982237939389138,False,,"measured on nuScenes, inherited by nuPlan as a proxy (track features not timed)",326.3421308746392,,,,,True
2026-09-23.1,nuPlan,n/a,idm,safety,criticality_cheap,mJ,0.5,141.43504652081128,69.5124056669773,143.845281707668,71.92264085383398,384,192,5.8350133432127524,-0.5312752189743672,none,False,11.670026686425505,not feasible (C_f > b),,11.60302866907548,True,161.0,-0.5312752189743672,False,,"measured on nuScenes, inherited by nuPlan as a proxy (track features not timed)",326.3421308746392,,,,,True
2026-09-23.1,nuPlan,n/a,idm,safety,gate_ridge,ms,0.1,16.731492614746095,14.374369621276855,23.571229934692383,2.3571229934692397,384,38,1.1548463908441906,0.0,none,False,11.670026686425505,not feasible (C_f > b),,3.925717499981829,False,,,False,,"measured on nuScenes, inherited by nuPlan as a proxy (track features not timed)",326.3421308746392,,,,,True
2026-09-23.1,nuPlan,n/a,idm,safety,gate_ridge,ms,0.2,19.08861560821533,14.374369621276855,23.571229934692383,4.714245986938476,384,76,2.309692781688381,0.0,none,False,11.670026686425505,not feasible (C_f > b),,3.925717499981829,True,12.0,0.0,False,,"measured on nuScenes, inherited by nuPlan as a proxy (track features not timed)",326.3421308746392,,,,,True
2026-09-23.1,nuPlan,n/a,idm,safety,gate_ridge,ms,0.3,21.44573860168457,14.374369621276855,23.571229934692383,7.0713689804077156,384,115,3.4949298670284716,0.0,none,False,11.670026686425505,not feasible (C_f > b),,3.925717499981829,True,51.0,0.0,False,,"measured on nuScenes, inherited by nuPlan as a proxy (track features not timed)",326.3421308746392,,,,,True
2026-09-23.1,nuPlan,n/a,idm,safety,gate_ridge,ms,0.5,26.159984588623047,14.374369621276855,23.571229934692383,11.785614967346191,384,192,5.8350133432127524,0.0021982237939389138,none,True,11.670026686425505,none,,3.925717499981829,True,128.0,0.0,False,False,"measured on nuScenes, inherited by nuPlan as a proxy (track features not timed)",326.3421308746392,,,,,True
2026-09-23.1,nuPlan,n/a,idm,safety,gate_ridge,mJ,0.1,83.8969338377441,69.5124056669773,143.845281707668,14.3845281707668,384,38,1.1548463908441906,0.0,none,False,11.670026686425505,not feasible (C_f > b),,30.966916337805152,False,,,False,,"measured on nuScenes, inherited by nuPlan as a proxy (track features not timed)",326.3421308746392,,,,,True
2026-09-23.1,nuPlan,n/a,idm,safety,gate_ridge,mJ,0.2,98.2814620085109,69.5124056669773,143.845281707668,28.7690563415336,384,76,2.309692781688381,0.0,none,False,11.670026686425505,not feasible (C_f > b),,30.966916337805152,False,,,False,,"measured on nuScenes, inherited by nuPlan as a proxy (track features not timed)",326.3421308746392,,,,,True
2026-09-23.1,nuPlan,n/a,idm,safety,gate_ridge,mJ,0.3,112.6659901792777,69.5124056669773,143.845281707668,43.1535845123004,384,115,3.4949298670284716,0.0,none,False,11.670026686425505,not feasible (C_f > b),,30.966916337805152,True,32.0,0.0,False,,"measured on nuScenes, inherited by nuPlan as a proxy (track features not timed)",326.3421308746392,,,,,True
2026-09-23.1,nuPlan,n/a,idm,safety,gate_ridge,mJ,0.5,141.43504652081128,69.5124056669773,143.845281707668,71.92264085383398,384,192,5.8350133432127524,0.0021982237939389138,none,False,11.670026686425505,not feasible (C_f > b),,30.966916337805152,True,109.0,0.0,False,,"measured on nuScenes, inherited by nuPlan as a proxy (track features not timed)",326.3421308746392,,,,,True
2026-09-23.1,nuPlan,n/a,idm,safety,gate_gbm,ms,0.1,16.731492614746095,14.374369621276855,23.571229934692383,2.3571229934692397,384,38,1.1548463908441906,0.0,none,False,11.670026686425505,not feasible (C_f > b),,21.376582500010954,False,,,False,,"measured on nuScenes, inherited by nuPlan as a proxy (track features not timed)",326.3421308746392,,,,,True
2026-09-23.1,nuPlan,n/a,idm,safety,gate_gbm,ms,0.2,19.08861560821533,14.374369621276855,23.571229934692383,4.714245986938476,384,76,2.309692781688381,0.0,none,False,11.670026686425505,not feasible (C_f > b),,21.376582500010954,False,,,False,,"measured on nuScenes, inherited by nuPlan as a proxy (track features not timed)",326.3421308746392,,,,,True
2026-09-23.1,nuPlan,n/a,idm,safety,gate_gbm,ms,0.3,21.44573860168457,14.374369621276855,23.571229934692383,7.0713689804077156,384,115,3.4949298670284716,11.5,"[0, 2.22208]",False,11.670026686425505,not feasible (C_f > b),2.2220794886964477,21.376582500010954,False,,,False,,"measured on nuScenes, inherited by nuPlan as a proxy (track features not timed)",326.3421308746392,,,,,True
2026-09-23.1,nuPlan,n/a,idm,safety,gate_gbm,ms,0.5,26.159984588623047,14.374369621276855,23.571229934692383,11.785614967346191,384,192,5.8350133432127524,11.5,"[0, 6.93633]",True,11.670026686425505,none,6.9363254756349235,21.376582500010954,False,,,False,,"measured on nuScenes, inherited by nuPlan as a proxy (track features not timed)",326.3421308746392,,,,,True
2026-09-23.1,nuPlan,n/a,idm,safety,gate_gbm,mJ,0.1,83.8969338377441,69.5124056669773,143.845281707668,14.3845281707668,384,38,1.1548463908441906,0.0,none,False,11.670026686425505,not feasible (C_f > b),,168.62314770970988,False,,,False,,"measured on nuScenes, inherited by nuPlan as a proxy (track features not timed)",326.3421308746392,,,,,True
2026-09-23.1,nuPlan,n/a,idm,safety,gate_gbm,mJ,0.2,98.2814620085109,69.5124056669773,143.845281707668,28.7690563415336,384,76,2.309692781688381,0.0,none,False,11.670026686425505,not feasible (C_f > b),,168.62314770970988,False,,,False,,"measured on nuScenes, inherited by nuPlan as a proxy (track features not timed)",326.3421308746392,,,,,True
2026-09-23.1,nuPlan,n/a,idm,safety,gate_gbm,mJ,0.3,112.6659901792777,69.5124056669773,143.845281707668,43.1535845123004,384,115,3.4949298670284716,11.5,"[0, 13.5604]",False,11.670026686425505,not feasible (C_f > b),13.560414578024549,168.62314770970988,False,,,False,,"measured on nuScenes, inherited by nuPlan as a proxy (track features not timed)",326.3421308746392,,,,,True
2026-09-23.1,nuPlan,n/a,idm,safety,gate_gbm,mJ,0.5,141.43504652081128,69.5124056669773,143.845281707668,71.92264085383398,384,192,5.8350133432127524,11.5,"[0, 42.3295]",False,11.670026686425505,not feasible (C_f > b),42.32947091955813,168.62314770970988,False,,,False,,"measured on nuScenes, inherited by nuPlan as a proxy (track features not timed)",326.3421308746392,,,,,True
2026-09-23.1,nuPlan,n/a,idm,safety,gate_gbm_batched,ms,0.1,16.731492614746095,14.374369621276855,23.571229934692383,2.3571229934692397,384,38,1.1548463908441906,0.0,none,False,11.670026686425505,not feasible (C_f > b),,3.5357949274881264,False,,,False,,"measured on nuScenes, inherited by nuPlan as a proxy (track features not timed)",326.3421308746392,,,,,True
2026-09-23.1,nuPlan,n/a,idm,safety,gate_gbm_batched,ms,0.2,19.08861560821533,14.374369621276855,23.571229934692383,4.714245986938476,384,76,2.309692781688381,0.0,none,False,11.670026686425505,not feasible (C_f > b),,3.5357949274881264,True,19.0,0.0,False,,"measured on nuScenes, inherited by nuPlan as a proxy (track features not timed)",326.3421308746392,,,,,True
2026-09-23.1,nuPlan,n/a,idm,safety,gate_gbm_batched,ms,0.3,21.44573860168457,14.374369621276855,23.571229934692383,7.0713689804077156,384,115,3.4949298670284716,11.5,"[0, 2.22208]",False,11.670026686425505,not feasible (C_f > b),2.2220794886964477,3.5357949274881264,True,57.0,0.0,False,,"measured on nuScenes, inherited by nuPlan as a proxy (track features not timed)",326.3421308746392,,,,,True
2026-09-23.1,nuPlan,n/a,idm,safety,gate_gbm_batched,ms,0.5,26.159984588623047,14.374369621276855,23.571229934692383,11.785614967346191,384,192,5.8350133432127524,11.5,"[0, 6.93633]",True,11.670026686425505,none,6.9363254756349235,3.5357949274881264,True,134.0,11.5,True,False,"measured on nuScenes, inherited by nuPlan as a proxy (track features not timed)",326.3421308746392,,,,,True
2026-09-23.1,nuPlan,n/a,idm,safety,gate_gbm_batched,mJ,0.1,83.8969338377441,69.5124056669773,143.845281707668,14.3845281707668,384,38,1.1548463908441906,0.0,none,False,11.670026686425505,not feasible (C_f > b),,27.891121994302306,False,,,False,,"measured on nuScenes, inherited by nuPlan as a proxy (track features not timed)",326.3421308746392,,,,,True
2026-09-23.1,nuPlan,n/a,idm,safety,gate_gbm_batched,mJ,0.2,98.2814620085109,69.5124056669773,143.845281707668,28.7690563415336,384,76,2.309692781688381,0.0,none,False,11.670026686425505,not feasible (C_f > b),,27.891121994302306,True,2.0,0.0,False,,"measured on nuScenes, inherited by nuPlan as a proxy (track features not timed)",326.3421308746392,,,,,True
2026-09-23.1,nuPlan,n/a,idm,safety,gate_gbm_batched,mJ,0.3,112.6659901792777,69.5124056669773,143.845281707668,43.1535845123004,384,115,3.4949298670284716,11.5,"[0, 13.5604]",False,11.670026686425505,not feasible (C_f > b),13.560414578024549,27.891121994302306,True,40.0,0.0,False,,"measured on nuScenes, inherited by nuPlan as a proxy (track features not timed)",326.3421308746392,,,,,True
2026-09-23.1,nuPlan,n/a,idm,safety,gate_gbm_batched,mJ,0.5,141.43504652081128,69.5124056669773,143.845281707668,71.92264085383398,384,192,5.8350133432127524,11.5,"[0, 42.3295]",False,11.670026686425505,not feasible (C_f > b),42.32947091955813,27.891121994302306,True,117.0,11.5,True,,"measured on nuScenes, inherited by nuPlan as a proxy (track features not timed)",326.3421308746392,,,,,True
2026-09-23.1,nuPlan,n/a,idm,safety,R1_mlp_reg,ms,0.1,16.731492614746095,14.374369621276855,23.571229934692383,2.3571229934692397,384,38,1.1548463908441906,0.0,none,False,11.670026686425505,not feasible (C_f > b),,0.6491920000541995,True,27.0,0.0,False,,"measured on nuScenes, inherited by nuPlan as a proxy (track features not timed)",326.3421308746392,,,,,True
2026-09-23.1,nuPlan,n/a,idm,safety,R1_mlp_reg,ms,0.2,19.08861560821533,14.374369621276855,23.571229934692383,4.714245986938476,384,76,2.309692781688381,0.0,none,False,11.670026686425505,not feasible (C_f > b),,0.6491920000541995,True,66.0,0.0,False,,"measured on nuScenes, inherited by nuPlan as a proxy (track features not timed)",326.3421308746392,,,,,True
2026-09-23.1,nuPlan,n/a,idm,safety,R1_mlp_reg,ms,0.3,21.44573860168457,14.374369621276855,23.571229934692383,7.0713689804077156,384,115,3.4949298670284716,0.0,none,False,11.670026686425505,not feasible (C_f > b),,0.6491920000541995,True,104.0,0.0,False,,"measured on nuScenes, inherited by nuPlan as a proxy (track features not timed)",326.3421308746392,,,,,True
2026-09-23.1,nuPlan,n/a,idm,safety,R1_mlp_reg,ms,0.5,26.159984588623047,14.374369621276855,23.571229934692383,11.785614967346191,384,192,5.8350133432127524,0.0,none,True,11.670026686425505,none,,0.6491920000541995,True,181.0,0.0,False,False,"measured on nuScenes, inherited by nuPlan as a proxy (track features not timed)",326.3421308746392,,,,,True
2026-09-23.1,nuPlan,n/a,idm,safety,R1_mlp_reg,mJ,0.1,83.8969338377441,69.5124056669773,143.845281707668,14.3845281707668,384,38,1.1548463908441906,0.0,none,False,11.670026686425505,not feasible (C_f > b),,6.480242972520074,True,21.0,0.0,False,,"measured on nuScenes, inherited by nuPlan as a proxy (track features not timed)",326.3421308746392,,,,,True
2026-09-23.1,nuPlan,n/a,idm,safety,R1_mlp_reg,mJ,0.2,98.2814620085109,69.5124056669773,143.845281707668,28.7690563415336,384,76,2.309692781688381,0.0,none,False,11.670026686425505,not feasible (C_f > b),,6.480242972520074,True,59.0,0.0,False,,"measured on nuScenes, inherited by nuPlan as a proxy (track features not timed)",326.3421308746392,,,,,True
2026-09-23.1,nuPlan,n/a,idm,safety,R1_mlp_reg,mJ,0.3,112.6659901792777,69.5124056669773,143.845281707668,43.1535845123004,384,115,3.4949298670284716,0.0,none,False,11.670026686425505,not feasible (C_f > b),,6.480242972520074,True,97.0,0.0,False,,"measured on nuScenes, inherited by nuPlan as a proxy (track features not timed)",326.3421308746392,,,,,True
2026-09-23.1,nuPlan,n/a,idm,safety,R1_mlp_reg,mJ,0.5,141.43504652081128,69.5124056669773,143.845281707668,71.92264085383398,384,192,5.8350133432127524,0.0,none,False,11.670026686425505,not feasible (C_f > b),,6.480242972520074,True,174.0,0.0,False,,"measured on nuScenes, inherited by nuPlan as a proxy (track features not timed)",326.3421308746392,,,,,True
2026-09-23.1,nuPlan,n/a,idm,safety,R1_mlp_clf,ms,0.1,16.731492614746095,14.374369621276855,23.571229934692383,2.3571229934692397,384,38,1.1548463908441906,1.1548463908441906,"[0, 0.0245534]",False,11.670026686425505,not feasible (C_f > b),0.02455336457668933,0.6491920000541995,True,27.0,0.8205487513892933,False,,"measured on nuScenes, inherited by nuPlan as a proxy (track features not timed)",326.3421308746392,,,,,True
2026-09-23.1,nuPlan,n/a,idm,safety,R1_mlp_clf,ms,0.2,19.08861560821533,14.374369621276855,23.571229934692383,4.714245986938476,384,76,2.309692781688381,2.309692781688381,"[0, 0.0491067]",False,11.670026686425505,not feasible (C_f > b),0.04910672909199221,0.6491920000541995,True,66.0,2.0057858367293835,False,,"measured on nuScenes, inherited by nuPlan as a proxy (track features not timed)",326.3421308746392,,,,,True
2026-09-23.1,nuPlan,n/a,idm,safety,R1_mlp_clf,ms,0.3,21.44573860168457,14.374369621276855,23.571229934692383,7.0713689804077156,384,115,3.4949298670284716,3.4949298670284716,"[0, 0.0122767]",False,11.670026686425505,not feasible (C_f > b),0.01227668231903678,0.6491920000541995,True,104.0,3.160632227573574,False,,"measured on nuScenes, inherited by nuPlan as a proxy (track features not timed)",326.3421308746392,,,,,True
2026-09-23.1,nuPlan,n/a,idm,safety,R1_mlp_clf,ms,0.5,26.159984588623047,14.374369621276855,23.571229934692383,11.785614967346191,384,192,5.8350133432127524,5.8350133432127524,"[0, 6.13838e-11]",True,11.670026686425505,none,6.138378694231506e-11,0.6491920000541995,True,181.0,5.500715703757855,False,False,"measured on nuScenes, inherited by nuPlan as a proxy (track features not timed)",326.3421308746392,,,,,True
2026-09-23.1,nuPlan,n/a,idm,safety,R1_mlp_clf,mJ,0.1,83.8969338377441,69.5124056669773,143.845281707668,14.3845281707668,384,38,1.1548463908441906,1.1548463908441906,"[0, 0.149839]",False,11.670026686425505,not feasible (C_f > b),0.14983883548674903,6.480242972520074,True,21.0,0.6382045844138948,False,,"measured on nuScenes, inherited by nuPlan as a proxy (track features not timed)",326.3421308746392,,,,,True
2026-09-23.1,nuPlan,n/a,idm,safety,R1_mlp_clf,mJ,0.2,98.2814620085109,69.5124056669773,143.845281707668,28.7690563415336,384,76,2.309692781688381,2.309692781688381,"[0, 0.299678]",False,11.670026686425505,not feasible (C_f > b),0.29967767059890704,6.480242972520074,True,59.0,1.7930509752580854,False,,"measured on nuScenes, inherited by nuPlan as a proxy (track features not timed)",326.3421308746392,,,,,True
2026-09-23.1,nuPlan,n/a,idm,safety,R1_mlp_clf,mJ,0.3,112.6659901792777,69.5124056669773,143.845281707668,43.1535845123004,384,115,3.4949298670284716,3.4949298670284716,"[0, 0.0749194]",False,11.670026686425505,not feasible (C_f > b),0.0749194179306798,6.480242972520074,True,97.0,2.9478973661022763,False,,"measured on nuScenes, inherited by nuPlan as a proxy (track features not timed)",326.3421308746392,,,,,True
2026-09-23.1,nuPlan,n/a,idm,safety,R1_mlp_clf,mJ,0.5,141.43504652081128,69.5124056669773,143.845281707668,71.92264085383398,384,192,5.8350133432127524,5.8350133432127524,"[0, 3.7457e-10]",False,11.670026686425505,not feasible (C_f > b),3.745697085832944e-10,6.480242972520074,True,174.0,5.287980842286557,False,,"measured on nuScenes, inherited by nuPlan as a proxy (track features not timed)",326.3421308746392,,,,,True
2026-09-23.1,nuPlan,n/a,idm,safety,R1_gbm_reg,ms,0.1,16.731492614746095,14.374369621276855,23.571229934692383,2.3571229934692397,384,38,1.1548463908441906,0.0,none,False,11.670026686425505,not feasible (C_f > b),,15.909292499998173,False,,,False,,"measured on nuScenes, inherited by nuPlan as a proxy (track features not timed)",326.3421308746392,,,,,True
2026-09-23.1,nuPlan,n/a,idm,safety,R1_gbm_reg,ms,0.2,19.08861560821533,14.374369621276855,23.571229934692383,4.714245986938476,384,76,2.309692781688381,1.213752332326607,none,False,11.670026686425505,not feasible (C_f > b),,15.909292499998173,False,,,False,,"measured on nuScenes, inherited by nuPlan as a proxy (track features not timed)",326.3421308746392,,,,,True
2026-09-23.1,nuPlan,n/a,idm,safety,R1_gbm_reg,ms,0.3,21.44573860168457,14.374369621276855,23.571229934692383,7.0713689804077156,384,115,3.4949298670284716,2.9669501456872616,none,False,11.670026686425505,not feasible (C_f > b),,15.909292499998173,False,,,False,,"measured on nuScenes, inherited by nuPlan as a proxy (track features not timed)",326.3421308746392,,,,,True
2026-09-23.1,nuPlan,n/a,idm,safety,R1_gbm_reg,ms,0.5,26.159984588623047,14.374369621276855,23.571229934692383,11.785614967346191,384,192,5.8350133432127524,6.428391982322401,"[0, 0.797984]",True,11.670026686425505,none,0.7979843468087822,15.909292499998173,False,,,False,,"measured on nuScenes, inherited by nuPlan as a proxy (track features not timed)",326.3421308746392,,,,,True
2026-09-23.1,nuPlan,n/a,idm,safety,R1_gbm_reg,mJ,0.1,83.8969338377441,69.5124056669773,143.845281707668,14.3845281707668,384,38,1.1548463908441906,0.0,none,False,11.670026686425505,not feasible (C_f > b),,158.80676427354655,False,,,False,,"measured on nuScenes, inherited by nuPlan as a proxy (track features not timed)",326.3421308746392,,,,,True
2026-09-23.1,nuPlan,n/a,idm,safety,R1_gbm_reg,mJ,0.2,98.2814620085109,69.5124056669773,143.845281707668,28.7690563415336,384,76,2.309692781688381,1.213752332326607,none,False,11.670026686425505,not feasible (C_f > b),,158.80676427354655,False,,,False,,"measured on nuScenes, inherited by nuPlan as a proxy (track features not timed)",326.3421308746392,,,,,True
2026-09-23.1,nuPlan,n/a,idm,safety,R1_gbm_reg,mJ,0.3,112.6659901792777,69.5124056669773,143.845281707668,43.1535845123004,384,115,3.4949298670284716,2.9669501456872616,none,False,11.670026686425505,not feasible (C_f > b),,158.80676427354655,False,,,False,,"measured on nuScenes, inherited by nuPlan as a proxy (track features not timed)",326.3421308746392,,,,,True
2026-09-23.1,nuPlan,n/a,idm,safety,R1_gbm_reg,mJ,0.5,141.43504652081128,69.5124056669773,143.845281707668,71.92264085383398,384,192,5.8350133432127524,6.428391982322401,"[0, 4.86976]",False,11.670026686425505,not feasible (C_f > b),4.869762141519587,158.80676427354655,False,,,False,,"measured on nuScenes, inherited by nuPlan as a proxy (track features not timed)",326.3421308746392,,,,,True
2026-09-23.1,nuPlan,n/a,idm,safety,R1_gbm_clf,ms,0.1,16.731492614746095,14.374369621276855,23.571229934692383,2.3571229934692397,384,38,1.1548463908441906,1.1548463908441906,"[0, 0.0245534]",False,11.670026686425505,not feasible (C_f > b),0.02455336457668933,15.909292499998173,False,,,False,,"measured on nuScenes, inherited by nuPlan as a proxy (track features not timed)",326.3421308746392,,,,,True
2026-09-23.1,nuPlan,n/a,idm,safety,R1_gbm_clf,ms,0.2,19.08861560821533,14.374369621276855,23.571229934692383,4.714245986938476,384,76,2.309692781688381,2.309692781688381,"[0, 0.0491067]",False,11.670026686425505,not feasible (C_f > b),0.04910672909199221,15.909292499998173,False,,,False,,"measured on nuScenes, inherited by nuPlan as a proxy (track features not timed)",326.3421308746392,,,,,True
2026-09-23.1,nuPlan,n/a,idm,safety,R1_gbm_clf,ms,0.3,21.44573860168457,14.374369621276855,23.571229934692383,7.0713689804077156,384,115,3.4949298670284716,3.4949298670284716,"[0, 0.0122767]",False,11.670026686425505,not feasible (C_f > b),0.01227668231903678,15.909292499998173,False,,,False,,"measured on nuScenes, inherited by nuPlan as a proxy (track features not timed)",326.3421308746392,,,,,True
2026-09-23.1,nuPlan,n/a,idm,safety,R1_gbm_clf,ms,0.5,26.159984588623047,14.374369621276855,23.571229934692383,11.785614967346191,384,192,5.8350133432127524,5.8350133432127524,"[0, 6.13838e-11]",True,11.670026686425505,none,6.138378694231506e-11,15.909292499998173,False,,,False,,"measured on nuScenes, inherited by nuPlan as a proxy (track features not timed)",326.3421308746392,,,,,True
2026-09-23.1,nuPlan,n/a,idm,safety,R1_gbm_clf,mJ,0.1,83.8969338377441,69.5124056669773,143.845281707668,14.3845281707668,384,38,1.1548463908441906,1.1548463908441906,"[0, 0.149839]",False,11.670026686425505,not feasible (C_f > b),0.14983883548674903,158.80676427354655,False,,,False,,"measured on nuScenes, inherited by nuPlan as a proxy (track features not timed)",326.3421308746392,,,,,True
2026-09-23.1,nuPlan,n/a,idm,safety,R1_gbm_clf,mJ,0.2,98.2814620085109,69.5124056669773,143.845281707668,28.7690563415336,384,76,2.309692781688381,2.309692781688381,"[0, 0.299678]",False,11.670026686425505,not feasible (C_f > b),0.29967767059890704,158.80676427354655,False,,,False,,"measured on nuScenes, inherited by nuPlan as a proxy (track features not timed)",326.3421308746392,,,,,True
2026-09-23.1,nuPlan,n/a,idm,safety,R1_gbm_clf,mJ,0.3,112.6659901792777,69.5124056669773,143.845281707668,43.1535845123004,384,115,3.4949298670284716,3.4949298670284716,"[0, 0.0749194]",False,11.670026686425505,not feasible (C_f > b),0.0749194179306798,158.80676427354655,False,,,False,,"measured on nuScenes, inherited by nuPlan as a proxy (track features not timed)",326.3421308746392,,,,,True
2026-09-23.1,nuPlan,n/a,idm,safety,R1_gbm_clf,mJ,0.5,141.43504652081128,69.5124056669773,143.845281707668,71.92264085383398,384,192,5.8350133432127524,5.8350133432127524,"[0, 3.7457e-10]",False,11.670026686425505,not feasible (C_f > b),3.745697085832944e-10,158.80676427354655,False,,,False,,"measured on nuScenes, inherited by nuPlan as a proxy (track features not timed)",326.3421308746392,,,,,True
2026-09-23.1,nuPlan,n/a,idm,scalar_J,criticality_cheap,ms,0.1,16.731492614746095,14.374369621276855,23.571229934692383,2.3571229934692397,384,38,1.1840149027250237,0.06625640882231487,none,False,11.964782174905503,not feasible (C_f > b),,1.4709314999947765,True,14.0,0.0,False,,"measured on nuScenes, inherited by nuPlan as a proxy (track features not timed)",391.74710064502096,0.0,-0.09141257055557071,-0.1,-0.07250275437252886,True
2026-09-23.1,nuPlan,n/a,idm,scalar_J,criticality_cheap,ms,0.2,19.08861560821533,14.374369621276855,23.571229934692383,4.714245986938476,384,76,2.3680298054500475,0.10514232794411649,none,False,11.964782174905503,not feasible (C_f > b),,1.4709314999947765,True,52.0,0.06625640882231487,False,,"measured on nuScenes, inherited by nuPlan as a proxy (track features not timed)",391.74710064502096,0.0051169687012786414,-0.1793912996198831,-0.19940476190476192,-0.13622278526647436,True
2026-09-23.1,nuPlan,n/a,idm,scalar_J,criticality_cheap,ms,0.3,21.44573860168457,14.374369621276855,23.571229934692383,7.0713689804077156,384,115,3.5832029950888877,-0.5380888077031152,none,False,11.964782174905503,not feasible (C_f > b),,1.4709314999947765,True,91.0,0.10514232794411649,False,,"measured on nuScenes, inherited by nuPlan as a proxy (track features not timed)",391.74710064502096,0.008120120163959434,-0.2790287440871353,-0.3760271264407143,-0.19504148547277994,True
2026-09-23.1,nuPlan,n/a,idm,scalar_J,criticality_cheap,ms,0.5,26.159984588623047,14.374369621276855,23.571229934692383,11.785614967346191,384,192,5.9823910874527515,-0.5380888077031152,none,True,11.964782174905503,none,,1.4709314999947765,True,168.0,-0.5380888077031152,False,False,"measured on nuScenes, inherited by nuPlan as a proxy (track features not timed)",391.74710064502096,-0.04155648693410401,-0.4885189754721591,-0.5844123251410229,-0.4157861690182018,True
2026-09-23.1,nuPlan,n/a,idm,scalar_J,criticality_cheap,mJ,0.1,83.8969338377441,69.5124056669773,143.845281707668,14.3845281707668,384,38,1.1840149027250237,0.06625640882231487,none,False,11.964782174905503,not feasible (C_f > b),,11.60302866907548,True,7.0,0.0,False,,"measured on nuScenes, inherited by nuPlan as a proxy (track features not timed)",391.74710064502096,0.0,-0.09244055045342672,-0.10000000000000002,-0.0752283166900838,True
2026-09-23.1,nuPlan,n/a,idm,scalar_J,criticality_cheap,mJ,0.2,98.2814620085109,69.5124056669773,143.845281707668,28.7690563415336,384,76,2.3680298054500475,0.10514232794411649,none,False,11.964782174905503,not feasible (C_f > b),,11.60302866907548,True,45.0,0.06625640882231487,False,,"measured on nuScenes, inherited by nuPlan as a proxy (track features not timed)",391.74710064502096,0.0051169687012786414,-0.1806005779981594,-0.19947133458646618,-0.1444015304735794,True
2026-09-23.1,nuPlan,n/a,idm,scalar_J,criticality_cheap,mJ,0.3,112.6659901792777,69.5124056669773,143.845281707668,43.1535845123004,384,115,3.5832029950888877,-0.5380888077031152,none,False,11.964782174905503,not feasible (C_f > b),,11.60302866907548,True,84.0,0.10514232794411649,False,,"measured on nuScenes, inherited by nuPlan as a proxy (track features not timed)",391.74710064502096,0.008120120163959434,-0.2766104023019879,-0.3753430519320385,-0.19523550913289692,True
2026-09-23.1,nuPlan,n/a,idm,scalar_J,criticality_cheap,mJ,0.5,141.43504652081128,69.5124056669773,143.845281707668,71.92264085383398,384,192,5.9823910874527515,-0.5380888077031152,none,False,11.964782174905503,not feasible (C_f > b),,11.60302866907548,True,161.0,-0.5380888077031152,False,,"measured on nuScenes, inherited by nuPlan as a proxy (track features not timed)",391.74710064502096,-0.04155648693410401,-0.49240521765836925,-0.5844123251410229,-0.4136476886384759,True
2026-09-23.1,nuPlan,n/a,idm,scalar_J,gate_ridge,ms,0.1,16.731492614746095,14.374369621276855,23.571229934692383,2.3571229934692397,384,38,1.1840149027250237,0.0,none,False,11.964782174905503,not feasible (C_f > b),,3.925717499981829,False,,,False,,"measured on nuScenes, inherited by nuPlan as a proxy (track features not timed)",391.74710064502096,,,,,True
2026-09-23.1,nuPlan,n/a,idm,scalar_J,gate_ridge,ms,0.2,19.08861560821533,14.374369621276855,23.571229934692383,4.714245986938476,384,76,2.3680298054500475,0.7277869268121911,none,False,11.964782174905503,not feasible (C_f > b),,3.925717499981829,True,12.0,0.0,False,,"measured on nuScenes, inherited by nuPlan as a proxy (track features not timed)",391.74710064502096,0.0,-0.1858781415027389,-0.20000000000000004,-0.15220195916970045,True
2026-09-23.1,nuPlan,n/a,idm,scalar_J,gate_ridge,ms,0.3,21.44573860168457,14.374369621276855,23.571229934692383,7.0713689804077156,384,115,3.5832029950888877,0.7277869268121911,none,False,11.964782174905503,not feasible (C_f > b),,3.925717499981829,True,51.0,0.0,False,,"measured on nuScenes, inherited by nuPlan as a proxy (track features not timed)",391.74710064502096,0.0,-0.26547473943775685,-0.3,-0.16979732747590723,True
2026-09-23.1,nuPlan,n/a,idm,scalar_J,gate_ridge,ms,0.5,26.159984588623047,14.374369621276855,23.571229934692383,11.785614967346191,384,192,5.9823910874527515,0.8132689809952017,none,True,11.964782174905503,none,,3.925717499981829,True,128.0,0.8066987495093562,False,False,"measured on nuScenes, inherited by nuPlan as a proxy (track features not timed)",391.74710064502096,0.06230117698757243,-0.40213339856149016,-0.5,0.07951817981565354,True
2026-09-23.1,nuPlan,n/a,idm,scalar_J,gate_ridge,mJ,0.1,83.8969338377441,69.5124056669773,143.845281707668,14.3845281707668,384,38,1.1840149027250237,0.0,none,False,11.964782174905503,not feasible (C_f > b),,30.966916337805152,False,,,False,,"measured on nuScenes, inherited by nuPlan as a proxy (track features not timed)",391.74710064502096,,,,,True
2026-09-23.1,nuPlan,n/a,idm,scalar_J,gate_ridge,mJ,0.2,98.2814620085109,69.5124056669773,143.845281707668,28.7690563415336,384,76,2.3680298054500475,0.7277869268121911,none,False,11.964782174905503,not feasible (C_f > b),,30.966916337805152,False,,,False,,"measured on nuScenes, inherited by nuPlan as a proxy (track features not timed)",391.74710064502096,,,,,True
2026-09-23.1,nuPlan,n/a,idm,scalar_J,gate_ridge,mJ,0.3,112.6659901792777,69.5124056669773,143.845281707668,43.1535845123004,384,115,3.5832029950888877,0.7277869268121911,none,False,11.964782174905503,not feasible (C_f > b),,30.966916337805152,True,32.0,0.0,False,,"measured on nuScenes, inherited by nuPlan as a proxy (track features not timed)",391.74710064502096,0.0,-0.2758748358866294,-0.3,-0.19760840750343903,True
2026-09-23.1,nuPlan,n/a,idm,scalar_J,gate_ridge,mJ,0.5,141.43504652081128,69.5124056669773,143.845281707668,71.92264085383398,384,192,5.9823910874527515,0.8132689809952017,none,False,11.964782174905503,not feasible (C_f > b),,30.966916337805152,True,109.0,0.7277869268121911,False,,"measured on nuScenes, inherited by nuPlan as a proxy (track features not timed)",391.74710064502096,0.056206833299475525,-0.4251342261392172,-0.5000000000000001,-0.30702894326451685,True
2026-09-23.1,nuPlan,n/a,idm,scalar_J,gate_gbm,ms,0.1,16.731492614746095,14.374369621276855,23.571229934692383,2.3571229934692397,384,38,1.1840149027250237,0.0,none,False,11.964782174905503,not feasible (C_f > b),,21.376582500010954,False,,,False,,"measured on nuScenes, inherited by nuPlan as a proxy (track features not timed)",391.74710064502096,,,,,True
2026-09-23.1,nuPlan,n/a,idm,scalar_J,gate_gbm,ms,0.2,19.08861560821533,14.374369621276855,23.571229934692383,4.714245986938476,384,76,2.3680298054500475,0.0,none,False,11.964782174905503,not feasible (C_f > b),,21.376582500010954,False,,,False,,"measured on nuScenes, inherited by nuPlan as a proxy (track features not timed)",391.74710064502096,,,,,True
2026-09-23.1,nuPlan,n/a,idm,scalar_J,gate_gbm,ms,0.3,21.44573860168457,14.374369621276855,23.571229934692383,7.0713689804077156,384,115,3.5832029950888877,0.0,none,False,11.964782174905503,not feasible (C_f > b),,21.376582500010954,False,,,False,,"measured on nuScenes, inherited by nuPlan as a proxy (track features not timed)",391.74710064502096,,,,,True
2026-09-23.1,nuPlan,n/a,idm,scalar_J,gate_gbm,ms,0.5,26.159984588623047,14.374369621276855,23.571229934692383,11.785614967346191,384,192,5.9823910874527515,0.34035762745174264,none,True,11.964782174905503,none,,21.376582500010954,False,,,False,,"measured on nuScenes, inherited by nuPlan as a proxy (track features not timed)",391.74710064502096,,,,,True
2026-09-23.1,nuPlan,n/a,idm,scalar_J,gate_gbm,mJ,0.1,83.8969338377441,69.5124056669773,143.845281707668,14.3845281707668,384,38,1.1840149027250237,0.0,none,False,11.964782174905503,not feasible (C_f > b),,168.62314770970988,False,,,False,,"measured on nuScenes, inherited by nuPlan as a proxy (track features not timed)",391.74710064502096,,,,,True
2026-09-23.1,nuPlan,n/a,idm,scalar_J,gate_gbm,mJ,0.2,98.2814620085109,69.5124056669773,143.845281707668,28.7690563415336,384,76,2.3680298054500475,0.0,none,False,11.964782174905503,not feasible (C_f > b),,168.62314770970988,False,,,False,,"measured on nuScenes, inherited by nuPlan as a proxy (track features not timed)",391.74710064502096,,,,,True
2026-09-23.1,nuPlan,n/a,idm,scalar_J,gate_gbm,mJ,0.3,112.6659901792777,69.5124056669773,143.845281707668,43.1535845123004,384,115,3.5832029950888877,0.0,none,False,11.964782174905503,not feasible (C_f > b),,168.62314770970988,False,,,False,,"measured on nuScenes, inherited by nuPlan as a proxy (track features not timed)",391.74710064502096,,,,,True
2026-09-23.1,nuPlan,n/a,idm,scalar_J,gate_gbm,mJ,0.5,141.43504652081128,69.5124056669773,143.845281707668,71.92264085383398,384,192,5.9823910874527515,0.34035762745174264,none,False,11.964782174905503,not feasible (C_f > b),,168.62314770970988,False,,,False,,"measured on nuScenes, inherited by nuPlan as a proxy (track features not timed)",391.74710064502096,,,,,True
2026-09-23.1,nuPlan,n/a,idm,scalar_J,gate_gbm_batched,ms,0.1,16.731492614746095,14.374369621276855,23.571229934692383,2.3571229934692397,384,38,1.1840149027250237,0.0,none,False,11.964782174905503,not feasible (C_f > b),,3.5357949274881264,False,,,False,,"measured on nuScenes, inherited by nuPlan as a proxy (track features not timed)",391.74710064502096,,,,,True
2026-09-23.1,nuPlan,n/a,idm,scalar_J,gate_gbm_batched,ms,0.2,19.08861560821533,14.374369621276855,23.571229934692383,4.714245986938476,384,76,2.3680298054500475,0.0,none,False,11.964782174905503,not feasible (C_f > b),,3.5357949274881264,True,19.0,0.0,False,,"measured on nuScenes, inherited by nuPlan as a proxy (track features not timed)",391.74710064502096,0.0,-0.1858781415027389,-0.20000000000000004,-0.15220195916970045,True
2026-09-23.1,nuPlan,n/a,idm,scalar_J,gate_gbm_batched,ms,0.3,21.44573860168457,14.374369621276855,23.571229934692383,7.0713689804077156,384,115,3.5832029950888877,0.0,none,False,11.964782174905503,not feasible (C_f > b),,3.5357949274881264,True,57.0,0.0,False,,"measured on nuScenes, inherited by nuPlan as a proxy (track features not timed)",391.74710064502096,0.0,-0.27937292886890225,-0.3,-0.22796459603055697,True
2026-09-23.1,nuPlan,n/a,idm,scalar_J,gate_gbm_batched,ms,0.5,26.159984588623047,14.374369621276855,23.571229934692383,11.785614967346191,384,192,5.9823910874527515,0.34035762745174264,none,True,11.964782174905503,none,,3.5357949274881264,True,134.0,0.34035762745174264,False,False,"measured on nuScenes, inherited by nuPlan as a proxy (track features not timed)",391.74710064502096,0.026285748924041594,-0.4596857312835663,-0.5000000000000002,-0.36407027151431903,True
2026-09-23.1,nuPlan,n/a,idm,scalar_J,gate_gbm_batched,mJ,0.1,83.8969338377441,69.5124056669773,143.845281707668,14.3845281707668,384,38,1.1840149027250237,0.0,none,False,11.964782174905503,not feasible (C_f > b),,27.891121994302306,False,,,False,,"measured on nuScenes, inherited by nuPlan as a proxy (track features not timed)",391.74710064502096,,,,,True
2026-09-23.1,nuPlan,n/a,idm,scalar_J,gate_gbm_batched,mJ,0.2,98.2814620085109,69.5124056669773,143.845281707668,28.7690563415336,384,76,2.3680298054500475,0.0,none,False,11.964782174905503,not feasible (C_f > b),,27.891121994302306,True,2.0,0.0,False,,"measured on nuScenes, inherited by nuPlan as a proxy (track features not timed)",391.74710064502096,0.0,-0.1858781415027389,-0.20000000000000004,-0.15220195916970045,True
2026-09-23.1,nuPlan,n/a,idm,scalar_J,gate_gbm_batched,mJ,0.3,112.6659901792777,69.5124056669773,143.845281707668,43.1535845123004,384,115,3.5832029950888877,0.0,none,False,11.964782174905503,not feasible (C_f > b),,27.891121994302306,True,40.0,0.0,False,,"measured on nuScenes, inherited by nuPlan as a proxy (track features not timed)",391.74710064502096,0.0,-0.27937292886890225,-0.3,-0.22796459603055697,True
2026-09-23.1,nuPlan,n/a,idm,scalar_J,gate_gbm_batched,mJ,0.5,141.43504652081128,69.5124056669773,143.845281707668,71.92264085383398,384,192,5.9823910874527515,0.34035762745174264,none,False,11.964782174905503,not feasible (C_f > b),,27.891121994302306,True,117.0,0.0,False,,"measured on nuScenes, inherited by nuPlan as a proxy (track features not timed)",391.74710064502096,0.0,-0.4631147313832577,-0.5000000000000002,-0.3757956238822235,True
2026-09-23.1,nuPlan,n/a,idm,scalar_J,R1_mlp_reg,ms,0.1,16.731492614746095,14.374369621276855,23.571229934692383,2.3571229934692397,384,38,1.1840149027250237,0.34035762745174264,none,False,11.964782174905503,not feasible (C_f > b),,0.6491920000541995,True,27.0,0.34035762745174264,False,,"measured on nuScenes, inherited by nuPlan as a proxy (track features not timed)",391.74710064502096,0.026285748924041594,-0.07274653464304012,-0.09953703703703703,-0.021674290784816076,True
2026-09-23.1,nuPlan,n/a,idm,scalar_J,R1_mlp_reg,ms,0.2,19.08861560821533,14.374369621276855,23.571229934692383,4.714245986938476,384,76,2.3680298054500475,0.39849022440712617,none,False,11.964782174905503,not feasible (C_f > b),,0.6491920000541995,True,66.0,0.39849022440712617,False,,"measured on nuScenes, inherited by nuPlan as a proxy (track features not timed)",391.74710064502096,0.030775317321001854,-0.16167602882475643,-0.19507163380376583,-0.1068123931328865,True
2026-09-23.1,nuPlan,n/a,idm,scalar_J,R1_mlp_reg,ms,0.3,21.44573860168457,14.374369621276855,23.571229934692383,7.0713689804077156,384,115,3.5832029950888877,0.44394637501477335,none,False,11.964782174905503,not feasible (C_f > b),,0.6491920000541995,True,104.0,0.40506045589297174,False,,"measured on nuScenes, inherited by nuPlan as a proxy (track features not timed)",391.74710064502096,0.031282734934947515,-0.2541749023098096,-0.2941944312688074,-0.19217992465739298,True
2026-09-23.1,nuPlan,n/a,idm,scalar_J,R1_mlp_reg,ms,0.5,26.159984588623047,14.374369621276855,23.571229934692383,11.785614967346191,384,192,5.9823910874527515,0.44394637501477335,none,True,11.964782174905503,none,,0.6491920000541995,True,181.0,0.44394637501477335,False,False,"measured on nuScenes, inherited by nuPlan as a proxy (track features not timed)",391.74710064502096,0.03428588639762831,-0.43931034552340237,-0.49178389608168255,-0.3429229282526786,True
2026-09-23.1,nuPlan,n/a,idm,scalar_J,R1_mlp_reg,mJ,0.1,83.8969338377441,69.5124056669773,143.845281707668,14.3845281707668,384,38,1.1840149027250237,0.34035762745174264,none,False,11.964782174905503,not feasible (C_f > b),,6.480242972520074,True,21.0,0.34035762745174264,False,,"measured on nuScenes, inherited by nuPlan as a proxy (track features not timed)",391.74710064502096,0.026285748924041594,-0.07274653464304012,-0.09953703703703703,-0.021674290784816076,True
2026-09-23.1,nuPlan,n/a,idm,scalar_J,R1_mlp_reg,mJ,0.2,98.2814620085109,69.5124056669773,143.845281707668,28.7690563415336,384,76,2.3680298054500475,0.39849022440712617,none,False,11.964782174905503,not feasible (C_f > b),,6.480242972520074,True,59.0,0.39849022440712617,False,,"measured on nuScenes, inherited by nuPlan as a proxy (track features not timed)",391.74710064502096,0.030775317321001854,-0.16208438570964978,-0.19510613703081858,-0.1068123931328865,True
2026-09-23.1,nuPlan,n/a,idm,scalar_J,R1_mlp_reg,mJ,0.3,112.6659901792777,69.5124056669773,143.845281707668,43.1535845123004,384,115,3.5832029950888877,0.44394637501477335,none,False,11.964782174905503,not feasible (C_f > b),,6.480242972520074,True,97.0,0.40506045589297174,False,,"measured on nuScenes, inherited by nuPlan as a proxy (track features not timed)",391.74710064502096,0.031282734934947515,-0.254648996529965,-0.29459181541606855,-0.19270305774758542,True
2026-09-23.1,nuPlan,n/a,idm,scalar_J,R1_mlp_reg,mJ,0.5,141.43504652081128,69.5124056669773,143.845281707668,71.92264085383398,384,192,5.9823910874527515,0.44394637501477335,none,False,11.964782174905503,not feasible (C_f > b),,6.480242972520074,True,174.0,0.44394637501477335,False,,"measured on nuScenes, inherited by nuPlan as a proxy (track features not timed)",391.74710064502096,0.03428588639762831,-0.43932141943816655,-0.49178389608168255,-0.3429229282526786,True
2026-09-23.1,nuPlan,n/a,idm,scalar_J,R1_mlp_clf,ms,0.1,16.731492614746095,14.374369621276855,23.571229934692383,2.3571229934692397,384,38,1.1840149027250237,12.133548376628191,"[0, 1.98882]",False,11.964782174905503,not feasible (C_f > b),1.9888225258010546,0.6491920000541995,True,27.0,12.133548376628191,True,,"measured on nuScenes, inherited by nuPlan as a proxy (track features not timed)",391.74710064502096,0.9370714227081094,0.8544941261279698,0.7407329916316528,0.9111514653334201,True
2026-09-23.1,nuPlan,n/a,idm,scalar_J,R1_mlp_clf,ms,0.2,19.08861560821533,14.374369621276855,23.571229934692383,4.714245986938476,384,76,2.3680298054500475,12.140118608114037,"[0, 4.34595]",False,11.964782174905503,not feasible (C_f > b),4.345945519270291,0.6491920000541995,True,66.0,12.140118608114037,True,,"measured on nuScenes, inherited by nuPlan as a proxy (track features not timed)",391.74710064502096,0.937578840322055,0.7657520209707059,0.6490744610866733,0.8282163366720329,True
2026-09-23.1,nuPlan,n/a,idm,scalar_J,R1_mlp_clf,ms,0.3,21.44573860168457,14.374369621276855,23.571229934692383,7.0713689804077156,384,115,3.5832029950888877,12.140118608114037,"[0, 6.70307]",False,11.964782174905503,not feasible (C_f > b),6.703068512739531,0.6491920000541995,True,104.0,12.140118608114037,True,,"measured on nuScenes, inherited by nuPlan as a proxy (track features not timed)",391.74710064502096,0.937578840322055,0.6728362764832022,0.5555750795762001,0.7501163307414732,True
2026-09-23.1,nuPlan,n/a,idm,scalar_J,R1_mlp_clf,ms,0.5,26.159984588623047,14.374369621276855,23.571229934692383,11.785614967346191,384,192,5.9823910874527515,12.220584011192287,"[0, 11.4173]",True,11.964782174905503,"[0, 10.6807]",11.417314499678007,0.6491920000541995,True,181.0,12.219030430811202,True,True,"measured on nuScenes, inherited by nuPlan as a proxy (track features not timed)",391.74710064502096,0.9436731840101519,0.4905218093555593,0.36611842239651066,0.5968160519031477,True
2026-09-23.1,nuPlan,n/a,idm,scalar_J,R1_mlp_clf,mJ,0.1,83.8969338377441,69.5124056669773,143.845281707668,14.3845281707668,384,38,1.1840149027250237,12.133548376628191,"[0, 12.1369]",False,11.964782174905503,not feasible (C_f > b),12.136945644459084,6.480242972520074,True,21.0,12.133548376628191,True,,"measured on nuScenes, inherited by nuPlan as a proxy (track features not timed)",391.74710064502096,0.9370714227081094,0.8465647267121187,0.7390178664790277,0.9107647421642191,True
2026-09-23.1,nuPlan,n/a,idm,scalar_J,R1_mlp_clf,mJ,0.2,98.2814620085109,69.5124056669773,143.845281707668,28.7690563415336,384,76,2.3680298054500475,12.140118608114037,"[0, 26.5215]",False,11.964782174905503,not feasible (C_f > b),26.52147381522588,6.480242972520074,True,59.0,12.140118608114037,True,,"measured on nuScenes, inherited by nuPlan as a proxy (track features not timed)",391.74710064502096,0.937578840322055,0.7656944855124626,0.6488806429210477,0.8282163366720329,True
2026-09-23.1,nuPlan,n/a,idm,scalar_J,R1_mlp_clf,mJ,0.3,112.6659901792777,69.5124056669773,143.845281707668,43.1535845123004,384,115,3.5832029950888877,12.140118608114037,"[0, 40.906]",False,11.964782174905503,not feasible (C_f > b),40.90600198599268,6.480242972520074,True,97.0,12.140118608114037,True,,"measured on nuScenes, inherited by nuPlan as a proxy (track features not timed)",391.74710064502096,0.937578840322055,0.6726271352713553,0.5542784154241814,0.7471889603220554,True
2026-09-23.1,nuPlan,n/a,idm,scalar_J,R1_mlp_clf,mJ,0.5,141.43504652081128,69.5124056669773,143.845281707668,71.92264085383398,384,192,5.9823910874527515,12.220584011192287,"[0, 69.6751]",False,11.964782174905503,not feasible (C_f > b),69.67505832752627,6.480242972520074,True,174.0,12.219030430811202,True,,"measured on nuScenes, inherited by nuPlan as a proxy (track features not timed)",391.74710064502096,0.9436731840101519,0.490283883113383,0.36611842239651066,0.5968160519031477,True
2026-09-23.1,nuPlan,n/a,idm,scalar_J,R1_gbm_reg,ms,0.1,16.731492614746095,14.374369621276855,23.571229934692383,2.3571229934692397,384,38,1.1840149027250237,0.0,none,False,11.964782174905503,not feasible (C_f > b),,15.909292499998173,False,,,False,,"measured on nuScenes, inherited by nuPlan as a proxy (track features not timed)",391.74710064502096,,,,,True
2026-09-23.1,nuPlan,n/a,idm,scalar_J,R1_gbm_reg,ms,0.2,19.08861560821533,14.374369621276855,23.571229934692383,4.714245986938476,384,76,2.3680298054500475,0.0,none,False,11.964782174905503,not feasible (C_f > b),,15.909292499998173,False,,,False,,"measured on nuScenes, inherited by nuPlan as a proxy (track features not timed)",391.74710064502096,,,,,True
2026-09-23.1,nuPlan,n/a,idm,scalar_J,R1_gbm_reg,ms,0.3,21.44573860168457,14.374369621276855,23.571229934692383,7.0713689804077156,384,115,3.5832029950888877,0.0,none,False,11.964782174905503,not feasible (C_f > b),,15.909292499998173,False,,,False,,"measured on nuScenes, inherited by nuPlan as a proxy (track features not timed)",391.74710064502096,,,,,True
2026-09-23.1,nuPlan,n/a,idm,scalar_J,R1_gbm_reg,ms,0.5,26.159984588623047,14.374369621276855,23.571229934692383,11.785614967346191,384,192,5.9823910874527515,-0.32641580017919214,none,True,11.964782174905503,none,,15.909292499998173,False,,,False,,"measured on nuScenes, inherited by nuPlan as a proxy (track features not timed)",391.74710064502096,,,,,True
2026-09-23.1,nuPlan,n/a,idm,scalar_J,R1_gbm_reg,mJ,0.1,83.8969338377441,69.5124056669773,143.845281707668,14.3845281707668,384,38,1.1840149027250237,0.0,none,False,11.964782174905503,not feasible (C_f > b),,158.80676427354655,False,,,False,,"measured on nuScenes, inherited by nuPlan as a proxy (track features not timed)",391.74710064502096,,,,,True
2026-09-23.1,nuPlan,n/a,idm,scalar_J,R1_gbm_reg,mJ,0.2,98.2814620085109,69.5124056669773,143.845281707668,28.7690563415336,384,76,2.3680298054500475,0.0,none,False,11.964782174905503,not feasible (C_f > b),,158.80676427354655,False,,,False,,"measured on nuScenes, inherited by nuPlan as a proxy (track features not timed)",391.74710064502096,,,,,True
2026-09-23.1,nuPlan,n/a,idm,scalar_J,R1_gbm_reg,mJ,0.3,112.6659901792777,69.5124056669773,143.845281707668,43.1535845123004,384,115,3.5832029950888877,0.0,none,False,11.964782174905503,not feasible (C_f > b),,158.80676427354655,False,,,False,,"measured on nuScenes, inherited by nuPlan as a proxy (track features not timed)",391.74710064502096,,,,,True
2026-09-23.1,nuPlan,n/a,idm,scalar_J,R1_gbm_reg,mJ,0.5,141.43504652081128,69.5124056669773,143.845281707668,71.92264085383398,384,192,5.9823910874527515,-0.32641580017919214,none,False,11.964782174905503,not feasible (C_f > b),,158.80676427354655,False,,,False,,"measured on nuScenes, inherited by nuPlan as a proxy (track features not timed)",391.74710064502096,,,,,True
2026-09-23.1,nuPlan,n/a,idm,scalar_J,R1_gbm_clf,ms,0.1,16.731492614746095,14.374369621276855,23.571229934692383,2.3571229934692397,384,38,1.1840149027250237,0.0,none,False,11.964782174905503,not feasible (C_f > b),,15.909292499998173,False,,,False,,"measured on nuScenes, inherited by nuPlan as a proxy (track features not timed)",391.74710064502096,,,,,True
2026-09-23.1,nuPlan,n/a,idm,scalar_J,R1_gbm_clf,ms,0.2,19.08861560821533,14.374369621276855,23.571229934692383,4.714245986938476,384,76,2.3680298054500475,0.7666728459339928,none,False,11.964782174905503,not feasible (C_f > b),,15.909292499998173,False,,,False,,"measured on nuScenes, inherited by nuPlan as a proxy (track features not timed)",391.74710064502096,,,,,True
2026-09-23.1,nuPlan,n/a,idm,scalar_J,R1_gbm_clf,ms,0.3,21.44573860168457,14.374369621276855,23.571229934692383,7.0713689804077156,384,115,3.5832029950888877,1.1651630703411189,none,False,11.964782174905503,not feasible (C_f > b),,15.909292499998173,False,,,False,,"measured on nuScenes, inherited by nuPlan as a proxy (track features not timed)",391.74710064502096,,,,,True
2026-09-23.1,nuPlan,n/a,idm,scalar_J,R1_gbm_clf,ms,0.5,26.159984588623047,14.374369621276855,23.571229934692383,11.785614967346191,384,192,5.9823910874527515,12.861335303440383,"[0, 4.60376]",True,11.964782174905503,"[0, 4.60376]",4.60375584668099,15.909292499998173,False,,,False,,"measured on nuScenes, inherited by nuPlan as a proxy (track features not timed)",391.74710064502096,,,,,True
2026-09-23.1,nuPlan,n/a,idm,scalar_J,R1_gbm_clf,mJ,0.1,83.8969338377441,69.5124056669773,143.845281707668,14.3845281707668,384,38,1.1840149027250237,0.0,none,False,11.964782174905503,not feasible (C_f > b),,158.80676427354655,False,,,False,,"measured on nuScenes, inherited by nuPlan as a proxy (track features not timed)",391.74710064502096,,,,,True
2026-09-23.1,nuPlan,n/a,idm,scalar_J,R1_gbm_clf,mJ,0.2,98.2814620085109,69.5124056669773,143.845281707668,28.7690563415336,384,76,2.3680298054500475,0.7666728459339928,none,False,11.964782174905503,not feasible (C_f > b),,158.80676427354655,False,,,False,,"measured on nuScenes, inherited by nuPlan as a proxy (track features not timed)",391.74710064502096,,,,,True
2026-09-23.1,nuPlan,n/a,idm,scalar_J,R1_gbm_clf,mJ,0.3,112.6659901792777,69.5124056669773,143.845281707668,43.1535845123004,384,115,3.5832029950888877,1.1651630703411189,none,False,11.964782174905503,not feasible (C_f > b),,158.80676427354655,False,,,False,,"measured on nuScenes, inherited by nuPlan as a proxy (track features not timed)",391.74710064502096,,,,,True
2026-09-23.1,nuPlan,n/a,idm,scalar_J,R1_gbm_clf,mJ,0.5,141.43504652081128,69.5124056669773,143.845281707668,71.92264085383398,384,192,5.9823910874527515,12.861335303440383,"[0, 28.0948]",False,11.964782174905503,not feasible (C_f > b),28.09478158390349,158.80676427354655,False,,,False,,"measured on nuScenes, inherited by nuPlan as a proxy (track features not timed)",391.74710064502096,,,,,True
