group,track,geometry,trained_for,evaluated_on,diagonal,signal,quota,coverage,n_test_frames,n_test_units,gain,gain_random,delta_vs_random,gain_share_all_cheap,ndg,official_ndg,matches_3dp,undefined_reason,ndg_diag,transfer_regret,delta_lo_all_draws,delta_hi_all_draws,beats_random_all_draws,delta_lo_filtered,beats_random_filtered,draws_dropped_by_filter,delta_share_lo_all_draws,n_entries,median_transfer_regret,off_diag_beating_random_all_draws,off_diag_beating_random_filtered,diag_beating_random_all_draws,n_diag_entries
KITTI mono,KITTI,mono,brake/J,brake/J,True,gate_ridge,0.1,1.0,3536.0,6.0,78.05223581512878,88.76860338458147,-10.716367569452686,0.009874516756195478,0.0388046436898543,0.0388046436898543,True,,0.0388046436898543,0.0,-187.30885024163317,309.2017019773675,False,-187.30885024163317,False,2.0,-0.023696750784635602,,,,,,
KITTI mono,KITTI,mono,brake/J,brake/J,True,gate_ridge,0.2,1.0,3536.0,6.0,346.84918371471247,177.28644800253983,169.56273571217264,0.043880460831075815,0.15555884403749493,0.1555588440374949,True,,0.15555884403749493,0.0,-234.93728651945318,350.58118188793986,False,-235.04131269056498,False,4.0,-0.029722302611372164,,,,,,
KITTI mono,KITTI,mono,brake/J,brake/J,True,gate_ridge,0.3,1.0,3536.0,6.0,534.5492633743133,266.05505138712124,268.4942119871921,0.06762670669298748,0.23948462655618757,0.2394846265561875,True,,0.23948462655618757,0.0,-148.3054410235783,457.432107942813,False,-149.07368740442155,False,4.0,-0.018762365320205632,,,,,,
KITTI mono,KITTI,mono,brake/J,brake/J,True,gate_ridge,0.5,1.0,3536.0,6.0,451.3177510844979,443.34149938966107,7.976251694836833,0.057096951149585476,0.2021958881663724,0.2021958881663724,True,,0.2021958881663724,0.0,-350.4993896389558,416.36982701513836,False,-350.4993896389558,False,4.0,-0.04434225438748177,,,,,,
KITTI mono,KITTI,mono,brake/J,brake/J,True,gate_gbm,0.1,1.0,3536.0,6.0,121.28278699402533,88.76860338458147,32.51418360944386,0.015343684904135171,0.06029725203724944,0.0602972520372494,True,,0.06029725203724944,0.0,-118.60607608412559,427.228811273054,False,-118.69053667778128,False,2.0,-0.015005049803484114,,,,,,
KITTI mono,KITTI,mono,brake/J,brake/J,True,gate_gbm,0.2,1.0,3536.0,6.0,342.39799396158514,177.28644800253983,165.11154595904532,0.04331733349278448,0.1535625241235419,0.1535625241235419,True,,0.1535625241235419,0.0,-179.48657861856802,632.4177349909164,False,-179.48657861856802,False,4.0,-0.022707142333233656,,,,,,
KITTI mono,KITTI,mono,brake/J,brake/J,True,gate_gbm,0.3,1.0,3536.0,6.0,695.9986599920434,266.05505138712124,429.94360860492213,0.08805193545844477,0.31181593651375894,0.3118159365137589,True,,0.31181593651375894,0.0,-216.14738035441246,777.513529466954,False,-216.14738035441246,False,4.0,-0.02734516067128091,,,,,,
KITTI mono,KITTI,mono,brake/J,brake/J,True,gate_gbm,0.5,1.0,3536.0,6.0,783.4340232892306,443.34149938966107,340.0925238995695,0.09911352710851722,0.3509880517176084,0.3509880517176084,True,,0.3509880517176084,0.0,8.849939554076734,861.2186610537308,True,8.849939554076734,True,4.0,0.0011196204119640267,,,,,,
KITTI mono,KITTI,mono,brake/J,brake/J,True,R1_mlp_reg,0.1,1.0,3536.0,6.0,167.943401734713,88.76860338458147,79.17479835013154,0.02124679603605223,0.08349515931630003,0.0834951593163,True,,0.08349515931630003,0.0,-9.738757226727532,289.1516682399887,False,-9.738757226727529,False,2.0,-0.0012320661979192294,,,,,,
KITTI mono,KITTI,mono,brake/J,brake/J,True,R1_mlp_reg,0.2,1.0,3536.0,6.0,368.8536833373258,177.28644800253983,191.56723533478595,0.04666428627779129,0.16542767085224294,0.1654276708522429,True,,0.16542767085224294,0.0,-2.183475356315854,602.3958149627449,False,-2.18347535631586,False,4.0,-0.0002762350593485714,,,,,,
KITTI mono,KITTI,mono,brake/J,brake/J,True,R1_mlp_reg,0.3,1.0,3536.0,6.0,697.0417802873055,266.05505138712124,430.9867289001843,0.08818390232302878,0.3122832672005269,0.3122832672005269,True,,0.3122832672005269,0.0,20.511550890052522,822.8089758122641,True,20.523106178908833,True,4.0,0.0025949500465189935,,,,,,
KITTI mono,KITTI,mono,brake/J,brake/J,True,R1_mlp_reg,0.5,1.0,3536.0,6.0,850.8370967055515,443.34149938966107,407.49559731589045,0.10764080081077199,0.3811854553468855,0.3811854553468855,True,,0.3811854553468855,0.0,60.68755677893705,813.8613798271958,True,60.68755677893708,True,4.0,0.007677682644806753,,,,,,
KITTI mono,KITTI,mono,brake/J,brake/J,True,R1_mlp_clf,0.1,1.0,3536.0,6.0,173.6494161303602,88.76860338458147,84.88081274577874,0.021968673304172584,0.08633197562527438,0.0863319756252743,True,,0.08633197562527438,0.0,-60.198300260452505,309.82050780581255,False,-60.198300260452505,False,2.0,-0.007615785997780569,,,,,,
KITTI mono,KITTI,mono,brake/J,brake/J,True,R1_mlp_clf,0.2,1.0,3536.0,6.0,412.3328270146572,177.28644800253983,235.04637901211737,0.052164904271665875,0.18492768886511202,0.184927688865112,True,,0.18492768886511202,0.0,-80.06301465462666,633.0128892151413,False,-80.06301465462666,False,4.0,-0.010128903695099493,,,,,,
KITTI mono,KITTI,mono,brake/J,brake/J,True,R1_mlp_clf,0.3,1.0,3536.0,6.0,562.1251317829499,266.05505138712124,296.07008039582865,0.07111537517024516,0.2518389538376761,0.2518389538376761,True,,0.2518389538376761,0.0,-78.35631811978739,759.3843218663379,False,-79.19412560716815,False,4.0,-0.009912986708801651,,,,,,
KITTI mono,KITTI,mono,brake/J,brake/J,True,R1_mlp_clf,0.5,1.0,3536.0,6.0,857.8553939904842,443.34149938966107,414.51389460082316,0.10852869714604386,0.38432973861412384,0.3843297386141238,True,,0.38432973861412384,0.0,19.906232626512907,855.3662867591806,True,20.009081962985675,True,4.0,0.0025183702371934734,,,,,,
KITTI mono,KITTI,mono,brake/J,brake/J,True,R1_gbm_reg,0.1,1.0,3536.0,6.0,181.39293701949225,88.76860338458147,92.62433363491078,0.02294831887067234,0.09018176373024843,0.0901817637302484,True,,0.09018176373024843,0.0,-11.320210125585412,534.3303339476281,False,-8.335701989987918,False,2.0,-0.0014321384057915782,,,,,,
KITTI mono,KITTI,mono,brake/J,brake/J,True,R1_gbm_reg,0.2,1.0,3536.0,6.0,454.53576406099273,177.28644800253983,277.2493160584529,0.05750406726517397,0.20385533929693472,0.2038553392969347,True,,0.20385533929693472,0.0,6.880799224148572,869.4298265461309,True,6.880799224148561,True,4.0,0.0008705012294049146,,,,,,
KITTI mono,KITTI,mono,brake/J,brake/J,True,R1_gbm_reg,0.3,1.0,3536.0,6.0,774.5631975772808,266.05505138712124,508.50814619015955,0.097991264354361,0.34701381299270395,0.3470138129927039,True,,0.34701381299270395,0.0,15.128201359903539,985.1635642429038,True,14.55831859690501,True,4.0,0.0019138936413466816,,,,,,
KITTI mono,KITTI,mono,brake/J,brake/J,True,R1_gbm_reg,0.5,1.0,3536.0,6.0,989.9478846140014,443.34149938966107,546.6063852243403,0.1252399354393189,0.44350879460638365,0.4435087946063836,True,,0.44350879460638365,0.0,116.14305704337475,1041.4258786752491,True,116.14305704337477,True,4.0,0.014693449212742182,,,,,,
KITTI mono,KITTI,mono,brake/J,brake/J,True,R1_gbm_clf,0.1,1.0,3536.0,6.0,263.9444749881612,88.76860338458147,175.1758716035797,0.03339204974408477,0.13122329166944896,0.1312232916694489,True,,0.13122329166944896,0.0,29.2679178178405,446.0177945444843,True,29.2679178178405,True,2.0,0.003702732431595513,,,,,,
KITTI mono,KITTI,mono,brake/J,brake/J,True,R1_gbm_clf,0.2,1.0,3536.0,6.0,438.2143579610175,177.28644800253983,260.9279099584777,0.0554392193292275,0.1965353305288963,0.1965353305288963,True,,0.1965353305288963,0.0,42.6705224649872,769.8395449284191,True,42.6705224649872,True,4.0,0.005398317994043441,,,,,,
KITTI mono,KITTI,mono,brake/J,brake/J,True,R1_gbm_clf,0.3,1.0,3536.0,6.0,602.5587693468302,266.05505138712124,336.503717959709,0.07623070117556482,0.26995371940889634,0.2699537194088963,True,,0.26995371940889634,0.0,88.53693551492708,1017.5614088307296,True,88.53693551492711,True,4.0,0.011200953363527982,,,,,,
KITTI mono,KITTI,mono,brake/J,brake/J,True,R1_gbm_clf,0.5,1.0,3536.0,6.0,973.6221276694068,443.34149938966107,530.2806282797458,0.1231745370708621,0.436194655250091,0.436194655250091,True,,0.436194655250091,0.0,76.43310328790021,987.2735940857142,True,80.52219868310412,True,4.0,0.009669677636551442,,,,,,
KITTI mono,KITTI,mono,brake/J,traj/JB,False,gate_ridge,0.1,1.0,3536.0,6.0,-0.1314117321922597,-10.770411787129712,10.639000054937451,-2.7997753239394933e-05,-0.0005213257606886665,,,,0.05700292639911306,-0.057524252159801725,-21.427059906518913,101.76620900101003,False,-21.496590327688764,False,9.0,-0.004565113981077136,,,,,,
KITTI mono,KITTI,mono,brake/J,traj/JB,False,gate_ridge,0.2,1.0,3536.0,6.0,14.322756399899518,-21.510398682205384,35.8331550821049,0.0030515159697131733,0.056820055186639455,,,,0.2983829098023783,-0.24156285461573884,-43.719540260894405,213.1773754384103,False,-43.719540260894405,False,9.0,-0.009314608973980265,,,,,,
KITTI mono,KITTI,mono,brake/J,traj/JB,False,gate_ridge,0.3,1.0,3536.0,6.0,32.47696918637646,-32.280810469335094,64.75777965571154,0.006919337825281011,0.12883994741945382,,,,0.2290197799909988,-0.10017983257154497,-65.66325106131801,274.023955625451,False,-65.66325106131801,False,9.0,-0.013989797329674833,,,,,,
KITTI mono,KITTI,mono,brake/J,traj/JB,False,gate_ridge,0.5,1.0,3536.0,6.0,42.24976050962051,-53.79120915154048,96.04096966116099,0.009001466988056046,0.16760975728078287,,,,0.22430048924934165,-0.05669073196855878,-113.00948417691654,466.65513010048585,False,-113.36086348760443,False,9.0,-0.024077086565357512,,,,,,
KITTI mono,KITTI,mono,brake/J,traj/JB,False,gate_gbm,0.1,1.0,3536.0,6.0,0.0,-10.770411787129712,10.770411787129712,0.0,0.0,,,,0.058359178096259595,-0.058359178096259595,-21.236049743747675,109.95781016289578,False,-21.349659433249354,False,9.0,-0.0045244185628350135,,,,,,
KITTI mono,KITTI,mono,brake/J,traj/JB,False,gate_gbm,0.2,1.0,3536.0,6.0,31.263585443928022,-21.510398682205384,52.773984126133406,0.006660821952770765,0.1240263117418286,,,,0.06181501651927516,0.06221129522255344,-42.47209948749535,180.9440484715963,False,-42.69931886649871,False,9.0,-0.009048837125670027,,,,,,
KITTI mono,KITTI,mono,brake/J,traj/JB,False,gate_gbm,0.3,1.0,3536.0,6.0,29.38155285780122,-32.280810469335094,61.66236332713632,0.006259847982974923,0.11656006764599737,,,,0.16853645029393594,-0.051976382647938565,-64.66317498225798,229.96023588339753,False,-64.92490098079155,False,9.0,-0.013776727439985079,,,,,,
KITTI mono,KITTI,mono,brake/J,traj/JB,False,gate_gbm,0.5,1.0,3536.0,6.0,-37.334996675701234,-53.79120915154048,16.456212475839244,-0.007954358463143995,-0.1481123124820602,,,,0.25235864116298024,-0.40047095364504043,-106.85663975844376,231.38832635620628,False,-107.02186052703105,False,9.0,-0.022766200414821434,,,,,,
KITTI mono,KITTI,mono,brake/J,traj/JB,False,R1_mlp_reg,0.1,1.0,3536.0,6.0,30.122463005004413,-10.770411787129712,40.89287479213412,0.006417701616953431,0.11949934513400394,,,,0.109798601758677,0.009700743375326934,-21.95976528866973,153.70068911227096,False,-21.95976528866973,False,9.0,-0.004678608823508219,,,,,,
KITTI mono,KITTI,mono,brake/J,traj/JB,False,R1_mlp_reg,0.2,1.0,3536.0,6.0,45.80195972646366,-21.510398682205384,67.31235840866904,0.00975827610601853,0.18170174836822336,,,,0.10871922849158093,0.07298251987664243,-43.43194014593468,266.96643072959444,False,-43.43194014593468,False,9.0,-0.009253334710899376,,,,,,
KITTI mono,KITTI,mono,brake/J,traj/JB,False,R1_mlp_reg,0.3,1.0,3536.0,6.0,41.71831636490493,-32.280810469335094,73.99912683424003,0.00888824085690286,0.16550145600215696,,,,0.04614646701394118,0.11935498898821578,-62.82595675233495,311.5247857953975,False,-62.91231413953301,False,9.0,-0.013385301333729609,,,,,,
KITTI mono,KITTI,mono,brake/J,traj/JB,False,R1_mlp_reg,0.5,1.0,3536.0,6.0,-26.301818916565917,-53.79120915154048,27.48939023497456,-0.005603699331014804,-0.10434240174319781,,,,-0.22004195063473647,0.11569954889153866,-69.79088355010222,189.30317683385277,False,-69.79088355010222,False,9.0,-0.014869204624259577,,,,,,
KITTI mono,KITTI,mono,brake/J,traj/JB,False,R1_mlp_clf,0.1,1.0,3536.0,6.0,29.47376423415165,-10.770411787129712,40.24417602128136,0.006279493956114879,0.11692588099552163,,,,0.19467017995494176,-0.07774429895942013,-0.1906078954402659,104.00098770816186,False,0.9478112808426586,True,9.0,-4.060971370660683e-05,,,,,,
KITTI mono,KITTI,mono,brake/J,traj/JB,False,R1_mlp_clf,0.2,1.0,3536.0,6.0,13.172281650584324,-21.510398682205384,34.68268033278971,0.0028064030897432465,0.052255986866146124,,,,0.19359386440248336,-0.14133787753633723,-65.0782564483172,145.1283570352039,False,-66.10073871432473,False,9.0,-0.013865162074146738,,,,,,
KITTI mono,KITTI,mono,brake/J,traj/JB,False,R1_mlp_clf,0.3,1.0,3536.0,6.0,12.899430890053528,-32.280810469335094,45.180241359388624,0.0027482712309123618,0.05117355588441239,,,,0.06138152095712364,-0.010207965072711246,-144.28384048323304,152.97776847454784,False,-144.41390717003662,False,9.0,-0.030740203290005166,,,,,,
KITTI mono,KITTI,mono,brake/J,traj/JB,False,R1_mlp_clf,0.5,1.0,3536.0,6.0,-113.84056784315082,-53.79120915154048,-60.049358691610344,-0.024254151999473218,-0.4516188900183754,,,,-0.3192305142777481,-0.13238837574062728,-220.08572529698776,173.51505858444682,False,-221.02199992980346,False,9.0,-0.0468900738585749,,,,,,
KITTI mono,KITTI,mono,brake/J,traj/JB,False,R1_gbm_reg,0.1,1.0,3536.0,6.0,30.715791330620867,-10.770411787129712,41.48620311775058,0.006544112400628735,0.12185314821939047,,,,0.12772994985217953,-0.005876801632789058,-21.504204238678536,154.92293326117218,False,-21.587433915511326,False,9.0,-0.004581549864993978,,,,,,
KITTI mono,KITTI,mono,brake/J,traj/JB,False,R1_gbm_reg,0.2,1.0,3536.0,6.0,31.35592216777453,-21.510398682205384,52.866320849979914,0.006680494631656136,0.12439262235957735,,,,0.12620066648982387,-0.0018080441302465167,-45.46451569628628,228.40931849023835,False,-45.54427156849013,False,9.0,-0.009686382413336731,,,,,,
KITTI mono,KITTI,mono,brake/J,traj/JB,False,R1_gbm_reg,0.3,1.0,3536.0,6.0,30.458448952234438,-32.280810469335094,62.73925942156953,0.006489284659696434,0.12083224080928605,,,,-0.06119801575216583,0.1820302565614519,-98.84092543198445,296.94037770010385,False,-100.22263644689454,False,9.0,-0.02105842297360063,,,,,,
KITTI mono,KITTI,mono,brake/J,traj/JB,False,R1_gbm_reg,0.5,1.0,3536.0,6.0,-170.26722465149382,-53.79120915154048,-116.47601549995335,-0.03627605892580977,-0.6754700583500596,,,,-0.14514832810802036,-0.5303217302420392,-163.16020962765572,237.44124457095273,False,-163.16020962765572,False,9.0,-0.0347618832157219,,,,,,
KITTI mono,KITTI,mono,brake/J,traj/JB,False,R1_gbm_clf,0.1,1.0,3536.0,6.0,13.98767058056677,-10.770411787129712,24.75808236769648,0.0029801247025318454,0.055490730424341564,,,,-0.19107698013410257,0.24656771055844412,-23.161234956308828,105.85199034224068,False,-23.161234956308828,False,9.0,-0.004934586358527415,,,,,,
KITTI mono,KITTI,mono,brake/J,traj/JB,False,R1_gbm_clf,0.2,1.0,3536.0,6.0,-1.9735330874128771,-21.510398682205384,19.536865594792506,-0.0004204684883867737,-0.007829237320565287,,,,-0.19215635340119866,0.18432711608063337,-100.29087613462218,115.89029734026387,False,-100.29087613462218,False,9.0,-0.02136734030772683,,,,,,
KITTI mono,KITTI,mono,brake/J,traj/JB,False,R1_gbm_clf,0.3,1.0,3536.0,6.0,-35.18764087616033,-32.280810469335094,-2.906830406825236,-0.00749685640613762,-0.13959350006714538,,,,-0.3362543040825143,0.1966608040153689,-129.14469424603183,168.90070348312415,False,-129.14469424603183,False,9.0,-0.027514752460514925,,,,,,
KITTI mono,KITTI,mono,brake/J,traj/JB,False,R1_gbm_clf,0.5,1.0,3536.0,6.0,-125.89940099400285,-53.79120915154048,-72.10819184246236,-0.026823330788005133,-0.4994576960405665,,,,-0.5250139874981182,0.025556291457551727,-181.58187647453084,89.32377065732274,False,-181.6598433371234,False,9.0,-0.03868668714329338,,,,,,
KITTI mono,KITTI,mono,traj/JB,brake/J,False,gate_ridge,0.1,1.0,3536.0,6.0,73.4647426906636,88.76860338458147,-15.30386069391787,0.009294145454164399,0.03652391419805384,,,,0.0388046436898543,-0.0022807294918004567,-172.55895776572783,121.81873991900488,False,-172.60330262183922,False,2.0,-0.021830717622557005,,,,,,
KITTI mono,KITTI,mono,traj/JB,brake/J,False,gate_ridge,0.2,1.0,3536.0,6.0,144.65739573868282,177.28644800253983,-32.629052263857005,0.018300845109838024,0.06487758460776055,,,,0.15555884403749493,-0.09068125942973437,-314.19087914364496,204.66511105754466,False,-314.19087914364496,False,4.0,-0.03974880499382644,,,,,,
KITTI mono,KITTI,mono,traj/JB,brake/J,False,gate_ridge,0.3,1.0,3536.0,6.0,302.6687085640926,266.05505138712124,36.613657176971344,0.03829111623875968,0.13559929384835512,,,,0.23948462655618757,-0.10388533270783246,-333.4544167798232,287.60752735743114,False,-333.4544167798232,False,4.0,-0.042185866830499345,,,,,,
KITTI mono,KITTI,mono,traj/JB,brake/J,False,gate_ridge,0.5,1.0,3536.0,6.0,460.966512121477,443.34149938966107,17.625012731815957,0.05831763178148749,0.20651865145872916,,,,0.2021958881663724,0.004322763292356757,-330.7584815439866,360.19091990490296,False,-330.7584815439866,False,4.0,-0.0418447996287482,,,,,,
KITTI mono,KITTI,mono,traj/JB,brake/J,False,gate_gbm,0.1,1.0,3536.0,6.0,79.8412885940221,88.76860338458147,-8.927314790559365,0.010100852766412318,0.03969409361915207,,,,0.06029725203724944,-0.020603158418097373,-188.2409758634827,80.1354432542938,False,-188.35542971930707,False,2.0,-0.023814675530489562,,,,,,
KITTI mono,KITTI,mono,traj/JB,brake/J,False,gate_gbm,0.2,1.0,3536.0,6.0,48.343983579179394,177.28644800253983,-128.94246442336043,0.006116076892973732,0.02168185642302202,,,,0.1535625241235419,-0.13188066770051987,-565.9765285403505,67.98215577208819,False,-565.9765285403505,False,4.0,-0.07160262170993158,,,,,,
KITTI mono,KITTI,mono,traj/JB,brake/J,False,gate_gbm,0.3,1.0,3536.0,6.0,189.209957150415,266.05505138712124,-76.84509423670625,0.023937262947164153,0.08476838157599229,,,,0.31181593651375894,-0.22704755493776665,-262.2523038764255,72.45571176745307,False,-262.2523038764255,False,4.0,-0.03317797039295945,,,,,,
KITTI mono,KITTI,mono,traj/JB,brake/J,False,gate_gbm,0.5,1.0,3536.0,6.0,371.84309627085304,443.34149938966107,-71.49840311880803,0.047042481825875525,0.16659026800597196,,,,0.3509880517176084,-0.18439778371163643,-180.6412910604838,70.27410357133351,False,-180.6412910604838,False,4.0,-0.02285322690387032,,,,,,
KITTI mono,KITTI,mono,traj/JB,brake/J,False,R1_mlp_reg,0.1,1.0,3536.0,6.0,92.42618332474784,88.76860338458147,3.6575799401663716,0.011692988502124585,0.04595083118470788,,,,0.08349515931630003,-0.03754432813159215,-56.5227978422872,86.56344114958826,False,-56.548167033372806,False,2.0,-0.007150792140313445,,,,,,
KITTI mono,KITTI,mono,traj/JB,brake/J,False,R1_mlp_reg,0.2,1.0,3536.0,6.0,241.79534598917567,177.28644800253983,64.50889798663584,0.030589926997035614,0.10844311095931472,,,,0.16542767085224294,-0.05698455989292822,-81.68429312543005,184.6453207463311,False,-81.68429312543005,False,4.0,-0.010334014301595458,,,,,,
KITTI mono,KITTI,mono,traj/JB,brake/J,False,R1_mlp_reg,0.3,1.0,3536.0,6.0,343.02496411765867,266.05505138712124,76.96991273053743,0.04339665251865385,0.15367939132981817,,,,0.3122832672005269,-0.15860387587070873,-99.47054168332645,263.33456884672773,False,-100.06613604170309,False,4.0,-0.012584181866696307,,,,,,
KITTI mono,KITTI,mono,traj/JB,brake/J,False,R1_mlp_reg,0.5,1.0,3536.0,6.0,449.68950113300343,443.34149938966107,6.348001743342365,0.05689095856959855,0.20146641221664927,,,,0.3811854553468855,-0.17971904313023626,-236.69794367305593,209.72787188845098,False,-236.69794367305593,False,4.0,-0.029945046244320036,,,,,,
KITTI mono,KITTI,mono,traj/JB,brake/J,False,R1_mlp_clf,0.1,1.0,3536.0,6.0,117.05402005265728,88.76860338458147,28.28541666807581,0.014808696641665814,0.05819486774686355,,,,0.08633197562527438,-0.02813710787841083,-65.06010601064236,228.10188772695415,False,-65.06010601064236,False,2.0,-0.008230861041361984,,,,,,
KITTI mono,KITTI,mono,traj/JB,brake/J,False,R1_mlp_clf,0.2,1.0,3536.0,6.0,271.68621365178734,177.28644800253983,94.39976564924751,0.03437146983830385,0.12184890529065763,,,,0.18492768886511202,-0.06307878357445439,-81.60067618292456,501.41348913235396,False,-81.60067618292456,False,4.0,-0.010323435784641403,,,,,,
KITTI mono,KITTI,mono,traj/JB,brake/J,False,R1_mlp_clf,0.3,1.0,3536.0,6.0,521.480178067764,266.05505138712124,255.42512668064273,0.06597331521098901,0.23362951603875284,,,,0.2518389538376761,-0.018209437798923284,-43.4902197742818,703.1934110263273,False,-43.4902197742818,False,4.0,-0.005502019249120992,,,,,,
KITTI mono,KITTI,mono,traj/JB,brake/J,False,R1_mlp_clf,0.5,1.0,3536.0,6.0,868.8585862042239,443.34149938966107,425.51708681456284,0.10992072909428374,0.3892593036865729,,,,0.38432973861412384,0.004929565072449071,-63.40060467158628,798.6182726085066,False,-63.40060467158628,False,4.0,-0.008020914796923182,,,,,,
KITTI mono,KITTI,mono,traj/JB,brake/J,False,R1_gbm_reg,0.1,1.0,3536.0,6.0,179.84202530931464,88.76860338458147,91.07342192473317,0.02275211047882304,0.0894107086069793,,,,0.09018176373024843,-0.0007710551232691237,-10.942175042780407,385.61581391906196,False,-10.942175042780407,False,2.0,-0.0013843125655628706,,,,,,
KITTI mono,KITTI,mono,traj/JB,brake/J,False,R1_gbm_reg,0.2,1.0,3536.0,6.0,324.91589450716225,177.28644800253983,147.62944650462242,0.04110564433111777,0.1457219544749324,,,,0.20385533929693472,-0.05813338482200231,-44.34137832163408,476.8486559394054,False,-44.22544505624347,False,4.0,-0.0056097007171818985,,,,,,
KITTI mono,KITTI,mono,traj/JB,brake/J,False,R1_gbm_reg,0.3,1.0,3536.0,6.0,460.137621922373,266.05505138712124,194.08257053525176,0.05821276751879698,0.20614729848269953,,,,0.34701381299270395,-0.14086651451000443,-106.9753385950095,513.0185941683161,False,-106.9753385950095,False,4.0,-0.01353362607008573,,,,,,
KITTI mono,KITTI,mono,traj/JB,brake/J,False,R1_gbm_reg,0.5,1.0,3536.0,6.0,622.2685254073493,443.34149938966107,178.92702601768826,0.07872421483917211,0.2787839318758841,,,,0.44350879460638365,-0.16472486273049958,-58.17441396391715,411.3318599751883,False,-53.191129397367455,False,4.0,-0.007359740812923748,,,,,,
KITTI mono,KITTI,mono,traj/JB,brake/J,False,R1_gbm_clf,0.1,1.0,3536.0,6.0,215.00772691792687,88.76860338458147,126.2391235333454,0.027200981240194693,0.10689377628306805,,,,0.13122329166944896,-0.02432951538638091,-10.1049108155058,314.60036386967715,False,-6.875746922935416,False,2.0,-0.0012783888907924462,,,,,,
KITTI mono,KITTI,mono,traj/JB,brake/J,False,R1_gbm_clf,0.2,1.0,3536.0,6.0,364.37688958235475,177.28644800253983,187.09044157981492,0.04609791973510573,0.16341986776601636,,,,0.1965353305288963,-0.03311546276287994,-21.631727190593644,486.6758164710391,False,-16.555220134984147,False,4.0,-0.002736665393095169,,,,,,
KITTI mono,KITTI,mono,traj/JB,brake/J,False,R1_gbm_clf,0.3,1.0,3536.0,6.0,484.3395208678072,266.05505138712124,218.28446948068597,0.061274589568769806,0.2169900460609322,,,,0.26995371940889634,-0.052963673347964146,-29.9833602492018,723.196367537967,False,-28.47975668929444,False,4.0,-0.003793244230556704,,,,,,
KITTI mono,KITTI,mono,traj/JB,brake/J,False,R1_gbm_clf,0.5,1.0,3536.0,6.0,913.4848201861121,443.34149938966107,470.143320796451,0.11556646736965857,0.4092524038777481,,,,0.436194655250091,-0.026942251372342907,-56.52085000564064,938.1659761450593,False,-57.48902541809504,False,4.0,-0.007150545716294916,,,,,,
KITTI mono,KITTI,mono,traj/JB,traj/JB,True,gate_ridge,0.1,1.0,3536.0,6.0,14.368853149017593,-10.770411787129712,25.139264936147306,0.0030613370517841255,0.05700292639911306,0.057002926399113,True,,0.05700292639911306,0.0,-21.672149107167158,123.71190039912086,False,-21.82720619960554,False,9.0,-0.004617331137391238,,,,,,
KITTI mono,KITTI,mono,traj/JB,traj/JB,True,gate_ridge,0.2,1.0,3536.0,6.0,75.21403696203299,-21.510398682205384,96.72443564423838,0.01602462742003004,0.2983829098023783,0.2983829098023783,True,,0.2983829098023783,0.0,-10.17350844347183,200.95663379238277,False,-10.273967429935333,False,9.0,-0.0021675034201855095,,,,,,
KITTI mono,KITTI,mono,traj/JB,traj/JB,True,gate_ridge,0.3,1.0,3536.0,6.0,57.72952012797332,-32.280810469335094,90.01033059730841,0.012299486752118786,0.2290197799909988,0.2290197799909988,True,,0.2290197799909988,0.0,-18.19926222325267,253.78075576206618,False,-18.53858440682323,False,9.0,-0.0038774198038893414,,,,,,
KITTI mono,KITTI,mono,traj/JB,traj/JB,True,gate_ridge,0.5,1.0,3536.0,6.0,56.53991812123416,-53.79120915154048,110.33112727277464,0.012046037665936404,0.22430048924934165,0.2243004892493416,True,,0.22430048924934165,0.0,-36.13303709779108,434.8346195610451,False,-36.163037551831636,False,9.0,-0.0076982765509383076,,,,,,
KITTI mono,KITTI,mono,traj/JB,traj/JB,True,gate_gbm,0.1,1.0,3536.0,6.0,14.71072650009712,-10.770411787129712,25.481138287226834,0.003134174427587421,0.058359178096259595,0.0583591780962595,True,,0.058359178096259595,0.0,-21.831564090682313,107.74637206727304,False,-21.831564090682313,False,9.0,-0.004651295086398391,,,,,,
KITTI mono,KITTI,mono,traj/JB,traj/JB,True,gate_gbm,0.2,1.0,3536.0,6.0,15.581847299393765,-21.510398682205384,37.09224598159915,0.0033197699202693787,0.06181501651927516,0.0618150165192751,True,,0.06181501651927516,0.0,-43.364607256003204,167.2606377037559,False,-43.364607256003204,False,9.0,-0.009238989190862863,,,,,,
KITTI mono,KITTI,mono,traj/JB,traj/JB,True,gate_gbm,0.3,1.0,3536.0,6.0,42.48335405755499,-32.280810469335094,74.76416452689008,0.009051234953246673,0.16853645029393594,0.1685364502939359,True,,0.16853645029393594,0.0,-39.46224665425444,201.91598141541954,False,-39.88395847123209,False,9.0,-0.008407576900984122,,,,,,
KITTI mono,KITTI,mono,traj/JB,traj/JB,True,gate_gbm,0.5,1.0,3536.0,6.0,63.61259824395454,-53.79120915154048,117.40380739549502,0.013552898198962406,0.25235864116298024,0.2523586411629802,True,,0.25235864116298024,0.0,0.49321374098722376,280.82844736855685,True,2.105267869151888,True,9.0,0.00010508100292168963,,,,,,
KITTI mono,KITTI,mono,traj/JB,traj/JB,True,R1_mlp_reg,0.1,1.0,3536.0,6.0,27.677175266258658,-10.770411787129712,38.44758705338837,0.0058967240636817134,0.109798601758677,0.109798601758677,True,,0.109798601758677,0.0,-51.58680034876089,162.9661046872074,False,-51.65244873043396,False,9.0,-0.010990757693243553,,,,,,
KITTI mono,KITTI,mono,traj/JB,traj/JB,True,R1_mlp_reg,0.2,1.0,3536.0,6.0,27.405095270588117,-21.510398682205384,48.9154939527935,0.005838756419141311,0.10871922849158093,0.1087192284915809,True,,0.10871922849158093,0.0,-71.04890488887675,198.44784372520598,False,-71.38911614716876,False,9.0,-0.015137230700967643,,,,,,
KITTI mono,KITTI,mono,traj/JB,traj/JB,True,R1_mlp_reg,0.3,1.0,3536.0,6.0,11.632241531368507,-32.280810469335094,43.9130520007036,0.002478291873817029,0.04614646701394118,0.0461464670139411,True,,0.04614646701394118,0.0,-93.39037278909882,186.31344493198256,False,-93.4344975344595,False,9.0,-0.019897162670825076,,,,,,
KITTI mono,KITTI,mono,traj/JB,traj/JB,True,R1_mlp_reg,0.5,1.0,3536.0,6.0,-55.466458917503964,-53.79120915154048,-1.6752497659634855,-0.011817333231429562,-0.22004195063473647,-0.2200419506347364,True,,-0.22004195063473647,0.0,-130.9229469201748,85.1075633373415,False,-130.9229469201748,False,9.0,-0.02789361573807304,,,,,,
KITTI mono,KITTI,mono,traj/JB,traj/JB,True,R1_mlp_clf,0.1,1.0,3536.0,6.0,49.07094082645044,-10.770411787129712,59.84135261358015,0.010454744561725156,0.19467017995494176,0.1946701799549417,True,,0.19467017995494176,0.0,-11.952193636106871,172.23176845284314,False,-12.000946860925659,False,9.0,-0.002546458847400362,,,,,,
KITTI mono,KITTI,mono,traj/JB,traj/JB,True,R1_mlp_clf,0.2,1.0,3536.0,6.0,48.79963159564015,-21.510398682205384,70.31003027784553,0.010396941131475237,0.19359386440248336,0.1935938644024833,True,,0.19359386440248336,0.0,-40.31717743602924,230.18549292694362,False,-40.31717743602924,False,9.0,-0.008589723050841384,,,,,,
KITTI mono,KITTI,mono,traj/JB,traj/JB,True,R1_mlp_clf,0.3,1.0,3536.0,6.0,15.472575118704407,-32.280810469335094,47.7533855880395,0.0032964890799681854,0.06138152095712364,0.0613815209571236,True,,0.06138152095712364,0.0,-118.34882252043839,205.394356499525,False,-118.34882252043839,False,9.0,-0.025214652252299803,,,,,,
KITTI mono,KITTI,mono,traj/JB,traj/JB,True,R1_mlp_clf,0.5,1.0,3536.0,6.0,-80.46913851801297,-53.79120915154048,-26.67792936647249,-0.017144246149330637,-0.3192305142777481,-0.3192305142777481,True,,-0.3192305142777481,0.0,-220.4836899484001,205.7366897323698,False,-221.06624447028835,False,9.0,-0.04697486169237305,,,,,,
KITTI mono,KITTI,mono,traj/JB,traj/JB,True,R1_gbm_reg,0.1,1.0,3536.0,6.0,32.19716965594078,-10.770411787129712,42.96758144307049,0.006859725505445096,0.12772994985217953,0.1277299498521795,True,,0.12772994985217953,0.0,-19.45925830494889,153.85719970427172,False,-19.45925830494889,False,9.0,-0.004145866606845441,,,,,,
KITTI mono,KITTI,mono,traj/JB,traj/JB,True,R1_gbm_reg,0.2,1.0,3536.0,6.0,31.811679832083843,-21.510398682205384,53.32207851428923,0.006777595479574543,0.12620066648982387,0.1262006664898238,True,,0.12620066648982387,0.0,-41.850136195382866,209.37235151039874,False,-42.018265828481354,False,9.0,-0.008916325556984133,,,,,,
KITTI mono,KITTI,mono,traj/JB,traj/JB,True,R1_gbm_reg,0.3,1.0,3536.0,6.0,-15.426318557705109,-32.280810469335094,16.854491911629985,-0.0032866339493877084,-0.06119801575216583,-0.0611980157521658,True,,-0.06119801575216583,0.0,-76.16827136565882,204.45528668007182,False,-76.17576414846015,False,9.0,-0.016227930572036062,,,,,,
KITTI mono,KITTI,mono,traj/JB,traj/JB,True,R1_gbm_reg,0.5,1.0,3536.0,6.0,-36.58785860934358,-53.79120915154048,17.2033505421969,-0.0077951779480661156,-0.14514832810802036,-0.1451483281080203,True,,-0.14514832810802036,0.0,-93.3653457662571,163.00541458700738,False,-93.3653457662571,False,9.0,-0.01989183057149003,,,,,,
KITTI mono,KITTI,mono,traj/JB,traj/JB,True,R1_gbm_clf,0.1,1.0,3536.0,6.0,-48.165195037204114,-10.770411787129712,-37.394783250074404,-0.010261772087487934,-0.19107698013410257,-0.1910769801341025,True,,-0.19107698013410257,0.0,-93.49907748923061,-4.213471312530598,False,-93.49907748923061,False,9.0,-0.019920322607304718,,,,,,
KITTI mono,KITTI,mono,traj/JB,traj/JB,True,R1_gbm_clf,0.2,1.0,3536.0,6.0,-48.43727503287466,-21.510398682205384,-26.926876350669275,-0.010319739732028337,-0.19215635340119866,-0.1921563534011986,True,,-0.19215635340119866,0.0,-141.51597789994312,12.681778752665323,False,-141.51597789994312,False,9.0,-0.0301504999787808,,,,,,
KITTI mono,KITTI,mono,traj/JB,traj/JB,True,R1_gbm_clf,0.3,1.0,3536.0,6.0,-84.7603626918693,-32.280810469335094,-52.47955222253421,-0.018058507254562706,-0.3362543040825143,-0.3362543040825143,True,,-0.3362543040825143,0.0,-217.83042582021776,45.858465729338164,False,-218.04111521158677,False,9.0,-0.04640957400381945,,,,,,
KITTI mono,KITTI,mono,traj/JB,traj/JB,True,R1_gbm_clf,0.5,1.0,3536.0,6.0,-132.34143164372693,-53.79120915154048,-78.55022249218646,-0.028195829129536144,-0.5250139874981182,-0.5250139874981182,True,,-0.5250139874981182,0.0,-200.12128666987294,31.13601207247723,False,-200.5197658939934,False,9.0,-0.04263657672464146,,,,,,
KITTI oracle,KITTI,oracle,brake/J,brake/J,True,gate_ridge,0.1,1.0,3536.0,6.0,117.49751779713878,124.41476224510544,-6.917244447966652,0.025623824199618887,0.06642562068705554,0.0664256206870555,True,,0.06642562068705554,0.0,-183.37192589586087,297.3248531659798,False,-183.445119131818,False,4.0,-0.03998969578585856,,,,,,
KITTI oracle,KITTI,oracle,brake/J,brake/J,True,gate_ridge,0.2,1.0,3536.0,6.0,425.43685837151685,248.47807035957499,176.95878801194186,0.09277914522220969,0.23777352976812974,0.2377735297681297,True,,0.23777352976812974,0.0,-225.94654360052652,290.08290714781526,False,-225.94654360052652,False,4.0,-0.049274355920669505,,,,,,
KITTI oracle,KITTI,oracle,brake/J,brake/J,True,gate_ridge,0.3,1.0,3536.0,6.0,567.7505968246832,372.8928326046804,194.85776422000276,0.12381488353976652,0.3173116310413345,0.3173116310413345,True,,0.3173116310413345,0.0,-168.54385103897528,365.59295938731583,False,-168.54385103897528,False,4.0,-0.036755993572611646,,,,,,
KITTI oracle,KITTI,oracle,brake/J,brake/J,True,gate_ridge,0.5,1.0,3536.0,6.0,559.033479706834,621.3709029642554,-62.33742325742139,0.12191385719688752,0.312439698424948,0.312439698424948,True,,0.312439698424948,0.0,-482.2884347136414,415.1528670105477,False,-482.9672263123308,False,4.0,-0.1051773203068691,,,,,,
KITTI oracle,KITTI,oracle,brake/J,brake/J,True,gate_gbm,0.1,1.0,3536.0,6.0,144.14889799381703,124.41476224510544,19.734135748711594,0.03143594937162416,0.08149261533444513,0.0814926153344451,True,,0.08149261533444513,0.0,-115.50486108377206,340.17465810918577,False,-115.50486108377206,False,4.0,-0.025189266208345794,,,,,,
KITTI oracle,KITTI,oracle,brake/J,brake/J,True,gate_gbm,0.2,1.0,3536.0,6.0,369.51431620237213,248.47807035957499,121.03624584279714,0.08058357363735336,0.20651883242934632,0.2065188324293463,True,,0.20651883242934632,0.0,-160.29721662054192,844.6230710940048,False,-160.29721662054192,False,4.0,-0.03495756995875035,,,,,,
KITTI oracle,KITTI,oracle,brake/J,brake/J,True,gate_gbm,0.3,1.0,3536.0,6.0,800.2893735457991,372.8928326046804,427.3965409411187,0.17452687172477482,0.4472758423242667,0.4472758423242667,True,,0.4472758423242667,0.0,-89.64334461050191,973.7829496363472,False,-89.64334461050191,False,4.0,-0.019549394285342848,,,,,,
KITTI oracle,KITTI,oracle,brake/J,brake/J,True,gate_gbm,0.5,1.0,3536.0,6.0,1165.1248328014249,621.3709029642554,543.7539298371695,0.2540900816122693,0.6511796960332302,0.6511796960332302,True,,0.6511796960332302,0.0,143.27803326740153,1054.6480560952245,True,146.99372042670677,True,4.0,0.031246031447657058,,,,,,
KITTI oracle,KITTI,oracle,brake/J,brake/J,True,R1_mlp_reg,0.1,1.0,3536.0,6.0,208.6821911968358,124.41476224510544,84.26742895173035,0.04550935101498109,0.11797563332799332,0.1179756333279933,True,,0.11797563332799332,0.0,-6.843481718978432,418.1224650820424,False,-6.896623985075507,False,4.0,-0.0014924244849424315,,,,,,
KITTI oracle,KITTI,oracle,brake/J,brake/J,True,R1_mlp_reg,0.2,1.0,3536.0,6.0,477.1630103594035,248.47807035957499,228.6849399998285,0.10405956926783706,0.26668289551175844,0.2666828955117584,True,,0.26668289551175844,0.0,-26.91647749097771,661.8091638106501,False,-27.25291805401773,False,4.0,-0.005869937512148932,,,,,,
KITTI oracle,KITTI,oracle,brake/J,brake/J,True,R1_mlp_reg,0.3,1.0,3536.0,6.0,731.2314712285746,372.8928326046804,358.3386386238942,0.15946674465361294,0.4086798888490506,0.4086798888490506,True,,0.4086798888490506,0.0,-38.31397106120946,756.8376256348258,False,-38.31397106120946,False,4.0,-0.00835549956516293,,,,,,
KITTI oracle,KITTI,oracle,brake/J,brake/J,True,R1_mlp_reg,0.5,1.0,3536.0,6.0,1042.5124848646008,621.3709029642554,421.1415819003454,0.22735081675681898,0.5826525569562542,0.5826525569562542,True,,0.5826525569562542,0.0,21.328482397797274,829.8528227607082,True,21.328482397797274,True,4.0,0.004651309182117307,,,,,,
KITTI oracle,KITTI,oracle,brake/J,brake/J,True,R1_mlp_clf,0.1,1.0,3536.0,6.0,283.1982281072653,124.41476224510544,158.7834658621599,0.06175978647644966,0.16010225945349735,0.1601022594534973,True,,0.16010225945349735,0.0,-17.253156506485336,374.9185054647088,False,-17.253156506485336,False,4.0,-0.0037625633077114804,,,,,,
KITTI oracle,KITTI,oracle,brake/J,brake/J,True,R1_mlp_clf,0.2,1.0,3536.0,6.0,452.56650770578085,248.47807035957499,204.08843734620586,0.09869557118738372,0.252936091160369,0.252936091160369,True,,0.252936091160369,0.0,16.683028241615304,641.2407948634166,True,16.683028241615304,True,4.0,0.00363822990302215,,,,,,
KITTI oracle,KITTI,oracle,brake/J,brake/J,True,R1_mlp_clf,0.3,1.0,3536.0,6.0,725.0244285730358,372.8928326046804,352.13159596835544,0.1581131146128519,0.4052108183804548,0.4052108183804548,True,,0.4052108183804548,0.0,30.413409674356053,807.0710562471274,True,30.413409674356053,True,4.0,0.006632547456467757,,,,,,
KITTI oracle,KITTI,oracle,brake/J,brake/J,True,R1_mlp_clf,0.5,1.0,3536.0,6.0,1035.7723696962587,621.3709029642554,414.4014667320033,0.22588093441890472,0.5788855561826143,0.5788855561826143,True,,0.5788855561826143,0.0,-19.639585777750153,859.6218034232675,False,-20.580355672776484,False,4.0,-0.00428299510285195,,,,,,
KITTI oracle,KITTI,oracle,brake/J,brake/J,True,R1_gbm_reg,0.1,1.0,3536.0,6.0,224.8521952448064,124.41476224510544,100.43743299970097,0.0490357007524086,0.12711712478701379,0.1271171247870137,True,,0.12711712478701379,0.0,1.7671705827358488,612.9044222363444,True,1.7787702684234468,True,4.0,0.0003853840420777308,,,,,,
KITTI oracle,KITTI,oracle,brake/J,brake/J,True,R1_gbm_reg,0.2,1.0,3536.0,6.0,528.3034346555443,248.47807035957499,279.8253642959693,0.11521225799033993,0.2952649023582704,0.2952649023582704,True,,0.2952649023582704,0.0,-18.253415937457746,921.7904164492609,False,-18.442617752012122,False,4.0,-0.003980699590875345,,,,,,
KITTI oracle,KITTI,oracle,brake/J,brake/J,True,R1_gbm_reg,0.3,1.0,3536.0,6.0,898.6301338525601,372.8928326046804,525.7373012478797,0.19597299587275802,0.5022377696657874,0.5022377696657874,True,,0.5022377696657874,0.0,-23.421811097787835,973.6800825884733,False,-23.813251443991263,False,4.0,-0.0051078216906894755,,,,,,
KITTI oracle,KITTI,oracle,brake/J,brake/J,True,R1_gbm_reg,0.5,1.0,3536.0,6.0,1050.8335994185195,621.3709029642554,429.4626964542641,0.22916548297676953,0.5873031666534573,0.5873031666534573,True,,0.5873031666534573,0.0,-88.9856600434232,978.0476422486466,False,-88.9856600434232,False,4.0,-0.019405966627962686,,,,,,
KITTI oracle,KITTI,oracle,brake/J,brake/J,True,R1_gbm_clf,0.1,1.0,3536.0,6.0,410.42397487456924,124.41476224510544,286.00921262946383,0.0895051399949732,0.23202760183377788,0.2320276018337778,True,,0.23202760183377788,0.0,79.29591225948393,570.9996433848113,True,79.54418363193996,True,4.0,0.017292829274857233,,,,,,
KITTI oracle,KITTI,oracle,brake/J,brake/J,True,R1_gbm_clf,0.2,1.0,3536.0,6.0,579.7922544730848,248.47807035957499,331.3141841135098,0.12644092470590726,0.3240416248981891,0.3240416248981891,True,,0.3240416248981891,0.0,66.216172161843,993.4314907465936,True,67.2101773976189,True,4.0,0.014440403392828784,,,,,,
KITTI oracle,KITTI,oracle,brake/J,brake/J,True,R1_gbm_clf,0.3,1.0,3536.0,6.0,949.9432520439279,372.8928326046804,577.0504194392475,0.20716334562925215,0.5309162938596554,0.5309162938596554,True,,0.5309162938596554,0.0,84.22386987798983,1069.9083651312844,True,85.73561604288024,True,4.0,0.0183675168261107,,,,,,
KITTI oracle,KITTI,oracle,brake/J,brake/J,True,R1_gbm_clf,0.5,1.0,3536.0,6.0,1143.618230446177,621.3709029642554,522.2473274819216,0.24939992808210343,0.6391598142230339,0.6391598142230339,True,,0.6391598142230339,0.0,124.66303373440161,1147.2256168323183,True,126.94755590781254,True,4.0,0.027186477812378537,,,,,,
KITTI oracle,KITTI,oracle,brake/J,traj/JB,False,gate_ridge,0.1,1.0,3536.0,6.0,114.65024411797785,93.6815404542037,20.96870366377415,0.06372004999865367,0.1222182414705837,,,,0.24015128657689935,-0.11793304510631565,-102.30679594934625,200.58976343620358,False,-106.02864682364418,False,85.0,-0.05685983665578768,,,,,,
KITTI oracle,KITTI,oracle,brake/J,traj/JB,False,gate_ridge,0.2,1.0,3536.0,6.0,394.98559569774847,187.09844378848027,207.8871519092682,0.21952418941829333,0.42105837003464386,,,,0.45505552148787864,-0.033997151453234786,-44.85149862678838,456.0033579364073,False,-50.09285155506669,False,85.0,-0.02492746314672138,,,,,,
KITTI oracle,KITTI,oracle,brake/J,traj/JB,False,gate_ridge,0.3,1.0,3536.0,6.0,503.39911877998037,280.77998424268395,222.61913453729642,0.27977800888876386,0.5366282080640007,,,,0.5366148829461159,1.332511788476598e-05,-157.13295770456693,567.0676104884853,False,-157.1761492025547,False,85.0,-0.0873309952228991,,,,,,
KITTI oracle,KITTI,oracle,brake/J,traj/JB,False,gate_ridge,0.5,1.0,3536.0,6.0,503.5589753720765,467.8784280311642,35.680547340912256,0.2798668536192687,0.5367986166987468,,,,0.5508924893857573,-0.014093872687010456,-358.4437375191238,540.4387230530689,False,-377.4813604436819,False,85.0,-0.1992150392014857,,,,,,
KITTI oracle,KITTI,oracle,brake/J,traj/JB,False,gate_gbm,0.1,1.0,3536.0,6.0,300.9340433357836,93.6815404542037,207.25250288157991,0.16725243312976343,0.3207985282376266,,,,0.32134820948429754,-0.00054968124667093,-2.8481894108267487,499.71939728526064,False,-2.972671356323854,False,85.0,-0.0015829601852113124,,,,,,
KITTI oracle,KITTI,oracle,brake/J,traj/JB,False,gate_gbm,0.2,1.0,3536.0,6.0,489.4794403544303,187.09844378848027,302.38099656595006,0.2720417619050372,0.5217896995889891,,,,0.5720618447369914,-0.05027214514800227,16.49576553260252,543.2078894231806,True,54.20180343507904,True,85.0,0.009167978773964773,,,,,,
KITTI oracle,KITTI,oracle,brake/J,traj/JB,False,gate_gbm,0.3,1.0,3536.0,6.0,579.8094445881178,280.77998424268395,299.02946034543385,0.3222451647013389,0.6180823359841744,,,,0.7894066347454927,-0.17132429876131827,26.429494060224197,611.237891502374,True,98.27278116337095,True,85.0,0.014688923655702282,,,,,,
KITTI oracle,KITTI,oracle,brake/J,traj/JB,False,gate_gbm,0.5,1.0,3536.0,6.0,765.7178851964389,467.8784280311642,297.8394571652747,0.42556893188446016,0.8162624869335836,,,,0.9631518468718469,-0.14688935993826324,18.713826586393793,574.206450012532,True,116.79147632650609,True,85.0,0.01040072766460132,,,,,,
KITTI oracle,KITTI,oracle,brake/J,traj/JB,False,R1_mlp_reg,0.1,1.0,3536.0,6.0,147.27632341678142,93.6815404542037,53.594782962577725,0.08185289760114574,0.1569979496923678,,,,0.25698232944611393,-0.09998437975374613,-7.47770300867681,192.13309218600412,False,-5.93276880673997,False,85.0,-0.004155940645862563,,,,,,
KITTI oracle,KITTI,oracle,brake/J,traj/JB,False,R1_mlp_reg,0.2,1.0,3536.0,6.0,432.1579752100831,187.09844378848027,245.05953142160286,0.2401837693373515,0.460684477159193,,,,0.40693569707550425,0.05374878008368872,-26.090268491973227,338.99661804399193,False,-27.980868629316774,False,85.0,-0.014500389646585557,,,,,,
KITTI oracle,KITTI,oracle,brake/J,traj/JB,False,R1_mlp_reg,0.3,1.0,3536.0,6.0,580.7982152848399,280.77998424268395,300.01823104215595,0.3227947014137728,0.6191363748717555,,,,0.531986065803849,0.08715030906790655,-0.19006708171838643,472.3885898113443,False,12.765514677296228,True,85.0,-0.00010563504721133592,,,,,,
KITTI oracle,KITTI,oracle,brake/J,traj/JB,False,R1_mlp_reg,0.5,1.0,3536.0,6.0,764.4835655082272,467.8784280311642,296.605137477063,0.4248829245161179,0.8149466905053568,,,,0.6960156842166821,0.1189310062886747,17.48754682361581,499.0615124638042,True,115.11685306888413,True,85.0,0.009719188707596188,,,,,,
KITTI oracle,KITTI,oracle,brake/J,traj/JB,False,R1_mlp_clf,0.1,1.0,3536.0,6.0,116.89487563870203,93.6815404542037,23.213335184498334,0.06496756616252612,0.1246110398402937,,,,0.2628628499241461,-0.1382518100838524,-56.09487548634013,99.8609233827409,False,-56.369967610477595,False,85.0,-0.031176281377820136,,,,,,
KITTI oracle,KITTI,oracle,brake/J,traj/JB,False,R1_mlp_clf,0.2,1.0,3536.0,6.0,262.95429017775893,187.09844378848027,75.85584638927867,0.14614413293569192,0.2803117531926116,,,,0.41856356327646405,-0.13825181008385246,-69.48957513874336,253.50985529103076,False,-69.73694250606532,False,85.0,-0.03862075686179556,,,,,,
KITTI oracle,KITTI,oracle,brake/J,traj/JB,False,R1_mlp_clf,0.3,1.0,3536.0,6.0,507.62494049246027,280.77998424268395,226.84495624977632,0.2821266263982698,0.541132973862284,,,,0.6917594149687517,-0.15062644110646772,-96.26808921114116,424.85074348354794,False,-103.20618371680662,False,85.0,-0.05350365806021765,,,,,,
KITTI oracle,KITTI,oracle,brake/J,traj/JB,False,R1_mlp_clf,0.5,1.0,3536.0,6.0,765.5194741997,467.8784280311642,297.64104616853575,0.4254586594752756,0.8160509789398901,,,,0.8487161634247808,-0.03266518448489075,-1.0876841875592316,537.7889341774618,False,-21.529283744392618,False,85.0,-0.0006045106257488678,,,,,,
KITTI oracle,KITTI,oracle,brake/J,traj/JB,False,R1_gbm_reg,0.1,1.0,3536.0,6.0,201.70348203448884,93.6815404542037,108.02194158028514,0.1121022991186533,0.21501781406920825,,,,0.28791598600877155,-0.0728981719395633,3.996179727659878,293.78764215547307,True,10.603039854610842,True,85.0,0.00222098761331957,,,,,,
KITTI oracle,KITTI,oracle,brake/J,traj/JB,False,R1_gbm_reg,0.2,1.0,3536.0,6.0,498.91422301022567,187.09844378848027,311.8157792217454,0.27728540379327493,0.5318472668773928,,,,0.5011601531471864,0.030687113730206383,1.6910255702274102,465.362380220937,True,40.05007718007672,True,85.0,0.0009398343170818964,,,,,,
KITTI oracle,KITTI,oracle,brake/J,traj/JB,False,R1_gbm_reg,0.3,1.0,3536.0,6.0,668.0420508510057,280.77998424268395,387.26206660832173,0.37128288045881586,0.712139126362396,,,,0.7278861024035764,-0.01574697604118047,14.38039356187812,600.6520477599257,True,72.3812095783957,True,85.0,0.00799230218664233,,,,,,
KITTI oracle,KITTI,oracle,brake/J,traj/JB,False,R1_gbm_reg,0.5,1.0,3536.0,6.0,787.3166955521255,467.8784280311642,319.43826752096123,0.4375730692185208,0.8392870224662969,,,,0.8400682521791928,-0.0007812297128958479,18.177545084951078,588.8355183397837,True,160.29873885802328,True,85.0,0.010102674360413679,,,,,,
KITTI oracle,KITTI,oracle,brake/J,traj/JB,False,R1_gbm_clf,0.1,1.0,3536.0,6.0,260.51321003698126,93.6815404542037,166.83166958277758,0.14478743500785313,0.2777095387412616,,,,0.3002695994123193,-0.022560060671057702,13.883975211549648,327.67465437144745,True,23.593531505836168,True,85.0,0.007716403933249781,,,,,,
KITTI oracle,KITTI,oracle,brake/J,traj/JB,False,R1_gbm_clf,0.2,1.0,3536.0,6.0,406.57262457603827,187.09844378848027,219.474180787558,0.225964001781019,0.4334102520935796,,,,0.45340869264812345,-0.01999844055454386,-0.3263946976491573,433.0922513377632,False,14.706531304879618,True,85.0,-0.00018140289725068732,,,,,,
KITTI oracle,KITTI,oracle,brake/J,traj/JB,False,R1_gbm_clf,0.3,1.0,3536.0,6.0,633.5118065679023,280.77998424268395,352.7318223252184,0.3520917404040163,0.675329560309594,,,,0.6800972079522944,-0.004767647642700434,1.7427610461299052,544.5568400019675,True,68.77744194996762,True,85.0,0.0009685877413469059,,,,,,
KITTI oracle,KITTI,oracle,brake/J,traj/JB,False,R1_gbm_clf,0.5,1.0,3536.0,6.0,825.5596850258582,467.8784280311642,357.681256994694,0.4588276702890311,0.8800544099063796,,,,0.843867246476792,0.03618716342958761,19.281722910235203,560.9681227777163,True,164.17841974080903,True,85.0,0.01071635178234842,,,,,,
KITTI oracle,KITTI,oracle,traj/JB,brake/J,False,gate_ridge,0.1,1.0,3536.0,6.0,179.76739211643266,124.41476224510544,55.352629871327224,0.039203620117050635,0.10162904565561909,,,,0.06642562068705554,0.035203424968563546,-138.963554942725,262.6593545064806,False,-140.14146861967797,False,4.0,-0.030305131280766305,,,,,,
KITTI oracle,KITTI,oracle,traj/JB,brake/J,False,gate_ridge,0.2,1.0,3536.0,6.0,356.46564654276716,248.47807035957499,107.98757618319217,0.07773792358733365,0.19922602696905126,,,,0.23777352976812974,-0.03854750279907848,-162.65840670674248,378.24674118181315,False,-162.65840670674248,False,4.0,-0.03547249759981886,,,,,,
KITTI oracle,KITTI,oracle,traj/JB,brake/J,False,gate_ridge,0.3,1.0,3536.0,6.0,504.58895708018065,372.8928326046804,131.69612447550026,0.11004061168010852,0.28201105533315596,,,,0.3173116310413345,-0.03530057570817852,-129.23048498249528,428.7051022658567,False,-130.9380586821013,False,4.0,-0.028182546240169037,,,,,,
KITTI oracle,KITTI,oracle,traj/JB,brake/J,False,gate_ridge,0.5,1.0,3536.0,6.0,610.3770206149762,621.3709029642554,-10.993882349279147,0.13311084153052777,0.3411352256513701,,,,0.312439698424948,0.028695527226422102,-296.5887133175562,357.251213981299,False,-296.7588215420876,False,4.0,-0.06467997956145154,,,,,,
KITTI oracle,KITTI,oracle,traj/JB,brake/J,False,gate_gbm,0.1,1.0,3536.0,6.0,383.34359412875244,124.41476224510544,258.92883188364704,0.08359945850910908,0.21671807757141537,,,,0.08149261533444513,0.13522546223697024,34.083687239772004,606.955551524355,True,34.083687239772004,True,4.0,0.007432960510830287,,,,,,
KITTI oracle,KITTI,oracle,traj/JB,brake/J,False,gate_gbm,0.2,1.0,3536.0,6.0,578.2753363993206,248.47807035957499,329.79726603974564,0.12611011565754535,0.3231938305482858,,,,0.20651883242934632,0.1166749981189395,46.84064157593497,1123.1447704717652,True,46.84064157593498,True,4.0,0.01021499336872242,,,,,,
KITTI oracle,KITTI,oracle,traj/JB,brake/J,False,gate_gbm,0.3,1.0,3536.0,6.0,970.3186217630765,372.8928326046804,597.4257891583961,0.21160680027811635,0.5423039380731757,,,,0.4472758423242667,0.09502809574890897,42.560405854576786,1288.6706203415984,True,42.306904109618664,True,4.0,0.009281560818714271,,,,,,
KITTI oracle,KITTI,oracle,traj/JB,brake/J,False,gate_gbm,0.5,1.0,3536.0,6.0,1178.2290644578268,621.3709029642554,556.8581614935714,0.2569478486062449,0.6585035546847084,,,,0.6511796960332302,0.007323858651478221,10.240443656486264,1332.9867776015894,True,10.240443656486264,True,4.0,0.0022332329473797293,,,,,,
KITTI oracle,KITTI,oracle,traj/JB,brake/J,False,R1_mlp_reg,0.1,1.0,3536.0,6.0,278.36767810716134,124.41476224510544,153.9529158620559,0.06070634155003141,0.157371373831124,,,,0.11797563332799332,0.03939574050313069,28.95586784152773,364.08920412364,True,28.95586784152773,True,4.0,0.0063146871613042055,,,,,,
KITTI oracle,KITTI,oracle,traj/JB,brake/J,False,R1_mlp_reg,0.2,1.0,3536.0,6.0,458.0136852507592,248.47807035957499,209.5356148911842,0.09988349006782865,0.2559804786097803,,,,0.26668289551175844,-0.010702416901978151,-1.7690533290824912,612.2333896235534,False,-1.899499475855464,False,4.0,-0.00038579463084848365,,,,,,
KITTI oracle,KITTI,oracle,traj/JB,brake/J,False,R1_mlp_reg,0.3,1.0,3536.0,6.0,738.7898844255039,372.8928326046804,365.89705182082355,0.1611150811854585,0.4129042303698092,,,,0.4086798888490506,0.004224341520758623,-27.061024322378994,744.7884727829353,False,-27.213014536685343,False,4.0,-0.005901460242721277,,,,,,
KITTI oracle,KITTI,oracle,traj/JB,brake/J,False,R1_mlp_reg,0.5,1.0,3536.0,6.0,885.800996948768,621.3709029642554,264.4300939845126,0.1931752214617005,0.4950676594473883,,,,0.5826525569562542,-0.08758489750886589,-70.61440193924109,553.7216471676655,False,-70.61440193924109,False,4.0,-0.015399568051950816,,,,,,
KITTI oracle,KITTI,oracle,traj/JB,brake/J,False,R1_mlp_clf,0.1,1.0,3536.0,6.0,393.14107689512304,124.41476224510544,268.72631465001757,0.08573609067556653,0.22225695095468562,,,,0.16010225945349735,0.06215469150118827,7.0269752757049035,624.9090440437268,True,7.001884121763702,True,4.0,0.001532440705944135,,,,,,
KITTI oracle,KITTI,oracle,traj/JB,brake/J,False,R1_mlp_clf,0.2,1.0,3536.0,6.0,562.5093564936385,248.47807035957499,314.0312861340635,0.12267187538650058,0.3143823403854993,,,,0.252936091160369,0.061446249225130256,15.520282037708808,893.4978523203716,True,15.491574425514841,True,4.0,0.003384658552101239,,,,,,
KITTI oracle,KITTI,oracle,traj/JB,brake/J,False,R1_mlp_clf,0.3,1.0,3536.0,6.0,834.3097601324964,372.8928326046804,461.41692752781603,0.1819460276477592,0.46628958606466314,,,,0.4052108183804548,0.061078767684208335,16.96480586789018,976.7770193436102,True,16.733306937498398,True,4.0,0.0036996798850678914,,,,,,
KITTI oracle,KITTI,oracle,traj/JB,brake/J,False,R1_mlp_clf,0.5,1.0,3536.0,6.0,1076.6339703812596,621.3709029642554,455.2630674170042,0.23479202030478022,0.6017228041447175,,,,0.5788855561826143,0.02283724796210318,-34.64911435887082,965.4177947866378,False,-35.621876212778105,False,4.0,-0.007556268691029458,,,,,,
KITTI oracle,KITTI,oracle,traj/JB,brake/J,False,R1_gbm_reg,0.1,1.0,3536.0,6.0,322.913917626375,124.41476224510544,198.49915538126956,0.0704209723915541,0.18255498336444867,,,,0.12711712478701379,0.055437858577434884,33.48149324686776,539.7550964748738,True,33.48149324686776,True,4.0,0.007301634221581471,,,,,,
KITTI oracle,KITTI,oracle,traj/JB,brake/J,False,R1_gbm_reg,0.2,1.0,3536.0,6.0,524.937123913054,248.47807035957499,276.45905355347907,0.11447813393151698,0.2933834960536965,,,,0.2952649023582704,-0.001881406304573896,18.63581083067426,818.4763006577521,True,18.25890492625681,True,4.0,0.004064092156967925,,,,,,
KITTI oracle,KITTI,oracle,traj/JB,brake/J,False,R1_gbm_reg,0.3,1.0,3536.0,6.0,855.6492548459946,372.8928326046804,482.7564222413142,0.18659973839245284,0.47821607264346805,,,,0.5022377696657874,-0.02402169702231932,-12.5057954951334,983.6424879363058,False,-12.619503026718434,False,4.0,-0.002727260211547102,,,,,,
KITTI oracle,KITTI,oracle,traj/JB,brake/J,False,R1_gbm_reg,0.5,1.0,3536.0,6.0,1047.5474165290732,621.3709029642554,426.1765135648178,0.22844883317662354,0.5854665432163667,,,,0.5873031666534573,-0.0018366234370905676,5.586248226224627,940.0829828921311,True,5.56208690940176,True,4.0,0.0012182473737985498,,,,,,
KITTI oracle,KITTI,oracle,traj/JB,brake/J,False,R1_gbm_clf,0.1,1.0,3536.0,6.0,354.5545038058985,124.41476224510544,230.13974156079306,0.07732114214013364,0.20044255763223714,,,,0.23202760183377788,-0.031585044201540735,45.89953863144174,516.9401539062387,True,45.89953863144174,True,4.0,0.01000975791476949,,,,,,
KITTI oracle,KITTI,oracle,traj/JB,brake/J,False,R1_gbm_clf,0.2,1.0,3536.0,6.0,535.0452207048025,248.47807035957499,286.56715034522756,0.11668250471347406,0.2990328369749599,,,,0.3240416248981891,-0.025008787923229192,62.12915521597353,759.9902092390746,True,62.12915521597353,True,4.0,0.013549107936675983,,,,,,
KITTI oracle,KITTI,oracle,traj/JB,brake/J,False,R1_gbm_clf,0.3,1.0,3536.0,6.0,820.9191043229491,372.8928326046804,448.02627171826873,0.17902579735852156,0.4588056470615085,,,,0.5309162938596554,-0.07211064679814694,35.65893640434138,862.1161842353222,True,35.62022010994033,True,4.0,0.0077764903863567734,,,,,,
KITTI oracle,KITTI,oracle,traj/JB,brake/J,False,R1_gbm_clf,0.5,1.0,3536.0,6.0,1023.2837877278105,621.3709029642554,401.9128847635551,0.22315742812820552,0.5719057796117666,,,,0.6391598142230339,-0.06725403461126733,-43.017411391275346,850.1696554318881,False,-44.01103739023904,False,4.0,-0.009381224452041695,,,,,,
KITTI oracle,KITTI,oracle,traj/JB,traj/JB,True,gate_ridge,0.1,1.0,3536.0,6.0,225.28063978006827,93.6815404542037,131.5990993258646,0.12520595783244132,0.24015128657689935,0.2401512865768993,True,,0.24015128657689935,0.0,-72.66484497456577,355.4651431663039,False,-101.86168784318488,False,85.0,-0.040385501056231114,,,,,,
KITTI oracle,KITTI,oracle,traj/JB,traj/JB,True,gate_ridge,0.2,1.0,3536.0,6.0,426.8775757044104,187.09844378848027,239.77913191593012,0.23724904099810698,0.45505552148787864,0.4550555214878786,True,,0.45505552148787864,0.0,-82.93351903384787,531.782842977526,False,-84.65709385318101,False,85.0,-0.04609260119815512,,,,,,
KITTI oracle,KITTI,oracle,traj/JB,traj/JB,True,gate_ridge,0.3,1.0,3536.0,6.0,503.3866187799804,280.77998424268395,222.60663453729643,0.27977106166740284,0.5366148829461159,0.5366148829461159,True,,0.5366148829461159,0.0,-157.47813969795223,568.3398058937306,False,-157.92062748351321,False,85.0,-0.0875228396803301,,,,,,
KITTI oracle,KITTI,oracle,traj/JB,traj/JB,True,gate_ridge,0.5,1.0,3536.0,6.0,516.7801273432605,467.8784280311642,48.90169931209624,0.2872148751705943,0.5508924893857573,0.5508924893857573,True,,0.5508924893857573,0.0,-338.12415379374875,541.2963279308929,False,-359.6525123057212,False,85.0,-0.18792186751316045,,,,,,
KITTI oracle,KITTI,oracle,traj/JB,traj/JB,True,gate_gbm,0.1,1.0,3536.0,6.0,301.44968722297756,93.6815404542037,207.76814676877387,0.1675390165079871,0.32134820948429754,0.3213482094842975,True,,0.32134820948429754,0.0,20.72419183833844,436.90849754362364,True,51.39884518844506,True,85.0,0.011518043858343137,,,,,,
KITTI oracle,KITTI,oracle,traj/JB,traj/JB,True,gate_gbm,0.2,1.0,3536.0,6.0,536.6386339756225,187.09844378848027,349.54019018714223,0.29825179048854683,0.5720618447369914,0.5720618447369914,True,,0.5720618447369914,0.0,29.795912491467202,700.4399241964838,True,103.88372841224736,True,85.0,0.016559903978556712,,,,,,
KITTI oracle,KITTI,oracle,traj/JB,traj/JB,True,gate_gbm,0.3,1.0,3536.0,6.0,740.5250009566339,280.77998424268395,459.74501671394995,0.41156728840153145,0.7894066347454927,0.7894066347454927,True,,0.7894066347454927,0.0,26.569705554223024,837.7222955275691,True,193.15690241880918,True,85.0,0.014766850078595874,,,,,,
KITTI oracle,KITTI,oracle,traj/JB,traj/JB,True,gate_gbm,0.5,1.0,3536.0,6.0,903.5115629045966,467.8784280311642,435.6331348734324,0.5021515863795272,0.9631518468718469,0.9631518468718469,True,,0.9631518468718469,0.0,18.925691191855975,844.5864152890712,True,195.43704444403784,True,85.0,0.010518477289618284,,,,,,
KITTI oracle,KITTI,oracle,traj/JB,traj/JB,True,R1_mlp_reg,0.1,1.0,3536.0,6.0,241.06947089477592,93.6815404542037,147.38793044057223,0.13398103821529864,0.25698232944611393,0.2569823294461139,True,,0.25698232944611393,0.0,8.693185861644025,302.4822679177197,True,16.70505147254527,True,85.0,0.00483147892107006,,,,,,
KITTI oracle,KITTI,oracle,traj/JB,traj/JB,True,R1_mlp_reg,0.2,1.0,3536.0,6.0,381.73742682474574,187.09844378848027,194.63898303626547,0.2121611524751738,0.40693569707550425,0.4069356970755042,True,,0.40693569707550425,0.0,-6.399523789453027,387.5745348609496,False,-11.753350333162695,False,85.0,-0.0035567126696381666,,,,,,
KITTI oracle,KITTI,oracle,traj/JB,traj/JB,True,R1_mlp_reg,0.3,1.0,3536.0,6.0,499.04442723023436,280.77998424268395,218.2644429875504,0.2773577683963581,0.531986065803849,0.531986065803849,True,,0.531986065803849,0.0,-7.593047579418774,448.0270391573763,False,-7.794713686598936,False,85.0,-0.004220046587121511,,,,,,
KITTI oracle,KITTI,oracle,traj/JB,traj/JB,True,R1_mlp_reg,0.5,1.0,3536.0,6.0,652.9170044112474,467.8784280311642,185.03857638008316,0.3628767168017929,0.6960156842166821,0.6960156842166821,True,,0.6960156842166821,0.0,-30.09644119791494,454.2541862743252,False,-30.135774091709873,False,85.0,-0.016726931134479515,,,,,,
KITTI oracle,KITTI,oracle,traj/JB,traj/JB,True,R1_mlp_clf,0.1,1.0,3536.0,6.0,246.58585781243113,93.6815404542037,152.90431735822744,0.13704692309769978,0.2628628499241461,0.2628628499241461,True,,0.2628628499241461,0.0,3.4659506737330332,289.9080427613637,True,35.2952142378745,True,85.0,0.0019262981245454286,,,,,,
KITTI oracle,KITTI,oracle,traj/JB,traj/JB,True,R1_mlp_clf,0.2,1.0,3536.0,6.0,392.6452723514881,187.09844378848027,205.5468285630078,0.21822348987086562,0.41856356327646405,0.418563563276464,True,,0.41856356327646405,0.0,17.525551775065075,451.07585701534566,True,77.58495031488036,True,85.0,0.009740311012438834,,,,,,
KITTI oracle,KITTI,oracle,traj/JB,traj/JB,True,R1_mlp_clf,0.3,1.0,3536.0,6.0,648.9242918469407,280.77998424268395,368.14430760425677,0.3606576561605781,0.6917594149687517,0.6917594149687517,True,,0.6917594149687517,0.0,13.959431277269765,559.9260561872117,True,127.65295139177084,True,85.0,0.007758340732576958,,,,,,
KITTI oracle,KITTI,oracle,traj/JB,traj/JB,True,R1_mlp_clf,0.5,1.0,3536.0,6.0,796.1619652901392,467.8784280311642,328.28353725897495,0.44248907296795753,0.8487161634247808,0.8487161634247808,True,,0.8487161634247808,0.0,17.3978379382244,593.5354779608031,True,126.8752813155773,True,85.0,0.009669330508806992,,,,,,
KITTI oracle,KITTI,oracle,traj/JB,traj/JB,True,R1_gbm_reg,0.1,1.0,3536.0,6.0,270.0876537265424,93.6815404542037,176.4061132723387,0.1501086973854573,0.28791598600877155,0.2879159860087715,True,,0.28791598600877155,0.0,13.262554470650343,359.2973796792539,True,30.654874250967246,True,85.0,0.007371032137621,,,,,,
KITTI oracle,KITTI,oracle,traj/JB,traj/JB,True,R1_gbm_reg,0.2,1.0,3536.0,6.0,470.127316586841,187.09844378848027,283.02887279836074,0.26128628289548517,0.5011601531471864,0.5011601531471864,True,,0.5011601531471864,0.0,29.704344034352257,515.0434577409208,True,97.99545749666451,True,85.0,0.016509012271255508,,,,,,
KITTI oracle,KITTI,oracle,traj/JB,traj/JB,True,R1_gbm_reg,0.3,1.0,3536.0,6.0,682.8139427185206,280.77998424268395,402.03395847583664,0.3794927686767962,0.7278861024035764,0.7278861024035764,True,,0.7278861024035764,0.0,25.81186221618379,630.9544505759922,True,175.44161978622193,True,85.0,0.01434565764448893,,,,,,
KITTI oracle,KITTI,oracle,traj/JB,traj/JB,True,R1_gbm_reg,0.5,1.0,3536.0,6.0,788.0495499625474,467.8784280311642,320.1711219313832,0.4379803733636892,0.8400682521791928,0.8400682521791928,True,,0.8400682521791928,0.0,17.782863320293018,621.6115320307998,True,156.1270874111479,True,85.0,0.009883319033514512,,,,,,
KITTI oracle,KITTI,oracle,traj/JB,traj/JB,True,R1_gbm_clf,0.1,1.0,3536.0,6.0,281.6763067411316,93.6815404542037,187.99476628692793,0.15654941240693437,0.3002695994123193,0.3002695994123193,True,,0.3002695994123193,0.0,21.521060403023725,352.6458545545213,True,49.35773665686356,True,85.0,0.011960925643504023,,,,,,
KITTI oracle,KITTI,oracle,traj/JB,traj/JB,True,R1_gbm_clf,0.2,1.0,3536.0,6.0,425.3327217920433,187.09844378848027,238.23427800356302,0.23639044563013417,0.45340869264812345,0.4534086926481234,True,,0.45340869264812345,0.0,21.669126906329026,463.93120424817425,True,80.81016715761457,True,85.0,0.012043217705473216,,,,,,
KITTI oracle,KITTI,oracle,traj/JB,traj/JB,True,R1_gbm_clf,0.3,1.0,3536.0,6.0,637.9842319565107,280.77998424268395,357.20424771382676,0.3545774147396428,0.6800972079522944,0.6800972079522944,True,,0.6800972079522944,0.0,25.362115938620583,597.0197871723155,True,143.81545028515131,True,85.0,0.014095698688766634,,,,,,
KITTI oracle,KITTI,oracle,traj/JB,traj/JB,True,R1_gbm_clf,0.5,1.0,3536.0,6.0,791.6133029537683,467.8784280311642,323.7348749226041,0.4399610278361714,0.843867246476792,0.843867246476792,True,,0.843867246476792,0.0,17.683487491430657,596.8476735858651,True,145.87318249008104,True,85.0,0.009828088163031138,,,,,,
nuPlan real perception,nuPlan,n/a,pdm_closed/safety,pdm_closed/safety,True,gate_ridge,0.1,1.0,384.0,9.0,138.70781635280167,10.374520426637886,128.33329592616377,0.33294613357345487,0.8449951726962819,0.8449951726962819,True,,0.8449951726962819,0.0,0.0,178.34300038060317,False,93.71297194756481,True,319.0,0.0,,,,,,
nuPlan real perception,nuPlan,n/a,pdm_closed/safety,pdm_closed/safety,True,gate_ridge,0.2,1.0,384.0,9.0,162.85680724453601,21.022054548713612,141.8347526958224,0.3909119595702616,0.9921085889806255,0.9921085889806256,True,,0.9921085889806255,0.0,0.0,334.0972293761462,False,129.87101836161997,True,319.0,0.0,,,,,,
nuPlan real perception,nuPlan,n/a,pdm_closed/safety,pdm_closed/safety,True,gate_ridge,0.3,1.0,384.0,9.0,162.85680724453601,31.396574975351502,131.4602322691845,0.3909119595702616,0.9921085889806255,0.9921085889806256,True,,0.9921085889806255,0.0,0.0,370.75540536211093,False,119.05937558829208,True,319.0,0.0,,,,,,
nuPlan real perception,nuPlan,n/a,pdm_closed/safety,pdm_closed/safety,True,gate_ridge,0.5,1.0,384.0,9.0,150.83725904813022,52.41862952406511,98.41862952406511,0.3620609387372726,0.9188866143939853,0.9188866143939852,True,,0.9188866143939853,0.0,0.0,306.605001455549,False,75.1852682773515,True,319.0,0.0,,,,,,
nuPlan real perception,nuPlan,n/a,pdm_closed/safety,pdm_closed/safety,True,gate_gbm,0.1,1.0,384.0,9.0,152.18358045023922,10.374520426637886,141.80906002360132,0.3652925699255198,0.9270882797045129,0.9270882797045128,True,,0.9270882797045129,0.0,-0.09238150956639928,212.15239575009645,False,95.80906002360133,True,319.0,-0.0002217471749795195,,,,,,
nuPlan real perception,nuPlan,n/a,pdm_closed/safety,pdm_closed/safety,True,gate_gbm,0.2,1.0,384.0,9.0,162.85680724453601,21.022054548713612,141.8347526958224,0.3909119595702616,0.9921085889806255,0.9921085889806256,True,,0.9921085889806255,0.0,0.0,359.1214472515585,False,129.87101836161997,True,319.0,0.0,,,,,,
nuPlan real perception,nuPlan,n/a,pdm_closed/safety,pdm_closed/safety,True,gate_gbm,0.3,1.0,384.0,9.0,162.85680724453601,31.396574975351502,131.4602322691845,0.3909119595702616,0.9921085889806255,0.9921085889806256,True,,0.9921085889806255,0.0,0.0,370.39985031746033,False,119.51679846532008,True,319.0,0.0,,,,,,
nuPlan real perception,nuPlan,n/a,pdm_closed/safety,pdm_closed/safety,True,gate_gbm,0.5,1.0,384.0,9.0,162.85680724453601,52.41862952406511,110.4381777204709,0.3909119595702616,0.9921085889806255,0.9921085889806256,True,,0.9921085889806255,0.0,0.0,307.61444942127184,False,87.20481647375729,True,319.0,0.0,,,,,,
nuPlan real perception,nuPlan,n/a,pdm_closed/safety,pdm_closed/safety,True,R1_mlp_reg,0.1,1.0,384.0,9.0,0.5476963752037687,10.374520426637886,-9.826824051434118,0.001314658360942525,0.0033365156003415685,0.0033365156003415,True,,0.0033365156003415685,0.0,-19.60746202278949,5.158086085933874,False,-19.778714560533054,False,319.0,-0.047064605595633066,,,,,,
nuPlan real perception,nuPlan,n/a,pdm_closed/safety,pdm_closed/safety,True,R1_mlp_reg,0.2,1.0,384.0,9.0,23.54769637520377,21.022054548713612,2.5256418264901583,0.05652251379074785,0.1434503857702971,0.1434503857702971,True,,0.1434503857702971,0.0,-40.746166370159095,7.857688229422813,False,-60.57780766661545,False,319.0,-0.09780471575141474,,,,,,
nuPlan real perception,nuPlan,n/a,pdm_closed/safety,pdm_closed/safety,True,R1_mlp_reg,0.3,1.0,384.0,9.0,35.045799596591294,31.396574975351502,3.6492246212397923,0.084121888589154,0.2134957658556118,0.2134957658556118,True,,0.2134957658556118,0.0,-23.296084109458775,23.0,False,-23.56984165647144,False,319.0,-0.05591855841719936,,,,,,
nuPlan real perception,nuPlan,n/a,pdm_closed/safety,pdm_closed/safety,True,R1_mlp_reg,0.5,1.0,384.0,9.0,81.79817542112704,52.41862952406511,29.37954589706193,0.1963435583944103,0.4983069100476104,0.4983069100476104,True,,0.4983069100476104,0.0,-0.4667224934272495,70.72581428755112,False,6.8802304771694125,True,319.0,-0.0011202933888247763,,,,,,
nuPlan real perception,nuPlan,n/a,pdm_closed/safety,pdm_closed/safety,True,R1_mlp_clf,0.1,1.0,384.0,9.0,11.324992682409459,10.374520426637886,0.9504722557715723,0.027183850380611507,0.06899080671212239,0.0689908067121223,True,,0.06899080671212239,0.0,-34.5,25.98997500755094,False,-22.250695730340517,False,319.0,-0.082811783144708,,,,,,
nuPlan real perception,nuPlan,n/a,pdm_closed/safety,pdm_closed/safety,True,R1_mlp_clf,0.2,1.0,384.0,9.0,-10.952303624796231,21.022054548713612,-31.97435817350984,-0.02628926935396014,-0.06672041948463618,-0.0667204194846361,True,,-0.06672041948463618,0.0,-61.43199544472453,2.8308033475084513,False,-66.32641093573682,False,319.0,-0.14745777057725265,,,,,,
nuPlan real perception,nuPlan,n/a,pdm_closed/safety,pdm_closed/safety,True,R1_mlp_clf,0.3,1.0,384.0,9.0,12.047696375203769,31.396574975351502,-19.348878600147735,0.028918586075845187,0.07339345068531931,0.0733934506853193,True,,0.07339345068531931,0.0,-96.22617527334309,29.695660252412317,False,-104.36120972768785,False,319.0,-0.23097568578494926,,,,,,
nuPlan real perception,nuPlan,n/a,pdm_closed/safety,pdm_closed/safety,True,R1_mlp_clf,0.5,1.0,384.0,9.0,58.77931180482873,52.41862952406511,6.360682280763619,0.1410904238428015,0.3580781244739611,0.3580781244739611,True,,0.3580781244739611,0.0,-36.25622219954051,61.19495789934561,False,-57.512298608234005,False,319.0,-0.08702731624448395,,,,,,
nuPlan real perception,nuPlan,n/a,pdm_closed/safety,pdm_closed/safety,True,R1_gbm_reg,0.1,1.0,384.0,9.0,11.791715175836709,10.374520426637886,1.4171947491988224,0.028304143769436282,0.07183403692296864,0.0718340369229686,True,,0.07183403692296864,0.0,-66.3361829191825,2.4138530850491335,False,-66.48966900235119,False,319.0,-0.15922949549423257,,,,,,
nuPlan real perception,nuPlan,n/a,pdm_closed/safety,pdm_closed/safety,True,R1_gbm_reg,0.2,1.0,384.0,9.0,11.791715175836709,21.022054548713612,-9.230339372876903,0.028304143769436282,0.07183403692296864,0.0718340369229686,True,,0.07183403692296864,0.0,-28.810422848960123,0.7479527138257203,False,-28.95431605193076,False,319.0,-0.06915485476160654,,,,,,
nuPlan real perception,nuPlan,n/a,pdm_closed/safety,pdm_closed/safety,True,R1_gbm_reg,0.3,1.0,384.0,9.0,-0.20896940427076682,31.396574975351502,-31.60554437962227,-0.0005015979417492626,-0.001273022259977703,-0.0012730222599777,True,,-0.001273022259977703,0.0,-74.56632867612595,0.6534114907981492,False,-82.1959127339468,False,319.0,-0.17898465623838733,,,,,,
nuPlan real perception,nuPlan,n/a,pdm_closed/safety,pdm_closed/safety,True,R1_gbm_reg,0.5,1.0,384.0,9.0,47.02522738407414,52.41862952406511,-5.393402139990968,0.11287660673798643,0.28647333062629565,0.2864733306262956,True,,0.28647333062629565,0.0,-71.03212036714984,17.373236613295425,False,-74.38029016011373,False,319.0,-0.17050134922183213,,,,,,
nuPlan real perception,nuPlan,n/a,pdm_closed/safety,pdm_closed/safety,True,R1_gbm_clf,0.1,1.0,384.0,9.0,0.0,10.374520426637886,-10.374520426637886,0.0,0.0,0.0,True,,0.0,0.0,-31.46464704957957,0.8413187674455267,False,-31.55844911933701,False,319.0,-0.07552589936795824,,,,,,
nuPlan real perception,nuPlan,n/a,pdm_closed/safety,pdm_closed/safety,True,R1_gbm_clf,0.2,1.0,384.0,9.0,11.323095903796979,21.022054548713612,-9.698958644916633,0.027179297464114977,0.06897925171245935,0.0689792517124593,True,,0.06897925171245935,0.0,-29.053808457525648,1.9016253481394116,False,-41.480597861484505,False,319.0,-0.06973906334818832,,,,,,
nuPlan real perception,nuPlan,n/a,pdm_closed/safety,pdm_closed/safety,True,R1_gbm_clf,0.3,1.0,384.0,9.0,11.289133817116753,31.396574975351502,-20.10744115823475,0.02709777685665687,0.06877235782533699,0.0687723578253369,True,,0.06877235782533699,0.0,-41.069052387683726,0.9788207848265926,False,-41.24511604583943,False,319.0,-0.09857975247210193,,,,,,
nuPlan real perception,nuPlan,n/a,pdm_closed/safety,pdm_closed/safety,True,R1_gbm_clf,0.5,1.0,384.0,9.0,22.789133817116753,52.41862952406511,-29.629495706948358,0.05470170457155953,0.13882929291031473,0.1388292929103147,True,,0.13882929291031473,0.0,-94.3856172688298,0.4667224934272495,False,-105.02563016718308,False,319.0,-0.22655771794915186,,,,,,
nuPlan real perception,nuPlan,n/a,pdm_closed/safety,pdm_closed/scalar_J,False,gate_ridge,0.1,1.0,384.0,9.0,145.37210008366367,10.715844401534403,134.65625568212926,0.2964524438135635,0.8383660618283683,,,,0.8383660618283683,0.0,0.0905998901610525,188.82861550356094,True,98.4211794367379,True,319.0,0.0001847573147256383,,,,,,
nuPlan real perception,nuPlan,n/a,pdm_closed/safety,pdm_closed/scalar_J,False,gate_ridge,0.2,1.0,384.0,9.0,171.34788853220675,21.713684708372345,149.6342038238344,0.3494239972349073,0.9881693559402288,,,,0.9881693559402288,0.0,0.16121263752211337,352.10090283538585,True,136.61990378087484,True,319.0,0.0003287555200726673,,,,,,
nuPlan real perception,nuPlan,n/a,pdm_closed/safety,pdm_closed/scalar_J,False,gate_ridge,0.3,1.0,384.0,9.0,170.80627771367682,32.42952910990675,138.37674860377007,0.34831950847360676,0.9850458671228198,,,,0.9850458671228198,0.0,0.279920757098334,392.12203924438114,True,123.93864678471589,True,319.0,0.0005708330035005757,,,,,,
nuPlan real perception,nuPlan,n/a,pdm_closed/safety,pdm_closed/scalar_J,False,gate_ridge,0.5,1.0,384.0,9.0,156.13723478196204,54.143213818279094,101.99402096368294,0.3184054216370666,0.9004489757910216,,,,0.9004489757910216,0.0,0.19993591305492506,320.64403281432743,True,77.56135197960967,True,319.0,0.0004077225959941221,,,,,,
nuPlan real perception,nuPlan,n/a,pdm_closed/safety,pdm_closed/scalar_J,False,gate_gbm,0.1,1.0,384.0,9.0,160.76712359736234,10.715844401534403,150.05127919582793,0.3278469984810455,0.9271497089484603,,,,0.9260728535035636,0.0010768554448966627,0.0,223.86887435138863,False,102.61565497629113,True,319.0,0.0,,,,,,
nuPlan real perception,nuPlan,n/a,pdm_closed/safety,pdm_closed/scalar_J,False,gate_gbm,0.2,1.0,384.0,9.0,171.55640902815063,21.713684708372345,149.84272431977828,0.3498492260826174,0.9893719010427233,,,,0.9893573565223529,1.4544520370418645e-05,0.0,380.6043912882588,False,136.94056948828342,True,319.0,0.0,,,,,,
nuPlan real perception,nuPlan,n/a,pdm_closed/safety,pdm_closed/scalar_J,False,gate_gbm,0.3,1.0,384.0,9.0,171.55640902815063,32.42952910990675,139.12687991824387,0.3498492260826174,0.9893719010427233,,,,0.9892972766301558,7.46244125675588e-05,0.0,391.1017318592237,False,126.28245452973407,True,319.0,0.0,,,,,,
nuPlan real perception,nuPlan,n/a,pdm_closed/safety,pdm_closed/scalar_J,False,gate_gbm,0.5,1.0,384.0,9.0,171.23518810582974,54.143213818279094,117.09197428755064,0.34919417103855277,0.9875194085804967,,,,0.9891381096854984,-0.0016187011050017297,0.0,326.17557413033916,False,92.89802926553926,True,319.0,0.0,,,,,,
nuPlan real perception,nuPlan,n/a,pdm_closed/safety,pdm_closed/scalar_J,False,R1_mlp_reg,0.1,1.0,384.0,9.0,0.465165336151955,10.715844401534403,-10.250679065382448,0.0009485960552282163,0.002682625006754015,,,,0.0027194656959144505,-3.684068916043554e-05,-20.70114172386148,5.671598375899425,False,-20.798642552809007,False,319.0,-0.04221514341636247,,,,,,
nuPlan real perception,nuPlan,n/a,pdm_closed/safety,pdm_closed/scalar_J,False,R1_mlp_reg,0.2,1.0,384.0,9.0,24.354004477929557,21.713684708372345,2.6403197695572125,0.04966430381052202,0.14045040838071166,,,,0.14051048827290885,-6.007989219719567e-05,-42.34307626669672,8.383512573905781,False,-62.997837922391895,False,319.0,-0.08634881404768924,,,,,,
nuPlan real perception,nuPlan,n/a,pdm_closed/safety,pdm_closed/scalar_J,False,R1_mlp_reg,0.3,1.0,384.0,9.0,36.69112780217426,32.42952910990675,4.261598692267505,0.07482298527000969,0.2115990365541052,,,,0.14058513072765688,0.07101390582644831,-23.445678597081407,23.69218753752361,False,-23.51884199530629,False,319.0,-0.04781198533261897,,,,,,
nuPlan real perception,nuPlan,n/a,pdm_closed/safety,pdm_closed/scalar_J,False,R1_mlp_reg,0.5,1.0,384.0,9.0,85.3567372776723,54.143213818279094,31.2135234593932,0.17406512905402977,0.4922553340071232,,,,0.4326660328493792,0.05958930115774397,-0.09874908161236537,74.10219272430562,False,8.743876490936408,True,319.0,-0.00020137568729820173,,,,,,
nuPlan real perception,nuPlan,n/a,pdm_closed/safety,pdm_closed/scalar_J,False,R1_mlp_clf,0.1,1.0,384.0,9.0,12.644814229598758,10.715844401534403,1.9289698280643552,0.025786145194130857,0.07292309254746275,,,,0.13528005769650828,-0.062356965149045526,-32.9500179451528,27.657589717969213,False,-21.979363228679688,False,319.0,-0.06719386552109817,,,,,,
nuPlan real perception,nuPlan,n/a,pdm_closed/safety,pdm_closed/scalar_J,False,R1_mlp_clf,0.2,1.0,384.0,9.0,-10.674157565157024,21.713684708372345,-32.38784227352937,-0.02176745120983113,-0.061558245606178834,,,,0.2775625847881968,-0.3391208303943756,-64.91373271442632,3.2340193002714077,False,-66.88267541513827,False,319.0,-0.13237639608409765,,,,,,
nuPlan real perception,nuPlan,n/a,pdm_closed/safety,pdm_closed/scalar_J,False,R1_mlp_clf,0.3,1.0,384.0,9.0,12.767607344225189,32.42952910990675,-19.661921765681562,0.026036553070838523,0.07363124479861516,,,,0.6756298141283948,-0.6019985693297797,-98.94869202767644,28.27203465844607,False,-108.87388207802911,False,319.0,-0.20178274611757321,,,,,,
nuPlan real perception,nuPlan,n/a,pdm_closed/safety,pdm_closed/scalar_J,False,R1_mlp_clf,0.5,1.0,384.0,9.0,59.46266503461771,54.143213818279094,5.319451216338614,0.12126021674746859,0.3429233001532044,,,,0.6083287024985333,-0.26540540234532894,-38.92217752039072,62.12156159222102,False,-59.758629891302775,False,319.0,-0.079372690067933,,,,,,
nuPlan real perception,nuPlan,n/a,pdm_closed/safety,pdm_closed/scalar_J,False,R1_gbm_reg,0.1,1.0,384.0,9.0,11.09043361383672,10.715844401534403,0.37458921230231645,0.022616348982245005,0.06395892435653204,,,,0.06438962487940961,-0.00043070052287756677,-72.40224244868847,0.9320812789871017,False,-72.75888287077382,False,319.0,-0.14764746260900882,,,,,,
nuPlan real perception,nuPlan,n/a,pdm_closed/safety,pdm_closed/scalar_J,False,R1_gbm_reg,0.2,1.0,384.0,9.0,11.208777279488457,21.713684708372345,-10.504907428883888,0.022857683247018798,0.0646414164774939,,,,0.06457820953947828,6.320693801561972e-05,-32.361365816338754,0.6674753636798475,False,-32.449659650862245,False,319.0,-0.06599344699482972,,,,,,
nuPlan real perception,nuPlan,n/a,pdm_closed/safety,pdm_closed/scalar_J,False,R1_gbm_reg,0.3,1.0,384.0,9.0,-1.6247885865489091,32.42952910990675,-34.05431769645566,-0.0033133768232391256,-0.009370213457910724,,,,0.13478272651832518,-0.1441529399762359,-79.5636056790351,0.06888360450633557,False,-86.96774764733411,False,319.0,-0.16225139025022084,,,,,,
nuPlan real perception,nuPlan,n/a,pdm_closed/safety,pdm_closed/scalar_J,False,R1_gbm_reg,0.5,1.0,384.0,9.0,47.42804310927946,54.143213818279094,-6.715170708999636,0.09671841623632814,0.2735192082859715,,,,0.13110605615109652,0.14241315213487496,-76.92835347176822,16.85502725526748,False,-79.91238661963698,False,319.0,-0.15687740888474735,,,,,,
nuPlan real perception,nuPlan,n/a,pdm_closed/safety,pdm_closed/scalar_J,False,R1_gbm_clf,0.1,1.0,384.0,9.0,-0.5810937197405269,10.715844401534403,-11.29693812127493,-0.0011850049163673862,-0.00335118811031615,,,,0.00167663892314626,-0.00502782703346241,-32.480409115121844,0.504440876837155,False,-33.0390237187055,False,319.0,-0.06623620799796281,,,,,,
nuPlan real perception,nuPlan,n/a,pdm_closed/safety,pdm_closed/scalar_J,False,R1_gbm_clf,0.2,1.0,384.0,9.0,11.404254492939872,21.713684708372345,-10.309430215432473,0.023256313366582227,0.06576874050682367,,,,0.07226030595436043,-0.006491565447536762,-32.90394445254572,1.5068320864673586,False,-43.89148882069111,False,319.0,-0.06709990939423108,,,,,,
nuPlan real perception,nuPlan,n/a,pdm_closed/safety,pdm_closed/scalar_J,False,R1_gbm_clf,0.3,1.0,384.0,9.0,10.462776007013339,32.42952910990675,-21.966753102893414,0.02133638789401778,0.060339200656411476,,,,0.06495091189024785,-0.004611711233836371,-45.92891500941927,2.4860644139415986,False,-46.229822185655856,False,319.0,-0.09366129462539065,,,,,,
nuPlan real perception,nuPlan,n/a,pdm_closed/safety,pdm_closed/scalar_J,False,R1_gbm_clf,0.5,1.0,384.0,9.0,22.477990325903875,54.143213818279094,-31.66522349237522,0.04583861112480879,0.12963136816829884,,,,0.26776602692924495,-0.1381346587609461,-100.4087313142527,1.1185463746573,False,-110.39398428789043,False,319.0,-0.20476015522372387,,,,,,
nuPlan real perception,nuPlan,n/a,pdm_closed/safety,idm/scalar_J,False,gate_ridge,0.1,1.0,384.0,9.0,0.34035762745174264,1.1840149027250237,-0.8436572752732812,0.0008688197740106708,0.026285748924041594,,,,0.0,0.026285748924041594,-3.2891347879653487,21.652613607341596,False,-3.478252272918515,False,346.0,-0.00839606670362004,,,,,,
nuPlan real perception,nuPlan,n/a,pdm_closed/safety,idm/scalar_J,False,gate_ridge,0.2,1.0,384.0,9.0,12.141672188495122,2.399188092363864,9.742484096131257,0.030993649138700882,0.9376988230124277,,,,0.056206833299475525,0.8814919897129522,-2.2902902748904674,28.63330065322473,False,-4.032629587866107,False,346.0,-0.005846349012205706,,,,,,
nuPlan real perception,nuPlan,n/a,pdm_closed/safety,idm/scalar_J,False,gate_ridge,0.3,1.0,384.0,9.0,12.154534616249366,3.5832029950888877,8.571331621160478,0.031026482636978384,0.9386921856381841,,,,0.056206833299475525,0.8824853523387086,-0.6872511229345397,25.226840366235347,False,7.554948781324044,True,346.0,-0.001754323444392988,,,,,,
nuPlan real perception,nuPlan,n/a,pdm_closed/safety,idm/scalar_J,False,gate_ridge,0.5,1.0,384.0,9.0,11.170945853150393,5.9823910874527515,5.188554765697641,0.02851570779913154,0.8627298296160791,,,,0.0628085946015181,0.799921235014561,-1.5139184402957175,17.259658169124084,False,4.176327324960975,True,346.0,-0.0038645300445185543,,,,,,
nuPlan real perception,nuPlan,n/a,pdm_closed/safety,idm/scalar_J,False,gate_gbm,0.1,1.0,384.0,9.0,12.096216037887475,1.1840149027250237,10.912201135162451,0.030877614711048953,0.9341882539358012,,,,0.0,0.9341882539358012,-2.72167642009511,31.737204530558795,False,-3.1051171966697937,False,346.0,-0.006947534303671436,,,,,,
nuPlan real perception,nuPlan,n/a,pdm_closed/safety,idm/scalar_J,False,gate_gbm,0.2,1.0,384.0,9.0,12.17512786058464,2.399188092363864,9.775939768220775,0.031079050337674486,0.9402825976238981,,,,0.0,0.9402825976238981,-0.2897341034896745,28.84145013082095,False,2.925138938488096,True,346.0,-0.0007395947615505523,,,,,,
nuPlan real perception,nuPlan,n/a,pdm_closed/safety,idm/scalar_J,False,gate_gbm,0.3,1.0,384.0,9.0,12.17512786058464,3.5832029950888877,8.591924865495752,0.031079050337674486,0.9402825976238981,,,,0.0,0.9402825976238981,-0.19899532250268928,25.34251979404939,False,7.899092849147117,True,346.0,-0.0005079688456533277,,,,,,
nuPlan real perception,nuPlan,n/a,pdm_closed/safety,idm/scalar_J,False,gate_gbm,0.5,1.0,384.0,9.0,12.890052359642585,5.9823910874527515,6.907661272189833,0.03290401470341148,0.9954960682976172,,,,0.026285748924041594,0.9692103193735756,0.17017881372587132,18.865886843019634,True,6.064059064797954,True,346.0,0.0004344098870053354,,,,,,
nuPlan real perception,nuPlan,n/a,pdm_closed/safety,idm/scalar_J,False,R1_mlp_reg,0.1,1.0,384.0,9.0,0.17593033877435013,1.1840149027250237,-1.0080845639506737,0.00044909161672077887,0.013587063547737956,,,,0.026285748924041594,-0.012698685376303639,-3.264778228539877,0.19671775261979485,False,-3.314315309721623,False,346.0,-0.008333892511685068,,,,,,
nuPlan real perception,nuPlan,n/a,pdm_closed/safety,idm/scalar_J,False,R1_mlp_reg,0.2,1.0,384.0,9.0,0.17593033877435013,2.399188092363864,-2.223257753589514,0.00044909161672077887,0.013587063547737956,,,,0.030775317321001854,-0.017188253773263898,-6.764221058234026,9.470288811133402,False,-6.874294336746622,False,346.0,-0.01726680566900578,,,,,,
nuPlan real perception,nuPlan,n/a,pdm_closed/safety,idm/scalar_J,False,R1_mlp_reg,0.3,1.0,384.0,9.0,12.212460199325356,3.5832029950888877,8.629257204236469,0.031174347376706168,0.9431657663962063,,,,0.03428588639762831,0.908879879998578,-3.0228369340144923,25.225114218258234,False,-5.967142819646618,False,346.0,-0.0077162968890830816,,,,,,
nuPlan real perception,nuPlan,n/a,pdm_closed/safety,idm/scalar_J,False,R1_mlp_reg,0.5,1.0,384.0,9.0,11.235441667712228,5.9823910874527515,5.253050580259477,0.02868034415369713,0.867710827988047,,,,0.03428588639762831,0.8334249415904187,-1.5427504565663797,17.926499005678828,False,4.22640713138748,True,346.0,-0.003938128588638446,,,,,,
nuPlan real perception,nuPlan,n/a,pdm_closed/safety,idm/scalar_J,False,R1_mlp_clf,0.1,1.0,384.0,9.0,12.133548376628191,1.1840149027250237,10.949533473903168,0.030972911750080635,0.9370714227081094,,,,0.9370714227081094,0.0,-0.07184492773000208,32.22105615664995,False,10.462233982780543,True,346.0,-0.0001833961951772143,,,,,,
nuPlan real perception,nuPlan,n/a,pdm_closed/safety,idm/scalar_J,False,R1_mlp_clf,0.2,1.0,384.0,9.0,12.219030430811202,2.399188092363864,9.819842338447337,0.031191118991543972,0.9436731840101519,,,,0.937578840322055,0.006094343688096915,-0.2917638294116742,28.73682920833023,False,9.219140940892247,True,346.0,-0.0007447759764686914,,,,,,
nuPlan real perception,nuPlan,n/a,pdm_closed/safety,idm/scalar_J,False,R1_mlp_clf,0.3,1.0,384.0,9.0,12.219030430811202,3.5832029950888877,8.635827435722314,0.031191118991543972,0.9436731840101519,,,,0.937578840322055,0.006094343688096915,-1.3433261915635089,25.463575834326843,False,7.2010952484239,True,346.0,-0.0034290647955063105,,,,,,
nuPlan real perception,nuPlan,n/a,pdm_closed/safety,idm/scalar_J,False,R1_mlp_clf,0.5,1.0,384.0,9.0,11.235441667712228,5.9823910874527515,5.253050580259477,0.02868034415369713,0.867710827988047,,,,0.9437931667005246,-0.0760823387124776,-1.7129292702922512,17.623517765168422,False,4.099283003434632,True,346.0,-0.004372538475643782,,,,,,
nuPlan real perception,nuPlan,n/a,pdm_closed/safety,idm/scalar_J,False,R1_gbm_reg,0.1,1.0,384.0,9.0,11.754304830054647,1.1840149027250237,10.570289927329624,0.030004829163255843,0.9077825223213869,,,,0.0,0.9077825223213869,-0.18204557685268477,31.76363576272082,False,10.395301449281792,True,346.0,-0.00046470178478141225,,,,,,
nuPlan real perception,nuPlan,n/a,pdm_closed/safety,idm/scalar_J,False,R1_gbm_reg,0.2,1.0,384.0,9.0,11.799760980662294,2.399188092363864,9.400572888298429,0.03012086359090777,0.9112930913980134,,,,0.0,0.9112930913980134,-0.5046001076858782,28.387186611071858,False,9.004916499330228,True,346.0,-0.0012880761768371534,,,,,,
nuPlan real perception,nuPlan,n/a,pdm_closed/safety,idm/scalar_J,False,R1_gbm_reg,0.3,1.0,384.0,9.0,10.81617221756332,3.5832029950888877,7.232969222474432,0.027610088753060927,0.8353307353759084,,,,0.0,0.8353307353759084,-1.9190092367309812,24.52652085676849,False,6.198981538243856,True,346.0,-0.00489859205995727,,,,,,
nuPlan real perception,nuPlan,n/a,pdm_closed/safety,idm/scalar_J,False,R1_gbm_reg,0.5,1.0,384.0,9.0,10.90794646801473,5.9823910874527515,4.9255553805619785,0.027844357877963962,0.8424184416897618,,,,-0.025209024497524733,0.8676274661872865,-1.8573832285096314,17.326214823489707,False,4.019930942597992,True,346.0,-0.004741281366094109,,,,,,
nuPlan real perception,nuPlan,n/a,pdm_closed/safety,idm/scalar_J,False,R1_gbm_clf,0.1,1.0,384.0,9.0,11.793190749176448,1.1840149027250237,10.609175846451425,0.030104091976069964,0.9107856737840677,,,,0.0,0.9107856737840677,-0.18204557685268477,31.858942582031013,False,10.405985997195508,True,346.0,-0.00046470178478141225,,,,,,
nuPlan real perception,nuPlan,n/a,pdm_closed/safety,idm/scalar_J,False,R1_gbm_clf,0.2,1.0,384.0,9.0,12.848472875686136,2.399188092363864,10.449284783322272,0.03279787611581762,0.9922848933818283,,,,0.05920998476215632,0.933074908619672,-0.16336216411333698,29.127697839672802,False,9.177523920863157,True,346.0,-0.0004170092486820126,,,,,,
nuPlan real perception,nuPlan,n/a,pdm_closed/safety,idm/scalar_J,False,R1_gbm_clf,0.3,1.0,384.0,9.0,11.864884112587163,3.5832029950888877,8.281681117498275,0.030287101277970782,0.9163225373597234,,,,0.08998530208315816,0.8263372352765652,-1.138773929122344,25.38915263604357,False,6.862281792062559,True,346.0,-0.0029069109311781133,,,,,,
nuPlan real perception,nuPlan,n/a,pdm_closed/safety,idm/scalar_J,False,R1_gbm_clf,0.5,1.0,384.0,9.0,11.884316771827253,5.9823910874527515,5.901925684374501,0.03033670639108609,0.9178233175994255,,,,0.9932782560075849,-0.07545493840815942,-0.9835887630989743,17.944390410163244,False,4.748158107549656,True,346.0,-0.002510774837846845,,,,,,
nuPlan real perception,nuPlan,n/a,pdm_closed/scalar_J,pdm_closed/safety,False,gate_ridge,0.1,1.0,384.0,9.0,138.70781635280167,10.374520426637886,128.33329592616377,0.33294613357345487,0.8449951726962819,,,,0.8449951726962819,0.0,0.0,178.39620851527565,False,93.75908101755101,True,319.0,0.0,,,,,,
nuPlan real perception,nuPlan,n/a,pdm_closed/scalar_J,pdm_closed/safety,False,gate_ridge,0.2,1.0,384.0,9.0,162.85680724453601,21.022054548713612,141.8347526958224,0.3909119595702616,0.9921085889806255,,,,0.9921085889806255,0.0,0.0,334.0333304837518,False,129.87101836161997,True,319.0,0.0,,,,,,
nuPlan real perception,nuPlan,n/a,pdm_closed/scalar_J,pdm_closed/safety,False,gate_ridge,0.3,1.0,384.0,9.0,162.85680724453601,31.396574975351502,131.4602322691845,0.3909119595702616,0.9921085889806255,,,,0.9921085889806255,0.0,0.0,370.88739084231,False,119.0161138852126,True,319.0,0.0,,,,,,
nuPlan real perception,nuPlan,n/a,pdm_closed/scalar_J,pdm_closed/safety,False,gate_ridge,0.5,1.0,384.0,9.0,150.83725904813022,52.41862952406511,98.41862952406511,0.3620609387372726,0.9188866143939853,,,,0.9188866143939853,0.0,0.0,306.11822971211717,False,75.1852682773515,True,319.0,0.0,,,,,,
nuPlan real perception,nuPlan,n/a,pdm_closed/scalar_J,pdm_closed/safety,False,gate_gbm,0.1,1.0,384.0,9.0,152.18358045023922,10.374520426637886,141.80906002360132,0.3652925699255198,0.9270882797045129,,,,0.9270882797045129,0.0,-0.09276109556866582,246.3794459580355,False,130.0278204132959,True,319.0,-0.00022265831102892428,,,,,,
nuPlan real perception,nuPlan,n/a,pdm_closed/scalar_J,pdm_closed/safety,False,gate_gbm,0.2,1.0,384.0,9.0,162.85680724453601,21.022054548713612,141.8347526958224,0.3909119595702616,0.9921085889806255,,,,0.9921085889806255,0.0,0.0,370.8832955645563,False,129.87101836161997,True,319.0,0.0,,,,,,
nuPlan real perception,nuPlan,n/a,pdm_closed/scalar_J,pdm_closed/safety,False,gate_gbm,0.3,1.0,384.0,9.0,162.85680724453601,31.396574975351502,131.4602322691845,0.3909119595702616,0.9921085889806255,,,,0.9921085889806255,0.0,0.0,370.3998503174604,False,119.51679846532008,True,319.0,0.0,,,,,,
nuPlan real perception,nuPlan,n/a,pdm_closed/scalar_J,pdm_closed/safety,False,gate_gbm,0.5,1.0,384.0,9.0,162.85680724453601,52.41862952406511,110.4381777204709,0.3909119595702616,0.9921085889806255,,,,0.9921085889806255,0.0,0.0,307.6144494212719,False,86.70413189364982,True,319.0,0.0,,,,,,
nuPlan real perception,nuPlan,n/a,pdm_closed/scalar_J,pdm_closed/safety,False,R1_mlp_reg,0.1,1.0,384.0,9.0,0.5476963752037687,10.374520426637886,-9.826824051434118,0.001314658360942525,0.0033365156003415685,,,,0.0033365156003415685,0.0,-20.074443709402956,5.113054657857101,False,-20.07444370940296,False,319.0,-0.04818552113662971,,,,,,
nuPlan real perception,nuPlan,n/a,pdm_closed/scalar_J,pdm_closed/safety,False,R1_mlp_reg,0.2,1.0,384.0,9.0,23.54769637520377,21.022054548713612,2.5256418264901583,0.05652251379074785,0.1434503857702971,,,,0.1434503857702971,0.0,-26.786204973547825,5.614794888923036,False,-37.885923536754525,False,319.0,-0.0642960405083809,,,,,,
nuPlan real perception,nuPlan,n/a,pdm_closed/scalar_J,pdm_closed/safety,False,R1_mlp_reg,0.3,1.0,384.0,9.0,23.54769637520377,31.396574975351502,-7.8488786001477315,0.05652251379074785,0.1434503857702971,,,,0.2134957658556118,-0.07004538008531472,-23.290393773621346,26.674066443787048,False,-23.567944877858963,False,319.0,-0.0559048996677098,,,,,,
nuPlan real perception,nuPlan,n/a,pdm_closed/scalar_J,pdm_closed/safety,False,R1_mlp_reg,0.5,1.0,384.0,9.0,70.79886000123452,52.41862952406511,18.380230477169405,0.16994144467579053,0.43130009906060124,,,,0.4983069100476104,-0.06700681098700917,-0.46672249342724975,67.5069469024104,False,6.646869230455792,True,319.0,-0.001120293388824777,,,,,,
nuPlan real perception,nuPlan,n/a,pdm_closed/scalar_J,pdm_closed/safety,False,R1_mlp_clf,0.1,1.0,384.0,9.0,22.82309590379698,10.374520426637886,12.448575477159093,0.05478322517901764,0.1390361867974371,,,,0.06899080671212239,0.0700453800853147,-0.1393685223428592,38.34274060268021,False,0.7429749294588301,True,319.0,-0.0003345320536073985,,,,,,
nuPlan real perception,nuPlan,n/a,pdm_closed/scalar_J,pdm_closed/safety,False,R1_mlp_clf,0.2,1.0,384.0,9.0,46.545799596591294,21.022054548713612,25.523745047877682,0.11172581630405666,0.28355270094058954,,,,-0.06672041948463618,0.35027312042522574,-8.917597004805824,74.23466526239024,False,-17.388998668301937,False,319.0,-0.021405278531416737,,,,,,
nuPlan real perception,nuPlan,n/a,pdm_closed/scalar_J,pdm_closed/safety,False,R1_mlp_clf,0.3,1.0,384.0,9.0,113.75161931735336,31.396574975351502,82.35504434200186,0.27304273713820415,0.6929643313327761,,,,0.07339345068531931,0.6195708806474568,-0.2800334960563497,156.98650775651657,False,36.738723052635976,True,319.0,-0.0006721760332948658,,,,,,
nuPlan real perception,nuPlan,n/a,pdm_closed/scalar_J,pdm_closed/safety,False,R1_mlp_clf,0.5,1.0,384.0,9.0,102.25161931735336,52.41862952406511,49.83298979328825,0.24543880942330148,0.6229073962477983,,,,0.3580781244739611,0.26482927177383725,-0.4667224934272495,131.14592077241912,False,26.832989793288256,True,319.0,-0.0011202933888247763,,,,,,
nuPlan real perception,nuPlan,n/a,pdm_closed/scalar_J,pdm_closed/safety,False,R1_gbm_reg,0.1,1.0,384.0,9.0,11.791715175836709,10.374520426637886,1.4171947491988224,0.028304143769436282,0.07183403692296864,,,,0.07183403692296864,0.0,-32.038426841946794,2.5131969155295977,False,-42.44824389224335,False,319.0,-0.07690316683863448,,,,,,
nuPlan real perception,nuPlan,n/a,pdm_closed/scalar_J,pdm_closed/safety,False,R1_gbm_reg,0.2,1.0,384.0,9.0,11.791715175836709,21.022054548713612,-9.230339372876903,0.028304143769436282,0.07183403692296864,,,,0.07183403692296864,0.0,-28.6473438855934,4.0706682171814546,False,-28.810422848960123,False,319.0,-0.06876340955146774,,,,,,
nuPlan real perception,nuPlan,n/a,pdm_closed/scalar_J,pdm_closed/safety,False,R1_gbm_reg,0.3,1.0,384.0,9.0,23.291715175836707,31.396574975351502,-8.104859799514795,0.05590807148433894,0.14189097200794637,,,,-0.001273022259977703,0.14316399426792406,-25.458504852004282,0.9795031276532407,False,-25.458504852004282,False,319.0,-0.061109106753410865,,,,,,
nuPlan real perception,nuPlan,n/a,pdm_closed/scalar_J,pdm_closed/safety,False,R1_gbm_reg,0.5,1.0,384.0,9.0,22.791030595729232,52.41862952406511,-29.62759892833588,0.05470625748805606,0.13884084790997778,,,,0.28647333062629565,-0.14763248271631788,-87.84746553811243,0.4667224934272495,False,-94.4411023797681,False,319.0,-0.21086392075230073,,,,,,
nuPlan real perception,nuPlan,n/a,pdm_closed/scalar_J,pdm_closed/safety,False,R1_gbm_clf,0.1,1.0,384.0,9.0,0.0,10.374520426637886,-10.374520426637886,0.0,0.0,,,,0.0,0.0,-31.11300363775997,3.4689760192022447,False,-31.46464704957957,False,319.0,-0.07468183507915042,,,,,,
nuPlan real perception,nuPlan,n/a,pdm_closed/scalar_J,pdm_closed/safety,False,R1_gbm_clf,0.2,1.0,384.0,9.0,12.22270369279431,21.022054548713612,-8.799350855919302,0.029338663410136346,0.07445957905817467,,,,0.06897925171245935,0.0054803273457153245,-41.31223496271182,0.0,False,-41.5733439979989,False,319.0,-0.0991634737088497,,,,,,
nuPlan real perception,nuPlan,n/a,pdm_closed/scalar_J,pdm_closed/safety,False,R1_gbm_clf,0.3,1.0,384.0,9.0,11.720122334074354,31.396574975351502,-19.676452641277148,0.028132296497356934,0.07139789996054303,,,,0.06877235782533699,0.0026255421352060493,-82.38893263599174,23.0,False,-93.24981059703907,False,319.0,-0.1977615774775566,,,,,,
nuPlan real perception,nuPlan,n/a,pdm_closed/scalar_J,pdm_closed/safety,False,R1_gbm_clf,0.5,1.0,384.0,9.0,46.220122334074354,52.41862952406511,-6.198507189990757,0.11094407964206493,0.2815687052154763,,,,0.13882929291031473,0.14273941230516154,-104.16365313326787,34.03911153774059,False,-104.63037562669513,False,319.0,-0.2500283436183409,,,,,,
nuPlan real perception,nuPlan,n/a,pdm_closed/scalar_J,pdm_closed/scalar_J,True,gate_ridge,0.1,1.0,384.0,9.0,145.37210008366367,10.715844401534403,134.65625568212926,0.2964524438135635,0.8383660618283683,0.8383660618283683,True,,0.8383660618283683,0.0,0.0905998901610525,188.83857038392793,True,98.63841335318182,True,319.0,0.0001847573147256383,,,,,,
nuPlan real perception,nuPlan,n/a,pdm_closed/scalar_J,pdm_closed/scalar_J,True,gate_ridge,0.2,1.0,384.0,9.0,171.34788853220675,21.713684708372345,149.6342038238344,0.3494239972349073,0.9881693559402288,0.9881693559402288,True,,0.9881693559402288,0.0,0.16121263752211337,352.10090283538585,True,136.61990378087484,True,319.0,0.0003287555200726673,,,,,,
nuPlan real perception,nuPlan,n/a,pdm_closed/scalar_J,pdm_closed/scalar_J,True,gate_ridge,0.3,1.0,384.0,9.0,170.80627771367682,32.42952910990675,138.37674860377007,0.34831950847360676,0.9850458671228198,0.9850458671228198,True,,0.9850458671228198,0.0,0.279920757098334,392.1825446134445,True,123.93864678471589,True,319.0,0.0005708330035005757,,,,,,
nuPlan real perception,nuPlan,n/a,pdm_closed/scalar_J,pdm_closed/scalar_J,True,gate_ridge,0.5,1.0,384.0,9.0,156.13723478196204,54.143213818279094,101.99402096368294,0.3184054216370666,0.9004489757910216,0.9004489757910216,True,,0.9004489757910216,0.0,0.19993591305492506,319.61799148909023,True,77.56135197960967,True,319.0,0.0004077225959941221,,,,,,
nuPlan real perception,nuPlan,n/a,pdm_closed/scalar_J,pdm_closed/scalar_J,True,gate_gbm,0.1,1.0,384.0,9.0,160.5803976018351,10.715844401534403,149.8645532003007,0.32746621442643176,0.9260728535035636,0.9260728535035636,True,,0.9260728535035636,0.0,0.0,259.4557639146586,False,137.35489073224804,True,319.0,0.0,,,,,,
nuPlan real perception,nuPlan,n/a,pdm_closed/scalar_J,pdm_closed/scalar_J,True,gate_gbm,0.2,1.0,384.0,9.0,171.55388701829452,21.713684708372345,149.84020230992218,0.34984408303257736,0.9893573565223529,0.9893573565223528,True,,0.9893573565223529,0.0,0.0,392.6139776875238,False,136.94056948828342,True,319.0,0.0,,,,,,
nuPlan real perception,nuPlan,n/a,pdm_closed/scalar_J,pdm_closed/scalar_J,True,gate_gbm,0.3,1.0,384.0,9.0,171.54346920619648,32.42952910990675,139.11394009628972,0.34982283833807354,0.9892972766301558,0.9892972766301558,True,,0.9892972766301558,0.0,0.0,391.09435498039454,False,126.28245452973407,True,319.0,0.0,,,,,,
nuPlan real perception,nuPlan,n/a,pdm_closed/scalar_J,pdm_closed/scalar_J,True,gate_gbm,0.5,1.0,384.0,9.0,171.5158697671659,54.143213818279094,117.3726559488868,0.34976655572852333,0.9891381096854984,0.9891381096854984,True,,0.9891381096854984,0.0,0.0,326.6460412964288,False,91.8265720966533,True,319.0,0.0,,,,,,
nuPlan real perception,nuPlan,n/a,pdm_closed/scalar_J,pdm_closed/scalar_J,True,R1_mlp_reg,0.1,1.0,384.0,9.0,0.4715534863832538,10.715844401534403,-10.244290915151149,0.0009616231955558776,0.0027194656959144505,0.0027194656959144,True,,0.0027194656959144505,0.0,-21.201563304309907,5.5789717913414085,False,-21.211742730850595,False,319.0,-0.04323563634709405,,,,,,
nuPlan real perception,nuPlan,n/a,pdm_closed/scalar_J,pdm_closed/scalar_J,True,R1_mlp_reg,0.2,1.0,384.0,9.0,24.3644222900276,21.713684708372345,2.6507375816552567,0.04968554850502584,0.14051048827290885,0.1405104882729088,True,,0.14051048827290885,0.0,-26.976777019796646,6.133767960864871,False,-39.07374244608029,False,319.0,-0.055012835813266235,,,,,,
nuPlan real perception,nuPlan,n/a,pdm_closed/scalar_J,pdm_closed/scalar_J,True,R1_mlp_reg,0.3,1.0,384.0,9.0,24.377365240483464,32.42952910990675,-8.052163869423289,0.049711942629418276,0.14058513072765688,0.1405851307276568,True,,0.14058513072765688,0.0,-23.684171180729805,28.052695675035054,False,-23.765846220304837,False,319.0,-0.048298335252674386,,,,,,
nuPlan real perception,nuPlan,n/a,pdm_closed/scalar_J,pdm_closed/scalar_J,True,R1_mlp_reg,0.5,1.0,384.0,9.0,75.02399332936996,54.143213818279094,20.880779511090864,0.15299391117239264,0.4326660328493792,0.4326660328493792,True,,0.4326660328493792,0.0,-0.05029834290689937,74.12867060003185,False,8.69357814802951,True,319.0,-0.0001025717222626722,,,,,,
nuPlan real perception,nuPlan,n/a,pdm_closed/scalar_J,pdm_closed/scalar_J,True,R1_mlp_clf,0.1,1.0,384.0,9.0,23.457469215645137,10.715844401534403,12.741624814110734,0.04783602954526555,0.13528005769650828,0.1352800576965082,True,,0.13528005769650828,0.0,-0.442300241654914,40.45964071199753,False,0.24413344728736774,True,319.0,-0.0009019680355616173,,,,,,
nuPlan real perception,nuPlan,n/a,pdm_closed/scalar_J,pdm_closed/scalar_J,True,R1_mlp_clf,0.2,1.0,384.0,9.0,48.12916182140329,21.713684708372345,26.415477113030942,0.0981481840906338,0.2775625847881968,0.2775625847881968,True,,0.2775625847881968,0.0,-9.103284796914817,77.88569558452434,False,-17.64398589488656,False,319.0,-0.018564023105005174,,,,,,
nuPlan real perception,nuPlan,n/a,pdm_closed/scalar_J,pdm_closed/scalar_J,True,R1_mlp_clf,0.3,1.0,384.0,9.0,117.15374635368696,32.42952910990675,84.7242172437802,0.2389077022927849,0.6756298141283948,0.6756298141283948,True,,0.6756298141283948,0.0,-1.2064573945231407,164.1453228272876,False,37.92622615472985,True,319.0,-0.0024602880659871655,,,,,,
nuPlan real perception,nuPlan,n/a,pdm_closed/scalar_J,pdm_closed/scalar_J,True,R1_mlp_clf,0.5,1.0,384.0,9.0,105.4837797590695,54.143213818279094,51.34056594079041,0.21510953115674195,0.6083287024985333,0.6083287024985333,True,,0.6083287024985333,0.0,-0.13885731473206653,135.57319500474352,False,27.44902141209915,True,319.0,-0.0002831670607359972,,,,,,
nuPlan real perception,nuPlan,n/a,pdm_closed/scalar_J,pdm_closed/scalar_J,True,R1_gbm_reg,0.1,1.0,384.0,9.0,11.165116789085126,10.715844401534403,0.44927238755072274,0.022768647874545557,0.06438962487940961,0.0643896248794096,True,,0.06438962487940961,0.0,-36.57494281803146,1.0295022803865155,False,-48.21414502903694,False,319.0,-0.07458605313197392,,,,,,
nuPlan real perception,nuPlan,n/a,pdm_closed/scalar_J,pdm_closed/scalar_J,True,R1_gbm_reg,0.2,1.0,384.0,9.0,11.197817239790345,21.713684708372345,-10.515867468582,0.022835332805971793,0.06457820953947828,0.0645782095394782,True,,0.06457820953947828,0.0,-32.32185217567573,2.9360530260234996,False,-32.36020418388725,False,319.0,-0.0659128681538294,,,,,,
nuPlan real perception,nuPlan,n/a,pdm_closed/scalar_J,pdm_closed/scalar_J,True,R1_gbm_reg,0.3,1.0,384.0,9.0,23.371232330468885,32.42952910990675,-9.058296779437867,0.047660169560146966,0.13478272651832518,0.1347827265183251,True,,0.13478272651832518,0.0,-27.844415637891732,0.40865202298904646,False,-27.925716554105577,False,319.0,-0.056782182122037186,,,,,,
nuPlan real perception,nuPlan,n/a,pdm_closed/scalar_J,pdm_closed/scalar_J,True,R1_gbm_reg,0.5,1.0,384.0,9.0,22.73370021062882,54.143213818279094,-31.409513607650272,0.04636007170899494,0.13110605615109652,0.1311060561510965,True,,0.13110605615109652,0.0,-92.1528786793318,0.13715328928297083,False,-98.57035521096978,False,319.0,-0.1879242720798579,,,,,,
nuPlan real perception,nuPlan,n/a,pdm_closed/scalar_J,pdm_closed/scalar_J,True,R1_gbm_clf,0.1,1.0,384.0,9.0,0.29072803926273716,10.715844401534403,-10.425116362271666,0.0005928719312368895,0.00167663892314626,0.0016766389231462,True,,0.00167663892314626,0.0,-31.631772667132687,3.7308781081488362,False,-31.876361300343344,False,319.0,-0.06450561217681929,,,,,,
nuPlan real perception,nuPlan,n/a,pdm_closed/scalar_J,pdm_closed/scalar_J,True,R1_gbm_clf,0.2,1.0,384.0,9.0,12.529887488961796,21.713684708372345,-9.183797219410549,0.025551778949839506,0.07226030595436043,0.0722603059543604,True,,0.07226030595436043,0.0,-44.632466021484454,0.45643102842572597,False,-44.83788079562903,False,319.0,-0.09101748972381939,,,,,,
nuPlan real perception,nuPlan,n/a,pdm_closed/scalar_J,pdm_closed/scalar_J,True,R1_gbm_clf,0.3,1.0,384.0,9.0,11.262443571776314,32.42952910990675,-21.167085538130436,0.022967123115397888,0.06495091189024785,0.0649509118902478,True,,0.06495091189024785,0.0,-89.70503396945026,23.512955048286106,False,-98.8579489726746,False,319.0,-0.18293246453286055,,,,,,
nuPlan real perception,nuPlan,n/a,pdm_closed/scalar_J,pdm_closed/scalar_J,True,R1_gbm_clf,0.5,1.0,384.0,9.0,46.430445408144536,54.143213818279094,-7.712768410134558,0.0946840487320131,0.26776602692924495,0.2677660269292449,True,,0.26776602692924495,0.0,-109.17172373922355,34.75700055347184,False,-110.238147225541,False,319.0,-0.22263023151764325,,,,,,
nuPlan real perception,nuPlan,n/a,pdm_closed/scalar_J,idm/scalar_J,False,gate_ridge,0.1,1.0,384.0,9.0,0.34035762745174264,1.1840149027250237,-0.8436572752732812,0.0008688197740106708,0.026285748924041594,,,,0.0,0.026285748924041594,-3.2690099198178593,21.652613607341596,False,-3.478252272918515,False,346.0,-0.008344694611486228,,,,,,
nuPlan real perception,nuPlan,n/a,pdm_closed/scalar_J,idm/scalar_J,False,gate_ridge,0.2,1.0,384.0,9.0,12.141672188495122,2.399188092363864,9.742484096131257,0.030993649138700882,0.9376988230124277,,,,0.056206833299475525,0.8814919897129522,-2.2902902748904674,28.673487912604276,False,-4.025785318353797,False,346.0,-0.005846349012205706,,,,,,
nuPlan real perception,nuPlan,n/a,pdm_closed/scalar_J,idm/scalar_J,False,gate_ridge,0.3,1.0,384.0,9.0,12.154534616249366,3.5832029950888877,8.571331621160478,0.031026482636978384,0.9386921856381841,,,,0.056206833299475525,0.8824853523387086,-0.7897573186423831,25.226840366235347,False,7.55332152842281,True,346.0,-0.002015987654642571,,,,,,
nuPlan real perception,nuPlan,n/a,pdm_closed/scalar_J,idm/scalar_J,False,gate_ridge,0.5,1.0,384.0,9.0,11.170945853150393,5.9823910874527515,5.188554765697641,0.02851570779913154,0.8627298296160791,,,,0.0628085946015181,0.799921235014561,-1.5139184402957175,17.259658169124084,False,4.176327324960975,True,346.0,-0.0038645300445185543,,,,,,
nuPlan real perception,nuPlan,n/a,pdm_closed/scalar_J,idm/scalar_J,False,gate_gbm,0.1,1.0,384.0,9.0,0.40004380478821194,1.1840149027250237,-0.7839710979368117,0.0010211787250742387,0.030895300011374575,,,,0.0,0.030895300011374575,-3.1116298363370265,21.61474712052406,False,-3.3131641424262646,False,346.0,-0.007942955624211778,,,,,,
nuPlan real perception,nuPlan,n/a,pdm_closed/scalar_J,idm/scalar_J,False,gate_gbm,0.2,1.0,384.0,9.0,12.17512786058464,2.399188092363864,9.775939768220775,0.031079050337674486,0.9402825976238981,,,,0.0,0.9402825976238981,-1.8776597023260526,28.712942522764667,False,-2.221627397520388,False,346.0,-0.0047930404570562,,,,,,
nuPlan real perception,nuPlan,n/a,pdm_closed/scalar_J,idm/scalar_J,False,gate_gbm,0.3,1.0,384.0,9.0,12.17512786058464,3.5832029950888877,8.591924865495752,0.031079050337674486,0.9402825976238981,,,,0.0,0.9402825976238981,-0.21670985435681137,25.327207382503897,False,7.84113800151069,True,346.0,-0.0005531881512332661,,,,,,
nuPlan real perception,nuPlan,n/a,pdm_closed/scalar_J,idm/scalar_J,False,gate_gbm,0.5,1.0,384.0,9.0,12.17512786058464,5.9823910874527515,6.192736773131888,0.031079050337674486,0.9402825976238981,,,,0.026285748924041594,0.9139968486998565,-0.5975556380971709,18.321423878871894,False,5.152284548750405,True,346.0,-0.0015253607164246558,,,,,,
nuPlan real perception,nuPlan,n/a,pdm_closed/scalar_J,idm/scalar_J,False,R1_mlp_reg,0.1,1.0,384.0,9.0,0.17593033877435013,1.1840149027250237,-1.0080845639506737,0.00044909161672077887,0.013587063547737956,,,,0.026285748924041594,-0.012698685376303639,-3.2774240744093,0.19671775261979485,False,-3.315192992676061,False,346.0,-0.00836617314847498,,,,,,
nuPlan real perception,nuPlan,n/a,pdm_closed/scalar_J,idm/scalar_J,False,R1_mlp_reg,0.2,1.0,384.0,9.0,0.17593033877435013,2.399188092363864,-2.223257753589514,0.00044909161672077887,0.013587063547737956,,,,0.030775317321001854,-0.017188253773263898,-6.764221058234026,0.3934355052395897,False,-6.874294336746622,False,346.0,-0.01726680566900578,,,,,,
nuPlan real perception,nuPlan,n/a,pdm_closed/scalar_J,idm/scalar_J,False,R1_mlp_reg,0.3,1.0,384.0,9.0,0.17593033877435013,3.5832029950888877,-3.4072726563145377,0.00044909161672077887,0.013587063547737956,,,,0.03428588639762831,-0.02069882284989035,-10.368435563279357,8.779630618352249,False,-10.563892068390942,False,346.0,-0.026467166052301296,,,,,,
nuPlan real perception,nuPlan,n/a,pdm_closed/scalar_J,idm/scalar_J,False,R1_mlp_reg,0.5,1.0,384.0,9.0,12.219030430811202,5.9823910874527515,6.23663934335845,0.031191118991543972,0.9436731840101519,,,,0.03428588639762831,0.9093872976125236,-1.0940107607899154,18.31248892242606,False,4.718201512936966,True,346.0,-0.0027926454566954053,,,,,,
nuPlan real perception,nuPlan,n/a,pdm_closed/scalar_J,idm/scalar_J,False,R1_mlp_clf,0.1,1.0,384.0,9.0,0.09857209645827092,1.1840149027250237,-1.085442806266753,0.00025162176387768945,0.007612702550013774,,,,0.9370714227081094,-0.9294587201580956,-3.406673494229578,0.19671775261979485,False,-3.4740467670924797,False,346.0,-0.008696103911478627,,,,,,
nuPlan real perception,nuPlan,n/a,pdm_closed/scalar_J,idm/scalar_J,False,R1_mlp_clf,0.2,1.0,384.0,9.0,0.1774839191554359,2.399188092363864,-2.2217041732084284,0.00045305739050322105,0.01370704623811068,,,,0.937578840322055,-0.9238717940839443,-6.76266747785294,0.3934355052395897,False,-6.87173092911783,False,346.0,-0.01726283989522334,,,,,,
nuPlan real perception,nuPlan,n/a,pdm_closed/scalar_J,idm/scalar_J,False,R1_mlp_clf,0.3,1.0,384.0,9.0,-0.8061048439435383,3.5832029950888877,-4.389307839032426,-0.002057717447343624,-0.06225530978399436,,,,0.937578840322055,-0.9998341501060494,-11.035342360946522,0.5874210668507763,False,-11.268338873340722,False,346.0,-0.028169557203554456,,,,,,
nuPlan real perception,nuPlan,n/a,pdm_closed/scalar_J,idm/scalar_J,False,R1_mlp_clf,0.5,1.0,384.0,9.0,11.230425016607468,5.9823910874527515,5.248033929154716,0.028667538312641766,0.8673233930644739,,,,0.9437931667005246,-0.07646977363605068,-12.381723180575799,17.435181837366102,False,-12.723955304665735,False,346.0,-0.031606419448131196,,,,,,
nuPlan real perception,nuPlan,n/a,pdm_closed/scalar_J,idm/scalar_J,False,R1_gbm_reg,0.1,1.0,384.0,9.0,11.793190749176448,1.1840149027250237,10.609175846451425,0.030104091976069964,0.9107856737840677,,,,0.0,0.9107856737840677,-0.18204557685268477,31.85839512208088,False,10.405985997195508,True,346.0,-0.00046470178478141225,,,,,,
nuPlan real perception,nuPlan,n/a,pdm_closed/scalar_J,idm/scalar_J,False,R1_gbm_reg,0.2,1.0,384.0,9.0,11.793190749176448,2.399188092363864,9.394002656812583,0.030104091976069964,0.9107856737840677,,,,0.0,0.9107856737840677,-0.35882611006110077,28.381014792643118,False,9.054250175956055,True,346.0,-0.00091596366500297,,,,,,
nuPlan real perception,nuPlan,n/a,pdm_closed/scalar_J,idm/scalar_J,False,R1_gbm_reg,0.3,1.0,384.0,9.0,11.884964999627858,3.5832029950888877,8.30176200453897,0.030338361100973,0.9178733800979211,,,,0.0,0.9178733800979211,-0.5234280357541203,25.118471533291498,False,7.7204418092742015,True,346.0,-0.0013361376124859216,,,,,,
nuPlan real perception,nuPlan,n/a,pdm_closed/scalar_J,idm/scalar_J,False,R1_gbm_reg,0.5,1.0,384.0,9.0,11.622870967072675,5.9823910874527515,5.640479879619924,0.02966932224370095,0.8976319123634807,,,,-0.025209024497524733,0.9228409368610054,-0.9835887630989743,18.33256263235248,False,4.785568824854885,True,346.0,-0.002510774837846845,,,,,,
nuPlan real perception,nuPlan,n/a,pdm_closed/scalar_J,idm/scalar_J,False,R1_gbm_clf,0.1,1.0,384.0,9.0,0.09857209645827092,1.1840149027250237,-1.085442806266753,0.00025162176387768945,0.007612702550013774,,,,0.0,0.007612702550013774,-3.3347990803841157,0.1954882666659211,False,-3.4114010147276344,False,346.0,-0.008512632448059703,,,,,,
nuPlan real perception,nuPlan,n/a,pdm_closed/scalar_J,idm/scalar_J,False,R1_gbm_clf,0.2,1.0,384.0,9.0,0.11143452421251634,2.399188092363864,-2.2877535681513477,0.0002844552621551933,0.008606065175770285,,,,0.05920998476215632,-0.050603919586386034,-7.303644654329495,0.2333970217980166,False,-7.716271905357314,False,346.0,-0.018643774624761408,,,,,,
nuPlan real perception,nuPlan,n/a,pdm_closed/scalar_J,idm/scalar_J,False,R1_gbm_clf,0.3,1.0,384.0,9.0,0.18312788762323046,3.5832029950888877,-3.4000751074656574,0.00046746456405600965,0.014142928751425853,,,,0.08998530208315816,-0.07584237333173231,-11.152163525890556,0.7481519691713678,False,-11.490806031114966,False,346.0,-0.028467762767173648,,,,,,
nuPlan real perception,nuPlan,n/a,pdm_closed/scalar_J,idm/scalar_J,False,R1_gbm_clf,0.5,1.0,384.0,9.0,0.18312788762323046,5.9823910874527515,-5.799263199829521,0.00046746456405600965,0.014142928751425853,,,,0.9932782560075849,-0.979135327256159,-17.848569224631248,0.8995193209191482,False,-18.018748038357117,False,346.0,-0.045561458387932297,,,,,,
nuPlan real perception,nuPlan,n/a,idm/scalar_J,pdm_closed/safety,False,gate_ridge,0.1,1.0,384.0,9.0,0.0,10.374520426637886,-10.374520426637886,0.0,0.0,,,,0.8449951726962819,-0.8449951726962819,-33.48821568319319,0.0,False,-42.24521717690357,False,319.0,-0.08038315521912474,,,,,,
nuPlan real perception,nuPlan,n/a,idm/scalar_J,pdm_closed/safety,False,gate_ridge,0.2,1.0,384.0,9.0,0.0,21.022054548713612,-21.022054548713612,0.0,0.0,,,,0.9921085889806255,-0.9921085889806255,-74.28540089618849,0.0,False,-79.42231392695027,False,319.0,-0.1783103336183437,,,,,,
nuPlan real perception,nuPlan,n/a,idm/scalar_J,pdm_closed/safety,False,gate_ridge,0.3,1.0,384.0,9.0,-11.5,31.396574975351502,-42.8965749753515,-0.02760392771490266,-0.07005693508497775,,,,0.9921085889806255,-1.0621655240656032,-102.78976586609643,0.0,False,-113.97234938588123,False,319.0,-0.24673054493908653,,,,,,
nuPlan real perception,nuPlan,n/a,idm/scalar_J,pdm_closed/safety,False,gate_ridge,0.5,1.0,384.0,9.0,-10.61527955099531,52.41862952406511,-63.03390907506042,-0.025480296469492084,-0.06466730003591045,,,,0.9188866143939853,-0.9835539144298958,-153.90164348504035,0.0,False,-165.40164348504038,False,319.0,-0.36941650799702386,,,,,,
nuPlan real perception,nuPlan,n/a,idm/scalar_J,pdm_closed/safety,False,gate_gbm,0.1,1.0,384.0,9.0,0.0,10.374520426637886,-10.374520426637886,0.0,0.0,,,,0.9270882797045129,-0.9270882797045129,-31.31116096641089,0.0,False,-31.511548084458287,False,319.0,-0.07515748034665112,,,,,,
nuPlan real perception,nuPlan,n/a,idm/scalar_J,pdm_closed/safety,False,gate_gbm,0.2,1.0,384.0,9.0,0.0,21.022054548713612,-21.022054548713612,0.0,0.0,,,,0.9921085889806255,-0.9921085889806255,-63.21628383013361,0.37337799474179956,False,-63.44925377780036,False,319.0,-0.15174067210885028,,,,,,
nuPlan real perception,nuPlan,n/a,idm/scalar_J,pdm_closed/safety,False,gate_gbm,0.3,1.0,384.0,9.0,1.1705625699232394,31.396574975351502,-30.226012405428264,0.0028097499622549388,0.0071309587803493136,,,,0.9921085889806255,-0.9849776302002762,-126.15888370637798,0.653897660062136,False,-126.32196266974469,False,319.0,-0.3028244092542321,,,,,,
nuPlan real perception,nuPlan,n/a,idm/scalar_J,pdm_closed/safety,False,gate_gbm,0.5,1.0,384.0,9.0,-10.32943743007676,52.41862952406511,-62.74806695414187,-0.024794177752647723,-0.06292597630462843,,,,0.9921085889806255,-1.055034565285254,-159.92571280342196,0.7000837401408742,False,-188.71092335585286,False,319.0,-0.3838763318243429,,,,,,
nuPlan real perception,nuPlan,n/a,idm/scalar_J,pdm_closed/safety,False,R1_mlp_reg,0.1,1.0,384.0,9.0,0.0,10.374520426637886,-10.374520426637886,0.0,0.0,,,,0.0033365156003415685,-0.0033365156003415685,-65.81116096641088,0.0,False,-65.85783321575362,False,319.0,-0.1579692634913591,,,,,,
nuPlan real perception,nuPlan,n/a,idm/scalar_J,pdm_closed/safety,False,R1_mlp_reg,0.2,1.0,384.0,9.0,0.0,21.022054548713612,-21.022054548713612,0.0,0.0,,,,0.1434503857702971,-0.1434503857702971,-42.140466872287625,24.31555894345376,False,-62.332403775725375,False,319.0,-0.10115151316651112,,,,,,
nuPlan real perception,nuPlan,n/a,idm/scalar_J,pdm_closed/safety,False,R1_mlp_reg,0.3,1.0,384.0,9.0,22.235337059774988,31.396574975351502,-9.161237915576514,0.0533724032099587,0.13545561434689185,,,,0.2134957658556118,-0.07804015150871996,-27.41502146179278,2.929622179243718,False,-27.766602109599333,False,319.0,-0.06580541484642026,,,,,,
nuPlan real perception,nuPlan,n/a,idm/scalar_J,pdm_closed/safety,False,R1_mlp_reg,0.5,1.0,384.0,9.0,34.98650068580574,52.41862952406511,-17.432128838259374,0.0839795509502934,0.2131345223822628,,,,0.4983069100476104,-0.2851723876653476,-35.09761892323233,0.0,False,-51.596302774637195,False,319.0,-0.0842462726714874,,,,,,
nuPlan real perception,nuPlan,n/a,idm/scalar_J,pdm_closed/safety,False,R1_mlp_clf,0.1,1.0,384.0,9.0,0.0,10.374520426637886,-10.374520426637886,0.0,0.0,,,,0.06899080671212239,-0.06899080671212239,-42.48500303967744,0.0,False,-42.81116096641089,False,319.0,-0.10197851764127616,,,,,,
nuPlan real perception,nuPlan,n/a,idm/scalar_J,pdm_closed/safety,False,R1_mlp_clf,0.2,1.0,384.0,9.0,-11.5,21.022054548713612,-32.52205454871361,-0.02760392771490266,-0.07005693508497775,,,,-0.06672041948463618,-0.0033365156003415664,-74.56139216095573,0.0,False,-83.24792796625117,False,319.0,-0.17897280691595932,,,,,,
nuPlan real perception,nuPlan,n/a,idm/scalar_J,pdm_closed/safety,False,R1_mlp_clf,0.3,1.0,384.0,9.0,-11.5,31.396574975351502,-42.8965749753515,-0.02760392771490266,-0.07005693508497775,,,,0.07339345068531931,-0.14345038577029706,-85.95604960270444,0.0,False,-92.48807551364403,False,319.0,-0.20632387651231662,,,,,,
nuPlan real perception,nuPlan,n/a,idm/scalar_J,pdm_closed/safety,False,R1_mlp_clf,0.5,1.0,384.0,9.0,0.5288327589054482,52.41862952406511,-51.88979676515966,0.0012693792391390035,0.003221600196647711,,,,0.3580781244739611,-0.3548565242773134,-115.2795935303193,0.0,False,-126.31287103689206,False,319.0,-0.2767103971142865,,,,,,
nuPlan real perception,nuPlan,n/a,idm/scalar_J,pdm_closed/safety,False,R1_gbm_reg,0.1,1.0,384.0,9.0,-23.0,10.374520426637886,-33.374520426637886,-0.05520785542980532,-0.1401138701699555,,,,0.07183403692296864,-0.21194790709292413,-100.05738268035607,0.0,False,-107.72582182574773,False,319.0,-0.24017189207399153,,,,,,
nuPlan real perception,nuPlan,n/a,idm/scalar_J,pdm_closed/safety,False,R1_gbm_reg,0.2,1.0,384.0,9.0,-21.74693959535677,21.022054548713612,-42.76899414407038,-0.052200082487876776,-0.13248034221989927,,,,0.07183403692296864,-0.2043143791428679,-128.17011288522943,0.0,False,-136.38404725825282,False,319.0,-0.3076520461995467,,,,,,
nuPlan real perception,nuPlan,n/a,idm/scalar_J,pdm_closed/safety,False,R1_gbm_reg,0.3,1.0,384.0,9.0,-33.24693959535677,31.396574975351502,-64.64351457070828,-0.07980401020277944,-0.20253727730487703,,,,-0.001273022259977703,-0.20126425504489934,-170.51471706352115,0.0,False,-171.24511763936945,False,319.0,-0.4092935586216102,,,,,,
nuPlan real perception,nuPlan,n/a,idm/scalar_J,pdm_closed/safety,False,R1_gbm_reg,0.5,1.0,384.0,9.0,25.005962462853816,52.41862952406511,-27.412667061211295,0.060022850457929225,0.15233400773891653,,,,0.28647333062629565,-0.13413932288737912,-147.87024977658436,25.518518662986285,False,-159.3644157454165,False,319.0,-0.354939103131951,,,,,,
nuPlan real perception,nuPlan,n/a,idm/scalar_J,pdm_closed/safety,False,R1_gbm_clf,0.1,1.0,384.0,9.0,0.0,10.374520426637886,-10.374520426637886,0.0,0.0,,,,0.0,0.0,-55.249856672185,0.0,False,-66.01154808445828,False,319.0,-0.13261852607284585,,,,,,
nuPlan real perception,nuPlan,n/a,idm/scalar_J,pdm_closed/safety,False,R1_gbm_clf,0.2,1.0,384.0,9.0,-23.0,21.022054548713612,-44.02205454871361,-0.05520785542980532,-0.1401138701699555,,,,0.06897925171245935,-0.20909312188241486,-97.42929409915914,0.0,False,-99.5937479511432,False,319.0,-0.23386358188062448,,,,,,
nuPlan real perception,nuPlan,n/a,idm/scalar_J,pdm_closed/safety,False,R1_gbm_clf,0.3,1.0,384.0,9.0,-11.03327750657275,31.396574975351502,-42.42985248192425,-0.026483634326077886,-0.0672137048741315,,,,0.06877235782533699,-0.1359860626994685,-128.43348289923267,0.6534114907981492,False,-128.5708125525941,False,319.0,-0.3082842241846614,,,,,,
nuPlan real perception,nuPlan,n/a,idm/scalar_J,pdm_closed/safety,False,R1_gbm_clf,0.5,1.0,384.0,9.0,-22.53327750657275,52.41862952406511,-74.95190703063787,-0.05408756204098055,-0.13727063995910926,,,,0.13882929291031473,-0.276099932869424,-190.8224435853408,0.7000837401408742,False,-202.55580483205443,False,319.0,-0.45803903818355124,,,,,,
nuPlan real perception,nuPlan,n/a,idm/scalar_J,pdm_closed/scalar_J,False,gate_ridge,0.1,1.0,384.0,9.0,0.0,10.715844401534403,-10.715844401534403,0.0,0.0,,,,0.8383660618283683,-0.8383660618283683,-33.93541829539129,-0.028961894533086507,False,-43.32090630137331,False,319.0,-0.06920335937717384,,,,,,
nuPlan real perception,nuPlan,n/a,idm/scalar_J,pdm_closed/scalar_J,False,gate_ridge,0.2,1.0,384.0,9.0,-0.027599439030576156,21.713684708372345,-21.741284147402922,-5.628260955017462e-05,-0.0001591669446573297,,,,0.9881693559402288,-0.9883285228848862,-76.00767914975977,-0.057923789066173015,False,-79.23743596571032,False,319.0,-0.15499990864530167,,,,,,
nuPlan real perception,nuPlan,n/a,idm/scalar_J,pdm_closed/scalar_J,False,gate_ridge,0.3,1.0,384.0,9.0,-11.585472930875403,32.42952910990675,-44.01500204078216,-0.023625866043878258,-0.06681383367157305,,,,0.9850458671228198,-1.0518597007943928,-103.92260986886048,-0.09004136966120546,False,-114.92059724652273,False,319.0,-0.2119258898053804,,,,,,
nuPlan real perception,nuPlan,n/a,idm/scalar_J,pdm_closed/scalar_J,False,gate_ridge,0.5,1.0,384.0,9.0,-10.479145535169856,54.143213818279094,-64.62235935344896,-0.02136976972329094,-0.060433604306401184,,,,0.9004489757910216,-0.9608825800974228,-155.2314271838163,-0.19993591305492614,False,-167.8849528323801,False,319.0,-0.3165582386085442,,,,,,
nuPlan real perception,nuPlan,n/a,idm/scalar_J,pdm_closed/scalar_J,False,gate_gbm,0.1,1.0,384.0,9.0,-0.0616228892019311,10.715844401534403,-10.777467290736334,-0.0001256654893769251,-0.00035538138961311243,,,,0.9260728535035636,-0.9264282348931767,-32.25970418910469,-0.02877334053222006,False,-32.44091034533376,False,319.0,-0.06578613185101424,,,,,,
nuPlan real perception,nuPlan,n/a,idm/scalar_J,pdm_closed/scalar_J,False,gate_gbm,0.2,1.0,384.0,9.0,-0.0616228892019311,21.713684708372345,-21.775307597574276,-0.0001256654893769251,-0.00035538138961311243,,,,0.9893573565223529,-0.989712737911966,-68.51018014615406,-0.03998073410548411,False,-68.7783234839726,False,319.0,-0.1397105106051722,,,,,,
nuPlan real perception,nuPlan,n/a,idm/scalar_J,pdm_closed/scalar_J,False,gate_gbm,0.3,1.0,384.0,9.0,0.1304375936766612,32.42952910990675,-32.29909151623009,0.0002659970062230135,0.0007522382332107489,,,,0.9892972766301558,-0.988545038396945,-134.78550175517512,0.44893735731692624,False,-134.91553114020616,False,319.0,-0.27486354921586004,,,,,,
nuPlan real perception,nuPlan,n/a,idm/scalar_J,pdm_closed/scalar_J,False,gate_gbm,0.5,1.0,384.0,9.0,-11.940107531584445,54.143213818279094,-66.08332134986354,-0.024349060480641144,-0.0688590240032351,,,,0.9891381096854984,-1.0579971336887335,-169.4622133903546,0.9517961548264312,False,-198.6709435798253,False,319.0,-0.3455786032169435,,,,,,
nuPlan real perception,nuPlan,n/a,idm/scalar_J,pdm_closed/scalar_J,False,R1_mlp_reg,0.1,1.0,384.0,9.0,0.02530721186932433,10.715844401534403,-10.69053718966508,5.160814764628902e-05,0.0001459475892453302,,,,0.0027194656959144505,-0.0025735181066691205,-70.39776531164145,1.6831449960747753,False,-70.58421049628069,False,319.0,-0.14355979967021923,,,,,,
nuPlan real perception,nuPlan,n/a,idm/scalar_J,pdm_closed/scalar_J,False,R1_mlp_reg,0.2,1.0,384.0,9.0,-0.23273158755124435,21.713684708372345,-21.94641629592359,-0.00047460171410105363,-0.0013421713272774476,,,,0.14051048827290885,-0.1418526596001863,-44.956812887934355,23.37768078835475,False,-65.87298615831753,False,319.0,-0.09167891940081385,,,,,,
nuPlan real perception,nuPlan,n/a,idm/scalar_J,pdm_closed/scalar_J,False,R1_mlp_reg,0.3,1.0,384.0,9.0,21.72820542251642,32.42952910990675,-10.701323687390332,0.044309599940298115,0.12530733201342772,,,,0.14058513072765688,-0.015277798714229157,-32.850264884409754,1.7240798791295497,False,-33.350555416244845,False,319.0,-0.06699044245286058,,,,,,
nuPlan real perception,nuPlan,n/a,idm/scalar_J,pdm_closed/scalar_J,False,R1_mlp_reg,0.5,1.0,384.0,9.0,35.60898360121439,54.143213818279094,-18.534230217064703,0.07261620492667971,0.20535827253152447,,,,0.4326660328493792,-0.22730776031785474,-37.474304230717074,0.5346231878654807,False,-55.67156596204171,False,319.0,-0.07642009067087463,,,,,,
nuPlan real perception,nuPlan,n/a,idm/scalar_J,pdm_closed/scalar_J,False,R1_mlp_clf,0.1,1.0,384.0,9.0,0.9006936326937297,10.715844401534403,-9.815150768840674,0.0018367542904429578,0.005194332153974196,,,,0.13528005769650828,-0.1300857255425341,-43.173238317809194,1.8853945111394064,False,-44.09540492095724,False,319.0,-0.08804173565143533,,,,,,
nuPlan real perception,nuPlan,n/a,idm/scalar_J,pdm_closed/scalar_J,False,R1_mlp_clf,0.2,1.0,384.0,9.0,-10.98182500670607,21.713684708372345,-32.695509715078416,-0.022394867095524386,-0.0633325746636516,,,,0.2775625847881968,-0.3408951594518484,-77.52033841637574,1.0702936495441557,False,-86.56100268597476,False,319.0,-0.15808462391038663,,,,,,
nuPlan real perception,nuPlan,n/a,idm/scalar_J,pdm_closed/scalar_J,False,R1_mlp_clf,0.3,1.0,384.0,9.0,-11.617361157255234,32.42952910990675,-44.046890267161984,-0.02369089463350268,-0.0669977342051236,,,,0.6756298141283948,-0.7426275483335184,-88.32860267791725,0.16964484484204942,False,-94.51362447689225,False,319.0,-0.18012555440442748,,,,,,
nuPlan real perception,nuPlan,n/a,idm/scalar_J,pdm_closed/scalar_J,False,R1_mlp_clf,0.5,1.0,384.0,9.0,0.25234300533959164,54.143213818279094,-53.890870812939504,0.0005145946200758479,0.0014552710698595881,,,,0.6083287024985333,-0.6068734314286738,-119.08834238568726,0.006018856994315924,False,-129.99354065545586,False,319.0,-0.24285285903983916,,,,,,
nuPlan real perception,nuPlan,n/a,idm/scalar_J,pdm_closed/scalar_J,False,R1_gbm_reg,0.1,1.0,384.0,9.0,-24.036505077556658,10.715844401534403,-34.75234947909106,-0.049016837941240926,-0.1386193780676715,,,,0.06438962487940961,-0.2030090029470811,-103.9260859295248,-0.028961894533086507,False,-111.16787215548129,False,319.0,-0.2119329784192079,,,,,,
nuPlan real perception,nuPlan,n/a,idm/scalar_J,pdm_closed/scalar_J,False,R1_gbm_reg,0.2,1.0,384.0,9.0,-22.529361830609652,21.713684708372345,-44.243046538982,-0.04594337130990375,-0.12992762945960298,,,,0.06457820953947828,-0.19450583899908125,-132.21556956157772,-0.05791947926043892,False,-140.91986450706983,False,319.0,-0.26962277276158414,,,,,,
nuPlan real perception,nuPlan,n/a,idm/scalar_J,pdm_closed/scalar_J,False,R1_gbm_reg,0.3,1.0,384.0,9.0,-34.08261342356078,32.42952910990675,-66.51214253346754,-0.06950352946096697,-0.19655564153152336,,,,0.13478272651832518,-0.3313383680498485,-177.30243298822649,-0.09004634251397557,False,-178.27251314161072,False,319.0,-0.3615668998604292,,,,,,
nuPlan real perception,nuPlan,n/a,idm/scalar_J,pdm_closed/scalar_J,False,R1_gbm_reg,0.5,1.0,384.0,9.0,25.680499972175305,54.143213818279094,-28.46271384610379,0.052369381543804515,0.1481003549860359,,,,0.13110605615109652,0.016994298834939386,-153.3971735508858,26.59405011087016,False,-165.02864008535664,False,319.0,-0.31281770674759424,,,,,,
nuPlan real perception,nuPlan,n/a,idm/scalar_J,pdm_closed/scalar_J,False,R1_gbm_clf,0.1,1.0,384.0,9.0,0.012400722855795285,10.715844401534403,-10.703443678678607,2.5288377849253783e-05,7.151540892960126e-05,,,,0.00167663892314626,-0.0016051235142166588,-57.06467696162756,0.02510804705160294,False,-68.76538042763315,False,319.0,-0.11637008016648379,,,,,,
nuPlan real perception,nuPlan,n/a,idm/scalar_J,pdm_closed/scalar_J,False,R1_gbm_clf,0.2,1.0,384.0,9.0,-23.621023229187927,21.713684708372345,-45.33470793756027,-0.048169559754861285,-0.13622327949870539,,,,0.07226030595436043,-0.20848358545306583,-100.67011392852059,0.5237703108039827,False,-102.2289995151948,False,319.0,-0.20529318401484334,,,,,,
nuPlan real perception,nuPlan,n/a,idm/scalar_J,pdm_closed/scalar_J,False,R1_gbm_clf,0.3,1.0,384.0,9.0,-10.65960038199176,32.42952910990675,-43.08912949189851,-0.021737765234861373,-0.06147429381409113,,,,0.06495091189024785,-0.12642520570433896,-132.5135405459951,2.116699716826971,False,-132.7134441812355,False,319.0,-0.2702304149877419,,,,,,
nuPlan real perception,nuPlan,n/a,idm/scalar_J,pdm_closed/scalar_J,False,R1_gbm_clf,0.5,1.0,384.0,9.0,-22.596888653659413,54.143213818279094,-76.74010247193851,-0.046081076493391826,-0.13031705904530358,,,,0.26776602692924495,-0.39808308597454856,-198.34746575904055,2.099709463859976,False,-210.69595774955613,False,319.0,-0.40448332874502135,,,,,,
nuPlan real perception,nuPlan,n/a,idm/scalar_J,idm/scalar_J,True,gate_ridge,0.1,1.0,384.0,9.0,0.0,1.1840149027250237,-1.1840149027250237,0.0,0.0,0.0,True,,0.0,0.0,-3.628884110358788,0.854671465834389,False,-3.6998298543201456,False,346.0,-0.009263333677221207,,,,,,
nuPlan real perception,nuPlan,n/a,idm/scalar_J,idm/scalar_J,True,gate_ridge,0.2,1.0,384.0,9.0,0.7277869268121911,2.399188092363864,-1.6714011655516732,0.0018577978640144945,0.056206833299475525,0.0562068332994755,True,,0.056206833299475525,0.0,-7.146169099269453,1.2935293264390042,False,-7.292012074557076,False,346.0,-0.018241791930311967,,,,,,
nuPlan real perception,nuPlan,n/a,idm/scalar_J,idm/scalar_J,True,gate_ridge,0.3,1.0,384.0,9.0,0.7277869268121911,3.5832029950888877,-2.8554160682766967,0.0018577978640144945,0.056206833299475525,0.0562068332994755,True,,0.056206833299475525,0.0,-10.317914811183275,1.6087747257726872,False,-10.497836182329342,False,346.0,-0.026338203382219247,,,,,,
nuPlan real perception,nuPlan,n/a,idm/scalar_J,idm/scalar_J,True,gate_ridge,0.5,1.0,384.0,9.0,0.8132689809952017,5.9823910874527515,-5.16912210645755,0.0020760051054778323,0.0628085946015181,0.0628085946015181,True,,0.0628085946015181,0.0,-17.21815706373214,12.990877629762478,False,-17.503206576722977,False,346.0,-0.04395222590130733,,,,,,
nuPlan real perception,nuPlan,n/a,idm/scalar_J,idm/scalar_J,True,gate_gbm,0.1,1.0,384.0,9.0,0.0,1.1840149027250237,-1.1840149027250237,0.0,0.0,0.0,True,,0.0,0.0,-3.628884110358788,0.19671775261979485,False,-3.7040101433402755,False,346.0,-0.009263333677221207,,,,,,
nuPlan real perception,nuPlan,n/a,idm/scalar_J,idm/scalar_J,True,gate_gbm,0.2,1.0,384.0,9.0,0.0,2.399188092363864,-2.399188092363864,0.0,0.0,0.0,True,,0.0,0.0,-7.292012074557076,0.3934355052395897,False,-7.402085353069672,False,346.0,-0.018614080519168116,,,,,,
nuPlan real perception,nuPlan,n/a,idm/scalar_J,idm/scalar_J,True,gate_gbm,0.3,1.0,384.0,9.0,0.0,3.5832029950888877,-3.5832029950888877,0.0,0.0,0.0,True,,0.0,0.0,-10.890776201964146,0.6115429607359116,False,-11.041556648211786,False,346.0,-0.027800527901884205,,,,,,
nuPlan real perception,nuPlan,n/a,idm/scalar_J,idm/scalar_J,True,gate_gbm,0.5,1.0,384.0,9.0,0.34035762745174264,5.9823910874527515,-5.6420334600010085,0.0008688197740106708,0.026285748924041594,0.0262857489240415,True,,0.026285748924041594,0.0,-18.055555330682978,1.2808917047776942,False,-18.19909048128363,False,346.0,-0.04608982504517346,,,,,,
nuPlan real perception,nuPlan,n/a,idm/scalar_J,idm/scalar_J,True,R1_mlp_reg,0.1,1.0,384.0,9.0,0.34035762745174264,1.1840149027250237,-0.8436572752732812,0.0008688197740106708,0.026285748924041594,0.0262857489240415,True,,0.026285748924041594,0.0,-3.5217965662718176,0.8701584187169858,False,-3.6128605278487327,False,346.0,-0.008989974808934374,,,,,,
nuPlan real perception,nuPlan,n/a,idm/scalar_J,idm/scalar_J,True,R1_mlp_reg,0.2,1.0,384.0,9.0,0.39849022440712617,2.399188092363864,-2.000697867956738,0.0010172129512917964,0.030775317321001854,0.0307753173210018,True,,0.030775317321001854,0.0,-6.937593902202555,0.8650475236044782,False,-7.1176142836909255,False,346.0,-0.01770936885245517,,,,,,
nuPlan real perception,nuPlan,n/a,idm/scalar_J,idm/scalar_J,True,R1_mlp_reg,0.3,1.0,384.0,9.0,0.44394637501477335,3.5832029950888877,-3.1392566200741143,0.0011332473789437243,0.03428588639762831,0.0342858863976283,True,,0.03428588639762831,0.0,-10.487765699031872,0.9526794350225684,False,-10.691127491747658,False,346.0,-0.026771776183572297,,,,,,
nuPlan real perception,nuPlan,n/a,idm/scalar_J,idm/scalar_J,True,R1_mlp_reg,0.5,1.0,384.0,9.0,0.44394637501477335,5.9823910874527515,-5.538444712437978,0.0011332473789437243,0.03428588639762831,0.0342858863976283,True,,0.03428588639762831,0.0,-17.744789087993887,1.2808917047776942,False,-17.88832423859454,False,346.0,-0.04529654223037431,,,,,,
nuPlan real perception,nuPlan,n/a,idm/scalar_J,idm/scalar_J,True,R1_mlp_clf,0.1,1.0,384.0,9.0,12.133548376628191,1.1840149027250237,10.949533473903168,0.030972911750080635,0.9370714227081094,0.9370714227081094,True,,0.9370714227081094,0.0,-0.07184492773000208,32.221056156649944,False,10.468804214266388,True,346.0,-0.0001833961951772143,,,,,,
nuPlan real perception,nuPlan,n/a,idm/scalar_J,idm/scalar_J,True,R1_mlp_clf,0.2,1.0,384.0,9.0,12.140118608114037,2.399188092363864,9.740930515750172,0.030989683364918443,0.937578840322055,0.937578840322055,True,,0.937578840322055,0.0,-0.14495642580466378,28.741083114552392,False,9.140229118195084,True,346.0,-0.00037002552301214115,,,,,,
nuPlan real perception,nuPlan,n/a,idm/scalar_J,idm/scalar_J,True,R1_mlp_clf,0.3,1.0,384.0,9.0,12.140118608114037,3.5832029950888877,8.556915613025149,0.030989683364918443,0.937578840322055,0.937578840322055,True,,0.937578840322055,0.0,-0.21780069028731047,25.22684036623534,False,7.831147716161811,True,346.0,-0.000555972692404606,,,,,,
nuPlan real perception,nuPlan,n/a,idm/scalar_J,idm/scalar_J,True,R1_mlp_clf,0.5,1.0,384.0,9.0,12.220584011192287,5.9823910874527515,6.238192923739535,0.031195084765326415,0.9437931667005246,0.9437931667005246,True,,0.9437931667005246,0.0,-0.5838263525744231,18.312981689787488,False,5.209995894486452,True,346.0,-0.00149031441869803,,,,,,
nuPlan real perception,nuPlan,n/a,idm/scalar_J,idm/scalar_J,True,R1_gbm_reg,0.1,1.0,384.0,9.0,0.0,1.1840149027250237,-1.1840149027250237,0.0,0.0,0.0,True,,0.0,0.0,-3.628884110358788,0.19671775261979485,False,-3.7040101433402755,False,346.0,-0.009263333677221207,,,,,,
nuPlan real perception,nuPlan,n/a,idm/scalar_J,idm/scalar_J,True,R1_gbm_reg,0.2,1.0,384.0,9.0,0.0,2.399188092363864,-2.399188092363864,0.0,0.0,0.0,True,,0.0,0.0,-7.292012074557076,0.3934355052395897,False,-7.402085353069672,False,346.0,-0.018614080519168116,,,,,,
nuPlan real perception,nuPlan,n/a,idm/scalar_J,idm/scalar_J,True,R1_gbm_reg,0.3,1.0,384.0,9.0,0.0,3.5832029950888877,-3.5832029950888877,0.0,0.0,0.0,True,,0.0,0.0,-10.943378115781483,0.5891543005218621,False,-11.152171140310447,False,346.0,-0.027934803085365403,,,,,,
nuPlan real perception,nuPlan,n/a,idm/scalar_J,idm/scalar_J,True,R1_gbm_reg,0.5,1.0,384.0,9.0,-0.32641580017919214,5.9823910874527515,-6.308806887631944,-0.0008332309279168646,-0.025209024497524733,-0.0252090244975247,True,,-0.025209024497524733,0.0,-18.549729387545224,0.7122757468757068,False,-18.792161375717768,False,346.0,-0.047351286983369247,,,,,,
nuPlan real perception,nuPlan,n/a,idm/scalar_J,idm/scalar_J,True,R1_gbm_clf,0.1,1.0,384.0,9.0,0.0,1.1840149027250237,-1.1840149027250237,0.0,0.0,0.0,True,,0.0,0.0,-3.628284685164733,0.7533914665717418,False,-3.7040101433402755,False,346.0,-0.009261803544150488,,,,,,
nuPlan real perception,nuPlan,n/a,idm/scalar_J,idm/scalar_J,True,R1_gbm_clf,0.2,1.0,384.0,9.0,0.7666728459339928,2.399188092363864,-1.6325152464298713,0.001957060676828616,0.05920998476215632,0.0592099847621563,True,,0.05920998476215632,0.0,-6.728441824199106,1.94605770042991,False,-6.891272765540761,False,346.0,-0.017175473189515802,,,,,,
nuPlan real perception,nuPlan,n/a,idm/scalar_J,idm/scalar_J,True,R1_gbm_clf,0.3,1.0,384.0,9.0,1.1651630703411189,3.5832029950888877,-2.418039924747769,0.0029742736281204124,0.08998530208315816,0.0899853020831581,True,,0.08998530208315816,0.0,-9.871824909035004,17.220725250762484,False,-10.070700375620127,False,346.0,-0.02519948429173007,,,,,,
nuPlan real perception,nuPlan,n/a,idm/scalar_J,idm/scalar_J,True,R1_gbm_clf,0.5,1.0,384.0,9.0,12.861335303440383,5.9823910874527515,6.878944215987631,0.03283070961409513,0.9932782560075849,0.9932782560075848,True,,0.9932782560075849,0.0,0.3631166732155527,18.757400700851036,True,6.02403316122259,True,346.0,0.0009269160451160261,,,,,,
nuScenes mono,nuScenes,mono,brake/J,brake/J,True,gate_ridge,0.1,1.0,955.0,24.0,21.580348148379557,5.5644537916439685,16.015894356735586,0.06493858648760001,0.25354712535739377,0.2535471253573937,True,,0.25354712535739377,0.0,0.7412618475029726,35.73354038533223,True,0.7334008872336439,True,1.0,0.0022305709001105467,,,,,,
nuScenes mono,nuScenes,mono,brake/J,brake/J,True,gate_ridge,0.2,1.0,955.0,24.0,25.38435197281319,11.070944522958314,14.313407449854875,0.07638541902494689,0.29824029841939104,0.298240298419391,True,,0.29824029841939104,0.0,-4.522492999986168,34.01000756592648,False,-4.52752203149704,False,1.0,-0.013608876965278238,,,,,,
nuScenes mono,nuScenes,mono,brake/J,brake/J,True,gate_ridge,0.3,1.0,955.0,24.0,24.426010147155345,16.577435254272658,7.848574892882688,0.07350162108516067,0.2869807574085317,0.2869807574085317,True,,0.2869807574085317,0.0,-8.510210945011227,29.441458943332492,False,-8.514108996115,False,1.0,-0.025608533545452974,,,,,,
nuScenes mono,nuScenes,mono,brake/J,brake/J,True,gate_ridge,0.5,1.0,955.0,24.0,26.606399838426398,27.706342837560594,-1.0999429991341962,0.08006274899513412,0.3125981169886264,0.3125981169886264,True,,0.3125981169886264,0.0,-33.57217011524971,20.880449690331833,False,-33.57583487545887,False,1.0,-0.10102382304565681,,,,,,
nuScenes mono,nuScenes,mono,brake/J,brake/J,True,gate_gbm,0.1,1.0,955.0,24.0,21.009593664031165,5.5644537916439685,15.445139872387196,0.06322109846608139,0.24684134110422165,0.2468413411042216,True,,0.24684134110422165,0.0,-5.6811713474554395,33.92977974211196,False,-5.6863760017695935,False,1.0,-0.01709551830957428,,,,,,
nuScenes mono,nuScenes,mono,brake/J,brake/J,True,gate_gbm,0.2,1.0,955.0,24.0,33.78290739619419,11.070944522958314,22.711962873235876,0.1016579639339632,0.39691477624114474,0.3969147762411447,True,,0.39691477624114474,0.0,2.0072602080272612,44.84756607591828,True,2.201922436811901,True,1.0,0.0060401546687690495,,,,,,
nuScenes mono,nuScenes,mono,brake/J,brake/J,True,gate_gbm,0.3,1.0,955.0,24.0,38.57497275171668,16.577435254272658,21.99753749744402,0.11607802557542451,0.4532166666028495,0.4532166666028495,True,,0.4532166666028495,0.0,0.8054932000192828,41.15157417906999,True,0.8018385925920973,True,1.0,0.0024238529181723886,,,,,,
nuScenes mono,nuScenes,mono,brake/J,brake/J,True,gate_gbm,0.5,1.0,955.0,24.0,49.39807879339955,27.706342837560594,21.691735955838954,0.14864641617412136,0.5803771463800486,0.5803771463800486,True,,0.5803771463800486,0.0,-2.9701119360063037,49.279582539103934,False,-2.9706406298950707,False,1.0,-0.008937523598231719,,,,,,
nuScenes mono,nuScenes,mono,brake/J,brake/J,True,R1_mlp_reg,0.1,1.0,955.0,24.0,10.584175207342064,5.5644537916439685,5.019721415698095,0.03184941097224627,0.12435328566754772,0.1243532856675477,True,,0.12435328566754772,0.0,-6.175545701281465,17.850754317910845,False,-6.179097710548712,False,1.0,-0.01858316677161234,,,,,,
nuScenes mono,nuScenes,mono,brake/J,brake/J,True,R1_mlp_reg,0.2,1.0,955.0,24.0,26.34153918941145,11.070944522958314,15.270594666453135,0.0792657425685019,0.30948627394900996,0.3094862739490099,True,,0.30948627394900996,0.0,2.4424136378895556,28.206995898998553,True,2.4586748797999243,True,1.0,0.007349598262829429,,,,,,
nuScenes mono,nuScenes,mono,brake/J,brake/J,True,R1_mlp_reg,0.3,1.0,955.0,24.0,32.30287358968945,16.577435254272658,15.72543833541679,0.09720431459116996,0.379525885455376,0.379525885455376,True,,0.379525885455376,0.0,3.561387319964093,29.552950721501336,True,3.5571749245765267,True,1.0,0.01071676216264825,,,,,,
nuScenes mono,nuScenes,mono,brake/J,brake/J,True,R1_mlp_reg,0.5,1.0,955.0,24.0,39.09996380153521,27.706342837560594,11.393620963974616,0.11765780438434131,0.4593847770802444,0.4593847770802444,True,,0.4593847770802444,0.0,-2.4434543581449972,27.46134057557073,False,-2.4475606491868906,False,1.0,-0.007352729950133671,,,,,,
nuScenes mono,nuScenes,mono,brake/J,brake/J,True,R1_mlp_clf,0.1,1.0,955.0,24.0,11.783835930422418,5.5644537916439685,6.21938213877845,0.035459374587563576,0.13844807809859735,0.1384480780985973,True,,0.13844807809859735,0.0,-9.1075307331479,26.09803151135199,False,-9.107939795039188,False,1.0,-0.027405960651631558,,,,,,
nuScenes mono,nuScenes,mono,brake/J,brake/J,True,R1_mlp_clf,0.2,1.0,955.0,24.0,21.332262415651005,11.070944522958314,10.261317892692691,0.06419205836394032,0.25063237050992715,0.2506323705099271,True,,0.25063237050992715,0.0,-6.368378937139539,31.85089058338606,False,-6.370355199618778,False,1.0,-0.019163431634734746,,,,,,
nuScenes mono,nuScenes,mono,brake/J,brake/J,True,R1_mlp_clf,0.3,1.0,955.0,24.0,28.9629638390102,16.577435254272658,12.385528584737543,0.08715401249622674,0.34028534538552363,0.3402853453855236,True,,0.34028534538552363,0.0,-10.523778132500803,38.889130379259065,False,-10.524644524595931,False,1.0,-0.03166766688539419,,,,,,
nuScenes mono,nuScenes,mono,brake/J,brake/J,True,R1_mlp_clf,0.5,1.0,955.0,24.0,28.846510781235754,27.706342837560594,1.1401679436751593,0.08680358733570406,0.3389171404874944,0.3389171404874944,True,,0.3389171404874944,0.0,-18.404365966338062,18.5487024356855,False,-18.404962443075867,False,1.0,-0.055381567657620444,,,,,,
nuScenes mono,nuScenes,mono,brake/J,brake/J,True,R1_gbm_reg,0.1,1.0,955.0,24.0,7.132635816836394,5.5644537916439685,1.5681820251924252,0.021463198123194485,0.08380121095107769,0.0838012109510776,True,,0.08380121095107769,0.0,-7.950422218234294,18.880312987139387,False,-7.9509461122395,False,1.0,-0.023924043174924962,,,,,,
nuScenes mono,nuScenes,mono,brake/J,brake/J,True,R1_gbm_reg,0.2,1.0,955.0,24.0,32.32406890911614,11.070944522958314,21.25312438615783,0.09726809456701924,0.37977490888515203,0.379774908885152,True,,0.37977490888515203,0.0,4.291976750964825,35.920102565269076,True,4.288661848020638,True,1.0,0.012915218120159297,,,,,,
nuScenes mono,nuScenes,mono,brake/J,brake/J,True,R1_gbm_reg,0.3,1.0,955.0,24.0,28.867079967672538,16.577435254272658,12.28964471339988,0.08686548318109175,0.33915880749194344,0.3391588074919434,True,,0.33915880749194344,0.0,2.430273439594407,30.540986026143155,True,2.428431186110039,True,1.0,0.007313066539080323,,,,,,
nuScenes mono,nuScenes,mono,brake/J,brake/J,True,R1_gbm_reg,0.5,1.0,955.0,24.0,45.126470198283656,27.706342837560594,17.42012736072306,0.13579248896739377,0.5301900932103388,0.5301900932103388,True,,0.5301900932103388,0.0,4.167334535766681,33.51960396766003,True,4.265018185428898,True,1.0,0.012540150525512614,,,,,,
nuScenes mono,nuScenes,mono,brake/J,brake/J,True,R1_gbm_clf,0.1,1.0,955.0,24.0,22.147084851860065,5.5644537916439685,16.582631060216094,0.06664398438858012,0.2602057047748347,0.2602057047748347,True,,0.2602057047748347,0.0,-5.202245158122513,49.50768027893479,False,-5.209637299975616,False,1.0,-0.01565435575031741,,,,,,
nuScenes mono,nuScenes,mono,brake/J,brake/J,True,R1_gbm_clf,0.2,1.0,955.0,24.0,27.862682246979915,11.070944522958314,16.7917377240216,0.08384309597006598,0.3273581565920526,0.3273581565920526,True,,0.3273581565920526,0.0,-8.799563044729831,50.81608806373404,False,-8.803157848018273,False,1.0,-0.026479238513869165,,,,,,
nuScenes mono,nuScenes,mono,brake/J,brake/J,True,R1_gbm_clf,0.3,1.0,955.0,24.0,28.40000373514026,16.577435254272658,11.822568480867602,0.08545997896428989,0.33367113716952496,0.3336711371695249,True,,0.33367113716952496,0.0,-11.295189439114878,38.8120121769269,False,-11.297267147399216,False,1.0,-0.0339889621447495,,,,,,
nuScenes mono,nuScenes,mono,brake/J,brake/J,True,R1_gbm_clf,0.5,1.0,955.0,24.0,22.55657406615664,27.706342837560594,-5.149768771403956,0.0678762004110234,0.265016786247473,0.265016786247473,True,,0.265016786247473,0.0,-23.382912940448904,15.836815988220566,False,-23.407678499278088,False,1.0,-0.07036278116900452,,,,,,
nuScenes mono,nuScenes,mono,brake/J,plan_ade/JC_ade,False,gate_ridge,0.1,1.0,752.0,24.0,-5.638351426557539,7.837624598871421,-13.47597602542896,-0.00189309622941348,-0.03664786537943798,,,,-0.00793687566485962,-0.02871098971457836,-25.333754712108416,5.413805709880179,False,-25.333754712108416,False,0.0,-0.008505896829431868,,,,,,
nuScenes mono,nuScenes,mono,brake/J,plan_ade/JC_ade,False,gate_ridge,0.2,1.0,752.0,24.0,-3.653456605458066,15.675249197742842,-19.328705803200908,-0.0012266608447890181,-0.021498874348463298,,,,0.06265610014561854,-0.08415497449408184,-43.78137842731616,3.193494362076626,False,-43.78137842731616,False,0.0,-0.01469975107065652,,,,,,
nuScenes mono,nuScenes,mono,brake/J,plan_ade/JC_ade,False,gate_ridge,0.3,1.0,752.0,24.0,-10.841810669185122,23.61737545793255,-34.459186127117675,-0.003640175885663153,-0.06208487205956524,,,,0.1400342414642978,-0.20211911352386303,-63.615150789820504,-3.1486710166940326,False,-63.615150789820504,False,0.0,-0.021359009572645016,,,,,,
nuScenes mono,nuScenes,mono,brake/J,plan_ade/JC_ade,False,gate_ridge,0.5,1.0,752.0,24.0,10.95343243978208,39.29262465567539,-28.33919221589331,0.00367765328589086,0.06272391684971691,,,,0.21993989649742204,-0.15721597964770512,-67.22810155559566,4.665101972166918,False,-67.22810155559566,False,0.0,-0.022572070439963354,,,,,,
nuScenes mono,nuScenes,mono,brake/J,plan_ade/JC_ade,False,gate_gbm,0.1,1.0,752.0,24.0,18.83860802274063,7.837624598871421,11.000983423869208,0.00632512859118163,0.1224462114052574,,,,0.029882728307911867,0.09256348309734552,-29.77019305047362,49.36296550874996,False,-29.77019305047362,False,0.0,-0.009995446531996664,,,,,,
nuScenes mono,nuScenes,mono,brake/J,plan_ade/JC_ade,False,gate_gbm,0.2,1.0,752.0,24.0,36.57666234563126,15.675249197742842,20.90141314788842,0.01228074242497519,0.21523646036471886,,,,0.042025999851251584,0.17321046051346728,-30.117054637079907,81.8601094479084,False,-30.117054637079907,False,0.0,-0.010111906523943929,,,,,,
nuScenes mono,nuScenes,mono,brake/J,plan_ade/JC_ade,False,gate_gbm,0.3,1.0,752.0,24.0,36.140816450786836,23.61737545793255,12.523440992854287,0.012134405640033232,0.20695786284598316,,,,0.10217229219816593,0.10478557064781724,-32.37369911024011,70.31710556048232,False,-32.37369911024011,False,0.0,-0.0108695828055507,,,,,,
nuScenes mono,nuScenes,mono,brake/J,plan_ade/JC_ade,False,gate_gbm,0.5,1.0,752.0,24.0,36.37096075820274,39.29262465567539,-2.921663897472648,0.012211677396904909,0.20827527178203992,,,,0.25465665751756117,-0.04638138573552125,-34.342113990674676,36.30445209243107,False,-34.342113990674676,False,0.0,-0.011530484992406262,,,,,,
nuScenes mono,nuScenes,mono,brake/J,plan_ade/JC_ade,False,R1_mlp_reg,0.1,1.0,752.0,24.0,21.54196622005759,7.837624598871421,13.704341621186167,0.007232790569466539,0.14001735938674462,,,,0.1700913752235117,-0.030074015836767082,-6.631208085881391,45.25079429754933,False,-6.631208085881391,False,0.0,-0.0022264513284342606,,,,,,
nuScenes mono,nuScenes,mono,brake/J,plan_ade/JC_ade,False,R1_mlp_reg,0.2,1.0,752.0,24.0,34.31780091349412,15.675249197742842,18.642551715751274,0.011522321791631093,0.20194412290337993,,,,0.2500761136602585,-0.04813199075687857,-8.513619724370164,43.52626976715,False,-8.513619724370164,False,0.0,-0.002858477625738484,,,,,,
nuScenes mono,nuScenes,mono,brake/J,plan_ade/JC_ade,False,R1_mlp_reg,0.3,1.0,752.0,24.0,39.39417066468237,23.61737545793255,15.77679520674982,0.013226730706233014,0.22558796867399178,,,,0.2698323484937942,-0.04424437981980245,-7.425112900070639,44.843128762268805,False,-7.425112900070639,False,0.0,-0.002493007648988491,,,,,,
nuScenes mono,nuScenes,mono,brake/J,plan_ade/JC_ade,False,R1_mlp_reg,0.5,1.0,752.0,24.0,70.91921303076629,39.29262465567539,31.626588375090897,0.023811374039075232,0.4061129555182288,,,,0.2705258042022175,0.1355871513160113,-2.887290967458512,79.09000039085396,False,-2.887290967458512,False,0.0,-0.0009694180497458796,,,,,,
nuScenes mono,nuScenes,mono,brake/J,plan_ade/JC_ade,False,R1_mlp_clf,0.1,1.0,752.0,24.0,1.4903935051229948,7.837624598871421,-6.347231093748426,0.0005004048367047787,0.00968718272523215,,,,0.07113486666854715,-0.061447683943315005,-15.92791723454269,0.2435356673422854,False,-15.92791723454269,False,0.0,-0.00534785396970769,,,,,,
nuScenes mono,nuScenes,mono,brake/J,plan_ade/JC_ade,False,R1_mlp_clf,0.2,1.0,752.0,24.0,1.616805642386836,15.675249197742842,-14.058443555356005,0.0005428481543169245,0.009514141019119335,,,,0.10173376493569976,-0.09221962391658042,-26.258487230263412,-3.3763603523262766,False,-26.258487230263412,False,0.0,-0.008816379009575805,,,,,,
nuScenes mono,nuScenes,mono,brake/J,plan_ade/JC_ade,False,R1_mlp_clf,0.3,1.0,752.0,24.0,14.324823122793571,23.61737545793255,-9.292552335138978,0.004809609509801774,0.08203009976758663,,,,0.1204799729084085,-0.03844987314082188,-22.503569313448214,10.236110458112602,False,-22.503569313448214,False,0.0,-0.007555652174317156,,,,,,
nuScenes mono,nuScenes,mono,brake/J,plan_ade/JC_ade,False,R1_mlp_clf,0.5,1.0,752.0,24.0,18.73495081987608,39.29262465567539,-20.55767383579931,0.006290325322451316,0.1072841325191779,,,,0.16450136543294094,-0.057217232913763044,-41.27278400294751,-2.5320324874079967,False,-41.27278400294751,False,0.0,-0.013857481710940598,,,,,,
nuScenes mono,nuScenes,mono,brake/J,plan_ade/JC_ade,False,R1_gbm_reg,0.1,1.0,752.0,24.0,1.5826787634420532,7.837624598871421,-6.254945835429368,0.000531389935244641,0.010287013680687226,,,,-0.042411518160894765,0.05269853184158199,-14.457627055561371,8.008940673669132,False,-14.457627055561371,False,0.0,-0.004854198895129872,,,,,,
nuScenes mono,nuScenes,mono,brake/J,plan_ade/JC_ade,False,R1_gbm_reg,0.2,1.0,752.0,24.0,9.757782355842815,15.675249197742842,-5.917466841900026,0.003276209584644787,0.05741996127024334,,,,-0.02159826630051098,0.07901822757075432,-23.9394478271746,9.657116350330071,False,-23.9394478271746,False,0.0,-0.008037753411822116,,,,,,
nuScenes mono,nuScenes,mono,brake/J,plan_ade/JC_ade,False,R1_gbm_reg,0.3,1.0,752.0,24.0,8.944999797575575,23.61737545793255,-14.672375660356975,0.0030033149954318216,0.05122291699704224,,,,-0.007799733507747218,0.059022650504789456,-25.49816319181118,0.7784954572077252,False,-25.49816319181118,False,0.0,-0.008561097552030128,,,,,,
nuScenes mono,nuScenes,mono,brake/J,plan_ade/JC_ade,False,R1_gbm_reg,0.5,1.0,752.0,24.0,9.7551833786412,39.29262465567539,-29.53744127703419,0.003275336968951211,0.05586224358980979,,,,0.09878847583781727,-0.042926232248007484,-59.58662989485262,-1.1777273441521092,False,-59.58662989485262,False,0.0,-0.02000641957968082,,,,,,
nuScenes mono,nuScenes,mono,brake/J,plan_ade/JC_ade,False,R1_gbm_clf,0.1,1.0,752.0,24.0,6.324235919471935,7.837624598871421,-1.513388679399486,0.0021233843489573477,0.0411059419802996,,,,0.04857738130451456,-0.007471439324214964,-22.689760919518726,24.80777496570293,False,-22.689760919518726,False,0.0,-0.007618166657848689,,,,,,
nuScenes mono,nuScenes,mono,brake/J,plan_ade/JC_ade,False,R1_gbm_clf,0.2,1.0,752.0,24.0,7.497530000956636,15.675249197742842,-8.177719196786207,0.002517321944118555,0.04411943888250754,,,,0.09010515101103672,-0.04598571212852918,-37.193518090444336,21.77090465337328,False,-37.193518090444336,False,0.0,-0.012487853900697916,,,,,,
nuScenes mono,nuScenes,mono,brake/J,plan_ade/JC_ade,False,R1_gbm_clf,0.3,1.0,752.0,24.0,11.20167397571845,23.61737545793255,-12.4157014822141,0.003761001250590512,0.06414560416666198,,,,0.2585242157551838,-0.19437861158852182,-39.34871939363207,18.497373060974343,False,-39.34871939363207,False,0.0,-0.013211470282868464,,,,,,
nuScenes mono,nuScenes,mono,brake/J,plan_ade/JC_ade,False,R1_gbm_clf,0.5,1.0,752.0,24.0,39.48148715075836,39.29262465567539,0.18886249508297226,0.013256047522098288,0.22608744160899785,,,,0.38476561001988047,-0.15867816841088261,-41.01918932106766,26.699154099588522,False,-41.01918932106766,False,0.0,-0.01377233640875088,,,,,,
nuScenes mono,nuScenes,mono,brake/J,plan_fde/JC_fde,False,gate_ridge,0.1,1.0,752.0,24.0,-26.99228499135725,17.368684980013377,-44.36096997137062,-0.004710887059718976,-0.06499010344429058,,,,-0.023657037705264533,-0.04133306573902605,-75.37279431375256,-5.460996065888503,False,-75.37279431375256,False,0.0,-0.013154600342327774,,,,,,
nuScenes mono,nuScenes,mono,brake/J,plan_fde/JC_fde,False,gate_ridge,0.2,1.0,752.0,24.0,-50.68103187894106,34.737369960026754,-85.41840183896781,-0.008845216969521303,-0.11629073524499485,,,,-0.04308242201009874,-0.0732083132348961,-173.5332171576736,-10.284790636641315,False,-173.5332171576736,False,0.0,-0.03028626095942763,,,,,,
nuScenes mono,nuScenes,mono,brake/J,plan_fde/JC_fde,False,gate_ridge,0.3,1.0,752.0,24.0,-68.9458508274549,52.33763740644031,-121.28348823389521,-0.012032924096213777,-0.15820048226263525,,,,0.09547778441190438,-0.25367826667453963,-207.17789978507008,-22.13571731711262,False,-207.17789978507008,False,0.0,-0.0361581721395483,,,,,,
nuScenes mono,nuScenes,mono,brake/J,plan_fde/JC_fde,False,gate_ridge,0.5,1.0,752.0,24.0,5.44265310180252,87.07500736646706,-81.63235426466454,0.0009498908327335202,0.012488501268165012,,,,0.2036420128657107,-0.1911535115975457,-200.45960314000888,24.799955692651114,False,-200.45960314000888,False,0.0,-0.03498564685172231,,,,,,
nuScenes mono,nuScenes,mono,brake/J,plan_fde/JC_fde,False,gate_gbm,0.1,1.0,752.0,24.0,30.642213831057507,17.368684980013377,13.27352885104413,0.005347898803828249,0.0737781424314446,,,,0.0516761938664191,0.022101948565025495,-60.390441984233476,77.83340056313921,False,-60.390441984233476,False,0.0,-0.010539772818986153,,,,,,
nuScenes mono,nuScenes,mono,brake/J,plan_fde/JC_fde,False,gate_gbm,0.2,1.0,752.0,24.0,70.91114709527044,34.737369960026754,36.17377713524368,0.012375921688286128,0.16270997505481888,,,,0.07862635187025536,0.08408362318456351,-64.51715407777598,157.28071697703916,False,-64.51715407777598,False,0.0,-0.011259996194179469,,,,,,
nuScenes mono,nuScenes,mono,brake/J,plan_fde/JC_fde,False,gate_gbm,0.3,1.0,752.0,24.0,66.20046336758577,52.33763740644031,13.862825961145461,0.011553779397543273,0.151901022397588,,,,0.1859409409375804,-0.034039918539992414,-71.94191421007463,127.35749302796148,False,-71.94191421007463,False,0.0,-0.012555818553789354,,,,,,
nuScenes mono,nuScenes,mono,brake/J,plan_fde/JC_fde,False,gate_gbm,0.5,1.0,752.0,24.0,95.18448193474727,87.07500736646706,8.109474568280206,0.016612278077829695,0.21840663020724924,,,,0.18536418341719293,0.0330424467900563,-70.28383173908348,84.26675976296839,False,-70.28383173908348,False,0.0,-0.012266438115673793,,,,,,
nuScenes mono,nuScenes,mono,brake/J,plan_fde/JC_fde,False,R1_mlp_reg,0.1,1.0,752.0,24.0,52.874337629043694,17.368684980013377,35.50565264903032,0.009228008410834036,0.12730706841455547,,,,0.1521784154515276,-0.024871347036972136,-16.07766259074591,122.30895773061897,False,-16.07766259074591,False,0.0,-0.0028059889214093665,,,,,,
nuScenes mono,nuScenes,mono,brake/J,plan_fde/JC_fde,False,R1_mlp_reg,0.2,1.0,752.0,24.0,104.0035932567072,34.737369960026754,69.26622329668045,0.018151452601888877,0.23864262189518343,,,,0.2602225170775465,-0.021579895182363085,-3.0786966434628176,150.9514650418656,False,-3.0786966434628176,False,0.0,-0.0005373162065802551,,,,,,
nuScenes mono,nuScenes,mono,brake/J,plan_fde/JC_fde,False,R1_mlp_reg,0.3,1.0,752.0,24.0,97.18998312755348,52.33763740644031,44.85234572111317,0.01696229252160379,0.22300837566506135,,,,0.25182021784553055,-0.0288118421804692,-22.601660388886092,128.17952803479045,False,-22.601660388886092,False,0.0,-0.003944603781719801,,,,,,
nuScenes mono,nuScenes,mono,brake/J,plan_fde/JC_fde,False,R1_mlp_reg,0.5,1.0,752.0,24.0,163.3031045104082,87.07500736646706,76.22809714394113,0.028500828369896918,0.37470898652315277,,,,0.365311070310165,0.009397916212987745,-9.320443619714737,205.88072243327025,False,-9.320443619714737,False,0.0,-0.0016266706302565104,,,,,,
nuScenes mono,nuScenes,mono,brake/J,plan_fde/JC_fde,False,R1_mlp_clf,0.1,1.0,752.0,24.0,-18.16221068628679,17.368684980013377,-35.53089566630017,-0.0031697991972637336,-0.043729678745490545,,,,0.004847750510364475,-0.04857742925585502,-62.228984038226876,-10.8755173380935,False,-62.228984038226876,False,0.0,-0.010860648357077125,,,,,,
nuScenes mono,nuScenes,mono,brake/J,plan_fde/JC_fde,False,R1_mlp_clf,0.2,1.0,752.0,24.0,-20.66768118282296,34.737369960026754,-55.405051142849715,-0.00360707186774788,-0.047423261750089,,,,0.06451563092146581,-0.11193889267155481,-86.58439678721372,-29.26231643639105,False,-86.58439678721372,False,0.0,-0.015111329571729915,,,,,,
nuScenes mono,nuScenes,mono,brake/J,plan_fde/JC_fde,False,R1_mlp_clf,0.3,1.0,752.0,24.0,7.794054885469848,52.33763740644031,-44.54358252097046,0.0013602743270699712,0.01788393684122579,,,,0.19103892955883386,-0.17315499271760806,-85.47118785523993,12.488054231735989,False,-85.47118785523993,False,0.0,-0.014917044369344195,,,,,,
nuScenes mono,nuScenes,mono,brake/J,plan_fde/JC_fde,False,R1_mlp_clf,0.5,1.0,752.0,24.0,31.045884482739623,87.07500736646706,-56.02912288372744,0.005418350299505866,0.07123668557997803,,,,0.18389904179966346,-0.11266235621968543,-113.88053394637954,4.179497722631971,False,-113.88053394637954,False,0.0,-0.019875247089813395,,,,,,
nuScenes mono,nuScenes,mono,brake/J,plan_fde/JC_fde,False,R1_gbm_reg,0.1,1.0,752.0,24.0,9.778515631132862,17.368684980013377,-7.590169348880515,0.001706616641188895,0.023544014247123657,,,,-0.1153245115766636,0.13886852582378725,-38.120334063429894,40.22161183564249,False,-38.120334063429894,False,0.0,-0.006653033950592804,,,,,,
nuScenes mono,nuScenes,mono,brake/J,plan_fde/JC_fde,False,R1_gbm_reg,0.2,1.0,752.0,24.0,23.425817361593822,34.737369960026754,-11.311552598432932,0.00408844156422503,0.05375197433236695,,,,-0.06207022040858505,0.115822194740952,-65.71462253143778,44.235671673518354,False,-65.71462253143778,False,0.0,-0.011468986972269701,,,,,,
nuScenes mono,nuScenes,mono,brake/J,plan_fde/JC_fde,False,R1_gbm_reg,0.3,1.0,752.0,24.0,21.216936125633012,52.33763740644031,-31.120701280807296,0.0037029317774739017,0.048683560894922887,,,,-0.0065369250984928535,0.05522048599341574,-73.02161748430939,59.82441696794416,False,-73.02161748430939,False,0.0,-0.012744256108615015,,,,,,
nuScenes mono,nuScenes,mono,brake/J,plan_fde/JC_fde,False,R1_gbm_reg,0.5,1.0,752.0,24.0,47.19126432632988,87.07500736646706,-39.88374304013718,0.008236157721284738,0.10828324961414466,,,,0.1569870725547404,-0.048703822940595734,-126.87625090248304,49.07202428530865,False,-126.87625090248304,False,0.0,-0.02214335276741279,,,,,,
nuScenes mono,nuScenes,mono,brake/J,plan_fde/JC_fde,False,R1_gbm_clf,0.1,1.0,752.0,24.0,3.7824657722133965,17.368684980013377,-13.586219207799981,0.0006601430396076317,0.009107151983959415,,,,0.0726390887865458,-0.0635319368025864,-64.91349428705496,42.637177540684476,False,-64.91349428705496,False,0.0,-0.011329168328503647,,,,,,
nuScenes mono,nuScenes,mono,brake/J,plan_fde/JC_fde,False,R1_gbm_clf,0.2,1.0,752.0,24.0,-2.9619398107193913,34.737369960026754,-37.69930977074615,-0.0005169389672068232,-0.006796352512370666,,,,0.13124556804721843,-0.1380419205595891,-99.44831894932186,41.969001900709344,False,-99.44831894932186,False,0.0,-0.01735643347716479,,,,,,
nuScenes mono,nuScenes,mono,brake/J,plan_fde/JC_fde,False,R1_gbm_clf,0.3,1.0,752.0,24.0,7.099700224863227,52.33763740644031,-45.23793718157708,0.001239090574506798,0.016290697496857097,,,,0.10391328012805408,-0.08762258263119699,-115.64652694513644,29.58961458275853,False,-115.64652694513644,False,0.0,-0.020183460846746607,,,,,,
nuScenes mono,nuScenes,mono,brake/J,plan_fde/JC_fde,False,R1_gbm_clf,0.5,1.0,752.0,24.0,63.38764972428305,87.07500736646706,-23.68735764218401,0.01106286699802324,0.14544684902029445,,,,0.20416971796839067,-0.058722868948096224,-160.63544907007486,41.33991813311243,False,-160.63544907007486,False,0.0,-0.02803525002046562,,,,,,
nuScenes mono,nuScenes,mono,plan_ade/JC_ade,brake/J,False,gate_ridge,0.1,1.0,955.0,24.0,17.352738760426334,5.5644537916439685,11.788284968782365,0.05221705966200037,0.20387701808760175,,,,0.25354712535739377,-0.04967010726979201,-4.758510536822482,25.638589689763634,False,-4.75852416411142,False,1.0,-0.014319090031492655,,,,,,
nuScenes mono,nuScenes,mono,plan_ade/JC_ade,brake/J,False,gate_ridge,0.2,1.0,955.0,24.0,37.68924676468809,11.070944522958314,26.61830224172978,0.1134127398618903,0.44281028778442894,,,,0.29824029841939104,0.1445699893650379,-6.755779698652067,49.93624909431811,False,-6.762567496939211,False,1.0,-0.02032918010569871,,,,,,
nuScenes mono,nuScenes,mono,plan_ade/JC_ade,brake/J,False,gate_ridge,0.3,1.0,955.0,24.0,43.52586831586635,16.577435254272658,26.94843306159369,0.13097603174163874,0.5113846502518565,,,,0.2869807574085317,0.22440389284332485,4.452566351149882,54.51884366198468,True,4.877308838631891,True,1.0,0.013398456924692183,,,,,,
nuScenes mono,nuScenes,mono,plan_ade/JC_ade,brake/J,False,gate_ridge,0.5,1.0,955.0,24.0,47.991805614227864,27.706342837560594,20.28546277666727,0.14441472390285046,0.5638548678887741,,,,0.3125981169886264,0.25125675090014776,3.9118474182194762,42.43935847232639,True,3.923590184552572,True,1.0,0.011771350496651513,,,,,,
nuScenes mono,nuScenes,mono,plan_ade/JC_ade,brake/J,False,gate_gbm,0.1,1.0,955.0,24.0,6.242867137040088,5.5644537916439685,0.6784133453961196,0.018785747325383854,0.07334733460745917,,,,0.24684134110422165,-0.1734940064967625,-10.73303582219025,11.647661524335707,False,-10.737694634606633,False,1.0,-0.032297355456063236,,,,,,
nuScenes mono,nuScenes,mono,plan_ade/JC_ade,brake/J,False,gate_gbm,0.2,1.0,955.0,24.0,11.447916067891082,11.070944522958314,0.3769715449327684,0.03444854005904223,0.13450136162721985,,,,0.39691477624114474,-0.26241341461392487,-21.198555903272037,16.525817658412517,False,-21.203931530082652,False,1.0,-0.06378971490504998,,,,,,
nuScenes mono,nuScenes,mono,plan_ade/JC_ade,brake/J,False,gate_gbm,0.3,1.0,955.0,24.0,15.286112261577117,16.577435254272658,-1.291322992695541,0.04599826269402082,0.17959626022550118,,,,0.4532166666028495,-0.2736204063773483,-20.949019877817143,23.467071482728052,False,-20.95061148586729,False,1.0,-0.06303882262753167,,,,,,
nuScenes mono,nuScenes,mono,plan_ade/JC_ade,brake/J,False,gate_gbm,0.5,1.0,955.0,24.0,28.86389687069573,27.706342837560594,1.1575540331351348,0.08685590475275011,0.3391214093423559,,,,0.5803771463800486,-0.24125573703769265,-17.947600177033344,20.828977129212547,False,-17.955653777791383,False,1.0,-0.05400708915016556,,,,,,
nuScenes mono,nuScenes,mono,plan_ade/JC_ade,brake/J,False,R1_mlp_reg,0.1,0.787434554973822,955.0,24.0,0.9614252148090905,5.5644537916439685,-4.603028576834878,0.002893076331946369,0.011295767694983357,,,,0.12435328566754772,-0.11305751797256436,-14.165211869939506,2.262985174677139,False,-14.166582471029058,False,1.0,-0.042625301028812033,,,,,,
nuScenes mono,nuScenes,mono,plan_ade/JC_ade,brake/J,False,R1_mlp_reg,0.2,0.787434554973822,955.0,24.0,0.06098254133360692,11.070944522958314,-11.009961981624707,0.00018350584556827164,0.0007164827900742418,,,,0.30948627394900996,-0.3087697911589357,-29.37904276324568,2.4556611767446586,False,-29.38275283438795,False,1.0,-0.08840605796932825,,,,,,
nuScenes mono,nuScenes,mono,plan_ade/JC_ade,brake/J,False,R1_mlp_reg,0.3,0.787434554973822,955.0,24.0,28.20552964890053,16.577435254272658,11.628094394627873,0.08487477653001757,0.33138626460011317,,,,0.379525885455376,-0.048139620855262855,-25.863355717308913,35.007650352430005,False,-25.864363366253787,False,1.0,-0.07782681495961608,,,,,,
nuScenes mono,nuScenes,mono,plan_ade/JC_ade,brake/J,False,R1_mlp_reg,0.5,0.787434554973822,955.0,24.0,36.50798931371839,27.706342837560594,8.801646476157796,0.10985815452265063,0.42893171506905503,,,,0.4593847770802444,-0.030453062011189358,-11.433248123569278,35.48047135366806,False,-11.434229420153665,False,1.0,-0.03440440195874896,,,,,,
nuScenes mono,nuScenes,mono,plan_ade/JC_ade,brake/J,False,R1_mlp_clf,0.1,0.787434554973822,955.0,24.0,3.877584419130564,5.5644537916439685,-1.6868693725134043,0.011668247862979363,0.04555767015626195,,,,0.13844807809859735,-0.09289040794233541,-9.9785675818397,7.486765570993722,False,-9.979277789680092,False,1.0,-0.030027044488821937,,,,,,
nuScenes mono,nuScenes,mono,plan_ade/JC_ade,brake/J,False,R1_mlp_clf,0.2,0.787434554973822,955.0,24.0,10.597566803438966,11.070944522958314,-0.47337771951934826,0.03188970834443723,0.12451062329115653,,,,0.25063237050992715,-0.12612174721877062,-11.961133406765933,7.175062630372418,False,-11.962937244996562,False,1.0,-0.035992889961013706,,,,,,
nuScenes mono,nuScenes,mono,plan_ade/JC_ade,brake/J,False,R1_mlp_clf,0.3,0.787434554973822,955.0,24.0,9.255753790148926,16.577435254272658,-7.321681464123731,0.027851986625834404,0.10874568613872333,,,,0.34028534538552363,-0.2315396592468003,-21.080241005233443,24.90699527949967,False,-21.082294131798175,False,1.0,-0.06343368718083424,,,,,,
nuScenes mono,nuScenes,mono,plan_ade/JC_ade,brake/J,False,R1_mlp_clf,0.5,0.787434554973822,955.0,24.0,23.822476450061476,27.706342837560594,-3.8838663874991184,0.07168549537127342,0.27988985076966166,,,,0.3389171404874944,-0.05902728971783272,-17.875393006546073,20.399477910573253,False,-17.87854891142607,False,1.0,-0.053789806669203154,,,,,,
nuScenes mono,nuScenes,mono,plan_ade/JC_ade,brake/J,False,R1_gbm_reg,0.1,0.787434554973822,955.0,24.0,13.594974070300081,5.5644537916439685,8.030520278656113,0.04090936779104524,0.15972710778958038,,,,0.08380121095107769,0.07592589683850269,-9.219537264602813,31.80037126029257,False,-9.219892805207309,False,1.0,-0.027743005530613603,,,,,,
nuScenes mono,nuScenes,mono,plan_ade/JC_ade,brake/J,False,R1_gbm_reg,0.2,0.787434554973822,955.0,24.0,29.001561879716864,11.070944522958314,17.93061735675855,0.0872701599368263,0.34073883307711755,,,,0.37977490888515203,-0.039036075808034476,-3.942499984190733,46.108831052501934,False,-3.9469579028851327,False,1.0,-0.011863588781812859,,,,,,
nuScenes mono,nuScenes,mono,plan_ade/JC_ade,brake/J,False,R1_gbm_reg,0.3,0.787434554973822,955.0,24.0,30.87743388829423,16.577435254272658,14.299998634021573,0.09291494730684917,0.3627784198364677,,,,0.33915880749194344,0.023619612344524255,-6.379161084484911,34.46202808871675,False,-6.379585882845938,False,1.0,-0.01919587677431708,,,,,,
nuScenes mono,nuScenes,mono,plan_ade/JC_ade,brake/J,False,R1_gbm_reg,0.5,0.787434554973822,955.0,24.0,44.19193200313128,27.706342837560594,16.485589165570683,0.13298031981263317,0.5192102206295823,,,,0.5301900932103388,-0.0109798725807565,-11.630203709586185,49.408570561637205,False,-11.634668357432176,False,1.0,-0.0349970716074884,,,,,,
nuScenes mono,nuScenes,mono,plan_ade/JC_ade,brake/J,False,R1_gbm_clf,0.1,0.787434554973822,955.0,24.0,4.843348776542381,5.5644537916439685,-0.7211050151015872,0.014574381342347625,0.05690441836026549,,,,0.2602057047748347,-0.20330128641456918,-10.618673209769813,13.598160490053514,False,-10.620107473953531,False,1.0,-0.03195322076710688,,,,,,
nuScenes mono,nuScenes,mono,plan_ade/JC_ade,brake/J,False,R1_gbm_clf,0.2,0.787434554973822,955.0,24.0,15.658774614766871,11.070944522958314,4.5878300918085575,0.047119661027675716,0.18397466356406267,,,,0.3273581565920526,-0.14338349302798992,-5.909206696823767,14.000203925326655,False,-5.911323036770371,False,1.0,-0.017781711746091992,,,,,,
nuScenes mono,nuScenes,mono,plan_ade/JC_ade,brake/J,False,R1_gbm_clf,0.3,0.787434554973822,955.0,24.0,18.34202458164278,16.577435254272658,1.7645893273701212,0.05519397284339612,0.21550011955017442,,,,0.33367113716952496,-0.11817101761935053,-10.842323199835796,28.23342714356833,False,-10.847930891565653,False,1.0,-0.03262621798304574,,,,,,
nuScenes mono,nuScenes,mono,plan_ade/JC_ade,brake/J,False,R1_gbm_clf,0.5,0.787434554973822,955.0,24.0,34.73338418692102,27.706342837560594,7.027041349360427,0.10451809477405373,0.4080819110969281,,,,0.265016786247473,0.1430651248494551,-9.32532240234874,29.3691660973069,False,-9.326085708688622,False,1.0,-0.028061329279117742,,,,,,
nuScenes mono,nuScenes,mono,plan_ade/JC_ade,plan_ade/JC_ade,True,gate_ridge,0.1,1.0,752.0,24.0,-1.2211050702145243,7.837624598871421,-9.058729669085945,-0.000409990301997223,-0.00793687566485962,-0.0079368756648596,True,,-0.00793687566485962,0.0,-24.680043069978026,21.88620895187331,False,-24.680043069978026,False,0.0,-0.008286410857164916,,,,,,
nuScenes mono,nuScenes,mono,plan_ade/JC_ade,plan_ade/JC_ade,True,gate_ridge,0.2,1.0,752.0,24.0,10.647596671293366,15.675249197742842,-5.027652526449476,0.0035749678559939776,0.06265610014561854,0.0626561001456185,True,,0.06265610014561854,0.0,-30.57990694098406,25.30435886871327,False,-30.57990694098406,False,0.0,-0.010267310805267922,,,,,,
nuScenes mono,nuScenes,mono,plan_ade/JC_ade,plan_ade/JC_ade,True,gate_ridge,0.3,1.0,752.0,24.0,24.454020485091117,23.61737545793255,0.8366450271585677,0.008210522983061096,0.1400342414642978,0.1400342414642978,True,,0.1400342414642978,0.0,-26.879815611105435,25.086677566755196,False,-26.879815611105435,False,0.0,-0.009024992188502425,,,,,,
nuScenes mono,nuScenes,mono,plan_ade/JC_ade,plan_ade/JC_ade,True,gate_ridge,0.5,1.0,752.0,24.0,38.4079457740058,39.29262465567539,-0.8846788816695863,0.01289560224675112,0.21993989649742204,0.219939896497422,True,,0.21993989649742204,0.0,-26.50215319054308,32.09354963259851,False,-26.50215319054308,False,0.0,-0.008898190708731187,,,,,,
nuScenes mono,nuScenes,mono,plan_ade/JC_ade,plan_ade/JC_ade,True,gate_gbm,0.1,1.0,752.0,24.0,4.597520811645431,7.837624598871421,-3.2401037872259897,0.0015436337068634733,0.029882728307911867,0.0298827283079118,True,,0.029882728307911867,0.0,-19.466811352516363,13.142574619613303,False,-19.466811352516363,False,0.0,-0.006536050058279597,,,,,,
nuScenes mono,nuScenes,mono,plan_ade/JC_ade,plan_ade/JC_ade,True,gate_gbm,0.2,1.0,752.0,24.0,7.1417770190609815,15.675249197742842,-8.53347217868186,0.0023978766350771404,0.042025999851251584,0.0420259998512515,True,,0.042025999851251584,0.0,-25.607114844073255,16.215821200886126,False,-25.607114844073255,False,0.0,-0.008597678450679724,,,,,,
nuScenes mono,nuScenes,mono,plan_ade/JC_ade,plan_ade/JC_ade,True,gate_gbm,0.3,1.0,752.0,24.0,17.842231302118144,23.61737545793255,-5.775144155814406,0.005990591619257297,0.10217229219816593,0.1021722921981659,True,,0.10217229219816593,0.0,-21.495693319231307,9.273492325530803,False,-21.495693319231307,False,0.0,-0.007217254281028459,,,,,,
nuScenes mono,nuScenes,mono,plan_ade/JC_ade,plan_ade/JC_ade,True,gate_gbm,0.5,1.0,752.0,24.0,44.470508755735,39.29262465567539,5.177884100059607,0.014931128990833566,0.25465665751756117,0.2546566575175611,True,,0.25465665751756117,0.0,-28.717319561334932,30.555330406491915,False,-28.717319561334932,False,0.0,-0.009641940572267084,,,,,,
nuScenes mono,nuScenes,mono,plan_ade/JC_ade,plan_ade/JC_ade,True,R1_mlp_reg,0.1,1.0,752.0,24.0,26.168917021691158,7.837624598871421,18.331292422819736,0.008786305498492894,0.1700913752235117,0.1700913752235117,True,,0.1700913752235117,0.0,-10.543267495419677,58.88323372669972,False,-10.543267495419677,False,0.0,-0.003539938969973497,,,,,,
nuScenes mono,nuScenes,mono,plan_ade/JC_ade,plan_ade/JC_ade,True,R1_mlp_reg,0.2,1.0,752.0,24.0,42.49721238938536,15.675249197742842,26.821963191642517,0.0142685878279936,0.2500761136602585,0.2500761136602585,True,,0.2500761136602585,0.0,-12.372322270317298,72.54214151349686,False,-12.372322270317298,False,0.0,-0.004154050513542796,,,,,,
nuScenes mono,nuScenes,mono,plan_ade/JC_ade,plan_ade/JC_ade,True,R1_mlp_reg,0.3,1.0,752.0,24.0,47.12051644375705,23.61737545793255,23.503140985824498,0.01582087834886076,0.2698323484937942,0.2698323484937942,True,,0.2698323484937942,0.0,-17.931224307549392,63.33329768698826,False,-17.931224307549392,False,0.0,-0.006020471332365022,,,,,,
nuScenes mono,nuScenes,mono,plan_ade/JC_ade,plan_ade/JC_ade,True,R1_mlp_reg,0.5,1.0,752.0,24.0,47.24172641587957,39.29262465567539,7.949101760204179,0.0158615750213157,0.2705258042022175,0.2705258042022175,True,,0.2705258042022175,0.0,-25.933350904641472,37.35500945357223,False,-25.933350904641472,False,0.0,-0.008707213350056768,,,,,,
nuScenes mono,nuScenes,mono,plan_ade/JC_ade,plan_ade/JC_ade,True,R1_mlp_clf,0.1,1.0,752.0,24.0,10.944249352749996,7.837624598871421,3.1066247538785747,0.0036745700322729793,0.07113486666854715,0.0711348666685471,True,,0.07113486666854715,0.0,-17.99982134681622,30.858000603509193,False,-17.99982134681622,False,0.0,-0.006043503028433716,,,,,,
nuScenes mono,nuScenes,mono,plan_ade/JC_ade,plan_ade/JC_ade,True,R1_mlp_clf,0.2,1.0,752.0,24.0,17.288342146574642,15.675249197742842,1.6130929488318007,0.005804621396306399,0.10173376493569976,0.1017337649356997,True,,0.10173376493569976,0.0,-23.873844577171525,40.762109092759,False,-23.873844577171525,False,0.0,-0.008015726890978963,,,,,,
nuScenes mono,nuScenes,mono,plan_ade/JC_ade,plan_ade/JC_ade,True,R1_mlp_clf,0.3,1.0,752.0,24.0,21.039280784025905,23.61737545793255,-2.5780946739066444,0.007064012174588506,0.1204799729084085,0.1204799729084085,True,,0.1204799729084085,0.0,-30.37592103415099,36.31359606458628,False,-30.37592103415099,False,0.0,-0.010198821822963578,,,,,,
nuScenes mono,nuScenes,mono,plan_ade/JC_ade,plan_ade/JC_ade,True,R1_mlp_clf,0.5,1.0,752.0,24.0,28.726755008600108,39.29262465567539,-10.565869647075282,0.009645108556716651,0.16450136543294094,0.1645013654329409,True,,0.16450136543294094,0.0,-42.515532059423435,31.532624449474838,False,-42.515532059423435,False,0.0,-0.014274738721339804,,,,,,
nuScenes mono,nuScenes,mono,plan_ade/JC_ade,plan_ade/JC_ade,True,R1_gbm_reg,0.1,1.0,752.0,24.0,-6.525101570011802,7.837624598871421,-14.362726168883222,-0.0021908256942882952,-0.042411518160894765,-0.0424115181608947,True,,-0.042411518160894765,0.0,-27.466943136720243,-3.5744214054617993,False,-27.466943136720243,False,0.0,-0.00922212231056097,,,,,,
nuScenes mono,nuScenes,mono,plan_ade/JC_ade,plan_ade/JC_ade,True,R1_gbm_reg,0.2,1.0,752.0,24.0,-3.670346986686976,15.675249197742842,-19.345596184429816,-0.001232331849414093,-0.02159826630051098,-0.0215982663005109,True,,-0.02159826630051098,0.0,-35.71953249229058,-6.100033647156669,False,-35.71953249229058,False,0.0,-0.01199295807619655,,,,,,
nuScenes mono,nuScenes,mono,plan_ade/JC_ade,plan_ade/JC_ade,True,R1_gbm_reg,0.3,1.0,752.0,24.0,-1.362058600683966,23.61737545793255,-24.979434058616516,-0.000457315943282611,-0.007799733507747218,-0.0077997335077472,True,,-0.007799733507747218,0.0,-43.57403134814064,-1.871370277635636,False,-43.57403134814064,False,0.0,-0.01463013356297188,,,,,,
nuScenes mono,nuScenes,mono,plan_ade/JC_ade,plan_ade/JC_ade,True,R1_gbm_reg,0.5,1.0,752.0,24.0,17.25136041027482,39.29262465567539,-22.04126424540057,0.005792204648883279,0.09878847583781727,0.0987884758378172,True,,0.09878847583781727,0.0,-43.22048899174278,-2.2130209314349014,False,-43.22048899174278,False,0.0,-0.014511430479179995,,,,,,
nuScenes mono,nuScenes,mono,plan_ade/JC_ade,plan_ade/JC_ade,True,R1_gbm_clf,0.1,1.0,752.0,24.0,7.473732626468722,7.837624598871421,-0.36389197240269855,0.00250933189232774,0.04857738130451456,0.0485773813045145,True,,0.04857738130451456,0.0,-15.264116481623835,15.35476949285158,False,-15.264116481623835,False,0.0,-0.005124980543174972,,,,,,
nuScenes mono,nuScenes,mono,plan_ade/JC_ade,plan_ade/JC_ade,True,R1_gbm_clf,0.2,1.0,752.0,24.0,15.312209086453821,15.675249197742842,-0.3630401112890205,0.005141127803602459,0.09010515101103672,0.0901051510110367,True,,0.09010515101103672,0.0,-41.982833795707684,51.68153822855565,False,-41.982833795707684,False,0.0,-0.014095883414502164,,,,,,
nuScenes mono,nuScenes,mono,plan_ade/JC_ade,plan_ade/JC_ade,True,R1_gbm_clf,0.3,1.0,752.0,24.0,45.14579007150322,23.61737545793255,21.52841461357067,0.015157857056532498,0.2585242157551838,0.2585242157551838,True,,0.2585242157551838,0.0,-41.374972768292466,87.20944812639752,False,-41.374972768292466,False,0.0,-0.013891791946633208,,,,,,
nuScenes mono,nuScenes,mono,plan_ade/JC_ade,plan_ade/JC_ade,True,R1_gbm_clf,0.5,1.0,752.0,24.0,67.19134145595567,39.29262465567539,27.898716800280276,0.022559728107824646,0.38476561001988047,0.3847656100198804,True,,0.38476561001988047,0.0,-25.13429233958289,94.63827647242796,False,-25.13429233958289,False,0.0,-0.008438926639606633,,,,,,
nuScenes mono,nuScenes,mono,plan_ade/JC_ade,plan_fde/JC_fde,False,gate_ridge,0.1,1.0,752.0,24.0,22.958008795923142,17.368684980013377,5.589323815909765,0.004006796260052029,0.05527666023827625,,,,-0.023657037705264533,0.07893369794354078,-42.34211113162275,82.58873013190804,False,-42.34211113162275,False,0.0,-0.007389848746596038,,,,,,
nuScenes mono,nuScenes,mono,plan_ade/JC_ade,plan_fde/JC_fde,False,gate_ridge,0.2,1.0,752.0,24.0,71.51440515267208,34.737369960026754,36.77703519264533,0.01248120660866966,0.16409418765738143,,,,-0.04308242201009874,0.20717660966748017,-43.511308040623376,113.86950635392199,False,-43.511308040623376,False,0.0,-0.0075939053720591315,,,,,,
nuScenes mono,nuScenes,mono,plan_ade/JC_ade,plan_fde/JC_fde,False,gate_ridge,0.3,1.0,752.0,24.0,86.68348729557664,52.33763740644031,34.34584988913633,0.015128623557538724,0.19890057675387254,,,,0.09547778441190438,0.10342279234196816,-46.36768638507324,109.72034686345188,False,-46.36768638507324,False,0.0,-0.0080924209954989,,,,,,
nuScenes mono,nuScenes,mono,plan_ade/JC_ade,plan_fde/JC_fde,False,gate_ridge,0.5,1.0,752.0,24.0,103.36310281503563,87.07500736646706,16.28809544856857,0.01803966961891762,0.23717297730394282,,,,0.2036420128657107,0.033530964438232114,-51.74798225106962,91.75847023032188,False,-51.74798225106962,False,0.0,-0.009031428796457488,,,,,,
nuScenes mono,nuScenes,mono,plan_ade/JC_ade,plan_fde/JC_fde,False,gate_gbm,0.1,1.0,752.0,24.0,1.214524623381739,17.368684980013377,-16.15416035663164,0.00021196754308985252,0.002924245981193916,,,,0.0516761938664191,-0.04875194788522518,-58.37563709062017,19.938403372025828,False,-58.37563709062017,False,0.0,-0.010188134626657474,,,,,,
nuScenes mono,nuScenes,mono,plan_ade/JC_ade,plan_fde/JC_fde,False,gate_gbm,0.2,1.0,752.0,24.0,0.24247021996535656,34.737369960026754,-34.4948997400614,4.231764083580744e-05,0.0005563627872088246,,,,0.07862635187025536,-0.07806998908304653,-77.31123237680372,49.42433828828703,False,-77.31123237680372,False,0.0,-0.013492910447982717,,,,,,
nuScenes mono,nuScenes,mono,plan_ade/JC_ade,plan_fde/JC_fde,False,gate_gbm,0.3,1.0,752.0,24.0,48.602525111211655,52.33763740644031,-3.735112295228653,0.008482461069501354,0.11152147401905312,,,,0.1859409409375804,-0.07441946691852729,-52.16338170618668,53.22364150655278,False,-52.16338170618668,False,0.0,-0.009103927286983645,,,,,,
nuScenes mono,nuScenes,mono,plan_ade/JC_ade,plan_fde/JC_fde,False,gate_gbm,0.5,1.0,752.0,24.0,119.74910516162878,87.07500736646706,32.674097795161714,0.020899472204723414,0.2747716644254518,,,,0.18536418341719293,0.08940748100825888,-52.205901218614756,95.89172884356252,False,-52.205901218614756,False,0.0,-0.009111348097076127,,,,,,
nuScenes mono,nuScenes,mono,plan_ade/JC_ade,plan_fde/JC_fde,False,R1_mlp_reg,0.1,1.0,752.0,24.0,21.85660792924936,17.368684980013377,4.487922949235983,0.0038145718858636963,0.05262478559032852,,,,0.1521784154515276,-0.09955362986119909,-95.57184202045904,120.72015565468332,False,-95.57184202045904,False,0.0,-0.016679882936618623,,,,,,
nuScenes mono,nuScenes,mono,plan_ade/JC_ade,plan_fde/JC_fde,False,R1_mlp_reg,0.2,1.0,752.0,24.0,83.78433562038538,34.737369960026754,49.04696566035862,0.014622642825815041,0.1922482954684388,,,,0.2602225170775465,-0.06797422160910771,-84.5865985209913,176.03656065448553,False,-84.5865985209913,False,0.0,-0.014762659497918466,,,,,,
nuScenes mono,nuScenes,mono,plan_ade/JC_ade,plan_fde/JC_fde,False,R1_mlp_reg,0.3,1.0,752.0,24.0,94.94433295181206,52.33763740644031,42.60669554537175,0.016570365555919214,0.2178555936407369,,,,0.25182021784553055,-0.03396462420479365,-85.4250833661944,153.89730325437037,False,-85.4250833661944,False,0.0,-0.014908997883435013,,,,,,
nuScenes mono,nuScenes,mono,plan_ade/JC_ade,plan_fde/JC_fde,False,R1_mlp_reg,0.5,1.0,752.0,24.0,105.93727912393845,87.07500736646706,18.86227175747139,0.01848893332026518,0.24307958268497773,,,,0.365311070310165,-0.12223148762518729,-92.48973735634328,115.06793798328385,False,-92.48973735634328,False,0.0,-0.016141971937845032,,,,,,
nuScenes mono,nuScenes,mono,plan_ade/JC_ade,plan_fde/JC_fde,False,R1_mlp_clf,0.1,1.0,752.0,24.0,31.346869330638977,17.368684980013377,13.9781843506256,0.005470880332646615,0.07547476181083583,,,,0.004847750510364475,0.07062701130047136,-32.67467365572616,75.11125007493295,False,-32.67467365572616,False,0.0,-0.005702618261276776,,,,,,
nuScenes mono,nuScenes,mono,plan_ade/JC_ade,plan_fde/JC_fde,False,R1_mlp_clf,0.2,1.0,752.0,24.0,28.777342907595852,34.737369960026754,-5.9600270524309025,0.005022428162710068,0.0660313778360975,,,,0.06451563092146581,0.0015157469146316882,-75.81397943733639,85.86958742567442,False,-75.81397943733639,False,0.0,-0.01323159913254865,,,,,,
nuScenes mono,nuScenes,mono,plan_ade/JC_ade,plan_fde/JC_fde,False,R1_mlp_clf,0.3,1.0,752.0,24.0,6.950828200513296,52.33763740644031,-45.38680920592701,0.001213108361689735,0.015949101508629836,,,,0.19103892955883386,-0.17508982805020404,-129.21069245768246,52.33716991610303,False,-129.21069245768246,False,0.0,-0.022550776241104645,,,,,,
nuScenes mono,nuScenes,mono,plan_ade/JC_ade,plan_fde/JC_fde,False,R1_mlp_clf,0.5,1.0,752.0,24.0,40.472851204993354,87.07500736646706,-46.60215616147371,0.00706361210518427,0.09286743875563518,,,,0.18389904179966346,-0.09103160304402828,-130.847969750358,34.19482553378926,False,-130.847969750358,False,0.0,-0.022836525610367253,,,,,,
nuScenes mono,nuScenes,mono,plan_ade/JC_ade,plan_fde/JC_fde,False,R1_gbm_reg,0.1,1.0,752.0,24.0,-38.40756298486466,17.368684980013377,-55.77624796487804,-0.006703163200843286,-0.09247499766057964,,,,-0.1153245115766636,0.02284951391608396,-89.71144675161389,-27.68941649480882,False,-89.71144675161389,False,0.0,-0.015657084746480934,,,,,,
nuScenes mono,nuScenes,mono,plan_ade/JC_ade,plan_fde/JC_fde,False,R1_gbm_reg,0.2,1.0,752.0,24.0,-29.138140790838815,34.737369960026754,-63.87551075086557,-0.005085397195523982,-0.06685925070217061,,,,-0.06207022040858505,-0.004789030293585558,-103.0206660125903,-27.03902438598438,False,-103.0206660125903,False,0.0,-0.017979905093538317,,,,,,
nuScenes mono,nuScenes,mono,plan_ade/JC_ade,plan_fde/JC_fde,False,R1_gbm_reg,0.3,1.0,752.0,24.0,-17.858520721567217,52.33763740644031,-70.19615812800753,-0.003116797047745009,-0.040977470823003695,,,,-0.0065369250984928535,-0.03444054572451084,-110.17715943206154,-15.751575947988817,False,-110.17715943206154,False,0.0,-0.019228907623466625,,,,,,
nuScenes mono,nuScenes,mono,plan_ade/JC_ade,plan_fde/JC_fde,False,R1_gbm_reg,0.5,1.0,752.0,24.0,28.612437238184157,87.07500736646706,-58.462570128282906,0.0049936476432262756,0.06565299166614419,,,,0.1569870725547404,-0.09133408088859621,-115.62119417730574,-5.442997563827406,False,-115.62119417730574,False,0.0,-0.020179039590517325,,,,,,
nuScenes mono,nuScenes,mono,plan_ade/JC_ade,plan_fde/JC_fde,False,R1_gbm_clf,0.1,1.0,752.0,24.0,6.701564075942547,17.368684980013377,-10.667120904070831,0.0011696049999229002,0.016135549201318204,,,,0.0726390887865458,-0.0565035395852276,-40.085975595579015,30.73945646834223,False,-40.085975595579015,False,0.0,-0.006996091800671537,,,,,,
nuScenes mono,nuScenes,mono,plan_ade/JC_ade,plan_fde/JC_fde,False,R1_gbm_clf,0.2,1.0,752.0,24.0,0.6627163676990993,34.737369960026754,-34.07465359232766,0.00011566201089893971,0.0015206433413334614,,,,0.13124556804721843,-0.12972492470588498,-149.55928723334736,89.01354459646333,False,-149.55928723334736,False,0.0,-0.026102158861836408,,,,,,
nuScenes mono,nuScenes,mono,plan_ade/JC_ade,plan_fde/JC_fde,False,R1_gbm_clf,0.3,1.0,752.0,24.0,60.39417550424773,52.33763740644031,8.056538097807419,0.010540424419661234,0.13857813887215928,,,,0.10391328012805408,0.0346648587441052,-144.32642639994725,138.1110938393283,False,-144.32642639994725,False,0.0,-0.025188882479593555,,,,,,
nuScenes mono,nuScenes,mono,plan_ade/JC_ade,plan_fde/JC_fde,False,R1_gbm_clf,0.5,1.0,752.0,24.0,110.2841383489866,87.07500736646706,23.20913098251954,0.01924757835088249,0.25305371771235435,,,,0.20416971796839067,0.04888399974396368,-93.92753591388212,161.7226143253243,False,-93.92753591388212,False,0.0,-0.016392906848370803,,,,,,
nuScenes mono,nuScenes,mono,plan_fde/JC_fde,brake/J,False,gate_ridge,0.1,1.0,955.0,24.0,15.283520268618178,5.5644537916439685,9.71906647697421,0.04599046298857668,0.17956580694647312,,,,0.25354712535739377,-0.07398131841092065,-5.434292250030397,24.05736340877097,False,-5.437830478496611,False,1.0,-0.016352621137115064,,,,,,
nuScenes mono,nuScenes,mono,plan_fde/JC_fde,brake/J,False,gate_ridge,0.2,1.0,955.0,24.0,18.686127789626628,11.070944522958314,7.615183266668314,0.056229432316926335,0.2195429820012658,,,,0.29824029841939104,-0.07869731641812525,-13.189485439484335,27.659444386650943,False,-13.200709380922698,False,1.0,-0.039689190139557996,,,,,,
nuScenes mono,nuScenes,mono,plan_fde/JC_fde,brake/J,False,gate_ridge,0.3,1.0,955.0,24.0,22.628828699261426,16.577435254272658,6.0513934449887685,0.06809362571430133,0.26586570464264947,,,,0.2869807574085317,-0.021115052765882214,-21.86049236816397,31.55307821808477,False,-21.86724897292646,False,1.0,-0.06578158352918562,,,,,,
nuScenes mono,nuScenes,mono,plan_fde/JC_fde,brake/J,False,gate_ridge,0.5,1.0,955.0,24.0,59.33788179937011,27.706342837560594,31.631538961809515,0.17855681209242788,0.6971597145506114,,,,0.3125981169886264,0.38456159756198505,1.9859504404749369,65.68070619815761,True,1.9852286626437303,True,1.0,0.005976030300908415,,,,,,
nuScenes mono,nuScenes,mono,plan_fde/JC_fde,brake/J,False,gate_gbm,0.1,1.0,955.0,24.0,27.97721371142211,5.5644537916439685,22.41275991977814,0.08418773876072408,0.3287037847243064,,,,0.24684134110422165,0.08186244362008474,8.025986767878754,38.52686802563251,True,8.046892142045191,True,1.0,0.02415142852611318,,,,,,
nuScenes mono,nuScenes,mono,plan_fde/JC_fde,brake/J,False,gate_gbm,0.2,1.0,955.0,24.0,33.44172025709456,11.070944522958314,22.370775734136245,0.10063127936017693,0.3929061746313454,,,,0.39691477624114474,-0.004008601609799323,6.663753459806937,38.04905614349515,True,6.8486939407722724,True,1.0,0.020052259000011088,,,,,,
nuScenes mono,nuScenes,mono,plan_fde/JC_fde,brake/J,False,gate_gbm,0.3,1.0,955.0,24.0,27.82701287910282,16.577435254272658,11.249577624830163,0.08373576135642033,0.3269390778252797,,,,0.4532166666028495,-0.12627758877756978,-2.5727663907999085,29.362733439865483,False,-2.5731949956156317,False,1.0,-0.007741849743693575,,,,,,
nuScenes mono,nuScenes,mono,plan_fde/JC_fde,brake/J,False,gate_gbm,0.5,1.0,955.0,24.0,36.849443335920796,27.706342837560594,9.143100498360202,0.11088564218873792,0.43294345228366715,,,,0.5803771463800486,-0.1474336940963814,-12.361451241722708,25.959506155023032,False,-12.369403524250028,False,1.0,-0.037197507892528466,,,,,,
nuScenes mono,nuScenes,mono,plan_fde/JC_fde,brake/J,False,R1_mlp_reg,0.1,0.787434554973822,955.0,24.0,0.18105378493413632,5.5644537916439685,-5.383400006709832,0.0005448186836937379,0.0021271976888182446,,,,0.12435328566754772,-0.12222608797872947,-13.068478480497491,1.5102570254172294,False,-13.068983158121698,False,1.0,-0.03932506158992852,,,,,,
nuScenes mono,nuScenes,mono,plan_fde/JC_fde,brake/J,False,R1_mlp_reg,0.2,0.787434554973822,955.0,24.0,1.7184483616676107,11.070944522958314,-9.352496161290704,0.0051710754057972,0.02019001914056991,,,,0.30948627394900996,-0.28929625480844007,-24.263236933653285,3.9897341498990118,False,-24.269573416830706,False,1.0,-0.07301181145233221,,,,,,
nuScenes mono,nuScenes,mono,plan_fde/JC_fde,brake/J,False,R1_mlp_reg,0.3,0.787434554973822,955.0,24.0,9.486982633417771,16.577435254272658,-7.090452620854887,0.028547789776636173,0.11146238969268954,,,,0.379525885455376,-0.2680634957626865,-25.80283932163392,11.38290343689566,False,-25.80451044751513,False,1.0,-0.07764471181802456,,,,,,
nuScenes mono,nuScenes,mono,plan_fde/JC_fde,brake/J,False,R1_mlp_reg,0.5,0.787434554973822,955.0,24.0,20.9109807353294,27.706342837560594,-6.795362102231195,0.06292435699762755,0.24568273956436262,,,,0.4593847770802444,-0.21370203751588177,-28.039162203585,8.660759527622014,False,-28.041009342126653,False,1.0,-0.08437415130089425,,,,,,
nuScenes mono,nuScenes,mono,plan_fde/JC_fde,brake/J,False,R1_mlp_clf,0.1,0.787434554973822,955.0,24.0,4.850631113809323,5.5644537916439685,-0.7138226778346457,0.014596295015157239,0.056989978410882866,,,,0.13844807809859735,-0.08145809968771449,-13.330128307429337,9.857754678672917,False,-13.33663799353557,False,1.0,-0.040112406159110325,,,,,,
nuScenes mono,nuScenes,mono,plan_fde/JC_fde,brake/J,False,R1_mlp_clf,0.2,0.787434554973822,955.0,24.0,5.093876849189832,11.070944522958314,-5.977067673768482,0.015328258842438366,0.05984786821586289,,,,0.25063237050992715,-0.19078450229406427,-24.197347785651488,13.816798055005327,False,-24.20461743962474,False,1.0,-0.072813540872697,,,,,,
nuScenes mono,nuScenes,mono,plan_fde/JC_fde,brake/J,False,R1_mlp_clf,0.3,0.787434554973822,955.0,24.0,11.166290951230339,16.577435254272658,-5.4111443030423185,0.03360108677100399,0.13119255315634565,,,,0.34028534538552363,-0.20909279222917798,-24.861542365135218,15.388262845969184,False,-24.862570387544327,False,1.0,-0.07481220451092185,,,,,,
nuScenes mono,nuScenes,mono,plan_fde/JC_fde,brake/J,False,R1_mlp_clf,0.5,0.787434554973822,955.0,24.0,36.734851840049565,27.706342837560594,9.02850900248897,0.11054081875427743,0.43159711884322466,,,,0.3389171404874944,0.09267997835573027,-21.66142939122938,46.143187379123965,False,-21.663524780728817,False,1.0,-0.06518257241707265,,,,,,
nuScenes mono,nuScenes,mono,plan_fde/JC_fde,brake/J,False,R1_gbm_reg,0.1,0.787434554973822,955.0,24.0,13.612999096876624,5.5644537916439685,8.048545305232656,0.04096360786813918,0.15993888350522453,,,,0.08380121095107769,0.07613767255414684,-9.700772426071316,37.372286973963675,False,-9.702161710042466,False,1.0,-0.029191116142130453,,,,,,
nuScenes mono,nuScenes,mono,plan_fde/JC_fde,brake/J,False,R1_gbm_reg,0.2,0.787434554973822,955.0,24.0,24.92233064218485,11.070944522958314,13.851386119226536,0.07499512578538313,0.29281201804925205,,,,0.37977490888515203,-0.08696289083589998,-11.375024948232998,43.63571006261691,False,-11.37953308079918,False,1.0,-0.034229199469838156,,,,,,
nuScenes mono,nuScenes,mono,plan_fde/JC_fde,brake/J,False,R1_gbm_reg,0.3,0.787434554973822,955.0,24.0,38.61382227198147,16.577435254272658,22.03638701770881,0.11619492975669031,0.45367310892328494,,,,0.33915880749194344,0.1145143014313415,-12.8156485685727,73.66778460945332,False,-12.821987305705887,False,1.0,-0.03856425750144521,,,,,,
nuScenes mono,nuScenes,mono,plan_fde/JC_fde,brake/J,False,R1_gbm_reg,0.5,0.787434554973822,955.0,24.0,41.91874028247745,27.706342837560594,14.212397444916856,0.12613993632393308,0.492502531662049,,,,0.5301900932103388,-0.03768756154828984,-14.068483046532005,54.92518572637747,False,-14.070928016025173,False,1.0,-0.042334229122951074,,,,,,
nuScenes mono,nuScenes,mono,plan_fde/JC_fde,brake/J,False,R1_gbm_clf,0.1,0.787434554973822,955.0,24.0,0.26053686756248684,5.5644537916439685,-5.303916924081482,0.0007839955032739063,0.0030610430084766172,,,,0.2602057047748347,-0.2571446617663581,-17.03048257434226,6.15117370559194,False,-17.032112436352463,False,1.0,-0.05124734123728829,,,,,,
nuScenes mono,nuScenes,mono,plan_fde/JC_fde,brake/J,False,R1_gbm_clf,0.2,0.787434554973822,955.0,24.0,5.501290660867144,11.070944522958314,-5.56965386209117,0.016554229659217636,0.06463456582015699,,,,0.3273581565920526,-0.2627235907718956,-17.963016783447962,11.992657708839456,False,-17.965104491006343,False,1.0,-0.05405348008983519,,,,,,
nuScenes mono,nuScenes,mono,plan_fde/JC_fde,brake/J,False,R1_gbm_clf,0.3,0.787434554973822,955.0,24.0,18.329955349160205,16.577435254272658,1.7525200948875472,0.055157654666691106,0.21535831835307667,,,,0.33367113716952496,-0.11831281881644828,-15.188473693412373,51.910673665330556,False,-15.188876216704518,False,1.0,-0.04570445322627283,,,,,,
nuScenes mono,nuScenes,mono,plan_fde/JC_fde,brake/J,False,R1_gbm_clf,0.5,0.787434554973822,955.0,24.0,42.44093388043725,27.706342837560594,14.734591042876655,0.1277112971699781,0.4986377749274679,,,,0.265016786247473,0.23362098867999492,-12.213556461818063,50.85401831249589,False,-12.223872284919414,False,1.0,-0.03675246975459539,,,,,,
nuScenes mono,nuScenes,mono,plan_fde/JC_fde,plan_ade/JC_ade,False,gate_ridge,0.1,1.0,752.0,24.0,-6.270678847434054,7.837624598871421,-14.108303446305474,-0.002105402374535572,-0.04075783448971002,,,,-0.00793687566485962,-0.0328209588248504,-25.48312067816284,-0.5886400226665659,False,-25.48312067816284,False,0.0,-0.008556046975413983,,,,,,
nuScenes mono,nuScenes,mono,plan_fde/JC_fde,plan_ade/JC_ade,False,gate_ridge,0.2,1.0,752.0,24.0,-9.521964748378217,15.675249197742842,-25.19721394612106,-0.003197032997421471,-0.05603228552654828,,,,0.06265610014561854,-0.11868838567216682,-47.98141241928116,-7.665750393243168,False,-47.98141241928116,False,0.0,-0.016109927186346396,,,,,,
nuScenes mono,nuScenes,mono,plan_fde/JC_fde,plan_ade/JC_ade,False,gate_ridge,0.3,1.0,752.0,24.0,7.269387851377985,23.61737545793255,-16.347987606554565,0.0024407224187496085,0.04162764214163145,,,,0.1400342414642978,-0.09840659932266635,-53.40239858286099,5.3707979749644945,False,-53.40239858286099,False,0.0,-0.017930042267793402,,,,,,
nuScenes mono,nuScenes,mono,plan_fde/JC_fde,plan_ade/JC_ade,False,gate_ridge,0.5,1.0,752.0,24.0,32.87313108978082,39.29262465567539,-6.4194935658945695,0.011037268841022645,0.18824524206462154,,,,0.21993989649742204,-0.031694654432800506,-31.298105535841444,28.21784909113961,False,-31.298105535841444,False,0.0,-0.010508448497659806,,,,,,
nuScenes mono,nuScenes,mono,plan_fde/JC_fde,plan_ade/JC_ade,False,gate_gbm,0.1,1.0,752.0,24.0,6.951706313418153,7.837624598871421,-0.8859182854532675,0.002334059730284797,0.045184341637797304,,,,0.029882728307911867,0.015301613329885437,-11.558749784041687,17.6528962884083,False,-11.558749784041687,False,0.0,-0.003880890703235752,,,,,,
nuScenes mono,nuScenes,mono,plan_fde/JC_fde,plan_ade/JC_ade,False,gate_gbm,0.2,1.0,752.0,24.0,11.456832774678391,15.675249197742842,-4.2184164230644505,0.003846671710565309,0.06741807412908492,,,,0.042025999851251584,0.025392074277833333,-28.900386745441082,23.5922028238389,False,-28.900386745441082,False,0.0,-0.009703406020186546,,,,,,
nuScenes mono,nuScenes,mono,plan_fde/JC_fde,plan_ade/JC_ade,False,gate_gbm,0.3,1.0,752.0,24.0,18.894438582004774,23.61737545793255,-4.7229368759277754,0.006343873896898327,0.10819768374439319,,,,0.10217229219816593,0.006025391546227263,-33.16638960287169,18.485547663352964,False,-33.16638960287169,False,0.0,-0.011135731413391017,,,,,,
nuScenes mono,nuScenes,mono,plan_fde/JC_fde,plan_ade/JC_ade,False,gate_gbm,0.5,1.0,752.0,24.0,31.222250192761024,39.29262465567539,-8.070374462914366,0.010482979800676851,0.17879161036672833,,,,0.25465665751756117,-0.07586504715083284,-30.779451958054366,18.168846665699935,False,-30.779451958054366,False,0.0,-0.010334308743288377,,,,,,
nuScenes mono,nuScenes,mono,plan_fde/JC_fde,plan_ade/JC_ade,False,R1_mlp_reg,0.1,1.0,752.0,24.0,29.762604896352812,7.837624598871421,21.92498029748139,0.009992898782687061,0.1934494420559525,,,,0.1700913752235117,0.023358066832440794,-6.802381976659302,65.24024890916445,False,-6.802381976659302,False,0.0,-0.0022839235614843995,,,,,,
nuScenes mono,nuScenes,mono,plan_fde/JC_fde,plan_ade/JC_ade,False,R1_mlp_reg,0.2,1.0,752.0,24.0,53.120407152760905,15.675249197742842,37.44515795501806,0.017835362657981406,0.3125886200510192,,,,0.2500761136602585,0.06251250639076067,-1.4135411221315557,77.96873649089278,False,-1.4135411221315557,False,0.0,-0.0004746013800814016,,,,,,
nuScenes mono,nuScenes,mono,plan_fde/JC_fde,plan_ade/JC_ade,False,R1_mlp_reg,0.3,1.0,752.0,24.0,51.875957328141745,23.61737545793255,28.258581870209195,0.017417534272970797,0.2970640487975997,,,,0.2698323484937942,0.02723170030380545,-3.4971720489811933,78.36938946518816,False,-3.4971720489811933,False,0.0,-0.0011741877578529379,,,,,,
nuScenes mono,nuScenes,mono,plan_fde/JC_fde,plan_ade/JC_ade,False,R1_mlp_reg,0.5,1.0,752.0,24.0,59.36508696710154,39.29262465567539,20.07246231142615,0.01993203576614211,0.3399492167566399,,,,0.2705258042022175,0.06942341255442241,-6.025896817123481,54.76234274000788,False,-6.025896817123481,False,0.0,-0.0020232159509603314,,,,,,
nuScenes mono,nuScenes,mono,plan_fde/JC_fde,plan_ade/JC_ade,False,R1_mlp_clf,0.1,1.0,752.0,24.0,13.22018905412825,7.837624598871421,5.382564455256829,0.004438724754299979,0.08592790198645266,,,,0.07113486666854715,0.014793035317905504,-15.945939569977371,30.4096075325043,False,-15.945939569977371,False,0.0,-0.005353905031919938,,,,,,
nuScenes mono,nuScenes,mono,plan_fde/JC_fde,plan_ade/JC_ade,False,R1_mlp_clf,0.2,1.0,752.0,24.0,21.82797017290222,15.675249197742842,6.152720975159378,0.007328817397836492,0.12844734143773745,,,,0.10173376493569976,0.026713576502037692,-21.85991772070136,46.76797279928691,False,-21.85991772070136,False,0.0,-0.007339543898847531,,,,,,
nuScenes mono,nuScenes,mono,plan_fde/JC_fde,plan_ade/JC_ade,False,R1_mlp_clf,0.3,1.0,752.0,24.0,50.173437531179154,23.61737545793255,26.556062073246604,0.01684590729119902,0.28731468801289933,,,,0.1204799729084085,0.16683471510449083,-12.151661920382722,70.93640483144006,False,-12.151661920382722,False,0.0,-0.004079963028595578,,,,,,
nuScenes mono,nuScenes,mono,plan_fde/JC_fde,plan_ade/JC_ade,False,R1_mlp_clf,0.5,1.0,752.0,24.0,51.61640544355741,39.29262465567539,12.323780787882022,0.017330388819118914,0.2955770386061177,,,,0.16450136543294094,0.13107567317317678,-13.24263282069147,36.31383033121084,False,-13.24263282069147,False,0.0,-0.004446260327491559,,,,,,
nuScenes mono,nuScenes,mono,plan_fde/JC_fde,plan_ade/JC_ade,False,R1_gbm_reg,0.1,1.0,752.0,24.0,-11.499062582909914,7.837624598871421,-19.336687181781336,-0.0038608505165112095,-0.07474101304563559,,,,-0.042411518160894765,-0.03232949488474082,-37.19389664190881,-4.016029453808236,False,-37.19389664190881,False,0.0,-0.012487981000677292,,,,,,
nuScenes mono,nuScenes,mono,plan_fde/JC_fde,plan_ade/JC_ade,False,R1_gbm_reg,0.2,1.0,752.0,24.0,-0.257131712183881,15.675249197742842,-15.932380909926723,-8.633287249623154e-05,-0.0015130992285464374,,,,-0.02159826630051098,0.02008516707196454,-41.332422945685366,10.335025661446059,False,-41.332422945685366,False,0.0,-0.013877505694740446,,,,,,
nuScenes mono,nuScenes,mono,plan_fde/JC_fde,plan_ade/JC_ade,False,R1_gbm_reg,0.3,1.0,752.0,24.0,9.292400174281951,23.61737545793255,-14.324975283650598,0.003119955888041312,0.05321228100637347,,,,-0.007799733507747218,0.06101201451412069,-42.58679517381092,20.399086680153157,False,-42.58679517381092,False,0.0,-0.014298665561463279,,,,,,
nuScenes mono,nuScenes,mono,plan_fde/JC_fde,plan_ade/JC_ade,False,R1_gbm_reg,0.5,1.0,752.0,24.0,37.309510695265764,39.29262465567539,-1.983113960409625,0.012526798823817291,0.21364979967868702,,,,0.09878847583781727,0.11486132384086975,-35.67927494919567,37.74828360647697,False,-35.67927494919567,False,0.0,-0.011979441465174497,,,,,,
nuScenes mono,nuScenes,mono,plan_fde/JC_fde,plan_ade/JC_ade,False,R1_gbm_clf,0.1,1.0,752.0,24.0,25.038096729973066,7.837624598871421,17.200472131101645,0.008406628626932089,0.16274132789868156,,,,0.04857738130451456,0.11416394659416701,-17.700759034818763,62.544826320192335,False,-17.700759034818763,False,0.0,-0.005943091810265337,,,,,,
nuScenes mono,nuScenes,mono,plan_fde/JC_fde,plan_ade/JC_ade,False,R1_gbm_clf,0.2,1.0,752.0,24.0,36.71310616623896,15.675249197742842,21.037856968496115,0.012326553915387539,0.21603936809612226,,,,0.09010515101103672,0.12593421708508554,-18.47640088576226,78.00369537831547,False,-18.47640088576226,False,0.0,-0.006203516276977396,,,,,,
nuScenes mono,nuScenes,mono,plan_fde/JC_fde,plan_ade/JC_ade,False,R1_gbm_clf,0.3,1.0,752.0,24.0,41.15929754813467,23.61737545793255,17.541922090202117,0.013819378236459783,0.23569584456962128,,,,0.2585242157551838,-0.022828371185562524,-23.47555452590901,61.331383593840606,False,-23.47555452590901,False,0.0,-0.007881999611989843,,,,,,
nuScenes mono,nuScenes,mono,plan_fde/JC_fde,plan_ade/JC_ade,False,R1_gbm_clf,0.5,1.0,752.0,24.0,62.23867343511096,39.29262465567539,22.94604877943557,0.02089685248222317,0.35640456987729885,,,,0.38476561001988047,-0.028361040142581617,-23.98274275002997,90.03287465091576,False,-23.98274275002997,False,0.0,-0.008052289833731578,,,,,,
nuScenes mono,nuScenes,mono,plan_fde/JC_fde,plan_fde/JC_fde,True,gate_ridge,0.1,1.0,752.0,24.0,-9.825457568922857,17.368684980013377,-27.194142548936235,-0.0017148092846558645,-0.023657037705264533,-0.0236570377052645,True,,-0.023657037705264533,0.0,-51.75791408769778,-0.273181821257141,False,-51.75791408769778,False,0.0,-0.009033162171778094,,,,,,
nuScenes mono,nuScenes,mono,plan_fde/JC_fde,plan_fde/JC_fde,True,gate_ridge,0.2,1.0,752.0,24.0,-18.775886133283198,34.737369960026754,-53.51325609330995,-0.0032769022351520896,-0.04308242201009874,-0.0430824220100987,True,,-0.04308242201009874,0.0,-93.15557903059508,-9.660898843999426,False,-93.15557903059508,False,0.0,-0.016258179399646015,,,,,,
nuScenes mono,nuScenes,mono,plan_fde/JC_fde,plan_fde/JC_fde,True,gate_ridge,0.3,1.0,752.0,24.0,41.61047417333837,52.33763740644031,-10.72716323310194,0.0072621582201994155,0.09547778441190438,0.0954777844119043,True,,0.09547778441190438,0.0,-101.90684726883097,60.76260867458684,False,-101.90684726883097,False,0.0,-0.0177855134624286,,,,,,
nuScenes mono,nuScenes,mono,plan_fde/JC_fde,plan_fde/JC_fde,True,gate_ridge,0.5,1.0,752.0,24.0,88.749867512623,87.07500736646706,1.674860146155936,0.015489263045009307,0.2036420128657107,0.2036420128657107,True,,0.2036420128657107,0.0,-74.07899078388725,96.16350694404353,False,-74.07899078388725,False,0.0,-0.012928796476200368,,,,,,
nuScenes mono,nuScenes,mono,plan_fde/JC_fde,plan_fde/JC_fde,True,gate_gbm,0.1,1.0,752.0,24.0,21.462630126549687,17.368684980013377,4.09394514653631,0.003745812055669673,0.0516761938664191,0.0516761938664191,True,,0.0516761938664191,0.0,-26.076741595982714,42.4872682242544,False,-26.076741595982714,False,0.0,-0.004551099863664174,,,,,,
nuScenes mono,nuScenes,mono,plan_fde/JC_fde,plan_fde/JC_fde,True,gate_gbm,0.2,1.0,752.0,24.0,34.26639824115101,34.737369960026754,-0.4709717188757452,0.005980417445544259,0.07862635187025536,0.0786263518702553,True,,0.07862635187025536,0.0,-57.51414759576658,70.09068468451794,False,-57.51414759576658,False,0.0,-0.01003778130478461,,,,,,
nuScenes mono,nuScenes,mono,plan_fde/JC_fde,plan_fde/JC_fde,True,gate_gbm,0.3,1.0,752.0,24.0,81.03550756132488,52.33763740644031,28.69787015488457,0.014142897649111148,0.1859409409375804,0.1859409409375804,True,,0.1859409409375804,0.0,-53.16745766945748,108.56258947723545,False,-53.16745766945748,False,0.0,-0.009279165821396786,,,,,,
nuScenes mono,nuScenes,mono,plan_fde/JC_fde,plan_fde/JC_fde,True,gate_gbm,0.5,1.0,752.0,24.0,80.78414904840814,87.07500736646706,-6.290858318058923,0.014099028759677414,0.18536418341719293,0.1853641834171929,True,,0.18536418341719293,0.0,-64.81067644406966,67.52200114349596,False,-64.81067644406966,False,0.0,-0.011311223821538683,,,,,,
nuScenes mono,nuScenes,mono,plan_fde/JC_fde,plan_fde/JC_fde,True,R1_mlp_reg,0.1,1.0,752.0,24.0,63.20413327118123,17.368684980013377,45.83544829116785,0.011030838391166142,0.1521784154515276,0.1521784154515276,True,,0.1521784154515276,0.0,-16.7343368490913,147.10626221535594,False,-16.7343368490913,False,0.0,-0.002920596420073536,,,,,,
nuScenes mono,nuScenes,mono,plan_fde/JC_fde,plan_fde/JC_fde,True,R1_mlp_reg,0.2,1.0,752.0,24.0,113.40839539659757,34.737369960026754,78.67102543657082,0.01979284608577559,0.2602225170775465,0.2602225170775465,True,,0.2602225170775465,0.0,-15.17728252424183,173.0542004541439,False,-15.17728252424183,False,0.0,-0.002648848138201087,,,,,,
nuScenes mono,nuScenes,mono,plan_fde/JC_fde,plan_fde/JC_fde,True,R1_mlp_reg,0.3,1.0,752.0,24.0,109.74656288399824,52.33763740644031,57.40892547755793,0.019153756827345415,0.25182021784553055,0.2518202178455305,True,,0.25182021784553055,0.0,-13.402173374763095,168.28978851225662,False,-13.402173374763095,False,0.0,-0.0023390433652985447,,,,,,
nuScenes mono,nuScenes,mono,plan_fde/JC_fde,plan_fde/JC_fde,True,R1_mlp_reg,0.5,1.0,752.0,24.0,159.2073690231175,87.07500736646706,72.13236165665045,0.027786011254069654,0.365311070310165,0.365311070310165,True,,0.365311070310165,0.0,-10.76002367520932,163.0974130722954,False,-10.76002367520932,False,0.0,-0.0018779164605754483,,,,,,
nuScenes mono,nuScenes,mono,plan_fde/JC_fde,plan_fde/JC_fde,True,R1_mlp_clf,0.1,1.0,752.0,24.0,2.013412141356591,17.368684980013377,-15.355272838656786,0.0003513951192214686,0.004847750510364475,0.0048477505103644,True,,0.004847750510364475,0.0,-53.310055563188435,32.51619068232343,False,-53.310055563188435,False,0.0,-0.009304053027964717,,,,,,
nuScenes mono,nuScenes,mono,plan_fde/JC_fde,plan_fde/JC_fde,True,R1_mlp_clf,0.2,1.0,752.0,24.0,28.116760467051336,34.737369960026754,-6.620609492975419,0.00490713858007432,0.06451563092146581,0.0645156309214658,True,,0.06451563092146581,0.0,-68.77799013806231,67.92802928017325,False,-68.77799013806231,False,0.0,-0.012003627845461079,,,,,,
nuScenes mono,nuScenes,mono,plan_fde/JC_fde,plan_fde/JC_fde,True,R1_mlp_clf,0.3,1.0,752.0,24.0,83.25727805136351,52.33763740644031,30.919640644923206,0.014530656960875224,0.19103892955883386,0.1910389295588338,True,,0.19103892955883386,0.0,-51.04988263761009,116.19166923649645,False,-51.04988263761009,False,0.0,-0.00890959144787828,,,,,,
nuScenes mono,nuScenes,mono,plan_fde/JC_fde,plan_fde/JC_fde,True,R1_mlp_clf,0.5,1.0,752.0,24.0,80.14562106190311,87.07500736646706,-6.929386304563948,0.013987588278448869,0.18389904179966346,0.1838990417996634,True,,0.18389904179966346,0.0,-56.70817597298011,48.604695016556256,False,-56.70817597298011,False,0.0,-0.009897117359901796,,,,,,
nuScenes mono,nuScenes,mono,plan_fde/JC_fde,plan_fde/JC_fde,True,R1_gbm_reg,0.1,1.0,752.0,24.0,-47.89763237774704,17.368684980013377,-65.26631735776041,-0.008359438136925187,-0.1153245115766636,-0.1153245115766636,True,,-0.1153245115766636,0.0,-111.83351532801713,-21.258915268112702,False,-111.83351532801713,False,0.0,-0.019517986727330742,,,,,,
nuScenes mono,nuScenes,mono,plan_fde/JC_fde,plan_fde/JC_fde,True,R1_gbm_reg,0.2,1.0,752.0,24.0,-27.051018403426866,34.737369960026754,-61.78838836345362,-0.00472113763579953,-0.06207022040858505,-0.062070220408585,True,,-0.06207022040858505,0.0,-125.11157953112783,2.1689244980416245,False,-125.11157953112783,False,0.0,-0.021835369670367262,,,,,,
nuScenes mono,nuScenes,mono,plan_fde/JC_fde,plan_fde/JC_fde,True,R1_gbm_reg,0.3,1.0,752.0,24.0,-2.8488779317544584,52.33763740644031,-55.186515338194766,-0.0004972065976525615,-0.0065369250984928535,-0.0065369250984928,True,,-0.0065369250984928535,0.0,-122.969170821629,24.594821137076085,False,-122.969170821629,False,0.0,-0.021461461145415084,,,,,,
nuScenes mono,nuScenes,mono,plan_fde/JC_fde,plan_fde/JC_fde,True,R1_gbm_reg,0.5,1.0,752.0,24.0,68.41703091795414,87.07500736646706,-18.657976448512926,0.011940630654980973,0.1569870725547404,0.1569870725547404,True,,0.1569870725547404,0.0,-107.19689085036204,72.9576395111945,False,-107.19689085036204,False,0.0,-0.01870876978776614,,,,,,
nuScenes mono,nuScenes,mono,plan_fde/JC_fde,plan_fde/JC_fde,True,R1_gbm_clf,0.1,1.0,752.0,24.0,30.169131638937177,17.368684980013377,12.8004466589238,0.005265333108565445,0.0726390887865458,0.0726390887865458,True,,0.0726390887865458,0.0,-61.38836323160404,104.84884805731542,False,-61.38836323160404,False,0.0,-0.01071393718826285,,,,,,
nuScenes mono,nuScenes,mono,plan_fde/JC_fde,plan_fde/JC_fde,True,R1_gbm_clf,0.2,1.0,752.0,24.0,57.198544700551224,34.737369960026754,22.46117474052447,0.009982700025242848,0.13124556804721843,0.1312455680472184,True,,0.13124556804721843,0.0,-66.27943687784155,147.10209288310276,False,-66.27943687784155,False,0.0,-0.011567562420642045,,,,,,
nuScenes mono,nuScenes,mono,plan_fde/JC_fde,plan_fde/JC_fde,True,R1_gbm_clf,0.3,1.0,752.0,24.0,45.28677415032431,52.33763740644031,-7.050863256115996,0.007903772444218374,0.10391328012805408,0.103913280128054,True,,0.10391328012805408,0.0,-117.88181359680001,108.08446221770626,False,-117.88181359680001,False,0.0,-0.02057357909592248,,,,,,
nuScenes mono,nuScenes,mono,plan_fde/JC_fde,plan_fde/JC_fde,True,R1_gbm_clf,0.5,1.0,752.0,24.0,88.97984833676396,87.07500736646706,1.9048409702969025,0.015529400946960774,0.20416971796839067,0.2041697179683906,True,,0.20416971796839067,0.0,-127.93305711782534,171.58639945111145,False,-127.93305711782534,False,0.0,-0.02232779416339245,,,,,,
nuScenes oracle,nuScenes,oracle,brake/J,brake/J,True,gate_ridge,0.1,1.0,955.0,24.0,8.00724800817145,3.577509966866657,4.429738041304793,0.03246824532955475,0.16582340188610034,0.1658234018861003,True,,0.16582340188610034,0.0,-15.166754613530918,18.067589612280873,False,-15.170283208326563,False,7.0,-0.06149902053024235,,,,,,
nuScenes oracle,nuScenes,oracle,brake/J,brake/J,True,gate_ridge,0.2,1.0,955.0,24.0,12.019600694024522,7.117754204911787,4.901846489112735,0.04873776155036244,0.2489158665201422,0.2489158665201422,True,,0.2489158665201422,0.0,-10.09973071589547,27.223096418264415,False,-10.133151204588756,False,7.0,-0.04095296340409198,,,,,,
nuScenes oracle,nuScenes,oracle,brake/J,brake/J,True,gate_ridge,0.3,1.0,955.0,24.0,22.442020631629095,10.657998442956915,11.78402218867218,0.09099918359154949,0.4647554568732055,0.4647554568732055,True,,0.4647554568732055,0.0,-10.276053733448894,35.928393795708374,False,-10.282563131169669,False,7.0,-0.04166792801931679,,,,,,
nuScenes oracle,nuScenes,oracle,brake/J,brake/J,True,gate_ridge,0.5,1.0,955.0,24.0,29.062940978467882,17.81301837669023,11.249922601777651,0.11784606855242799,0.6018691736469697,0.6018691736469697,True,,0.6018691736469697,0.0,-7.760043158134728,31.91239894146045,False,-7.78964748421697,False,7.0,-0.03146586502243086,,,,,,
nuScenes oracle,nuScenes,oracle,brake/J,brake/J,True,gate_gbm,0.1,1.0,955.0,24.0,4.331192016362597,3.577509966866657,0.7536820494959402,0.017562364099770574,0.08969536020892861,0.0896953602089286,True,,0.08969536020892861,0.0,-13.069443684671747,14.764939894709652,False,-13.081939717152771,False,7.0,-0.052994724709622895,,,,,,
nuScenes oracle,nuScenes,oracle,brake/J,brake/J,True,gate_gbm,0.2,1.0,955.0,24.0,8.172473792427168,7.117754204911787,1.0547195875153808,0.03313821225108736,0.16924508953666667,0.1692450895366666,True,,0.16924508953666667,0.0,-14.53625639923066,15.259341683471886,False,-14.545593484721678,False,7.0,-0.058942440456682,,,,,,
nuScenes oracle,nuScenes,oracle,brake/J,brake/J,True,gate_gbm,0.3,1.0,955.0,24.0,16.14284252303338,10.657998442956915,5.484844080076465,0.06545691738526625,0.33430475246292357,0.3343047524629235,True,,0.33430475246292357,0.0,-11.177594051997726,19.13658652896093,False,-11.22390221158352,False,7.0,-0.04532354505618848,,,,,,
nuScenes oracle,nuScenes,oracle,brake/J,brake/J,True,gate_gbm,0.5,1.0,955.0,24.0,27.138328555039724,17.81301837669023,9.325310178349493,0.11004204046882123,0.5620120618103663,0.5620120618103663,True,,0.5620120618103663,0.0,-8.337354813242758,25.317413672246715,False,-8.36847285911218,False,7.0,-0.03380678120618465,,,,,,
nuScenes oracle,nuScenes,oracle,brake/J,brake/J,True,R1_mlp_reg,0.1,1.0,955.0,24.0,5.9127425572094845,3.577509966866657,2.3352325903428275,0.02397532532051752,0.12244794769846266,0.1224479476984626,True,,0.12244794769846266,0.0,-5.337192905161439,12.2903853295091,False,-5.346567019168574,False,7.0,-0.021641553807137955,,,,,,
nuScenes oracle,nuScenes,oracle,brake/J,brake/J,True,R1_mlp_reg,0.2,1.0,955.0,24.0,16.196354511176658,7.117754204911787,9.078600306264871,0.0656739008429205,0.3354129409324891,0.3354129409324891,True,,0.3354129409324891,0.0,-0.7109820123137934,20.378590501327448,False,-0.727269125461634,False,7.0,-0.002882930362235195,,,,,,
nuScenes oracle,nuScenes,oracle,brake/J,brake/J,True,R1_mlp_reg,0.3,1.0,955.0,24.0,19.547172063347944,10.657998442956915,8.889173620391029,0.07926098672154563,0.404805566842622,0.404805566842622,True,,0.404805566842622,0.0,-1.3897609945190497,20.931105729383145,False,-1.3919427742144974,False,7.0,-0.005635282043648713,,,,,,
nuScenes oracle,nuScenes,oracle,brake/J,brake/J,True,R1_mlp_reg,0.5,1.0,955.0,24.0,23.398504483614833,17.81301837669023,5.585486106924602,0.0948775887974752,0.48456343659651824,0.4845634365965182,True,,0.48456343659651824,0.0,-6.80355626147411,18.407136226135204,False,-6.811795929038299,False,7.0,-0.02758744747078401,,,,,,
nuScenes oracle,nuScenes,oracle,brake/J,brake/J,True,R1_mlp_clf,0.1,1.0,955.0,24.0,1.3192305690662076,3.577509966866657,-2.2582793978004494,0.00534929125699345,0.027320160511008187,0.0273201605110081,True,,0.027320160511008187,0.0,-6.827452820007585,5.26017363150679,False,-6.835948779583061,False,7.0,-0.027684344597512834,,,,,,
nuScenes oracle,nuScenes,oracle,brake/J,brake/J,True,R1_mlp_clf,0.2,1.0,955.0,24.0,9.458501942667834,7.117754204911787,2.340747737756047,0.0383528724489626,0.1958776557537452,0.1958776557537452,True,,0.1958776557537452,0.0,-11.102318542721012,16.583718190574345,False,-11.10856482854551,False,7.0,-0.04501831363335639,,,,,,
nuScenes oracle,nuScenes,oracle,brake/J,brake/J,True,R1_mlp_clf,0.3,1.0,955.0,24.0,10.358363116926482,10.657998442956915,-0.2996353260304332,0.04200168079591962,0.21451302723075102,0.214513027230751,True,,0.21451302723075102,0.0,-13.744204458824237,12.478540364174172,False,-13.74905322116012,False,7.0,-0.05573078313214032,,,,,,
nuScenes oracle,nuScenes,oracle,brake/J,brake/J,True,R1_mlp_clf,0.5,1.0,955.0,24.0,17.26525129641368,17.81301837669023,-0.5477670802765502,0.07000812441381916,0.3575488983815698,0.3575488983815698,True,,0.3575488983815698,0.0,-20.18239390740181,16.901827761123393,False,-20.212119709280156,False,7.0,-0.08183672043809663,,,,,,
nuScenes oracle,nuScenes,oracle,brake/J,brake/J,True,R1_gbm_reg,0.1,1.0,955.0,24.0,7.325833090729136,3.577509966866657,3.7483231238624786,0.029705205307794802,0.15171186948559157,0.1517118694855915,True,,0.15171186948559157,0.0,-4.293307037800347,18.966226829914575,False,-4.299129554454624,False,7.0,-0.01740874593070565,,,,,,
nuScenes oracle,nuScenes,oracle,brake/J,brake/J,True,R1_gbm_reg,0.2,1.0,955.0,24.0,19.047393660062003,7.117754204911787,11.929639455150216,0.07723445678370164,0.39445557456843444,0.3944555745684344,True,,0.39445557456843444,0.0,-6.553971602843245,37.7486539444339,False,-6.555046626298888,False,7.0,-0.026575417380214773,,,,,,
nuScenes oracle,nuScenes,oracle,brake/J,brake/J,True,R1_gbm_reg,0.3,1.0,955.0,24.0,24.50209766456788,10.657998442956915,13.844099221610966,0.09935250129008699,0.5074179273500434,0.5074179273500434,True,,0.5074179273500434,0.0,-3.5686801241814363,36.837813049455555,False,-3.587831073423007,False,7.0,-0.014470487445422437,,,,,,
nuScenes oracle,nuScenes,oracle,brake/J,brake/J,True,R1_gbm_reg,0.5,1.0,955.0,24.0,27.962634907997685,17.81301837669023,10.149616531307455,0.1133844848226413,0.5790827561992901,0.5790827561992901,True,,0.5790827561992901,0.0,-5.168081593664013,30.085018710971656,False,-5.227391137182298,False,7.0,-0.020955831628419644,,,,,,
nuScenes oracle,nuScenes,oracle,brake/J,brake/J,True,R1_gbm_clf,0.1,1.0,955.0,24.0,4.503760287753211,3.577509966866657,0.9262503208865542,0.01826210375637791,0.093269104620291,0.093269104620291,True,,0.093269104620291,0.0,-5.402641628874139,6.46318258962585,False,-5.402892407227199,False,7.0,-0.021906939020115198,,,,,,
nuScenes oracle,nuScenes,oracle,brake/J,brake/J,True,R1_gbm_clf,0.2,1.0,955.0,24.0,11.924898449293217,7.117754204911787,4.80714424438143,0.048353757494030265,0.24695466232469712,0.2469546623246971,True,,0.24695466232469712,0.0,-8.743221634937798,22.994913722018076,False,-8.751030678581358,False,7.0,-0.03545251311363565,,,,,,
nuScenes oracle,nuScenes,oracle,brake/J,brake/J,True,R1_gbm_clf,0.3,1.0,955.0,24.0,20.524499143317744,10.657998442956915,9.86650070036083,0.08322390823556568,0.4250451923657248,0.4250451923657248,True,,0.4250451923657248,0.0,-8.477418422248054,36.358864861935096,False,-8.532102346248545,False,7.0,-0.03437471910623294,,,,,,
nuScenes oracle,nuScenes,oracle,brake/J,brake/J,True,R1_gbm_clf,0.5,1.0,955.0,24.0,33.84038337284659,17.81301837669023,16.027364996156358,0.13721791410413406,0.700806005545057,0.700806005545057,True,,0.700806005545057,0.0,-2.0455084810949034,38.71898287343163,False,-2.063716554231633,False,7.0,-0.008294244304672245,,,,,,
nuScenes oracle,nuScenes,oracle,brake/J,plan_ade/JC_ade,False,gate_ridge,0.1,1.0,752.0,24.0,-8.523809671155725,-0.2519367052549455,-8.27187296590078,-0.0028269907033612028,-0.11034244937651347,,,,-0.009265096424390837,-0.10107735295212263,-21.021953287045353,1.355946230939134,False,-21.021953287045353,False,0.0,-0.006972101536954292,,,,,,
nuScenes oracle,nuScenes,oracle,brake/J,plan_ade/JC_ade,False,gate_ridge,0.2,1.0,752.0,24.0,-11.158848071495456,-0.503873410509891,-10.654974660985564,-0.0037009225892370838,-0.12880348172740994,,,,-0.14951677306580266,0.020713291338392725,-22.52193125552393,1.3319814895802509,False,-22.52193125552393,False,0.0,-0.00746958141223647,,,,,,
nuScenes oracle,nuScenes,oracle,brake/J,plan_ade/JC_ade,False,gate_ridge,0.3,1.0,752.0,24.0,-13.469459649551654,-0.7591692718349026,-12.71029037771675,-0.004467255684677724,-0.1554742289466987,,,,-0.07348990355950233,-0.08198432538719638,-26.503676824236543,0.5577640308638773,False,-26.503676824236543,False,0.0,-0.008790159667754227,,,,,,
nuScenes oracle,nuScenes,oracle,brake/J,plan_ade/JC_ade,False,gate_ridge,0.5,1.0,752.0,24.0,-9.881764107546163,-1.2630426823447936,-8.618721425201368,-0.0032773673207855286,-0.11406245649245784,,,,-0.0341929079617905,-0.07986954853066734,-26.329782152138723,20.49475756538319,False,-26.329782152138723,False,0.0,-0.008732486087471443,,,,,,
nuScenes oracle,nuScenes,oracle,brake/J,plan_ade/JC_ade,False,gate_gbm,0.1,1.0,752.0,24.0,-13.272822273255716,-0.2519367052549455,-13.020885568000772,-0.004402039301843288,-0.17181938314814618,,,,-0.18853269470414244,0.016713311555996258,-38.446512699992894,6.846406482612613,False,-38.446512699992894,False,0.0,-0.012751098179413193,,,,,,
nuScenes oracle,nuScenes,oracle,brake/J,plan_ade/JC_ade,False,gate_gbm,0.2,1.0,752.0,24.0,-12.919688135020523,-0.503873410509891,-12.415814724510632,-0.00428491949692688,-0.14912836916148964,,,,-0.14108214615702183,-0.008046223004467806,-37.653529226850914,8.278393161963725,False,-37.653529226850914,False,0.0,-0.012488098770348784,,,,,,
nuScenes oracle,nuScenes,oracle,brake/J,plan_ade/JC_ade,False,gate_gbm,0.3,1.0,752.0,24.0,-14.443725751454874,-0.7591692718349026,-13.684556479619971,-0.00479037894985346,-0.1667199117671934,,,,-0.0797258835987431,-0.0869940281684503,-39.978192051587314,6.126561046392399,False,-39.978192051587314,False,0.0,-0.013259092075867786,,,,,,
nuScenes oracle,nuScenes,oracle,brake/J,plan_ade/JC_ade,False,gate_gbm,0.5,1.0,752.0,24.0,-14.294844609721347,-1.2630426823447936,-13.031801927376552,-0.004741001310062799,-0.16500141812914348,,,,0.037893313914468325,-0.2028947320436118,-33.6942231336764,4.202376729820138,False,-33.6942231336764,False,0.0,-0.011174962749134916,,,,,,
nuScenes oracle,nuScenes,oracle,brake/J,plan_ade/JC_ade,False,R1_mlp_reg,0.1,1.0,752.0,24.0,-2.218130121774274,-0.2519367052549455,-1.9661934165193287,-0.0007356608693787392,-0.028714145448441464,,,,-0.012594000353492958,-0.016120145094948506,-9.07422413178451,6.17121613205715,False,-9.07422413178451,False,0.0,-0.003009540129407006,,,,,,
nuScenes oracle,nuScenes,oracle,brake/J,plan_ade/JC_ade,False,R1_mlp_reg,0.2,1.0,752.0,24.0,-10.921966335749609,-0.503873410509891,-10.418092925239717,-0.0036223588377474547,-0.1260692216921258,,,,-0.07867243592753685,-0.04739678576458896,-41.720578325147876,10.301129940329966,False,-41.720578325147876,False,0.0,-0.013836968634243827,,,,,,
nuScenes oracle,nuScenes,oracle,brake/J,plan_ade/JC_ade,False,R1_mlp_reg,0.3,1.0,752.0,24.0,-20.877353280096084,-0.7591692718349026,-20.11818400826118,-0.0069241437702839675,-0.24098148612656584,,,,-0.17668922369122764,-0.0642922624353382,-50.37349104153343,4.2006156494862035,False,-50.37349104153343,False,0.0,-0.016706777411062888,,,,,,
nuScenes oracle,nuScenes,oracle,brake/J,plan_ade/JC_ade,False,R1_mlp_reg,0.5,1.0,752.0,24.0,-24.99342572896185,-1.2630426823447936,-23.730383046617057,-0.008289272626537158,-0.2884921663562257,,,,-0.11926426027116616,-0.16922790608505955,-55.12109420801526,1.0405188607037452,False,-55.12109420801526,False,0.0,-0.01828135855877551,,,,,,
nuScenes oracle,nuScenes,oracle,brake/J,plan_ade/JC_ade,False,R1_mlp_clf,0.1,1.0,752.0,24.0,3.937243161389025,-0.2519367052549455,4.18917986664397,0.001305818670703622,0.05096841330100779,,,,-0.06952820996079574,0.12049662326180353,-6.832006340194722,11.450223149548071,False,-6.832006340194722,False,0.0,-0.0022658903887065006,,,,,,
nuScenes oracle,nuScenes,oracle,brake/J,plan_ade/JC_ade,False,R1_mlp_clf,0.2,1.0,752.0,24.0,3.553623958215633,-0.503873410509891,4.0574973687255245,0.0011785882464167118,0.041018493632629244,,,,-0.07391448789488352,0.11493298152751276,-8.488171182195988,16.175611287032943,False,-8.488171182195988,False,0.0,-0.0028151709090605452,,,,,,
nuScenes oracle,nuScenes,oracle,brake/J,plan_ade/JC_ade,False,R1_mlp_clf,0.3,1.0,752.0,24.0,1.2293435565076072,-0.7591692718349026,1.9885128283425098,0.00040772177460090907,0.014189970981128007,,,,0.09220658945288547,-0.07801661847175746,-9.116000946387228,15.131212851842703,False,-9.116000946387228,False,0.0,-0.003023395749259428,,,,,,
nuScenes oracle,nuScenes,oracle,brake/J,plan_ade/JC_ade,False,R1_mlp_clf,0.5,1.0,752.0,24.0,2.3647800263332353,-1.2630426823447936,3.627822708678029,0.0007842985012395149,0.027295998561824394,,,,0.12386537931883569,-0.0965693807570113,-6.825049796497692,17.781636198840417,False,-6.825049796497692,False,0.0,-0.0022635831944919724,,,,,,
nuScenes oracle,nuScenes,oracle,brake/J,plan_ade/JC_ade,False,R1_gbm_reg,0.1,1.0,752.0,24.0,-3.874079002706632,-0.2519367052549455,-3.6221422974516866,-0.0012848697644903576,-0.0501507404234203,,,,-0.11261958935835159,0.06246884893493129,-15.778580255955543,10.709452781540577,False,-15.778580255955543,False,0.0,-0.005233094287260984,,,,,,
nuScenes oracle,nuScenes,oracle,brake/J,plan_ade/JC_ade,False,R1_gbm_reg,0.2,1.0,752.0,24.0,-1.6157428547805928,-0.503873410509891,-1.1118694442707018,-0.0005358742400060773,-0.018650070682791803,,,,-0.08348500647360639,0.06483493579081459,-16.064453840727186,11.652876767749015,False,-16.064453840727186,False,0.0,-0.005327906583366183,,,,,,
nuScenes oracle,nuScenes,oracle,brake/J,plan_ade/JC_ade,False,R1_gbm_reg,0.3,1.0,752.0,24.0,-1.2464365711797842,-0.7591692718349026,-0.48726729934488167,-0.0004133908117374585,-0.014387270898546727,,,,-0.17087043458068965,0.15648316368214293,-16.247551981664223,14.04577988547439,False,-16.247551981664223,False,0.0,-0.005388632568835253,,,,,,
nuScenes oracle,nuScenes,oracle,brake/J,plan_ade/JC_ade,False,R1_gbm_reg,0.5,1.0,752.0,24.0,4.32256724882848,-1.2630426823447936,5.585609931173273,0.00143361453370355,0.049894192311139264,,,,-0.11311368626798829,0.16300787857912755,-11.978811692160374,22.07106318217277,False,-11.978811692160374,False,0.0,-0.003972870183346118,,,,,,
nuScenes oracle,nuScenes,oracle,brake/J,plan_ade/JC_ade,False,R1_gbm_clf,0.1,1.0,752.0,24.0,0.8865712820136737,-0.2519367052549455,1.1385079872686192,0.0002940385659479245,0.011476845516073138,,,,-0.02881496074662096,0.0402918062626941,-12.668101586413021,15.294066407369257,False,-12.668101586413021,False,0.0,-0.0042014787748268865,,,,,,
nuScenes oracle,nuScenes,oracle,brake/J,plan_ade/JC_ade,False,R1_gbm_clf,0.2,1.0,752.0,24.0,12.681981747475668,-0.503873410509891,13.185855157985559,0.004206082242970719,0.14638459039969856,,,,0.031370783877119605,0.11501380652257895,-6.504180752189043,27.81886238001189,False,-6.504180752189043,False,0.0,-0.002157164370016513,,,,,,
nuScenes oracle,nuScenes,oracle,brake/J,plan_ade/JC_ade,False,R1_gbm_clf,0.3,1.0,752.0,24.0,9.005718693312524,-0.7591692718349026,9.764887965147427,0.0029868197443724434,0.10395050776964476,,,,-0.0660281631283882,0.16997867089803298,-8.918522318615551,28.136806176340297,False,-8.918522318615551,False,0.0,-0.002957900358540859,,,,,,
nuScenes oracle,nuScenes,oracle,brake/J,plan_ade/JC_ade,False,R1_gbm_clf,0.5,1.0,752.0,24.0,12.021301996297156,-1.2630426823447936,13.28434467864195,0.003986962437797101,0.13875854766541598,,,,-0.03697542699215782,0.1757339746575738,-5.381298219656393,30.756243980275126,False,-5.381298219656393,False,0.0,-0.0017847512586376337,,,,,,
nuScenes oracle,nuScenes,oracle,brake/J,plan_fde/JC_fde,False,gate_ridge,0.1,1.0,752.0,24.0,-14.916503731910293,8.123875695172726,-23.040379427083018,-0.0025655206054837083,-0.05428473984665193,,,,0.03540876796386835,-0.08969350781052027,-51.83790981828444,-0.44130910326706296,False,-51.83790981828444,False,0.0,-0.008915710288028959,,,,,,
nuScenes oracle,nuScenes,oracle,brake/J,plan_fde/JC_fde,False,gate_ridge,0.2,1.0,752.0,24.0,-13.88030220824934,16.247751390345453,-30.128053598594793,-0.0023873021430233137,-0.050513753618806466,,,,0.029979351467357293,-0.08049310508616375,-64.39130016953554,0.07833583805304609,False,-64.39130016953554,False,0.0,-0.011074794091689872,,,,,,
nuScenes oracle,nuScenes,oracle,brake/J,plan_fde/JC_fde,False,gate_ridge,0.3,1.0,752.0,24.0,-14.31597349122465,24.479945428120484,-38.795918919345134,-0.002462234156166553,-0.05209926606059787,,,,-0.03659351943047838,-0.015505746630119492,-87.2712239675528,0.5232384914443005,False,-87.2712239675528,False,0.0,-0.015009959932874092,,,,,,
nuScenes oracle,nuScenes,oracle,brake/J,plan_fde/JC_fde,False,gate_ridge,0.5,1.0,752.0,24.0,7.762082216336494,40.72769681846594,-32.96561460212944,0.0013350167187548884,0.028248081544788906,,,,0.0669723709760428,-0.0387242894312539,-115.61854930558434,55.80191103720143,False,-115.61854930558434,False,0.0,-0.019885475574618693,,,,,,
nuScenes oracle,nuScenes,oracle,brake/J,plan_fde/JC_fde,False,gate_gbm,0.1,1.0,752.0,24.0,-29.725447477294484,8.123875695172726,-37.84932317246721,-0.0051125417444223215,-0.10817804306770988,,,,-0.01328344100306386,-0.09489460206464602,-107.58034323372156,15.489905966588866,False,-107.58034323372156,False,0.0,-0.01850296773772043,,,,,,
nuScenes oracle,nuScenes,oracle,brake/J,plan_fde/JC_fde,False,gate_gbm,0.2,1.0,752.0,24.0,-3.8873272327622415,16.247751390345453,-20.135078623107695,-0.0006685895230646178,-0.014146917489644127,,,,0.12469626769972209,-0.13884318518936622,-101.07323676797449,55.96534188817033,False,-101.07323676797449,False,0.0,-0.017383796917266214,,,,,,
nuScenes oracle,nuScenes,oracle,brake/J,plan_fde/JC_fde,False,gate_gbm,0.3,1.0,752.0,24.0,-1.6111482587273702,24.479945428120484,-26.091093686847856,-0.00027710475125694307,-0.005863355492098336,,,,0.11220797010038654,-0.11807132559248487,-106.53436675971867,50.522243478891745,False,-106.53436675971867,False,0.0,-0.018323068061151783,,,,,,
nuScenes oracle,nuScenes,oracle,brake/J,plan_fde/JC_fde,False,gate_gbm,0.5,1.0,752.0,24.0,30.065756589030364,40.72769681846594,-10.661940229435572,0.005171072218726734,0.10941650966350522,,,,0.12273991433807198,-0.01332340467456676,-80.02133385280534,53.09513924245407,False,-80.02133385280534,False,0.0,-0.013763036202543938,,,,,,
nuScenes oracle,nuScenes,oracle,brake/J,plan_fde/JC_fde,False,R1_mlp_reg,0.1,1.0,752.0,24.0,4.166293598447186,8.123875695172726,-3.957582096725541,0.0007165695304621,0.01516214309876438,,,,0.07267983790388434,-0.05751769480511996,-25.481091869274334,17.16073797162119,False,-25.481091869274334,False,0.0,-0.0043825461660294,,,,,,
nuScenes oracle,nuScenes,oracle,brake/J,plan_fde/JC_fde,False,R1_mlp_reg,0.2,1.0,752.0,24.0,10.03723009856393,16.247751390345453,-6.210521291781523,0.0017263241509308594,0.03652789115159149,,,,0.036766717039598974,-0.00023882588800748505,-98.45479538516793,76.26637488330466,False,-98.45479538516793,False,0.0,-0.01693344571952068,,,,,,
nuScenes oracle,nuScenes,oracle,brake/J,plan_fde/JC_fde,False,R1_mlp_reg,0.3,1.0,752.0,24.0,-5.601171930203882,24.479945428120484,-30.081117358324367,-0.0009633572491289632,-0.02038400998868302,,,,0.11473647675225888,-0.1351204867409419,-127.56854403507324,66.16122411414091,False,-127.56854403507324,False,0.0,-0.021940780106091448,,,,,,
nuScenes oracle,nuScenes,oracle,brake/J,plan_fde/JC_fde,False,R1_mlp_reg,0.5,1.0,752.0,24.0,-13.728922115720312,40.72769681846594,-54.45661893418625,-0.002361265965000415,-0.04996284510240119,,,,0.13417540227546623,-0.18413824737786744,-169.97421568836586,26.038488753342378,False,-169.97421568836586,False,0.0,-0.029234220068377167,,,,,,
nuScenes oracle,nuScenes,oracle,brake/J,plan_fde/JC_fde,False,R1_mlp_clf,0.1,1.0,752.0,24.0,7.61380035565365,8.123875695172726,-0.5100753395190765,0.001309513412092786,0.027708448238230224,,,,-0.042341238301168004,0.07004968653939822,-31.256423003152044,42.54436744210421,False,-31.256423003152044,False,0.0,-0.005375857420043837,,,,,,
nuScenes oracle,nuScenes,oracle,brake/J,plan_fde/JC_fde,False,R1_mlp_clf,0.2,1.0,752.0,24.0,36.54891973954662,16.247751390345453,20.301168349201166,0.006286124978428089,0.1330102975466732,,,,-0.04735201316023637,0.18036231070690958,-37.331458203412204,86.2334312068519,False,-37.331458203412204,False,0.0,-0.0064207154018753685,,,,,,
nuScenes oracle,nuScenes,oracle,brake/J,plan_fde/JC_fde,False,R1_mlp_clf,0.3,1.0,752.0,24.0,26.74121836591697,24.479945428120484,2.2612729377964875,0.004599277951892645,0.09731771655517885,,,,-0.08304459415173075,0.1803623107069096,-51.97994530396207,71.3512745621829,False,-51.97994530396207,False,0.0,-0.008940139267618613,,,,,,
nuScenes oracle,nuScenes,oracle,brake/J,plan_fde/JC_fde,False,R1_mlp_clf,0.5,1.0,752.0,24.0,45.315227001937934,40.72769681846594,4.587530183471998,0.007793860458529509,0.16491299523693045,,,,-0.016724703653004415,0.18163769888993486,-58.61479506197273,81.1964398783814,False,-58.61479506197273,False,0.0,-0.010081280923491415,,,,,,
nuScenes oracle,nuScenes,oracle,brake/J,plan_fde/JC_fde,False,R1_gbm_reg,0.1,1.0,752.0,24.0,15.872133687148631,8.123875695172726,7.748257991975905,0.0027298813957496357,0.05776250678467804,,,,-0.0039883128803981285,0.06175081966507617,-38.60502808566196,81.69459824082821,False,-38.60502808566196,False,0.0,-0.006639759343683624,,,,,,
nuScenes oracle,nuScenes,oracle,brake/J,plan_fde/JC_fde,False,R1_gbm_reg,0.2,1.0,752.0,24.0,29.90719098743417,16.247751390345453,13.659439597088717,0.005143800190004233,0.10883945135373099,,,,-0.09308908145973095,0.20192853281346196,-41.08394697416921,79.56892421837205,False,-41.08394697416921,False,0.0,-0.007066113776470916,,,,,,
nuScenes oracle,nuScenes,oracle,brake/J,plan_fde/JC_fde,False,R1_gbm_reg,0.3,1.0,752.0,24.0,47.19494170474683,24.479945428120484,22.714996276626348,0.008117156512964198,0.1717537285254971,,,,-0.08452799021485752,0.25628171874035466,-49.21343315342383,91.65910379434462,False,-49.21343315342383,False,0.0,-0.008464321069528172,,,,,,
nuScenes oracle,nuScenes,oracle,brake/J,plan_fde/JC_fde,False,R1_gbm_reg,0.5,1.0,752.0,24.0,78.95401890833395,40.72769681846594,38.22632208986801,0.01357946647790905,0.2873326386207833,,,,-0.022988671235518066,0.31032130985630135,-40.88442020850409,106.25266949452107,False,-40.88442020850409,False,0.0,-0.0070317967516600475,,,,,,
nuScenes oracle,nuScenes,oracle,brake/J,plan_fde/JC_fde,False,R1_gbm_clf,0.1,1.0,752.0,24.0,1.1747426107617631,8.123875695172726,-6.949133084410963,0.0002020464331465067,0.004275170519721525,,,,-0.017443552585882666,0.02171872310560419,-39.26425271181966,26.25519497582649,False,-39.26425271181966,False,0.0,-0.006753140762844996,,,,,,
nuScenes oracle,nuScenes,oracle,brake/J,plan_fde/JC_fde,False,R1_gbm_clf,0.2,1.0,752.0,24.0,44.99596944838112,16.247751390345453,28.748218058035665,0.0077389506856479365,0.16375114031768184,,,,0.06495945197443771,0.09879168834324413,-26.46286355124537,75.78985246630918,False,-26.46286355124537,False,0.0,-0.004551403126430168,,,,,,
nuScenes oracle,nuScenes,oracle,brake/J,plan_fde/JC_fde,False,R1_gbm_clf,0.3,1.0,752.0,24.0,41.73482029060477,24.479945428120484,17.25487486248429,0.0071780588364451755,0.15188303524341418,,,,0.046591408739189585,0.10529162650422459,-39.036196819133075,99.51272290049627,False,-39.036196819133075,False,0.0,-0.006713916953941455,,,,,,
nuScenes oracle,nuScenes,oracle,brake/J,plan_fde/JC_fde,False,R1_gbm_clf,0.5,1.0,752.0,24.0,92.34960981653643,40.72769681846594,51.62191299807049,0.015883402112913413,0.33608241139684797,,,,0.1282777718760875,0.20780463952076048,-8.195535895131815,112.9553078310466,False,-8.195535895131815,False,0.0,-0.0014095673215273855,,,,,,
nuScenes oracle,nuScenes,oracle,plan_ade/JC_ade,brake/J,False,gate_ridge,0.1,1.0,955.0,24.0,17.18082694081516,3.577509966866657,13.603316973948502,0.06966579572778808,0.35580054066452366,,,,0.16582340188610034,0.18997713877842332,-3.735716255134426,30.690691243335507,False,-3.2003386029411405,False,7.0,-0.01514779506386347,,,,,,
nuScenes oracle,nuScenes,oracle,plan_ade/JC_ade,brake/J,False,gate_ridge,0.2,1.0,955.0,24.0,25.705038094493975,7.117754204911787,18.58728388958219,0.10423025266681744,0.5323298164476593,,,,0.2489158665201422,0.2834139499275171,-0.7228474600547595,42.77110408288187,False,0.20116507938613498,True,7.0,-0.0029310430556106905,,,,,,
nuScenes oracle,nuScenes,oracle,plan_ade/JC_ade,brake/J,False,gate_ridge,0.3,1.0,955.0,24.0,39.23528731414819,10.657998442956915,28.57728887119127,0.15909347790792872,0.8125299490875095,,,,0.4647554568732055,0.347774492214304,5.0210454664943445,54.732942422900955,True,6.519297259013454,True,7.0,0.020359621164552345,,,,,,
nuScenes oracle,nuScenes,oracle,plan_ade/JC_ade,brake/J,False,gate_ridge,0.5,1.0,955.0,24.0,43.02348350783422,17.81301837669023,25.21046513114399,0.17445407161597487,0.8909803204520459,,,,0.6018691736469697,0.2891111468050762,7.462161310969032,43.865183796639734,True,8.291862862220453,True,7.0,0.03025799674070326,,,,,,
nuScenes oracle,nuScenes,oracle,plan_ade/JC_ade,brake/J,False,gate_gbm,0.1,1.0,955.0,24.0,13.376780537255712,3.577509966866657,9.799270570389055,0.054240931685893154,0.2770219247246805,,,,0.08969536020892861,0.18732656451575191,-5.451933118845565,24.64216598566501,False,-5.4023416209647275,False,7.0,-0.022106808961375707,,,,,,
nuScenes oracle,nuScenes,oracle,plan_ade/JC_ade,brake/J,False,gate_gbm,0.2,1.0,955.0,24.0,23.057752002223623,7.117754204911787,15.939997797311836,0.09349588622610813,0.47750673801446397,,,,0.16924508953666667,0.3082616484777973,-1.083867748245909,35.64069367488905,False,-0.7630920619274318,False,7.0,-0.004394928684477778,,,,,,
nuScenes oracle,nuScenes,oracle,plan_ade/JC_ade,brake/J,False,gate_gbm,0.3,1.0,955.0,24.0,30.836305015656922,10.657998442956915,20.17830657270001,0.12503680606415546,0.6385940580428395,,,,0.33430475246292357,0.30428930557991596,0.7169439483510206,42.225997312257505,True,1.6307960853616443,True,7.0,0.00290710516008063,,,,,,
nuScenes oracle,nuScenes,oracle,plan_ade/JC_ade,brake/J,False,gate_gbm,0.5,1.0,955.0,24.0,35.63355302382836,17.81301837669023,17.820534647138132,0.14448896054682864,0.7379410476195952,,,,0.5620120618103663,0.1759289858092289,2.50820373590346,37.0295636949038,True,2.8579790158045224,True,7.0,0.010170407379752984,,,,,,
nuScenes oracle,nuScenes,oracle,plan_ade/JC_ade,brake/J,False,R1_mlp_reg,0.1,0.787434554973822,955.0,24.0,0.87,3.577509966866657,-2.707509966866657,0.003527725556631442,0.018016971560476523,,,,0.12244794769846266,-0.10443097613798615,-7.195465111172078,1.0369442272837968,False,-7.196443664205991,False,7.0,-0.02917658179831223,,,,,,
nuScenes oracle,nuScenes,oracle,plan_ade/JC_ade,brake/J,False,R1_mlp_reg,0.2,0.787434554973822,955.0,24.0,3.3320095685338815,7.117754204911787,-3.7857446363779053,0.01351082219523848,0.06900312831667885,,,,0.3354129409324891,-0.2664098126158102,-10.197411103236236,12.774691881056983,False,-10.199138542717876,False,7.0,-0.0413490434027169,,,,,,
nuScenes oracle,nuScenes,oracle,plan_ade/JC_ade,brake/J,False,R1_mlp_reg,0.3,0.787434554973822,955.0,24.0,19.12756573271931,10.657998442956915,8.469567289762397,0.07755954307064566,0.39611587106614843,,,,0.404805566842622,-0.00868969577647355,-6.286733684452776,21.76919109322718,False,-6.290137863222568,False,7.0,-0.02549180584641357,,,,,,
nuScenes oracle,nuScenes,oracle,plan_ade/JC_ade,brake/J,False,R1_mlp_reg,0.5,0.787434554973822,955.0,24.0,33.26905503947724,17.81301837669023,15.456036662787007,0.1349012594341861,0.6889742741266547,,,,0.48456343659651824,0.20441083753013645,0.3326075076052021,35.13089678833613,True,0.30562241070385926,True,7.0,0.0013486758677084575,,,,,,
nuScenes oracle,nuScenes,oracle,plan_ade/JC_ade,brake/J,False,R1_mlp_clf,0.1,0.787434554973822,955.0,24.0,1.5092305690662076,3.577509966866657,-2.0682793978004494,0.006119714079706063,0.031254901426514554,,,,0.027320160511008187,0.003934740915506368,-6.817085914194725,10.434814093337453,False,-6.818143661967672,False,7.0,-0.027642308277306838,,,,,,
nuScenes oracle,nuScenes,oracle,plan_ade/JC_ade,brake/J,False,R1_mlp_clf,0.2,0.787434554973822,955.0,24.0,17.925714111046638,7.117754204911787,10.807959906134851,0.07268620665564149,0.3712265302758161,,,,0.1958776557537452,0.1753488745220709,-3.5197508393828896,21.380034619774378,False,-3.5323348261976695,False,7.0,-0.014272086194328723,,,,,,
nuScenes oracle,nuScenes,oracle,plan_ade/JC_ade,brake/J,False,R1_mlp_clf,0.3,0.787434554973822,955.0,24.0,17.916362636676322,10.657998442956915,7.258364193719407,0.07264828776468936,0.371032869071473,,,,0.21451302723075102,0.15651984184072196,-4.919234815718169,23.294509334309403,False,-4.963454143910316,False,7.0,-0.019946793538482926,,,,,,
nuScenes oracle,nuScenes,oracle,plan_ade/JC_ade,brake/J,False,R1_mlp_clf,0.5,0.787434554973822,955.0,24.0,22.200053907367995,17.81301837669023,4.387035530677764,0.09001804313519285,0.4597445286093045,,,,0.3575488983815698,0.1021956302277347,-5.870139555151958,21.805846575935945,False,-5.882646615897022,False,7.0,-0.02380257624103757,,,,,,
nuScenes oracle,nuScenes,oracle,plan_ade/JC_ade,brake/J,False,R1_gbm_reg,0.1,0.787434554973822,955.0,24.0,10.353611953967173,3.577509966866657,6.776101987100516,0.04198241550971816,0.2144146346239498,,,,0.15171186948559157,0.06270276513835824,-2.445771542719729,20.884208714979234,False,-2.4514604030184026,False,7.0,-0.009917253766591146,,,,,,
nuScenes oracle,nuScenes,oracle,plan_ade/JC_ade,brake/J,False,R1_gbm_reg,0.2,0.787434554973822,955.0,24.0,13.740944278515691,7.117754204911787,6.623190073603904,0.055717563567319994,0.28456345089667795,,,,0.39445557456843444,-0.10989212367175649,-1.9421090171642674,17.45095109278569,False,-1.9493006356759675,False,7.0,-0.007874974268522711,,,,,,
nuScenes oracle,nuScenes,oracle,plan_ade/JC_ade,brake/J,False,R1_gbm_reg,0.3,0.787434554973822,955.0,24.0,19.747522267037517,10.657998442956915,9.089523824080603,0.08007337813974336,0.40895465181045043,,,,0.5074179273500434,-0.098463275539593,-9.436155003799684,33.83341218050309,False,-9.476795505708811,False,7.0,-0.03826225880832162,,,,,,
nuScenes oracle,nuScenes,oracle,plan_ade/JC_ade,brake/J,False,R1_gbm_reg,0.5,0.787434554973822,955.0,24.0,31.983274811572063,17.81301837669023,14.170256434881832,0.12968760452591888,0.6623468421735621,,,,0.5790827561992901,0.08326408597427204,0.22041759841279418,32.93905629057499,True,0.28256997543247825,True,7.0,0.0008937618333932643,,,,,,
nuScenes oracle,nuScenes,oracle,plan_ade/JC_ade,brake/J,False,R1_gbm_clf,0.1,0.787434554973822,955.0,24.0,-1.9413218252880597,3.577509966866657,-5.5188317921547165,-0.00787178231806332,-0.04020314955856017,,,,0.093269104620291,-0.13347225417885117,-12.020395266871796,2.7617974229010023,False,-12.026980820868259,False,7.0,-0.04874098342960374,,,,,,
nuScenes oracle,nuScenes,oracle,plan_ade/JC_ade,brake/J,False,R1_gbm_clf,0.2,0.787434554973822,955.0,24.0,4.922874272679603,7.117754204911787,-2.194879932232184,0.019961551015879604,0.1019486043295057,,,,0.24695466232469712,-0.14500605799519142,-13.450939230672972,9.274012613004846,False,-13.462892665655732,False,7.0,-0.05454163458016266,,,,,,
nuScenes oracle,nuScenes,oracle,plan_ade/JC_ade,brake/J,False,R1_gbm_clf,0.3,0.787434554973822,955.0,24.0,12.797203812994164,10.657998442956915,2.1392053700372493,0.05189083097071362,0.26501937603716963,,,,0.4250451923657248,-0.16002581632855517,-12.818143877801699,18.51656915326956,False,-12.891750485911409,False,7.0,-0.051975739938275756,,,,,,
nuScenes oracle,nuScenes,oracle,plan_ade/JC_ade,brake/J,False,R1_gbm_clf,0.5,0.787434554973822,955.0,24.0,30.83148285667072,17.81301837669023,13.01846447998049,0.12501725289922008,0.6384941951677654,,,,0.700806005545057,-0.06231181037729161,-6.718255200602861,32.777282661107805,False,-6.624872826227026,False,7.0,-0.02724156387027449,,,,,,
nuScenes oracle,nuScenes,oracle,plan_ade/JC_ade,plan_ade/JC_ade,True,gate_ridge,0.1,1.0,752.0,24.0,-0.71571656196371,-0.2519367052549455,-0.46377985670876454,-0.00023737321045071066,-0.009265096424390837,-0.0092650964243908,True,,-0.009265096424390837,0.0,-13.102107528863264,23.022989254785315,False,-13.102107528863264,False,0.0,-0.004345420370409698,,,,,,
nuScenes oracle,nuScenes,oracle,plan_ade/JC_ade,plan_ade/JC_ade,True,gate_ridge,0.2,1.0,752.0,24.0,-12.95333738192347,-0.503873410509891,-12.449463971413579,-0.00429607954294382,-0.14951677306580266,-0.1495167730658026,True,,-0.14951677306580266,0.0,-40.73682789560286,10.952562270932354,False,-40.73682789560286,False,0.0,-0.01351069981477894,,,,,,
nuScenes oracle,nuScenes,oracle,plan_ade/JC_ade,plan_ade/JC_ade,True,gate_ridge,0.3,1.0,752.0,24.0,-6.366774077931052,-0.7591692718349026,-5.60760480609615,-0.002111592330553735,-0.07348990355950233,-0.0734899035595023,True,,-0.07348990355950233,0.0,-44.97668349900597,15.87904795188031,False,-44.97668349900597,False,0.0,-0.014916882359536459,,,,,,
nuScenes oracle,nuScenes,oracle,plan_ade/JC_ade,plan_ade/JC_ade,True,gate_ridge,0.5,1.0,752.0,24.0,-2.962291546401974,-1.2630426823447936,-1.6992488640571803,-0.000982468049546254,-0.0341929079617905,-0.0341929079617905,True,,-0.0341929079617905,0.0,-34.010604359326535,23.282855256920705,False,-34.010604359326535,False,0.0,-0.011279893152104564,,,,,,
nuScenes oracle,nuScenes,oracle,plan_ade/JC_ade,plan_ade/JC_ade,True,gate_gbm,0.1,1.0,752.0,24.0,-14.563903697340569,-0.2519367052549455,-14.311966992085624,-0.0048302369416288495,-0.18853269470414244,-0.1885326947041424,True,,-0.18853269470414244,0.0,-40.89579691054638,11.206648956896299,False,-40.89579691054638,False,0.0,-0.013563423179648124,,,,,,
nuScenes oracle,nuScenes,oracle,plan_ade/JC_ade,plan_ade/JC_ade,True,gate_gbm,0.2,1.0,752.0,24.0,-12.22260620173672,-0.503873410509891,-11.718732791226829,-0.004053726612418564,-0.14108214615702183,-0.1410821461570218,True,,-0.14108214615702183,0.0,-40.21927802158746,12.671780235789603,False,-40.21927802158746,False,0.0,-0.013339050195792446,,,,,,
nuScenes oracle,nuScenes,oracle,plan_ade/JC_ade,plan_ade/JC_ade,True,gate_gbm,0.3,1.0,752.0,24.0,-6.907026196131035,-0.7591692718349026,-6.147856924296132,-0.0022907713331997977,-0.0797258835987431,-0.0797258835987431,True,,-0.0797258835987431,0.0,-35.14364271886159,14.251951124507196,False,-35.14364271886159,False,0.0,-0.011655674525989104,,,,,,
nuScenes oracle,nuScenes,oracle,plan_ade/JC_ade,plan_ade/JC_ade,True,gate_gbm,0.5,1.0,752.0,24.0,3.2828750219028695,-1.2630426823447936,4.545917704247663,0.0010887921628073816,0.037893313914468325,0.0378933139144683,True,,0.037893313914468325,0.0,-6.232094594839974,15.982859297854695,False,-6.232094594839974,False,0.0,-0.0020669247861902825,,,,,,
nuScenes oracle,nuScenes,oracle,plan_ade/JC_ade,plan_ade/JC_ade,True,R1_mlp_reg,0.1,1.0,752.0,24.0,-0.9728700297864807,-0.2519367052549455,-0.7209333245315352,-0.00032266024652005296,-0.012594000353492958,-0.0125940003534929,True,,-0.012594000353492958,0.0,-16.76596918160519,10.78324453847321,False,-16.76596918160519,False,0.0,-0.0055605698435089316,,,,,,
nuScenes oracle,nuScenes,oracle,plan_ade/JC_ade,plan_ade/JC_ade,True,R1_mlp_reg,0.2,1.0,752.0,24.0,-6.815761097108796,-0.503873410509891,-6.311887686598904,-0.0022605025219016887,-0.07867243592753685,-0.0786724359275368,True,,-0.07867243592753685,0.0,-34.32448905618082,14.320228950554453,False,-34.32448905618082,False,0.0,-0.011383995561023569,,,,,,
nuScenes oracle,nuScenes,oracle,plan_ade/JC_ade,plan_ade/JC_ade,True,R1_mlp_reg,0.3,1.0,752.0,24.0,-15.307413872658609,-0.7591692718349026,-14.548244600823706,-0.0050768281296737095,-0.17668922369122764,-0.1766892236912276,True,,-0.17668922369122764,0.0,-38.280727847515905,6.754888100201228,False,-38.280727847515905,False,0.0,-0.012696114286671369,,,,,,
nuScenes oracle,nuScenes,oracle,plan_ade/JC_ade,plan_ade/JC_ade,True,R1_mlp_reg,0.5,1.0,752.0,24.0,-10.332420699168285,-1.2630426823447936,-9.069378016823492,-0.0034268312393940545,-0.11926426027116616,-0.1192642602711661,True,,-0.11926426027116616,0.0,-29.80008671635293,7.318484555083989,False,-29.80008671635293,False,0.0,-0.009883440780191056,,,,,,
nuScenes oracle,nuScenes,oracle,plan_ade/JC_ade,plan_ade/JC_ade,True,R1_mlp_clf,0.1,1.0,752.0,24.0,-5.370963140937143,-0.2519367052549455,-5.119026435682198,-0.0017813235458442927,-0.06952820996079574,-0.0695282099607957,True,,-0.06952820996079574,0.0,-11.760211426742952,0.5568214814132938,False,-11.760211426742952,False,0.0,-0.003900369629963448,,,,,,
nuScenes oracle,nuScenes,oracle,plan_ade/JC_ade,plan_ade/JC_ade,True,R1_mlp_clf,0.2,1.0,752.0,24.0,-6.403557804803299,-0.503873410509891,-5.899684394293407,-0.002123791952309099,-0.07391448789488352,-0.0739144878948835,True,,-0.07391448789488352,0.0,-19.918509988425935,11.91390249540232,False,-19.918509988425935,False,0.0,-0.006606135605378024,,,,,,
nuScenes oracle,nuScenes,oracle,plan_ade/JC_ade,plan_ade/JC_ade,True,R1_mlp_clf,0.3,1.0,752.0,24.0,7.988288119982906,-0.7591692718349026,8.74745739181781,0.0026493806316888894,0.09220658945288547,0.0922065894528854,True,,0.09220658945288547,0.0,-13.884241422156503,33.649753022273224,False,-13.884241422156503,False,0.0,-0.004604821428202661,,,,,,
nuScenes oracle,nuScenes,oracle,plan_ade/JC_ade,plan_ade/JC_ade,True,R1_mlp_clf,0.5,1.0,752.0,24.0,10.731037162972168,-1.2630426823447936,11.99407984531696,0.0035590356269689714,0.12386537931883569,0.1238653793188356,True,,0.12386537931883569,0.0,-7.945219642963057,39.57191059297486,False,-7.945219642963057,False,0.0,-0.0026350966215056195,,,,,,
nuScenes oracle,nuScenes,oracle,plan_ade/JC_ade,plan_ade/JC_ade,True,R1_gbm_reg,0.1,1.0,752.0,24.0,-8.699715751811377,-0.2519367052549455,-8.447779046556432,-0.002885331383627801,-0.11261958935835159,-0.1126195893583515,True,,-0.11261958935835159,0.0,-14.843640026969023,-2.7068340702808444,False,-14.843640026969023,False,0.0,-0.004923013767222235,,,,,,
nuScenes oracle,nuScenes,oracle,plan_ade/JC_ade,plan_ade/JC_ade,True,R1_gbm_reg,0.2,1.0,752.0,24.0,-7.232696593236116,-0.503873410509891,-6.7288231827262255,-0.002398782565324269,-0.08348500647360639,-0.0834850064736063,True,,-0.08348500647360639,0.0,-15.516962644218562,0.9934862958267814,False,-15.516962644218562,False,0.0,-0.005146326681607053,,,,,,
nuScenes oracle,nuScenes,oracle,plan_ade/JC_ade,plan_ade/JC_ade,True,R1_gbm_reg,0.3,1.0,752.0,24.0,-14.803304955929319,-0.7591692718349026,-14.044135684094416,-0.004909636313331574,-0.17087043458068965,-0.1708704345806896,True,,-0.17087043458068965,0.0,-32.511406256094034,4.155250167475285,False,-32.511406256094034,False,0.0,-0.010782671925464907,,,,,,
nuScenes oracle,nuScenes,oracle,plan_ade/JC_ade,plan_ade/JC_ade,True,R1_gbm_reg,0.5,1.0,752.0,24.0,-9.799567705340046,-1.2630426823447936,-8.536525022995253,-0.003250106216437697,-0.11311368626798829,-0.1131136862679882,True,,-0.11311368626798829,0.0,-30.349721634786206,2.419624044865895,False,-30.349721634786206,False,0.0,-0.010065731664736685,,,,,,
nuScenes oracle,nuScenes,oracle,plan_ade/JC_ade,plan_ade/JC_ade,True,R1_gbm_clf,0.1,1.0,752.0,24.0,-2.2259179714955595,-0.2519367052549455,-1.973981266240614,-0.0007382437729876442,-0.02881496074662096,-0.0288149607466209,True,,-0.02881496074662096,0.0,-13.01298476184068,9.632553533231723,False,-13.01298476184068,False,0.0,-0.004315862080918173,,,,,,
nuScenes oracle,nuScenes,oracle,plan_ade/JC_ade,plan_ade/JC_ade,True,R1_gbm_clf,0.2,1.0,752.0,24.0,2.71779773709333,-0.503873410509891,3.221671147603221,0.0009013796920382446,0.031370783877119605,0.0313707838771196,True,,0.031370783877119605,0.0,-25.522372136375957,12.404726495336453,False,-25.522372136375957,False,0.0,-0.008464701998382018,,,,,,
nuScenes oracle,nuScenes,oracle,plan_ade/JC_ade,plan_ade/JC_ade,True,R1_gbm_clf,0.3,1.0,752.0,24.0,-5.720328603763265,-0.7591692718349026,-4.9611593319283624,-0.0018971934389540733,-0.0660281631283882,-0.0660281631283882,True,,-0.0660281631283882,0.0,-30.339712859498192,11.664491162517646,False,-30.339712859498192,False,0.0,-0.01006241217312638,,,,,,
nuScenes oracle,nuScenes,oracle,plan_ade/JC_ade,plan_ade/JC_ade,True,R1_gbm_clf,0.5,1.0,752.0,24.0,-3.203354184612523,-1.2630426823447936,-1.9403115022677295,-0.0010624184312934039,-0.03697542699215782,-0.0369754269921578,True,,-0.03697542699215782,0.0,-31.440879366805557,22.87299818612716,False,-31.440879366805557,False,0.0,-0.010427622988373098,,,,,,
nuScenes oracle,nuScenes,oracle,plan_ade/JC_ade,plan_fde/JC_fde,False,gate_ridge,0.1,1.0,752.0,24.0,8.599862651321734,8.123875695172726,0.47598695614900777,0.0014791083240972135,0.03129696577256527,,,,0.03540876796386835,-0.004111802191303075,-29.43476053970469,51.36202214590801,False,-29.43476053970469,False,0.0,-0.0050625458914037485,,,,,,
nuScenes oracle,nuScenes,oracle,plan_ade/JC_ade,plan_fde/JC_fde,False,gate_ridge,0.2,1.0,752.0,24.0,-23.213080511371242,16.247751390345453,-39.460831901716695,-0.003992466159564888,-0.08447797548586783,,,,0.029979351467357293,-0.11445732695322512,-140.26557201611962,32.748029314566296,False,-140.26557201611962,False,0.0,-0.024124568445452257,,,,,,
nuScenes oracle,nuScenes,oracle,plan_ade/JC_ade,plan_fde/JC_fde,False,gate_ridge,0.3,1.0,752.0,24.0,17.995610884496823,24.479945428120484,-6.48433454362366,0.0030951026703179693,0.0654903503397161,,,,-0.03659351943047838,0.10208386977019449,-145.2111787430669,72.63252139369382,False,-145.2111787430669,False,0.0,-0.024975173667201308,,,,,,
nuScenes oracle,nuScenes,oracle,plan_ade/JC_ade,plan_fde/JC_fde,False,gate_ridge,0.5,1.0,752.0,24.0,46.35263845638224,40.72769681846594,5.624941637916301,0.007972287019510287,0.16868838469350747,,,,0.0669723709760428,0.10171601371746467,-91.0425133669697,91.428145579636,False,-91.0425133669697,False,0.0,-0.015658591866827106,,,,,,
nuScenes oracle,nuScenes,oracle,plan_ade/JC_ade,plan_fde/JC_fde,False,gate_gbm,0.1,1.0,752.0,24.0,-39.216218001679394,8.123875695172726,-47.34009369685212,-0.006744879172806329,-0.1427172365757939,,,,-0.01328344100306386,-0.12943379557273005,-140.19460791441287,26.556071597203687,False,-140.19460791441287,False,0.0,-0.024112363181507675,,,,,,
nuScenes oracle,nuScenes,oracle,plan_ade/JC_ade,plan_fde/JC_fde,False,gate_gbm,0.2,1.0,752.0,24.0,-29.78248098359156,16.247751390345453,-46.03023237393701,-0.005122351056191212,-0.1083856016958927,,,,0.12469626769972209,-0.2330818693956148,-128.72386031929454,27.829447955472574,False,-128.72386031929454,False,0.0,-0.022139485364796267,,,,,,
nuScenes oracle,nuScenes,oracle,plan_ade/JC_ade,plan_fde/JC_fde,False,gate_gbm,0.3,1.0,752.0,24.0,43.1776900281794,24.479945428120484,18.697744600058915,0.007426221013675597,0.1571339847785446,,,,0.11220797010038654,0.04492601467815806,-88.57809786129546,96.98980479803139,False,-88.57809786129546,False,0.0,-0.015234731901119774,,,,,,
nuScenes oracle,nuScenes,oracle,plan_ade/JC_ade,plan_fde/JC_fde,False,gate_gbm,0.5,1.0,752.0,24.0,62.61475563064798,40.72769681846594,21.88705881218204,0.010769242489049546,0.22787013505718545,,,,0.12273991433807198,0.10513022071911347,-25.014702379837487,75.39606794983287,False,-25.014702379837487,False,0.0,-0.00430233086445229,,,,,,
nuScenes oracle,nuScenes,oracle,plan_ade/JC_ade,plan_fde/JC_fde,False,R1_mlp_reg,0.1,1.0,752.0,24.0,7.859979997526272,8.123875695172726,-0.26389569764645415,0.0013518543624405342,0.02860435508441755,,,,0.07267983790388434,-0.044075482819466785,-42.241851192001775,35.79693355326815,False,-42.241851192001775,False,0.0,-0.007265264139278187,,,,,,
nuScenes oracle,nuScenes,oracle,plan_ade/JC_ade,plan_fde/JC_fde,False,R1_mlp_reg,0.2,1.0,752.0,24.0,35.177265165242694,16.247751390345453,18.92951377489724,0.0060502112457445625,0.12801851709571743,,,,0.036766717039598974,0.09125180005611847,-61.685702429226836,99.80716689540533,False,-61.685702429226836,False,0.0,-0.010609452690134562,,,,,,
nuScenes oracle,nuScenes,oracle,plan_ade/JC_ade,plan_fde/JC_fde,False,R1_mlp_reg,0.3,1.0,752.0,24.0,29.10857394835805,24.479945428120484,4.628628520237566,0.005006444378852782,0.10593309213024835,,,,0.11473647675225888,-0.008803384622010538,-60.50124869048332,78.57912684605685,False,-60.50124869048332,False,0.0,-0.010405736019820724,,,,,,
nuScenes oracle,nuScenes,oracle,plan_ade/JC_ade,plan_fde/JC_fde,False,R1_mlp_reg,0.5,1.0,752.0,24.0,43.40981684467999,40.72769681846594,2.6821200262140508,0.007466144989261351,0.1579787500178821,,,,0.13417540227546623,0.02380334774241588,-48.260413181826536,51.41710401573096,False,-48.260413181826536,False,0.0,-0.008300409175795335,,,,,,
nuScenes oracle,nuScenes,oracle,plan_ade/JC_ade,plan_fde/JC_fde,False,R1_mlp_clf,0.1,1.0,752.0,24.0,-14.141333596467542,8.123875695172726,-22.265209291640268,-0.002432197476218531,-0.051463709537157634,,,,-0.042341238301168004,-0.00912247123598963,-47.47814360637515,0.8545338644498819,False,-47.47814360637515,False,0.0,-0.008165864999027545,,,,,,
nuScenes oracle,nuScenes,oracle,plan_ade/JC_ade,plan_fde/JC_fde,False,R1_mlp_clf,0.2,1.0,752.0,24.0,-6.736576865861739,16.247751390345453,-22.984328256207192,-0.001158637913442188,-0.0245160212602612,,,,-0.04735201316023637,0.02283599189997517,-67.31459941745061,61.303820515244944,False,-67.31459941745061,False,0.0,-0.01157757842985064,,,,,,
nuScenes oracle,nuScenes,oracle,plan_ade/JC_ade,plan_fde/JC_fde,False,R1_mlp_clf,0.3,1.0,752.0,24.0,55.79955334108872,24.479945428120484,31.319607912968234,0.009597081624905487,0.20306797699520027,,,,-0.08304459415173075,0.286112571146931,-38.059459686604434,98.50125065637008,False,-38.059459686604434,False,0.0,-0.006545925896205676,,,,,,
nuScenes oracle,nuScenes,oracle,plan_ade/JC_ade,plan_fde/JC_fde,False,R1_mlp_clf,0.5,1.0,752.0,24.0,68.61670603714776,40.72769681846594,27.889009218681828,0.011801530464684606,0.24971267418331766,,,,-0.016724703653004415,0.2664373778363221,-49.90611366508419,110.54363986962896,False,-49.90611366508419,False,0.0,-0.008583456636254845,,,,,,
nuScenes oracle,nuScenes,oracle,plan_ade/JC_ade,plan_fde/JC_fde,False,R1_gbm_reg,0.1,1.0,752.0,24.0,-3.9442721118676802,8.123875695172726,-12.068147807040408,-0.0006783835916578666,-0.014354153582189381,,,,-0.0039883128803981285,-0.010365840701791253,-31.888687255961568,1.766816184519784,False,-31.888687255961568,False,0.0,-0.005484601868330571,,,,,,
nuScenes oracle,nuScenes,oracle,plan_ade/JC_ade,plan_fde/JC_fde,False,R1_gbm_reg,0.2,1.0,752.0,24.0,-2.338289153179109,16.247751390345453,-18.58604054352456,-0.0004021672311338468,-0.008509595857575677,,,,-0.09308908145973095,0.08457948560215528,-42.90588139506855,7.353218864070415,False,-42.90588139506855,False,0.0,-0.007379472079640708,,,,,,
nuScenes oracle,nuScenes,oracle,plan_ade/JC_ade,plan_fde/JC_fde,False,R1_gbm_reg,0.3,1.0,752.0,24.0,-25.829822875078367,24.479945428120484,-50.30976830319885,-0.004442525139469896,-0.09400092945769395,,,,-0.08452799021485752,-0.009472939242836431,-104.03274445034744,9.307314780831097,False,-104.03274445034744,False,0.0,-0.01789280881963127,,,,,,
nuScenes oracle,nuScenes,oracle,plan_ade/JC_ade,plan_fde/JC_fde,False,R1_gbm_reg,0.5,1.0,752.0,24.0,11.279719820150323,40.72769681846594,-29.447976998315614,0.0019400225510467278,0.041049609679651586,,,,-0.022988671235518066,0.06403828091516965,-90.629816133101,17.86978888863213,False,-90.629816133101,False,0.0,-0.015587611208333303,,,,,,
nuScenes oracle,nuScenes,oracle,plan_ade/JC_ade,plan_fde/JC_fde,False,R1_gbm_clf,0.1,1.0,752.0,24.0,19.838583938812203,8.123875695172726,11.714708243639476,0.003412079451953637,0.07219737194450924,,,,-0.017443552585882666,0.08964092453039191,-21.63308620428439,54.86119626981503,False,-21.63308620428439,False,0.0,-0.0037207196414644865,,,,,,
nuScenes oracle,nuScenes,oracle,plan_ade/JC_ade,plan_fde/JC_fde,False,R1_gbm_clf,0.2,1.0,752.0,24.0,52.23681621414896,16.247751390345453,35.9890648238035,0.008984319031514896,0.19010232086331494,,,,0.06495945197443771,0.1251428688888772,-33.34872540097731,91.52032194075318,False,-33.34872540097731,False,0.0,-0.0057357168757848275,,,,,,
nuScenes oracle,nuScenes,oracle,plan_ade/JC_ade,plan_fde/JC_fde,False,R1_gbm_clf,0.3,1.0,752.0,24.0,49.23051749093494,24.479945428120484,24.75057206281446,0.008467259440389303,0.17916167773245342,,,,0.046591408739189585,0.13257026899326385,-49.251630434423426,98.08524382324285,False,-49.251630434423426,False,0.0,-0.008470890699599613,,,,,,
nuScenes oracle,nuScenes,oracle,plan_ade/JC_ade,plan_fde/JC_fde,False,R1_gbm_clf,0.5,1.0,752.0,24.0,62.89557834211421,40.72769681846594,22.167881523648276,0.010817541773231883,0.22889211635447593,,,,0.1282777718760875,0.10061434447838843,-77.93731721640407,115.10430293737002,False,-77.93731721640407,False,0.0,-0.013404601832201471,,,,,,
nuScenes oracle,nuScenes,oracle,plan_fde/JC_fde,brake/J,False,gate_ridge,0.1,1.0,955.0,24.0,9.72968877927515,3.577509966866657,6.1521788124084935,0.03945249628128635,0.20149370807872177,,,,0.16582340188610034,0.03567030619262143,-9.426268980499966,22.694619295613972,False,-9.437435337589024,False,7.0,-0.03822217239792177,,,,,,
nuScenes oracle,nuScenes,oracle,plan_fde/JC_fde,brake/J,False,gate_ridge,0.2,1.0,955.0,24.0,25.588475200879248,7.117754204911787,18.47072099596746,0.10375760680617424,0.5299158965174715,,,,0.2489158665201422,0.2810000299973293,-1.569689186839144,34.69489858095095,False,-1.0000755722142691,False,7.0,-0.006364865126874109,,,,,,
nuScenes oracle,nuScenes,oracle,plan_fde/JC_fde,brake/J,False,gate_ridge,0.3,1.0,955.0,24.0,28.775807525427766,10.657998442956915,18.11780908247085,0.11668178347144702,0.5959228802475613,,,,0.4647554568732055,0.13116742337435583,0.007810325081516635,36.712189809532475,True,0.8197990786294561,True,7.0,3.16697510295009e-05,,,,,,
nuScenes oracle,nuScenes,oracle,plan_fde/JC_fde,brake/J,False,gate_ridge,0.5,1.0,955.0,24.0,34.994638788518486,17.81301837669023,17.181620411828256,0.14189825471188808,0.7247096687607888,,,,0.6018691736469697,0.12284049511381911,-0.35555056313407774,38.17988032431506,False,-0.01826977205253503,False,7.0,-0.0014417066761411345,,,,,,
nuScenes oracle,nuScenes,oracle,plan_fde/JC_fde,brake/J,False,gate_gbm,0.1,1.0,955.0,24.0,19.190739399175392,3.577509966866657,15.613229432308735,0.07781570325186776,0.3974241448039763,,,,0.08969536020892861,0.3077287845950477,-4.520312330552692,46.8710118828689,False,-4.527177142657087,False,7.0,-0.018329219922352837,,,,,,
nuScenes oracle,nuScenes,oracle,plan_fde/JC_fde,brake/J,False,gate_gbm,0.2,1.0,955.0,24.0,26.38940189631498,7.117754204911787,19.271647691403192,0.10700524999292942,0.5465024177745887,,,,0.16924508953666667,0.3772573282379221,-1.0121547104558297,49.653111378351646,False,-1.0077285305281942,False,7.0,-0.00410414257395394,,,,,,
nuScenes oracle,nuScenes,oracle,plan_fde/JC_fde,brake/J,False,gate_gbm,0.3,1.0,955.0,24.0,28.61359799428264,10.657998442956915,17.955599551325726,0.11602404702483797,0.5925636566734465,,,,0.33430475246292357,0.2582589042105229,-1.367937835104045,46.09905811912896,False,-1.382454752664178,False,7.0,-0.005546792253769686,,,,,,
nuScenes oracle,nuScenes,oracle,plan_fde/JC_fde,brake/J,False,gate_gbm,0.5,1.0,955.0,24.0,36.38157884446085,17.81301837669023,18.568560467770617,0.14752209825311072,0.7534320360527419,,,,0.5620120618103663,0.19141997424237556,1.461901916946655,37.373276392926755,True,1.639537077739397,True,7.0,0.005927803165173805,,,,,,
nuScenes oracle,nuScenes,oracle,plan_fde/JC_fde,brake/J,False,R1_mlp_reg,0.1,0.787434554973822,955.0,24.0,7.157380445786009,3.577509966866657,3.579870478919352,0.029022153927739592,0.1482233562519969,,,,0.12244794769846266,0.025775408553534232,-4.366215562344965,16.811534950063503,False,-4.3731132688834276,False,7.0,-0.017704379569018686,,,,,,
nuScenes oracle,nuScenes,oracle,plan_fde/JC_fde,brake/J,False,R1_mlp_reg,0.2,0.787434554973822,955.0,24.0,11.717380445786008,7.117754204911787,4.599626240874221,0.047512301672842316,0.2426571382241497,,,,0.3354129409324891,-0.09275580270833939,-8.140388825951696,16.83402095433843,False,-8.167973517261885,False,7.0,-0.03300811230141013,,,,,,
nuScenes oracle,nuScenes,oracle,plan_fde/JC_fde,brake/J,False,R1_mlp_reg,0.3,0.787434554973822,955.0,24.0,8.885114649512605,10.657998442956915,-1.7728837934443096,0.036027868991593145,0.18400328500211718,,,,0.404805566842622,-0.2208022818405048,-15.851566025794769,13.713911333974137,False,-15.969862898103118,False,7.0,-0.0642758328526746,,,,,,
nuScenes oracle,nuScenes,oracle,plan_fde/JC_fde,brake/J,False,R1_mlp_reg,0.5,0.787434554973822,955.0,24.0,20.72555151425075,17.81301837669023,2.9125331375605192,0.08403914684149869,0.4292088186292493,,,,0.48456343659651824,-0.055354617967268926,-8.44372520252106,17.931326287423545,False,-8.467137772041927,False,7.0,-0.03423809791966269,,,,,,
nuScenes oracle,nuScenes,oracle,plan_fde/JC_fde,brake/J,False,R1_mlp_clf,0.1,0.787434554973822,955.0,24.0,0.14064852562968433,3.577509966866657,-3.4368614412369727,0.0005703096532946779,0.002912713202635605,,,,0.027320160511008187,-0.024407447308372583,-14.762935561470078,8.69742864458267,False,-14.809730791839812,False,7.0,-0.05986159203574844,,,,,,
nuScenes oracle,nuScenes,oracle,plan_fde/JC_fde,brake/J,False,R1_mlp_clf,0.2,0.787434554973822,955.0,24.0,1.7181285801891564,7.117754204911787,-5.39962562472263,0.006966765634381817,0.03558100432932177,,,,0.1958776557537452,-0.16029665142442343,-18.64510497095482,7.74278114580745,False,-18.654929157149937,False,7.0,-0.0756032336920842,,,,,,
nuScenes oracle,nuScenes,oracle,plan_fde/JC_fde,brake/J,False,R1_mlp_clf,0.3,0.787434554973822,955.0,24.0,8.52119740516879,10.657998442956915,-2.136801037788125,0.03455223661990284,0.17646686357486488,,,,0.21451302723075102,-0.038046163655886145,-19.272472027136313,29.442905217374943,False,-19.309207590537817,False,7.0,-0.07814711736734867,,,,,,
nuScenes oracle,nuScenes,oracle,plan_fde/JC_fde,brake/J,False,R1_mlp_clf,0.5,0.787434554973822,955.0,24.0,23.251956769701877,17.81301837669023,5.438938393011647,0.09428335877950204,0.48152855614384865,,,,0.3575488983815698,0.12397965776227887,-13.667909303034012,28.463069939883983,False,-13.695906088490286,False,7.0,-0.055421417188544514,,,,,,
nuScenes oracle,nuScenes,oracle,plan_fde/JC_fde,brake/J,False,R1_gbm_reg,0.1,0.787434554973822,955.0,24.0,13.729752262153093,3.577509966866657,10.152242295286436,0.05567218154185727,0.28433167360873624,,,,0.15171186948559157,0.13261980412314467,-0.8590567425476957,22.30214529547703,False,-0.8668363030407765,False,7.0,-0.003483352212967889,,,,,,
nuScenes oracle,nuScenes,oracle,plan_fde/JC_fde,brake/J,False,R1_gbm_reg,0.2,0.787434554973822,955.0,24.0,18.099752262153096,7.117754204911787,10.98199805724131,0.0733919064642474,0.3748307146653827,,,,0.39445557456843444,-0.01962485990305174,-0.22762696127868584,30.117424888184146,False,-0.2322980974524304,False,7.0,-0.0009229947685990526,,,,,,
nuScenes oracle,nuScenes,oracle,plan_fde/JC_fde,brake/J,False,R1_gbm_reg,0.3,0.787434554973822,955.0,24.0,22.209352956177618,10.657998442956915,11.551354513220703,0.09005574944799523,0.4599371041241809,,,,0.5074179273500434,-0.047480823225862556,-6.348000897395833,36.77298328404096,False,-6.354131323918172,False,7.0,-0.02574023563133633,,,,,,
nuScenes oracle,nuScenes,oracle,plan_fde/JC_fde,brake/J,False,R1_gbm_reg,0.5,0.787434554973822,955.0,24.0,22.857975546392343,17.81301837669023,5.044957169702112,0.09268582127340784,0.47336953488438926,,,,0.5790827561992901,-0.1057132213149008,-11.193473349503686,25.103381437503856,False,-11.231741347469937,False,7.0,-0.04538793333622655,,,,,,
nuScenes oracle,nuScenes,oracle,plan_fde/JC_fde,brake/J,False,R1_gbm_clf,0.1,0.787434554973822,955.0,24.0,6.841329897302062,3.577509966866657,3.263819930435405,0.027740614160987637,0.14167821401784947,,,,0.093269104620291,0.048409109397558464,-10.191749021901794,14.407884585305526,False,-10.205034865755206,False,7.0,-0.04132608447280053,,,,,,
nuScenes oracle,nuScenes,oracle,plan_fde/JC_fde,brake/J,False,R1_gbm_clf,0.2,0.787434554973822,955.0,24.0,10.556699558386395,7.117754204911787,3.438945353474608,0.04280590669632131,0.21862040886889972,,,,0.24695466232469712,-0.028334253455797404,-9.520521725041778,19.68307788561766,False,-9.414587293623134,False,7.0,-0.038604353795281314,,,,,,
nuScenes oracle,nuScenes,oracle,plan_fde/JC_fde,brake/J,False,R1_gbm_clf,0.3,0.787434554973822,955.0,24.0,17.611587769135642,10.657998442956915,6.953589326178728,0.07141246927130751,0.3647212367486817,,,,0.4250451923657248,-0.060323955617043123,-11.090275681796728,34.979156260850225,False,-11.138768925150213,False,7.0,-0.04496948155489943,,,,,,
nuScenes oracle,nuScenes,oracle,plan_fde/JC_fde,brake/J,False,R1_gbm_clf,0.5,0.787434554973822,955.0,24.0,26.7367895350515,17.81301837669023,8.92377115836127,0.10841385717824974,0.5536965249097348,,,,0.700806005545057,-0.14710948063532225,-10.216509581490797,27.709947820039275,False,-10.305692989445566,False,7.0,-0.041426485000224236,,,,,,
nuScenes oracle,nuScenes,oracle,plan_fde/JC_fde,plan_ade/JC_ade,False,gate_ridge,0.1,1.0,752.0,24.0,1.988115548848143,-0.2519367052549455,2.2400522541030883,0.0006593746682097725,0.025736560032046225,,,,-0.009265096424390837,0.03500165645643706,-11.484673079416872,23.804641619942164,False,-11.484673079416872,False,0.0,-0.003808985099294461,,,,,,
nuScenes oracle,nuScenes,oracle,plan_fde/JC_fde,plan_ade/JC_ade,False,gate_ridge,0.2,1.0,752.0,24.0,-9.705013798687247,-0.503873410509891,-9.201140388177356,-0.0032187466453789384,-0.1120222768044148,,,,-0.14951677306580266,0.03749449626138786,-41.66141957884733,10.90299212377184,False,-41.66141957884733,False,0.0,-0.013817348155576866,,,,,,
nuScenes oracle,nuScenes,oracle,plan_fde/JC_fde,plan_ade/JC_ade,False,gate_ridge,0.3,1.0,752.0,24.0,-14.301953415398899,-0.7591692718349026,-13.542784143563996,-0.00474335900319976,-0.16508347309721239,,,,-0.07348990355950233,-0.09159356953771006,-47.23456305737589,8.942607968477748,False,-47.23456305737589,False,0.0,-0.01566572645238627,,,,,,
nuScenes oracle,nuScenes,oracle,plan_fde/JC_fde,plan_ade/JC_ade,False,gate_ridge,0.5,1.0,752.0,24.0,-11.551482013798221,-1.2630426823447936,-10.288439331453429,-0.0038311428249692453,-0.13333554619221252,,,,-0.0341929079617905,-0.09914263823042202,-45.97656428692563,12.845527320841251,False,-45.97656428692563,False,0.0,-0.015248500943358625,,,,,,
nuScenes oracle,nuScenes,oracle,plan_fde/JC_fde,plan_ade/JC_ade,False,gate_gbm,0.1,1.0,752.0,24.0,-9.774018865056753,-0.2519367052549455,-9.522082159801808,-0.0032416327360634298,-0.12652666160205128,,,,-0.18853269470414244,0.06200603310209116,-29.113479228097233,6.982475487119289,False,-29.113479228097233,False,0.0,-0.009655721830444275,,,,,,
nuScenes oracle,nuScenes,oracle,plan_fde/JC_fde,plan_ade/JC_ade,False,gate_gbm,0.2,1.0,752.0,24.0,-3.329071211381612,-0.503873410509891,-2.825197800871721,-0.0011041135042292871,-0.03842654368955601,,,,-0.14108214615702183,0.10265560246746583,-26.046280825665274,18.68834113570202,False,-26.046280825665274,False,0.0,-0.00863846057009708,,,,,,
nuScenes oracle,nuScenes,oracle,plan_fde/JC_fde,plan_ade/JC_ade,False,gate_gbm,0.3,1.0,752.0,24.0,-0.9549847134268954,-0.7591692718349026,-0.19581544159199282,-0.0003167284360942148,-0.011023123112505317,,,,-0.0797258835987431,0.06870276048623777,-24.212449737628013,23.94142467866976,False,-24.212449737628013,False,0.0,-0.008030255596332903,,,,,,
nuScenes oracle,nuScenes,oracle,plan_fde/JC_fde,plan_ade/JC_ade,False,gate_gbm,0.5,1.0,752.0,24.0,2.954774464762138,-1.2630426823447936,4.217817147106931,0.0009799749483705984,0.0341061403777678,,,,0.037893313914468325,-0.003787173536700522,-9.53235804656574,17.139945339674174,False,-9.53235804656574,False,0.0,-0.003161483962968157,,,,,,
nuScenes oracle,nuScenes,oracle,plan_fde/JC_fde,plan_ade/JC_ade,False,R1_mlp_reg,0.1,1.0,752.0,24.0,5.075969863443745,-0.2519367052549455,5.32790656869869,0.0016834866295825507,0.06570946200137377,,,,-0.012594000353492958,0.07830346235486674,-4.089074047917126,14.535838997306204,False,-4.089074047917126,False,0.0,-0.0013561746173116878,,,,,,
nuScenes oracle,nuScenes,oracle,plan_fde/JC_fde,plan_ade/JC_ade,False,R1_mlp_reg,0.2,1.0,752.0,24.0,-0.45239850152785754,-0.503873410509891,0.05147490898203344,-0.00015004163717564396,-0.005221910160592581,,,,-0.07867243592753685,0.07345052576694427,-16.23567446166089,11.07179979708984,False,-16.23567446166089,False,0.0,-0.005384693292863145,,,,,,
nuScenes oracle,nuScenes,oracle,plan_fde/JC_fde,plan_ade/JC_ade,False,R1_mlp_reg,0.3,1.0,752.0,24.0,4.950144668001519,-0.7591692718349026,5.709313939836422,0.001641755681627732,0.057138144027757326,,,,-0.17668922369122764,0.23382736771898496,-12.5512357714069,19.524685447836234,False,-12.5512357714069,False,0.0,-0.004162719278157102,,,,,,
nuScenes oracle,nuScenes,oracle,plan_fde/JC_fde,plan_ade/JC_ade,False,R1_mlp_reg,0.5,1.0,752.0,24.0,9.036551025094305,-1.2630426823447936,10.299593707439097,0.0029970455376119383,0.10430639680566565,,,,-0.11926426027116616,0.22357065707683182,-18.655688012932934,21.59455358372907,False,-18.655688012932934,False,0.0,-0.006187310441226407,,,,,,
nuScenes oracle,nuScenes,oracle,plan_fde/JC_fde,plan_ade/JC_ade,False,R1_mlp_clf,0.1,1.0,752.0,24.0,-7.23333767816467,-0.2519367052549455,-6.981400972909724,-0.0023989951863473804,-0.09363702702994468,,,,-0.06952820996079574,-0.02410881706914894,-19.402099344783213,4.162860199370697,False,-19.402099344783213,False,0.0,-0.006434863821396859,,,,,,
nuScenes oracle,nuScenes,oracle,plan_fde/JC_fde,plan_ade/JC_ade,False,R1_mlp_clf,0.2,1.0,752.0,24.0,-7.738519204192097,-0.503873410509891,-7.234645793682207,-0.002566542742274415,-0.08932357628028789,,,,-0.07391448789488352,-0.015409088385404376,-21.042297878448366,5.934773157002333,False,-21.042297878448366,False,0.0,-0.0069788489859212285,,,,,,
nuScenes oracle,nuScenes,oracle,plan_fde/JC_fde,plan_ade/JC_ade,False,R1_mlp_clf,0.3,1.0,752.0,24.0,-10.062799605900125,-0.7591692718349026,-9.303630334065222,-0.003337409214090218,-0.11615209893178916,,,,0.09220658945288547,-0.20835868838467464,-25.353145033359187,7.739401690608207,False,-25.353145033359187,False,0.0,-0.008408576455292516,,,,,,
nuScenes oracle,nuScenes,oracle,plan_fde/JC_fde,plan_ade/JC_ade,False,R1_mlp_clf,0.5,1.0,752.0,24.0,-8.832419106230065,-1.2630426823447936,-7.569376423885271,-0.0029293435288679716,-0.10195015880395158,,,,0.12386537931883569,-0.22581553812278726,-27.060960113501228,9.933414609267054,False,-27.060960113501228,False,0.0,-0.00897498719660216,,,,,,
nuScenes oracle,nuScenes,oracle,plan_fde/JC_fde,plan_ade/JC_ade,False,R1_gbm_reg,0.1,1.0,752.0,24.0,1.7271607958199968,-0.2519367052549455,1.9790975010749423,0.0005728269050300179,0.022358447693028614,,,,-0.11261958935835159,0.1349780370513802,-4.569369484777008,9.42019398141054,False,-4.569369484777008,False,0.0,-0.0015154684996545103,,,,,,
nuScenes oracle,nuScenes,oracle,plan_fde/JC_fde,plan_ade/JC_ade,False,R1_gbm_reg,0.2,1.0,752.0,24.0,-10.474756472742005,-0.503873410509891,-9.970883062232113,-0.0034740380546764604,-0.12090720254380903,,,,-0.08348500647360639,-0.03742219607020264,-34.61180454841131,9.274733674473005,False,-34.61180454841131,False,0.0,-0.011479286077447911,,,,,,
nuScenes oracle,nuScenes,oracle,plan_fde/JC_fde,plan_ade/JC_ade,False,R1_gbm_reg,0.3,1.0,752.0,24.0,-17.87534612832787,-0.7591692718349026,-17.116176856492967,-0.005928503717668633,-0.20633015197084312,,,,-0.17087043458068965,-0.03545971739015347,-38.647002598887944,4.831622647177734,False,-38.647002598887944,False,0.0,-0.012817592282655797,,,,,,
nuScenes oracle,nuScenes,oracle,plan_fde/JC_fde,plan_ade/JC_ade,False,R1_gbm_reg,0.5,1.0,752.0,24.0,-13.704180479461906,-1.2630426823447936,-12.441137797117111,-0.004545102754197231,-0.1581835462465386,,,,-0.11311368626798829,-0.045069859978550314,-35.14031125640205,9.90862638422953,False,-35.14031125640205,False,0.0,-0.011654569619408002,,,,,,
nuScenes oracle,nuScenes,oracle,plan_fde/JC_fde,plan_ade/JC_ade,False,R1_gbm_clf,0.1,1.0,752.0,24.0,-5.117861147665115,-0.2519367052549455,-4.8659244424101695,-0.0016973802142136608,-0.06625175319355697,,,,-0.02881496074662096,-0.03743679244693601,-9.99748588177071,7.274367661652363,False,-9.99748588177071,False,0.0,-0.0033157473870388033,,,,,,
nuScenes oracle,nuScenes,oracle,plan_fde/JC_fde,plan_ade/JC_ade,False,R1_gbm_clf,0.2,1.0,752.0,24.0,-5.420517567165602,-0.503873410509891,-4.91664415665571,-0.0017977586737580834,-0.0625675276643454,,,,0.031370783877119605,-0.09393831154146501,-30.953748993732475,14.098404541641163,False,-30.953748993732475,False,0.0,-0.010266062243925391,,,,,,
nuScenes oracle,nuScenes,oracle,plan_fde/JC_fde,plan_ade/JC_ade,False,R1_gbm_clf,0.3,1.0,752.0,24.0,-7.212310629428639,-0.7591692718349026,-6.453141357593736,-0.0023920213948633875,-0.08324969695958231,,,,-0.0660281631283882,-0.01722153383119411,-29.830966267697324,18.90752188573757,False,-29.830966267697324,False,0.0,-0.009893682234181984,,,,,,
nuScenes oracle,nuScenes,oracle,plan_fde/JC_fde,plan_ade/JC_ade,False,R1_gbm_clf,0.5,1.0,752.0,24.0,-2.0191632908374837,-1.2630426823447936,-0.7561206084926901,-0.0006696719039940533,-0.023306640646930925,,,,-0.03697542699215782,0.013668786345226894,-25.34179381971749,21.209718503756864,False,-25.34179381971749,False,0.0,-0.00840481173309963,,,,,,
nuScenes oracle,nuScenes,oracle,plan_fde/JC_fde,plan_fde/JC_fde,True,gate_ridge,0.1,1.0,752.0,24.0,9.729714482696625,8.123875695172726,1.6058387875238989,0.001673433898416268,0.03540876796386835,0.0354087679638683,True,,0.03540876796386835,0.0,-36.39177385451266,62.83229178010088,False,-36.39177385451266,False,0.0,-0.006259097129719874,,,,,,
nuScenes oracle,nuScenes,oracle,plan_fde/JC_fde,plan_fde/JC_fde,True,gate_ridge,0.2,1.0,752.0,24.0,8.237805123619214,16.247751390345453,-8.009946266726239,0.0014168372943448315,0.029979351467357293,0.0299793514673572,True,,0.029979351467357293,0.0,-118.14540930343742,51.39575608104321,False,-118.14540930343742,False,0.0,-0.020320075498848685,,,,,,
nuScenes oracle,nuScenes,oracle,plan_fde/JC_fde,plan_fde/JC_fde,True,gate_ridge,0.3,1.0,752.0,24.0,-10.055263609817748,24.479945428120484,-34.53520903793823,-0.00172942577216479,-0.03659351943047838,-0.0365935194304783,True,,-0.03659351943047838,0.0,-138.46172953839903,45.43036834330363,False,-138.46172953839903,False,0.0,-0.023814321813345102,,,,,,
nuScenes oracle,nuScenes,oracle,plan_fde/JC_fde,plan_fde/JC_fde,True,gate_ridge,0.5,1.0,752.0,24.0,18.402844416700972,40.72769681846594,-22.324852401764964,0.0031651436153605148,0.0669723709760428,0.0669723709760428,True,,0.0669723709760428,0.0,-132.69193913607847,55.947789396477766,False,-132.69193913607847,False,0.0,-0.022821963521313902,,,,,,
nuScenes oracle,nuScenes,oracle,plan_fde/JC_fde,plan_fde/JC_fde,True,gate_gbm,0.1,1.0,752.0,24.0,-3.6500588904826987,8.123875695172726,-11.773934585655425,-0.0006277812457305046,-0.01328344100306386,-0.0132834410030638,True,,-0.01328344100306386,0.0,-85.00576298275465,43.366356122227394,False,-85.00576298275465,False,0.0,-0.014620318570402168,,,,,,
nuScenes oracle,nuScenes,oracle,plan_fde/JC_fde,plan_fde/JC_fde,True,gate_gbm,0.2,1.0,752.0,24.0,34.26436872963865,16.247751390345453,18.016617339293195,0.005893200282699345,0.12469626769972209,0.124696267699722,True,,0.12469626769972209,0.0,-54.90043457538977,83.45356617924011,False,-54.90043457538977,False,0.0,-0.009442440312059295,,,,,,
nuScenes oracle,nuScenes,oracle,plan_fde/JC_fde,plan_fde/JC_fde,True,gate_gbm,0.3,1.0,752.0,24.0,30.832801437027147,24.479945428120484,6.352856008906663,0.0053029978628477544,0.11220797010038654,0.1122079701003865,True,,0.11220797010038654,0.0,-60.2349631081937,77.75253089776368,False,-60.2349631081937,False,0.0,-0.010359937006822403,,,,,,
nuScenes oracle,nuScenes,oracle,plan_fde/JC_fde,plan_fde/JC_fde,True,gate_gbm,0.5,1.0,752.0,24.0,33.726796802382026,40.72769681846594,-7.000900016083911,0.005800742165093939,0.12273991433807198,0.1227399143380719,True,,0.12273991433807198,0.0,-63.63141135005023,40.833628551830316,False,-63.63141135005023,False,0.0,-0.010944099227846157,,,,,,
nuScenes oracle,nuScenes,oracle,plan_fde/JC_fde,plan_fde/JC_fde,True,R1_mlp_reg,0.1,1.0,752.0,24.0,19.971157205329977,8.123875695172726,11.84728151015725,0.0034348810047236757,0.07267983790388434,0.0726798379038843,True,,0.07267983790388434,0.0,-16.40356620667974,32.06348949454249,False,-16.40356620667974,False,0.0,-0.0028212835838082565,,,,,,
nuScenes oracle,nuScenes,oracle,plan_fde/JC_fde,plan_fde/JC_fde,True,R1_mlp_reg,0.2,1.0,752.0,24.0,10.102855304833756,16.247751390345453,-6.1448960855116965,0.001737611167107726,0.036766717039598974,0.0367667170395989,True,,0.036766717039598974,0.0,-44.71892829675718,28.842920342418974,False,-44.71892829675718,False,0.0,-0.007691301799834455,,,,,,
nuScenes oracle,nuScenes,oracle,plan_fde/JC_fde,plan_fde/JC_fde,True,R1_mlp_reg,0.3,1.0,752.0,24.0,31.527591151693894,24.479945428120484,7.04764572357341,0.005422496195801103,0.11473647675225888,0.1147364767522588,True,,0.11473647675225888,0.0,-43.61125051229182,41.52595837213628,False,-43.61125051229182,False,0.0,-0.00750078998611747,,,,,,
nuScenes oracle,nuScenes,oracle,plan_fde/JC_fde,plan_fde/JC_fde,True,R1_mlp_reg,0.5,1.0,752.0,24.0,36.8690702843259,40.72769681846594,-3.8586265341400363,0.00634118833873356,0.13417540227546623,0.1341754022754662,True,,0.13417540227546623,0.0,-74.0979404573089,49.97685487392611,False,-74.0979404573089,False,0.0,-0.012744259411168706,,,,,,
nuScenes oracle,nuScenes,oracle,plan_fde/JC_fde,plan_fde/JC_fde,True,R1_mlp_clf,0.1,1.0,752.0,24.0,-11.634636933274889,8.123875695172726,-19.758512628447615,-0.0020010654859948128,-0.042341238301168004,-0.042341238301168,True,,-0.042341238301168004,0.0,-52.80248117648212,10.33448932146831,False,-52.80248117648212,False,0.0,-0.009081608928849306,,,,,,
nuScenes oracle,nuScenes,oracle,plan_fde/JC_fde,plan_fde/JC_fde,True,R1_mlp_clf,0.2,1.0,752.0,24.0,-13.011510841047064,16.247751390345453,-29.25926223139252,-0.0022378769027335535,-0.04735201316023637,-0.0473520131602363,True,,-0.04735201316023637,0.0,-68.38323681198113,13.189412981814199,False,-68.38323681198113,False,0.0,-0.011761375605430963,,,,,,
nuScenes oracle,nuScenes,oracle,plan_fde/JC_fde,plan_fde/JC_fde,True,R1_mlp_clf,0.3,1.0,752.0,24.0,-22.819212214676718,24.479945428120484,-47.2991576427972,-0.003924723929268998,-0.08304459415173075,-0.0830445941517307,True,,-0.08304459415173075,0.0,-97.0720636855585,17.64740571841772,False,-97.0720636855585,False,0.0,-0.01669562680893947,,,,,,
nuScenes oracle,nuScenes,oracle,plan_fde/JC_fde,plan_fde/JC_fde,True,R1_mlp_clf,0.5,1.0,752.0,24.0,-4.595658101335097,40.72769681846594,-45.323354919801034,-0.0007904168273367502,-0.016724703653004415,-0.0167247036530044,True,,-0.016724703653004415,0.0,-108.09027382810562,30.929714507506013,False,-108.09027382810562,False,0.0,-0.01859067176480153,,,,,,
nuScenes oracle,nuScenes,oracle,plan_fde/JC_fde,plan_fde/JC_fde,True,R1_gbm_reg,0.1,1.0,752.0,24.0,-1.095919113410908,8.123875695172726,-9.219794808583634,-0.00018848941534364846,-0.0039883128803981285,-0.0039883128803981,True,,-0.0039883128803981285,0.0,-33.84046793205506,21.076162590215795,False,-33.84046793205506,False,0.0,-0.005820292699901967,,,,,,
nuScenes oracle,nuScenes,oracle,plan_fde/JC_fde,plan_fde/JC_fde,True,R1_gbm_reg,0.2,1.0,752.0,24.0,-25.57926288155214,16.247751390345453,-41.827014271897596,-0.00439943080330007,-0.09308908145973095,-0.0930890814597309,True,,-0.09308908145973095,0.0,-114.45485735557735,5.9328728057334805,False,-114.45485735557735,False,0.0,-0.019685329767676563,,,,,,
nuScenes oracle,nuScenes,oracle,plan_fde/JC_fde,plan_fde/JC_fde,True,R1_gbm_reg,0.3,1.0,752.0,24.0,-23.226823690278106,24.479945428120484,-47.70676911839859,-0.00399482987758515,-0.08452799021485752,-0.0845279902148575,True,,-0.08452799021485752,0.0,-122.28120028503008,21.048405451368556,False,-122.28120028503008,False,0.0,-0.02103139882058333,,,,,,
nuScenes oracle,nuScenes,oracle,plan_fde/JC_fde,plan_fde/JC_fde,True,R1_gbm_reg,0.5,1.0,752.0,24.0,-6.316887604968663,40.72769681846594,-47.0445844234346,-0.0010864546816290903,-0.022988671235518066,-0.022988671235518,True,,-0.022988671235518066,0.0,-113.68504803318613,30.351978143101203,False,-113.68504803318613,False,0.0,-0.01955292865583538,,,,,,
nuScenes oracle,nuScenes,oracle,plan_fde/JC_fde,plan_fde/JC_fde,True,R1_gbm_clf,0.1,1.0,752.0,24.0,-4.793185303643676,8.123875695172726,-12.917060998816403,-0.0008243899430731218,-0.017443552585882666,-0.0174435525858826,True,,-0.017443552585882666,0.0,-32.393825446775196,39.68742249068179,False,-32.393825446775196,False,0.0,-0.005571481639920529,,,,,,
nuScenes oracle,nuScenes,oracle,plan_fde/JC_fde,plan_fde/JC_fde,True,R1_gbm_clf,0.2,1.0,752.0,24.0,17.849729233975683,16.247751390345453,1.6019778436302303,0.0030700121808104773,0.06495945197443771,0.0649594519744377,True,,0.06495945197443771,0.0,-83.34910990527703,62.857173274805994,False,-83.34910990527703,False,0.0,-0.014335387350406252,,,,,,
nuScenes oracle,nuScenes,oracle,plan_fde/JC_fde,plan_fde/JC_fde,True,R1_gbm_clf,0.3,1.0,752.0,24.0,12.802509955768777,24.479945428120484,-11.677435472351707,0.002201930404319269,0.046591408739189585,0.0465914087391895,True,,0.046591408739189585,0.0,-84.4470573843206,74.21772375295131,False,-84.4470573843206,False,0.0,-0.014524225628587975,,,,,,
nuScenes oracle,nuScenes,oracle,plan_fde/JC_fde,plan_fde/JC_fde,True,R1_gbm_clf,0.5,1.0,752.0,24.0,35.24850387633958,40.72769681846594,-5.479192942126353,0.006062463740331226,0.1282777718760875,0.1282777718760875,True,,0.1282777718760875,0.0,-84.28222257311174,68.73942777642823,False,-84.28222257311174,False,0.0,-0.014495875345421237,,,,,,
KITTI mono,KITTI,mono,SUMMARY,"off-diagonal, 20%",,all,0.2,,,,,,,,,,,,,,,,,,,,,12.0,-0.057558972357465266,0.0,0.0,2.0,12.0
KITTI oracle,KITTI,oracle,SUMMARY,"off-diagonal, 20%",,all,0.2,,,,,,,,,,,,,,,,,,,,,12.0,-0.015350428728261006,6.0,7.0,6.0,12.0
nuPlan real perception,nuPlan,n/a,SUMMARY,"off-diagonal, 20%",,all,0.2,,,,,,,,,,,,,,,,,,,,,36.0,-0.001698297746269381,1.0,9.0,1.0,18.0
nuScenes mono,nuScenes,mono,SUMMARY,"off-diagonal, 20%",,all,0.2,,,,,,,,,,,,,,,,,,,,,36.0,-0.05805310618299314,1.0,1.0,3.0,18.0
nuScenes oracle,nuScenes,oracle,SUMMARY,"off-diagonal, 20%",,all,0.2,,,,,,,,,,,,,,,,,,,,,36.0,0.021774641619183948,0.0,1.0,0.0,18.0
