status,track,geometry,system,target,architecture,kind,label,quota,k,ndg,minus_random,boot_dropped,minus_random_lo,minus_random_hi,minus_V,minus_V_lo,minus_V_hi,minus_rankV,minus_rankV_lo,minus_rankV_hi,minus_secdfV,minus_secdfV_lo,minus_secdfV_hi,pooled_against,n_cells,note
post-hoc (decided after Task 24's test results were seen),KITTI,mono,brake,J,R1_mlp_reg,regression,V,0.1,354.0,0.08349515931630003,0.044437599971135805,1.0,-0.005587444142118335,0.13716057432792733,,,,,,,,,,,,
post-hoc (decided after Task 24's test results were seen),KITTI,mono,brake,J,R1_mlp_reg,regression,V,0.2,707.0,0.16542767085224294,0.09370369336958402,2.0,-0.0009495388348168265,0.2260680258681821,,,,,,,,,,,,
post-hoc (decided after Task 24's test results were seen),KITTI,mono,brake,J,R1_mlp_reg,regression,V,0.3,1061.0,0.3122832672005269,0.1504843328517799,2.0,0.007181520574819623,0.2534522586846608,,,,,,,,,,,,
post-hoc (decided after Task 24's test results were seen),KITTI,mono,brake,J,R1_mlp_reg,regression,V,0.5,1768.0,0.3811854553468855,0.17845681035391375,2.0,0.04779894408460317,0.27362135390188036,,,,,,,,,,,,
post-hoc (decided after Task 24's test results were seen),KITTI,mono,brake,J,R1_mlp_reg,regression,rankV,0.1,354.0,0.0890232713852922,0.05014320034296864,1.0,-0.042457815471674654,0.14773570013963927,0.005528112068992175,-0.05580775928586808,0.10197372284714629,,,,,,,,,
post-hoc (decided after Task 24's test results were seen),KITTI,mono,brake,J,R1_mlp_reg,regression,rankV,0.2,707.0,0.16754261438094517,0.07752215999566693,2.0,-0.02491006083770715,0.17570622196174807,0.002114943528702229,-0.12425220171229254,0.09729269601106866,,,,,,,,,
post-hoc (decided after Task 24's test results were seen),KITTI,mono,brake,J,R1_mlp_reg,regression,rankV,0.3,1061.0,0.22502292611100094,0.09385868999845311,2.0,-0.027191850722414618,0.21658259856174222,-0.08726034108952596,-0.1977272800253716,0.08154740475702696,,,,,,,,,
post-hoc (decided after Task 24's test results were seen),KITTI,mono,brake,J,R1_mlp_reg,regression,rankV,0.5,1768.0,0.36623593583917013,0.12682124303626657,2.0,-0.022795547232425915,0.22831196860595135,-0.014949519507715392,-0.20592768068728334,0.06796891261661003,,,,,,,,,
post-hoc (decided after Task 24's test results were seen),KITTI,mono,brake,J,R1_mlp_reg,regression,secdfV,0.1,354.0,0.05356440246373431,0.00795479042311117,1.0,-0.04959955740194889,0.08527173794716313,-0.029930756852565715,-0.11949282878184334,0.032587216165623906,,,,,,,,,
post-hoc (decided after Task 24's test results were seen),KITTI,mono,brake,J,R1_mlp_reg,regression,secdfV,0.2,707.0,0.11531132935542217,0.043869332178739805,2.0,-0.009526022540040565,0.11717982589167035,-0.050116341496820774,-0.1255955360686848,0.018143265514965954,,,,,,,,,
post-hoc (decided after Task 24's test results were seen),KITTI,mono,brake,J,R1_mlp_reg,regression,secdfV,0.3,1061.0,0.21542250113793043,0.08994018976529664,2.0,-0.002731515319172817,0.19140644499055567,-0.09686076606259647,-0.1483177624597593,0.009939408344940481,,,,,,,,,
post-hoc (decided after Task 24's test results were seen),KITTI,mono,brake,J,R1_mlp_reg,regression,secdfV,0.5,1768.0,0.3899074158241539,0.16247953889770733,2.0,0.051624928254333007,0.24978827159044148,0.008721960477268365,-0.09411916877941423,0.04947609401192563,,,,,,,,,
post-hoc (decided after Task 24's test results were seen),KITTI,mono,brake,J,R1_mlp_reg,regression,Q,0.1,354.0,0.002139438050212325,-0.03131057815217924,1.0,-0.08754221816478337,0.05619146255592597,-0.0813557212660877,-0.22148601895817338,0.05271459671162729,-0.08688383333507987,-0.20618424256137566,0.08549673746533712,-0.051424964413521984,-0.11605047889299802,0.05231598770271444,,,
post-hoc (decided after Task 24's test results were seen),KITTI,mono,brake,J,R1_mlp_reg,regression,Q,0.2,707.0,0.04679434536257546,-0.014720506931474477,2.0,-0.10203897696643109,0.07914404917445853,-0.11863332548966748,-0.25597679669023204,0.06413432131629054,-0.12074826901836971,-0.2181373059567181,0.07105157913539616,-0.06851698399284671,-0.16363075510396033,0.053429071609774365,,,
post-hoc (decided after Task 24's test results were seen),KITTI,mono,brake,J,R1_mlp_reg,regression,Q,0.3,1061.0,0.13013410704974232,-0.010936205396507097,2.0,-0.11050731285228471,0.11031235649685518,-0.18214916015078458,-0.3012565795632074,0.04177198102860466,-0.09488881906125862,-0.28748292908599504,0.07181060643949749,-0.08528839408818811,-0.24675875669122957,0.07587111928195125,,,
post-hoc (decided after Task 24's test results were seen),KITTI,mono,brake,J,R1_mlp_reg,regression,Q,0.5,1768.0,0.23148476450823013,0.039473642815496354,2.0,-0.03839582967617458,0.11841558376003097,-0.1497006908386554,-0.2608419491125336,0.010958258544765079,-0.13475117133094,-0.26261562850127423,0.11491387794093116,-0.15842265131592376,-0.24585173701443297,0.020050139075243063,,,
post-hoc (decided after Task 24's test results were seen),KITTI,mono,brake,J,R1_mlp_reg,regression,G,0.1,354.0,0.09170069836652901,0.04563625291623055,1.0,-0.048561270730030595,0.18085101428961955,0.008205539050228985,-0.1066246919899942,0.12283164185285186,0.0026774269812368107,-0.08519506616604684,0.06146796791032994,0.0381362959027947,-0.07131318183443164,0.19862298973264594,,,
post-hoc (decided after Task 24's test results were seen),KITTI,mono,brake,J,R1_mlp_reg,regression,G,0.2,707.0,0.10809271704703326,0.03279890097643736,2.0,-0.07181077772751149,0.1880944778737171,-0.057334953805209685,-0.19544691642216983,0.10240344820940858,-0.059449897333911914,-0.12473734505292719,0.047293945748235124,-0.007218612308388911,-0.12154096130935882,0.16425597796072058,,,
post-hoc (decided after Task 24's test results were seen),KITTI,mono,brake,J,R1_mlp_reg,regression,G,0.3,1061.0,0.15218131492652479,0.045062028547968404,2.0,-0.0422884233065477,0.17884998357037032,-0.16010195227400212,-0.24104357952425698,0.10935708720411431,-0.07284161118447616,-0.11561086627858641,0.03974346840284728,-0.06324118621140565,-0.15448966880393591,0.11301230844294244,,,
post-hoc (decided after Task 24's test results were seen),KITTI,mono,brake,J,R1_mlp_reg,regression,G,0.5,1768.0,0.2245171674400437,0.02570145794949211,2.0,-0.0681052058332626,0.14836590058204902,-0.1566682879068418,-0.2913263201789632,0.06730723788522702,-0.14171876839912642,-0.2292846610207315,0.0458172137637165,-0.16539024838411018,-0.2555589334718226,0.07589149876283553,,,
post-hoc (decided after Task 24's test results were seen),KITTI,mono,brake,J,R1_gbm_reg,regression,V,0.1,354.0,0.09018176373024843,0.06225172710783905,1.0,-0.007318703854815198,0.2773337434219988,,,,,,,,,,,,
post-hoc (decided after Task 24's test results were seen),KITTI,mono,brake,J,R1_gbm_reg,regression,V,0.2,707.0,0.20385533929693472,0.11842222323195356,2.0,0.003016993986981248,0.29252857318762227,,,,,,,,,,,,
post-hoc (decided after Task 24's test results were seen),KITTI,mono,brake,J,R1_gbm_reg,regression,V,0.3,1061.0,0.34701381299270395,0.17883251374275413,2.0,0.005980705777562872,0.3108353936408404,,,,,,,,,,,,
post-hoc (decided after Task 24's test results were seen),KITTI,mono,brake,J,R1_gbm_reg,regression,V,0.5,1768.0,0.44350879460638365,0.21465234667996538,2.0,0.08101863601398644,0.3119231701153418,,,,,,,,,,,,
post-hoc (decided after Task 24's test results were seen),KITTI,mono,brake,J,R1_gbm_reg,regression,rankV,0.1,354.0,0.17299119118271905,0.11876684864802155,1.0,0.01397911962121775,0.276082195566175,0.08280942745247062,-0.025898917334554385,0.150347149393397,,,,,,,,,
post-hoc (decided after Task 24's test results were seen),KITTI,mono,brake,J,R1_gbm_reg,regression,rankV,0.2,707.0,0.2230464824401985,0.1524796561092054,2.0,0.04619001426428523,0.31983568703128473,0.019191143143263784,-0.0439787385001596,0.12956276690750124,,,,,,,,,
post-hoc (decided after Task 24's test results were seen),KITTI,mono,brake,J,R1_gbm_reg,regression,rankV,0.3,1061.0,0.340538358951584,0.1906887435665292,2.0,0.0818995510829374,0.3384319292672824,-0.006475454041119932,-0.03802938513747381,0.10502176296873998,,,,,,,,,
post-hoc (decided after Task 24's test results were seen),KITTI,mono,brake,J,R1_gbm_reg,regression,rankV,0.5,1768.0,0.4220791602927168,0.1918754837494059,2.0,0.05225913338168945,0.3059014598567483,-0.021429634313666845,-0.09753182212975041,0.03354984156155494,,,,,,,,,
post-hoc (decided after Task 24's test results were seen),KITTI,mono,brake,J,R1_gbm_reg,regression,secdfV,0.1,354.0,0.13204758819079865,0.10376053051108723,1.0,0.017718643514422705,0.2990593161040304,0.04186582446055022,-0.01650215661598234,0.12551388588162402,,,,,,,,,
post-hoc (decided after Task 24's test results were seen),KITTI,mono,brake,J,R1_gbm_reg,regression,secdfV,0.2,707.0,0.19580125046338734,0.14681402822113945,2.0,0.0255750799490254,0.32959409686353447,-0.008054088833547385,-0.03502883904421131,0.09173888453190955,,,,,,,,,
post-hoc (decided after Task 24's test results were seen),KITTI,mono,brake,J,R1_gbm_reg,regression,secdfV,0.3,1061.0,0.3649950419816617,0.19779502182905828,2.0,0.04468098180620486,0.3534390731944307,0.017981228988957765,-0.048935733526609466,0.08668141881698742,,,,,,,,,
post-hoc (decided after Task 24's test results were seen),KITTI,mono,brake,J,R1_gbm_reg,regression,secdfV,0.5,1768.0,0.42799660381969734,0.2095976885477765,2.0,0.06388505657563057,0.3184837986558271,-0.015512190786686308,-0.0726119757824423,0.05471950490074717,,,,,,,,,
post-hoc (decided after Task 24's test results were seen),KITTI,mono,brake,J,R1_gbm_reg,regression,Q,0.1,354.0,0.06476817647175451,0.007523253468261078,1.0,-0.06069470613724594,0.10971961842230624,-0.025413587258493922,-0.27149054273288903,0.07773148065033075,-0.10822301471096454,-0.2945064776922465,0.059236006456909115,-0.06727941171904414,-0.3102653418001756,0.061965537488882505,,,
post-hoc (decided after Task 24's test results were seen),KITTI,mono,brake,J,R1_gbm_reg,regression,Q,0.2,707.0,0.03603856375934341,-0.02090711473803702,2.0,-0.07852084264057921,0.09433365110838,-0.1678167755375913,-0.34960102180164,0.041495212290705415,-0.1870079186808551,-0.3745375927240014,0.057820674919260365,-0.15976268670404392,-0.37646714594271335,0.0516935974700359,,,
post-hoc (decided after Task 24's test results were seen),KITTI,mono,brake,J,R1_gbm_reg,regression,Q,0.3,1061.0,0.08814933191451488,-0.01757078464692603,2.0,-0.0837497645252062,0.061229267935648576,-0.25886448107818905,-0.3796860639193723,0.022692007598348052,-0.2523890270370691,-0.4058474863296261,-0.05218280747340609,-0.27684571006714687,-0.4207459592867621,-0.01392583206753567,,,
post-hoc (decided after Task 24's test results were seen),KITTI,mono,brake,J,R1_gbm_reg,regression,Q,0.5,1768.0,0.21479976506926893,0.015618534608050424,2.0,-0.04379904737493961,0.06366713481886625,-0.22870902953711472,-0.3332629120709508,-0.06636137442478329,-0.20727939522344788,-0.3289844493859217,-0.012991097643054266,-0.2131968387504284,-0.3468477744456596,-0.05043180974660233,,,
post-hoc (decided after Task 24's test results were seen),KITTI,mono,brake,J,R1_gbm_reg,regression,G,0.1,354.0,0.12079892038987323,0.07865645133727184,1.0,-0.017074566772580936,0.18063774296998478,0.030617156659624806,-0.14616035320257856,0.1523487142471143,-0.052192270792845816,-0.16363322629010044,0.13869380909239717,-0.011248667800925413,-0.18345174075339124,0.14246278892499625,,,
post-hoc (decided after Task 24's test results were seen),KITTI,mono,brake,J,R1_gbm_reg,regression,G,0.2,707.0,0.14453428277150032,0.05288712440149055,2.0,-0.021541592766990216,0.15310922863613338,-0.0593210565254344,-0.2306844426409999,0.10466159245491564,-0.07851219966869818,-0.25296675736777396,0.06834427559376445,-0.051266967691887017,-0.2641663633269956,0.08228723774139976,,,
post-hoc (decided after Task 24's test results were seen),KITTI,mono,brake,J,R1_gbm_reg,regression,G,0.3,1061.0,0.16138328269632607,0.03648037106257837,2.0,-0.026953271010033013,0.133218116507574,-0.18563053029637788,-0.29245423498945994,0.02710145119800831,-0.17915507625525795,-0.3053307949962323,0.022462878914248596,-0.20361175928533565,-0.3214061745541423,0.032556862330413716,,,
post-hoc (decided after Task 24's test results were seen),KITTI,mono,brake,J,R1_gbm_reg,regression,G,0.5,1768.0,0.2323946978267074,0.03174240462752737,2.0,-0.05180635588689097,0.13519087711143002,-0.21111409677967624,-0.29740490125105595,-0.00536487746609152,-0.1896844624660094,-0.2840012203722997,0.00400676235193023,-0.19560190599298993,-0.3154901967512675,0.011839408588413931,,,
post-hoc (decided after Task 24's test results were seen),KITTI,mono,brake,J,R1_mlp_clf,binary,V,0.1,354.0,0.08633197562527438,0.03391977126077056,1.0,-0.04046796042350743,0.13372919985592757,,,,,,,,,,,,
post-hoc (decided after Task 24's test results were seen),KITTI,mono,brake,J,R1_mlp_clf,binary,V,0.2,707.0,0.18492768886511202,0.08246493720213832,2.0,-0.05973233194941525,0.20760378839275057,,,,,,,,,,,,
post-hoc (decided after Task 24's test results were seen),KITTI,mono,brake,J,R1_mlp_clf,binary,V,0.3,1061.0,0.2518389538376761,0.11356932062640426,2.0,-0.041071374251311514,0.23825636307192377,,,,,,,,,,,,
post-hoc (decided after Task 24's test results were seen),KITTI,mono,brake,J,R1_mlp_clf,binary,V,0.5,1768.0,0.38432973861412384,0.15038624700600292,2.0,0.009916877903024977,0.2649197053944101,,,,,,,,,,,,
post-hoc (decided after Task 24's test results were seen),KITTI,mono,brake,J,R1_mlp_clf,binary,Q,0.1,354.0,0.012211351320490362,-0.030984360433439353,1.0,-0.0846189751742525,0.026287663930362463,-0.07412062430478401,-0.19083245024716852,0.01815463547759237,,,,,,,,,
post-hoc (decided after Task 24's test results were seen),KITTI,mono,brake,J,R1_mlp_clf,binary,Q,0.2,707.0,0.020187809537107297,-0.061081211228979394,2.0,-0.1254718904799467,0.026849077505329416,-0.1647398793280047,-0.3026867127131307,0.0024106006441290406,,,,,,,,,
post-hoc (decided after Task 24's test results were seen),KITTI,mono,brake,J,R1_mlp_clf,binary,Q,0.3,1061.0,0.05673399347170943,-0.04671682973798703,2.0,-0.14590512998988434,0.07071406076457037,-0.1951049603659667,-0.34056109491902303,0.07887095520099913,,,,,,,,,
post-hoc (decided after Task 24's test results were seen),KITTI,mono,brake,J,R1_mlp_clf,binary,Q,0.5,1768.0,0.22861137251623592,0.02983282119947033,2.0,-0.06118002010993147,0.1039692636703377,-0.15571836609788792,-0.26736158173459335,0.0658543451467915,,,,,,,,,
post-hoc (decided after Task 24's test results were seen),KITTI,mono,brake,J,R1_mlp_clf,binary,G,0.1,354.0,0.046664609606674505,0.003688551419470914,1.0,-0.07400874050611457,0.11318218302823878,-0.039667366018599874,-0.13094316548150634,0.11408883436652748,,,,,,,,,
post-hoc (decided after Task 24's test results were seen),KITTI,mono,brake,J,R1_mlp_clf,binary,G,0.2,707.0,0.03994598137904528,-0.02511551593987443,2.0,-0.1079188345808137,0.07668095688258637,-0.14498170748606673,-0.22799877449414732,0.08243466039173807,,,,,,,,,
post-hoc (decided after Task 24's test results were seen),KITTI,mono,brake,J,R1_mlp_clf,binary,G,0.3,1061.0,0.11229062598046918,-0.0032851620745365344,2.0,-0.09889633511024865,0.10985723233140789,-0.13954832785720694,-0.24283390251328665,0.10003449527640837,,,,,,,,,
post-hoc (decided after Task 24's test results were seen),KITTI,mono,brake,J,R1_mlp_clf,binary,G,0.5,1768.0,0.19029470709972707,-0.0019971434605344073,2.0,-0.08867950193044927,0.11434118643701273,-0.19403503151439677,-0.256879986190292,0.035383928918085734,,,,,,,,,
post-hoc (decided after Task 24's test results were seen),KITTI,mono,brake,J,R1_gbm_clf,binary,V,0.1,354.0,0.13122329166944896,0.09874278322134081,1.0,0.020423219175760725,0.21954304822510412,,,,,,,,,,,,
post-hoc (decided after Task 24's test results were seen),KITTI,mono,brake,J,R1_gbm_clf,binary,V,0.2,707.0,0.1965353305288963,0.11999909806697288,2.0,0.022007924765745843,0.25965101194587453,,,,,,,,,,,,
post-hoc (decided after Task 24's test results were seen),KITTI,mono,brake,J,R1_gbm_clf,binary,V,0.3,1061.0,0.26995371940889634,0.16046270338233415,2.0,0.04428937178767714,0.3153425617343444,,,,,,,,,,,,
post-hoc (decided after Task 24's test results were seen),KITTI,mono,brake,J,R1_gbm_clf,binary,V,0.5,1768.0,0.436194655250091,0.18759619863981838,2.0,0.05604813505366139,0.2963402890689978,,,,,,,,,,,,
post-hoc (decided after Task 24's test results were seen),KITTI,mono,brake,J,R1_gbm_clf,binary,Q,0.1,354.0,0.11605985095849046,0.07783511557066118,1.0,-0.041683147765521705,0.18387654492410288,-0.0151634407109585,-0.19524510485920893,0.14956940051971251,,,,,,,,,
post-hoc (decided after Task 24's test results were seen),KITTI,mono,brake,J,R1_gbm_clf,binary,Q,0.2,707.0,0.1855352945886055,0.10745654955625523,2.0,0.00020742523192166407,0.21523475820037885,-0.011000035940290809,-0.18230541768413777,0.15766585983318035,,,,,,,,,
post-hoc (decided after Task 24's test results were seen),KITTI,mono,brake,J,R1_gbm_clf,binary,Q,0.3,1061.0,0.24343708803495137,0.13225445325536228,2.0,0.01924165197972623,0.2466532765776072,-0.02651663137394497,-0.21216534174450366,0.12986406868777575,,,,,,,,,
post-hoc (decided after Task 24's test results were seen),KITTI,mono,brake,J,R1_gbm_clf,binary,Q,0.5,1768.0,0.41505911305356935,0.19688480002877365,2.0,0.04361888121513501,0.331831137585804,-0.02113554219652164,-0.15610633674826335,0.18562205353937652,,,,,,,,,
post-hoc (decided after Task 24's test results were seen),KITTI,mono,brake,J,R1_gbm_clf,binary,G,0.1,354.0,0.11582648340192542,0.057787637659355594,1.0,-0.05589868146665243,0.11967965977160963,-0.015396808267523543,-0.1637347630246336,0.06572954640537244,,,,,,,,,
post-hoc (decided after Task 24's test results were seen),KITTI,mono,brake,J,R1_gbm_clf,binary,G,0.2,707.0,0.11662834888904917,0.034475261893101045,2.0,-0.07729149518387528,0.13734684285650609,-0.07990698163984712,-0.26941289664394186,0.05766981750902602,,,,,,,,,
post-hoc (decided after Task 24's test results were seen),KITTI,mono,brake,J,R1_gbm_clf,binary,G,0.3,1061.0,0.15144267405887635,0.005252036011817771,2.0,-0.18877463910554684,0.12020368054986762,-0.11851104535002,-0.39667547696534283,0.017142527320854806,,,,,,,,,
post-hoc (decided after Task 24's test results were seen),KITTI,mono,brake,J,R1_gbm_clf,binary,G,0.5,1768.0,0.216772226753655,-0.007470720304331831,2.0,-0.12447229516737683,0.10602577934189784,-0.21942242849643598,-0.3380430784471485,-0.027363210793713635,,,,,,,,,
post-hoc (decided after Task 24's test results were seen),KITTI,mono,traj,JB,R1_mlp_reg,regression,V,0.1,354.0,0.109798601758677,0.12887754086451733,8.0,-0.25976902465946433,0.4619781593362954,,,,,,,,,,,,
post-hoc (decided after Task 24's test results were seen),KITTI,mono,traj,JB,R1_mlp_reg,regression,V,0.2,707.0,0.10871922849158093,0.1287629515359645,8.0,-0.324845243172311,0.5217918464990329,,,,,,,,,,,,
post-hoc (decided after Task 24's test results were seen),KITTI,mono,traj,JB,R1_mlp_reg,regression,V,0.3,1061.0,0.04614646701394118,0.06746938560319252,8.0,-0.3988287903094411,0.47777576728039617,,,,,,,,,,,,
post-hoc (decided after Task 24's test results were seen),KITTI,mono,traj,JB,R1_mlp_reg,regression,V,0.5,1768.0,-0.22004195063473647,-0.06256289087222898,8.0,-0.5465472568455335,0.24388466164318023,,,,,,,,,,,,
post-hoc (decided after Task 24's test results were seen),KITTI,mono,traj,JB,R1_mlp_reg,regression,rankV,0.1,354.0,-0.1845306929531947,-0.14372302803984258,8.0,-0.2589474820662365,-0.06950511695951617,-0.29432929471187175,-0.6806174379442252,0.15975019308578706,,,,,,,,,
post-hoc (decided after Task 24's test results were seen),KITTI,mono,traj,JB,R1_mlp_reg,regression,rankV,0.2,707.0,-0.37149748585292863,-0.27939381310075745,8.0,-0.701954983618902,-0.14804817307109353,-0.4802167143445096,-1.007504026251561,0.1698179042585539,,,,,,,,,
post-hoc (decided after Task 24's test results were seen),KITTI,mono,traj,JB,R1_mlp_reg,regression,rankV,0.3,1061.0,-0.7501152224555682,-0.5339564490237326,8.0,-1.002876363494217,-0.12652804028779244,-0.7962616894695094,-1.3272365260827657,0.19338020036381187,,,,,,,,,
post-hoc (decided after Task 24's test results were seen),KITTI,mono,traj,JB,R1_mlp_reg,regression,rankV,0.5,1768.0,-0.6332178479464802,-0.4160437412556482,8.0,-0.865969019829387,0.19315230299414216,-0.4131758973117437,-1.0593883623923164,0.7060648316038917,,,,,,,,,
post-hoc (decided after Task 24's test results were seen),KITTI,mono,traj,JB,R1_mlp_reg,regression,secdfV,0.1,354.0,0.10771305940367736,0.15047143258078743,8.0,0.006019090206303618,0.30283768499757174,-0.0020855423549996505,-0.32554283838568093,0.40140924976813386,,,,,,,,,
post-hoc (decided after Task 24's test results were seen),KITTI,mono,traj,JB,R1_mlp_reg,regression,secdfV,0.2,707.0,0.07734202739990459,0.09870953539402336,8.0,-0.17943255317790852,0.4113034739457036,-0.03137720109167634,-0.5581783458415569,0.37720360640619816,,,,,,,,,
post-hoc (decided after Task 24's test results were seen),KITTI,mono,traj,JB,R1_mlp_reg,regression,secdfV,0.3,1061.0,0.00517957881142836,0.12685986368581736,8.0,-0.15419198488916236,0.4582302256996741,-0.04096688820251282,-0.28646443354540774,0.43789448462404357,,,,,,,,,
post-hoc (decided after Task 24's test results were seen),KITTI,mono,traj,JB,R1_mlp_reg,regression,secdfV,0.5,1768.0,0.004272856474515327,0.17864222410692288,8.0,-0.2895624593432149,0.5576778817394221,0.2243148071092518,-0.06915233531449068,0.46749431936351,,,,,,,,,
post-hoc (decided after Task 24's test results were seen),KITTI,mono,traj,JB,R1_mlp_reg,regression,Q,0.1,354.0,-0.061079563238628794,0.013437550424126586,8.0,-0.0898238460652416,0.16419850454358936,-0.1708781649973058,-0.4231253855948886,0.3768386182148955,0.12345112971456593,-0.014728112222394861,0.35254544469422777,-0.16879262264230616,-0.2703607084451413,0.006621306601879648,,,
post-hoc (decided after Task 24's test results were seen),KITTI,mono,traj,JB,R1_mlp_reg,regression,Q,0.2,707.0,-0.15283455187601483,-0.036746082359112066,8.0,-0.2273479715136134,0.14495287918462724,-0.26155378036759575,-0.6416194805829908,0.3994707842439485,0.2186629339769138,-0.016714771872032574,0.8046779486697796,-0.23017657927591942,-0.37372053467546024,0.21442028148555575,,,
post-hoc (decided after Task 24's test results were seen),KITTI,mono,traj,JB,R1_mlp_reg,regression,Q,0.3,1061.0,-0.4041808726357162,-0.1604380788638991,8.0,-0.47722075643957773,0.09895344141365464,-0.45032733964965743,-0.9271988191060193,0.39918005009434787,0.34593434981985194,0.003946967402321082,0.9880360324195254,-0.4093604514471446,-0.6579211792422421,0.10284562085230664,,,
post-hoc (decided after Task 24's test results were seen),KITTI,mono,traj,JB,R1_mlp_reg,regression,Q,0.5,1768.0,-0.49429799772879035,-0.23126016399156157,8.0,-0.48580314017630744,0.08812475066203529,-0.2742560470940539,-0.6468342347200414,0.45230739593657654,0.13891985021768982,-0.2687565888502189,0.7070178137619239,-0.49857085420330566,-0.8818598212164791,0.2163517224927745,,,
post-hoc (decided after Task 24's test results were seen),KITTI,mono,traj,JB,R1_mlp_reg,regression,G,0.1,354.0,0.2213478761057043,0.2166801672925993,8.0,0.02615148699564025,0.3928438150868787,0.1115492743470273,-0.1751389342722399,0.4306765600561498,0.405878569058899,0.10717465856061456,0.6183807838879155,0.11363481670202695,-0.11122343122034055,0.27684770747401416,,,
post-hoc (decided after Task 24's test results were seen),KITTI,mono,traj,JB,R1_mlp_reg,regression,G,0.2,707.0,0.2234981538598689,0.3085058089389809,8.0,-0.03147586595079353,0.653475276831817,0.11477892536828797,-0.013285397911068753,0.41700596364524345,0.5949956397127976,0.12797986119026614,1.306330038582651,0.14615612645996431,-0.0439933918199922,0.6030563290999942,,,
post-hoc (decided after Task 24's test results were seen),KITTI,mono,traj,JB,R1_mlp_reg,regression,G,0.3,1061.0,0.15988062954982707,0.30356127430511004,8.0,-0.0902873153524826,0.6694671103838514,0.11373416253588589,0.00881665404943132,0.6636683679819656,0.9099958520053952,0.16120359422038025,1.6134001510821534,0.1547010507383987,-0.11522547153193016,0.4079133161318146,,,
post-hoc (decided after Task 24's test results were seen),KITTI,mono,traj,JB,R1_mlp_reg,regression,G,0.5,1768.0,-0.2081703945720266,0.044941018556358514,8.0,-0.1565203858111423,0.3444036866798236,0.01187155606270987,-0.3405912579248505,0.8819880528142744,0.4250474533744536,0.12505934938823438,0.8191591881200363,-0.21244325104654194,-0.6473328749729561,0.481140160719726,,,
post-hoc (decided after Task 24's test results were seen),KITTI,mono,traj,JB,R1_gbm_reg,regression,V,0.1,354.0,0.12772994985217953,0.14096681795180802,8.0,-0.0806630293377658,0.43148745754242285,,,,,,,,,,,,
post-hoc (decided after Task 24's test results were seen),KITTI,mono,traj,JB,R1_gbm_reg,regression,V,0.2,707.0,0.12620066648982387,0.1379788017481502,8.0,-0.16910312933950142,0.5558486298278281,,,,,,,,,,,,
post-hoc (decided after Task 24's test results were seen),KITTI,mono,traj,JB,R1_gbm_reg,regression,V,0.3,1061.0,-0.06119801575216583,0.112474598843414,8.0,-0.34964772650956166,0.5906206483693885,,,,,,,,,,,,
post-hoc (decided after Task 24's test results were seen),KITTI,mono,traj,JB,R1_gbm_reg,regression,V,0.5,1768.0,-0.14514832810802036,0.04879174778667792,8.0,-0.5384194187866237,0.4727477272175096,,,,,,,,,,,,
post-hoc (decided after Task 24's test results were seen),KITTI,mono,traj,JB,R1_gbm_reg,regression,rankV,0.1,354.0,-0.47999693386356346,-0.3338962180295169,8.0,-0.856149917981725,0.18921179352543702,-0.607726883715743,-1.293772326576093,0.2462818554523409,,,,,,,,,
post-hoc (decided after Task 24's test results were seen),KITTI,mono,traj,JB,R1_gbm_reg,regression,rankV,0.2,707.0,-0.42529322281608983,-0.3014987545259401,8.0,-0.8135409820575905,0.23462079691888635,-0.5514938893059137,-1.285423211240752,0.37621429947077234,,,,,,,,,
post-hoc (decided after Task 24's test results were seen),KITTI,mono,traj,JB,R1_gbm_reg,regression,rankV,0.3,1061.0,-0.3670799978360437,-0.2504545996572674,8.0,-0.8049292780621132,0.19030267334318135,-0.3058819820838779,-1.1797025557268723,0.44520151354665527,,,,,,,,,
post-hoc (decided after Task 24's test results were seen),KITTI,mono,traj,JB,R1_gbm_reg,regression,rankV,0.5,1768.0,-0.3609572253800959,-0.1918210616018687,8.0,-0.788359970683978,0.15714933403054526,-0.21580889727207553,-1.0548235595552486,0.6039180718597316,,,,,,,,,
post-hoc (decided after Task 24's test results were seen),KITTI,mono,traj,JB,R1_gbm_reg,regression,secdfV,0.1,354.0,-0.1757071338693211,-0.14959462856764177,8.0,-0.3331400428047093,-0.038891080567454425,-0.30343708372150063,-0.73583354829017,0.016556529875806844,,,,,,,,,
post-hoc (decided after Task 24's test results were seen),KITTI,mono,traj,JB,R1_gbm_reg,regression,secdfV,0.2,707.0,-0.06868134811985092,0.029016940169451836,8.0,-0.0791038318760015,0.20841532035069787,-0.1948820146096748,-0.5966503638974145,0.35557925453329725,,,,,,,,,
post-hoc (decided after Task 24's test results were seen),KITTI,mono,traj,JB,R1_gbm_reg,regression,secdfV,0.3,1061.0,-0.06975766367230934,0.041421473503953386,8.0,-0.13631903528848002,0.1639877544177655,-0.008559647920143514,-0.47778372417109066,0.326256428316196,,,,,,,,,
post-hoc (decided after Task 24's test results were seen),KITTI,mono,traj,JB,R1_gbm_reg,regression,secdfV,0.5,1768.0,0.04964829341122623,0.1792950852633908,8.0,-0.28477172180868204,0.4609361715636441,0.1947966215192466,-0.16388339465903276,0.39647229061021516,,,,,,,,,
post-hoc (decided after Task 24's test results were seen),KITTI,mono,traj,JB,R1_gbm_reg,regression,Q,0.1,354.0,0.06939708696272073,0.1169166894245726,8.0,-0.07844991223963753,0.34244518875688246,-0.0583328628894588,-0.29698824931431667,0.39294670263668385,0.5493940208262842,-0.210310303433244,1.0536430648185162,0.24510422083204184,-0.026336436746081965,0.570598732488465,,,
post-hoc (decided after Task 24's test results were seen),KITTI,mono,traj,JB,R1_gbm_reg,regression,Q,0.2,707.0,0.12539764364243045,0.1825117751475089,8.0,-0.15335502473942256,0.5472203043155629,-0.0008030228473934198,-0.3368824828574117,0.5789027847081466,0.5506908664585203,-0.35158694521327927,1.2630715332868916,0.19407899176228138,-0.20999964204874358,0.49938562756126936,,,
post-hoc (decided after Task 24's test results were seen),KITTI,mono,traj,JB,R1_gbm_reg,regression,Q,0.3,1061.0,0.11889431686712873,0.15851762591645926,8.0,-0.24102583162614985,0.6370541890298441,0.18009233261929455,-0.41114304974759075,0.5382116089481285,0.4859743147031724,-0.349733779800081,1.3615994662449502,0.18865198053943807,-0.25487210272005534,0.515366939943639,,,
post-hoc (decided after Task 24's test results were seen),KITTI,mono,traj,JB,R1_gbm_reg,regression,Q,0.5,1768.0,-0.19161745411779907,0.053895533096604414,8.0,-0.266391100277737,0.6135548926637431,-0.046469126009778705,-0.4393087247994399,0.46794519144603675,0.16933977126229682,-0.2617727451696258,1.3725332819966882,-0.2412657475290253,-0.4504525749419834,0.404318879406403,,,
post-hoc (decided after Task 24's test results were seen),KITTI,mono,traj,JB,R1_gbm_reg,regression,G,0.1,354.0,0.18959086647188675,0.2641596513452405,8.0,0.051023731120522144,0.5612894177834805,0.06186091661970722,-0.22101055118694363,0.6411254968991562,0.6695878003354502,-0.03932997299280679,1.1936431673017545,0.36529800034120785,0.08678475435873254,0.7745868442063268,,,
post-hoc (decided after Task 24's test results were seen),KITTI,mono,traj,JB,R1_gbm_reg,regression,G,0.2,707.0,0.25932740106619634,0.32052059983544584,8.0,0.03895981026300742,0.6536230122892157,0.13312673457637247,-0.4169304107153937,0.8120661791360699,0.6846206238822862,0.10661014153712169,1.1618689050312914,0.3280087491860473,-0.07452847233224931,0.6624658724150371,,,
post-hoc (decided after Task 24's test results were seen),KITTI,mono,traj,JB,R1_gbm_reg,regression,G,0.3,1061.0,0.07781257422555589,0.2103242689309431,8.0,-0.06598956965238695,0.5666152499110688,0.13901058997772173,-0.4812563587784186,0.8895681177291056,0.4448925720615996,0.1056339561143037,1.0199781211708268,0.14757023789786522,-0.22769638108517812,0.6523089488389952,,,
post-hoc (decided after Task 24's test results were seen),KITTI,mono,traj,JB,R1_gbm_reg,regression,G,0.5,1768.0,-0.4369291958250654,-0.0972004182237431,8.0,-0.5013836666515898,0.3773273186884185,-0.29178086771704503,-0.8438652191561362,0.7691523309773685,-0.0759719704449695,-0.28842124763754945,0.6682361072840802,-0.4865774892362916,-0.842908047909495,0.5458325459629569,,,
post-hoc (decided after Task 24's test results were seen),KITTI,mono,traj,JB,R1_mlp_clf,binary,V,0.1,354.0,0.19467017995494176,0.19610770465085778,8.0,-0.08261473102837048,0.4478951088724005,,,,,,,,,,,,
post-hoc (decided after Task 24's test results were seen),KITTI,mono,traj,JB,R1_mlp_clf,binary,V,0.2,707.0,0.19359386440248336,0.16236032510132314,8.0,-0.26305054037223496,0.5672890090654394,,,,,,,,,,,,
post-hoc (decided after Task 24's test results were seen),KITTI,mono,traj,JB,R1_mlp_clf,binary,V,0.3,1061.0,0.06138152095712364,0.07145162605953038,8.0,-0.5148199036543397,0.5977350048016559,,,,,,,,,,,,
post-hoc (decided after Task 24's test results were seen),KITTI,mono,traj,JB,R1_mlp_clf,binary,V,0.5,1768.0,-0.3192305142777481,-0.12518040435279174,8.0,-0.7241818042673499,0.592232177023548,,,,,,,,,,,,
post-hoc (decided after Task 24's test results were seen),KITTI,mono,traj,JB,R1_mlp_clf,binary,Q,0.1,354.0,0.10886194557510545,0.06388610023120071,8.0,-0.15444962702202375,0.21542658059461756,-0.08580823437983631,-0.4773876671901124,0.1841962281987013,,,,,,,,,
post-hoc (decided after Task 24's test results were seen),KITTI,mono,traj,JB,R1_mlp_clf,binary,Q,0.2,707.0,-0.1403988198363525,-0.005115662946714969,8.0,-0.16250495481578672,0.33509287025212015,-0.3339926842388359,-0.6806950457988872,0.5120420270692311,,,,,,,,,
post-hoc (decided after Task 24's test results were seen),KITTI,mono,traj,JB,R1_mlp_clf,binary,Q,0.3,1061.0,-0.2612296894700506,-0.06095994313395221,8.0,-0.2404615901528224,0.18911485319239926,-0.3226112104271742,-0.8025417636778676,0.6004236120882369,,,,,,,,,
post-hoc (decided after Task 24's test results were seen),KITTI,mono,traj,JB,R1_mlp_clf,binary,Q,0.5,1768.0,-0.5826980287478742,-0.34197900204440124,8.0,-0.6706978614824217,0.05780720346266682,-0.2634675144701261,-1.1407666579487474,0.24567350055268497,,,,,,,,,
post-hoc (decided after Task 24's test results were seen),KITTI,mono,traj,JB,R1_mlp_clf,binary,G,0.1,354.0,0.20661826775765627,0.26980425827324994,8.0,0.014351369888977753,0.6031986973294936,0.011948087802714502,-0.3099456246343873,0.4487052302622802,,,,,,,,,
post-hoc (decided after Task 24's test results were seen),KITTI,mono,traj,JB,R1_mlp_clf,binary,G,0.2,707.0,0.338733405263397,0.39983411563928306,8.0,0.132054235725555,0.7290112560322711,0.14513954086091366,-0.36366707375714824,0.7047930453238626,,,,,,,,,
post-hoc (decided after Task 24's test results were seen),KITTI,mono,traj,JB,R1_mlp_clf,binary,G,0.3,1061.0,0.3346167348064231,0.4210704480561192,8.0,0.21642000344188783,0.65384526643851,0.2732352138492995,-0.2039501447662141,0.938566329109616,,,,,,,,,
post-hoc (decided after Task 24's test results were seen),KITTI,mono,traj,JB,R1_mlp_clf,binary,G,0.5,1768.0,0.06897694338471999,0.28944504889431005,8.0,0.07733779318395484,0.44024572861310085,0.3882074576624681,-0.26631293749877927,1.0515982465054177,,,,,,,,,
post-hoc (decided after Task 24's test results were seen),KITTI,mono,traj,JB,R1_gbm_clf,binary,V,0.1,354.0,-0.19107698013410257,-0.13997352859705325,8.0,-0.298811279014256,-0.055416399593632065,,,,,,,,,,,,
post-hoc (decided after Task 24's test results were seen),KITTI,mono,traj,JB,R1_gbm_clf,binary,V,0.2,707.0,-0.19215635340119866,-0.1458572592780306,8.0,-0.5410898394120203,0.052642101602245805,,,,,,,,,,,,
post-hoc (decided after Task 24's test results were seen),KITTI,mono,traj,JB,R1_gbm_clf,binary,V,0.3,1061.0,-0.3362543040825143,-0.18052370113444832,8.0,-0.6732304097717112,0.12338615429017641,,,,,,,,,,,,
post-hoc (decided after Task 24's test results were seen),KITTI,mono,traj,JB,R1_gbm_clf,binary,V,0.5,1768.0,-0.5250139874981182,-0.2517231053388833,8.0,-0.7043237731617829,0.07022166779188257,,,,,,,,,,,,
post-hoc (decided after Task 24's test results were seen),KITTI,mono,traj,JB,R1_gbm_clf,binary,Q,0.1,354.0,0.07118729315829957,0.16481658361848836,8.0,-0.08527233462463918,0.4225253650962029,0.26226427329240215,0.03607874801936435,0.6580254798040047,,,,,,,,,
post-hoc (decided after Task 24's test results were seen),KITTI,mono,traj,JB,R1_gbm_clf,binary,Q,0.2,707.0,-0.05680597994796625,0.05556502682384883,8.0,-0.1918753022874716,0.36833978354053065,0.13535037345323242,-0.15144231603781882,0.6910745794528366,,,,,,,,,
post-hoc (decided after Task 24's test results were seen),KITTI,mono,traj,JB,R1_gbm_clf,binary,Q,0.3,1061.0,-0.1940021888573697,-0.0077730006577444565,8.0,-0.17612089626645408,0.17723666262222537,0.14225211522514458,-0.19166036365100741,0.7952133333554093,,,,,,,,,
post-hoc (decided after Task 24's test results were seen),KITTI,mono,traj,JB,R1_gbm_clf,binary,Q,0.5,1768.0,-0.25788365165019195,-0.11754678314916372,8.0,-0.4073158138156996,0.1056571226827483,0.2671303358479263,-0.1466805102700256,0.5889377056534932,,,,,,,,,
post-hoc (decided after Task 24's test results were seen),KITTI,mono,traj,JB,R1_gbm_clf,binary,G,0.1,354.0,-0.007577519127973996,0.07909043054277748,8.0,-0.11312806417273871,0.44967289100597035,0.18349946100612857,-0.03703335458343966,0.666247189561378,,,,,,,,,
post-hoc (decided after Task 24's test results were seen),KITTI,mono,traj,JB,R1_gbm_clf,binary,G,0.2,707.0,-0.2827534384665618,-0.007614415895141317,8.0,-0.40134417449312754,0.4180916220363899,-0.09059708506536315,-0.22507119000321252,0.5921048936744006,,,,,,,,,
post-hoc (decided after Task 24's test results were seen),KITTI,mono,traj,JB,R1_gbm_clf,binary,G,0.3,1061.0,-0.4846652443659237,-0.1343826219088383,8.0,-0.7316644023746692,0.5647347158391149,-0.1484109402834094,-0.4717825139639572,0.6349917346409724,,,,,,,,,
post-hoc (decided after Task 24's test results were seen),KITTI,mono,traj,JB,R1_gbm_clf,binary,G,0.5,1768.0,-0.5426108658058548,-0.2424331979066582,8.0,-0.7612910884412992,0.31185152263972143,-0.017596878307736596,-0.4656866822225374,0.46582918831840187,,,,,,,,,
post-hoc (decided after Task 24's test results were seen),KITTI,oracle,brake,J,R1_mlp_reg,regression,V,0.1,354.0,0.11797563332799332,0.06623074952130509,3.0,-0.009534326436124783,0.2313558741393258,,,,,,,,,,,,
post-hoc (decided after Task 24's test results were seen),KITTI,oracle,brake,J,R1_mlp_reg,regression,V,0.2,707.0,0.26668289551175844,0.11728643548625192,3.0,-0.03654920896937363,0.24780892932151558,,,,,,,,,,,,
post-hoc (decided after Task 24's test results were seen),KITTI,oracle,brake,J,R1_mlp_reg,regression,V,0.3,1061.0,0.4086798888490506,0.16675754970526643,3.0,-0.06024003553773107,0.2981785124750939,,,,,,,,,,,,
post-hoc (decided after Task 24's test results were seen),KITTI,oracle,brake,J,R1_mlp_reg,regression,V,0.5,1768.0,0.5826525569562542,0.2040360016978311,3.0,0.01800781646619863,0.30430473185690887,,,,,,,,,,,,
post-hoc (decided after Task 24's test results were seen),KITTI,oracle,brake,J,R1_mlp_reg,regression,rankV,0.1,354.0,0.15680124204935653,0.0984274600500998,3.0,0.01620102890749006,0.1889117439918985,0.0388256087213632,-0.09835296905192514,0.17949943775491561,,,,,,,,,
post-hoc (decided after Task 24's test results were seen),KITTI,oracle,brake,J,R1_mlp_reg,regression,rankV,0.2,707.0,0.2521969871017346,0.11943090816261843,3.0,0.026037102198514517,0.2145436610674231,-0.01448590841002384,-0.11831957732074072,0.1939307820925763,,,,,,,,,
post-hoc (decided after Task 24's test results were seen),KITTI,oracle,brake,J,R1_mlp_reg,regression,rankV,0.3,1061.0,0.35108468233051415,0.14316112671152903,3.0,0.024755311786473888,0.27007892827357055,-0.057595206518536446,-0.16272113951767525,0.20841350161486627,,,,,,,,,
post-hoc (decided after Task 24's test results were seen),KITTI,oracle,brake,J,R1_mlp_reg,regression,rankV,0.5,1768.0,0.5550910962163185,0.1617500779969482,3.0,0.018078867046637408,0.26157203505335463,-0.027561460739935706,-0.2075521166201338,0.08976254599281526,,,,,,,,,
post-hoc (decided after Task 24's test results were seen),KITTI,oracle,brake,J,R1_mlp_reg,regression,secdfV,0.1,354.0,0.13350887391925984,0.08717509972504023,3.0,0.0015060346339542785,0.24709861352974968,0.015533240591266512,-0.1808956162497579,0.20489200287000175,,,,,,,,,
post-hoc (decided after Task 24's test results were seen),KITTI,oracle,brake,J,R1_mlp_reg,regression,secdfV,0.2,707.0,0.25388004619494403,0.13619421399701687,3.0,0.03021818738247181,0.25605852171154464,-0.012802849316814413,-0.10535876998379355,0.18926804854848278,,,,,,,,,
post-hoc (decided after Task 24's test results were seen),KITTI,oracle,brake,J,R1_mlp_reg,regression,secdfV,0.3,1061.0,0.38068113287298055,0.172018079622538,3.0,0.03755291165748341,0.29405110427101977,-0.027998755976070044,-0.0956260617896223,0.1763141618726483,,,,,,,,,
post-hoc (decided after Task 24's test results were seen),KITTI,oracle,brake,J,R1_mlp_reg,regression,secdfV,0.5,1768.0,0.5698092152316183,0.18440775616395727,3.0,0.014803798231856348,0.28845222457161257,-0.01284334172463586,-0.08652270066600921,0.05472740511565873,,,,,,,,,
post-hoc (decided after Task 24's test results were seen),KITTI,oracle,brake,J,R1_mlp_reg,regression,Q,0.1,354.0,0.0192421797965619,-0.03120896363378672,3.0,-0.0828781478445993,0.06877923724115277,-0.09873345353143143,-0.3070104833084906,0.04764505265398883,-0.13755906225279463,-0.23439101506700127,0.029036831703026678,-0.11426669412269794,-0.2822322633647849,0.038820604579804185,,,
post-hoc (decided after Task 24's test results were seen),KITTI,oracle,brake,J,R1_mlp_reg,regression,Q,0.2,707.0,0.11721727776590751,-0.02467509842951875,3.0,-0.10501887147692505,0.07752312667823885,-0.14946561774585093,-0.31513585256703014,0.05840857603914301,-0.1349797093358271,-0.29223241163082886,0.042327176625134084,-0.13666276842903652,-0.32859594288367133,0.03673983906034867,,,
post-hoc (decided after Task 24's test results were seen),KITTI,oracle,brake,J,R1_mlp_reg,regression,Q,0.3,1061.0,0.21972471118037967,-0.011771140951602359,3.0,-0.13949917837012657,0.11438391189677873,-0.18895517766867093,-0.3254109895713644,0.033890003148583175,-0.13135997115013448,-0.3748779060576957,0.055833350141285765,-0.16095642169260088,-0.3864253532051384,0.04713421978590573,,,
post-hoc (decided after Task 24's test results were seen),KITTI,oracle,brake,J,R1_mlp_reg,regression,Q,0.5,1768.0,0.3838393379939575,0.017955302560325095,3.0,-0.12839618417656756,0.11902718986100469,-0.1988132189622967,-0.30132041423565564,-0.05511929141763924,-0.171251758222361,-0.32671457319545166,0.08025181836980097,-0.18596987723766084,-0.32760474145253815,0.006322804922351932,,,
post-hoc (decided after Task 24's test results were seen),KITTI,oracle,brake,J,R1_mlp_reg,regression,G,0.1,354.0,0.04975290230106527,-0.009170559862161781,3.0,-0.07304368536723789,0.08567302226753876,-0.06822273102692805,-0.25526396444181454,0.07532858446558033,-0.10704833974829125,-0.18235130529741544,-0.04359286873972998,-0.08375597161819456,-0.24085763301822488,-0.028931347862240206,,,
post-hoc (decided after Task 24's test results were seen),KITTI,oracle,brake,J,R1_mlp_reg,regression,G,0.2,707.0,0.1264981266129721,-0.013400521768030995,3.0,-0.13622417493169392,0.10380578137959891,-0.14018476889878634,-0.28062030526245274,0.1264569327801568,-0.1256988604887625,-0.2494105488667848,-0.027806813567779243,-0.12738191958197193,-0.33375606501352306,-0.030183375182852863,,,
post-hoc (decided after Task 24's test results were seen),KITTI,oracle,brake,J,R1_mlp_reg,regression,G,0.3,1061.0,0.19947220787248102,0.005513838722488276,3.0,-0.05709311792917755,0.09092568339979999,-0.20920768097656958,-0.29140416818684994,0.13650982289332259,-0.15161247445803314,-0.27108483551205376,-0.015451670096423176,-0.18120892500049954,-0.3149020298077538,-0.016800084472346932,,,
post-hoc (decided after Task 24's test results were seen),KITTI,oracle,brake,J,R1_mlp_reg,regression,G,0.5,1768.0,0.3361236355754188,-0.003568551359391501,3.0,-0.06584329935825362,0.12713380481419292,-0.24652892138083538,-0.3369285804150114,0.053393722899062426,-0.21896746064089967,-0.31789329645963627,0.020818133537853112,-0.23368557965619952,-0.348635610693469,0.08568066374991631,,,
post-hoc (decided after Task 24's test results were seen),KITTI,oracle,brake,J,R1_gbm_reg,regression,V,0.1,354.0,0.12711712478701379,0.08343339743411889,3.0,-0.0034842737366780133,0.3074671064737881,,,,,,,,,,,,
post-hoc (decided after Task 24's test results were seen),KITTI,oracle,brake,J,R1_gbm_reg,regression,V,0.2,707.0,0.2952649023582704,0.15132492838798642,3.0,-0.009239162518450385,0.37264035523571215,,,,,,,,,,,,
post-hoc (decided after Task 24's test results were seen),KITTI,oracle,brake,J,R1_gbm_reg,regression,V,0.3,1061.0,0.5022377696657874,0.21519056096245323,3.0,-0.025245901163623657,0.3794875984332439,,,,,,,,,,,,
post-hoc (decided after Task 24's test results were seen),KITTI,oracle,brake,J,R1_gbm_reg,regression,V,0.5,1768.0,0.5873031666534573,0.19958865575391208,3.0,-0.09463507941632489,0.3466857319333479,,,,,,,,,,,,
post-hoc (decided after Task 24's test results were seen),KITTI,oracle,brake,J,R1_gbm_reg,regression,rankV,0.1,354.0,0.19804289701152697,0.1360235011206108,3.0,0.030802831830995865,0.28360269586667874,0.07092577222451318,-0.059060402496710906,0.1268254091832447,,,,,,,,,
post-hoc (decided after Task 24's test results were seen),KITTI,oracle,brake,J,R1_gbm_reg,regression,rankV,0.2,707.0,0.2904442794377809,0.17397263715673159,3.0,0.03022898820919897,0.38528960839350357,-0.004820622920489515,-0.07495721626323801,0.10179303837050296,,,,,,,,,
post-hoc (decided after Task 24's test results were seen),KITTI,oracle,brake,J,R1_gbm_reg,regression,rankV,0.3,1061.0,0.44824497304538075,0.20574254330579786,3.0,-0.012784376241121817,0.38739171127756805,-0.053992796620406625,-0.09819807800603757,0.08964849726953161,,,,,,,,,
post-hoc (decided after Task 24's test results were seen),KITTI,oracle,brake,J,R1_gbm_reg,regression,rankV,0.5,1768.0,0.5834911955363199,0.20210350226144672,3.0,-0.006457960069383012,0.34182561454616467,-0.0038119711171373805,-0.11767384292350326,0.1403653382434522,,,,,,,,,
post-hoc (decided after Task 24's test results were seen),KITTI,oracle,brake,J,R1_gbm_reg,regression,secdfV,0.1,354.0,0.17780225553354292,0.13860346727344605,3.0,0.019730447117099405,0.3792113676035735,0.05068513074652914,-0.0023972531916573447,0.1380732388776488,,,,,,,,,
post-hoc (decided after Task 24's test results were seen),KITTI,oracle,brake,J,R1_gbm_reg,regression,secdfV,0.2,707.0,0.28850100702466486,0.20107497001541574,3.0,0.03723027470332452,0.43452614074593265,-0.006763895333605552,-0.008534848104700732,0.1801540068114244,,,,,,,,,
post-hoc (decided after Task 24's test results were seen),KITTI,oracle,brake,J,R1_gbm_reg,regression,secdfV,0.3,1061.0,0.5631088825788622,0.27607229790430365,3.0,0.06509567665915116,0.46368273050767206,0.06087111291307479,-0.013425593479014397,0.1891553644776208,,,,,,,,,
post-hoc (decided after Task 24's test results were seen),KITTI,oracle,brake,J,R1_gbm_reg,regression,secdfV,0.5,1768.0,0.6600300708679075,0.26995793488725467,3.0,0.06432571357725052,0.38155189798572,0.07272690421445027,-0.02218967233221921,0.1712825967474139,,,,,,,,,
post-hoc (decided after Task 24's test results were seen),KITTI,oracle,brake,J,R1_gbm_reg,regression,Q,0.1,354.0,0.03434049521460707,-0.041415620430365487,3.0,-0.08704493334511995,0.011841155185089235,-0.09277662957240672,-0.37468940083141306,0.00410002308356773,-0.16370240179691992,-0.35495260042360416,-0.05942403665461991,-0.14346176031893587,-0.45131452633177177,-0.03189258279268374,,,
post-hoc (decided after Task 24's test results were seen),KITTI,oracle,brake,J,R1_gbm_reg,regression,Q,0.2,707.0,0.0765947340671063,-0.048425918137141366,3.0,-0.10786605311883647,0.04711852268284325,-0.2186701682911641,-0.4620801901744558,-0.0029938008192197376,-0.21384954537067458,-0.4912779569252012,-0.03815778273905213,-0.21190627295755854,-0.5088661586447745,-0.0467914704623003,,,
post-hoc (decided after Task 24's test results were seen),KITTI,oracle,brake,J,R1_gbm_reg,regression,Q,0.3,1061.0,0.15513056930745522,-0.026045055203911923,3.0,-0.11769714234797128,0.10172903125175148,-0.34710720035833215,-0.4765198796849808,0.04747340324671896,-0.2931144037379255,-0.4901456628073649,0.012593764653324064,-0.40797831327140693,-0.5710763969416817,-0.010941019295981597,,,
post-hoc (decided after Task 24's test results were seen),KITTI,oracle,brake,J,R1_gbm_reg,regression,Q,0.5,1768.0,0.4112375179359242,0.06771499981818017,3.0,-0.04019949173264409,0.17657302730135674,-0.17606564871753305,-0.322362068789129,0.2543966652931506,-0.17225367760039567,-0.35383632176132335,0.15727347207809667,-0.24879255293198332,-0.40597322013819115,0.09407338803838979,,,
post-hoc (decided after Task 24's test results were seen),KITTI,oracle,brake,J,R1_gbm_reg,regression,G,0.1,354.0,0.06559774228373684,-0.0008847390162003363,3.0,-0.06382027293915431,0.08766479399679718,-0.061519382503276945,-0.29376881425830903,0.03231974021005024,-0.13244515472779012,-0.2641857932633245,-0.01594219119445858,-0.11220451324980608,-0.3735666531681246,-0.01904058971110953,,,
post-hoc (decided after Task 24's test results were seen),KITTI,oracle,brake,J,R1_gbm_reg,regression,G,0.2,707.0,0.12815007065662334,0.00850139567018101,3.0,-0.05930514615647106,0.18205972329265027,-0.16711483170164707,-0.3594729684964506,0.1843013961129825,-0.16229420878115755,-0.34438897116467915,0.15576207259055405,-0.1603509363680415,-0.4151088886775088,0.036352580776830956,,,
post-hoc (decided after Task 24's test results were seen),KITTI,oracle,brake,J,R1_gbm_reg,regression,G,0.3,1061.0,0.27740770037982654,0.0609145767739589,3.0,-0.03761027131535191,0.2139886670085618,-0.22483006928596083,-0.3533995157164215,0.21204257313221528,-0.1708372726655542,-0.31670151312395556,0.17757211475719184,-0.2857011821990356,-0.4256360521619031,0.035376616922024484,,,
post-hoc (decided after Task 24's test results were seen),KITTI,oracle,brake,J,R1_gbm_reg,regression,G,0.5,1768.0,0.43439281431721405,0.08471501091986226,3.0,-0.019080828635433884,0.20313028746656833,-0.15291035233624323,-0.3341801228275246,0.2610711737992898,-0.14909838121910585,-0.3077599610588008,0.1853986991353973,-0.2256372565506935,-0.36719982947854823,0.10667377786862514,,,
post-hoc (decided after Task 24's test results were seen),KITTI,oracle,brake,J,R1_mlp_clf,binary,V,0.1,354.0,0.16010225945349735,0.08723970194782621,3.0,-0.017058920998906955,0.20344094457123474,,,,,,,,,,,,
post-hoc (decided after Task 24's test results were seen),KITTI,oracle,brake,J,R1_mlp_clf,binary,V,0.2,707.0,0.252936091160369,0.11978123094362486,3.0,0.016357853246001614,0.28943103589773717,,,,,,,,,,,,
post-hoc (decided after Task 24's test results were seen),KITTI,oracle,brake,J,R1_mlp_clf,binary,V,0.3,1061.0,0.4052108183804548,0.1658146815360235,3.0,0.019846403808869262,0.3222618929361391,,,,,,,,,,,,
post-hoc (decided after Task 24's test results were seen),KITTI,oracle,brake,J,R1_mlp_clf,binary,V,0.5,1768.0,0.5788855561826143,0.2009029487027145,3.0,-0.021296901047521657,0.31544348994225435,,,,,,,,,,,,
post-hoc (decided after Task 24's test results were seen),KITTI,oracle,brake,J,R1_mlp_clf,binary,Q,0.1,354.0,0.06324278433894838,0.000964928948331288,3.0,-0.08906214757060338,0.11329937556938448,-0.09685947511454897,-0.24131974482085183,0.09901739465229387,,,,,,,,,
post-hoc (decided after Task 24's test results were seen),KITTI,oracle,brake,J,R1_mlp_clf,binary,Q,0.2,707.0,0.1195983281718411,-0.020416096715590047,3.0,-0.09936046072663468,0.0663286358693159,-0.13333776298852792,-0.3415924824190794,0.0298806052766383,,,,,,,,,
post-hoc (decided after Task 24's test results were seen),KITTI,oracle,brake,J,R1_mlp_clf,binary,Q,0.3,1061.0,0.2062938581964376,0.019089733332888652,3.0,-0.05047045241272029,0.10011089858982175,-0.1989169601840172,-0.3624027104573819,0.06460842380171561,,,,,,,,,
post-hoc (decided after Task 24's test results were seen),KITTI,oracle,brake,J,R1_mlp_clf,binary,Q,0.5,1768.0,0.45614826337450803,0.11053176708466371,3.0,0.04223778377817292,0.15714938754792368,-0.12273729280810625,-0.23960503685186976,0.13580104042931582,,,,,,,,,
post-hoc (decided after Task 24's test results were seen),KITTI,oracle,brake,J,R1_mlp_clf,binary,G,0.1,354.0,0.06820274442203215,0.002096238464701188,3.0,-0.09432824245737662,0.17772009183149806,-0.09189951503146519,-0.24968121335834761,0.17058510781167652,,,,,,,,,
post-hoc (decided after Task 24's test results were seen),KITTI,oracle,brake,J,R1_mlp_clf,binary,G,0.2,707.0,0.1023684019950918,-0.01786437425304238,3.0,-0.16771964478609164,0.20591976440706464,-0.15056768916527724,-0.32392446846308637,0.17642038169903906,,,,,,,,,
post-hoc (decided after Task 24's test results were seen),KITTI,oracle,brake,J,R1_mlp_clf,binary,G,0.3,1061.0,0.19132048828693146,0.007341683664362963,3.0,-0.1325663068060367,0.256206337600302,-0.21389033009352335,-0.3184414945121863,0.23324585212106816,,,,,,,,,
post-hoc (decided after Task 24's test results were seen),KITTI,oracle,brake,J,R1_mlp_clf,binary,G,0.5,1768.0,0.37969909779640376,0.05397282760412768,3.0,-0.08116907477735724,0.28158670190258417,-0.19918645838621052,-0.34250114538660925,0.2964420153972332,,,,,,,,,
post-hoc (decided after Task 24's test results were seen),KITTI,oracle,brake,J,R1_gbm_clf,binary,V,0.1,354.0,0.23202760183377788,0.16755625226064974,3.0,0.0661526874512528,0.33761943632653935,,,,,,,,,,,,
post-hoc (decided after Task 24's test results were seen),KITTI,oracle,brake,J,R1_gbm_clf,binary,V,0.2,707.0,0.3240416248981891,0.2129865653189985,3.0,0.06220613667254745,0.40202829325302686,,,,,,,,,,,,
post-hoc (decided after Task 24's test results were seen),KITTI,oracle,brake,J,R1_gbm_clf,binary,V,0.3,1061.0,0.5309162938596554,0.25684875812612823,3.0,0.09010976648782164,0.4119258243437957,,,,,,,,,,,,
post-hoc (decided after Task 24's test results were seen),KITTI,oracle,brake,J,R1_gbm_clf,binary,V,0.5,1768.0,0.6391598142230339,0.28075021771008873,3.0,0.13373741387325244,0.36827154278625696,,,,,,,,,,,,
post-hoc (decided after Task 24's test results were seen),KITTI,oracle,brake,J,R1_gbm_clf,binary,Q,0.1,354.0,0.08464277322746859,0.01828591664954161,3.0,-0.06281856579277761,0.17449346174408045,-0.1473848286063093,-0.35467647616029113,-0.04909806557083516,,,,,,,,,
post-hoc (decided after Task 24's test results were seen),KITTI,oracle,brake,J,R1_gbm_clf,binary,Q,0.2,707.0,0.23197510724816975,0.10374457350956805,3.0,-0.0009420640272881275,0.2750214446811439,-0.09206651765001936,-0.3442991348195873,0.1333046593899572,,,,,,,,,
post-hoc (decided after Task 24's test results were seen),KITTI,oracle,brake,J,R1_gbm_clf,binary,Q,0.3,1061.0,0.3221223225284402,0.11489873422535322,3.0,0.02098917636462046,0.2468622132259886,-0.20879397133121524,-0.3506600532841884,0.09857585445185688,,,,,,,,,
post-hoc (decided after Task 24's test results were seen),KITTI,oracle,brake,J,R1_gbm_clf,binary,Q,0.5,1768.0,0.5197262634473699,0.1524908131684107,3.0,0.05479453960786243,0.22464323853401702,-0.11943355077566398,-0.2647645135722922,-0.0039053978554991677,,,,,,,,,
post-hoc (decided after Task 24's test results were seen),KITTI,oracle,brake,J,R1_gbm_clf,binary,G,0.1,354.0,0.11807995897086762,0.04258778086689589,3.0,-0.04775279360981661,0.10857705788800089,-0.11394764286291026,-0.2913772117651017,0.005617473203241108,,,,,,,,,
post-hoc (decided after Task 24's test results were seen),KITTI,oracle,brake,J,R1_gbm_clf,binary,G,0.2,707.0,0.18575122366059268,0.034123502124989956,3.0,-0.06521880605203478,0.12459925092342175,-0.13829040123759642,-0.3251659507822801,-0.002216866701769349,,,,,,,,,
post-hoc (decided after Task 24's test results were seen),KITTI,oracle,brake,J,R1_gbm_clf,binary,G,0.3,1061.0,0.21174273850975656,0.012585348026758977,3.0,-0.0900163296201963,0.10178871881693448,-0.3191735553498989,-0.4005470611524713,-0.02749944987192687,,,,,,,,,
post-hoc (decided after Task 24's test results were seen),KITTI,oracle,brake,J,R1_gbm_clf,binary,G,0.5,1768.0,0.3820817015855702,0.02476559176614213,3.0,-0.11670628644516443,0.2017788110209118,-0.2570781126374637,-0.43997026015571133,-0.003942275333402089,,,,,,,,,
post-hoc (decided after Task 24's test results were seen),KITTI,oracle,traj,JB,R1_mlp_reg,regression,V,0.1,354.0,0.25698232944611393,0.1682784391987102,85.0,0.02596811394569029,0.3890844571565296,,,,,,,,,,,,
post-hoc (decided after Task 24's test results were seen),KITTI,oracle,traj,JB,R1_mlp_reg,regression,V,0.2,707.0,0.40693569707550425,0.2216240380996778,85.0,-0.011253951798307127,0.5516286163207668,,,,,,,,,,,,
post-hoc (decided after Task 24's test results were seen),KITTI,oracle,traj,JB,R1_mlp_reg,regression,V,0.3,1061.0,0.531986065803849,0.2452109000250972,85.0,0.0092398349301089,0.6252885640524806,,,,,,,,,,,,
post-hoc (decided after Task 24's test results were seen),KITTI,oracle,traj,JB,R1_mlp_reg,regression,V,0.5,1768.0,0.6960156842166821,0.22660520679149893,85.0,-0.01802480507603547,0.46937354840733414,,,,,,,,,,,,
post-hoc (decided after Task 24's test results were seen),KITTI,oracle,traj,JB,R1_mlp_reg,regression,rankV,0.1,354.0,0.09259484527310784,-0.005659941573942624,85.0,-0.09889275000717912,0.10537573635481748,-0.16438748417300608,-0.39415709846274977,-0.025165087130092786,,,,,,,,,
post-hoc (decided after Task 24's test results were seen),KITTI,oracle,traj,JB,R1_mlp_reg,regression,rankV,0.2,707.0,0.2230390134452803,0.03989297783712108,85.0,-0.11073883929343314,0.2393459411529551,-0.18389668363022396,-0.39702950965407957,-0.07297247881322903,,,,,,,,,
post-hoc (decided after Task 24's test results were seen),KITTI,oracle,traj,JB,R1_mlp_reg,regression,rankV,0.3,1061.0,0.3659006746582629,0.08895684923259538,85.0,-0.1421400001254579,0.4813228311829421,-0.16608539114558607,-0.2262721092781892,-0.09030251300589331,,,,,,,,,
post-hoc (decided after Task 24's test results were seen),KITTI,oracle,traj,JB,R1_mlp_reg,regression,rankV,0.5,1768.0,0.6107286891802199,0.14080397049138493,85.0,-0.20968987903638958,0.49405894445417003,-0.0852869950364622,-0.20328196763835193,0.03108124933207849,,,,,,,,,
post-hoc (decided after Task 24's test results were seen),KITTI,oracle,traj,JB,R1_mlp_reg,regression,secdfV,0.1,354.0,0.04837356859775034,-0.024999336311299945,85.0,-0.09831432004924984,0.0975428713615912,-0.2086087608483636,-0.4280461452340896,-0.035570994877622414,,,,,,,,,
post-hoc (decided after Task 24's test results were seen),KITTI,oracle,traj,JB,R1_mlp_reg,regression,secdfV,0.2,707.0,0.27282776812306153,0.08593406874382346,85.0,-0.10765041753698608,0.34542316578062016,-0.13410792895244272,-0.366048784319327,-0.019781865731907544,,,,,,,,,
post-hoc (decided after Task 24's test results were seen),KITTI,oracle,traj,JB,R1_mlp_reg,regression,secdfV,0.3,1061.0,0.43670870582988364,0.1672683093844644,85.0,-0.09270282655741428,0.4794546718364226,-0.09527735997396536,-0.18839994309187957,0.05596527014409467,,,,,,,,,
post-hoc (decided after Task 24's test results were seen),KITTI,oracle,traj,JB,R1_mlp_reg,regression,secdfV,0.5,1768.0,0.8110928736552633,0.3288669289192545,85.0,0.18402330352870372,0.46406430365489454,0.11507718943858114,-0.01138394883374838,0.2966061220880806,,,,,,,,,
post-hoc (decided after Task 24's test results were seen),KITTI,oracle,traj,JB,R1_mlp_reg,regression,Q,0.1,354.0,0.07844250666560218,-0.010759217129122221,85.0,-0.09924651036355173,0.21974825090358893,-0.17853982278051175,-0.4870471037875963,0.18399162783703082,-0.014152338607505657,-0.17668975819108765,0.215623539079631,0.03006893806785184,-0.12530116366061164,0.2255740096572624,,,
post-hoc (decided after Task 24's test results were seen),KITTI,oracle,traj,JB,R1_mlp_reg,regression,Q,0.2,707.0,0.2521903913847067,0.034634049568923936,85.0,-0.19636769819925173,0.2673323610596098,-0.15474530569079753,-0.7489260493314053,0.2680038723647224,0.02915137793942643,-0.3767261871115122,0.34118672536591027,-0.020637376738354807,-0.41950680002261603,0.3198288384334328,,,
post-hoc (decided after Task 24's test results were seen),KITTI,oracle,traj,JB,R1_mlp_reg,regression,Q,0.3,1061.0,0.4080482441810225,0.10655108850186049,85.0,-0.20057573209572607,0.31709369542595,-0.12393782162282652,-0.7905998609531879,0.276173383786466,0.042147569522759554,-0.6590361649815653,0.43214879554513086,-0.028660461648861157,-0.6621804184601077,0.30076933075318046,,,
post-hoc (decided after Task 24's test results were seen),KITTI,oracle,traj,JB,R1_mlp_reg,regression,Q,0.5,1768.0,0.6478059008648808,0.14421340519258097,85.0,-0.012352104738205258,0.3128750154652879,-0.04820978335180137,-0.4770713325679815,0.3001183213297382,0.03707721168466083,-0.5032859501244401,0.46374176852641685,-0.1632869727903825,-0.4687475720927087,0.040441290994451706,,,
post-hoc (decided after Task 24's test results were seen),KITTI,oracle,traj,JB,R1_mlp_reg,regression,G,0.1,354.0,0.08421256272122975,-0.0061946942777080065,85.0,-0.09994074662789276,0.17738716783851993,-0.1727697667248842,-0.4884324674266324,0.1384158236354515,-0.00838228255187809,-0.17799877457359387,0.17704704703034269,0.035838994123479406,-0.12649280613425373,0.1847684718686238,,,
post-hoc (decided after Task 24's test results were seen),KITTI,oracle,traj,JB,R1_mlp_reg,regression,G,0.2,707.0,0.26813175951191986,0.05173480218096303,85.0,-0.16089331538236487,0.2807703278397484,-0.1388039375635844,-0.7094525996481619,0.2897345379234393,0.04509274606663957,-0.3494752673277471,0.36390323783312895,-0.004696008611141667,-0.4351205824333468,0.33607185667721146,,,
post-hoc (decided after Task 24's test results were seen),KITTI,oracle,traj,JB,R1_mlp_reg,regression,G,0.3,1061.0,0.3736137540670643,0.05939213405242612,85.0,-0.1812762169936626,0.2445242322685527,-0.15837231173678468,-0.7561335975016146,0.19318222944907337,0.007713079408801393,-0.6041320854462138,0.36717734748798897,-0.06309495176281932,-0.6563027318372683,0.2883868411175856,,,
post-hoc (decided after Task 24's test results were seen),KITTI,oracle,traj,JB,R1_mlp_reg,regression,G,0.5,1768.0,0.570682944285461,0.08199561684935579,85.0,0.02034577254981984,0.16061312527212102,-0.12533273993122118,-0.44231502844972614,0.13756888128208483,-0.04004574489475898,-0.4718663935852274,0.3203881700859016,-0.24040992936980232,-0.4374054916234581,-0.0957144377452428,,,
post-hoc (decided after Task 24's test results were seen),KITTI,oracle,traj,JB,R1_gbm_reg,regression,V,0.1,354.0,0.28791598600877155,0.2240735175403341,85.0,0.03654129449386569,0.5093437677182944,,,,,,,,,,,,
post-hoc (decided after Task 24's test results were seen),KITTI,oracle,traj,JB,R1_gbm_reg,regression,V,0.2,707.0,0.5011601531471864,0.33828297627211207,85.0,0.07820035058182118,0.7182219210447356,,,,,,,,,,,,
post-hoc (decided after Task 24's test results were seen),KITTI,oracle,traj,JB,R1_gbm_reg,regression,V,0.3,1061.0,0.7278861024035764,0.41216534102994734,85.0,0.10988776111112619,0.6298773653662882,,,,,,,,,,,,
post-hoc (decided after Task 24's test results were seen),KITTI,oracle,traj,JB,R1_gbm_reg,regression,V,0.5,1768.0,0.8400682521791928,0.35366522985825855,85.0,0.2683856701271749,0.43405463419650114,,,,,,,,,,,,
post-hoc (decided after Task 24's test results were seen),KITTI,oracle,traj,JB,R1_gbm_reg,regression,rankV,0.1,354.0,0.29036539290375774,0.2002804989317308,85.0,0.01095244228130935,0.46178381867748736,0.0024494068949861836,-0.12165958075687971,0.09270962290864243,,,,,,,,,
post-hoc (decided after Task 24's test results were seen),KITTI,oracle,traj,JB,R1_gbm_reg,regression,rankV,0.2,707.0,0.44254265262536363,0.26475115351013323,85.0,0.07686552446845474,0.6604547551243392,-0.058617500521822796,-0.19966377805478241,0.014716834725028272,,,,,,,,,
post-hoc (decided after Task 24's test results were seen),KITTI,oracle,traj,JB,R1_gbm_reg,regression,rankV,0.3,1061.0,0.5806826172523011,0.2979000709842485,85.0,0.05437217613527878,0.5866047435079458,-0.14720348515127535,-0.27216824197294454,0.0002456424918228495,,,,,,,,,
post-hoc (decided after Task 24's test results were seen),KITTI,oracle,traj,JB,R1_gbm_reg,regression,rankV,0.5,1768.0,0.747995996905625,0.2554783986441534,85.0,0.008823491330227945,0.489672503230064,-0.09207225527356777,-0.26650767167413014,0.06965663868190997,,,,,,,,,
post-hoc (decided after Task 24's test results were seen),KITTI,oracle,traj,JB,R1_gbm_reg,regression,secdfV,0.1,354.0,0.3442922500794269,0.2757708450309402,85.0,0.09569585067863194,0.5836215495292929,0.056376264070655324,-0.03271095423753684,0.10003388114021029,,,,,,,,,
post-hoc (decided after Task 24's test results were seen),KITTI,oracle,traj,JB,R1_gbm_reg,regression,secdfV,0.2,707.0,0.5310407785117816,0.3827981938650565,85.0,0.11159999583547778,0.720690062829666,0.029880625364595126,-0.03268699240564776,0.11837168448687896,,,,,,,,,
post-hoc (decided after Task 24's test results were seen),KITTI,oracle,traj,JB,R1_gbm_reg,regression,secdfV,0.3,1061.0,0.7792873110829681,0.43776286440452206,85.0,0.14402675428413167,0.633253599476153,0.051401208679391686,-0.0189929704451541,0.08793341514841517,,,,,,,,,
post-hoc (decided after Task 24's test results were seen),KITTI,oracle,traj,JB,R1_gbm_reg,regression,secdfV,0.5,1768.0,0.8134537888114399,0.33997616283374993,85.0,0.22597637754887623,0.4579160894888203,-0.02661446336775286,-0.0502282504644302,0.035905399205754855,,,,,,,,,
post-hoc (decided after Task 24's test results were seen),KITTI,oracle,traj,JB,R1_gbm_reg,regression,Q,0.1,354.0,0.09394381349735204,0.0025152923011023576,85.0,-0.09971878973156419,0.2569225441064779,-0.19397217251141952,-0.6084724688311411,0.20172385128165982,-0.1964215794064057,-0.5605647896890328,0.22991720301152388,-0.25034843658207484,-0.6828355154226221,0.14368049789812723,,,
post-hoc (decided after Task 24's test results were seen),KITTI,oracle,traj,JB,R1_gbm_reg,regression,Q,0.2,707.0,0.25482784855282503,0.0293915221748146,85.0,-0.1962875812096526,0.3425137150111386,-0.2463323045943614,-0.8850083366682472,0.20986257687009485,-0.1877148040725386,-0.8231992890715675,0.25429915254198476,-0.2762129299589565,-0.8860442962286313,0.21038392479029208,,,
post-hoc (decided after Task 24's test results were seen),KITTI,oracle,traj,JB,R1_gbm_reg,regression,Q,0.3,1061.0,0.3602695811532208,0.047790699748008036,85.0,-0.28993163806338657,0.3785409625112386,-0.36761652125035565,-0.9060819710966805,0.136000336751238,-0.2204130360990803,-0.8575523529937997,0.2943865439376445,-0.41901772992974734,-0.9062292849632507,0.09574442747388329,,,
post-hoc (decided after Task 24's test results were seen),KITTI,oracle,traj,JB,R1_gbm_reg,regression,Q,0.5,1768.0,0.7014362267265986,0.18793398122559998,85.0,-0.09747649842545594,0.39248843075625545,-0.13863202545259423,-0.5201139533896763,0.11439507859080515,-0.04655977017902646,-0.5823898480541161,0.35291840896420557,-0.11201756208484137,-0.5528839190590354,0.1547058174477206,,,
post-hoc (decided after Task 24's test results were seen),KITTI,oracle,traj,JB,R1_gbm_reg,regression,G,0.1,354.0,0.19701177961978222,0.09722813441170569,85.0,-0.06320429649259376,0.26135291784219294,-0.09090420638898933,-0.50111197515243,0.17431857805747397,-0.09335361328397551,-0.4274897716170367,0.18970133031908556,-0.14728047045964465,-0.5464304283694008,0.11770749032959305,,,
post-hoc (decided after Task 24's test results were seen),KITTI,oracle,traj,JB,R1_gbm_reg,regression,G,0.2,707.0,0.3580470919794212,0.13717675264573068,85.0,-0.05063862348865936,0.3167850642685622,-0.14311306116776523,-0.7174039057885675,0.12095646329374271,-0.08449556064594244,-0.6436133993103174,0.18270842542135185,-0.17299368653236036,-0.7201752328631624,0.10593269818237622,,,
post-hoc (decided after Task 24's test results were seen),KITTI,oracle,traj,JB,R1_gbm_reg,regression,G,0.3,1061.0,0.48827966329519057,0.15987765010690697,85.0,-0.10630300760278333,0.39855237812124217,-0.23960643910838586,-0.7133630878616172,0.07069379827294904,-0.09240295395711051,-0.6634394504660951,0.24719785544713263,-0.29100764778777755,-0.7212254669278453,0.05367676064249725,,,
post-hoc (decided after Task 24's test results were seen),KITTI,oracle,traj,JB,R1_gbm_reg,regression,G,0.5,1768.0,0.7031637377442402,0.19655385690777957,85.0,0.02087809116011883,0.3635585886035185,-0.13690451443495255,-0.4058068647883067,0.08390557560415868,-0.04483225916138478,-0.3843686971155824,0.2619664191791623,-0.11029005106719969,-0.42063451709463484,0.09780387553436208,,,
post-hoc (decided after Task 24's test results were seen),KITTI,oracle,traj,JB,R1_mlp_clf,binary,V,0.1,354.0,0.2628628499241461,0.17122578675300315,85.0,0.05433563600456802,0.3848153074994625,,,,,,,,,,,,
post-hoc (decided after Task 24's test results were seen),KITTI,oracle,traj,JB,R1_mlp_clf,binary,V,0.2,707.0,0.41856356327646405,0.25909962952951066,85.0,0.08886821990297838,0.6068096822034657,,,,,,,,,,,,
post-hoc (decided after Task 24's test results were seen),KITTI,oracle,traj,JB,R1_mlp_clf,binary,V,0.3,1061.0,0.6917594149687517,0.33213729897673905,85.0,0.08832366194661873,0.6775531003590741,,,,,,,,,,,,
post-hoc (decided after Task 24's test results were seen),KITTI,oracle,traj,JB,R1_mlp_clf,binary,V,0.5,1768.0,0.8487161634247808,0.33971983961598623,85.0,0.14631492786691103,0.49699749288272765,,,,,,,,,,,,
post-hoc (decided after Task 24's test results were seen),KITTI,oracle,traj,JB,R1_mlp_clf,binary,Q,0.1,354.0,0.0963852964276601,0.002107768976676251,85.0,-0.09847547962859496,0.23142226143962488,-0.16647755349648602,-0.46719381102150137,0.13745912322833245,,,,,,,,,
post-hoc (decided after Task 24's test results were seen),KITTI,oracle,traj,JB,R1_mlp_clf,binary,Q,0.2,707.0,0.3067220782311341,0.057332206635498616,85.0,-0.19037347462181878,0.3256404837490258,-0.11184148504532992,-0.8008725816583436,0.22765332875114136,,,,,,,,,
post-hoc (decided after Task 24's test results were seen),KITTI,oracle,traj,JB,R1_mlp_clf,binary,Q,0.3,1061.0,0.396095491640306,0.12434901469861505,85.0,-0.2564865130355044,0.35134047435731786,-0.2956639233284457,-0.9025443956554693,0.19295768033212513,,,,,,,,,
post-hoc (decided after Task 24's test results were seen),KITTI,oracle,traj,JB,R1_mlp_clf,binary,Q,0.5,1768.0,0.720868200730502,0.23062865824646672,85.0,0.18601938650464833,0.29961431371684083,-0.1278479626942789,-0.278767079032911,0.09540680243408173,,,,,,,,,
post-hoc (decided after Task 24's test results were seen),KITTI,oracle,traj,JB,R1_mlp_clf,binary,G,0.1,354.0,0.0009413726784958167,-0.0764701483643697,85.0,-0.09965274884356072,0.066480311838379,-0.2619214772456503,-0.48091357904325915,-0.014341604168215366,,,,,,,,,
post-hoc (decided after Task 24's test results were seen),KITTI,oracle,traj,JB,R1_mlp_clf,binary,G,0.2,707.0,0.09616030699877967,-0.06538802978158557,85.0,-0.19183250165290447,0.2097229644956674,-0.3224032562776844,-0.7727632817427895,0.10696652210065616,,,,,,,,,
post-hoc (decided after Task 24's test results were seen),KITTI,oracle,traj,JB,R1_mlp_clf,binary,G,0.3,1061.0,0.28489885991997865,-0.0313327404498602,85.0,-0.2634299472100038,0.1939105655938047,-0.40686055504877305,-0.9346823237146599,0.03988662505046396,,,,,,,,,
post-hoc (decided after Task 24's test results were seen),KITTI,oracle,traj,JB,R1_mlp_clf,binary,G,0.5,1768.0,0.6107039292098693,0.11238161316486876,85.0,-0.06965039096777637,0.2667699704961686,-0.23801223421491158,-0.5508637203022457,0.05377927243900106,,,,,,,,,
post-hoc (decided after Task 24's test results were seen),KITTI,oracle,traj,JB,R1_gbm_clf,binary,V,0.1,354.0,0.3002695994123193,0.22726095997644422,85.0,0.055893468877914784,0.5102688367828487,,,,,,,,,,,,
post-hoc (decided after Task 24's test results were seen),KITTI,oracle,traj,JB,R1_gbm_clf,binary,V,0.2,707.0,0.45340869264812345,0.3129908222066359,85.0,0.07078550931671639,0.7019475031984904,,,,,,,,,,,,
post-hoc (decided after Task 24's test results were seen),KITTI,oracle,traj,JB,R1_gbm_clf,binary,V,0.3,1061.0,0.6800972079522944,0.3797384260602372,85.0,0.11816137530516846,0.6465404672228448,,,,,,,,,,,,
post-hoc (decided after Task 24's test results were seen),KITTI,oracle,traj,JB,R1_gbm_clf,binary,V,0.5,1768.0,0.843867246476792,0.3529077896191233,85.0,0.1854153662286868,0.49893044654296376,,,,,,,,,,,,
post-hoc (decided after Task 24's test results were seen),KITTI,oracle,traj,JB,R1_gbm_clf,binary,Q,0.1,354.0,0.18483071730728126,0.06477133536312533,85.0,0.01143932836995458,0.1506466346689237,-0.11543888210503803,-0.49665939732039865,0.056856042836325754,,,,,,,,,
post-hoc (decided after Task 24's test results were seen),KITTI,oracle,traj,JB,R1_gbm_clf,binary,Q,0.2,707.0,0.3448388320307413,0.13560060534963012,85.0,0.06921052043981937,0.24472905692054991,-0.10856986061738216,-0.5973561646198968,0.10612154843481723,,,,,,,,,
post-hoc (decided after Task 24's test results were seen),KITTI,oracle,traj,JB,R1_gbm_clf,binary,Q,0.3,1061.0,0.5084064997264063,0.18995583937592364,85.0,0.06473437409027738,0.3171935929160201,-0.17169070822588817,-0.5431858699931249,0.07661347888469583,,,,,,,,,
post-hoc (decided after Task 24's test results were seen),KITTI,oracle,traj,JB,R1_gbm_clf,binary,Q,0.5,1768.0,0.820438084430332,0.30840153301560624,85.0,0.17310074691467753,0.46738437183211884,-0.02342916204646006,-0.256001095909679,0.1358522246271614,,,,,,,,,
post-hoc (decided after Task 24's test results were seen),KITTI,oracle,traj,JB,R1_gbm_clf,binary,G,0.1,354.0,0.2285751693060826,0.10975438148614929,85.0,-0.0994631781579176,0.3144185210184757,-0.07169443010623669,-0.5367359769541232,0.21965870368671847,,,,,,,,,
post-hoc (decided after Task 24's test results were seen),KITTI,oracle,traj,JB,R1_gbm_clf,binary,G,0.2,707.0,0.27763697753532385,0.06304228060976325,85.0,-0.1617147090613799,0.2731488992559885,-0.1757717151127996,-0.749996807068342,0.10561813669172648,,,,,,,,,
post-hoc (decided after Task 24's test results were seen),KITTI,oracle,traj,JB,R1_gbm_clf,binary,G,0.3,1061.0,0.32666655738484907,0.05488451665029473,85.0,-0.20395806708258976,0.2615069475631471,-0.3534306505674454,-0.7535392660755694,-0.015019790183754484,,,,,,,,,
post-hoc (decided after Task 24's test results were seen),KITTI,oracle,traj,JB,R1_gbm_clf,binary,G,0.5,1768.0,0.6180748680082291,0.09658017513549938,85.0,-0.08645635009973104,0.3895908672117001,-0.22579237846856293,-0.5511863737572023,0.03975453885189406,,,,,,,,,
post-hoc (decided after Task 24's test results were seen),nuScenes,mono,brake,J,R1_mlp_reg,regression,V,0.1,96.0,0.12435328566754772,0.08521602261658476,0.0,-0.05266924167204839,0.32971647963913076,,,,,,,,,,,,
post-hoc (decided after Task 24's test results were seen),nuScenes,mono,brake,J,R1_mlp_reg,regression,V,0.2,191.0,0.30948627394900996,0.17978708204218055,0.0,0.024072423017238772,0.41895939090757095,,,,,,,,,,,,
post-hoc (decided after Task 24's test results were seen),nuScenes,mono,brake,J,R1_mlp_reg,regression,V,0.3,286.0,0.379525885455376,0.20882571465981062,0.0,0.0504695913285302,0.4925083225107705,,,,,,,,,,,,
post-hoc (decided after Task 24's test results were seen),nuScenes,mono,brake,J,R1_mlp_reg,regression,V,0.5,478.0,0.4593847770802444,0.1528490158091817,0.0,-0.04928772987857925,0.41960311314048276,,,,,,,,,,,,
post-hoc (decided after Task 24's test results were seen),nuScenes,mono,brake,J,R1_mlp_reg,regression,rankV,0.1,96.0,-0.0027513393181374255,-0.06631317237628988,0.0,-0.23780156818760986,0.06612059958891821,-0.12710462498568514,-0.4258722063971907,-0.004242158141917468,,,,,,,,,
post-hoc (decided after Task 24's test results were seen),nuScenes,mono,brake,J,R1_mlp_reg,regression,rankV,0.2,191.0,0.09992384094487468,-0.024005604231483787,0.0,-0.23010776517320508,0.27355600961996884,-0.2095624330041353,-0.5299787465110879,0.14285379826755976,,,,,,,,,
post-hoc (decided after Task 24's test results were seen),nuScenes,mono,brake,J,R1_mlp_reg,regression,rankV,0.3,286.0,0.059447484307186924,-0.10467632273835008,0.0,-0.3016146268481398,0.1861681262008471,-0.3200784011481891,-0.6292557269754062,0.0319901756884033,,,,,,,,,
post-hoc (decided after Task 24's test results were seen),nuScenes,mono,brake,J,R1_mlp_reg,regression,rankV,0.5,478.0,0.09339810779107496,-0.18086519385409022,0.0,-0.4191477101103575,0.18998996183680172,-0.36598666928916945,-0.634926953712149,0.09505373352054207,,,,,,,,,
post-hoc (decided after Task 24's test results were seen),nuScenes,mono,brake,J,R1_mlp_reg,regression,secdfV,0.1,96.0,0.030773511246883854,-0.016616344669776812,0.0,-0.08374568566239819,0.0877941991572604,-0.09357977442066387,-0.2896626029910052,0.0033333592366432464,,,,,,,,,
post-hoc (decided after Task 24's test results were seen),nuScenes,mono,brake,J,R1_mlp_reg,regression,secdfV,0.2,191.0,0.04432669161704448,-0.048253559166524206,0.0,-0.1886490076547933,0.14609638052476928,-0.26515958233196546,-0.5283761646339624,0.029104845168220112,,,,,,,,,
post-hoc (decided after Task 24's test results were seen),nuScenes,mono,brake,J,R1_mlp_reg,regression,secdfV,0.3,286.0,0.13159322546157615,-0.024784599370766384,0.0,-0.16502712827663776,0.16632022771087926,-0.24793265999379988,-0.5988488070353035,0.04164881821146066,,,,,,,,,
post-hoc (decided after Task 24's test results were seen),nuScenes,mono,brake,J,R1_mlp_reg,regression,secdfV,0.5,478.0,0.3452539870235347,0.020785654143070837,0.0,-0.15949836911680984,0.30995934001906655,-0.11413079005670967,-0.40627467500256914,0.15671075332384993,,,,,,,,,
post-hoc (decided after Task 24's test results were seen),nuScenes,mono,brake,J,R1_mlp_reg,regression,Q,0.1,96.0,-0.0033032363645914883,-0.06259517007384359,0.0,-0.2682276102428684,0.15291787443072732,-0.1276565220321392,-0.5026927249552552,0.0810475073057403,-0.0005518970464540628,-0.1432753873735711,0.18435362422308432,-0.03407674761147534,-0.27576747272729,0.1494238599146732,,,
post-hoc (decided after Task 24's test results were seen),nuScenes,mono,brake,J,R1_mlp_reg,regression,Q,0.2,191.0,0.05296863969276158,-0.06431643189043469,0.0,-0.2502076153494904,0.2110890369445949,-0.2565176342562484,-0.5955495982301967,0.10402133816436157,-0.046955201252113096,-0.2557948264133593,0.17743085531993683,0.008641948075717103,-0.2013217266205848,0.19436441911043692,,,
post-hoc (decided after Task 24's test results were seen),nuScenes,mono,brake,J,R1_mlp_reg,regression,Q,0.3,286.0,0.10152744240746008,-0.061694496333756135,0.0,-0.2593234245777981,0.24069183564222293,-0.27799844304791593,-0.6405783812415049,0.08506804773628815,0.04207995810027315,-0.17714328085012304,0.2112385832465546,-0.03006578305411607,-0.24881085666141095,0.26160522068855746,,,
post-hoc (decided after Task 24's test results were seen),nuScenes,mono,brake,J,R1_mlp_reg,regression,Q,0.5,478.0,0.30389409612573576,-0.03965103750181693,0.0,-0.25238567845088805,0.13607999316305985,-0.15549068095450863,-0.6249499419807275,0.14786753242549444,0.2104959883346608,-0.3250391898610936,0.3864256117287735,-0.04135989089779896,-0.4176742426843088,0.1875202985324744,,,
post-hoc (decided after Task 24's test results were seen),nuScenes,mono,brake,J,R1_mlp_reg,regression,G,0.1,96.0,0.016818834241546378,-0.01960963788609372,0.0,-0.19066274153051116,0.22641475469350122,-0.10753445142600135,-0.37188794818600485,0.12142214279674918,0.019570173559683803,-0.09589566237939799,0.24808669510826745,-0.013954677005337476,-0.20448225171632675,0.20768617219075258,,,
post-hoc (decided after Task 24's test results were seen),nuScenes,mono,brake,J,R1_mlp_reg,regression,G,0.2,191.0,0.2334556685135718,0.10224589482439007,0.0,-0.12069254924089483,0.40016119265402755,-0.07603060543543816,-0.40045968806566107,0.26479428594082655,0.13353182756869714,-0.055449161822001075,0.33814661619480463,0.18912897689652733,-0.10894418013358409,0.4659350792400063,,,
post-hoc (decided after Task 24's test results were seen),nuScenes,mono,brake,J,R1_mlp_reg,regression,G,0.3,286.0,0.24918343324683223,0.10456273726061097,0.0,-0.11198154578277485,0.3852460672013608,-0.1303424522085438,-0.47862607101460813,0.21106149557584802,0.1897359489396453,0.01324031683788063,0.379999794509533,0.11759020778525608,-0.13493688104532728,0.45992447798190117,,,
post-hoc (decided after Task 24's test results were seen),nuScenes,mono,brake,J,R1_mlp_reg,regression,G,0.5,478.0,0.3539084401763742,0.11118185282791807,0.0,-0.10718814595659883,0.3383805142572817,-0.1054763369038702,-0.41694065555564097,0.26541981246342833,0.2605103323852992,-0.07742575544699455,0.6274660812730413,0.00865445315283947,-0.25240413155593616,0.3485926882176844,,,
post-hoc (decided after Task 24's test results were seen),nuScenes,mono,brake,J,R1_gbm_reg,regression,V,0.1,96.0,0.08380121095107769,0.07205104729638448,0.0,-0.06560495937811252,0.3172536315643081,,,,,,,,,,,,
post-hoc (decided after Task 24's test results were seen),nuScenes,mono,brake,J,R1_gbm_reg,regression,V,0.2,191.0,0.37977490888515203,0.2422392332769641,0.0,0.06033380387501462,0.4797537163293164,,,,,,,,,,,,
post-hoc (decided after Task 24's test results were seen),nuScenes,mono,brake,J,R1_gbm_reg,regression,V,0.3,286.0,0.33915880749194344,0.19165017209810045,0.0,0.02740285420273662,0.434569232169325,,,,,,,,,,,,
post-hoc (decided after Task 24's test results were seen),nuScenes,mono,brake,J,R1_gbm_reg,regression,V,0.5,478.0,0.5301900932103388,0.23748880354338633,0.0,0.059666289905992584,0.5021946054977153,,,,,,,,,,,,
post-hoc (decided after Task 24's test results were seen),nuScenes,mono,brake,J,R1_gbm_reg,regression,rankV,0.1,96.0,0.008458561180522763,-0.03452526774593069,0.0,-0.15309725375320132,0.124555150485733,-0.07534264977055492,-0.38676479290283783,0.11704668035664854,,,,,,,,,
post-hoc (decided after Task 24's test results were seen),nuScenes,mono,brake,J,R1_gbm_reg,regression,rankV,0.2,191.0,0.2577401991384959,0.07841933206597877,0.0,-0.1599605997648204,0.26954108578568586,-0.12203470974665614,-0.49069872452230623,0.1195856724404107,,,,,,,,,
post-hoc (decided after Task 24's test results were seen),nuScenes,mono,brake,J,R1_gbm_reg,regression,rankV,0.3,286.0,0.26705917372064225,0.04647089132374021,0.0,-0.18178877975449398,0.2060578162146896,-0.07209963377130119,-0.5116351526381179,0.08314402713616692,,,,,,,,,
post-hoc (decided after Task 24's test results were seen),nuScenes,mono,brake,J,R1_gbm_reg,regression,rankV,0.5,478.0,0.2715707985715523,-0.06600155198396175,0.0,-0.3062407521369638,0.10985177744809757,-0.2586192946387865,-0.6462068015435961,-0.09367754227109128,,,,,,,,,
post-hoc (decided after Task 24's test results were seen),nuScenes,mono,brake,J,R1_gbm_reg,regression,secdfV,0.1,96.0,0.3467822160095196,0.25307772133388884,0.0,-0.005691203481730349,0.4465045419768632,0.2629810050584419,-0.20884416798429192,0.45479280047991083,,,,,,,,,
post-hoc (decided after Task 24's test results were seen),nuScenes,mono,brake,J,R1_gbm_reg,regression,secdfV,0.2,191.0,0.3728139484903573,0.213083676951698,0.0,-0.036752516837945344,0.3838505175111095,-0.006960960394794713,-0.327428315845567,0.20948116929842808,,,,,,,,,
post-hoc (decided after Task 24's test results were seen),nuScenes,mono,brake,J,R1_gbm_reg,regression,secdfV,0.3,286.0,0.32972090620979405,0.12793080784650238,0.0,-0.12444607512482038,0.32650431571238886,-0.009437901282149386,-0.4032464678405022,0.17102543293050845,,,,,,,,,
post-hoc (decided after Task 24's test results were seen),nuScenes,mono,brake,J,R1_gbm_reg,regression,secdfV,0.5,478.0,0.42028162933942415,0.09066233201560954,0.0,-0.099081916605832,0.2959523738568287,-0.10990846387091469,-0.4504708445587074,0.07370869513184489,,,,,,,,,
post-hoc (decided after Task 24's test results were seen),nuScenes,mono,brake,J,R1_gbm_reg,regression,Q,0.1,96.0,0.061328983390871866,-0.001941538326902481,0.0,-0.08616890594845805,0.2041019595419521,-0.022472227560205824,-0.2666315450231297,0.10536679341766092,0.0528704222103491,-0.1647083331478265,0.307924253764291,-0.28545323261864775,-0.4799939371771867,0.041800753844724946,,,
post-hoc (decided after Task 24's test results were seen),nuScenes,mono,brake,J,R1_gbm_reg,regression,Q,0.2,191.0,0.10868236432616796,0.021381618236525107,0.0,-0.13456275635016124,0.30211854243974556,-0.27109254455898407,-0.3969303113865403,0.03360763821651827,-0.14905783481232793,-0.3624184016992316,0.3520933797969529,-0.26413158416418936,-0.4478451510065622,0.16026130640347314,,,
post-hoc (decided after Task 24's test results were seen),nuScenes,mono,brake,J,R1_gbm_reg,regression,Q,0.3,286.0,0.22438621448842705,0.06057354553258563,0.0,-0.18861674038601112,0.45609070637169097,-0.11477259300351639,-0.43696549378011207,0.26219558935494186,-0.0426729592322152,-0.33696415248101014,0.5054078657109154,-0.105334691721367,-0.40087961479961276,0.3575372210518195,,,
post-hoc (decided after Task 24's test results were seen),nuScenes,mono,brake,J,R1_gbm_reg,regression,Q,0.5,478.0,0.379824541160846,0.07072643170001788,0.0,-0.11144875032630229,0.40641626349728,-0.1503655520494928,-0.3690952906293286,0.13097062459641678,0.10825374258929371,-0.1250395651285172,0.5340115056155389,-0.04045708817857813,-0.21129526236459253,0.3183848450657552,,,
post-hoc (decided after Task 24's test results were seen),nuScenes,mono,brake,J,R1_gbm_reg,regression,G,0.1,96.0,0.11317291341653102,0.08730816683583756,0.0,-0.05512447003263614,0.3540230118593195,0.029371702465453328,-0.20788459659209782,0.2673092151664524,0.10471435223600825,-0.12701511216529648,0.45675925172601867,-0.23360930259298857,-0.4334950292903963,0.17751571682732414,,,
post-hoc (decided after Task 24's test results were seen),nuScenes,mono,brake,J,R1_gbm_reg,regression,G,0.2,191.0,0.2649013431393554,0.15293712466689055,0.0,0.004070892351942564,0.4231671927395727,-0.1148735657457966,-0.28029567616023693,0.15672646728502626,0.007161144000859543,-0.21444254638331808,0.4823365738696786,-0.10791260535100189,-0.3258030583814522,0.3554283265926755,,,
post-hoc (decided after Task 24's test results were seen),nuScenes,mono,brake,J,R1_gbm_reg,regression,G,0.3,286.0,0.2514435389751946,0.07366545895202617,0.0,-0.13421285578480635,0.3724534654065256,-0.08771526851674882,-0.39820851396703966,0.17421560016475976,-0.015615634745447637,-0.24976108958815693,0.41337647997982796,-0.07827736723459944,-0.36841113357021754,0.3807421794099237,,,
post-hoc (decided after Task 24's test results were seen),nuScenes,mono,brake,J,R1_gbm_reg,regression,G,0.5,478.0,0.3874082056173997,0.10191513797166976,0.0,-0.11317287515734686,0.40869207709419825,-0.14278188759293914,-0.49577558568592067,0.22205141882111262,0.11583740704584738,-0.17981767828475573,0.6369021371422174,-0.03287342372202445,-0.28964029552505105,0.3957985233846408,,,
post-hoc (decided after Task 24's test results were seen),nuScenes,mono,brake,J,R1_mlp_clf,binary,V,0.1,96.0,0.13844807809859735,0.04864560065095233,0.0,-0.16516492632889995,0.22281697206737486,,,,,,,,,,,,
post-hoc (decided after Task 24's test results were seen),nuScenes,mono,brake,J,R1_mlp_clf,binary,V,0.2,191.0,0.25063237050992715,0.10433540726377467,0.0,-0.12796772578259694,0.3069590118021711,,,,,,,,,,,,
post-hoc (decided after Task 24's test results were seen),nuScenes,mono,brake,J,R1_mlp_clf,binary,V,0.3,286.0,0.34028534538552363,0.12274044526524054,0.0,-0.1868512589332148,0.3455662486792634,,,,,,,,,,,,
post-hoc (decided after Task 24's test results were seen),nuScenes,mono,brake,J,R1_mlp_clf,binary,V,0.5,478.0,0.3389171404874944,0.004926921724318995,0.0,-0.2726313770820811,0.24129597029158198,,,,,,,,,,,,
post-hoc (decided after Task 24's test results were seen),nuScenes,mono,brake,J,R1_mlp_clf,binary,Q,0.1,96.0,0.01347593546130975,-0.039253563919261554,0.0,-0.27097077393827196,0.21364348700496527,-0.1249721426372876,-0.40281750970195546,0.30712965784581964,,,,,,,,,
post-hoc (decided after Task 24's test results were seen),nuScenes,mono,brake,J,R1_mlp_clf,binary,Q,0.2,191.0,0.08678546986335775,-0.008773444924851529,0.0,-0.24605069676179062,0.3076973722604672,-0.1638469006465694,-0.5062563845124493,0.4075573840254719,,,,,,,,,
post-hoc (decided after Task 24's test results were seen),nuScenes,mono,brake,J,R1_mlp_clf,binary,Q,0.3,286.0,0.1577465257753372,-0.0026546197009703044,0.0,-0.25915553878984093,0.3874245094846243,-0.18253881961018642,-0.5677473174079182,0.551244708008328,,,,,,,,,
post-hoc (decided after Task 24's test results were seen),nuScenes,mono,brake,J,R1_mlp_clf,binary,Q,0.5,478.0,0.10882259068359616,-0.16745933590878737,0.0,-0.46542846619760564,0.22950155622477603,-0.2300945498038982,-0.6390998953295788,0.42318812732759226,,,,,,,,,
post-hoc (decided after Task 24's test results were seen),nuScenes,mono,brake,J,R1_mlp_clf,binary,G,0.1,96.0,0.08294034267415801,0.005179949671032,0.0,-0.18704919474338505,0.2608315091922689,-0.05550773542443935,-0.3519217359733016,0.34438620991607277,,,,,,,,,
post-hoc (decided after Task 24's test results were seen),nuScenes,mono,brake,J,R1_mlp_clf,binary,G,0.2,191.0,0.1487180217438585,0.07709953106800492,0.0,-0.1547785092078152,0.44869672671470906,-0.10191434876606864,-0.42172862110982795,0.5267948115947687,,,,,,,,,
post-hoc (decided after Task 24's test results were seen),nuScenes,mono,brake,J,R1_mlp_clf,binary,G,0.3,286.0,0.23397372098802355,0.08755106923333275,0.0,-0.16548091310402727,0.4448390263084532,-0.10631162439750008,-0.487410076189,0.5688658902169096,,,,,,,,,
post-hoc (decided after Task 24's test results were seen),nuScenes,mono,brake,J,R1_mlp_clf,binary,G,0.5,478.0,0.3862721196195386,0.06837407466785364,0.0,-0.158085408831953,0.3992268315661471,0.04735497913204423,-0.3440948305380588,0.6063964919545686,,,,,,,,,
post-hoc (decided after Task 24's test results were seen),nuScenes,mono,brake,J,R1_gbm_clf,binary,V,0.1,96.0,0.2602057047748347,0.21207563216908892,0.0,-0.06603286167429326,0.47587580927477535,,,,,,,,,,,,
post-hoc (decided after Task 24's test results were seen),nuScenes,mono,brake,J,R1_gbm_clf,binary,V,0.2,191.0,0.3273581565920526,0.18841718718236763,0.0,-0.16043474901722665,0.4214920773268369,,,,,,,,,,,,
post-hoc (decided after Task 24's test results were seen),nuScenes,mono,brake,J,R1_gbm_clf,binary,V,0.3,286.0,0.33367113716952496,0.1231631151457445,0.0,-0.19531038585612165,0.35548788507893,,,,,,,,,,,,
post-hoc (decided after Task 24's test results were seen),nuScenes,mono,brake,J,R1_gbm_clf,binary,V,0.5,478.0,0.265016786247473,-0.03908912434238317,0.0,-0.342555059475274,0.21746431128543803,,,,,,,,,,,,
post-hoc (decided after Task 24's test results were seen),nuScenes,mono,brake,J,R1_gbm_clf,binary,Q,0.1,96.0,0.08938794837624732,0.03367219918592893,0.0,-0.07387277899921196,0.2364657066145952,-0.17081775639858737,-0.47765018115184316,0.17976332443659948,,,,,,,,,
post-hoc (decided after Task 24's test results were seen),nuScenes,mono,brake,J,R1_gbm_clf,binary,Q,0.2,191.0,0.16606296532904735,0.02711118291933746,0.0,-0.13205099561274594,0.24904994161021252,-0.16129519126300523,-0.4332191020712522,0.23522088234485283,,,,,,,,,
post-hoc (decided after Task 24's test results were seen),nuScenes,mono,brake,J,R1_gbm_clf,binary,Q,0.3,286.0,0.2677244359532799,0.07076865290542952,0.0,-0.11400030314966518,0.3939197943207471,-0.06594670121624507,-0.37376980187860365,0.424756653508672,,,,,,,,,
post-hoc (decided after Task 24's test results were seen),nuScenes,mono,brake,J,R1_gbm_clf,binary,Q,0.5,478.0,0.3047941274157149,0.0007889509086977827,0.0,-0.24267862481788297,0.36721884071113997,0.039777341168241886,-0.3084957007092141,0.5409100235177259,,,,,,,,,
post-hoc (decided after Task 24's test results were seen),nuScenes,mono,brake,J,R1_gbm_clf,binary,G,0.1,96.0,0.10455653616306532,0.052994653357034203,0.0,-0.07636804153435225,0.310645222851179,-0.15564916861176936,-0.42952715999836877,0.17792688356853556,,,,,,,,,
post-hoc (decided after Task 24's test results were seen),nuScenes,mono,brake,J,R1_gbm_clf,binary,G,0.2,191.0,0.054181599353128836,-0.06452609297788518,0.0,-0.2682329374629981,0.21033097156493188,-0.27317655723892376,-0.5739973928044161,0.12700508099746705,,,,,,,,,
post-hoc (decided after Task 24's test results were seen),nuScenes,mono,brake,J,R1_gbm_clf,binary,G,0.3,286.0,0.08035259907028455,-0.08987785947797085,0.0,-0.26475322978008325,0.23703845368105622,-0.25331853809924043,-0.5004435961495383,0.20222160257356322,,,,,,,,,
post-hoc (decided after Task 24's test results were seen),nuScenes,mono,brake,J,R1_gbm_clf,binary,G,0.5,478.0,0.20703377647138224,-0.06015940343189297,0.0,-0.3231671578850832,0.33963693762339914,-0.05798300977609075,-0.37390966750519883,0.4603310717170597,,,,,,,,,
post-hoc (decided after Task 24's test results were seen),nuScenes,mono,plan_ade,JC_ade,R1_mlp_reg,regression,V,0.1,75.0,0.1700913752235117,0.10322135081133466,0.0,-0.09652023331655236,0.2812178494361185,,,,,,,,,,,,
post-hoc (decided after Task 24's test results were seen),nuScenes,mono,plan_ade,JC_ade,R1_mlp_reg,regression,V,0.2,150.0,0.2500761136602585,0.12705896194569247,0.0,-0.11554303065081364,0.2913957966639835,,,,,,,,,,,,
post-hoc (decided after Task 24's test results were seen),nuScenes,mono,plan_ade,JC_ade,R1_mlp_reg,regression,V,0.3,226.0,0.2698323484937942,0.10054178134849165,0.0,-0.15190040405269972,0.27382558389041917,,,,,,,,,,,,
post-hoc (decided after Task 24's test results were seen),nuScenes,mono,plan_ade,JC_ade,R1_mlp_reg,regression,V,0.5,376.0,0.2705258042022175,0.03629298054426774,0.0,-0.20070690110588912,0.21998415753201608,,,,,,,,,,,,
post-hoc (decided after Task 24's test results were seen),nuScenes,mono,plan_ade,JC_ade,R1_mlp_reg,regression,rankV,0.1,75.0,-0.04052241193177211,-0.06759636986370071,0.0,-0.19258317913780215,0.06375184966643044,-0.2106137871552838,-0.33298151185554586,0.03850826648620501,,,,,,,,,
post-hoc (decided after Task 24's test results were seen),nuScenes,mono,plan_ade,JC_ade,R1_mlp_reg,regression,rankV,0.2,150.0,0.07895764653321609,-0.0025738121391154323,0.0,-0.16428356845201394,0.19978879645933137,-0.17111846712704243,-0.30430131095519214,0.15450975837734257,,,,,,,,,
post-hoc (decided after Task 24's test results were seen),nuScenes,mono,plan_ade,JC_ade,R1_mlp_reg,regression,rankV,0.3,226.0,0.24625511174527437,0.1042105228026238,0.0,-0.06370561456588547,0.3193079653129409,-0.02357723674851986,-0.20973382297573515,0.31916597945575725,,,,,,,,,
post-hoc (decided after Task 24's test results were seen),nuScenes,mono,plan_ade,JC_ade,R1_mlp_reg,regression,rankV,0.5,376.0,0.34827723108309566,0.11151496349408681,0.0,-0.09092965608656177,0.2861700460134728,0.07775142688087816,-0.16758219876755687,0.3266288058250751,,,,,,,,,
post-hoc (decided after Task 24's test results were seen),nuScenes,mono,plan_ade,JC_ade,R1_mlp_reg,regression,secdfV,0.1,75.0,0.0756461880281252,0.003407325013016722,0.0,-0.09899054682887612,0.08584966339442308,-0.0944451871953865,-0.2762853910193733,0.13086757174925284,,,,,,,,,
post-hoc (decided after Task 24's test results were seen),nuScenes,mono,plan_ade,JC_ade,R1_mlp_reg,regression,secdfV,0.2,150.0,0.2478715301820448,0.0806485345535978,0.0,-0.10961999665847331,0.2700084890590819,-0.002204583478213701,-0.303961491613071,0.2600115193328606,,,,,,,,,
post-hoc (decided after Task 24's test results were seen),nuScenes,mono,plan_ade,JC_ade,R1_mlp_reg,regression,secdfV,0.3,226.0,0.2724661235207035,0.10666511718525805,0.0,-0.16391224209862587,0.25149422993083465,0.0026337750269092575,-0.2900484249297594,0.26044620725623363,,,,,,,,,
post-hoc (decided after Task 24's test results were seen),nuScenes,mono,plan_ade,JC_ade,R1_mlp_reg,regression,secdfV,0.5,376.0,0.3292107413789221,0.08687017150823811,0.0,-0.0998913460538453,0.19593260737339566,0.05868493717670459,-0.21408791149662207,0.24518423600903133,,,,,,,,,
post-hoc (decided after Task 24's test results were seen),nuScenes,mono,plan_ade,JC_ade,R1_mlp_reg,regression,Q,0.1,75.0,0.10260996708720756,0.017169845642261164,0.0,-0.19365325650225393,0.1360667753193949,-0.06748140813630414,-0.2465893353710001,0.0566244734037344,0.14313237901897968,-0.07590539248169986,0.2000278213322093,0.026963779059082357,-0.2251500895750474,0.18526040493562967,,,
post-hoc (decided after Task 24's test results were seen),nuScenes,mono,plan_ade,JC_ade,R1_mlp_reg,regression,Q,0.2,150.0,0.08161889019487234,-0.060057815870908145,0.0,-0.2383909761308104,0.09106658766151397,-0.16845722346538616,-0.3371095886669684,-0.024830426883159337,0.0026612436616562513,-0.3239557331056281,0.08420359630208492,-0.16625263998717246,-0.367342964376612,0.06490299227450932,,,
post-hoc (decided after Task 24's test results were seen),nuScenes,mono,plan_ade,JC_ade,R1_mlp_reg,regression,Q,0.3,226.0,0.2339978925091017,0.0012303311145295164,0.0,-0.26125502019615116,0.2654442709600181,-0.03583445598469254,-0.3754130445105697,0.11100102415520785,-0.012257219236172678,-0.4805489995728213,0.22996106346104822,-0.038468231011601794,-0.3890012273671386,0.14801341840690277,,,
post-hoc (decided after Task 24's test results were seen),nuScenes,mono,plan_ade,JC_ade,R1_mlp_reg,regression,Q,0.5,376.0,0.20533012094149086,-0.05345734310422988,0.0,-0.3342538616105642,0.1582480154503713,-0.06519568326072664,-0.4204461783912908,0.10044510342019307,-0.1429471101416048,-0.5406879175224127,0.14609550794025658,-0.12388062043743123,-0.4011267261322688,0.04964780562082409,,,
post-hoc (decided after Task 24's test results were seen),nuScenes,mono,plan_ade,JC_ade,R1_mlp_reg,regression,G,0.1,75.0,0.01207749181162046,-0.020034735395194247,0.0,-0.1675970490130761,0.22687997183143574,-0.15801388341189124,-0.32914933482307385,0.1493629957872517,0.05259990374339257,-0.06346817392979082,0.2614204766160606,-0.06356869621650474,-0.21937822711759442,0.25147213199824303,,,
post-hoc (decided after Task 24's test results were seen),nuScenes,mono,plan_ade,JC_ade,R1_mlp_reg,regression,G,0.2,150.0,0.20251093931368475,0.0803382248474263,0.0,-0.12076255629151537,0.2888577702893347,-0.04756517434657376,-0.2503217348050603,0.24499332594159162,0.12355329278046866,-0.1859919096615632,0.31912591639848525,-0.04536059086836006,-0.268528968199326,0.30905888656700364,,,
post-hoc (decided after Task 24's test results were seen),nuScenes,mono,plan_ade,JC_ade,R1_mlp_reg,regression,G,0.3,226.0,0.23698746204270263,0.08327451238262512,0.0,-0.1214481128161295,0.24869668061392117,-0.0328448864510916,-0.2674167117071807,0.2728440289126332,-0.00926764970257174,-0.2752752411333504,0.13634466180239782,-0.035478661478000856,-0.3069434043415718,0.31862844502913584,,,
post-hoc (decided after Task 24's test results were seen),nuScenes,mono,plan_ade,JC_ade,R1_mlp_reg,regression,G,0.5,376.0,0.4049614062510371,0.14293725365284451,0.0,-0.07911489907116141,0.31353190698735894,0.1344356020488196,-0.19423081006470508,0.33419281920547883,0.05668417516794144,-0.20360290389373603,0.27592843836965636,0.07575066487211501,-0.17611976039077323,0.27194958478402487,,,
post-hoc (decided after Task 24's test results were seen),nuScenes,mono,plan_ade,JC_ade,R1_gbm_reg,regression,V,0.1,75.0,-0.042411518160894765,-0.10392894947068902,0.0,-0.22785895232336054,-0.030228278283472697,,,,,,,,,,,,
post-hoc (decided after Task 24's test results were seen),nuScenes,mono,plan_ade,JC_ade,R1_gbm_reg,regression,V,0.2,150.0,-0.02159826630051098,-0.12843215758560322,0.0,-0.28272020487563687,-0.031722664798155775,,,,,,,,,,,,
post-hoc (decided after Task 24's test results were seen),nuScenes,mono,plan_ade,JC_ade,R1_gbm_reg,regression,V,0.3,226.0,-0.007799733507747218,-0.1434463876470097,0.0,-0.29917572564273204,-0.003706023903589784,,,,,,,,,,,,
post-hoc (decided after Task 24's test results were seen),nuScenes,mono,plan_ade,JC_ade,R1_gbm_reg,regression,V,0.5,376.0,0.09878847583781727,-0.14307153665679528,0.0,-0.3181423672809174,-0.013156369907820068,,,,,,,,,,,,
post-hoc (decided after Task 24's test results were seen),nuScenes,mono,plan_ade,JC_ade,R1_gbm_reg,regression,rankV,0.1,75.0,0.019008546774730854,-0.0199452412286122,0.0,-0.09061329426308341,0.09753962682418939,0.061420064935625615,-0.03128847397169509,0.2947821325341551,,,,,,,,,
post-hoc (decided after Task 24's test results were seen),nuScenes,mono,plan_ade,JC_ade,R1_gbm_reg,regression,rankV,0.2,150.0,0.041826899810191706,-0.05337806992196639,0.0,-0.1313787720807796,0.05765640624891134,0.06342516611070269,-0.05362323375745628,0.2895812799309245,,,,,,,,,
post-hoc (decided after Task 24's test results were seen),nuScenes,mono,plan_ade,JC_ade,R1_gbm_reg,regression,rankV,0.3,226.0,0.03504765162609021,-0.10598525377078906,0.0,-0.21719899179396024,-0.013187212189191784,0.04284738513383742,-0.09653331431495583,0.1990372236318101,,,,,,,,,
post-hoc (decided after Task 24's test results were seen),nuScenes,mono,plan_ade,JC_ade,R1_gbm_reg,regression,rankV,0.5,376.0,0.20810009427826753,-0.033255232504221896,0.0,-0.19519545736049596,0.10207666137429734,0.10931161844045026,-0.016135189940334797,0.26581938435447816,,,,,,,,,
post-hoc (decided after Task 24's test results were seen),nuScenes,mono,plan_ade,JC_ade,R1_gbm_reg,regression,secdfV,0.1,75.0,0.026394169392070458,-0.021959619217329376,0.0,-0.1107258028214015,0.04774599956483052,0.06880568755296522,0.007521381976315969,0.194775893880703,,,,,,,,,
post-hoc (decided after Task 24's test results were seen),nuScenes,mono,plan_ade,JC_ade,R1_gbm_reg,regression,secdfV,0.2,150.0,0.09999975080930346,-0.012356855249890818,0.0,-0.1584187633669686,0.08411819122497943,0.12159801710981444,0.0029720668435114107,0.21265278396519394,,,,,,,,,
post-hoc (decided after Task 24's test results were seen),nuScenes,mono,plan_ade,JC_ade,R1_gbm_reg,regression,secdfV,0.3,226.0,0.062200254199450425,-0.10749438100586975,0.0,-0.2829819293184418,0.023418156096461758,0.06999998770719765,-0.10769125734983054,0.13382593923226377,,,,,,,,,
post-hoc (decided after Task 24's test results were seen),nuScenes,mono,plan_ade,JC_ade,R1_gbm_reg,regression,secdfV,0.5,376.0,0.10953889330579962,-0.13787639441453017,0.0,-0.2965244606609968,-0.025708148776573046,0.010750417467982346,-0.16337429550348265,0.1386080162813157,,,,,,,,,
post-hoc (decided after Task 24's test results were seen),nuScenes,mono,plan_ade,JC_ade,R1_gbm_reg,regression,Q,0.1,75.0,0.2589035035111965,0.10579463550162611,0.0,-0.1231428159677493,0.3131829016649474,0.3013150216720913,-0.003194185991882101,0.3874191388335496,0.23989495673646566,-0.1917677307308534,0.3571132513214433,0.23250933411912605,-0.11189556198449133,0.3156703322737305,,,
post-hoc (decided after Task 24's test results were seen),nuScenes,mono,plan_ade,JC_ade,R1_gbm_reg,regression,Q,0.2,150.0,0.2611350180587172,0.11403369220857178,0.0,-0.17584034007974852,0.3793954530034616,0.2827332843592282,-0.007321317427178526,0.45422693063276587,0.21930811824852547,-0.20465408510347854,0.46712836315331185,0.16113526724941374,-0.13870395467664096,0.33378519774970855,,,
post-hoc (decided after Task 24's test results were seen),nuScenes,mono,plan_ade,JC_ade,R1_gbm_reg,regression,Q,0.3,226.0,0.32221541624789585,0.12896466687416888,0.0,-0.17442787263219345,0.4217440745933554,0.33001514975564306,-0.00999089508107734,0.498409333351731,0.28716776462180565,-0.07394427626103539,0.49445952428721907,0.26001516204844544,-0.00442942339857376,0.4289241935127363,,,
post-hoc (decided after Task 24's test results were seen),nuScenes,mono,plan_ade,JC_ade,R1_gbm_reg,regression,Q,0.5,376.0,0.4911100122621323,0.21092779786257831,0.0,-0.053803682035738216,0.3864797611346018,0.392321536424315,0.015489914151800023,0.5637842361291896,0.28300991798386477,-0.11107738778065815,0.4818634080974362,0.38157111895633267,0.15064531346856566,0.5317762398161154,,,
post-hoc (decided after Task 24's test results were seen),nuScenes,mono,plan_ade,JC_ade,R1_gbm_reg,regression,G,0.1,75.0,0.11577506677157434,0.06754370737150896,0.0,-0.11927888244491251,0.255950489690978,0.15818658493246912,-0.013561912999359908,0.39056987264679094,0.09676651999684349,-0.11565114119012439,0.28584276634188865,0.08938089737950389,-0.11462979642272006,0.3035654690317728,,,
post-hoc (decided after Task 24's test results were seen),nuScenes,mono,plan_ade,JC_ade,R1_gbm_reg,regression,G,0.2,150.0,0.27219626725255164,0.16020844488310979,0.0,-0.05288155768988103,0.30477281744923135,0.2937945335530626,0.1042450326188369,0.49777976635661647,0.23036936744235992,-0.03008646623895072,0.35417007700012404,0.17219651644324818,0.0037276390986083416,0.38294562905991364,,,
post-hoc (decided after Task 24's test results were seen),nuScenes,mono,plan_ade,JC_ade,R1_gbm_reg,regression,G,0.3,226.0,0.28602386900340426,0.11593858003015459,0.0,-0.11234121763289555,0.2502480032691475,0.29382360251115147,0.040080227208799175,0.42860358996981757,0.25097621737731407,0.02660731263139137,0.37294891036616157,0.22382361480395385,0.09456594757188506,0.40080851574312604,,,
post-hoc (decided after Task 24's test results were seen),nuScenes,mono,plan_ade,JC_ade,R1_gbm_reg,regression,G,0.5,376.0,0.3697422144995977,0.09397361837191746,0.0,-0.09229181925616607,0.2572001279110862,0.2709537386617804,-0.0009162856654939096,0.46955064188396817,0.16164212022133018,-0.13900430974773692,0.3750744146148227,0.2602033211937981,0.06657977958896984,0.44746003213867225,,,
post-hoc (decided after Task 24's test results were seen),nuScenes,mono,plan_ade,JC_ade,R1_mlp_clf,binary,V,0.1,75.0,0.07113486666854715,0.003175778928629341,0.0,-0.21556791504203235,0.1420986771995213,,,,,,,,,,,,
post-hoc (decided after Task 24's test results were seen),nuScenes,mono,plan_ade,JC_ade,R1_mlp_clf,binary,V,0.2,150.0,0.10173376493569976,-0.01786692022138798,0.0,-0.22528254120145003,0.1512076995816666,,,,,,,,,,,,
post-hoc (decided after Task 24's test results were seen),nuScenes,mono,plan_ade,JC_ade,R1_mlp_clf,binary,V,0.3,226.0,0.1204799729084085,-0.04234300218866945,0.0,-0.2584541962160266,0.1800675959978702,,,,,,,,,,,,
post-hoc (decided after Task 24's test results were seen),nuScenes,mono,plan_ade,JC_ade,R1_mlp_clf,binary,V,0.5,376.0,0.16450136543294094,-0.10489835358712711,0.0,-0.3444666334370235,0.10862605250808148,,,,,,,,,,,,
post-hoc (decided after Task 24's test results were seen),nuScenes,mono,plan_ade,JC_ade,R1_mlp_clf,binary,Q,0.1,75.0,0.015760348615997496,-0.013560995177615647,0.0,-0.16885251233258725,0.13510027480844625,-0.05537451805254966,-0.1926799081740176,0.22587797736770915,,,,,,,,,
post-hoc (decided after Task 24's test results were seen),nuScenes,mono,plan_ade,JC_ade,R1_mlp_clf,binary,Q,0.2,150.0,0.13225940397363484,0.01865678395208625,0.0,-0.1405768750494936,0.14887559846094128,0.03052563903793508,-0.09150845414833753,0.20059779466001335,,,,,,,,,
post-hoc (decided after Task 24's test results were seen),nuScenes,mono,plan_ade,JC_ade,R1_mlp_clf,binary,Q,0.3,226.0,0.13626536467287206,-0.00748992790893976,0.0,-0.184598093234,0.1382127390727375,0.015785391764463558,-0.11646743566306825,0.24331865665475466,,,,,,,,,
post-hoc (decided after Task 24's test results were seen),nuScenes,mono,plan_ade,JC_ade,R1_mlp_clf,binary,Q,0.5,376.0,0.1436007850938639,-0.07669118845208035,0.0,-0.25022910083130484,0.11140026626234545,-0.020900580339077046,-0.16852931599901283,0.34055243822043807,,,,,,,,,
post-hoc (decided after Task 24's test results were seen),nuScenes,mono,plan_ade,JC_ade,R1_mlp_clf,binary,G,0.1,75.0,-0.04319351693769099,-0.11409593441349451,0.0,-0.3264200162421384,0.1149411251800161,-0.11432838360623815,-0.3013023049284852,0.10484586280870509,,,,,,,,,
post-hoc (decided after Task 24's test results were seen),nuScenes,mono,plan_ade,JC_ade,R1_mlp_clf,binary,G,0.2,150.0,0.0799587463121051,-0.05102676227830983,0.0,-0.3278362585290387,0.17083263903396234,-0.021775018623594655,-0.24431656446614866,0.2648005577914879,,,,,,,,,
post-hoc (decided after Task 24's test results were seen),nuScenes,mono,plan_ade,JC_ade,R1_mlp_clf,binary,G,0.3,226.0,0.03773913434865812,-0.07332206853558612,0.0,-0.3451333151507953,0.15307600182363296,-0.0827408385597504,-0.2628777778738039,0.3242445785900662,,,,,,,,,
post-hoc (decided after Task 24's test results were seen),nuScenes,mono,plan_ade,JC_ade,R1_mlp_clf,binary,G,0.5,376.0,0.2625475842771562,0.008810199037516482,0.0,-0.16439872624137167,0.1781331175907444,0.09804621884421524,-0.14384733496875934,0.44236287003228164,,,,,,,,,
post-hoc (decided after Task 24's test results were seen),nuScenes,mono,plan_ade,JC_ade,R1_gbm_clf,binary,V,0.1,75.0,0.04857738130451456,-0.004795631410016245,0.0,-0.20250142297439327,0.09403366750049093,,,,,,,,,,,,
post-hoc (decided after Task 24's test results were seen),nuScenes,mono,plan_ade,JC_ade,R1_gbm_clf,binary,V,0.2,150.0,0.09010515101103672,-0.061519514496625106,0.0,-0.39161653772100885,0.20600551304653236,,,,,,,,,,,,
post-hoc (decided after Task 24's test results were seen),nuScenes,mono,plan_ade,JC_ade,R1_gbm_clf,binary,V,0.3,226.0,0.2585242157551838,0.03622807978713702,0.0,-0.39233765530743325,0.33175138740756505,,,,,,,,,,,,
post-hoc (decided after Task 24's test results were seen),nuScenes,mono,plan_ade,JC_ade,R1_gbm_clf,binary,V,0.5,376.0,0.38476561001988047,0.08994430849663655,0.0,-0.27728599901439366,0.33686138658052606,,,,,,,,,,,,
post-hoc (decided after Task 24's test results were seen),nuScenes,mono,plan_ade,JC_ade,R1_gbm_clf,binary,Q,0.1,75.0,0.253127470318625,0.12669666130123433,0.0,-0.11625676133324161,0.3213722925185538,0.20455008901411043,-0.09299908210631591,0.34085284202484295,,,,,,,,,
post-hoc (decided after Task 24's test results were seen),nuScenes,mono,plan_ade,JC_ade,R1_gbm_clf,binary,Q,0.2,150.0,0.2920607375332242,0.1403921288849558,0.0,-0.13817184236543095,0.3643823986620342,0.20195558652218748,-0.011031992412446377,0.4609178885318551,,,,,,,,,
post-hoc (decided after Task 24's test results were seen),nuScenes,mono,plan_ade,JC_ade,R1_gbm_clf,binary,Q,0.3,226.0,0.3135710506850773,0.13302007714084152,0.0,-0.13570223259970574,0.3191133829663789,0.055046834929893484,-0.09859456770257818,0.3875436301363387,,,,,,,,,
post-hoc (decided after Task 24's test results were seen),nuScenes,mono,plan_ade,JC_ade,R1_gbm_clf,binary,Q,0.5,376.0,0.43630789303128076,0.15152635120365862,0.0,-0.08624330281129176,0.34367546294000073,0.05154228301140029,-0.1305255901975903,0.3400058441327521,,,,,,,,,
post-hoc (decided after Task 24's test results were seen),nuScenes,mono,plan_ade,JC_ade,R1_gbm_clf,binary,G,0.1,75.0,0.11881052837887907,0.05037251665602689,0.0,-0.11729020293719349,0.1964134083896941,0.07023314707436451,-0.13413933535495606,0.29430695179544125,,,,,,,,,
post-hoc (decided after Task 24's test results were seen),nuScenes,mono,plan_ade,JC_ade,R1_gbm_clf,binary,G,0.2,150.0,0.1452387200158509,0.03542061815486336,0.0,-0.1576801234140104,0.19969533860542046,0.05513356900481417,-0.1721286934887121,0.4406241871812605,,,,,,,,,
post-hoc (decided after Task 24's test results were seen),nuScenes,mono,plan_ade,JC_ade,R1_gbm_clf,binary,G,0.3,226.0,0.131119629608868,0.011508485682065556,0.0,-0.18712764864968467,0.20809958142267243,-0.1274045861463158,-0.32579025874371537,0.42531987876213867,,,,,,,,,
post-hoc (decided after Task 24's test results were seen),nuScenes,mono,plan_ade,JC_ade,R1_gbm_clf,binary,G,0.5,376.0,0.2976897988413319,0.07219963350459299,0.0,-0.13269841687471437,0.21284748428667577,-0.08707581117854857,-0.19849406407093148,0.24115317655261606,,,,,,,,,
post-hoc (decided after Task 24's test results were seen),nuScenes,mono,plan_fde,JC_fde,R1_mlp_reg,regression,V,0.1,75.0,0.1521784154515276,0.09445800464948202,0.0,-0.06365870469924749,0.24237542601881248,,,,,,,,,,,,
post-hoc (decided after Task 24's test results were seen),nuScenes,mono,plan_fde,JC_fde,R1_mlp_reg,regression,V,0.2,150.0,0.2602225170775465,0.12391885557261915,0.0,-0.046044906457403376,0.30730968630266586,,,,,,,,,,,,
post-hoc (decided after Task 24's test results were seen),nuScenes,mono,plan_fde,JC_fde,R1_mlp_reg,regression,V,0.3,226.0,0.25182021784553055,0.12004573718086448,0.0,-0.053346642899522026,0.2707788718997371,,,,,,,,,,,,
post-hoc (decided after Task 24's test results were seen),nuScenes,mono,plan_fde,JC_fde,R1_mlp_reg,regression,V,0.5,376.0,0.365311070310165,0.16633621949252841,0.0,-0.026943896251892918,0.3325647606308007,,,,,,,,,,,,
post-hoc (decided after Task 24's test results were seen),nuScenes,mono,plan_fde,JC_fde,R1_mlp_reg,regression,rankV,0.1,75.0,0.07056738283208965,0.013366661586296992,0.0,-0.15749949923022252,0.15228082922697556,-0.08161103261943796,-0.19121638349851788,0.029078415005649838,,,,,,,,,
post-hoc (decided after Task 24's test results were seen),nuScenes,mono,plan_fde,JC_fde,R1_mlp_reg,regression,rankV,0.2,150.0,0.12957556546766894,0.03590810708800351,0.0,-0.13078582468273373,0.16451208527499184,-0.13064695160987758,-0.21089691284264103,0.05161829894454561,,,,,,,,,
post-hoc (decided after Task 24's test results were seen),nuScenes,mono,plan_fde,JC_fde,R1_mlp_reg,regression,rankV,0.3,226.0,0.20103735428356134,0.06259495258848229,0.0,-0.16333863572527776,0.22291951044245092,-0.050782863561969205,-0.24980467985475407,0.08310018585160818,,,,,,,,,
post-hoc (decided after Task 24's test results were seen),nuScenes,mono,plan_fde,JC_fde,R1_mlp_reg,regression,rankV,0.5,376.0,0.20395278787482052,-0.008965656496541102,0.0,-0.21018758575992907,0.13941804327299762,-0.1613582824353445,-0.4521376846971373,0.03905392231291079,,,,,,,,,
post-hoc (decided after Task 24's test results were seen),nuScenes,mono,plan_fde,JC_fde,R1_mlp_reg,regression,secdfV,0.1,75.0,0.18903144259488136,0.095241187788735,0.0,-0.07045290111161555,0.2556980507463995,0.036853027143353756,-0.14304478012935226,0.1705850910700505,,,,,,,,,
post-hoc (decided after Task 24's test results were seen),nuScenes,mono,plan_fde,JC_fde,R1_mlp_reg,regression,secdfV,0.2,150.0,0.23551391075504033,0.12458136972730546,0.0,-0.07832717251274585,0.2909850204192386,-0.024708606322506182,-0.1822258967796033,0.21773045866544147,,,,,,,,,
post-hoc (decided after Task 24's test results were seen),nuScenes,mono,plan_fde,JC_fde,R1_mlp_reg,regression,secdfV,0.3,226.0,0.2945183734604773,0.14593159071761033,0.0,-0.053930405150333795,0.32811664838531707,0.042698155614946776,-0.15076853884685046,0.2989820015212967,,,,,,,,,
post-hoc (decided after Task 24's test results were seen),nuScenes,mono,plan_fde,JC_fde,R1_mlp_reg,regression,secdfV,0.5,376.0,0.3077595189365938,0.10373449964350448,0.0,-0.08511686045791034,0.26138054223085133,-0.05755155137357121,-0.22003048679305323,0.10992339649444278,,,,,,,,,
post-hoc (decided after Task 24's test results were seen),nuScenes,mono,plan_fde,JC_fde,R1_mlp_reg,regression,Q,0.1,75.0,0.0036605713480193777,-0.06173959018322935,0.0,-0.3021190200301928,0.08657266471460996,-0.14851784410350824,-0.34437174239101603,0.022973408815802357,-0.06690681148407027,-0.19280066978803564,0.03586994405048432,-0.185370871246862,-0.35823012617522293,0.02517608122376981,,,
post-hoc (decided after Task 24's test results were seen),nuScenes,mono,plan_fde,JC_fde,R1_mlp_reg,regression,Q,0.2,150.0,-0.040490119389696266,-0.15182127172820403,0.0,-0.3712109018783986,0.003679146542705954,-0.3007126364672428,-0.4652748770583,-0.09513541520152345,-0.1700656848573652,-0.29305524681240475,-0.08575550587803399,-0.2760040301447366,-0.4132978965710371,-0.1303580544921698,,,
post-hoc (decided after Task 24's test results were seen),nuScenes,mono,plan_fde,JC_fde,R1_mlp_reg,regression,Q,0.3,226.0,0.10637031917697583,-0.08408337714000415,0.0,-0.3253948351816644,0.16166391089493268,-0.14544989866855473,-0.39613704226502183,-0.028206413624967223,-0.09466703510658551,-0.3446137273552992,0.029820878574128802,-0.1881480542835015,-0.5039315608813566,-0.005455031746006095,,,
post-hoc (decided after Task 24's test results were seen),nuScenes,mono,plan_fde,JC_fde,R1_mlp_reg,regression,Q,0.5,376.0,0.10309967212732779,-0.11590154912240126,0.0,-0.3648532347492342,0.09246971135020697,-0.26221139818283723,-0.5915914737385355,-0.06843972394315868,-0.10085311574749273,-0.33143011715984355,0.08026672221169193,-0.20465984680926602,-0.5127335920523214,0.025640500950327754,,,
post-hoc (decided after Task 24's test results were seen),nuScenes,mono,plan_fde,JC_fde,R1_mlp_reg,regression,G,0.1,75.0,-0.08891936318348809,-0.11823116125912908,0.0,-0.3530566553529835,0.08756647625600393,-0.2410977786350157,-0.4506200452707336,0.08569215027006226,-0.15948674601557772,-0.2965122813441073,0.10201488413686287,-0.27795080577836945,-0.44317591932973277,0.02279523633317321,,,
post-hoc (decided after Task 24's test results were seen),nuScenes,mono,plan_fde,JC_fde,R1_mlp_reg,regression,G,0.2,150.0,0.09929481039185449,-0.021239142088382543,0.0,-0.22752915783100727,0.16640606788551687,-0.160927706685692,-0.3509889775857478,0.123556506894327,-0.030280755075814444,-0.19897016668590672,0.1386088541012259,-0.13621910036318585,-0.2408797967637757,-0.03168627689569479,,,
post-hoc (decided after Task 24's test results were seen),nuScenes,mono,plan_fde,JC_fde,R1_mlp_reg,regression,G,0.3,226.0,0.112181832250438,-0.02436699624009289,0.0,-0.2470142612406697,0.16160667426293115,-0.13963838559509256,-0.35206510782268957,0.10089998140868936,-0.08885552203312334,-0.23473501479600464,0.11355724247461133,-0.18233654121003934,-0.41349381701077126,-0.01875771106085982,,,
post-hoc (decided after Task 24's test results were seen),nuScenes,mono,plan_fde,JC_fde,R1_mlp_reg,regression,G,0.5,376.0,0.26704747478209656,0.0538693551420468,0.0,-0.21921303803325365,0.24956665235901507,-0.09826359552806846,-0.4662127633118615,0.15183267957172294,0.06309468690727604,-0.15945931609194813,0.3165539707333643,-0.04071204415449725,-0.3351041487509338,0.16094120218562422,,,
post-hoc (decided after Task 24's test results were seen),nuScenes,mono,plan_fde,JC_fde,R1_gbm_reg,regression,V,0.1,75.0,-0.1153245115766636,-0.16708404260708568,0.0,-0.34257447375925465,-0.044917387618544156,,,,,,,,,,,,
post-hoc (decided after Task 24's test results were seen),nuScenes,mono,plan_fde,JC_fde,R1_gbm_reg,regression,V,0.2,150.0,-0.06207022040858505,-0.17132393000683083,0.0,-0.3970471799348808,0.0156106059767858,,,,,,,,,,,,
post-hoc (decided after Task 24's test results were seen),nuScenes,mono,plan_fde,JC_fde,R1_gbm_reg,regression,V,0.3,226.0,-0.0065369250984928535,-0.16937950530059948,0.0,-0.4188651327970546,0.05578588685440186,,,,,,,,,,,,
post-hoc (decided after Task 24's test results were seen),nuScenes,mono,plan_fde,JC_fde,R1_gbm_reg,regression,V,0.5,376.0,0.1569870725547404,-0.08148669590712669,0.0,-0.37962259314753255,0.1363914473432749,,,,,,,,,,,,
post-hoc (decided after Task 24's test results were seen),nuScenes,mono,plan_fde,JC_fde,R1_gbm_reg,regression,rankV,0.1,75.0,0.08469929014398986,0.0404595372864223,0.0,-0.08859575650876005,0.1573422359733933,0.20002380172065345,0.055544303454749415,0.36306343593003465,,,,,,,,,
post-hoc (decided after Task 24's test results were seen),nuScenes,mono,plan_fde,JC_fde,R1_gbm_reg,regression,rankV,0.2,150.0,0.10769911901514288,0.019369952003699887,0.0,-0.17192068099929791,0.17678009414297607,0.16976933942372793,0.040823578143335204,0.37662411408210344,,,,,,,,,
post-hoc (decided after Task 24's test results were seen),nuScenes,mono,plan_fde,JC_fde,R1_gbm_reg,regression,rankV,0.3,226.0,0.22331605288563613,0.0693872023887819,0.0,-0.201026903499088,0.2576597252953336,0.229852977984129,0.07071053317902688,0.45525750777802415,,,,,,,,,
post-hoc (decided after Task 24's test results were seen),nuScenes,mono,plan_fde,JC_fde,R1_gbm_reg,regression,rankV,0.5,376.0,0.20425367162585903,-0.0009056361626836799,0.0,-0.29103090996374703,0.20675313383837451,0.04726659907111863,-0.088464530005578,0.35202106649313725,,,,,,,,,
post-hoc (decided after Task 24's test results were seen),nuScenes,mono,plan_fde,JC_fde,R1_gbm_reg,regression,secdfV,0.1,75.0,0.12585906084517212,0.04510752851057528,0.0,-0.1893663726404522,0.20997369660890358,0.24118357242183572,0.056099810790999925,0.4096998417433325,,,,,,,,,
post-hoc (decided after Task 24's test results were seen),nuScenes,mono,plan_fde,JC_fde,R1_gbm_reg,regression,secdfV,0.2,150.0,0.15432884879813746,0.040005711749894285,0.0,-0.1941454958609682,0.2182468564979799,0.21639906920672253,0.04825722962548516,0.43449775954563047,,,,,,,,,
post-hoc (decided after Task 24's test results were seen),nuScenes,mono,plan_fde,JC_fde,R1_gbm_reg,regression,secdfV,0.3,226.0,0.15506516236199688,1.6584981306974277e-05,0.0,-0.30540899378679925,0.2168493854078023,0.16160208746048974,0.003334650762595965,0.36330285372020693,,,,,,,,,
post-hoc (decided after Task 24's test results were seen),nuScenes,mono,plan_fde,JC_fde,R1_gbm_reg,regression,secdfV,0.5,376.0,0.22868112843207875,0.01245271372191589,0.0,-0.24178926014710833,0.18928180047430182,0.07169405587733835,-0.06900272625079637,0.3259011847588979,,,,,,,,,
post-hoc (decided after Task 24's test results were seen),nuScenes,mono,plan_fde,JC_fde,R1_gbm_reg,regression,Q,0.1,75.0,0.1813472654872931,0.062128191785246166,0.0,-0.14687073105005802,0.22371025638436645,0.2966717770639567,0.06272302582277099,0.4013144152033163,0.09664797534330324,-0.12341073287115673,0.14979066068804225,0.05548820464212098,-0.24141239464486156,0.21235033320427055,,,
post-hoc (decided after Task 24's test results were seen),nuScenes,mono,plan_fde,JC_fde,R1_gbm_reg,regression,Q,0.2,150.0,0.19069146397359227,0.07482786174254995,0.0,-0.1632142184729056,0.29064834394617917,0.25276168438217733,0.05312703511373736,0.41236872404241987,0.08299234495844938,-0.11430445534653312,0.21585154015255154,0.036362615175454804,-0.23196812824971844,0.22811051458653456,,,
post-hoc (decided after Task 24's test results were seen),nuScenes,mono,plan_fde,JC_fde,R1_gbm_reg,regression,Q,0.3,226.0,0.17688648184744946,0.04434894114915405,0.0,-0.2793738676622435,0.33270053258181753,0.1834234069459423,-0.003316640984363876,0.40654143295255946,-0.04642957103818668,-0.33968601470589727,0.1934956713185205,0.021821319485452573,-0.2224306479863002,0.2713318264177834,,,
post-hoc (decided after Task 24's test results were seen),nuScenes,mono,plan_fde,JC_fde,R1_gbm_reg,regression,Q,0.5,376.0,0.40060749436907983,0.1640242558222281,0.0,-0.07953088218667122,0.3401513902329963,0.24362042181433943,0.005355192666281361,0.5676840883065671,0.1963538227432208,-0.1708322179583215,0.49548008004631533,0.17192636593700109,-0.1124958629119705,0.4089230556490502,,,
post-hoc (decided after Task 24's test results were seen),nuScenes,mono,plan_fde,JC_fde,R1_gbm_reg,regression,G,0.1,75.0,0.03354246486763947,-0.0009868269890986156,0.0,-0.13036631317069303,0.11886466860891548,0.14886697644430308,0.0644510369532917,0.34303410402261586,-0.05115682527635039,-0.16278143911464946,0.1521664914380753,-0.09231659597753265,-0.2467206119684259,0.17239947729456595,,,
post-hoc (decided after Task 24's test results were seen),nuScenes,mono,plan_fde,JC_fde,R1_gbm_reg,regression,G,0.2,150.0,0.1273582314482012,0.048093570726024534,0.0,-0.09493672400002065,0.19218212148680927,0.18942845185678625,0.028538831496842026,0.47624747931773803,0.019659112433058304,-0.1669804290273016,0.29040280036202165,-0.026970617349936277,-0.13844856805036487,0.24868510097224183,,,
post-hoc (decided after Task 24's test results were seen),nuScenes,mono,plan_fde,JC_fde,R1_gbm_reg,regression,G,0.3,226.0,0.20294493086856838,0.044963229994944655,0.0,-0.13638734560173343,0.1971745695382053,0.20948185596706123,0.010265710911066477,0.4771514720382334,-0.020371122017067755,-0.24818233744202664,0.2708534685664745,0.047879768506571496,-0.15413611641688166,0.32705382063153454,,,
post-hoc (decided after Task 24's test results were seen),nuScenes,mono,plan_fde,JC_fde,R1_gbm_reg,regression,G,0.5,376.0,0.26956656065685125,0.042824827774832805,0.0,-0.12218535799782125,0.22253894819393585,0.11257948810211085,-0.13263716580140852,0.4734636802482528,0.06531288903099222,-0.22048802641764245,0.3814865268697185,0.040885432224772505,-0.16934651297235376,0.30279286428386426,,,
post-hoc (decided after Task 24's test results were seen),nuScenes,mono,plan_fde,JC_fde,R1_mlp_clf,binary,V,0.1,75.0,0.004847750510364475,-0.0451812763210403,0.0,-0.19224211994907917,0.06693307997708361,,,,,,,,,,,,
post-hoc (decided after Task 24's test results were seen),nuScenes,mono,plan_fde,JC_fde,R1_mlp_clf,binary,V,0.2,150.0,0.06451563092146581,-0.03397059439920076,0.0,-0.2350196178037836,0.14264310891974774,,,,,,,,,,,,
post-hoc (decided after Task 24's test results were seen),nuScenes,mono,plan_fde,JC_fde,R1_mlp_clf,binary,V,0.3,226.0,0.19103892955883386,0.04032487242898556,0.0,-0.18643860356328823,0.19201261829608998,,,,,,,,,,,,
post-hoc (decided after Task 24's test results were seen),nuScenes,mono,plan_fde,JC_fde,R1_mlp_clf,binary,V,0.5,376.0,0.18389904179966346,-0.02512838790612599,0.0,-0.19754209983691018,0.09598585498298848,,,,,,,,,,,,
post-hoc (decided after Task 24's test results were seen),nuScenes,mono,plan_fde,JC_fde,R1_mlp_clf,binary,Q,0.1,75.0,-0.06234759507583595,-0.07175403406666778,0.0,-0.339018722933611,0.10942102870883387,-0.06719534558620043,-0.24550711929741276,0.18266734720101352,,,,,,,,,
post-hoc (decided after Task 24's test results were seen),nuScenes,mono,plan_fde,JC_fde,R1_mlp_clf,binary,Q,0.2,150.0,0.05936856039502624,-0.032772599257798685,0.0,-0.2358118870945771,0.1064807180807188,-0.005147070526439569,-0.16740586030107962,0.21755996622963789,,,,,,,,,
post-hoc (decided after Task 24's test results were seen),nuScenes,mono,plan_fde,JC_fde,R1_mlp_clf,binary,Q,0.3,226.0,0.04057754782873854,-0.07232533042549559,0.0,-0.27681403314081726,0.0860925193119353,-0.15046138173009532,-0.24572747284710142,0.1080522906162624,,,,,,,,,
post-hoc (decided after Task 24's test results were seen),nuScenes,mono,plan_fde,JC_fde,R1_mlp_clf,binary,Q,0.5,376.0,0.11861022096759503,-0.07161073808469523,0.0,-0.2674452659059783,0.128700240686648,-0.06528882083206843,-0.25563927745679244,0.25432671378557803,,,,,,,,,
post-hoc (decided after Task 24's test results were seen),nuScenes,mono,plan_fde,JC_fde,R1_mlp_clf,binary,G,0.1,75.0,-0.09906015511076235,-0.16160159273412072,0.0,-0.429692855361316,0.018096414830436194,-0.10390790562112683,-0.30411098652669166,0.06170947966062191,,,,,,,,,
post-hoc (decided after Task 24's test results were seen),nuScenes,mono,plan_fde,JC_fde,R1_mlp_clf,binary,G,0.2,150.0,-0.053284550678628625,-0.16033924235611238,0.0,-0.43829224376527054,0.04159350559991131,-0.11780018160009444,-0.3462762231440208,0.09723169370633257,,,,,,,,,
post-hoc (decided after Task 24's test results were seen),nuScenes,mono,plan_fde,JC_fde,R1_mlp_clf,binary,G,0.3,226.0,-0.10001112116211501,-0.19168394741358388,0.0,-0.4806084178411151,0.04774172673047372,-0.29105005072094886,-0.42741709716680787,0.05065507348789813,,,,,,,,,
post-hoc (decided after Task 24's test results were seen),nuScenes,mono,plan_fde,JC_fde,R1_mlp_clf,binary,G,0.5,376.0,0.1639524340916757,-0.07478777388762348,0.0,-0.29544101949276824,0.11077982134791994,-0.019946607707987757,-0.26559063545251815,0.16708735349656811,,,,,,,,,
post-hoc (decided after Task 24's test results were seen),nuScenes,mono,plan_fde,JC_fde,R1_gbm_clf,binary,V,0.1,75.0,0.0726390887865458,0.0013546510918314473,0.0,-0.20526478174566798,0.18692771455376578,,,,,,,,,,,,
post-hoc (decided after Task 24's test results were seen),nuScenes,mono,plan_fde,JC_fde,R1_gbm_clf,binary,V,0.2,150.0,0.13124556804721843,0.018712445206487734,0.0,-0.2516998376870709,0.2436837500259938,,,,,,,,,,,,
post-hoc (decided after Task 24's test results were seen),nuScenes,mono,plan_fde,JC_fde,R1_gbm_clf,binary,V,0.3,226.0,0.10391328012805408,-0.04988900472564374,0.0,-0.39146660332827443,0.18257055049365084,,,,,,,,,,,,
post-hoc (decided after Task 24's test results were seen),nuScenes,mono,plan_fde,JC_fde,R1_gbm_clf,binary,V,0.5,376.0,0.20416971796839067,-0.020980779035989338,0.0,-0.37641146631424394,0.26137340805291237,,,,,,,,,,,,
post-hoc (decided after Task 24's test results were seen),nuScenes,mono,plan_fde,JC_fde,R1_gbm_clf,binary,Q,0.1,75.0,0.18894527165841887,0.09412574845331362,0.0,-0.10239405377347385,0.2606350019410505,0.11630618287187307,-0.07514179906247234,0.25910665503765434,,,,,,,,,
post-hoc (decided after Task 24's test results were seen),nuScenes,mono,plan_fde,JC_fde,R1_gbm_clf,binary,Q,0.2,150.0,0.2169765342872288,0.10404636683318376,0.0,-0.15502551311771323,0.3082570913203551,0.08573096624001036,-0.07343109040974136,0.2773124359113119,,,,,,,,,
post-hoc (decided after Task 24's test results were seen),nuScenes,mono,plan_fde,JC_fde,R1_gbm_clf,binary,Q,0.3,226.0,0.1823797997262915,0.03241314781768955,0.0,-0.26492826824467564,0.2535963583642402,0.07846651959823743,-0.11356460775846675,0.33942566640414196,,,,,,,,,
post-hoc (decided after Task 24's test results were seen),nuScenes,mono,plan_fde,JC_fde,R1_gbm_clf,binary,Q,0.5,376.0,0.2968047300400662,0.07188645814972631,0.0,-0.22567680941667512,0.3054508412104378,0.09263501207167552,-0.13438374215929771,0.443319303727371,,,,,,,,,
post-hoc (decided after Task 24's test results were seen),nuScenes,mono,plan_fde,JC_fde,R1_gbm_clf,binary,G,0.1,75.0,0.007948570057650107,-0.04243218673401402,0.0,-0.25007503012075677,0.09686128534761296,-0.0646905187288957,-0.19052148823744838,0.1791655126413912,,,,,,,,,
post-hoc (decided after Task 24's test results were seen),nuScenes,mono,plan_fde,JC_fde,R1_gbm_clf,binary,G,0.2,150.0,0.052456000582823376,-0.04421757776320816,0.0,-0.2264542123281973,0.10991772292099561,-0.07878956746439505,-0.26096342083801155,0.26811012546035046,,,,,,,,,
post-hoc (decided after Task 24's test results were seen),nuScenes,mono,plan_fde,JC_fde,R1_gbm_clf,binary,G,0.3,226.0,0.11671378080956733,-0.00513953557964956,0.0,-0.17260330202832744,0.1591340913027244,0.012800500681513255,-0.24440716696695985,0.5051487090415073,,,,,,,,,
post-hoc (decided after Task 24's test results were seen),nuScenes,mono,plan_fde,JC_fde,R1_gbm_clf,binary,G,0.5,376.0,0.24169809127844982,0.03932268492050501,0.0,-0.14590978737053917,0.1883153974488809,0.03752837331005915,-0.21959685785120067,0.43008879292886465,,,,,,,,,
post-hoc (decided after Task 24's test results were seen),nuScenes,oracle,brake,J,R1_mlp_reg,regression,V,0.1,96.0,0.12244794769846266,0.04324029029064891,6.0,-0.08009221166898482,0.2654077819100204,,,,,,,,,,,,
post-hoc (decided after Task 24's test results were seen),nuScenes,oracle,brake,J,R1_mlp_reg,regression,V,0.2,191.0,0.3354129409324891,0.19238227017635628,6.0,-0.015567764722416767,0.3768425029220144,,,,,,,,,,,,
post-hoc (decided after Task 24's test results were seen),nuScenes,oracle,brake,J,R1_mlp_reg,regression,V,0.3,286.0,0.404805566842622,0.19452230215702312,6.0,-0.01696432487171235,0.45509468422486377,,,,,,,,,,,,
post-hoc (decided after Task 24's test results were seen),nuScenes,oracle,brake,J,R1_mlp_reg,regression,V,0.5,478.0,0.48456343659651824,0.12080852264809779,6.0,-0.1368557158949735,0.47873227952395714,,,,,,,,,,,,
post-hoc (decided after Task 24's test results were seen),nuScenes,oracle,brake,J,R1_mlp_reg,regression,rankV,0.1,96.0,0.1236259602461198,0.061565777022794116,6.0,-0.10496776154160423,0.34271187812446435,0.001178012547657134,-0.280584588315785,0.3099620600274518,,,,,,,,,
post-hoc (decided after Task 24's test results were seen),nuScenes,oracle,brake,J,R1_mlp_reg,regression,rankV,0.2,191.0,0.14226133172312563,0.014505506460632063,6.0,-0.16645745571988077,0.309565088036752,-0.19315160920936345,-0.4627838165065034,0.2190125738267549,,,,,,,,,
post-hoc (decided after Task 24's test results were seen),nuScenes,oracle,brake,J,R1_mlp_reg,regression,rankV,0.3,286.0,0.1499542210608997,-0.04635353370277602,6.0,-0.2383395047784421,0.28219472875272344,-0.2548513457817223,-0.5184232428729625,0.17734188447940086,,,,,,,,,
post-hoc (decided after Task 24's test results were seen),nuScenes,oracle,brake,J,R1_mlp_reg,regression,rankV,0.5,478.0,0.1648044650479078,-0.16002930439604182,6.0,-0.3944110136225562,0.2749084250197761,-0.31975897154861044,-0.578089105187777,0.16147121014894295,,,,,,,,,
post-hoc (decided after Task 24's test results were seen),nuScenes,oracle,brake,J,R1_mlp_reg,regression,secdfV,0.1,96.0,0.08097382275911558,0.01575044394724363,6.0,-0.0734154155000423,0.16142035988171943,-0.04147412493934709,-0.22585333066018318,0.10346902200340112,,,,,,,,,
post-hoc (decided after Task 24's test results were seen),nuScenes,oracle,brake,J,R1_mlp_reg,regression,secdfV,0.2,191.0,0.1632157432395685,0.08828892356611856,6.0,-0.11575877429663019,0.3581059677937168,-0.17219719769292058,-0.3039482601659448,0.06704658868780451,,,,,,,,,
post-hoc (decided after Task 24's test results were seen),nuScenes,oracle,brake,J,R1_mlp_reg,regression,secdfV,0.3,286.0,0.4028443262037189,0.15645528055696176,6.0,-0.05657543991962933,0.47709134393087405,-0.0019612406389030723,-0.2536717443293374,0.24522751406723897,,,,,,,,,
post-hoc (decided after Task 24's test results were seen),nuScenes,oracle,brake,J,R1_mlp_reg,regression,secdfV,0.5,478.0,0.4165952122275254,0.173196548338,6.0,-0.09048263471012954,0.6114629083669854,-0.06796822436899286,-0.27158850313897176,0.44340336212287157,,,,,,,,,
post-hoc (decided after Task 24's test results were seen),nuScenes,oracle,brake,J,R1_mlp_reg,regression,Q,0.1,96.0,0.06904139906536935,-0.01192098659251856,6.0,-0.2792343300901515,0.23322262699057703,-0.05340654863309331,-0.41705771365504435,0.22811610736801582,-0.054584561180750446,-0.2843029197509084,0.007376123973356343,-0.011932423693746225,-0.36600374594766094,0.23100523619009028,,,
post-hoc (decided after Task 24's test results were seen),nuScenes,oracle,brake,J,R1_mlp_reg,regression,Q,0.2,191.0,0.16388936429178602,0.012874958242602414,6.0,-0.2551712362606017,0.3389128513338942,-0.17152357664070306,-0.5754174507854226,0.24679654789751898,0.021628032568660388,-0.26766000712779897,0.2422152083302379,0.0006736210522175212,-0.527124722105257,0.31808238534744765,,,
post-hoc (decided after Task 24's test results were seen),nuScenes,oracle,brake,J,R1_mlp_reg,regression,Q,0.3,286.0,0.2506055107350673,0.0488111391726769,6.0,-0.26480827068880486,0.38779964301642544,-0.15420005610755466,-0.5618336680915156,0.31134800731479056,0.10065128967416762,-0.2373694447446667,0.38690733355059387,-0.1522388154686516,-0.5750497617489098,0.3393765026464773,,,
post-hoc (decided after Task 24's test results were seen),nuScenes,oracle,brake,J,R1_mlp_reg,regression,Q,0.5,478.0,0.30809178300902174,-0.05974665516783586,6.0,-0.4171657404519879,0.30177423177646223,-0.1764716535874965,-0.7045081579413331,0.33026335809644786,0.14328731796111394,-0.40615997467525744,0.4546608897883693,-0.10850342921850364,-0.7425628567779454,0.25584761481849755,,,
post-hoc (decided after Task 24's test results were seen),nuScenes,oracle,brake,J,R1_mlp_reg,regression,G,0.1,96.0,0.09311636251757553,0.07043695864865869,6.0,-0.08627126077998995,0.3646342613735869,-0.029331585180887132,-0.2588219286406192,0.342636904612453,-0.030509597728544266,-0.29667430431936,0.3359074751874599,0.012142539758459955,-0.16143604827965502,0.3456496657852175,,,
post-hoc (decided after Task 24's test results were seen),nuScenes,oracle,brake,J,R1_mlp_reg,regression,G,0.2,191.0,0.2877142116372721,0.15945198532031513,6.0,-0.13949695818546526,0.5211958066374702,-0.04769872929521696,-0.42200275880589055,0.45510876806012873,0.1454528799141465,-0.0834121598581061,0.4228498184738653,0.12449846839770362,-0.39921134587666113,0.4841018344456157,,,
post-hoc (decided after Task 24's test results were seen),nuScenes,oracle,brake,J,R1_mlp_reg,regression,G,0.3,286.0,0.23977845418686908,0.1279936262551455,6.0,-0.23343443594386676,0.47125255129092963,-0.1650271126557529,-0.5039234583883786,0.3917419673706498,0.08982423312596938,-0.19382701793783455,0.5288984048959109,-0.16306587201684983,-0.5489877688283618,0.4206223737078996,,,
post-hoc (decided after Task 24's test results were seen),nuScenes,oracle,brake,J,R1_mlp_reg,regression,G,0.5,478.0,0.44925286689763244,0.08572977424565946,6.0,-0.15665966312174687,0.3349547983380235,-0.035310569698885796,-0.551797379922829,0.4404555986993108,0.28444840184972464,-0.19786012297597863,0.5331364551159841,0.03265765467010706,-0.6040635540587846,0.30863570186842054,,,
post-hoc (decided after Task 24's test results were seen),nuScenes,oracle,brake,J,R1_gbm_reg,regression,V,0.1,96.0,0.15171186948559157,0.07351706083069315,6.0,-0.08628969158849528,0.28369403039257574,,,,,,,,,,,,
post-hoc (decided after Task 24's test results were seen),nuScenes,oracle,brake,J,R1_gbm_reg,regression,V,0.2,191.0,0.39445557456843444,0.2106009570019305,6.0,-0.1379546777809199,0.5993093810233519,,,,,,,,,,,,
post-hoc (decided after Task 24's test results were seen),nuScenes,oracle,brake,J,R1_gbm_reg,regression,V,0.3,286.0,0.5074179273500434,0.24665660031397899,6.0,-0.0950047480680627,0.5706958599752042,,,,,,,,,,,,
post-hoc (decided after Task 24's test results were seen),nuScenes,oracle,brake,J,R1_gbm_reg,regression,V,0.5,478.0,0.5790827561992901,0.20940707925014654,6.0,-0.15262942119960887,0.5478922550389983,,,,,,,,,,,,
post-hoc (decided after Task 24's test results were seen),nuScenes,oracle,brake,J,R1_gbm_reg,regression,rankV,0.1,96.0,-0.000938230083154935,-0.06264029500436495,6.0,-0.11368715084482844,0.05940384054849214,-0.1526500995687465,-0.36230024024128266,0.07715445431410259,,,,,,,,,
post-hoc (decided after Task 24's test results were seen),nuScenes,oracle,brake,J,R1_gbm_reg,regression,rankV,0.2,191.0,0.204611207860031,0.05113518823884331,6.0,-0.15652089599104635,0.2586531226164624,-0.18984436670840343,-0.41853398303156597,0.10101552022819464,,,,,,,,,
post-hoc (decided after Task 24's test results were seen),nuScenes,oracle,brake,J,R1_gbm_reg,regression,rankV,0.3,286.0,0.22324657933703682,0.013348836116748029,6.0,-0.20582992841531192,0.2628491706113397,-0.2841713480130066,-0.4379452839384793,0.06946889089378822,,,,,,,,,
post-hoc (decided after Task 24's test results were seen),nuScenes,oracle,brake,J,R1_gbm_reg,regression,rankV,0.5,478.0,0.46478291953062556,0.1221285578817431,6.0,-0.2300496825422093,0.5460328793349808,-0.1142998366686645,-0.41055924068775834,0.3764326721860276,,,,,,,,,
post-hoc (decided after Task 24's test results were seen),nuScenes,oracle,brake,J,R1_gbm_reg,regression,secdfV,0.1,96.0,0.17861784674233594,0.02363852817557244,6.0,-0.08652748287521522,0.2610010803472378,0.026905977256744373,-0.28631541089954293,0.12796440758393166,,,,,,,,,
post-hoc (decided after Task 24's test results were seen),nuScenes,oracle,brake,J,R1_gbm_reg,regression,secdfV,0.2,191.0,0.17965330487799552,0.037497775670632935,6.0,-0.15224604626826438,0.2712078418746204,-0.21480226969043892,-0.3890043535885245,0.048113303583949614,,,,,,,,,
post-hoc (decided after Task 24's test results were seen),nuScenes,oracle,brake,J,R1_gbm_reg,regression,secdfV,0.3,286.0,0.3721692017444092,0.15265283541210564,6.0,-0.2348500689828156,0.550236097034924,-0.13524872560563422,-0.32976357279711366,0.08061474249999247,,,,,,,,,
post-hoc (decided after Task 24's test results were seen),nuScenes,oracle,brake,J,R1_gbm_reg,regression,secdfV,0.5,478.0,0.5217987907438972,0.12101135055782772,6.0,-0.3481828141934124,0.5338425543829711,-0.05728396545539283,-0.42327574975915244,0.25285888087631536,,,,,,,,,
post-hoc (decided after Task 24's test results were seen),nuScenes,oracle,brake,J,R1_gbm_reg,regression,Q,0.1,96.0,0.09219076795654323,0.006169667084496262,6.0,-0.0909438386949781,0.26658789331528565,-0.05952110152904834,-0.33939818956189416,0.2952379345894342,0.09312899803969817,-0.06566540715596117,0.32744512864771935,-0.08642707878579271,-0.29680149999088556,0.28366958540409665,,,
post-hoc (decided after Task 24's test results were seen),nuScenes,oracle,brake,J,R1_gbm_reg,regression,Q,0.2,191.0,0.09373763739897126,-0.003283511590126728,6.0,-0.1690469421937356,0.32998463902270514,-0.30071793716946316,-0.6838482447958497,0.3265165659107788,-0.11087357046105975,-0.3448622209993794,0.316002911337695,-0.08591566747902427,-0.3535573249658613,0.3655940864319586,,,
post-hoc (decided after Task 24's test results were seen),nuScenes,oracle,brake,J,R1_gbm_reg,regression,Q,0.3,286.0,0.29106029055000543,0.09985967716301451,6.0,-0.18635899103532225,0.5447707454100791,-0.216357636800038,-0.7113066619909324,0.49250432578164405,0.06781371121296861,-0.325798282498069,0.5623025602340522,-0.08110891119440378,-0.6731331728103637,0.5976447092661701,,,
post-hoc (decided after Task 24's test results were seen),nuScenes,oracle,brake,J,R1_gbm_reg,regression,Q,0.5,478.0,0.44825240279608247,0.10084247717586213,6.0,-0.15975166116799555,0.5072411392903325,-0.1308303534032076,-0.5004456529199199,0.4136329375233343,-0.016530516734543088,-0.532342764579712,0.4084607604568717,-0.07354638794781476,-0.404489394172984,0.5306593304262031,,,
post-hoc (decided after Task 24's test results were seen),nuScenes,oracle,brake,J,R1_gbm_reg,regression,G,0.1,96.0,0.16355749288040575,0.1554020625441314,6.0,-0.10207055167352713,0.552231112523144,0.011845623394814181,-0.31480194681039453,0.6015874430553901,0.1644957229635607,-0.047955717358569336,0.6100442830534396,-0.015060353861930192,-0.2610741586796924,0.5492920701184034,,,
post-hoc (decided after Task 24's test results were seen),nuScenes,oracle,brake,J,R1_gbm_reg,regression,G,0.2,191.0,0.44892462462480154,0.3104892671775742,6.0,0.045610623615619364,0.5982960078095969,0.054469050056367097,-0.32642827671518343,0.5942486525170038,0.24431341676477053,-0.015588526744141322,0.6286098653197613,0.269271319746806,-0.044291918098790635,0.639648637144124,,,
post-hoc (decided after Task 24's test results were seen),nuScenes,oracle,brake,J,R1_gbm_reg,regression,G,0.3,286.0,0.5740647634759791,0.352952976641862,6.0,0.08152941685984981,0.7182535294089201,0.0666468361259357,-0.29615408793394443,0.5966910815177487,0.3508181841389423,0.017321969045777957,0.7159241868358025,0.20189556173156992,-0.2762447865930062,0.7363615744780118,,,
post-hoc (decided after Task 24's test results were seen),nuScenes,oracle,brake,J,R1_gbm_reg,regression,G,0.5,478.0,0.5932136581570043,0.27478573291004516,6.0,-0.030468236230912164,0.6323423357936448,0.01413090195771427,-0.47640746142298657,0.6081225631934782,0.12843073862637877,-0.4683960658771327,0.739065624085903,0.0714148674131071,-0.5014625828693539,0.8592643570792995,,,
post-hoc (decided after Task 24's test results were seen),nuScenes,oracle,brake,J,R1_mlp_clf,binary,V,0.1,96.0,0.027320160511008187,-0.02551905752299865,6.0,-0.09037159608155042,0.1574295974003761,,,,,,,,,,,,
post-hoc (decided after Task 24's test results were seen),nuScenes,oracle,brake,J,R1_mlp_clf,binary,V,0.2,191.0,0.1958776557537452,0.038142703785713925,6.0,-0.29542524069107046,0.2959752967433371,,,,,,,,,,,,
post-hoc (decided after Task 24's test results were seen),nuScenes,oracle,brake,J,R1_mlp_clf,binary,V,0.3,286.0,0.21451302723075102,-0.0054200344397178565,6.0,-0.33191328932509634,0.2690056686156251,,,,,,,,,,,,
post-hoc (decided after Task 24's test results were seen),nuScenes,oracle,brake,J,R1_mlp_clf,binary,V,0.5,478.0,0.3575488983815698,-0.055641857098083496,6.0,-0.4582122825057543,0.3721384045475795,,,,,,,,,,,,
post-hoc (decided after Task 24's test results were seen),nuScenes,oracle,brake,J,R1_mlp_clf,binary,Q,0.1,96.0,0.1104182959522118,0.04592445086229013,6.0,-0.26064202647768864,0.3289548040421891,0.0830981354412036,-0.2916136359472272,0.3544110329546441,,,,,,,,,
post-hoc (decided after Task 24's test results were seen),nuScenes,oracle,brake,J,R1_mlp_clf,binary,Q,0.2,191.0,0.20485207792436466,0.07425203862195717,6.0,-0.2493278002331373,0.4114470938730346,0.008974422170619473,-0.4982950771056641,0.611876282140258,,,,,,,,,
post-hoc (decided after Task 24's test results were seen),nuScenes,oracle,brake,J,R1_mlp_clf,binary,Q,0.3,286.0,0.27500089419709284,0.06573484309385379,6.0,-0.25889060556965865,0.4222570030227328,0.06048786696634181,-0.49752855118690087,0.7130450352818372,,,,,,,,,
post-hoc (decided after Task 24's test results were seen),nuScenes,oracle,brake,J,R1_mlp_clf,binary,Q,0.5,478.0,0.313571861547412,-0.03323311275063565,6.0,-0.43780761486531533,0.3752550623191058,-0.04397703683415777,-0.7449666408914315,0.7835195806376619,,,,,,,,,
post-hoc (decided after Task 24's test results were seen),nuScenes,oracle,brake,J,R1_mlp_clf,binary,G,0.1,96.0,0.1605609820480543,0.0716661555580543,6.0,-0.13194056369586435,0.4038425684188772,0.1332408215370461,-0.17232377438975865,0.42178679793904555,,,,,,,,,
post-hoc (decided after Task 24's test results were seen),nuScenes,oracle,brake,J,R1_mlp_clf,binary,G,0.2,191.0,0.232019610255825,0.14737371635672017,6.0,-0.12453344984463324,0.5196012804065713,0.0361419545020798,-0.38425079473315565,0.7411646395992415,,,,,,,,,
post-hoc (decided after Task 24's test results were seen),nuScenes,oracle,brake,J,R1_mlp_clf,binary,G,0.3,286.0,0.3271473974432795,0.16344877364750668,6.0,-0.17272576365320244,0.5260451505861562,0.11263437021252845,-0.37915767222530217,0.7939471032383558,,,,,,,,,
post-hoc (decided after Task 24's test results were seen),nuScenes,oracle,brake,J,R1_mlp_clf,binary,G,0.5,478.0,0.6089575252953215,0.2306674629318777,6.0,-0.07550617532590544,0.6159348866582105,0.25140862691375176,-0.30351712940653935,0.9361393040343379,,,,,,,,,
post-hoc (decided after Task 24's test results were seen),nuScenes,oracle,brake,J,R1_gbm_clf,binary,V,0.1,96.0,0.093269104620291,0.02512814719040633,6.0,-0.07742320171044359,0.2637833884441523,,,,,,,,,,,,
post-hoc (decided after Task 24's test results were seen),nuScenes,oracle,brake,J,R1_gbm_clf,binary,V,0.2,191.0,0.24695466232469712,0.08287410474756075,6.0,-0.1365808531732031,0.5170149618486627,,,,,,,,,,,,
post-hoc (decided after Task 24's test results were seen),nuScenes,oracle,brake,J,R1_gbm_clf,binary,V,0.3,286.0,0.4250451923657248,0.19386703399361904,6.0,-0.18031613573733277,0.5863099727758716,,,,,,,,,,,,
post-hoc (decided after Task 24's test results were seen),nuScenes,oracle,brake,J,R1_gbm_clf,binary,V,0.5,478.0,0.700806005545057,0.36349711105782145,6.0,-0.05270147793628356,0.8423544271773196,,,,,,,,,,,,
post-hoc (decided after Task 24's test results were seen),nuScenes,oracle,brake,J,R1_gbm_clf,binary,Q,0.1,96.0,0.09270217926331169,0.04330036058991104,6.0,-0.08896247874388903,0.3283344189762083,-0.000566925356979317,-0.22803128254085223,0.2709063403192485,,,,,,,,,
post-hoc (decided after Task 24's test results were seen),nuScenes,oracle,brake,J,R1_gbm_clf,binary,Q,0.2,191.0,0.26123798095472583,0.1338420679472468,6.0,-0.13825539178101195,0.38661707963367065,0.014283318630028713,-0.34506061618384914,0.3711849995365208,,,,,,,,,
post-hoc (decided after Task 24's test results were seen),nuScenes,oracle,brake,J,R1_gbm_clf,binary,Q,0.3,286.0,0.4495828182947065,0.2280188797330026,6.0,-0.04481388631587281,0.5693117601124477,0.024537625928981677,-0.370900737564298,0.4810295230937924,,,,,,,,,
post-hoc (decided after Task 24's test results were seen),nuScenes,oracle,brake,J,R1_gbm_clf,binary,Q,0.5,478.0,0.49952591511955297,0.1267888323540214,6.0,-0.162406025632486,0.47289658445656085,-0.20128009042550404,-0.85228848888173,0.2527886041574567,,,,,,,,,
post-hoc (decided after Task 24's test results were seen),nuScenes,oracle,brake,J,R1_gbm_clf,binary,G,0.1,96.0,0.18630759472693692,0.1330377272958475,6.0,-0.08060571343910311,0.5185465366001388,0.09303849010664592,-0.17955472040584702,0.4525103034728272,,,,,,,,,
post-hoc (decided after Task 24's test results were seen),nuScenes,oracle,brake,J,R1_gbm_clf,binary,G,0.2,191.0,0.1873430528625965,0.07638386252389835,6.0,-0.1596790215379019,0.4661556482393761,-0.05961160946210062,-0.5498049601876442,0.4289696934006053,,,,,,,,,
post-hoc (decided after Task 24's test results were seen),nuScenes,oracle,brake,J,R1_gbm_clf,binary,G,0.3,286.0,0.23692484942269676,0.07062393428519148,6.0,-0.19831141899063326,0.572580349360639,-0.18812034294302804,-0.6839763388337965,0.4592327123537568,,,,,,,,,
post-hoc (decided after Task 24's test results were seen),nuScenes,oracle,brake,J,R1_gbm_clf,binary,G,0.5,478.0,0.3591462185440149,0.08021209454482012,6.0,-0.28980710419655514,0.5711461344668172,-0.3416597870010421,-0.7606780231508583,0.22847350212483078,,,,,,,,,
post-hoc (decided after Task 24's test results were seen),nuScenes,oracle,plan_ade,JC_ade,R1_mlp_reg,regression,V,0.1,75.0,-0.012594000353492958,-0.011385333352014675,0.0,-0.2023169428634218,0.16072706129783865,,,,,,,,,,,,
post-hoc (decided after Task 24's test results were seen),nuScenes,oracle,plan_ade,JC_ade,R1_mlp_reg,regression,V,0.2,150.0,-0.07867243592753685,-0.06959639057680907,0.0,-0.3271925132297141,0.19923971304096977,,,,,,,,,,,,
post-hoc (decided after Task 24's test results were seen),nuScenes,oracle,plan_ade,JC_ade,R1_mlp_reg,regression,V,0.3,226.0,-0.17668922369122764,-0.14279737951339797,0.0,-0.38433915733772595,0.10765918663829158,,,,,,,,,,,,
post-hoc (decided after Task 24's test results were seen),nuScenes,oracle,plan_ade,JC_ade,R1_mlp_reg,regression,V,0.5,376.0,-0.11926426027116616,-0.11044246280916076,0.0,-0.3009991952800811,0.1048385332203848,,,,,,,,,,,,
post-hoc (decided after Task 24's test results were seen),nuScenes,oracle,plan_ade,JC_ade,R1_mlp_reg,regression,rankV,0.1,75.0,-0.08916128271473835,-0.09728936138888647,0.0,-0.37495008137839786,0.17708947382682833,-0.07656728236124538,-0.3676951737818801,0.14221829787541054,,,,,,,,,
post-hoc (decided after Task 24's test results were seen),nuScenes,oracle,plan_ade,JC_ade,R1_mlp_reg,regression,rankV,0.2,150.0,-0.12498711010656295,-0.1043767510397268,0.0,-0.369946369214974,0.19044724374715208,-0.0463146741790261,-0.23485785192015793,0.21228471733477483,,,,,,,,,
post-hoc (decided after Task 24's test results were seen),nuScenes,oracle,plan_ade,JC_ade,R1_mlp_reg,regression,rankV,0.3,226.0,0.09114847796137203,0.08019799567832743,0.0,-0.10631305107168794,0.2965449286709083,0.2678377016525997,-0.036716642484099095,0.4692596282993539,,,,,,,,,
post-hoc (decided after Task 24's test results were seen),nuScenes,oracle,plan_ade,JC_ade,R1_mlp_reg,regression,rankV,0.5,376.0,0.08052371728900329,0.1056613796309906,0.0,-0.07512781023776498,0.31446864334492153,0.19978797756016944,-0.023423479370801373,0.442910624856894,,,,,,,,,
post-hoc (decided after Task 24's test results were seen),nuScenes,oracle,plan_ade,JC_ade,R1_mlp_reg,regression,secdfV,0.1,75.0,-0.03512244991355259,-0.03878740537915,0.0,-0.26426746823310115,0.13153009933579884,-0.02252844956005963,-0.24887122215317423,0.16050539284038312,,,,,,,,,
post-hoc (decided after Task 24's test results were seen),nuScenes,oracle,plan_ade,JC_ade,R1_mlp_reg,regression,secdfV,0.2,150.0,-0.12221111587354007,-0.0799458079748779,0.0,-0.331002451979038,0.1620999397152734,-0.04353867994600322,-0.25366369042256626,0.23333970491034703,,,,,,,,,
post-hoc (decided after Task 24's test results were seen),nuScenes,oracle,plan_ade,JC_ade,R1_mlp_reg,regression,secdfV,0.3,226.0,0.07113705567029292,0.06354728579547873,0.0,-0.16279653590752285,0.23444020780386607,0.24782627936152057,-0.03396114021091083,0.4303277411559173,,,,,,,,,
post-hoc (decided after Task 24's test results were seen),nuScenes,oracle,plan_ade,JC_ade,R1_mlp_reg,regression,secdfV,0.5,376.0,0.0256510966480249,0.046232618918024826,0.0,-0.10677193387731672,0.22858094785093871,0.14491535691919105,-0.017654512715438466,0.3175286082345609,,,,,,,,,
post-hoc (decided after Task 24's test results were seen),nuScenes,oracle,plan_ade,JC_ade,R1_mlp_reg,regression,Q,0.1,75.0,0.0893825446673101,0.06570783221420022,0.0,-0.05951247085671971,0.17438679865424522,0.10197654502080306,-0.11848874176155466,0.30962127099781483,0.17854382738204844,-0.09390235595712657,0.41327504452998615,0.1245049945808627,-0.08491488557794794,0.32430081037959496,,,
post-hoc (decided after Task 24's test results were seen),nuScenes,oracle,plan_ade,JC_ade,R1_mlp_reg,regression,Q,0.2,150.0,0.06581870781472401,0.04617641679469585,0.0,-0.11309560134256812,0.22582105755874807,0.14449114374226085,-0.1763582099705886,0.34071328817686597,0.19080581792128698,-0.083649361791594,0.3540619942724121,0.1880298236882641,-0.1404762988794885,0.3252536209963135,,,
post-hoc (decided after Task 24's test results were seen),nuScenes,oracle,plan_ade,JC_ade,R1_mlp_reg,regression,Q,0.3,226.0,0.10430775034785973,0.09247567622932004,0.0,-0.08893593470987228,0.2894141133923602,0.28099697403908735,-0.028978543777212703,0.45993334097874944,0.013159272386487703,-0.21915553614753458,0.22845407135670642,0.03317069467756681,-0.19459662258116722,0.24202420960479193,,,
post-hoc (decided after Task 24's test results were seen),nuScenes,oracle,plan_ade,JC_ade,R1_mlp_reg,regression,Q,0.5,376.0,0.05719195576604574,0.06558485228016736,0.0,-0.1566750952921238,0.26052990457786224,0.1764562160372119,-0.0973833554511514,0.4029117318457725,-0.023331761522957545,-0.3199570148580967,0.2261805175833251,0.03154085911802085,-0.24169977839081597,0.25136352860037126,,,
post-hoc (decided after Task 24's test results were seen),nuScenes,oracle,plan_ade,JC_ade,R1_mlp_reg,regression,G,0.1,75.0,0.022784281765856063,0.04512437612571192,0.0,-0.05018205097144952,0.1595953509854458,0.03537828211934902,-0.1328812132018421,0.266202128766351,0.11194556448059441,-0.10551399653281358,0.4060737440389112,0.05790673167940865,-0.11270188287942656,0.2978121695801748,,,
post-hoc (decided after Task 24's test results were seen),nuScenes,oracle,plan_ade,JC_ade,R1_mlp_reg,regression,G,0.2,150.0,0.04484928170145517,0.021066054382853645,0.0,-0.10400349229086957,0.17395429336790905,0.12352171762899203,-0.15015334779375905,0.32001110825726026,0.16983639180801813,-0.11348258381395948,0.352200559375604,0.16706039757499525,-0.18070037895100288,0.36094952997929697,,,
post-hoc (decided after Task 24's test results were seen),nuScenes,oracle,plan_ade,JC_ade,R1_mlp_reg,regression,G,0.3,226.0,-0.009544825903294094,0.0013872741633938496,0.0,-0.13456647168013497,0.16309865008073313,0.16714439778793355,-0.06215370151160031,0.3360163755361139,-0.10069330386466613,-0.25767744352217486,0.10615474810284446,-0.08068188157358702,-0.24089824457923367,0.16898813775146443,,,
post-hoc (decided after Task 24's test results were seen),nuScenes,oracle,plan_ade,JC_ade,R1_mlp_reg,regression,G,0.5,376.0,-0.058621727161607844,-0.05342699257960558,0.0,-0.4287434052680559,0.1951252196139313,0.06064253310955831,-0.3607068275351044,0.3284083436317358,-0.13914544445061114,-0.500305064473505,0.12242923084468414,-0.08427282380963275,-0.5231915860716675,0.18022162894270805,,,
post-hoc (decided after Task 24's test results were seen),nuScenes,oracle,plan_ade,JC_ade,R1_gbm_reg,regression,V,0.1,75.0,-0.11261958935835159,-0.11451470230035617,0.0,-0.199049806844317,-0.04155443641398512,,,,,,,,,,,,
post-hoc (decided after Task 24's test results were seen),nuScenes,oracle,plan_ade,JC_ade,R1_gbm_reg,regression,V,0.2,150.0,-0.08348500647360639,-0.08275299462841118,0.0,-0.18536914741550664,0.01717662779733452,,,,,,,,,,,,
post-hoc (decided after Task 24's test results were seen),nuScenes,oracle,plan_ade,JC_ade,R1_gbm_reg,regression,V,0.3,226.0,-0.17087043458068965,-0.1132756159356403,0.0,-0.36138900104812266,0.05604999444877441,,,,,,,,,,,,
post-hoc (decided after Task 24's test results were seen),nuScenes,oracle,plan_ade,JC_ade,R1_gbm_reg,regression,V,0.5,376.0,-0.11311368626798829,-0.13851799738259712,0.0,-0.3524788156869111,0.023072410416371793,,,,,,,,,,,,
post-hoc (decided after Task 24's test results were seen),nuScenes,oracle,plan_ade,JC_ade,R1_gbm_reg,regression,rankV,0.1,75.0,-0.018090413558735037,-0.017118811885588146,0.0,-0.12234167555447975,0.11974943547954105,0.09452917579961656,-0.0271270579343712,0.23901372772095883,,,,,,,,,
post-hoc (decided after Task 24's test results were seen),nuScenes,oracle,plan_ade,JC_ade,R1_gbm_reg,regression,rankV,0.2,150.0,0.08938180742930187,0.06960059345529658,0.0,-0.11356744944921779,0.31233701486876253,0.17286681390290826,-0.04078788942877313,0.4455536793005157,,,,,,,,,
post-hoc (decided after Task 24's test results were seen),nuScenes,oracle,plan_ade,JC_ade,R1_gbm_reg,regression,rankV,0.3,226.0,0.13878964459683898,0.14748067385673538,0.0,-0.06314882611619768,0.41390595453192625,0.30966007917752864,-0.03865100041553556,0.643548206370376,,,,,,,,,
post-hoc (decided after Task 24's test results were seen),nuScenes,oracle,plan_ade,JC_ade,R1_gbm_reg,regression,rankV,0.5,376.0,0.12881231168943844,0.15144539681426872,0.0,-0.08995899420602174,0.4473820204245856,0.24192599795742672,-0.025052015028979736,0.7427690549344945,,,,,,,,,
post-hoc (decided after Task 24's test results were seen),nuScenes,oracle,plan_ade,JC_ade,R1_gbm_reg,regression,secdfV,0.1,75.0,-0.028476718770685777,-0.002332823158492977,0.0,-0.09363667194703756,0.1028173267511989,0.08414287058766581,-0.0017007861229126637,0.2497391314976874,,,,,,,,,
post-hoc (decided after Task 24's test results were seen),nuScenes,oracle,plan_ade,JC_ade,R1_gbm_reg,regression,secdfV,0.2,150.0,0.009021241889219551,0.0012418797179748122,0.0,-0.11080091303681662,0.09864736328728582,0.09250624836282595,-0.03594725131082312,0.2138078768604867,,,,,,,,,
post-hoc (decided after Task 24's test results were seen),nuScenes,oracle,plan_ade,JC_ade,R1_gbm_reg,regression,secdfV,0.3,226.0,-0.03987664561924733,-0.0141867592762697,0.0,-0.1747237831714245,0.12336042859026515,0.13099378896144231,-0.12778841300277113,0.4284556595097068,,,,,,,,,
post-hoc (decided after Task 24's test results were seen),nuScenes,oracle,plan_ade,JC_ade,R1_gbm_reg,regression,secdfV,0.5,376.0,-0.06765851079301613,-0.05220626118678326,0.0,-0.2612194203376781,0.1601269099676093,0.04545517547497216,-0.09608626080873432,0.29254285647415756,,,,,,,,,
post-hoc (decided after Task 24's test results were seen),nuScenes,oracle,plan_ade,JC_ade,R1_gbm_reg,regression,Q,0.1,75.0,0.06839887222219554,0.07002255776288649,0.0,-0.01964962444690632,0.15910051760218188,0.18101846158054713,0.08118893018334744,0.3084570147731855,0.08648928578093057,-0.06352844039513936,0.2016260554878411,0.09687559099288132,-0.05732803488021613,0.19816296699404878,,,
post-hoc (decided after Task 24's test results were seen),nuScenes,oracle,plan_ade,JC_ade,R1_gbm_reg,regression,Q,0.2,150.0,0.07326329305150288,0.08339771188155255,0.0,-0.03251221974725802,0.20300684023963572,0.15674829952510927,0.04315081551764413,0.3007451249071637,-0.016118514377798987,-0.26330984971556487,0.21770879637605797,0.06424205116228332,-0.061812140607307595,0.22814819725432905,,,
post-hoc (decided after Task 24's test results were seen),nuScenes,oracle,plan_ade,JC_ade,R1_gbm_reg,regression,Q,0.3,226.0,0.10895540064157765,0.12300298969562323,0.0,-0.015314831884512234,0.2834030882174371,0.2798258352222673,0.03677839868832737,0.5245090750877933,-0.02983424395526134,-0.32162249412897387,0.23559967459458436,0.14883204626082497,-0.01173758528522271,0.2961816121739824,,,
post-hoc (decided after Task 24's test results were seen),nuScenes,oracle,plan_ade,JC_ade,R1_gbm_reg,regression,Q,0.5,376.0,0.16660181801217275,0.18063381539474166,0.0,-0.028679190551313682,0.37120443950857035,0.279715504280161,0.05039425034549784,0.5460929972273977,0.03778950632273431,-0.38096028293771317,0.3787441828682812,0.23426032880518888,-0.08905510930875495,0.46278264074350883,,,
post-hoc (decided after Task 24's test results were seen),nuScenes,oracle,plan_ade,JC_ade,R1_gbm_reg,regression,G,0.1,75.0,0.10890565968201497,0.06936104332496502,0.0,-0.08714007236543894,0.2947605341699569,0.22152524904036658,0.007018861352259188,0.4221315118273463,0.12699607324075002,-0.14389575116457023,0.35590923596696866,0.13738237845270074,-0.12327255101185211,0.3062212574240317,,,
post-hoc (decided after Task 24's test results were seen),nuScenes,oracle,plan_ade,JC_ade,R1_gbm_reg,regression,G,0.2,150.0,0.1930890426615759,0.15960405679622075,0.0,-0.03061200882184849,0.38553016959203257,0.2765740491351823,0.014471290122673076,0.4618081479062677,0.10370723523227403,-0.24062298668658907,0.41803694513302087,0.18406780077235635,-0.03311072487303922,0.36556483715657395,,,
post-hoc (decided after Task 24's test results were seen),nuScenes,oracle,plan_ade,JC_ade,R1_gbm_reg,regression,G,0.3,226.0,0.1692547365655882,0.15138828627559228,0.0,-0.07744741840297631,0.390339946935138,0.3401251711462778,-0.0051830188684435785,0.5486512119591168,0.03046509196874922,-0.404560970243051,0.36485999222580096,0.20913138218483554,-0.08329091455549067,0.40323740642896544,,,
post-hoc (decided after Task 24's test results were seen),nuScenes,oracle,plan_ade,JC_ade,R1_gbm_reg,regression,G,0.5,376.0,0.04708532714414483,0.04942462072889345,0.0,-0.30795159155060353,0.3818447279235689,0.1601990134121331,-0.15868829706313145,0.4839222369646447,-0.0817269845452936,-0.6871391713564708,0.38089694640650346,0.11474383793716096,-0.17490538524840765,0.3861775416250758,,,
post-hoc (decided after Task 24's test results were seen),nuScenes,oracle,plan_ade,JC_ade,R1_mlp_clf,binary,V,0.1,75.0,-0.06952820996079574,-0.0714279030722613,0.0,-0.1527217356418948,0.003610464398353409,,,,,,,,,,,,
post-hoc (decided after Task 24's test results were seen),nuScenes,oracle,plan_ade,JC_ade,R1_mlp_clf,binary,V,0.2,150.0,-0.07391448789488352,-0.06205159402996313,0.0,-0.2140488699242977,0.16361960785213567,,,,,,,,,,,,
post-hoc (decided after Task 24's test results were seen),nuScenes,oracle,plan_ade,JC_ade,R1_mlp_clf,binary,V,0.3,226.0,0.09220658945288547,0.08703527829712547,0.0,-0.14458213234146586,0.36195516231121116,,,,,,,,,,,,
post-hoc (decided after Task 24's test results were seen),nuScenes,oracle,plan_ade,JC_ade,R1_mlp_clf,binary,V,0.5,376.0,0.12386537931883569,0.13766710730946052,0.0,-0.09946722406269697,0.4354575539870929,,,,,,,,,,,,
post-hoc (decided after Task 24's test results were seen),nuScenes,oracle,plan_ade,JC_ade,R1_mlp_clf,binary,Q,0.1,75.0,-0.01826067909399805,-0.013782207388362227,0.0,-0.13696168638011702,0.14062506814215459,0.051267530866797695,-0.10176406500293707,0.24958507699012078,,,,,,,,,
post-hoc (decided after Task 24's test results were seen),nuScenes,oracle,plan_ade,JC_ade,R1_mlp_clf,binary,Q,0.2,150.0,0.05517004811601218,0.09542318664019209,0.0,-0.06038242778977904,0.2852744073149201,0.1290845360108957,-0.04416720633508577,0.3548798205266359,,,,,,,,,
post-hoc (decided after Task 24's test results were seen),nuScenes,oracle,plan_ade,JC_ade,R1_mlp_clf,binary,Q,0.3,226.0,0.19365270904175044,0.18936942318663677,0.0,0.015098342342140249,0.3554237146611601,0.10144611958886497,-0.28253753745524285,0.40963942304057577,,,,,,,,,
post-hoc (decided after Task 24's test results were seen),nuScenes,oracle,plan_ade,JC_ade,R1_mlp_clf,binary,Q,0.5,376.0,0.12274888588133193,0.1375356055603214,0.0,-0.022955505987023384,0.27993883766606315,-0.0011164934375037655,-0.3714153942807507,0.29127710153574315,,,,,,,,,
post-hoc (decided after Task 24's test results were seen),nuScenes,oracle,plan_ade,JC_ade,R1_mlp_clf,binary,G,0.1,75.0,-0.2125344005000679,-0.2047686616930185,0.0,-0.3063629047508348,-0.052239114098456045,-0.14300619053927216,-0.25666676217190765,0.037876184049234735,,,,,,,,,
post-hoc (decided after Task 24's test results were seen),nuScenes,oracle,plan_ade,JC_ade,R1_mlp_clf,binary,G,0.2,150.0,-0.21500503237895893,-0.1980980164984933,0.0,-0.3595241409380915,-0.03368372953742191,-0.14109054448407543,-0.3907961800659172,0.10227873785812547,,,,,,,,,
post-hoc (decided after Task 24's test results were seen),nuScenes,oracle,plan_ade,JC_ade,R1_mlp_clf,binary,G,0.3,226.0,-0.21484310869508774,-0.19535510023603558,0.0,-0.39362979645644613,0.06861760869549498,-0.3070496981479732,-0.6711274250041827,0.06738712785571914,,,,,,,,,
post-hoc (decided after Task 24's test results were seen),nuScenes,oracle,plan_ade,JC_ade,R1_mlp_clf,binary,G,0.5,376.0,-0.16858746513114534,-0.16099448038956607,0.0,-0.5345449661961985,0.13955671940755915,-0.29245284444998104,-0.8661931744159552,0.12330337408712172,,,,,,,,,
post-hoc (decided after Task 24's test results were seen),nuScenes,oracle,plan_ade,JC_ade,R1_gbm_clf,binary,V,0.1,75.0,-0.02881496074662096,-0.015590276983105777,0.0,-0.14915534572511352,0.1431056645482278,,,,,,,,,,,,
post-hoc (decided after Task 24's test results were seen),nuScenes,oracle,plan_ade,JC_ade,R1_gbm_clf,binary,V,0.2,150.0,0.031370783877119605,-0.030822047998506078,0.0,-0.29342562824026525,0.16976573425481473,,,,,,,,,,,,
post-hoc (decided after Task 24's test results were seen),nuScenes,oracle,plan_ade,JC_ade,R1_gbm_clf,binary,V,0.3,226.0,-0.0660281631283882,-0.06285275312420315,0.0,-0.31455667830867273,0.17904888031658994,,,,,,,,,,,,
post-hoc (decided after Task 24's test results were seen),nuScenes,oracle,plan_ade,JC_ade,R1_gbm_clf,binary,V,0.5,376.0,-0.03697542699215782,-0.029959159201876737,0.0,-0.3580883578963966,0.2780213197034175,,,,,,,,,,,,
post-hoc (decided after Task 24's test results were seen),nuScenes,oracle,plan_ade,JC_ade,R1_gbm_clf,binary,Q,0.1,75.0,0.06473490796435565,0.06873953128941741,0.0,-0.036720798332414185,0.189682195407031,0.0935498687109766,-0.08381415827099158,0.24305634002530102,,,,,,,,,
post-hoc (decided after Task 24's test results were seen),nuScenes,oracle,plan_ade,JC_ade,R1_gbm_clf,binary,Q,0.2,150.0,0.09748875871917027,0.07797496642881396,0.0,-0.0843914508771657,0.23115524025188697,0.06611797484205068,-0.0986303926147236,0.3591801636103643,,,,,,,,,
post-hoc (decided after Task 24's test results were seen),nuScenes,oracle,plan_ade,JC_ade,R1_gbm_clf,binary,Q,0.3,226.0,-0.0030683417290654547,0.009672774984968822,0.0,-0.13365084585583958,0.18804716952269995,0.06295982139932275,-0.1882477781975888,0.3490174132020294,,,,,,,,,
post-hoc (decided after Task 24's test results were seen),nuScenes,oracle,plan_ade,JC_ade,R1_gbm_clf,binary,Q,0.5,376.0,-0.08466467251987736,-0.03863858784659887,0.0,-0.33490814759781307,0.17390100557062416,-0.04768924552771954,-0.21870528638338851,0.26829590083605437,,,,,,,,,
post-hoc (decided after Task 24's test results were seen),nuScenes,oracle,plan_ade,JC_ade,R1_gbm_clf,binary,G,0.1,75.0,0.06361277953873745,0.05202912142686944,0.0,-0.03518989434525734,0.1613433402403355,0.09242774028535841,-0.05974647379569197,0.19293451396269748,,,,,,,,,
post-hoc (decided after Task 24's test results were seen),nuScenes,oracle,plan_ade,JC_ade,R1_gbm_clf,binary,G,0.2,150.0,0.03170921957976271,0.02286227244512458,0.0,-0.0845684543695037,0.14394172965189206,0.00033843570264310147,-0.13247083575803484,0.31884177594232344,,,,,,,,,
post-hoc (decided after Task 24's test results were seen),nuScenes,oracle,plan_ade,JC_ade,R1_gbm_clf,binary,G,0.3,226.0,0.06035201209069543,0.06409991541893888,0.0,-0.14141732370329477,0.2753541501335768,0.12638017521908362,-0.1422893042432564,0.4035262379015655,,,,,,,,,
post-hoc (decided after Task 24's test results were seen),nuScenes,oracle,plan_ade,JC_ade,R1_gbm_clf,binary,G,0.5,376.0,0.026084031067251434,0.08530990216984195,0.0,-0.29200923647513166,0.37238017450078,0.06305945805940925,-0.10619042797589152,0.3971788713986503,,,,,,,,,
post-hoc (decided after Task 24's test results were seen),nuScenes,oracle,plan_fde,JC_fde,R1_mlp_reg,regression,V,0.1,75.0,0.07267983790388434,0.02497532397875552,0.0,-0.06416452235113232,0.12447512198822833,,,,,,,,,,,,
post-hoc (decided after Task 24's test results were seen),nuScenes,oracle,plan_fde,JC_fde,R1_mlp_reg,regression,V,0.2,150.0,0.036766717039598974,-0.030373101068280704,0.0,-0.17234872358084757,0.11594300340239753,,,,,,,,,,,,
post-hoc (decided after Task 24's test results were seen),nuScenes,oracle,plan_fde,JC_fde,R1_mlp_reg,regression,V,0.3,226.0,0.11473647675225888,0.0032843337636902165,0.0,-0.16601954939306043,0.17146648207418752,,,,,,,,,,,,
post-hoc (decided after Task 24's test results were seen),nuScenes,oracle,plan_fde,JC_fde,R1_mlp_reg,regression,V,0.5,376.0,0.13417540227546623,-0.026096621533602787,0.0,-0.25220581092414596,0.2243940201268434,,,,,,,,,,,,
post-hoc (decided after Task 24's test results were seen),nuScenes,oracle,plan_fde,JC_fde,R1_mlp_reg,regression,rankV,0.1,75.0,0.15739855188004723,0.11768208332627071,0.0,-0.020159691416141944,0.2585089556318267,0.08471871397616289,-0.038946060436622,0.2450047239545308,,,,,,,,,
post-hoc (decided after Task 24's test results were seen),nuScenes,oracle,plan_fde,JC_fde,R1_mlp_reg,regression,rankV,0.2,150.0,0.19881843409811883,0.11248858205074218,0.0,-0.07685404809844369,0.2703869398863538,0.16205171705851987,-0.05245977041407284,0.3280242110723444,,,,,,,,,
post-hoc (decided after Task 24's test results were seen),nuScenes,oracle,plan_fde,JC_fde,R1_mlp_reg,regression,rankV,0.3,226.0,0.21033141376125933,0.11125978398824313,0.0,-0.10189019880041716,0.2947507513817216,0.09559493700900044,-0.09823080076959564,0.3020702984781253,,,,,,,,,
post-hoc (decided after Task 24's test results were seen),nuScenes,oracle,plan_fde,JC_fde,R1_mlp_reg,regression,rankV,0.5,376.0,0.21996191020312647,0.07124826697416103,0.0,-0.1990367271081533,0.3518084441134298,0.08578650792766024,-0.29429997574684946,0.48828645133443704,,,,,,,,,
post-hoc (decided after Task 24's test results were seen),nuScenes,oracle,plan_fde,JC_fde,R1_mlp_reg,regression,secdfV,0.1,75.0,-0.04793282878318287,-0.010266396740611741,0.0,-0.27545072293689077,0.20041237043799282,-0.12061266668706722,-0.3274769019652269,0.20507881477541512,,,,,,,,,
post-hoc (decided after Task 24's test results were seen),nuScenes,oracle,plan_fde,JC_fde,R1_mlp_reg,regression,secdfV,0.2,150.0,0.015507650892583293,-0.03838988018490946,0.0,-0.33201076006256736,0.18292262405898638,-0.02125906614701568,-0.283481330444317,0.24615913972162004,,,,,,,,,
post-hoc (decided after Task 24's test results were seen),nuScenes,oracle,plan_fde,JC_fde,R1_mlp_reg,regression,secdfV,0.3,226.0,0.06698765086414354,-0.034932703397276915,0.0,-0.36012222535223454,0.25010412394285103,-0.04774882588811534,-0.3967982453630808,0.25747511178912363,,,,,,,,,
post-hoc (decided after Task 24's test results were seen),nuScenes,oracle,plan_fde,JC_fde,R1_mlp_reg,regression,secdfV,0.5,376.0,0.2069778437712366,0.060593554637818264,0.0,-0.2701243465888239,0.30706554781805473,0.07280244149577036,-0.30227598707603687,0.4070365032050985,,,,,,,,,
post-hoc (decided after Task 24's test results were seen),nuScenes,oracle,plan_fde,JC_fde,R1_mlp_reg,regression,Q,0.1,75.0,0.1367119731231992,0.09080594051057657,0.0,-0.055442243967254945,0.21602026974709182,0.06403213521931485,-0.060989221487836254,0.19741141008186297,-0.02068657875684804,-0.2147073731087112,0.14685907185879887,0.18464480190638205,-0.12572002415704278,0.3792729793058548,,,
post-hoc (decided after Task 24's test results were seen),nuScenes,oracle,plan_fde,JC_fde,R1_mlp_reg,regression,Q,0.2,150.0,0.1241076271564277,0.03938950915559695,0.0,-0.14671023071915984,0.22740654033459298,0.08734091011682873,-0.10762388074590808,0.23094050981702785,-0.07471080694169113,-0.27039330779002635,0.13598238157454776,0.1085999762638444,-0.1274063718468476,0.29808609475522335,,,
post-hoc (decided after Task 24's test results were seen),nuScenes,oracle,plan_fde,JC_fde,R1_mlp_reg,regression,Q,0.3,226.0,0.16719869949248564,0.07110602324879267,0.0,-0.1447923982995695,0.3046256236047673,0.05246222274022676,-0.1567556365433077,0.2838911515625967,-0.043132714268773686,-0.3137909441711014,0.2825549215570233,0.1002110486283421,-0.10615038027525944,0.3305133182975453,,,
post-hoc (decided after Task 24's test results were seen),nuScenes,oracle,plan_fde,JC_fde,R1_mlp_reg,regression,Q,0.5,376.0,0.14696844998046346,0.01492569784449813,0.0,-0.2168285255871041,0.2415529522951449,0.012793047704997229,-0.1884931431668462,0.2765878526294866,-0.07299346022266301,-0.39265932339628634,0.25215302199639966,-0.060009393790773136,-0.3971517987425866,0.3342088438243182,,,
post-hoc (decided after Task 24's test results were seen),nuScenes,oracle,plan_fde,JC_fde,R1_mlp_reg,regression,G,0.1,75.0,0.06523893340528027,0.06075534169259125,0.0,-0.024835004728602648,0.19648850408897134,-0.007440904498604073,-0.0962550501823212,0.22787616369476552,-0.09215961847476696,-0.22961438637725343,0.1498961784500486,0.11317176218846314,-0.1442565988082405,0.37269408373767726,,,
post-hoc (decided after Task 24's test results were seen),nuScenes,oracle,plan_fde,JC_fde,R1_mlp_reg,regression,G,0.2,150.0,0.19839071154487073,0.11113841322418147,0.0,-0.024024774066178048,0.2511443122037602,0.16162399450527176,-0.06022725408388577,0.35967244155376216,-0.0004277225532481055,-0.1822973595725265,0.17180480313605948,0.18288306065228743,-0.06620254055766639,0.4347856213489072,,,
post-hoc (decided after Task 24's test results were seen),nuScenes,oracle,plan_fde,JC_fde,R1_mlp_reg,regression,G,0.3,226.0,0.17404788865535864,0.09067274941553828,0.0,-0.04487411872845766,0.25733864771033327,0.059311411903099756,-0.10050640935849767,0.3169553783733012,-0.03628352510590069,-0.1896130564626349,0.22942241739300032,0.1070602377912151,-0.10893899293267052,0.41075029431701776,,,
post-hoc (decided after Task 24's test results were seen),nuScenes,oracle,plan_fde,JC_fde,R1_mlp_reg,regression,G,0.5,376.0,0.22205707703306654,0.1087102218532047,0.0,-0.2239596556431793,0.36268553237886353,0.08788167475760031,-0.19118191686423275,0.43204536639981655,0.0020951668299400705,-0.39598588467411017,0.4658882653585692,0.015079233261829944,-0.24686916048342006,0.42609409529190173,,,
post-hoc (decided after Task 24's test results were seen),nuScenes,oracle,plan_fde,JC_fde,R1_gbm_reg,regression,V,0.1,75.0,-0.0039883128803981285,-0.021909948352187777,0.0,-0.12331306633438294,0.0981274149563333,,,,,,,,,,,,
post-hoc (decided after Task 24's test results were seen),nuScenes,oracle,plan_fde,JC_fde,R1_gbm_reg,regression,V,0.2,150.0,-0.09308908145973095,-0.137721169776506,0.0,-0.3993442465893599,0.04001246861641182,,,,,,,,,,,,
post-hoc (decided after Task 24's test results were seen),nuScenes,oracle,plan_fde,JC_fde,R1_gbm_reg,regression,V,0.3,226.0,-0.08452799021485752,-0.16876602972369853,0.0,-0.44695943660951537,0.07713753825993452,,,,,,,,,,,,
post-hoc (decided after Task 24's test results were seen),nuScenes,oracle,plan_fde,JC_fde,R1_gbm_reg,regression,V,0.5,376.0,-0.022988671235518066,-0.15154338597213177,0.0,-0.39639634647789856,0.11277837820654771,,,,,,,,,,,,
post-hoc (decided after Task 24's test results were seen),nuScenes,oracle,plan_fde,JC_fde,R1_gbm_reg,regression,rankV,0.1,75.0,0.039588109705253484,0.027439514556679635,0.0,-0.06676011766103845,0.14928666478531416,0.043576422585651614,-0.11785302081836296,0.21042139648591737,,,,,,,,,
post-hoc (decided after Task 24's test results were seen),nuScenes,oracle,plan_fde,JC_fde,R1_gbm_reg,regression,rankV,0.2,150.0,0.12269432966036395,0.08737369496914427,0.0,-0.09991888657034084,0.2875707828732436,0.21578341112009491,-0.058892513339269044,0.5871729766097623,,,,,,,,,
post-hoc (decided after Task 24's test results were seen),nuScenes,oracle,plan_fde,JC_fde,R1_gbm_reg,regression,rankV,0.3,226.0,0.17879390608996468,0.11160716548882588,0.0,-0.09151077187750561,0.3456914624384043,0.26332189630482217,-0.028448388929342316,0.7388320398356106,,,,,,,,,
post-hoc (decided after Task 24's test results were seen),nuScenes,oracle,plan_fde,JC_fde,R1_gbm_reg,regression,rankV,0.5,376.0,0.2564867453315233,0.10887163162354978,0.0,-0.16474191359663262,0.4090158013582585,0.2794754165670414,-0.17479767415584035,0.7147629061693378,,,,,,,,,
post-hoc (decided after Task 24's test results were seen),nuScenes,oracle,plan_fde,JC_fde,R1_gbm_reg,regression,secdfV,0.1,75.0,0.09510387622849825,0.05601749534811741,0.0,-0.08838564197387809,0.22715017405771645,0.09909218910889638,-0.08869044771958125,0.24613828359614082,,,,,,,,,
post-hoc (decided after Task 24's test results were seen),nuScenes,oracle,plan_fde,JC_fde,R1_gbm_reg,regression,secdfV,0.2,150.0,0.104263130346175,0.03928245203366072,0.0,-0.09776245827814763,0.20308887362105618,0.19735221180590595,-0.0325125638320279,0.47234877231737704,,,,,,,,,
post-hoc (decided after Task 24's test results were seen),nuScenes,oracle,plan_fde,JC_fde,R1_gbm_reg,regression,secdfV,0.3,226.0,0.05157399995728885,-0.009477052333141028,0.0,-0.1751188994389183,0.1684520237009925,0.13610199017214636,-0.08704852859497923,0.4990935634276994,,,,,,,,,
post-hoc (decided after Task 24's test results were seen),nuScenes,oracle,plan_fde,JC_fde,R1_gbm_reg,regression,secdfV,0.5,376.0,0.14894047522505435,0.04751935411322357,0.0,-0.17673684588274663,0.34800409951754496,0.17192914646057242,-0.10359860455136448,0.6014427584566951,,,,,,,,,
post-hoc (decided after Task 24's test results were seen),nuScenes,oracle,plan_fde,JC_fde,R1_gbm_reg,regression,Q,0.1,75.0,0.10272332397973066,0.06637238229082827,0.0,-0.01999918686769275,0.15009758611731966,0.10671163686012879,-0.04540011532675864,0.20293131601787442,0.06313521427447719,-0.09458192358327994,0.14869351886459586,0.007619447751232411,-0.1521062521408777,0.15803143921282348,,,
post-hoc (decided after Task 24's test results were seen),nuScenes,oracle,plan_fde,JC_fde,R1_gbm_reg,regression,Q,0.2,150.0,0.16792451793227645,0.10495785490034486,0.0,-0.05359549914290528,0.2676153321739929,0.2610135993920074,-0.0019699746338511484,0.5640455712524972,0.0452301882719125,-0.20489964773524605,0.24267553869702824,0.06366138758610144,-0.12485775021350458,0.24036501566272628,,,
post-hoc (decided after Task 24's test results were seen),nuScenes,oracle,plan_fde,JC_fde,R1_gbm_reg,regression,Q,0.3,226.0,0.2475774770448898,0.14719733992651826,0.0,-0.04774559009559752,0.39688715058334906,0.3321054672597473,-0.005371068478252703,0.6716289411344976,0.06878357095492513,-0.20121429917849376,0.3219766418857936,0.19600347708760096,-0.05904295290880994,0.44935987197834787,,,
post-hoc (decided after Task 24's test results were seen),nuScenes,oracle,plan_fde,JC_fde,R1_gbm_reg,regression,Q,0.5,376.0,0.41346554130951807,0.2668800697958683,0.0,0.04208414397359242,0.44705575311592205,0.43645421254503614,0.050589438232962115,0.7094599700800813,0.15697879597799475,-0.27727263873875896,0.5107516475069065,0.2645250660844637,-0.24935058633922993,0.5804146152224045,,,
post-hoc (decided after Task 24's test results were seen),nuScenes,oracle,plan_fde,JC_fde,R1_gbm_reg,regression,G,0.1,75.0,0.12605709035004284,0.09700836129242388,0.0,-0.0581105132176606,0.2855301471600064,0.13004540323044098,-0.07792002584737161,0.32627717908949655,0.08646898064478936,-0.1341142985113134,0.29499698744617153,0.030953214121544587,-0.22930348112176016,0.29764850024162315,,,
post-hoc (decided after Task 24's test results were seen),nuScenes,oracle,plan_fde,JC_fde,R1_gbm_reg,regression,G,0.2,150.0,0.3223229566613929,0.23940454371073303,0.0,-0.003020089303824888,0.5187701562129156,0.4154120381211238,0.057680923450885095,0.7789630792708145,0.19962862700102893,-0.1756690421968362,0.5001874903894485,0.21805982631521786,-0.10752563179452333,0.49498890508927895,,,
post-hoc (decided after Task 24's test results were seen),nuScenes,oracle,plan_fde,JC_fde,R1_gbm_reg,regression,G,0.3,226.0,0.325058144147945,0.2274341937496673,0.0,-0.04264655997762373,0.5061099818297504,0.4095861343628025,0.0020683560951253225,0.762871189591717,0.1462642380579803,-0.23047592221086968,0.4395928754502667,0.27348414419065614,-0.08717938145711263,0.5859979711189335,,,
post-hoc (decided after Task 24's test results were seen),nuScenes,oracle,plan_fde,JC_fde,R1_gbm_reg,regression,G,0.5,376.0,0.2764318858349019,0.12383451823115954,0.0,-0.23789575720087144,0.4531344184394813,0.29942055707042,-0.024772344123415117,0.5856316398967482,0.01994514050337859,-0.4944804784842912,0.4610610770782599,0.12749141060984756,-0.42516063971082585,0.48870174022430535,,,
post-hoc (decided after Task 24's test results were seen),nuScenes,oracle,plan_fde,JC_fde,R1_mlp_clf,binary,V,0.1,75.0,-0.042341238301168004,-0.07284469302493053,0.0,-0.19219727903066636,0.04077978052830135,,,,,,,,,,,,
post-hoc (decided after Task 24's test results were seen),nuScenes,oracle,plan_fde,JC_fde,R1_mlp_clf,binary,V,0.2,150.0,-0.04735201316023637,-0.10228120061526703,0.0,-0.21853410085594016,0.0408102735785663,,,,,,,,,,,,
post-hoc (decided after Task 24's test results were seen),nuScenes,oracle,plan_fde,JC_fde,R1_mlp_clf,binary,V,0.3,226.0,-0.08304459415173075,-0.1595037522964908,0.0,-0.303190931195899,0.05063607702105359,,,,,,,,,,,,
post-hoc (decided after Task 24's test results were seen),nuScenes,oracle,plan_fde,JC_fde,R1_mlp_clf,binary,V,0.5,376.0,-0.016724703653004415,-0.1518126101983285,0.0,-0.3706670607935321,0.09556551948545428,,,,,,,,,,,,
post-hoc (decided after Task 24's test results were seen),nuScenes,oracle,plan_fde,JC_fde,R1_mlp_clf,binary,Q,0.1,75.0,0.060120591508725216,0.030122117061653332,0.0,-0.07149317503246638,0.21740786080869975,0.10246182980989321,-0.0647898374992489,0.3129982439298721,,,,,,,,,
post-hoc (decided after Task 24's test results were seen),nuScenes,oracle,plan_fde,JC_fde,R1_mlp_clf,binary,Q,0.2,150.0,0.185229890017672,0.13982856579928732,0.0,-0.060532153083443625,0.35555081222867685,0.2325819031779084,-0.03157269221003195,0.4816443478842772,,,,,,,,,
post-hoc (decided after Task 24's test results were seen),nuScenes,oracle,plan_fde,JC_fde,R1_mlp_clf,binary,Q,0.3,226.0,0.32432833667999217,0.22254387233274858,0.0,-0.027208089948259895,0.46277687021371827,0.40737293083172293,0.01660611763999173,0.6794167205526778,,,,,,,,,
post-hoc (decided after Task 24's test results were seen),nuScenes,oracle,plan_fde,JC_fde,R1_mlp_clf,binary,Q,0.5,376.0,0.4241859696034065,0.26834714939302023,0.0,0.06998123294389187,0.43533763783468793,0.4409106732564109,0.06608033359910578,0.717600915354113,,,,,,,,,
post-hoc (decided after Task 24's test results were seen),nuScenes,oracle,plan_fde,JC_fde,R1_mlp_clf,binary,G,0.1,75.0,-0.0934793596221223,-0.1251467013763216,0.0,-0.21558546917929813,0.0010221020908894112,-0.05113812132095429,-0.19281395134742127,0.11398601981471893,,,,,,,,,
post-hoc (decided after Task 24's test results were seen),nuScenes,oracle,plan_fde,JC_fde,R1_mlp_clf,binary,G,0.2,150.0,-0.08661319710191179,-0.10835050599971834,0.0,-0.29974039303325195,0.09306631562482696,-0.039261183941675416,-0.288305092863927,0.2234611216745842,,,,,,,,,
post-hoc (decided after Task 24's test results were seen),nuScenes,oracle,plan_fde,JC_fde,R1_mlp_clf,binary,G,0.3,226.0,0.011994967832435371,-0.07974284189353165,0.0,-0.31280786597613236,0.17492708830444478,0.09503956198416612,-0.28163572714775786,0.3775596264354965,,,,,,,,,
post-hoc (decided after Task 24's test results were seen),nuScenes,oracle,plan_fde,JC_fde,R1_mlp_clf,binary,G,0.5,376.0,0.1342944996893602,-0.029086280993063377,0.0,-0.3786093303651083,0.2802759530399797,0.1510192033423646,-0.4258403718151744,0.5912261555077405,,,,,,,,,
post-hoc (decided after Task 24's test results were seen),nuScenes,oracle,plan_fde,JC_fde,R1_gbm_clf,binary,V,0.1,75.0,-0.017443552585882666,-0.006920927486165967,0.0,-0.1346808441976166,0.12421236754012908,,,,,,,,,,,,
post-hoc (decided after Task 24's test results were seen),nuScenes,oracle,plan_fde,JC_fde,R1_gbm_clf,binary,V,0.2,150.0,0.06495945197443771,-0.03851360851855241,0.0,-0.33711605404990413,0.2240502874917202,,,,,,,,,,,,
post-hoc (decided after Task 24's test results were seen),nuScenes,oracle,plan_fde,JC_fde,R1_gbm_clf,binary,V,0.3,226.0,0.046591408739189585,-0.024208020327219658,0.0,-0.3379670949789975,0.2567898983965261,,,,,,,,,,,,
post-hoc (decided after Task 24's test results were seen),nuScenes,oracle,plan_fde,JC_fde,R1_gbm_clf,binary,V,0.5,376.0,0.1282777718760875,-0.019883027522498722,0.0,-0.322632231081735,0.27387470527263724,,,,,,,,,,,,
post-hoc (decided after Task 24's test results were seen),nuScenes,oracle,plan_fde,JC_fde,R1_gbm_clf,binary,Q,0.1,75.0,0.08294192649831156,0.06229048207055842,0.0,-0.05230255664713601,0.18021009426768358,0.10038547908419422,-0.09239877597428299,0.24357880710320848,,,,,,,,,
post-hoc (decided after Task 24's test results were seen),nuScenes,oracle,plan_fde,JC_fde,R1_gbm_clf,binary,Q,0.2,150.0,0.17407669649526064,0.10216899019465593,0.0,-0.03558075544806657,0.28451962988857216,0.10911724452082293,-0.11360901511659369,0.42806057896721744,,,,,,,,,
post-hoc (decided after Task 24's test results were seen),nuScenes,oracle,plan_fde,JC_fde,R1_gbm_clf,binary,Q,0.3,226.0,0.13039508774543146,0.0614345053061484,0.0,-0.07757527737761112,0.22843837183957294,0.08380367900624187,-0.16302309952518523,0.405181770297801,,,,,,,,,
post-hoc (decided after Task 24's test results were seen),nuScenes,oracle,plan_fde,JC_fde,R1_gbm_clf,binary,Q,0.5,376.0,0.11671915939100778,0.015408737317056637,0.0,-0.27314671408402436,0.27324983968788286,-0.011558612485079708,-0.20535034222652304,0.3263960450910252,,,,,,,,,
post-hoc (decided after Task 24's test results were seen),nuScenes,oracle,plan_fde,JC_fde,R1_gbm_clf,binary,G,0.1,75.0,0.08015088269606799,0.043452971246288385,0.0,-0.03007327936997003,0.15748184033582652,0.09759443528195065,-0.10568843143925383,0.2494351060438879,,,,,,,,,
post-hoc (decided after Task 24's test results were seen),nuScenes,oracle,plan_fde,JC_fde,R1_gbm_clf,binary,G,0.2,150.0,0.12195889836018378,0.05973418854507884,0.0,-0.04719810410955444,0.19495939620248912,0.05699944638574607,-0.14503920418696228,0.40639824760104526,,,,,,,,,
post-hoc (decided after Task 24's test results were seen),nuScenes,oracle,plan_fde,JC_fde,R1_gbm_clf,binary,G,0.3,226.0,0.27221425601738886,0.13314504303348143,0.0,-0.06908442254438386,0.39406599762200595,0.22562284727819926,-0.13587187726023017,0.4491597720645605,,,,,,,,,
post-hoc (decided after Task 24's test results were seen),nuScenes,oracle,plan_fde,JC_fde,R1_gbm_clf,binary,G,0.5,376.0,0.2637254285215498,0.16261967559639226,0.0,-0.19468695369839695,0.4589049610240555,0.1354476566454623,-0.14398935997992185,0.5111106658240068,,,,,,,,,
post-hoc (decided after Task 24's test results were seen),pooled,,,,R1_mlp_reg,regression,rankV,0.1,,,,,,,-0.08243630586923548,-0.15430166587224275,-0.002883245782607494,,,,,,,V,10.0,mean over the ten core cells of the paired difference; interval from the draw-wise mean (each cell on its own routers_r1 draws)
post-hoc (decided after Task 24's test results were seen),pooled,,,,R1_mlp_reg,regression,rankV,0.2,,,,,,,-0.12652267809269804,-0.19846681729001497,-0.014377421371491882,,,,,,,V,10.0,mean over the ten core cells of the paired difference; interval from the draw-wise mean (each cell on its own routers_r1 draws)
post-hoc (decided after Task 24's test results were seen),pooled,,,,R1_mlp_reg,regression,rankV,0.3,,,,,,,-0.13930598368019584,-0.2081360006369397,0.007873329416868755,,,,,,,V,10.0,mean over the ten core cells of the paired difference; interval from the draw-wise mean (each cell on its own routers_r1 draws)
post-hoc (decided after Task 24's test results were seen),pooled,,,,R1_mlp_reg,regression,rankV,0.5,,,,,,,-0.10247518835002736,-0.19844523357652497,0.03833521195484669,,,,,,,V,10.0,mean over the ten core cells of the paired difference; interval from the draw-wise mean (each cell on its own routers_r1 draws)
post-hoc (decided after Task 24's test results were seen),pooled,,,,R1_mlp_reg,regression,secdfV,0.1,,,,,,,-0.0560878995123833,-0.10860523759674448,0.016249962696838757,,,,,,,V,10.0,mean over the ten core cells of the paired difference; interval from the draw-wise mean (each cell on its own routers_r1 draws)
post-hoc (decided after Task 24's test results were seen),pooled,,,,R1_mlp_reg,regression,secdfV,0.2,,,,,,,-0.07574720367763792,-0.1404645995460853,0.020460891745103703,,,,,,,V,10.0,mean over the ten core cells of the paired difference; interval from the draw-wise mean (each cell on its own routers_r1 draws)
post-hoc (decided after Task 24's test results were seen),pooled,,,,R1_mlp_reg,regression,secdfV,0.3,,,,,,,-0.02655882867325864,-0.09835791298799056,0.06924986459483211,,,,,,,V,10.0,mean over the ten core cells of the paired difference; interval from the draw-wise mean (each cell on its own routers_r1 draws)
post-hoc (decided after Task 24's test results were seen),pooled,,,,R1_mlp_reg,regression,secdfV,0.5,,,,,,,0.03720227850928577,-0.034648974539341584,0.12266229028061396,,,,,,,V,10.0,mean over the ten core cells of the paired difference; interval from the draw-wise mean (each cell on its own routers_r1 draws)
post-hoc (decided after Task 24's test results were seen),pooled,,,,R1_mlp_reg,regression,Q,0.1,,,,,,,-0.07605608052402638,-0.15270219578484193,1.0246761907052209e-07,,,,,,,V,10.0,mean over the ten core cells of the paired difference; interval from the draw-wise mean (each cell on its own routers_r1 draws)
post-hoc (decided after Task 24's test results were seen),pooled,,,,R1_mlp_reg,regression,Q,0.1,,,,,,,,,,0.006380225345209109,-0.058116394533084426,0.05487322132353165,,,,rankV,10.0,mean over the ten core cells of the paired difference; interval from the draw-wise mean (each cell on its own routers_r1 draws)
post-hoc (decided after Task 24's test results were seen),pooled,,,,R1_mlp_reg,regression,Q,0.1,,,,,,,,,,,,,-0.019968181011643066,-0.08802312967064649,0.027930754560961654,secdfV,10.0,mean over the ten core cells of the paired difference; interval from the draw-wise mean (each cell on its own routers_r1 draws)
post-hoc (decided after Task 24's test results were seen),pooled,,,,R1_mlp_reg,regression,Q,0.2,,,,,,,-0.13497770462644024,-0.22639230556839832,-0.02207251492600974,,,,,,,V,10.0,mean over the ten core cells of the paired difference; interval from the draw-wise mean (each cell on its own routers_r1 draws)
post-hoc (decided after Task 24's test results were seen),pooled,,,,R1_mlp_reg,regression,Q,0.2,,,,,,,,,,-0.008455026533742239,-0.10076205284033929,0.05392873377296559,,,,rankV,10.0,mean over the ten core cells of the paired difference; interval from the draw-wise mean (each cell on its own routers_r1 draws)
post-hoc (decided after Task 24's test results were seen),pooled,,,,R1_mlp_reg,regression,Q,0.2,,,,,,,,,,,,,-0.05923050094880235,-0.15666851205703528,0.019679909916731034,secdfV,10.0,mean over the ten core cells of the paired difference; interval from the draw-wise mean (each cell on its own routers_r1 draws)
post-hoc (decided after Task 24's test results were seen),pooled,,,,R1_mlp_reg,regression,Q,0.3,,,,,,,-0.12253931561213431,-0.2287610374672505,0.007864810559664526,,,,,,,V,10.0,mean over the ten core cells of the paired difference; interval from the draw-wise mean (each cell on its own routers_r1 draws)
post-hoc (decided after Task 24's test results were seen),pooled,,,,R1_mlp_reg,regression,Q,0.3,,,,,,,,,,0.0167666680680615,-0.11031976854301197,0.08792403189617444,,,,rankV,10.0,mean over the ten core cells of the paired difference; interval from the draw-wise mean (each cell on its own routers_r1 draws)
post-hoc (decided after Task 24's test results were seen),pooled,,,,R1_mlp_reg,regression,Q,0.3,,,,,,,,,,,,,-0.0959804869388757,-0.19287758305426145,0.0024342090701361184,secdfV,10.0,mean over the ten core cells of the paired difference; interval from the draw-wise mean (each cell on its own routers_r1 draws)
post-hoc (decided after Task 24's test results were seen),pooled,,,,R1_mlp_reg,regression,Q,0.5,,,,,,,-0.11410998924901672,-0.2231402506002298,0.008779047109412963,,,,,,,V,10.0,mean over the ten core cells of the paired difference; interval from the draw-wise mean (each cell on its own routers_r1 draws)
post-hoc (decided after Task 24's test results were seen),pooled,,,,R1_mlp_reg,regression,Q,0.5,,,,,,,,,,-0.01163480089898937,-0.13752353668280587,0.09028040512139049,,,,rankV,10.0,mean over the ten core cells of the paired difference; interval from the draw-wise mean (each cell on its own routers_r1 draws)
post-hoc (decided after Task 24's test results were seen),pooled,,,,R1_mlp_reg,regression,Q,0.5,,,,,,,,,,,,,-0.15131226775830248,-0.2629451438955695,-0.04944124458794401,secdfV,10.0,mean over the ten core cells of the paired difference; interval from the draw-wise mean (each cell on its own routers_r1 draws)
post-hoc (decided after Task 24's test results were seen),pooled,,,,R1_mlp_reg,regression,G,0.1,,,,,,,-0.06292780053876064,-0.12029442368721209,0.029364774343414345,,,,,,,V,10.0,mean over the ten core cells of the paired difference; interval from the draw-wise mean (each cell on its own routers_r1 draws)
post-hoc (decided after Task 24's test results were seen),pooled,,,,R1_mlp_reg,regression,G,0.1,,,,,,,,,,0.019508505330474834,-0.03408329384766787,0.09684228396409425,,,,rankV,10.0,mean over the ten core cells of the paired difference; interval from the draw-wise mean (each cell on its own routers_r1 draws)
post-hoc (decided after Task 24's test results were seen),pooled,,,,R1_mlp_reg,regression,G,0.1,,,,,,,,,,,,,-0.00683990102637734,-0.062137190275464785,0.06463445093887178,secdfV,10.0,mean over the ten core cells of the paired difference; interval from the draw-wise mean (each cell on its own routers_r1 draws)
post-hoc (decided after Task 24's test results were seen),pooled,,,,R1_mlp_reg,regression,G,0.2,,,,,,,-0.02686212385279496,-0.11792438165918609,0.07145600339844362,,,,,,,V,10.0,mean over the ten core cells of the paired difference; interval from the draw-wise mean (each cell on its own routers_r1 draws)
post-hoc (decided after Task 24's test results were seen),pooled,,,,R1_mlp_reg,regression,G,0.2,,,,,,,,,,0.09966055423990305,0.001509919861079076,0.18123434965274382,,,,rankV,10.0,mean over the ten core cells of the paired difference; interval from the draw-wise mean (each cell on its own routers_r1 draws)
post-hoc (decided after Task 24's test results were seen),pooled,,,,R1_mlp_reg,regression,G,0.2,,,,,,,,,,,,,0.048885079824842956,-0.05847690668376916,0.1317970771913849,secdfV,10.0,mean over the ten core cells of the paired difference; interval from the draw-wise mean (each cell on its own routers_r1 draws)
post-hoc (decided after Task 24's test results were seen),pooled,,,,R1_mlp_reg,regression,G,0.3,,,,,,,-0.06553448096709182,-0.1310540334504946,0.06720882739538488,,,,,,,V,10.0,mean over the ten core cells of the paired difference; interval from the draw-wise mean (each cell on its own routers_r1 draws)
post-hoc (decided after Task 24's test results were seen),pooled,,,,R1_mlp_reg,regression,G,0.3,,,,,,,,,,0.073771502713104,-0.04234564533414649,0.18606183935999843,,,,rankV,10.0,mean over the ten core cells of the paired difference; interval from the draw-wise mean (each cell on its own routers_r1 draws)
post-hoc (decided after Task 24's test results were seen),pooled,,,,R1_mlp_reg,regression,G,0.3,,,,,,,,,,,,,-0.038975652293833166,-0.12337215792898694,0.07781187665217085,secdfV,10.0,mean over the ten core cells of the paired difference; interval from the draw-wise mean (each cell on its own routers_r1 draws)
post-hoc (decided after Task 24's test results were seen),pooled,,,,R1_mlp_reg,regression,G,0.5,,,,,,,-0.04727490853710348,-0.14577310469304208,0.08999140274220126,,,,,,,V,10.0,mean over the ten core cells of the paired difference; interval from the draw-wise mean (each cell on its own routers_r1 draws)
post-hoc (decided after Task 24's test results were seen),pooled,,,,R1_mlp_reg,regression,G,0.5,,,,,,,,,,0.05520027981292387,-0.04467080334600347,0.16671021336137748,,,,rankV,10.0,mean over the ten core cells of the paired difference; interval from the draw-wise mean (each cell on its own routers_r1 draws)
post-hoc (decided after Task 24's test results were seen),pooled,,,,R1_mlp_reg,regression,G,0.5,,,,,,,,,,,,,-0.08447718704638926,-0.18057439322686872,0.03375842304068924,secdfV,10.0,mean over the ten core cells of the paired difference; interval from the draw-wise mean (each cell on its own routers_r1 draws)
post-hoc (decided after Task 24's test results were seen),pooled,,,,R1_gbm_reg,regression,rankV,0.1,,,,,,,-0.02799855614415272,-0.11577895314630517,0.0819167653158955,,,,,,,V,10.0,mean over the ten core cells of the paired difference; interval from the draw-wise mean (each cell on its own routers_r1 draws)
post-hoc (decided after Task 24's test results were seen),pooled,,,,R1_gbm_reg,regression,rankV,0.2,,,,,,,-0.0285775215502588,-0.12325008178152301,0.10346567081668834,,,,,,,V,10.0,mean over the ten core cells of the paired difference; interval from the draw-wise mean (each cell on its own routers_r1 draws)
post-hoc (decided after Task 24's test results were seen),pooled,,,,R1_gbm_reg,regression,rankV,0.3,,,,,,,-0.0024142361080670416,-0.11275794502048854,0.11701360668261687,,,,,,,V,10.0,mean over the ten core cells of the paired difference; interval from the draw-wise mean (each cell on its own routers_r1 draws)
post-hoc (decided after Task 24's test results were seen),pooled,,,,R1_gbm_reg,regression,rankV,0.5,,,,,,,-0.0028062257247861546,-0.11802540100374544,0.11912867453754833,,,,,,,V,10.0,mean over the ten core cells of the paired difference; interval from the draw-wise mean (each cell on its own routers_r1 draws)
post-hoc (decided after Task 24's test results were seen),pooled,,,,R1_gbm_reg,regression,secdfV,0.1,,,,,,,0.06286014375427836,-0.020964692477937096,0.11444698855674604,,,,,,,V,10.0,mean over the ten core cells of the paired difference; interval from the draw-wise mean (each cell on its own routers_r1 draws)
post-hoc (decided after Task 24's test results were seen),pooled,,,,R1_gbm_reg,regression,secdfV,0.2,,,,,,,0.022627294298780264,-0.032916230344054505,0.11395148618780265,,,,,,,V,10.0,mean over the ten core cells of the paired difference; interval from the draw-wise mean (each cell on its own routers_r1 draws)
post-hoc (decided after Task 24's test results were seen),pooled,,,,R1_gbm_reg,regression,secdfV,0.3,,,,,,,0.04757051300747732,-0.0418861083772212,0.1094875034556951,,,,,,,V,10.0,mean over the ten core cells of the paired difference; interval from the draw-wise mean (each cell on its own routers_r1 draws)
post-hoc (decided after Task 24's test results were seen),pooled,,,,R1_gbm_reg,regression,secdfV,0.5,,,,,,,0.03580332375338154,-0.036530406633309226,0.10409349798300323,,,,,,,V,10.0,mean over the ten core cells of the paired difference; interval from the draw-wise mean (each cell on its own routers_r1 draws)
post-hoc (decided after Task 24's test results were seen),pooled,,,,R1_gbm_reg,regression,Q,0.1,,,,,,,0.04332283158556908,-0.05597849035537449,0.09837579942811567,,,,,,,V,10.0,mean over the ten core cells of the paired difference; interval from the draw-wise mean (each cell on its own routers_r1 draws)
post-hoc (decided after Task 24's test results were seen),pooled,,,,R1_gbm_reg,regression,Q,0.1,,,,,,,,,,0.07132138772972181,-0.06375291269939916,0.1267600469567122,,,,rankV,10.0,mean over the ten core cells of the paired difference; interval from the draw-wise mean (each cell on its own routers_r1 draws)
post-hoc (decided after Task 24's test results were seen),pooled,,,,R1_gbm_reg,regression,Q,0.1,,,,,,,,,,,,,-0.019537312168709273,-0.1108529954660136,0.044652613126186604,secdfV,10.0,mean over the ten core cells of the paired difference; interval from the draw-wise mean (each cell on its own routers_r1 draws)
post-hoc (decided after Task 24's test results were seen),pooled,,,,R1_gbm_reg,regression,Q,0.2,,,,,,,-0.025217588534043524,-0.11554064413370208,0.1055814975795897,,,,,,,V,10.0,mean over the ten core cells of the paired difference; interval from the draw-wise mean (each cell on its own routers_r1 draws)
post-hoc (decided after Task 24's test results were seen),pooled,,,,R1_gbm_reg,regression,Q,0.2,,,,,,,,,,0.0033599330162152703,-0.13689268173567018,0.12372827794826854,,,,rankV,10.0,mean over the ten core cells of the paired difference; interval from the draw-wise mean (each cell on its own routers_r1 draws)
post-hoc (decided after Task 24's test results were seen),pooled,,,,R1_gbm_reg,regression,Q,0.2,,,,,,,,,,,,,-0.047844882832823794,-0.15055577495363548,0.045180498054531476,secdfV,10.0,mean over the ten core cells of the paired difference; interval from the draw-wise mean (each cell on its own routers_r1 draws)
post-hoc (decided after Task 24's test results were seen),pooled,,,,R1_gbm_reg,regression,Q,0.3,,,,,,,7.437593124633435e-05,-0.11687931603392628,0.13488448998533492,,,,,,,V,10.0,mean over the ten core cells of the paired difference; interval from the draw-wise mean (each cell on its own routers_r1 draws)
post-hoc (decided after Task 24's test results were seen),pooled,,,,R1_gbm_reg,regression,Q,0.3,,,,,,,,,,0.0024886120393133745,-0.13741118885811976,0.14665981393183497,,,,rankV,10.0,mean over the ten core cells of the paired difference; interval from the draw-wise mean (each cell on its own routers_r1 draws)
post-hoc (decided after Task 24's test results were seen),pooled,,,,R1_gbm_reg,regression,Q,0.3,,,,,,,,,,,,,-0.04749613707623099,-0.14901670272918746,0.08883335852721476,secdfV,10.0,mean over the ten core cells of the paired difference; interval from the draw-wise mean (each cell on its own routers_r1 draws)
post-hoc (decided after Task 24's test results were seen),pooled,,,,R1_gbm_reg,regression,Q,0.5,,,,,,,0.04810399398941305,-0.0404444897710365,0.15800184610764473,,,,,,,V,10.0,mean over the ten core cells of the paired difference; interval from the draw-wise mean (each cell on its own routers_r1 draws)
post-hoc (decided after Task 24's test results were seen),pooled,,,,R1_gbm_reg,regression,Q,0.5,,,,,,,,,,0.05091021971419921,-0.07247251160203437,0.2042654136294194,,,,rankV,10.0,mean over the ten core cells of the paired difference; interval from the draw-wise mean (each cell on its own routers_r1 draws)
post-hoc (decided after Task 24's test results were seen),pooled,,,,R1_gbm_reg,regression,Q,0.5,,,,,,,,,,,,,0.012300670236031508,-0.07006186105309228,0.13197626499299983,secdfV,10.0,mean over the ten core cells of the paired difference; interval from the draw-wise mean (each cell on its own routers_r1 draws)
post-hoc (decided after Task 24's test results were seen),pooled,,,,R1_gbm_reg,regression,G,0.1,,,,,,,0.06398960238949129,-0.011261434116213252,0.1644657341303009,,,,,,,V,10.0,mean over the ten core cells of the paired difference; interval from the draw-wise mean (each cell on its own routers_r1 draws)
post-hoc (decided after Task 24's test results were seen),pooled,,,,R1_gbm_reg,regression,G,0.1,,,,,,,,,,0.09198815853364402,-0.011393044446607355,0.18196899670510883,,,,rankV,10.0,mean over the ten core cells of the paired difference; interval from the draw-wise mean (each cell on its own routers_r1 draws)
post-hoc (decided after Task 24's test results were seen),pooled,,,,R1_gbm_reg,regression,G,0.1,,,,,,,,,,,,,0.0011294586352129515,-0.05873566448863277,0.10609581909540533,secdfV,10.0,mean over the ten core cells of the paired difference; interval from the draw-wise mean (each cell on its own routers_r1 draws)
post-hoc (decided after Task 24's test results were seen),pooled,,,,R1_gbm_reg,regression,G,0.2,,,,,,,0.08783823421582512,-0.017625226015309414,0.2052055678909065,,,,,,,V,10.0,mean over the ten core cells of the paired difference; interval from the draw-wise mean (each cell on its own routers_r1 draws)
post-hoc (decided after Task 24's test results were seen),pooled,,,,R1_gbm_reg,regression,G,0.2,,,,,,,,,,0.11641575576608394,0.0054644713575518625,0.21496051230674162,,,,rankV,10.0,mean over the ten core cells of the paired difference; interval from the draw-wise mean (each cell on its own routers_r1 draws)
post-hoc (decided after Task 24's test results were seen),pooled,,,,R1_gbm_reg,regression,G,0.2,,,,,,,,,,,,,0.06521093991704487,-0.040729673648542256,0.14787898356256618,secdfV,10.0,mean over the ten core cells of the paired difference; interval from the draw-wise mean (each cell on its own routers_r1 draws)
post-hoc (decided after Task 24's test results were seen),pooled,,,,R1_gbm_reg,regression,G,0.3,,,,,,,0.07208918828834772,-0.04533295956426437,0.1926080655749989,,,,,,,V,10.0,mean over the ten core cells of the paired difference; interval from the draw-wise mean (each cell on its own routers_r1 draws)
post-hoc (decided after Task 24's test results were seen),pooled,,,,R1_gbm_reg,regression,G,0.3,,,,,,,,,,0.07450342439641475,-0.0346279045190271,0.1850486244867145,,,,rankV,10.0,mean over the ten core cells of the paired difference; interval from the draw-wise mean (each cell on its own routers_r1 draws)
post-hoc (decided after Task 24's test results were seen),pooled,,,,R1_gbm_reg,regression,G,0.3,,,,,,,,,,,,,0.024518675280870393,-0.06656023576719357,0.14016045774797203,secdfV,10.0,mean over the ten core cells of the paired difference; interval from the draw-wise mean (each cell on its own routers_r1 draws)
post-hoc (decided after Task 24's test results were seen),pooled,,,,R1_gbm_reg,regression,G,0.5,,,,,,,-0.007820801965669755,-0.10547295554425798,0.15461361373021676,,,,,,,V,10.0,mean over the ten core cells of the paired difference; interval from the draw-wise mean (each cell on its own routers_r1 draws)
post-hoc (decided after Task 24's test results were seen),pooled,,,,R1_gbm_reg,regression,G,0.5,,,,,,,,,,-0.005014576240883596,-0.11637348095322993,0.13959684221475252,,,,rankV,10.0,mean over the ten core cells of the paired difference; interval from the draw-wise mean (each cell on its own routers_r1 draws)
post-hoc (decided after Task 24's test results were seen),pooled,,,,R1_gbm_reg,regression,G,0.5,,,,,,,,,,,,,-0.04362412571905131,-0.13699080586433035,0.11888757424634087,secdfV,10.0,mean over the ten core cells of the paired difference; interval from the draw-wise mean (each cell on its own routers_r1 draws)
post-hoc (decided after Task 24's test results were seen),pooled,,,,R1_mlp_clf,binary,Q,0.1,,,,,,,-0.04339803974537984,-0.11188726395158607,0.04292972691971869,,,,,,,V,10.0,mean over the ten core cells of the paired difference; interval from the draw-wise mean (each cell on its own routers_r1 draws)
post-hoc (decided after Task 24's test results were seen),pooled,,,,R1_mlp_clf,binary,Q,0.2,,,,,,,-0.05117392823763487,-0.14007792276497263,0.09205017265084565,,,,,,,V,10.0,mean over the ten core cells of the paired difference; interval from the draw-wise mean (each cell on its own routers_r1 draws)
post-hoc (decided after Task 24's test results were seen),pooled,,,,R1_mlp_clf,binary,Q,0.3,,,,,,,-0.07602049464944922,-0.16209937822131174,0.11786644294422588,,,,,,,V,10.0,mean over the ten core cells of the paired difference; interval from the draw-wise mean (each cell on its own routers_r1 draws)
post-hoc (decided after Task 24's test results were seen),pooled,,,,R1_mlp_clf,binary,Q,0.5,,,,,,,-0.05902379440606935,-0.1723837297369655,0.10703542357228907,,,,,,,V,10.0,mean over the ten core cells of the paired difference; interval from the draw-wise mean (each cell on its own routers_r1 draws)
post-hoc (decided after Task 24's test results were seen),pooled,,,,R1_mlp_clf,binary,G,0.1,,,,,,,-0.07161877854679854,-0.13442399945049216,0.016747305627420547,,,,,,,V,10.0,mean over the ten core cells of the paired difference; interval from the draw-wise mean (each cell on its own routers_r1 draws)
post-hoc (decided after Task 24's test results were seen),pooled,,,,R1_mlp_clf,binary,G,0.2,,,,,,,-0.08585124349815434,-0.1722048539188758,0.06301391574282479,,,,,,,V,10.0,mean over the ten core cells of the paired difference; interval from the draw-wise mean (each cell on its own routers_r1 draws)
post-hoc (decided after Task 24's test results were seen),pooled,,,,R1_mlp_clf,binary,G,0.3,,,,,,,-0.10665422787796816,-0.19078307153210325,0.07351301874599758,,,,,,,V,10.0,mean over the ten core cells of the paired difference; interval from the draw-wise mean (each cell on its own routers_r1 draws)
post-hoc (decided after Task 24's test results were seen),pooled,,,,R1_mlp_clf,binary,G,0.5,,,,,,,-0.0007596690378643717,-0.12482862108589142,0.15864873520312486,,,,,,,V,10.0,mean over the ten core cells of the paired difference; interval from the draw-wise mean (each cell on its own routers_r1 draws)
post-hoc (decided after Task 24's test results were seen),pooled,,,,R1_gbm_clf,binary,Q,0.1,,,,,,,0.03276840597956839,-0.0529882023284397,0.09144938655049005,,,,,,,V,10.0,mean over the ten core cells of the paired difference; interval from the draw-wise mean (each cell on its own routers_r1 draws)
post-hoc (decided after Task 24's test results were seen),pooled,,,,R1_gbm_clf,binary,Q,0.2,,,,,,,0.023962385873763502,-0.046432076224136386,0.12006117343030921,,,,,,,V,10.0,mean over the ten core cells of the paired difference; interval from the draw-wise mean (each cell on its own routers_r1 draws)
post-hoc (decided after Task 24's test results were seen),pooled,,,,R1_gbm_clf,binary,Q,0.3,,,,,,,-0.0025881416059471696,-0.07506712147359768,0.12714584724049094,,,,,,,V,10.0,mean over the ten core cells of the paired difference; interval from the draw-wise mean (each cell on its own routers_r1 draws)
post-hoc (decided after Task 24's test results were seen),pooled,,,,R1_gbm_clf,binary,Q,0.5,,,,,,,0.0026558768642295006,-0.10419089371888356,0.10171059612170841,,,,,,,V,10.0,mean over the ten core cells of the paired difference; interval from the draw-wise mean (each cell on its own routers_r1 draws)
post-hoc (decided after Task 24's test results were seen),pooled,,,,R1_gbm_clf,binary,G,0.1,,,,,,,0.01154147051771125,-0.0810949949926443,0.08464880937286616,,,,,,,V,10.0,mean over the ten core cells of the paired difference; interval from the draw-wise mean (each cell on its own routers_r1 draws)
post-hoc (decided after Task 24's test results were seen),pooled,,,,R1_gbm_clf,binary,G,0.2,,,,,,,-0.07836724661278224,-0.15033933960543694,0.06305270779196319,,,,,,,V,10.0,mean over the ten core cells of the paired difference; interval from the draw-wise mean (each cell on its own routers_r1 draws)
post-hoc (decided after Task 24's test results were seen),pooled,,,,R1_gbm_clf,binary,G,0.3,,,,,,,-0.11435661355605617,-0.18618132300702542,0.058753007342060626,,,,,,,V,10.0,mean over the ten core cells of the paired difference; interval from the draw-wise mean (each cell on its own routers_r1 draws)
post-hoc (decided after Task 24's test results were seen),pooled,,,,R1_gbm_clf,binary,G,0.5,,,,,,,-0.09705729178509499,-0.17004599647524482,0.04883283187169738,,,,,,,V,10.0,mean over the ten core cells of the paired difference; interval from the draw-wise mean (each cell on its own routers_r1 draws)
