seq,frame,v_ego_centred,v_ego_causal,first_frame,window_s
scene-0001,0,4.185805227049072,0.0,1,0.0
scene-0001,1,4.0489097154868325,4.185805227049072,0,0.5004398822784424
scene-0001,2,3.9510177979398384,3.9435651424005957,0,0.5003969669342041
scene-0001,3,4.143351137199047,3.9947074971983723,0,0.4998931884765625
scene-0001,4,4.409654017443625,4.334348365169951,0,0.4998598098754883
scene-0001,5,4.76306363341256,4.512770328924981,0,0.5999641418457031
scene-0001,6,5.268861438326121,5.0829339299354634,0,0.5004329681396484
scene-0001,7,5.566015968232049,5.504158102767997,0,0.39980387687683105
scene-0001,8,5.750219046338321,5.615560889915852,0,0.49930310249328613
scene-0001,9,5.923101487919342,5.884721950920771,0,0.49988293647766113
scene-0001,10,5.917453222095678,5.961543908853863,0,0.4993290901184082
scene-0001,11,5.7766630691766565,5.873411230233075,0,0.4998779296875
scene-0001,12,5.510901938436685,5.679912863022665,0,0.49986696243286133
scene-0001,13,5.292337232779927,5.341896598309294,0,0.4998760223388672
scene-0001,14,5.088948848819359,5.237231357326795,0,0.4495570659637451
scene-0001,15,4.76015264431697,4.955813606558458,0,0.5004410743713379
scene-0001,16,4.433443530750675,4.564670578818576,0,0.4998819828033447
scene-0001,17,4.177801800811923,4.314923479790568,0,0.5496358871459961
scene-0001,18,4.050524903961098,4.052866375082783,0,0.6005129814147949
scene-0001,19,4.098413295697814,4.048852641386939,0,0.500420093536377
scene-0001,20,4.2767885596831805,4.14863698395939,0,0.4998769760131836
scene-0001,21,4.5296615838059395,4.405066488890359,0,0.49987292289733887
scene-0001,22,4.752152362170575,4.654114115274698,0,0.500446081161499
scene-0001,23,5.034939689689771,4.85069288131423,0,0.5004351139068604
scene-0001,24,5.410807221120031,5.220549733438337,0,0.4998629093170166
scene-0001,25,5.714282126248377,5.603330678236262,0,0.4993159770965576
scene-0001,26,5.97293295381455,5.827115211464865,0,0.4998788833618164
scene-0001,27,6.1736843645981585,6.118875138472752,0,0.5012290477752686
scene-0001,28,6.304921961766192,6.228695278790724,0,0.4996299743652344
scene-0001,29,6.412024086433321,6.381161970056994,0,0.4998741149902344
scene-0001,30,6.386506567046127,6.44287424380997,0,0.5004599094390869
scene-0001,31,6.339722956933591,6.330095591942399,0,0.49984312057495117
scene-0001,32,6.41757303341886,6.3494101424940235,0,0.4993319511413574
scene-0001,33,6.503756430175411,6.485722602254787,0,0.500446081161499
scene-0001,34,6.451208701241703,6.522038063669755,0,0.49986886978149414
scene-0001,35,6.298243136289266,6.363368081615459,0,0.4003310203552246
scene-0001,36,6.223818569170246,6.247165936433605,0,0.4998660087585449
scene-0001,37,6.187094121239744,6.200886379161321,0,0.49988794326782227
scene-0001,38,6.241148863092184,6.1733475807256655,0,0.49987101554870605
scene-0001,39,6.3092843624331865,6.3092843624331865,0,0.4998660087585449
scene-0002,0,2.7994870111505823,0.0,1,0.0
scene-0002,1,2.9282826753664755,2.7994870111505823,0,0.4998760223388672
scene-0002,2,3.18200874114018,3.0588589491502645,0,0.4998760223388672
scene-0002,3,3.331582285859043,3.3083557715045204,0,0.49932193756103516
scene-0002,4,3.2364976808831343,3.358749099511478,0,0.5004620552062988
scene-0002,5,3.1229217629068073,3.1404824918130374,0,0.6004719734191895
scene-0002,6,3.0431252822502635,3.1147238718221857,0,0.4998781681060791
scene-0002,7,2.9807936712611975,2.984412853226311,0,0.49988484382629395
scene-0002,8,3.1835257825545105,2.9937716560963272,0,0.4993140697479248
scene-0002,9,3.624712422540142,3.440125001882281,0,0.4003419876098633
scene-0002,10,3.9178878286210526,3.794674623512295,0,0.4998779296875
scene-0002,11,4.320664866488153,4.073049709806549,0,0.5009841918945312
scene-0002,12,4.890524926765415,4.589649444081335,0,0.5004239082336426
scene-0002,13,5.518276113336595,5.230926065822015,0,0.45066404342651367
scene-0002,14,6.045833130783915,5.75435216659766,0,0.550217866897583
scene-0002,15,6.679318168006145,6.367033451693846,0,0.499312162399292
scene-0002,16,7.29560571956055,6.990925179647401,0,0.5004239082336426
scene-0002,17,7.584908772514662,7.6009800204526865,0,0.49931907653808594
scene-0002,18,7.702680378336865,7.5689434297551,0,0.4998748302459717
scene-0002,19,7.691966494219191,7.836435349401996,0,0.49990415573120117
scene-0002,20,7.475412780250039,7.531310029978717,0,0.44953203201293945
scene-0002,21,7.34101837957273,7.425261921442125,0,0.49989795684814453
scene-0002,22,7.157250702756195,7.257020113548668,0,0.4998600482940674
scene-0002,23,6.811798241607868,7.0576289363575215,0,0.4998788833618164
scene-0002,24,6.420228644300625,6.588628193663775,0,0.5502030849456787
scene-0002,25,6.0268875557794575,6.265892671137282,0,0.5999879837036133
scene-0002,26,5.502410860740626,5.740202255215104,0,0.49985384941101074
scene-0002,27,5.02290159711414,5.264989990620288,0,0.500432014465332
scene-0002,28,4.48155342347056,4.780325715319768,0,0.49931907653808594
scene-0002,29,4.222280370275907,4.1832428502843255,0,0.499859094619751
scene-0002,30,4.392440613246691,4.261358886892099,0,0.4998769760131836
scene-0002,31,4.896756109630019,4.556376543920898,0,0.3997828960418701
scene-0002,32,5.531917068410157,5.168980881695985,0,0.4998929500579834
scene-0002,33,6.152529073053511,5.894482628091515,0,0.5004260540008545
scene-0002,34,6.844196353860443,6.410293648690942,0,0.5009829998016357
scene-0002,35,7.528799920271073,7.27857463396367,0,0.5004351139068604
scene-0002,36,7.979644416402739,7.7790699298967505,0,0.5004489421844482
scene-0002,37,8.390626952517811,8.180464809249656,0,0.49984097480773926
scene-0002,38,8.700546591201213,8.600788347948553,0,0.49986791610717773
scene-0002,39,8.800412972406315,8.800412972406315,0,0.4993770122528076
scene-0003,0,0.055743641096089556,0.0,1,0.0
scene-0003,1,0.02956270823519549,0.055743641096089556,0,0.49932217597961426
scene-0003,2,0.004296586663730756,0.005535945824329687,0,0.49931788444519043
scene-0003,3,0.003041816580511443,0.003464711781218093,0,0.4998810291290283
scene-0003,4,0.005758927321718202,0.002628946751375358,0,0.5009839534759521
scene-0003,5,0.15357431971218358,0.011182553062558274,0,0.450667142868042
scene-0003,6,0.4145321029597903,0.2819705647561789,0,0.5004308223724365
scene-0003,7,0.8600623834823035,0.5471206688891391,0,0.5004291534423828
scene-0003,8,1.3822052084006675,1.1447034727724523,0,0.5501868724822998
scene-0003,9,1.7778937908378416,1.6439563986327603,0,0.4993431568145752
scene-0003,10,1.911415990611069,1.9115764108019022,0,0.5004208087921143
scene-0003,11,1.8657459255073578,1.9113300565619291,0,0.4998950958251953
scene-0003,12,1.6673874225012162,1.815055504770507,0,0.4495279788970947
scene-0003,13,1.3682930154580462,1.5344708330606296,0,0.4993269443511963
scene-0003,14,1.08610958634726,1.2023136390528286,0,0.4998769760131836
scene-0003,15,0.9545173355334486,0.9805445138017531,0,0.5502002239227295
scene-0003,16,0.8908236091909519,0.9259156342000371,0,0.5004618167877197
scene-0003,17,0.7472625456348788,0.8517727505083164,0,0.44953107833862305
scene-0003,18,0.8281969181448782,0.6618772422401389,0,0.5501840114593506
scene-0003,19,1.1839136756636446,1.011058872501518,0,0.5005190372467041
scene-0003,20,1.30403185371204,1.3570022430022564,0,0.499845027923584
scene-0003,21,1.3072802968951776,1.2599861763143003,0,0.6010258197784424
scene-0003,22,1.336466836725367,1.3641517271780894,0,0.49985313415527344
scene-0003,23,1.2135296971115048,1.3088132459368316,0,0.4999098777770996
scene-0003,24,0.9866016363079388,1.118211104043903,0,0.49928903579711914
scene-0003,25,0.8131900354956858,0.8551540901267619,0,0.4998810291290283
scene-0003,26,0.7356786064151098,0.771284905357347,0,0.5004580020904541
scene-0003,27,0.8422787323908235,0.70003309090229,0,0.49984002113342285
scene-0003,28,1.2810481764222668,1.0201565635765135,0,0.3998138904571533
scene-0003,29,1.8659256901863233,1.4897269709955427,0,0.49985504150390625
scene-0003,30,2.533425291217065,2.241695983606634,0,0.500434160232544
scene-0003,31,2.96981479473752,2.825565385155542,0,0.499891996383667
scene-0003,32,3.29823328865455,3.1142073273907194,0,0.49985480308532715
scene-0003,33,3.6196808037162747,3.482593902441327,0,0.49933600425720215
scene-0003,34,3.7715817911544898,3.7717668643126148,0,0.45009517669677734
scene-0003,35,3.667350958268281,3.771394439007593,0,0.4003908634185791
scene-0003,36,3.4558332683653035,3.5841217474675466,0,0.4998281002044678
scene-0003,37,3.1677683511071235,3.327652745682649,0,0.4998798370361328
scene-0003,38,2.7743879552921817,3.0078898377190915,0,0.4998970031738281
scene-0003,39,2.4828250612759977,2.4828250612759977,0,0.4003322124481201
scene-0004,0,4.2328049614427865,0.0,1,0.0
scene-0004,1,4.28750096771705,4.2328049614427865,0,0.4999079704284668
scene-0004,2,4.383836703419317,4.342201907075685,0,0.4998660087585449
scene-0004,3,4.621182978192515,4.430079080919166,0,0.4501149654388428
scene-0004,4,4.892796528528298,4.793275299383615,0,0.4998490810394287
scene-0004,5,5.193492839779972,4.992311827803688,0,0.4998810291290283
scene-0004,6,5.541027505564879,5.394453134458018,0,0.5004310607910156
scene-0004,7,5.861053344546893,5.687611030454913,0,0.5004317760467529
scene-0004,8,6.184071471649151,6.034519146546001,0,0.5004220008850098
scene-0004,9,6.428257899188986,6.333627457837569,0,0.5004291534423828
scene-0004,10,6.694683669884795,6.523021582236316,0,0.499891996383667
scene-0004,11,6.960453218506415,6.86654303448851,0,0.49931907653808594
scene-0004,12,7.200888673716959,7.04577037240178,0,0.5496268272399902
scene-0004,13,7.472531915752548,7.371673186949877,0,0.49988698959350586
scene-0004,14,7.683891084340836,7.573281322063895,0,0.5004310607910156
scene-0004,15,7.959054350207596,7.795198729713354,0,0.5004560947418213
scene-0004,16,8.090294528256514,8.123277920684737,0,0.49985599517822266
scene-0004,17,8.067104818613057,8.057341915806058,0,0.49986886978149414
scene-0004,18,8.132087988227264,8.076867785307744,0,0.49986696243286133
scene-0004,19,8.231691997623576,8.187407193942919,0,0.4999251365661621
scene-0004,20,8.440971328037465,8.276262830015728,0,0.4998359680175781
scene-0004,21,8.788865026596318,8.605791095475373,0,0.4998738765716553
scene-0004,22,8.987357150337633,8.972018607514105,0,0.49987006187438965
scene-0004,23,9.066122593844277,9.004428369523698,0,0.4495539665222168
scene-0004,24,9.12179210728748,9.121734901276948,0,0.4998810291290283
scene-0004,25,9.079794161865191,9.12189525694244,0,0.4998791217803955
scene-0004,26,8.928911020459841,9.037813159875167,0,0.5004639625549316
scene-0004,27,8.680056289310594,8.819873883551042,0,0.4998350143432617
scene-0004,28,8.556532364119423,8.540266752378159,0,0.4999349117279053
scene-0004,29,8.55580526235547,8.57281687526315,0,0.4998180866241455
scene-0004,30,8.56956320724927,8.534567706881177,0,0.4003579616546631
scene-0004,31,8.686074351481384,8.597561605823756,0,0.500420093536377
scene-0004,32,8.747515514336731,8.774681897441921,0,0.49988484382629395
scene-0004,33,8.74988924337514,8.720356623390522,0,0.4998760223388672
scene-0004,34,8.84542081910465,8.774953057207924,0,0.6005110740661621
scene-0004,35,8.940179824609109,8.930409599872453,0,0.5004129409790039
scene-0004,36,9.049200372003078,8.949970103354545,0,0.5004360675811768
scene-0004,37,9.197766418322937,9.148743920712416,0,0.49932003021240234
scene-0004,38,9.167370989572984,9.246808262727615,0,0.49932193756103516
scene-0004,39,9.08828842456334,9.08828842456334,0,0.4998788833618164
scene-0005,0,6.875446122915843,0.0,1,0.0
scene-0005,1,6.8353691980142814,6.875446122915843,0,0.550745964050293
scene-0005,2,6.645733673657403,6.787078957209383,0,0.45011091232299805
scene-0005,3,6.388081242491139,6.518707088345158,0,0.49989891052246094
scene-0005,4,6.091611293604556,6.258024124588841,0,0.49986815452575684
scene-0005,5,5.7831393095285994,5.8846571431421335,0,0.3997828960418701
scene-0005,6,5.647362296055242,5.701994692809882,0,0.49987006187438965
scene-0005,7,5.470224173363475,5.59318598054274,0,0.4998750686645508
scene-0005,8,5.377331383090432,5.347880054888646,0,0.5004420280456543
scene-0005,9,5.400063709665313,5.407744257796734,0,0.5004098415374756
scene-0005,10,5.492068639017427,5.393205153207221,0,0.5004510879516602
scene-0005,11,5.6866247074786,5.592201627945648,0,0.4998929500579834
scene-0005,12,5.858508379414009,5.783738907353406,0,0.4993159770965576
scene-0005,13,6.078613189009999,5.935171889811886,0,0.5004191398620605
scene-0005,14,6.329948823193194,6.224471390511453,0,0.4998629093170166
scene-0005,15,6.519200411242231,6.462258853679632,0,0.400393009185791
scene-0005,16,6.601501351032025,6.565058957733456,0,0.49927401542663574
scene-0005,17,6.570446760678248,6.637901013137228,0,0.49988389015197754
scene-0005,18,6.329721786690593,6.503036376867417,0,0.49987101554870605
scene-0005,19,6.0382255092825865,6.156426028271288,0,0.49988508224487305
scene-0005,20,5.770865492104365,5.920180680585471,0,0.5004088878631592
scene-0005,21,5.488484521521452,5.6212327244025255,0,0.4993431568145752
scene-0005,22,5.216881887851757,5.356024082176271,0,0.5004239082336426
scene-0005,23,4.854086506109318,5.077629041672157,0,0.49990200996398926
scene-0005,24,4.452699574999122,4.605890733951182,0,0.4500880241394043
scene-0005,25,4.110971465770503,4.327414025276926,0,0.550184965133667
scene-0005,26,3.732874905399942,3.873032522916044,0,0.5004580020904541
scene-0005,27,3.3861904898071793,3.5927378175878157,0,0.5004091262817383
scene-0005,28,2.9791930969780975,3.1794210023985765,0,0.49987101554870605
scene-0005,29,2.76892781574473,2.7789839868434107,0,0.4998929500579834
scene-0005,30,2.6154533736071404,2.758894540831631,0,0.5004220008850098
scene-0005,31,2.3743221877353453,2.47200961013302,0,0.5004129409790039
scene-0005,32,2.1756393958278073,2.2654787178910754,0,0.4490010738372803
scene-0005,33,2.0340778732485276,2.094948835560187,0,0.4998788833618164
scene-0005,34,1.897723716376092,1.973217851750277,0,0.49988508224487305
scene-0005,35,1.7454109871542574,1.8222710451612776,0,0.4998610019683838
scene-0005,36,1.630134743979465,1.6689479523089328,0,0.5004289150238037
scene-0005,37,1.4891772592260126,1.5916230244165195,0,0.4999101161956787
scene-0005,38,1.4114824570900508,1.4114824570900508,0,0.650256872177124
scene-0006,0,9.982967547641364,0.0,1,0.0
scene-0006,1,9.750674025503669,9.982967547641364,0,0.4998598098754883
scene-0006,2,9.368485341195113,9.518670992770293,0,0.5004520416259766
scene-0006,3,8.903727193337996,9.217985991048412,0,0.49932003021240234
scene-0006,4,8.48186109514895,8.590174379470913,0,0.5004119873046875
scene-0006,5,8.15840262038522,8.37346515233699,0,0.49987101554870605
scene-0006,6,7.711027321902271,7.943587475494498,0,0.5004289150238037
scene-0006,7,7.2722648109862345,7.452547018609875,0,0.4501051902770996
scene-0006,8,7.022038521169073,7.109756717683787,0,0.4993259906768799
scene-0006,9,6.817369755204175,6.942361849561132,0,0.5496480464935303
scene-0006,10,6.560243930643724,6.680247266032494,0,0.501011848449707
scene-0006,11,6.144212640416865,6.440083147874015,0,0.499845027923584
scene-0006,12,5.607323586539282,5.848604443044928,0,0.4998791217803955
scene-0006,13,5.118187058170091,5.366733675847135,0,0.5004367828369141
scene-0006,14,4.566226056986796,4.869224867344065,0,0.4993271827697754
scene-0006,15,4.0045013354048455,4.264443191318743,0,0.49985790252685547
scene-0006,16,3.704983185632037,3.746128479852371,0,0.49988293647766113
scene-0006,17,3.6738093418737834,3.6661667036782926,0,0.4998931884765625
scene-0006,18,3.6442642115506745,3.684020230674998,0,0.49986886978149414
scene-0006,19,3.694980941261671,3.606636643070639,0,0.49988698959350586
scene-0006,20,3.9218899130996525,3.7834137936324943,0,0.4998481273651123
scene-0006,21,4.146778346334811,4.060652894030705,0,0.49987196922302246
scene-0006,22,4.293331030860014,4.235124564058646,0,0.5004379749298096
scene-0006,23,4.370672847253969,4.363143957628012,0,0.45012998580932617
scene-0006,24,4.422390718902608,4.384129737357279,0,0.549623966217041
scene-0006,25,4.476726631291752,4.475745535820738,0,0.500420093536377
scene-0006,26,4.428058168557986,4.483338601258153,0,0.4999058246612549
scene-0006,27,4.3246229591019585,4.374991759271802,0,0.49986815452575684
scene-0006,28,4.209810191961287,4.269764673812072,0,0.45064496994018555
scene-0006,29,3.9933169920991127,4.156790982482977,0,0.5004310607910156
scene-0006,30,3.8517990109367704,3.8312626978104567,0,0.5004279613494873
scene-0006,31,3.852297611598836,3.876493581887159,0,0.4993300437927246
scene-0006,32,3.767344138715243,3.8356639332065585,0,0.499863862991333
scene-0006,33,3.6170366867206583,3.7170088353352537,0,0.4999110698699951
scene-0006,34,3.6122473860266955,3.5483410383710066,0,0.5501608848571777
scene-0006,35,3.6822795713201777,3.7173328553493015,0,0.4495711326599121
scene-0006,36,3.5342601475505004,3.6834973697821423,0,0.49987006187438965
scene-0006,37,3.347085091309601,3.435289886516304,0,0.5501918792724609
scene-0006,38,3.148738707829879,3.2858759029992872,0,0.5004560947418213
scene-0006,39,3.026495024467421,3.026495024467421,0,0.4993159770965576
scene-0007,0,5.278698368464239,0.0,1,0.0
scene-0007,1,5.476685449778504,5.278698368464239,0,0.4998760223388672
scene-0007,2,5.8273909827505195,5.674454554666907,0,0.5004401206970215
scene-0007,3,6.112822051894818,5.980509374755562,0,0.49989986419677734
scene-0007,4,6.380421784482806,6.245004940542437,0,0.5003950595855713
scene-0007,5,6.663993616527768,6.516001980353264,0,0.4998750686645508
scene-0007,6,6.947338239837077,6.811856858434023,0,0.5004258155822754
scene-0007,7,7.052899291644274,7.060445350465299,0,0.5994272232055664
scene-0007,8,7.025135619425644,7.043851167981715,0,0.49988389015197754
scene-0007,9,6.845647391634043,7.008124884817669,0,0.5496199131011963
scene-0007,10,6.395869612356352,6.666610167569739,0,0.49877405166625977
scene-0007,11,5.842374367468974,6.125445107816815,0,0.49931907653808594
scene-0007,12,5.225427002220327,5.5599348747156485,0,0.5004339218139648
scene-0007,13,4.686038189298893,4.946419817399905,0,0.599959135055542
scene-0007,14,4.101676323437926,4.373884213382179,0,0.5004208087921143
scene-0007,15,3.5958938041498003,3.82977778752747,0,0.5009901523590088
scene-0007,16,3.129444416689323,3.3617883925823495,0,0.500450849533081
scene-0007,17,2.693858997195099,2.838585790519004,0,0.3997671604156494
scene-0007,18,2.5558059113859444,2.5783501084429123,0,0.4999120235443115
scene-0007,19,2.4971615253737687,2.534343067977327,0,0.5003979206085205
scene-0007,20,2.4701886780271796,2.459010930542507,0,0.4501230716705322
scene-0007,21,2.4965423622601066,2.4865103442882934,0,0.49988794326782227
scene-0007,22,2.5784045142140557,2.5198118259970492,0,0.5003988742828369
scene-0007,23,2.711692560174509,2.6569043098715084,0,0.4993171691894531
scene-0007,24,2.9659193385664486,2.7968555141841174,0,0.500452995300293
scene-0007,25,3.467991434742086,3.1624819643016933,0,0.500403881072998
scene-0007,26,4.094605597696432,3.779906108710642,0,0.5004520416259766
scene-0007,27,4.660926653790614,4.409735492983081,0,0.49987196922302246
scene-0007,28,5.100052056795607,4.8896992711530025,0,0.5490779876708984
scene-0007,29,5.604266939010597,5.3317663894249385,0,0.49932098388671875
scene-0007,30,6.060779560660367,5.877128474058658,0,0.49987316131591797
scene-0007,31,6.42998661319856,6.2451196901883534,0,0.49932289123535156
scene-0007,32,6.701986828080409,6.615232160689333,0,0.4998791217803955
scene-0007,33,6.8905289094434545,6.798509566505595,0,0.4501378536224365
scene-0007,34,7.086797365168203,6.965969712716099,0,0.5507159233093262
scene-0007,35,7.315156365158256,7.234807436102671,0,0.4501490592956543
scene-0007,36,7.3551013911651095,7.38759099713566,0,0.49985599517822266
scene-0007,37,7.238601753200848,7.322872130177839,0,0.5004229545593262
scene-0007,38,7.154237170349787,7.154237170349787,0,0.4998641014099121
scene-0008,0,7.198106918586809,0.0,1,0.0
scene-0008,1,7.2037260749330185,7.198106918586809,0,0.49989891052246094
scene-0008,2,7.253122953189972,7.20934052388651,0,0.5004439353942871
scene-0008,3,7.293134626639296,7.296962346660588,0,0.49983811378479004
scene-0008,4,7.301955623344737,7.289418024516126,0,0.499891996383667
scene-0008,5,7.360989062490861,7.314494380134291,0,0.4998748302459717
scene-0008,6,7.436681596585618,7.407535060827903,0,0.49988508224487305
scene-0008,7,7.5392151497125095,7.46909939009599,0,0.4495511054992676
scene-0008,8,7.582162910302356,7.596653040064038,0,0.5490717887878418
scene-0008,9,7.651402647384032,7.5662337417489605,0,0.4993572235107422
scene-0008,10,7.729783908509927,7.745919828859255,0,0.45007896423339844
scene-0008,11,7.7247876360701335,7.716585322323371,0,0.5502219200134277
scene-0008,12,7.729284015754572,7.733838224337687,0,0.5004069805145264
scene-0008,13,7.6763972863665035,7.724274420108412,0,0.4506981372833252
scene-0008,14,7.5679426300925545,7.633265187143427,0,0.4998319149017334
scene-0008,15,7.363135916285233,7.5026283646868945,0,0.4998800754547119
scene-0008,16,7.065058353463358,7.2238409566875275,0,0.5004270076751709
scene-0008,17,6.710099944355838,6.90611771538992,0,0.49987292289733887
scene-0008,18,6.351337950965789,6.5147884700376695,0,0.5009820461273193
scene-0008,19,6.001564466463002,6.188256881906562,0,0.4999048709869385
scene-0008,20,5.591892556374647,5.770223842274393,0,0.3992180824279785
scene-0008,21,5.111093896700822,5.417697983810027,0,0.39978790283203125
scene-0008,22,4.531228132669729,4.872428985880206,0,0.4998781681060791
scene-0008,23,3.9543936174551253,4.20156689729093,0,0.49988889694213867
scene-0008,24,3.4872656321141187,3.7193981552393027,0,0.49988889694213867
scene-0008,25,3.179196959796827,3.269235344101857,0,0.49985408782958984
scene-0008,26,3.091307414373824,3.1008440621634605,0,0.5009810924530029
scene-0008,27,3.0815688862884754,3.094669174180356,0,0.49988293647766113
scene-0008,28,3.1217868333801686,3.0799160223713704,0,0.5004129409790039
scene-0008,29,3.3298756420038993,3.182313587388481,0,0.45013999938964844
scene-0008,30,3.5570281960220695,3.476064640575875,0,0.4998481273651123
scene-0008,31,3.7737860449782805,3.65721638965952,0,0.49932193756103516
scene-0008,32,3.9296296593352293,3.907767446231886,0,0.49987196922302246
scene-0008,33,4.082597393095054,3.975023022651328,0,0.3997929096221924
scene-0008,34,4.305130100791192,4.183885634735917,0,0.5004370212554932
scene-0008,35,4.6485149251517015,4.447885603915391,0,0.5004379749298096
scene-0008,36,5.162618086636652,4.872482581538179,0,0.49988722801208496
scene-0008,37,5.743922069963275,5.475191149300137,0,0.5003969669342041
scene-0008,38,6.3205419178775175,6.022239960450204,0,0.5010199546813965
scene-0008,39,6.621046996365264,6.621046996365264,0,0.5003900527954102
scene-0009,0,8.198349281339459,0.0,1,0.0
scene-0009,1,8.487841556205545,8.198349281339459,0,0.45013904571533203
scene-0009,2,8.87691423471742,8.748860133787048,0,0.49932217597961426
scene-0009,3,9.165162509304533,9.004981218049101,0,0.4993128776550293
scene-0009,4,9.498935569935986,9.365529748599489,0,0.39924001693725586
scene-0009,5,9.69004943986366,9.605607741243126,0,0.4993009567260742
scene-0009,6,9.85986493758602,9.774468190842274,0,0.4998891353607178
scene-0009,7,10.017788056435151,9.945303446723267,0,0.4998798370361328
scene-0009,8,10.06119597195334,10.090193036805108,0,0.5004370212554932
scene-0009,9,10.166187685240862,10.032222316261786,0,0.5004470348358154
scene-0009,10,10.332737589452258,10.300481287293465,0,0.4992799758911133
scene-0009,11,10.307277802767727,10.365107814787423,0,0.49988794326782227
scene-0009,12,10.104913265492824,10.249579744579506,0,0.5004160404205322
scene-0009,13,9.91103301452486,9.960279010944944,0,0.5004379749298096
scene-0009,14,9.838145649503373,9.86193223537698,0,0.5004329681396484
scene-0009,15,9.697646943656832,9.81442543262865,0,0.5004260540008545
scene-0009,16,9.518562665577972,9.580750581369118,0,0.4998819828033447
scene-0009,17,9.42241770190729,9.456504881849321,0,0.5004279613494873
scene-0009,18,9.392323862997783,9.388308090345598,0,0.4998772144317627
scene-0009,19,9.433175793248944,9.39635184163443,0,0.49987101554870605
scene-0009,20,9.437931300095409,9.470000388407902,0,0.49986696243286133
scene-0009,21,9.491492110658111,9.405829237878608,0,0.4993250370025635
scene-0009,22,9.569799555818891,9.577152495143414,0,0.4993398189544678
scene-0009,23,9.610652863074884,9.562471909462129,0,0.4998619556427002
scene-0009,24,9.770032201039644,9.65878069729671,0,0.5004560947418213
scene-0009,25,9.93867643602187,9.881427315850782,0,0.49984002113342285
scene-0009,26,9.997632110663629,9.99595890631187,0,0.4998800754547119
scene-0009,27,10.145756900474568,9.999308061942479,0,0.5004258155822754
scene-0009,28,10.302090489553056,10.292386188133433,0,0.49988412857055664
scene-0009,29,10.255329462646447,10.31422642836889,0,0.3997828960418701
scene-0009,30,10.16460154181405,10.208235000727202,0,0.4998791217803955
scene-0009,31,10.04303720131448,10.121049461237922,0,0.5004310607910156
scene-0009,32,9.840978770391116,9.964961238982621,0,0.4998939037322998
scene-0009,33,9.666123062690104,9.71732317545589,0,0.5009660720825195
scene-0009,34,9.5640169728091,9.614814347097274,0,0.49988484382629395
scene-0009,35,9.378703797078224,9.51321774223184,0,0.4998641014099121
scene-0009,36,9.173991063489593,9.229348643409663,0,0.4501190185546875
scene-0009,37,8.976772479412118,9.124231751332452,0,0.5004310607910156
scene-0009,38,8.560694842510134,8.82948038532506,0,0.500993013381958
scene-0009,39,8.291306107110456,8.291306107110456,0,0.49987077713012695
scene-0010,0,5.138084520941643,0.0,1,0.0
scene-0010,1,5.31028364018778,5.138084520941643,0,0.4993250370025635
scene-0010,2,5.6509096200502835,5.510686824404729,0,0.4993400573730469
scene-0010,3,6.057730957768283,5.802551451397257,0,0.5009629726409912
scene-0010,4,6.523634193744735,6.316376471262005,0,0.5009949207305908
scene-0010,5,6.976272953050985,6.731618213332706,0,0.5010089874267578
scene-0010,6,7.4049960739366885,7.221414154829475,0,0.5004110336303711
scene-0010,7,7.780450946627895,7.5888106538388325,0,0.4998800754547119
scene-0010,8,8.27982419495198,7.972109010742065,0,0.4998738765716553
scene-0010,9,8.78582054400572,8.58723848721617,0,0.5004119873046875
scene-0010,10,9.102601103280307,8.984444496569802,0,0.5004770755767822
scene-0010,11,9.38550862991778,9.220892140248658,0,0.5004291534423828
scene-0010,12,9.692975185400947,9.550316237171767,0,0.4998488426208496
scene-0010,13,9.858652068219937,9.835748755387481,0,0.49988293647766113
scene-0010,14,10.013466384116597,9.881646647245656,0,0.4988071918487549
scene-0010,15,10.18028253823983,10.145007061045012,0,0.4998769760131836
scene-0010,16,10.247566204314461,10.215561446343267,0,0.4998300075531006
scene-0010,17,10.263603091737123,10.279610983346899,0,0.4998610019683838
scene-0010,18,10.275287329909107,10.247662043818357,0,0.49990296363830566
scene-0010,19,10.389499145063427,10.302927540639612,0,0.49985694885253906
scene-0010,20,10.461084923951748,10.476127558508889,0,0.49988603591918945
scene-0010,21,10.395809769524325,10.44604388741283,0,0.49987292289733887
scene-0010,22,10.38445487433446,10.34564558133398,0,0.5004260540008545
scene-0010,23,10.458637631107335,10.423318358168423,0,0.4998750686645508
scene-0010,24,10.42249670380214,10.493880976688283,0,0.5009770393371582
scene-0010,25,10.289175118776583,10.351047733766718,0,0.5004279613494873
scene-0010,26,10.127599297091344,10.227328040852242,0,0.5004379749298096
scene-0010,27,9.920229590867072,10.027645852765735,0,0.4993128776550293
scene-0010,28,9.652311853074025,9.786155739137273,0,0.39981603622436523
scene-0010,29,9.459448527326922,9.545134321816969,0,0.49928903579711914
scene-0010,30,9.299671404665819,9.374063869548916,0,0.500438928604126
scene-0010,31,9.18468759661663,9.226126651107647,0,0.4999110698699951
scene-0010,32,9.112137352012475,9.14513869871266,0,0.4993119239807129
scene-0010,33,9.052364034358533,9.080805271755068,0,0.4998440742492676
scene-0010,34,9.106287924773302,9.024889202393247,0,0.499330997467041
scene-0010,35,9.197884333376482,9.187551664054217,0,0.5004229545593262
scene-0010,36,9.291850292636601,9.208794843301265,0,0.499891996383667
scene-0010,37,9.460707406188057,9.377902118176348,0,0.5004291534423828
scene-0010,38,9.623367301730344,9.544681556433831,0,0.5009579658508301
scene-0010,39,9.712652712737697,9.712652712737697,0,0.4501519203186035
scene-0011,0,3.12056954137686,0.0,1,0.0
scene-0011,1,2.9869698393746447,3.12056954137686,0,0.49988889694213867
scene-0011,2,2.721087431881196,2.8648966675563448,0,0.5004448890686035
scene-0011,3,2.423184026624677,2.5873148800473778,0,0.5009851455688477
scene-0011,4,2.251279717721331,2.2627411572804323,0,0.5003960132598877
scene-0011,5,2.157164268225808,2.2388347761713017,0,0.4495558738708496
scene-0011,6,2.212568882725157,2.090558532156989,0,0.5490901470184326
scene-0011,7,2.5218025245091518,2.346926176434391,0,0.49932289123535156
scene-0011,8,2.812253162188541,2.6967829282356077,0,0.4993281364440918
scene-0011,9,3.1396599174634345,2.9407031557530208,0,0.449556827545166
scene-0011,10,3.550434503330937,3.305054327908423,0,0.5496411323547363
scene-0011,11,3.9882647592460514,3.8277861472120662,0,0.4998810291290283
scene-0011,12,4.272423025756732,4.156392211230317,0,0.4999120235443115
scene-0011,13,4.541801306796368,4.39202366516831,0,0.500438928604126
scene-0011,14,4.883392635525131,4.691824780624609,0,0.500403881072998
scene-0011,15,5.2244978652174305,5.074973893590139,0,0.5004241466522217
scene-0011,16,5.364154817040724,5.374467593667418,0,0.4998660087585449
scene-0011,17,5.316645583938821,5.3538935626851165,0,0.4999058246612549
scene-0011,18,5.286810323586388,5.275324310349367,0,0.4506261348724365
scene-0011,19,5.440167445998859,5.297239287497119,0,0.49987196922302246
scene-0011,20,5.630136552827186,5.583146309494615,0,0.49990010261535645
scene-0011,21,5.635480418215679,5.677266253932485,0,0.5009808540344238
scene-0011,22,5.554490439149299,5.5937423000290725,0,0.49985599517822266
scene-0011,23,5.323584689063969,5.515458667285395,0,0.5004360675811768
scene-0011,24,5.094138677669829,5.131710724356685,0,0.5004279613494873
scene-0011,25,5.031353770121674,5.056532232706691,0,0.49986910820007324
scene-0011,26,4.9158900490711845,5.008448924582897,0,0.5490889549255371
scene-0011,27,4.78733824316993,4.814264019356073,0,0.4993469715118408
scene-0011,28,4.797282118891186,4.76057607162595,0,0.4998600482940674
scene-0011,29,4.763868432211156,4.828003810018631,0,0.5999569892883301
scene-0011,30,4.626232092896563,4.686988584304485,0,0.49932289123535156
scene-0011,31,4.5995923857054,4.550542173544343,0,0.40035200119018555
scene-0011,32,4.62731463618717,4.643394941663398,0,0.44954609870910645
scene-0011,33,4.543201195462272,4.612867708459887,0,0.4998779296875
scene-0011,34,4.536794164777603,4.474276915514424,0,0.4998810291290283
scene-0011,35,4.666325737374866,4.6010193887369315,0,0.49931788444519043
scene-0011,36,4.8389917544374335,4.732547148477226,0,0.5004351139068604
scene-0011,37,5.09911072772921,4.9364300841247735,0,0.5507490634918213
scene-0011,38,5.324620817013458,5.277974681010471,0,0.500985860824585
scene-0011,39,5.371320072248689,5.371320072248689,0,0.5004160404205322
scene-0012,0,6.911741169418486,0.0,1,0.0
scene-0012,1,7.068266004213686,6.911741169418486,0,0.49932408332824707
scene-0012,2,7.304428767014976,7.2289146116674825,0,0.499891996383667
scene-0012,3,7.5252464556863226,7.404394563926945,0,0.39978885650634766
scene-0012,4,7.718686631454551,7.627261429324931,0,0.49991297721862793
scene-0012,5,7.910516084277594,7.815997739872729,0,0.4998500347137451
scene-0012,6,8.178130663754676,8.021386930758718,0,0.44956302642822266
scene-0012,7,8.39289319214039,8.324397198519712,0,0.49984312057495117
scene-0012,8,8.529496148308276,8.467627725789567,0,0.5004339218139648
scene-0012,9,8.651316653073575,8.597642638116834,0,0.5004479885101318
scene-0012,10,8.785332544530867,8.704641834981594,0,0.5501711368560791
scene-0012,11,8.944744672054473,8.877478504215004,0,0.4998819828033447
scene-0012,12,9.103042158130268,9.01260240299776,0,0.5004467964172363
scene-0012,13,9.235374765931898,9.193683419376988,0,0.5004091262817383
scene-0012,14,9.273189633513,9.277227773017012,0,0.4998779296875
scene-0012,15,9.316998276410372,9.269245786667392,0,0.4998941421508789
scene-0012,16,9.457110465591608,9.364725730608034,0,0.5004348754882812
scene-0012,17,9.567496237046633,9.549563142210225,0,0.5009570121765137
scene-0012,18,9.667009492136835,9.585592142926153,0,0.49990010261535645
scene-0012,19,9.84859243797572,9.749692930090108,0,0.4992959499359131
scene-0012,20,9.98692830912237,9.948925791988161,0,0.4998750686645508
scene-0012,21,10.217161249174238,10.026312350450423,0,0.49933481216430664
scene-0012,22,10.305519538355506,10.40942889651023,0,0.49935007095336914
scene-0012,23,10.308300426191336,10.204042663238567,0,0.5004289150238037
scene-0012,24,10.435531468001297,10.414601250653691,0,0.4998610019683838
scene-0012,25,10.440570162207303,10.45462443260751,0,0.5993931293487549
scene-0012,26,10.314274925317118,10.427735782741683,0,0.4993300437927246
scene-0012,27,10.141320034523067,10.20448462972547,0,0.4998939037322998
scene-0012,28,9.937669696122402,10.081865275881727,0,0.5004150867462158
scene-0012,29,9.671025992077542,9.795206732602116,0,0.5004520416259766
scene-0012,30,9.440854808711329,9.547481744390321,0,0.5004098415374756
scene-0012,31,9.218992508254589,9.334232295743472,0,0.5004091262817383
scene-0012,32,8.888005345374522,9.07562200879858,0,0.4003629684448242
scene-0012,33,8.50183022045494,8.739007002842639,0,0.5004198551177979
scene-0012,34,8.185516508600376,8.30829930173881,0,0.5999670028686523
scene-0012,35,7.771849031490521,8.047248623447203,0,0.49985718727111816
scene-0012,36,7.472099595211349,7.503049943047518,0,0.49988293647766113
scene-0012,37,7.25510274377054,7.447571844827506,0,0.499345064163208
scene-0012,38,6.986882152591367,7.067918721094408,0,0.49929380416870117
scene-0012,39,6.908843813290948,6.908843813290948,0,0.4993271827697754
scene-0013,0,6.317819838788664,0.0,1,0.0
scene-0013,1,6.179077562133422,6.317819838788664,0,0.5004289150238037
scene-0013,2,5.9252686808472355,6.041182422721017,0,0.500417947769165
scene-0013,3,5.700584297080624,5.809565950768689,0,0.49988603591918945
scene-0013,4,5.444135845933604,5.592057136301485,0,0.5004110336303711
scene-0013,5,5.36241026181917,5.2962625950157305,0,0.4999539852142334
scene-0013,6,5.486582512004682,5.4452703195105245,0,0.4003129005432129
scene-0013,7,5.5841979208953205,5.520488450954437,0,0.4998290538787842
scene-0013,8,5.818579165661023,5.648510583828963,0,0.5004439353942871
scene-0013,9,6.129307994808936,5.990156122156017,0,0.4998819828033447
scene-0013,10,6.397981587265574,6.268795681648211,0,0.5009801387786865
scene-0013,11,6.5732216086902024,6.527659141078831,0,0.49988484382629395
scene-0013,12,6.659707224853649,6.618785157221072,0,0.49987316131591797
scene-0013,13,6.83554312694475,6.705441058712801,0,0.4500899314880371
scene-0013,14,6.902308225326374,6.9525566420517,0,0.5004470348358154
scene-0013,15,6.881758356989359,6.852296906534358,0,0.4998650550842285
scene-0013,16,6.921169771384487,6.908583091652679,0,0.5490880012512207
scene-0013,17,6.980964594057532,6.9353252160165555,0,0.498762845993042
scene-0013,18,7.051190995172048,7.031799100310448,0,0.449023962020874
scene-0013,19,7.196237319975444,7.068651714456774,0,0.4998900890350342
scene-0013,20,7.301948644358853,7.312232494803905,0,0.550163984298706
scene-0013,21,7.336439343581923,7.290675383189822,0,0.5004260540008545
scene-0013,22,7.365748708507115,7.382262093250659,0,0.5005569458007812
scene-0013,23,7.367698529742763,7.349315340659399,0,0.5003330707550049
scene-0013,24,7.402200897281876,7.388215812615592,0,0.4495570659637451
scene-0013,25,7.501541752256944,7.414822342907258,0,0.499849796295166
scene-0013,26,7.733294299189903,7.580351871070609,0,0.5502481460571289
scene-0013,27,7.9408647460577475,7.920287127878177,0,0.45005202293395996
scene-0013,28,8.032122959052364,7.964038550094623,0,0.40036702156066895
scene-0013,29,8.142095917097894,8.0866875739926,0,0.500424861907959
scene-0013,30,8.217984046176529,8.21135896261422,0,0.40032505989074707
scene-0013,31,8.307536554862027,8.223331886795034,0,0.49989795684814453
scene-0013,32,8.33671006091888,8.391761789854186,0,0.49987006187438965
scene-0013,33,8.290968560691566,8.28174762656227,0,0.5004239082336426
scene-0013,34,8.238491511150054,8.300204595016696,0,0.49988603591918945
scene-0013,35,8.086320210649005,8.176778215454158,0,0.4998490810394287
scene-0013,36,7.822130519473808,7.996038649646237,0,0.49988889694213867
scene-0013,37,7.598974853301079,7.64919792260012,0,0.5004379749298096
scene-0013,38,7.43338807718497,7.551889620509463,0,0.4993150234222412
scene-0013,39,7.321422905610899,7.321422905610899,0,0.5004630088806152
scene-0014,0,0.00620921018181304,0.0,1,0.0
scene-0014,1,0.005150757626396942,0.00620921018181304,0,0.5004479885101318
scene-0014,2,0.004175095261147843,0.004474771628752424,0,0.49982190132141113
scene-0014,3,0.0035050241811389726,0.003801231817576934,0,0.4003419876098633
scene-0014,4,0.003020503389803038,0.0032679268811288604,0,0.4999351501464844
scene-0014,5,0.002562596269763965,0.002772782879602472,0,0.49927401542663574
scene-0014,6,0.002184636510643378,0.002352730379869036,0,0.4998939037322998
scene-0014,7,0.001869721107884805,0.0020163817618016875,0,0.4993870258331299
scene-0014,8,0.0015973774401998992,0.0017231901122646814,0,0.4997990131378174
scene-0014,9,0.07257691880218449,0.0014715948450617986,0,0.49986696243286133
scene-0014,10,0.3876060202907639,0.1451309826469503,0,0.49987292289733887
scene-0014,11,0.9613754875603815,0.6298023304581838,0,0.5004482269287109
scene-0014,12,1.5080697032659476,1.293345548154345,0,0.49985194206237793
scene-0014,13,2.034122487239768,1.7465168684915484,0,0.4501218795776367
scene-0014,14,2.571526315294129,2.293128808019745,0,0.49987101554870605
scene-0014,15,3.1759877015368727,2.9197903361960997,0,0.3997931480407715
scene-0014,16,3.628421085626419,3.3811245114557753,0,0.500452995300293
scene-0014,17,4.145960261800103,3.8767160700838432,0,0.5004010200500488
scene-0014,18,4.635614674047899,4.415741020118106,0,0.49993896484375
scene-0014,19,4.987971531460097,4.855535513265899,0,0.5003838539123535
scene-0014,20,5.249127108895436,5.154051476377854,0,0.39978694915771484
scene-0014,21,5.395847691325859,5.326018601351872,0,0.5004141330718994
scene-0014,22,5.519113341463608,5.467662437383016,0,0.5004510879516602
scene-0014,23,5.556318551013458,5.578455786721596,0,0.450084924697876
scene-0014,24,5.652564349717583,5.538450676807142,0,0.49990296363830566
scene-0014,25,5.912077368165125,5.757709688665415,0,0.5496480464935303
scene-0014,26,6.193854415718647,6.082760128860372,0,0.49932289123535156
scene-0014,27,6.40539735229506,6.305232505286898,0,0.49984312057495117
scene-0014,28,6.56860146108603,6.505683506002221,0,0.49989891052246094
scene-0014,29,6.685740779376338,6.631581300384314,0,0.49985313415527344
scene-0014,30,6.785352783568125,6.740035533509842,0,0.4998798370361328
scene-0014,31,6.8742502347281755,6.830706885605989,0,0.4998781681060791
scene-0014,32,7.008037739987966,6.917817089073022,0,0.4998757839202881
scene-0014,33,7.115748527769617,7.098226848855957,0,0.5004520416259766
scene-0014,34,7.137060069252061,7.1334655662786846,0,0.49986910820007324
scene-0014,35,7.082815399912128,7.140757145823864,0,0.5004088878631592
scene-0014,36,7.0606987626574425,7.024885504317662,0,0.4998810291290283
scene-0014,37,7.055952407545637,7.096488861007443,0,0.5004229545593262
scene-0014,38,7.026534821870555,7.015534267117833,0,0.49991607666015625
scene-0014,39,7.035908545920254,7.035908545920254,0,0.6004760265350342
scene-0015,0,7.001089513459954,0.0,1,0.0
scene-0015,1,7.0044163653398925,7.001089513459954,0,0.4993131160736084
scene-0015,2,6.981765310217791,7.008909928936378,0,0.4999089241027832
scene-0015,3,6.9447552445594045,6.955979608409861,0,0.4993159770965576
scene-0015,4,6.847168968139776,6.934958136401957,0,0.4998738765716553
scene-0015,5,6.72704666133968,6.760833562358451,0,0.50040602684021
scene-0015,6,6.673890733729012,6.694885550459404,0,0.4999980926513672
scene-0015,7,6.605366084811047,6.654656061596548,0,0.4997539520263672
scene-0015,8,6.53967295789478,6.556933294568054,0,0.4998791217803955
scene-0015,9,6.4947056060643185,6.523260374976441,0,0.4999217987060547
scene-0015,10,6.406051524148834,6.4666226400603275,0,0.49982404708862305
scene-0015,11,6.332675425683285,6.346298226298711,0,0.50046706199646
scene-0015,12,6.193091183100429,6.319142640796794,0,0.4998440742492676
scene-0015,13,5.889887057206647,6.067188086472167,0,0.5004298686981201
scene-0015,14,5.45280268213939,5.712397420010151,0,0.4998741149902344
scene-0015,15,5.033559997017259,5.193540675404814,0,0.5004458427429199
scene-0015,16,4.724025923170165,4.873645197423894,0,0.5004270076751709
scene-0015,17,4.488102778673361,4.536915507543701,0,0.39983201026916504
scene-0015,18,4.4103229384056055,4.44936205760404,0,0.5003740787506104
scene-0015,19,4.321477737805721,4.371894239650602,0,0.5004549026489258
scene-0015,20,4.2039009025345155,4.266122690402129,0,0.45008206367492676
scene-0015,21,4.084184361678905,4.153429459492449,0,0.5491249561309814
scene-0015,22,3.9568528379188135,4.0083721565409745,0,0.4992949962615967
scene-0015,23,3.9922650576011156,3.9056946937233796,0,0.4998891353607178
scene-0015,24,4.267520213610351,4.079070155624889,0,0.49930405616760254
scene-0015,25,4.584281322935198,4.455809977691218,0,0.49987292289733887
scene-0015,26,4.871458507938948,4.712622656634566,0,0.5004360675811768
scene-0015,27,5.219698648145666,5.030311773441827,0,0.500432014465332
scene-0015,28,5.401393987888258,5.409298954104528,0,0.49986886978149414
scene-0015,29,5.448918427999773,5.393495001440441,0,0.49991297721862793
scene-0015,30,5.479061725485315,5.5043935957278665,0,0.49983716011047363
scene-0015,31,5.363296293509776,5.4537717590861226,0,0.5004408359527588
scene-0015,32,5.193146677006182,5.272823717832655,0,0.5004520416259766
scene-0015,33,5.070458163856556,5.113382075305777,0,0.49984097480773926
scene-0015,34,4.916556674432363,5.027629174555195,0,0.5004351139068604
scene-0015,35,4.73354723310347,4.793030686869869,0,0.44957494735717773
scene-0015,36,4.699721066012121,4.680196465787063,0,0.5004029273986816
scene-0015,37,4.79880692550862,4.7192678356507765,0,0.4998819828033447
scene-0015,38,4.821176271087974,4.878457180137006,0,0.4998960494995117
scene-0015,39,4.7690902833640285,4.7690902833640285,0,0.5496170520782471
scene-0016,0,3.79058731415625,0.0,1,0.0
scene-0016,1,3.684131844242024,3.79058731415625,0,0.5004639625549316
scene-0016,2,3.534034783442585,3.5821191480579677,0,0.498790979385376
scene-0016,3,3.499427866108963,3.485103851831508,0,0.3997361660003662
scene-0016,4,3.5949658012613033,3.5271193527379356,0,0.45012593269348145
scene-0016,5,3.6321193285916866,3.6795932101440787,0,0.5490899085998535
scene-0016,6,3.736525030617208,3.625638825572987,0,0.4998941421508789
scene-0016,7,4.064051825704397,3.874142476704191,0,0.5015459060668945
scene-0016,8,4.457978282485677,4.261896780119477,0,0.4998281002044678
scene-0016,9,4.851010770193921,4.654607901969402,0,0.49932193756103516
scene-0016,10,5.251844568862377,5.047126395434127,0,0.5004458427429199
scene-0016,11,5.605049784019966,5.457506178620266,0,0.4993131160736084
scene-0016,12,6.005114407731282,5.753691406551267,0,0.49933600425720215
scene-0016,13,6.4278880898101605,6.256975176055221,0,0.4998600482940674
scene-0016,14,6.7694181028348615,6.599275766453336,0,0.5009748935699463
scene-0016,15,7.073576344248563,6.94025848700929,0,0.4993319511413574
scene-0016,16,7.284534672498263,7.206663513744394,0,0.5009820461273193
scene-0016,17,7.460864774937232,7.3625129806994165,0,0.5004301071166992
scene-0016,18,7.599312864607929,7.559683831453219,0,0.4987618923187256
scene-0016,19,7.645291340103638,7.643313019718448,0,0.4501321315765381
scene-0016,20,7.65105761288039,7.647078936463447,0,0.5004138946533203
scene-0016,21,7.616510562379059,7.655042523856237,0,0.4998779296875
scene-0016,22,7.563470480873789,7.578036438203249,0,0.5004270076751709
scene-0016,23,7.48162697400173,7.5488727414666394,0,0.49932217597961426
scene-0016,24,7.33702167147376,7.420662034471977,0,0.5507588386535645
scene-0016,25,7.230541855669455,7.244774828309163,0,0.4993100166320801
scene-0016,26,7.134848099131268,7.216309603769704,0,0.4993281364440918
scene-0016,27,6.978819702347728,7.053411494194457,0,0.49933600425720215
scene-0016,28,6.767373680960319,6.904313677480161,0,0.49988389015197754
scene-0016,29,6.4358678337336235,6.630745726087276,0,0.5009729862213135
scene-0016,30,6.107404550793549,6.241028714070725,0,0.5009660720825195
scene-0016,31,5.79829891637888,5.973651070974708,0,0.4998779296875
scene-0016,32,5.476501839001728,5.622982220597554,0,0.49987292289733887
scene-0016,33,5.158822443562384,5.330208641228064,0,0.4999380111694336
scene-0016,34,4.870429413030515,4.9878151229222825,0,0.499265193939209
scene-0016,35,4.644210951397157,4.754601161500495,0,0.5004208087921143
scene-0016,36,4.550228029551833,4.552904231852154,0,0.5999660491943359
scene-0016,37,4.523760068926213,4.547789172003992,0,0.49933910369873047
scene-0016,38,4.530020495083361,4.499757264418483,0,0.4993019104003906
scene-0016,39,4.5603705158009245,4.5603705158009245,0,0.5010030269622803
scene-0017,0,10.428224109745576,0.0,1,0.0
scene-0017,1,10.311292503390048,10.428224109745576,0,0.5496292114257812
scene-0017,2,10.023253111384372,10.182869909400772,0,0.5004220008850098
scene-0017,3,9.768222991063663,9.863657501339409,0,0.5004549026489258
scene-0017,4,9.561710352906488,9.661989572387398,0,0.44954991340637207
scene-0017,5,9.294448981871296,9.44896481663753,0,0.3997690677642822
scene-0017,6,8.958912871979956,9.140237406704927,0,0.400346040725708
scene-0017,7,8.505348218945278,8.813923148501539,0,0.5004398822784424
scene-0017,8,7.998757474729236,8.196568958756053,0,0.4998791217803955
scene-0017,9,7.5633324534315935,7.800955217868182,0,0.49990200996398926
scene-0017,10,7.259962391788569,7.3258481622263405,0,0.49990296363830566
scene-0017,11,7.072963862685222,7.187367622030609,0,0.45009708404541016
scene-0017,12,6.876544051983256,6.97186962811265,0,0.49982595443725586
scene-0017,13,6.84422037490529,6.792451262798838,0,0.550199031829834
scene-0017,14,6.892825465209618,6.903345785939547,0,0.5004680156707764
scene-0017,15,6.909354299118359,6.882618891256343,0,0.5009369850158691
scene-0017,16,7.037309948210433,6.936302383735516,0,0.4998738765716553
scene-0017,17,7.137183013188847,7.139200249553488,0,0.499891996383667
scene-0017,18,7.210289636529531,7.137256542898161,0,0.49987196922302246
scene-0017,19,7.329354167023517,7.284836456819048,0,0.4987761974334717
scene-0017,20,7.326189688266616,7.375038922581513,0,0.4987978935241699
scene-0017,21,7.186711722145338,7.277718851229638,0,0.4987518787384033
scene-0017,22,6.9719431924215005,7.096159240461972,0,0.500420093536377
scene-0017,23,6.607269558496004,6.8477306281454675,0,0.500432014465332
scene-0017,24,6.102751347227224,6.366819127302537,0,0.5004420280456543
scene-0017,25,5.559004267304017,5.8387719561591105,0,0.5004010200500488
scene-0017,26,5.013404713735732,5.278990150445356,0,0.4998738765716553
scene-0017,27,4.5024983838826635,4.749319314548496,0,0.5025529861450195
scene-0017,28,3.9862448775114236,4.253234311319459,0,0.4972231388092041
scene-0017,29,3.4947799564097126,3.7209602319190926,0,0.49930500984191895
scene-0017,30,3.0308204808055903,3.269335172224958,0,0.4998810291290283
scene-0017,31,2.5628829763559224,2.793001335598202,0,0.4998958110809326
scene-0017,32,2.176980931118523,2.334366339591272,0,0.5009632110595703
scene-0017,33,1.7678746551089592,2.002943021727066,0,0.4506700038909912
scene-0017,34,1.3711970948909407,1.5565800316258929,0,0.5004098415374756
scene-0017,35,1.0025230151576041,1.1860297007017584,0,0.5004410743713379
scene-0017,36,0.6346421927036291,0.8191252232018772,0,0.4998619556427002
scene-0017,37,0.28645607331095724,0.45018565026855367,0,0.4998970031738281
scene-0017,38,0.050661063498457164,0.12271474041437906,0,0.4998509883880615
scene-0017,39,0.021578681555601144,0.021578681555601144,0,0.4993319511413574
scene-0018,0,2.076237810057453,0.0,1,0.0
scene-0018,1,2.2709714434922366,2.076237810057453,0,0.39977192878723145
scene-0018,2,2.577402925511924,2.427585763357485,0,0.4998929500579834
scene-0018,3,2.795891489517782,2.728297327763589,0,0.5004220008850098
scene-0018,4,2.848668949165232,2.8650899556130422,0,0.4993162155151367
scene-0018,5,2.636295421754919,2.8320356937362945,0,0.4501059055328369
scene-0018,6,2.4058219392447673,2.5024724049168077,0,0.6508300304412842
scene-0018,7,2.096170704492525,2.281556153513074,0,0.49990391731262207
scene-0018,8,1.77726128266178,1.9113211234568541,0,0.4993140697479248
scene-0018,9,1.6815293610044937,1.6441185467999928,0,0.4998600482940674
scene-0018,10,1.7573266870538868,1.7191699777797218,0,0.5004758834838867
scene-0018,11,1.9557400886963945,1.7958547936902423,0,0.4998340606689453
scene-0018,12,2.407144309985577,2.1163407870193645,0,0.49987101554870605
scene-0018,13,2.846495792113289,2.699684859675548,0,0.5004439353942871
scene-0018,14,3.226777146987152,3.0000646631322216,0,0.4998750686645508
scene-0018,15,3.6268698356470987,3.4682076900892516,0,0.4993119239807129
scene-0018,16,4.029946581399413,3.798325862568897,0,0.49987292289733887
scene-0018,17,4.429966680604694,4.268438050573982,0,0.5009901523590088
scene-0018,18,4.646285764669164,4.63552477739979,0,0.39978504180908203
scene-0018,19,4.539948176634706,4.655572327373737,0,0.49990200996398926
scene-0018,20,4.40212691712001,4.4114705832913295,0,0.4495368003845215
scene-0018,21,4.267893672310359,4.393744381515103,0,0.4998800754547119
scene-0018,22,4.125118140384302,4.153580231759149,0,0.5502071380615234
scene-0018,23,3.8415392256735057,4.093856591234505,0,0.4993019104003906
scene-0018,24,3.3482919731787764,3.591840640975394,0,0.49989986419677734
scene-0018,25,2.929465464488025,3.112567430821294,0,0.4998960494995117
scene-0018,26,2.576760758176884,2.760303414194257,0,0.5009939670562744
scene-0018,27,2.32611067082913,2.4106573939912788,0,0.49983811378479004
scene-0018,28,2.1362957234211413,2.257852666705201,0,0.5004129409790039
scene-0018,29,2.0829066838476478,2.0358162689836106,0,0.5028810501098633
scene-0018,30,2.159456506342527,2.1445088256316005,0,0.5980620384216309
scene-0018,31,2.247857301017303,2.201160754602829,0,0.49988698959350586
scene-0018,32,2.4176617782678425,2.306677604522814,0,0.49987006187438965
scene-0018,33,2.571365585394218,2.533690245270712,0,0.5004358291625977
scene-0018,34,2.5763988928255546,2.6094270166542004,0,0.49990010261535645
scene-0018,35,2.6217038797753154,2.544819326942717,0,0.4998610019683838
scene-0018,36,2.6386413673003632,2.707537547653302,0,0.4993250370025635
scene-0018,37,2.6118243388354823,2.590118606319437,0,0.4993019104003906
scene-0018,38,2.670949772965673,2.662852564384252,0,0.4998769760131836
scene-0018,39,2.7121838044783266,2.7121838044783266,0,0.39981698989868164
scene-0019,0,3.4815527237222463,0.0,1,0.0
scene-0019,1,3.7045477778054257,3.4815527237222463,0,0.4998469352722168
scene-0019,2,4.14825289543018,3.9296227932504624,0,0.49933695793151855
scene-0019,3,4.438321152629585,4.367304847303785,0,0.49930310249328613
scene-0019,4,4.464086690805068,4.509726225457885,0,0.4993469715118408
scene-0019,5,4.390206645508066,4.418747910881016,0,0.5004079341888428
scene-0019,6,4.34402209627752,4.362490097153638,0,0.4998781681060791
scene-0019,7,4.259718140855486,4.3269947854710535,0,0.49988889694213867
scene-0019,8,4.1867844076817695,4.179605516627906,0,0.40038108825683594
scene-0019,9,4.261615264964705,4.198015587461351,0,0.49984097480773926
scene-0019,10,4.355838332809217,4.33541707777989,0,0.5004160404205322
scene-0019,11,4.401620902455298,4.391693105128173,0,0.4998760223388672
scene-0019,12,4.4600924390964165,4.43640154032006,0,0.5004489421844482
scene-0019,13,4.581658135308381,4.509840601867121,0,0.5004229545593262
scene-0019,14,4.524774172540207,4.678693629367578,0,0.5004251003265381
scene-0019,15,4.408548543324758,4.394315908354403,0,0.49987077713012695
scene-0019,16,4.282196071998188,4.430741923643996,0,0.4998772144317627
scene-0019,17,3.9634110390850728,4.136415659380267,0,0.5004239082336426
scene-0019,18,3.5854211606417437,3.790473116318694,0,0.4993441104888916
scene-0019,19,3.1570070111803323,3.3802751416832746,0,0.4987518787384033
scene-0019,20,2.8605307511435103,2.934250290434965,0,0.49987101554870605
scene-0019,21,2.7787276054624064,2.7868149937901885,0,0.4998960494995117
scene-0019,22,2.8467416359241335,2.7706615334046174,0,0.5004119873046875
scene-0019,23,3.0228667614852123,2.922913066471054,0,0.49987292289733887
scene-0019,24,3.1820000885539006,3.1227223127353145,0,0.5004451274871826
scene-0019,25,3.4047514119681237,3.2479194163029494,0,0.4501018524169922
scene-0019,26,3.603633348393164,3.546124666761928,0,0.49932312965393066
scene-0019,27,3.7578722331029453,3.66102505455604,0,0.5004448890686035
scene-0019,28,3.955957292719233,3.854729903467577,0,0.5004041194915771
scene-0019,29,4.155757078987832,4.057178986684618,0,0.5004329681396484
scene-0019,30,4.345907243839599,4.254540228024966,0,0.49988603591918945
scene-0019,31,4.6625244350586925,4.437209037185604,0,0.5004138946533203
scene-0019,32,4.9519209472727574,4.888079137763558,0,0.49988698959350586
scene-0019,33,5.188999889675523,5.031631602055048,0,0.4003729820251465
scene-0019,34,5.304005116145351,5.315086288431655,0,0.4998500347137451
scene-0019,35,5.24098619049714,5.292921957230777,0,0.4993150234222412
scene-0019,36,5.100630676287534,5.189183357916825,0,0.4998950958251953
scene-0019,37,4.968614695859689,5.013474136896995,0,0.49930477142333984
scene-0019,38,4.797995057794334,4.930280154568428,0,0.49986910820007324
scene-0019,39,4.679609483763435,4.679609483763435,0,0.5004570484161377
scene-0020,0,1.130806957820836,0.0,1,0.0
scene-0020,1,0.8444570580346094,1.130806957820836,0,0.499891996383667
scene-0020,2,0.33735161119114054,0.5584518366949216,0,0.5004398822784424
scene-0020,3,0.059578466917881025,0.1366113849391104,0,0.5496389865875244
scene-0020,4,0.020337768183361422,0.031907231427234665,0,0.5004031658172607
scene-0020,5,0.010149472863852357,0.01158892303435022,0,0.49988293647766113
scene-0020,6,0.008116998488761311,0.008938090921176945,0,0.499891996383667
scene-0020,7,0.006670218997856189,0.0072970294849851285,0,0.5004251003265381
scene-0020,8,0.00554280562420302,0.0060427515832024254,0,0.4998588562011719
scene-0020,9,0.004649836341367374,0.005043436341075042,0,0.5004360675811768
scene-0020,10,0.10065997823546578,0.00425579067154128,0,0.49987006187438965
scene-0020,11,0.421383733264612,0.2012120087660472,0,0.49986886978149414
scene-0020,12,0.7625784413570647,0.6405217229497017,0,0.5022380352020264
scene-0020,13,1.071496105718206,0.8855150051591281,0,0.49866294860839844
scene-0020,14,1.4965498650578426,1.257240172078699,0,0.49930500984191895
scene-0020,15,2.0059026959739192,1.7353378376705224,0,0.5004129409790039
scene-0020,16,2.4670499500254617,2.2767974075040223,0,0.49987101554870605
scene-0020,17,2.807729806255053,2.6577476812860787,0,0.49932217597961426
scene-0020,18,3.0865745793650787,2.9748358838446474,0,0.44959282875061035
scene-0020,19,3.197460201817867,3.1884614165946576,0,0.4998481273651123
scene-0020,20,3.1980086589706787,3.2098083156687744,0,0.49987196922302246
scene-0020,21,3.1589867050427682,3.1939466029187726,0,0.4998750686645508
scene-0020,22,3.1076259268400817,3.135829181059674,0,0.500450849533081
scene-0020,23,3.171838419501783,3.0848966294552613,0,0.39980196952819824
scene-0020,24,3.421118433572333,3.241977485613021,0,0.5999372005462646
scene-0020,25,3.8846549685707767,3.661117763807141,0,0.5004289150238037
scene-0020,26,4.335799120170404,4.131833882729425,0,0.4993159770965576
scene-0020,27,4.828568677717649,4.558295157403375,0,0.5004699230194092
scene-0020,28,5.321682567363903,5.111333764814117,0,0.4998350143432617
scene-0020,29,5.673054316992366,5.53924269576338,0,0.4998800754547119
scene-0020,30,5.837868325283105,5.7979849937506165,0,0.5507659912109375
scene-0020,31,5.8812971853432465,5.884524305089937,0,0.49986696243286133
scene-0020,32,5.971563718792624,5.880599290657516,0,0.5004420280456543
scene-0020,33,6.156275007354369,6.074417364197704,0,0.4495389461517334
scene-0020,34,6.272491213631649,6.224171593714044,0,0.5497031211853027
scene-0020,35,6.2761952876378775,6.325665546211197,0,0.5003809928894043
scene-0020,36,6.164099312788617,6.226676856646754,0,0.4998929500579834
scene-0020,37,5.974330063282853,6.1015294377526095,0,0.49984002113342285
scene-0020,38,5.847152047620972,5.847152047620972,0,0.4998950958251953
scene-0021,0,0.004629668506126109,0.0,1,0.0
scene-0021,1,0.004257121804078226,0.004629668506126109,0,0.49887585639953613
scene-0021,2,0.0035804077321063533,0.0038848750211055946,0,0.4992239475250244
scene-0021,3,0.0030266172769747206,0.003276674471047326,0,0.5004281997680664
scene-0021,4,0.00257878295925978,0.0027765607487413428,0,0.5004279613494873
scene-0021,5,0.002201565398549996,0.0023803482101261426,0,0.49877095222473145
scene-0021,6,0.0287838191692045,0.0020233806564727806,0,0.5004339218139648
scene-0021,7,0.16977863648951705,0.057484044450420116,0,0.5004491806030273
scene-0021,8,0.46637921622694056,0.31018965280259864,0,0.4003159999847412
scene-0021,9,0.7388244110334721,0.5913222499392321,0,0.5004298686981201
scene-0021,10,1.0600367736849408,0.8863307587792834,0,0.5004429817199707
scene-0021,11,1.2816054993663766,1.2341441150335977,0,0.499312162399292
scene-0021,12,1.2882095441172043,1.3290139489868924,0,0.4998819828033447
scene-0021,13,1.215991162942072,1.242899031953173,0,0.4501078128814697
scene-0021,14,1.199583257626874,1.191838777588257,0,0.5004310607910156
scene-0021,15,1.1622714005799566,1.2066930460457108,0,0.5501871109008789
scene-0021,16,1.025135846183711,1.1135003371928338,0,0.5004298686981201
scene-0021,17,0.9822936212337605,0.9366766470260073,0,0.49987196922302246
scene-0021,18,1.0125645518586812,1.0279087613229216,0,0.4998960494995117
scene-0021,19,1.015289334354869,0.9972031677981193,0,0.49933695793151855
scene-0021,20,0.9799668105219816,1.0333798025849092,0,0.499312162399292
scene-0021,21,0.8792023565445792,0.9355340428873502,0,0.599951982498169
scene-0021,22,0.7084183437046028,0.8116719729366942,0,0.5004279613494873
scene-0021,23,0.5134590179451604,0.605053995596262,0,0.49987101554870605
scene-0021,24,0.4662687552428755,0.4218679187274975,0,0.499891996383667
scene-0021,25,0.7197329614728283,0.5107056230025913,0,0.49986791610717773
scene-0021,26,1.1599939990574206,0.9287748837357854,0,0.4998741149902344
scene-0021,27,1.5998370232220405,1.3909639376932263,0,0.500424861907959
scene-0021,28,1.9476222355522375,1.8089323469508907,0,0.4999110698699951
scene-0021,29,2.112814619915074,2.086337105552284,0,0.49983692169189453
scene-0021,30,2.080063121261484,2.139396983269837,0,0.5004241466522217
scene-0021,31,1.9597142473113318,2.021191005023691,0,0.5004308223724365
scene-0021,32,1.9142804580111787,1.8994308273155545,0,0.4998810291290283
scene-0021,33,1.9383149127103199,1.9301160217643252,0,0.5004260540008545
scene-0021,34,2.16959599979551,1.9489144014966628,0,0.49990391731262207
scene-0021,35,2.642202718278666,2.3977423979253127,0,0.49985504150390625
scene-0021,36,3.168871931614022,2.902304008538807,0,0.49986696243286133
scene-0021,37,3.719507754020877,3.459599759809987,0,0.4998931884765625
scene-0021,38,4.177792618001425,4.004175686787108,0,0.4998798370361328
scene-0021,39,4.422295975836489,4.422295975836489,0,0.3997840881347656
scene-0022,0,6.570845313959912,0.0,1,0.0
scene-0022,1,6.857793362403398,6.570845313959912,0,0.4999110698699951
scene-0022,2,7.3757066083636,7.145105344883007,0,0.4992809295654297
scene-0022,3,7.841195806918134,7.605994162162663,0,0.5004260540008545
scene-0022,4,8.30561417329995,8.076953091319808,0,0.4998760223388672
scene-0022,5,8.693849159302179,8.534820509353645,0,0.499891996383667
scene-0022,6,8.921774594356858,8.85303073415886,0,0.5004229545593262
scene-0022,7,9.177591475681428,8.990700366482463,0,0.5004720687866211
scene-0022,8,9.512268047454656,9.365058139928832,0,0.5003800392150879
scene-0022,9,9.792793025008242,9.661772817338635,0,0.4998760223388672
scene-0022,10,10.040265493922737,9.957895098177898,0,0.3998119831085205
scene-0022,11,10.238578101314921,10.106659152400834,0,0.49986886978149414
scene-0022,12,10.369619290817807,10.37154450004648,0,0.4992990493774414
scene-0022,13,10.372887280941272,10.36893902172361,0,0.500438928604126
scene-0022,14,10.462068225525572,10.377065157631813,0,0.49986696243286133
scene-0022,15,10.510070116882227,10.547685723688359,0,0.49988508224487305
scene-0022,16,10.378854019020046,10.472526994296299,0,0.49986910820007324
scene-0022,17,10.243240243493311,10.285371285499416,0,0.4998760223388672
scene-0022,18,10.118487202176311,10.201404850780541,0,0.49988889694213867
scene-0022,19,9.940680630729622,10.035852804262914,0,0.49990010261535645
scene-0022,20,9.776687965789085,9.845740965748485,0,0.500391960144043
scene-0022,21,9.58872774870859,9.708030282475839,0,0.5026979446411133
scene-0022,22,9.281258204877139,9.468173553278485,0,0.49706006050109863
scene-0022,23,8.966903535259727,9.095812081431239,0,0.5004568099975586
scene-0022,24,8.638743378414295,8.837996471764017,0,0.5004010200500488
scene-0022,25,8.148009323471532,8.439085741577415,0,0.49932408332824707
scene-0022,26,7.588453218103717,7.857590647644596,0,0.500438928604126
scene-0022,27,7.005260029479286,7.319429990471584,0,0.5004150867462158
scene-0022,28,6.421827281677687,6.656327323713544,0,0.45011305809020996
scene-0022,29,5.822261090789783,6.212222861182908,0,0.5004220008850098
scene-0022,30,5.043448552211075,5.435298781696974,0,0.49991583824157715
scene-0022,31,4.4536472590122544,4.698401337437091,0,0.5485081672668457
scene-0022,32,4.167515383888537,4.205301827976647,0,0.4999048709869385
scene-0022,33,4.045536605056173,4.156940193981464,0,0.5004031658172607
scene-0022,34,3.8162948338739513,3.977605549179858,0,0.4998588562011719
scene-0022,35,3.5619375155590034,3.700376549081081,0,0.4998791217803955
scene-0022,36,3.328913789394001,3.4652105428938675,0,0.4998769760131836
scene-0022,37,3.221605821776149,3.2128601743198404,0,0.45010995864868164
scene-0022,38,3.3732894953531236,3.2526217615098445,0,0.5501949787139893
scene-0022,39,3.528975941523365,3.528975941523365,0,0.5004439353942871
scene-0023,0,4.763610836661736,0.0,1,0.0
scene-0023,1,4.825415753980223,4.763610836661736,0,0.4998610019683838
scene-0023,2,4.952146428718805,4.887224391052244,0,0.4998900890350342
scene-0023,3,5.1086537974496675,5.034900832533509,0,0.39925694465637207
scene-0023,4,5.209878054136722,5.170134266518883,0,0.4998350143432617
scene-0023,5,5.352381310190593,5.259448428410609,0,0.4506850242614746
scene-0023,6,5.447756843421756,5.433179182760832,0,0.5502128601074219
scene-0023,7,5.614603335537137,5.46914062765903,0,0.49984002113342285
scene-0023,8,5.82257632278805,5.760985701726996,0,0.5004692077636719
scene-0023,9,6.06700505791192,5.884319778817851,0,0.4998598098754883
scene-0023,10,6.345012266696167,6.252596395349361,0,0.49985814094543457
scene-0023,11,6.661594822805247,6.440311670240094,0,0.49932193756103516
scene-0023,12,7.040665115954956,6.883262579426084,0,0.5004229545593262
scene-0023,13,7.3804159553734765,7.198033236425734,0,0.5009889602661133
scene-0023,14,7.764942497665367,7.583667448704863,0,0.4495542049407959
scene-0023,15,7.996739049885516,7.928033573568725,0,0.4999208450317383
scene-0023,16,8.24175807426273,8.065537830572723,0,0.49930906295776367
scene-0023,17,8.607403423031172,8.417686531655184,0,0.500391960144043
scene-0023,18,8.81680974725069,8.79710621808343,0,0.5004301071166992
scene-0023,19,8.988358148986395,8.834713322474773,0,0.5507588386535645
scene-0023,20,9.208846292331586,9.157643431242892,0,0.49988412857055664
scene-0023,21,9.270731835892319,9.260108202133118,0,0.49933600425720215
scene-0023,22,9.320136341776792,9.281357875507139,0,0.49929094314575195
scene-0023,23,9.30332138599742,9.358937133506306,0,0.49988389015197754
scene-0023,24,9.120608615916696,9.247793005430784,0,0.4998950958251953
scene-0023,25,8.987309161823836,8.993420226318152,0,0.4998641014099121
scene-0023,26,8.879664194268502,8.98120940923889,0,0.49988293647766113
scene-0023,27,8.800540906036503,8.778120811234487,0,0.49985694885253906
scene-0023,28,8.757754026981283,8.825450820619949,0,0.45012998580932617
scene-0023,29,8.759966400764622,8.696960718332358,0,0.5004260540008545
scene-0023,30,8.777656344254353,8.82304253646529,0,0.4998939037322998
scene-0023,31,8.690971618749266,8.732304087749272,0,0.49985218048095703
scene-0023,32,8.53835422054059,8.649688615300695,0,0.5004220008850098
scene-0023,33,8.577511404973865,8.42707100784429,0,0.5004229545593262
scene-0023,34,8.724016007317713,8.728117074158538,0,0.4998798370361328
scene-0023,35,8.744701169396928,8.719930431038758,0,0.500432014465332
scene-0023,36,8.857865727012202,8.767270490320632,0,0.5496730804443359
scene-0023,37,9.046910918198746,8.957600353670413,0,0.49930691719055176
scene-0023,38,9.2018521542639,9.136140472389126,0,0.49985218048095703
scene-0023,39,9.267605111196957,9.267605111196957,0,0.500452995300293
scene-0024,0,8.51287985606223,0.0,1,0.0
scene-0024,1,8.28414249721712,8.51287985606223,0,0.5004220008850098
scene-0024,2,7.815432381416257,8.05541943454603,0,0.5004479885101318
scene-0024,3,7.3975677897093455,7.57516587526989,0,0.49985814094543457
scene-0024,4,7.000643759455366,7.220207944867944,0,0.5004379749298096
scene-0024,5,6.504730336419843,6.726198924391269,0,0.400346040725708
scene-0024,6,6.2629184009971635,6.357118719750666,0,0.600510835647583
scene-0024,7,6.029583915883525,6.149753108269735,0,0.49987316131591797
scene-0024,8,5.740023396498408,5.909623733107786,0,0.5004868507385254
scene-0024,9,5.412762189140507,5.570203924675994,0,0.4998362064361572
scene-0024,10,5.011765411314693,5.254998648868688,0,0.4987819194793701
scene-0024,11,4.460428527266969,4.768787060592498,0,0.4992969036102295
scene-0024,12,3.778484233866992,4.152961246818003,0,0.5004420280456543
scene-0024,13,3.07274199478768,3.4035701681122617,0,0.49985599517822266
scene-0024,14,2.392637535419533,2.741967050662504,0,0.49993300437927246
scene-0024,15,1.7455133124376419,2.0432281013060876,0,0.4998180866241455
scene-0024,16,1.1076587428210949,1.4478446909435527,0,0.4998819828033447
scene-0024,17,0.5296162160537167,0.7671767789739087,0,0.49932384490966797
scene-0024,18,0.13699716728681519,0.2923785927374772,0,0.49987006187438965
scene-0024,19,0.021403186874767777,0.01853257762341953,0,0.4998970031738281
scene-0024,20,0.01745163978756456,0.025006365086200362,0,0.4008979797363281
scene-0024,21,0.34406855546110954,0.051486877908738155,0,0.4998810291290283
scene-0024,22,1.0906014688815662,0.6360142431732201,0,0.5009720325469971
scene-0024,23,2.0349619937730066,1.5462300136111564,0,0.49985694885253906
scene-0024,24,2.822165909607432,2.5232049260377463,0,0.5004551410675049
scene-0024,25,3.345808974882885,3.1211853810614314,0,0.500438928604126
scene-0024,26,3.8981031173638403,3.595274164784854,0,0.45063209533691406
scene-0024,27,4.535517004966394,4.170802330465568,0,0.5004229545593262
scene-0024,28,5.193523387452214,4.900650035902778,0,0.49988603591918945
scene-0024,29,5.8671885230827865,5.486195537943946,0,0.5004429817199707
scene-0024,30,6.534658208503191,6.249486269044246,0,0.49875497817993164
scene-0024,31,7.023018851866221,6.793221145350715,0,0.5501880645751953
scene-0024,32,7.4235442989586335,7.2764266856457755,0,0.4993479251861572
scene-0024,33,7.478171301154809,7.57072911187565,0,0.4993119239807129
scene-0024,34,7.278996956483174,7.385722851022294,0,0.49988698959350586
scene-0024,35,7.091775154972913,7.172386359638392,0,0.500420093536377
scene-0024,36,6.871957162445447,7.0110846662390065,0,0.49988603591918945
scene-0024,37,6.514769830751906,6.73298003896515,0,0.5004198551177979
scene-0024,38,6.093918345726694,6.296075539405434,0,0.499312162399292
scene-0024,39,5.86966888266353,5.86966888266353,0,0.45011281967163086
scene-0025,0,0.00659742147935974,0.0,1,0.0
scene-0025,1,0.0059845270167439065,0.00659742147935974,0,0.4998779296875
scene-0025,2,0.004922965388043199,0.005374986397653306,0,0.5004229545593262
scene-0025,3,0.004090730700330213,0.004469634652035799,0,0.4987761974334717
scene-0025,4,0.003428261654365933,0.0037131284732034495,0,0.500424861907959
scene-0025,5,0.002894071879633564,0.0031431165288361455,0,0.4998800754547119
scene-0025,6,0.0024528662975843436,0.002645311280477005,0,0.5004239082336426
scene-0025,7,0.002091697412301457,0.002260228774138933,0,0.49987316131591797
scene-0025,8,0.0018129675678366854,0.001923366405903974,0,0.5004589557647705
scene-0025,9,0.001552345609579396,0.001674756391594198,0,0.3997499942779541
scene-0025,10,0.001349937338529403,0.0014544598227335614,0,0.4998769760131836
scene-0025,11,0.0011569223596362285,0.0012455302894617563,0,0.5004289150238037
scene-0025,12,0.0009936744558349283,0.0010683786376666574,0,0.5004370212554932
scene-0025,13,0.0008554860113367518,0.0009188570042680764,0,0.49933409690856934
scene-0025,14,0.0007347854066012203,0.0007920522215564656,0,0.49875593185424805
scene-0025,15,0.0006306496029787788,0.0006776529821455143,0,0.4998960494995117
scene-0025,16,0.0005427288430858211,0.000583642816666071,0,0.49985504150390625
scene-0025,17,0.0004672640970745608,0.0005017729545453093,0,0.4993429183959961
scene-0025,18,0.00040251295861759735,0.0004328592389777641,0,0.499859094619751
scene-0025,19,0.0003455087105622369,0.000372182485844764,0,0.49932289123535156
scene-0025,20,0.03646993035035283,0.0003189256676812638,0,0.500993013381958
scene-0025,21,0.19692274023579878,0.07293857336506522,0,0.5009870529174805
scene-0025,22,0.5216676768256225,0.32131868290587334,0,0.4993288516998291
scene-0025,23,0.9604170707754895,0.7213534566704445,0,0.5009880065917969
scene-0025,24,1.3805398191971687,1.1997650003957725,0,0.5004069805145264
scene-0025,25,1.6652027317919533,1.561519499477605,0,0.4998741149902344
scene-0025,26,1.9210596787705403,1.7689355798860542,0,0.5004339218139648
scene-0025,27,2.128926653084528,2.049158674009504,0,0.5999650955200195
scene-0025,28,2.201911321160483,2.229975482033496,0,0.5004398822784424
scene-0025,29,2.177709734544476,2.1840382022576814,0,0.49985814094543457
scene-0025,30,2.1489083404292986,2.186535028595792,0,0.49988293647766113
scene-0025,31,2.13375185313437,2.131794463249877,0,0.4993419647216797
scene-0025,32,2.106791588607368,2.1599536669225454,0,0.4998769760131836
scene-0025,33,2.1378656407478576,2.066418269705133,0,0.39977002143859863
scene-0025,34,2.3998667921809225,2.219222298137889,0,0.5004451274871826
scene-0025,35,2.765423652071662,2.611693964385363,0,0.4998660087585449
scene-0025,36,3.142605542807338,2.963559487935637,0,0.45011091232299805
scene-0025,37,3.4173591897106648,3.3203895607469924,0,0.4993250370025635
scene-0025,38,3.6078889669100245,3.5188470747284697,0,0.4988088607788086
scene-0025,39,3.697169665176019,3.697169665176019,0,0.5009729862213135
scene-0026,0,4.049055475274817,0.0,1,0.0
scene-0026,1,4.110575042138121,4.049055475274817,0,0.5009708404541016
scene-0026,2,4.207120027932075,4.17310681684737,0,0.49987220764160156
scene-0026,3,4.25452254291969,4.238426966243719,0,0.5496299266815186
scene-0026,4,4.364855227125101,4.2722367140846185,0,0.5004289150238037
scene-0026,5,4.545109208336416,4.458385860551254,0,0.5004630088806152
scene-0026,6,4.722402502885757,4.633412529665369,0,0.4992940425872803
scene-0026,7,4.895408163040572,4.8129545219995595,0,0.49986696243286133
scene-0026,8,5.080081641312396,4.98008066977151,0,0.4998800754547119
scene-0026,9,5.2577910027881565,5.1813772391756014,0,0.5004298686981201
scene-0026,10,5.444681066446967,5.334303639209007,0,0.4999260902404785
scene-0026,11,5.618966669875602,5.555321036112071,0,0.4998340606689453
scene-0026,12,5.820451751385478,5.684493040771209,0,0.49991893768310547
scene-0026,13,6.073721886158992,5.958670267562406,0,0.4992709159851074
scene-0026,14,6.342929114920457,6.189794107608502,0,0.4998772144317627
scene-0026,15,6.621752938194236,6.496330068948427,0,0.499891996383667
scene-0026,16,6.9372357277900205,6.7471641165464264,0,0.5004169940948486
scene-0026,17,7.147613862999195,7.127565148944421,0,0.49988794326782227
scene-0026,18,7.203204429216103,7.167690951349614,0,0.5004370212554932
scene-0026,19,7.162247699351481,7.2328951485558814,0,0.599937915802002
scene-0026,20,6.9722952770640045,7.077653273409917,0,0.500723123550415
scene-0026,21,6.801175750713206,6.866698122452263,0,0.4995889663696289
scene-0026,22,6.66132543909939,6.735765330195981,0,0.5004439353942871
scene-0026,23,6.495314451573133,6.586891852709858,0,0.5004150867462158
scene-0026,24,6.362634514898648,6.403573948812127,0,0.49933290481567383
scene-0026,25,6.331129507257766,6.321694224266735,0,0.49930500984191895
scene-0026,26,6.302532272477629,6.340561491430661,0,0.499891996383667
scene-0026,27,6.240469492284037,6.255049101238696,0,0.400360107421875
scene-0026,28,6.185612618735722,6.228848734837562,0,0.4998459815979004
scene-0026,29,6.040751515212628,6.137548169837062,0,0.44955992698669434
scene-0026,30,5.838924722843397,5.953709990470127,0,0.49989986419677734
scene-0026,31,5.565710988521011,5.724230877608678,0,0.4998641014099121
scene-0026,32,5.208635376957018,5.407388165936782,0,0.5004451274871826
scene-0026,33,4.863047274865812,5.009703493910274,0,0.4998948574066162
scene-0026,34,4.5018398268827555,4.716379469876317,0,0.49985194206237793
scene-0026,35,4.127753468704775,4.287326419008215,0,0.4998791217803955
scene-0026,36,3.682452466094536,3.9683528500038174,0,0.5004169940948486
scene-0026,37,3.23376724889031,3.4221528663565386,0,0.5496189594268799
scene-0026,38,3.0266403485730526,3.0266403485730526,0,0.49988389015197754
scene-0027,0,0.0002862680316845582,0.0,1,0.0
scene-0027,1,0.00027526086485113384,0.0002862680316845582,0,0.5004148483276367
scene-0027,2,0.13428333015164723,0.00028178513584523073,0,0.4998791217803955
scene-0027,3,0.6000548389100693,0.268282486881385,0,0.5004339218139648
scene-0027,4,1.576416000386375,1.015927955771077,0,0.3992331027984619
scene-0027,5,2.4603059094127735,2.024545180503582,0,0.49933290481567383
scene-0027,6,3.256453545997187,2.89512907018287,0,0.5004100799560547
scene-0027,7,3.832681217989972,3.6181584893764724,0,0.49988389015197754
scene-0027,8,4.338697800596196,4.047250284097824,0,0.49988508224487305
scene-0027,9,4.786169735381887,4.630173953420639,0,0.49990296363830566
scene-0027,10,5.05263916600139,4.942020249334046,0,0.5003881454467773
scene-0027,11,5.24212810279968,5.163383119140404,0,0.4998798370361328
scene-0027,12,5.365901992213135,5.320858665946739,0,0.5004429817199707
scene-0027,13,5.317172769450385,5.4123249742407955,0,0.49990010261535645
scene-0027,14,5.198651850578307,5.22704300374547,0,0.5003900527954102
scene-0027,15,5.1702320653601594,5.178074169331916,0,0.49988889694213867
scene-0027,16,5.057162410030388,5.173420571624223,0,0.5004479885101318
scene-0027,17,4.9888031428250645,4.9574419401048075,0,0.49874401092529297
scene-0027,18,5.1095085465487635,5.04773594308429,0,0.5004251003265381
scene-0027,19,5.311817048196822,5.204214201761927,0,0.5004420280456543
scene-0027,20,5.6562968594318495,5.455295084105403,0,0.5004379749298096
scene-0027,21,6.1181632500585685,5.885755171070367,0,0.4993019104003906
scene-0027,22,6.59223633641399,6.365684811750618,0,0.49879908561706543
scene-0027,23,7.042511154317183,6.783507286365563,0,0.599931001663208
scene-0027,24,7.5157281280326504,7.353524151725838,0,0.5004258155822754
scene-0027,25,7.8761624994998325,7.678246058934988,0,0.4998950958251953
scene-0027,26,8.201741074179772,8.074187134630812,0,0.49987196922302246
scene-0027,27,8.346900196377279,8.329312994928994,0,0.4998791217803955
scene-0027,28,8.335431910724822,8.364489546260229,0,0.4998798370361328
scene-0027,29,8.184442490607854,8.306461630263607,0,0.5009670257568359
scene-0027,30,8.160535109377001,8.062169390407151,0,0.4999051094055176
scene-0027,31,8.155885708465442,8.259018698802075,0,0.49930882453918457
scene-0027,32,7.986249196261298,8.052871613357272,0,0.49985313415527344
scene-0027,33,7.835472339130874,7.919715801408408,0,0.5004298686981201
scene-0027,34,7.696972117595906,7.751246253933352,0,0.5004301071166992
scene-0027,35,7.577501381977453,7.642700013439616,0,0.5004329681396484
scene-0027,36,7.402364030100895,7.512269608580017,0,0.4998769760131836
scene-0027,37,7.213040700723468,7.292583806284891,0,0.5004410743713379
scene-0027,38,7.063986544439991,7.133421280464085,0,0.499859094619751
scene-0027,39,6.9944769856522795,6.9944769856522795,0,0.49932098388671875
scene-0028,0,6.757381698957365,0.0,1,0.0
scene-0028,1,6.574465427860595,6.757381698957365,0,0.3997938632965088
scene-0028,2,6.2201167603583984,6.428169818185857,0,0.49987006187438965
scene-0028,3,5.82304829599399,6.01208194452277,0,0.4999120235443115
scene-0028,4,5.364738182032786,5.5871079629015306,0,0.40035295486450195
scene-0028,5,4.774033640879924,5.186788584512028,0,0.4998509883880615
scene-0028,6,4.197584520953589,4.431610470143049,0,0.5999760627746582
scene-0028,7,3.900616839204155,3.920016565122792,0,0.499859094619751
scene-0028,8,3.998165690950301,3.8832345120337526,0,0.49988484382629395
scene-0028,9,4.232774805471724,4.114235426236036,0,0.5004169940948486
scene-0028,10,4.512401380314769,4.351754528112912,0,0.5004150867462158
scene-0028,11,4.71299062716229,4.673166625286181,0,0.5004620552062988
scene-0028,12,4.887122074688079,4.763890385004345,0,0.39977288246154785
scene-0028,13,4.9650944801349866,4.988711717443599,0,0.500417947769165
scene-0028,14,4.9179172554201145,4.948865413178101,0,0.49986815452575684
scene-0028,15,4.9061651859009645,4.8963844221352515,0,0.4998970031738281
scene-0028,16,4.945434602900244,4.925484038117289,0,0.5004370212554932
scene-0028,17,5.085820531453717,4.970953502895622,0,0.44952988624572754
scene-0028,18,5.323066299904323,5.190035680186867,0,0.4998891353607178
scene-0028,19,5.499330900916425,5.4566245812055385,0,0.49932098388671875
scene-0028,20,5.507475767955929,5.54556791693275,0,0.4993119239807129
scene-0028,21,5.4468577906677815,5.476549401174376,0,0.5491180419921875
scene-0028,22,5.26312056857532,5.417517905102795,0,0.5004029273986816
scene-0028,23,4.989798494749888,5.135527409884105,0,0.599963903427124
scene-0028,24,4.608331685369164,4.815178041520236,0,0.5004382133483887
scene-0028,25,4.147096258201935,4.401494494616249,0,0.5004348754882812
scene-0028,26,3.658502348425767,3.8924350834217205,0,0.4998760223388672
scene-0028,27,3.1155694831791916,3.424840412099885,0,0.5004489421844482
scene-0028,28,2.436501030886254,2.8059642028438425,0,0.49985194206237793
scene-0028,29,1.755636170090169,2.067491922265925,0,0.500446081161499
scene-0028,30,1.1057277974890802,1.4434087720830961,0,0.4998481273651123
scene-0028,31,0.5843595599256565,0.768086859617642,0,0.4998929500579834
scene-0028,32,0.27953173481216576,0.400845412543577,0,0.500432014465332
scene-0028,33,0.06382896713278866,0.15821229306068477,0,0.5004069805145264
scene-0028,34,0.02658719562486896,0.05432609115050673,0,0.39979004859924316
scene-0028,35,0.0044532995131569735,0.008141671907615274,0,0.5988578796386719
scene-0028,36,0.0010724461360649682,0.0011885838092029902,0,0.4999101161956787
scene-0028,37,0.0008804291034665889,0.0009627712865801005,0,0.49991893768310547
scene-0028,38,0.000735082763572014,0.0007987400017974109,0,0.4998199939727783
scene-0028,39,0.0006714327301245434,0.0006714327301245434,0,0.4998750686645508
scene-0029,0,0.00048094639813583496,0.0,1,0.0
scene-0029,1,0.0004456266081740095,0.00048094639813583496,0,0.5004329681396484
scene-0029,2,0.00038032069339939657,0.0004102690385812201,0,0.49989795684814453
scene-0029,3,0.00032509194648047733,0.0003503698342425731,0,0.49985599517822266
scene-0029,4,0.00027809206636361693,0.00029984330155584653,0,0.5004301071166992
scene-0029,5,0.000238325718161873,0.0002563647723170608,0,0.5009739398956299
scene-0029,6,0.00020478784464231174,0.00022026838213553795,0,0.5004611015319824
scene-0029,7,0.00017841404216337002,0.00018928869723581256,0,0.4998588562011719
scene-0029,8,0.0001535215103004041,0.0001648362542750438,0,0.40033507347106934
scene-0029,9,0.00013228943123536432,0.000144449886082173,0,0.49932003021240234
scene-0029,10,0.00011358116419482612,0.00012216898129980633,0,0.5999689102172852
scene-0029,11,9.613924729957511e-05,0.00010328651882666255,0,0.5004231929779053
scene-0029,12,8.280864012068626e-05,8.89847366515389e-05,0,0.499891996383667
scene-0029,13,7.115699667477405e-05,7.662219476316325e-05,0,0.4987919330596924
scene-0029,14,6.104247477436606e-05,6.570609799536436e-05,0,0.49985384941101074
scene-0029,15,5.33118777117388e-05,5.638678419916352e-05,0,0.5004122257232666
scene-0029,16,4.624034928976427e-05,4.9463218611962426e-05,0,0.3998069763183594
scene-0029,17,4.040043442796798e-05,4.337760396367956e-05,0,0.45009493827819824
scene-0029,18,3.5552576061471305e-05,3.771989577182401e-05,0,0.4998800754547119
scene-0029,19,3.057904660610119e-05,3.284685795500792e-05,0,0.39980292320251465
scene-0029,20,2.672647266159954e-05,2.876564484120156e-05,0,0.49987196922302246
scene-0029,21,2.3003357044652006e-05,2.4701708091857575e-05,0,0.500417947769165
scene-0029,22,1.9836703032395396e-05,2.130326999520473e-05,0,0.4998750686645508
scene-0029,23,1.708708871285433e-05,1.8374520330527543e-05,0,0.5004270076751709
scene-0029,24,1.489921450121233e-05,1.5806174279042492e-05,0,0.5004339218139648
scene-0029,25,1.2802570833113558e-05,1.376407189952052e-05,0,0.39979100227355957
scene-0029,26,1.1182947566815686e-05,1.2034423224273685e-05,0,0.5004210472106934
scene-0029,27,9.607287873422474e-06,1.0332255683171647e-05,0,0.4998760223388672
scene-0029,28,8.258438916651255e-06,8.883454117524398e-06,0,0.5004289150238037
scene-0029,29,7.118043405716929e-06,7.637559264175731e-06,0,0.4998810291290283
scene-0029,30,6.1509316881539165e-06,6.599307956494162e-06,0,0.49932003021240234
scene-0029,31,5.293039526540536e-06,5.703223163902266e-06,0,0.4998950958251953
scene-0029,32,4.544108799696435e-06,4.8831533055047465e-06,0,0.49985694885253906
scene-0029,33,3.906856837341985e-06,4.2100015347326845e-06,0,0.4998769760131836
scene-0029,34,3.3510564627583505e-06,3.605038012572237e-06,0,0.49988389015197754
scene-0029,35,2.885610759877201e-06,3.1135910766382473e-06,0,0.49986720085144043
scene-0029,36,2.5373902325434913e-06,2.757795874303839e-06,0,0.5004568099975586
scene-0029,37,2.1588875530716715e-06,2.3185802364569108e-06,0,0.4998471736907959
scene-0029,38,1.8636093845661968e-06,2.3439656374301937e-06,0,0.49987292289733887
scene-0029,39,1.8612905303735077e-06,1.8612905303735077e-06,0,0.500432014465332
scene-0030,0,7.587945439782893,0.0,1,0.0
scene-0030,1,7.5819248604414415,7.587945439782893,0,0.5006940364837646
scene-0030,2,7.56475604287661,7.576706148817769,0,0.499039888381958
scene-0030,3,7.552302451305989,7.550219622793169,0,0.39978718757629395
scene-0030,4,7.645304461552991,7.55422777057607,0,0.6005158424377441
scene-0030,5,7.6867381902956975,7.755378169355979,0,0.4998750686645508
scene-0030,6,7.604675866501354,7.601733717219939,0,0.4024989604949951
scene-0030,7,7.511825329457525,7.607229437658897,0,0.4966120719909668
scene-0030,8,7.351703762422204,7.417307481074769,0,0.49935388565063477
scene-0030,9,7.261318638317109,7.286612548169793,0,0.50040602684021
scene-0030,10,7.129157013902687,7.236575159100436,0,0.4998741149902344
scene-0030,11,6.954678097728119,7.022421790653558,0,0.5004410743713379
scene-0030,12,6.776243934694719,6.88754895898116,0,0.4998610019683838
scene-0030,13,6.59940511655469,6.666345139586899,0,0.4993429183959961
scene-0030,14,6.51402688638031,6.534009708613692,0,0.5004260540008545
scene-0030,15,6.518232706140042,6.495253067367864,0,0.4998779296875
scene-0030,16,6.552552778976153,6.542461043714809,0,0.49985408782958984
scene-0030,17,6.632724732228779,6.563166832354657,0,0.5004298686981201
scene-0030,18,6.836813922439461,6.702355990667843,0,0.5000851154327393
scene-0030,19,7.107995317637016,6.971233216187257,0,0.5002298355102539
scene-0030,20,7.308242094799576,7.244899299214132,0,0.49991703033447266
scene-0030,21,7.272834714999934,7.371855302206667,0,0.5003819465637207
scene-0030,22,7.171713737399324,7.174851981822579,0,0.5004580020904541
scene-0030,23,7.002730231084549,7.169453557654922,0,0.49930405616760254
scene-0030,24,6.7369458151972506,6.837118214203741,0,0.49986910820007324
scene-0030,25,6.480809407838647,6.636999034650258,0,0.49986886978149414
scene-0030,26,6.013109749082411,6.324627733021907,0,0.4998800754547119
scene-0030,27,5.421885774751554,5.667420417763725,0,0.45012688636779785
scene-0030,28,4.800212729811993,5.145964099753427,0,0.39977002143859863
scene-0030,29,4.135801606727406,4.526056775743769,0,0.4998769760131836
scene-0030,30,3.3851333272969804,3.7498810340228115,0,0.4998781681060791
scene-0030,31,2.5771527390800286,3.0250881896404045,0,0.49987101554870605
scene-0030,32,1.8218131478582351,2.2079184311274385,0,0.5999839305877686
scene-0030,33,1.1290026449344241,1.3605810344987972,0,0.5004150867462158
scene-0030,34,0.7071802597754233,0.8973822905029076,0,0.49986886978149414
scene-0030,35,0.33388330313483305,0.5172403993569907,0,0.5004570484161377
scene-0030,36,0.17807310714629537,0.15035290114329894,0,0.49985408782958984
scene-0030,37,0.5036665298717788,0.20331781254691753,0,0.5491108894348145
scene-0030,38,1.2551528991947807,0.7786154454213713,0,0.5999410152435303
scene-0030,39,1.8269209395553705,1.8269209395553705,0,0.5004448890686035
scene-0031,0,7.58485567209979,0.0,1,0.0
scene-0031,1,7.868680145040335,7.58485567209979,0,0.39978885650634766
scene-0031,2,8.283440829527986,8.121141256959826,0,0.450106143951416
scene-0031,3,8.503377215509676,8.430175438627428,0,0.4998970031738281
scene-0031,4,8.446450529807922,8.570404341488194,0,0.5501928329467773
scene-0031,5,8.167501756021197,8.310665323731941,0,0.5004110336303711
scene-0031,6,7.848078642299799,8.008396967952647,0,0.45014309883117676
scene-0031,7,7.542241530583805,7.716788224936026,0,0.5496349334716797
scene-0031,8,7.1304228492912864,7.3512231841673294,0,0.49985694885253906
scene-0031,9,6.764001560224515,6.910446952133887,0,0.499891996383667
scene-0031,10,6.374307241813003,6.618821597091302,0,0.49930310249328613
scene-0031,11,6.050318953639498,6.1352952043128015,0,0.5004408359527588
scene-0031,12,5.910033484148603,5.9744474963159755,0,0.49987006187438965
scene-0031,13,5.947548474130167,5.862486087661533,0,0.49994707107543945
scene-0031,14,6.041520523555277,6.057401237530327,0,0.49924802780151367
scene-0031,15,6.068325247619456,6.055822894489312,0,0.500471830368042
scene-0031,16,6.113272424525126,6.12027932117698,0,0.4998500347137451
scene-0031,17,6.022145073500189,6.144235692239788,0,0.4998600482940674
scene-0031,18,5.79638246650217,5.950350404813523,0,0.49987292289733887
scene-0031,19,5.750760829378972,5.706983588975691,0,0.5004260540008545
scene-0031,20,5.984964275414045,5.856255909173794,0,0.4998781681060791
scene-0031,21,6.499551138752186,6.165185597022505,0,0.4999048709869385
scene-0031,22,7.114373268449988,6.864297751145647,0,0.49988508224487305
scene-0031,23,7.685608347852448,7.378549979144936,0,0.49985694885253906
scene-0031,24,8.284450748102776,7.993575727601659,0,0.49988794326782227
scene-0031,25,8.8385674679748,8.574702840563125,0,0.5009629726409912
scene-0031,26,9.363006388435638,9.103005450892875,0,0.5004141330718994
scene-0031,27,9.698004442810419,9.624179926993056,0,0.49933695793151855
scene-0031,28,9.943885458704566,9.780443469981732,0,0.45011305809020996
scene-0031,29,10.082568654270798,10.078029301628762,0,0.5502099990844727
scene-0031,30,10.108740312466853,10.08808100379653,0,0.5004088878631592
scene-0031,31,10.056234918598916,10.12943614132607,0,0.49991798400878906
scene-0031,32,9.965107190868098,9.983039997142047,0,0.4998281002044678
scene-0031,33,9.753032838242149,9.947235912030365,0,0.4998738765716553
scene-0031,34,9.368827064583675,9.558858311875793,0,0.49989795684814453
scene-0031,35,9.076856492018802,9.179003645108173,0,0.5004150867462158
scene-0031,36,8.781175574937599,8.974618309602432,0,0.49986696243286133
scene-0031,37,8.47562125592856,8.58796965365579,0,0.5004570484161377
scene-0031,38,7.9665872301414105,8.363140337056294,0,0.49986696243286133
scene-0031,39,7.569586337680156,7.569586337680156,0,0.49930310249328613
scene-0032,0,6.612585685488454,0.0,1,0.0
scene-0032,1,6.3088141238552,6.612585685488454,0,0.4998650550842285
scene-0032,2,6.004141054766636,6.005831698429064,0,0.4998757839202881
scene-0032,3,5.591535557089161,6.005856054420069,0,0.5004901885986328
scene-0032,4,4.960539179337477,5.1885707740049325,0,0.5003838539123535
scene-0032,5,4.563340644069963,4.74910072682032,0,0.49933695793151855
scene-0032,6,4.151225749782621,4.394921383923886,0,0.4993271827697754
scene-0032,7,3.6720458765404094,3.9227595015970578,0,0.49987292289733887
scene-0032,8,3.2515038735894697,3.435819961005192,0,0.5004138946533203
scene-0032,9,2.9700248083447103,3.080585241472274,0,0.49987101554870605
scene-0032,10,2.8578480391637195,2.844444371017967,0,0.4003770351409912
scene-0032,11,2.8014236945669237,2.880068475333041,0,0.4998810291290283
scene-0032,12,2.7084938031715686,2.7477552970039265,0,0.5999329090118408
scene-0032,13,2.6531323726325113,2.659034695537376,0,0.4003422260284424
scene-0032,14,2.744433055651192,2.651412851268703,0,0.49985599517822266
scene-0032,15,2.8603145464728557,2.8420652119247167,0,0.5004298686981201
scene-0032,16,2.9316194145871894,2.8849667602264644,0,0.45011401176452637
scene-0032,17,3.104759273222382,2.977613849048618,0,0.4999110698699951
scene-0032,18,3.2976041098961733,3.2274030253294534,0,0.5496249198913574
scene-0032,19,3.478487903858909,3.393720078660524,0,0.4998769760131836
scene-0032,20,3.7794702034187804,3.589266630137905,0,0.4998781681060791
scene-0032,21,4.264837038203613,3.9745447042554023,0,0.6005289554595947
scene-0032,22,4.9136788833314675,4.652483608549176,0,0.5004079341888428
scene-0032,23,5.42114654833235,5.196233641447152,0,0.49989891052246094
scene-0032,24,6.046640392939128,5.658818887772641,0,0.4998340606689453
scene-0032,25,6.774624558047463,6.436686384369607,0,0.49989891052246094
scene-0032,26,7.329985074562199,7.113272980347884,0,0.49932122230529785
scene-0032,27,7.791586849809424,7.548360233806774,0,0.49875783920288086
scene-0032,28,8.232398607485143,8.037402149526752,0,0.4993171691894531
scene-0032,29,8.617781578905726,8.430559798656427,0,0.4993259906768799
scene-0032,30,8.909942774593828,8.806874790907926,0,0.5004279613494873
scene-0032,31,9.27171289006399,9.014298722090079,0,0.5004558563232422
scene-0032,32,9.657961979613992,9.529809497881043,0,0.5004019737243652
scene-0032,33,9.885417880341347,9.786125026648703,0,0.5004770755767822
scene-0032,34,9.992049350977888,9.98473602355472,0,0.5003879070281982
scene-0032,35,9.996513419626487,9.999472021764605,0,0.500432014465332
scene-0032,36,9.93586905373585,9.993813269626278,0,0.5004150867462158
scene-0032,37,9.8109589418258,9.878396989875903,0,0.5004479885101318
scene-0032,38,9.600819177360362,9.744726233493546,0,0.49988698959350586
scene-0032,39,9.457799256977871,9.457799256977871,0,0.4993021488189697
scene-0033,0,9.735802122192183,0.0,1,0.0
scene-0033,1,9.909194820775987,9.735802122192183,0,0.49985313415527344
scene-0033,2,10.19332677467317,10.085987808351467,0,0.5003888607025146
scene-0033,3,10.497438961096783,10.30175415407696,0,0.49994516372680664
scene-0033,4,10.715035295191901,10.693984265812277,0,0.4992527961730957
scene-0033,5,10.82193776684153,10.736678713188644,0,0.49990010261535645
scene-0033,6,11.005696385402668,10.928655813041814,0,0.39980196952819824
scene-0033,7,11.105460828293579,11.06744774958225,0,0.4998490810394287
scene-0033,8,11.156959804910816,11.143430366561239,0,0.5004279613494873
scene-0033,9,11.162289427168504,11.170612084101318,0,0.500432014465332
scene-0033,10,11.146055826911338,11.154073979672361,0,0.4998619556427002
scene-0033,11,11.109096315678133,11.138188358010469,0,0.499891996383667
scene-0033,12,11.01829877210149,11.080047886828183,0,0.49987101554870605
scene-0033,13,10.89379090786017,10.956484230121088,0,0.49933290481567383
scene-0033,14,10.794439802856035,10.831112963817176,0,0.4993000030517578
scene-0033,15,10.631355681629971,10.757845526605323,0,0.49991321563720703
scene-0033,16,10.363788341996768,10.504993183694577,0,0.5004169940948486
scene-0033,17,10.128179705659875,10.222508456994571,0,0.4998748302459717
scene-0033,18,9.912778302430299,10.035119238947367,0,0.4998781681060791
scene-0033,19,9.781224600011145,9.792080425395437,0,0.499863862991333
scene-0033,20,9.773990319322058,9.77283748667673,0,0.4998629093170166
scene-0033,21,9.73194473669475,9.777420245023208,0,0.5004470348358154
scene-0033,22,9.710788276450545,9.683139696569867,0,0.45009517669677734
scene-0033,23,9.714322573722454,9.737789163494286,0,0.5004708766937256
scene-0033,24,9.65862135969949,9.693611439461069,0,0.4998350143432617
scene-0033,25,9.66547064155782,9.629411222387668,0,0.5501909255981445
scene-0033,26,9.660062946202883,9.711211031720232,0,0.5004270076751709
scene-0033,27,9.604848953386286,9.611169185026272,0,0.4998960494995117
scene-0033,28,9.508044540580176,9.598787407288107,0,0.49987101554870605
scene-0033,29,9.344687503311595,9.407276843370536,0,0.45012712478637695
scene-0033,30,9.175794379562543,9.288349161119864,0,0.4998488426208496
scene-0033,31,8.918310076972395,9.063401631869848,0,0.5004270076751709
scene-0033,32,8.811136660700956,8.786220749746484,0,0.5496420860290527
scene-0033,33,8.824999448912392,8.841611419025023,0,0.44959187507629395
scene-0033,34,8.732701081614778,8.810104312763823,0,0.5004091262817383
scene-0033,35,8.55851031420548,8.655219295990717,0,0.49987006187438965
scene-0033,36,8.487221754253062,8.46190881221514,0,0.500424861907959
scene-0033,37,8.406120480805127,8.512570611047776,0,0.49987196922302246
scene-0033,38,8.155980640401866,8.299819548332646,0,0.4998769760131836
scene-0033,39,8.012380269650805,8.012380269650805,0,0.5004310607910156
scene-0034,0,8.678006688376836,0.0,1,0.0
scene-0034,1,8.763842139930649,8.678006688376836,0,0.49987316131591797
scene-0034,2,8.854265828930995,8.859640873057526,0,0.4998478889465332
scene-0034,3,8.884985865488213,8.860749901613543,0,0.4998970031738281
scene-0034,4,8.96935388881014,8.919255168624947,0,0.49987101554870605
scene-0034,5,9.089629288471874,9.023662432570147,0,0.5004348754882812
scene-0034,6,9.24077271367729,9.156751424215935,0,0.499298095703125
scene-0034,7,9.262095592741847,9.325078618589435,0,0.4998939037322998
scene-0034,8,9.23965264400935,9.199749552516005,0,0.49988603591918945
scene-0034,9,9.370209548377996,9.277773084959952,0,0.5507540702819824
scene-0034,10,9.579991833036091,9.486697702565934,0,0.4506349563598633
scene-0034,11,9.662584360482658,9.665532090568238,0,0.5004420280456543
scene-0034,12,9.714265776777216,9.661871066818449,0,0.5004310607910156
scene-0034,13,9.7594172120472,9.76955853253269,0,0.5004229545593262
scene-0034,14,9.856342723096432,9.752035715452076,0,0.4998750686645508
scene-0034,15,9.95271436367044,9.961778879129422,0,0.49932193756103516
scene-0034,16,9.933821881388983,9.944755502579053,0,0.500438928604126
scene-0034,17,9.861728508324983,9.92470081098169,0,0.4993140697479248
scene-0034,18,9.674009106738579,9.800588282278483,0,0.5004479885101318
scene-0034,19,9.374681909398223,9.560107175312229,0,0.5496180057525635
scene-0034,20,9.029582486128824,9.171809376945992,0,0.4998970031738281
scene-0034,21,8.688741201641493,8.887512021889936,0,0.4998490810394287
scene-0034,22,8.179641066829744,8.489998248395283,0,0.4998779296875
scene-0034,23,7.632742359226238,7.869627794966054,0,0.5004289150238037
scene-0034,24,7.003309494914651,7.3956072212981505,0,0.4998931884765625
scene-0034,25,6.339225251680041,6.611431277017814,0,0.5004158020019531
scene-0034,26,5.845542592085152,6.0672014191465555,0,0.5004541873931885
scene-0034,27,5.552258779777489,5.62572806108556,0,0.499849796295166
scene-0034,28,5.483873261534496,5.48171485444855,0,0.4998750686645508
scene-0034,29,5.481747281820339,5.488678965765426,0,0.4998741149902344
scene-0034,30,5.444477930670952,5.476802959818769,0,0.49932098388671875
scene-0034,31,5.363627450409229,5.408684794012884,0,0.4490230083465576
scene-0034,32,5.280304614671378,5.327448032874718,0,0.5496289730072021
scene-0034,33,5.197385633847893,5.232087631676506,0,0.4993259906768799
scene-0034,34,5.118709813405335,5.16618530311589,0,0.500450849533081
scene-0034,35,5.074553737748274,5.072452983164642,0,0.5009891986846924
scene-0034,36,5.040427934944989,5.076389658838391,0,0.5993778705596924
scene-0034,37,5.089502738265731,4.987218896784095,0,0.400907039642334
scene-0034,38,5.174834258034213,5.174834258034213,0,0.5004251003265381
scene-0035,0,12.141172247621713,0.0,1,0.0
scene-0035,1,12.053888757427453,12.141172247621713,0,0.5004348754882812
scene-0035,2,11.82569220241855,11.969052550783525,0,0.4992961883544922
scene-0035,3,11.526076688393742,11.685072148140211,0,0.49988484382629395
scene-0035,4,11.263471733800333,11.368669425681054,0,0.49988412857055664
scene-0035,5,11.251604472229252,11.159392888449393,0,0.5004160404205322
scene-0035,6,11.340012657710822,11.35472392225679,0,0.4495689868927002
scene-0035,7,10.899712699687594,11.328087827332663,0,0.49985790252685547
scene-0035,8,10.382569590884296,10.47407165659058,0,0.5004520416259766
scene-0035,9,10.090174513563982,10.293239583835929,0,0.49986791610717773
scene-0035,10,9.689267135641577,9.889585184824853,0,0.500432014465332
scene-0035,11,9.23795121223291,9.509762926586419,0,0.5502030849456787
scene-0035,12,8.70981988932853,8.941432280970123,0,0.5004129409790039
scene-0035,13,8.203058667808952,8.479483617366009,0,0.49986791610717773
scene-0035,14,7.906229526918702,7.927735157088706,0,0.4998781681060791
scene-0035,15,7.832406008804247,7.885893895841328,0,0.4993410110473633
scene-0035,16,7.932063372299434,7.781028453474414,0,0.5004069805145264
scene-0035,17,8.196957916371963,8.084939735589321,0,0.4998788833618164
scene-0035,18,8.35034555253331,8.310100890307131,0,0.5004651546478271
scene-0035,19,8.496146306047434,8.392849336594047,0,0.49986982345581055
scene-0035,20,8.932165600693612,8.613298643109607,0,0.45007896423339844
scene-0035,21,9.380601824661879,9.220851400783413,0,0.49932312965393066
scene-0035,22,9.694695350251967,9.542587770783483,0,0.49989795684814453
scene-0035,23,9.921403879680676,9.848480956161612,0,0.49985599517822266
scene-0035,24,10.02218251480373,9.996518504390894,0,0.4999070167541504
scene-0035,25,10.140801855146666,10.04784565828826,0,0.5501708984375
scene-0035,26,10.385810585502211,10.257335287691234,0,0.4501030445098877
scene-0035,27,10.55538580941673,10.503074625065322,0,0.4998900890350342
scene-0035,28,10.726987167418306,10.610099185109961,0,0.49986696243286133
scene-0035,29,11.031658720575393,10.845457062898346,0,0.4998800754547119
scene-0035,30,11.37122779592809,11.219838084602653,0,0.4998738765716553
scene-0035,31,11.634779861015065,11.560685692500535,0,0.40036916732788086
scene-0035,32,11.756111806668802,11.694047707625343,0,0.5010018348693848
scene-0035,33,11.997077825268066,11.83379713271115,0,0.40030813217163086
scene-0035,34,12.239847358834952,12.127817357310853,0,0.5004339218139648
scene-0035,35,12.447066972392694,12.35205377688407,0,0.49986696243286133
scene-0035,36,12.565407153602397,12.542155278171755,0,0.49991512298583984
scene-0035,37,12.58432778377001,12.588741665429529,0,0.4998610019683838
scene-0035,38,12.65133771007445,12.579441683745873,0,0.4501218795776367
scene-0035,39,12.716176884659921,12.716176884659921,0,0.49930405616760254
scene-0036,0,9.37405846903857,0.0,1,0.0
scene-0036,1,9.474661324195196,9.37405846903857,0,0.4998908042907715
scene-0036,2,9.588387366942497,9.575170735428545,0,0.5004050731658936
scene-0036,3,9.62837073459166,9.601630377321992,0,0.5004520416259766
scene-0036,4,9.757803924028426,9.655143205317893,0,0.4998600482940674
scene-0036,5,9.97229486637022,9.860482839066345,0,0.49986696243286133
scene-0036,6,10.118300166419466,10.084233945382726,0,0.49932098388671875
scene-0036,7,10.203717471794004,10.156167462739518,0,0.4495670795440674
scene-0036,8,10.259345239603487,10.24645132805634,0,0.5004189014434814
scene-0036,9,10.369217755648618,10.272319580747427,0,0.5004339218139648
scene-0036,10,10.398400703058503,10.466226166449985,0,0.49987101554870605
scene-0036,11,10.451411695123356,10.33688039991829,0,0.5507540702819824
scene-0036,12,10.426211254486564,10.577602268235813,0,0.49986791610717773
scene-0036,13,10.202381898593803,10.275001296368497,0,0.5004520416259766
scene-0036,14,10.049078414116128,10.121538928498518,0,0.4495420455932617
scene-0036,15,10.005780376018242,9.98391341610646,0,0.49987006187438965
scene-0036,16,10.07053154253542,10.027684887011572,0,0.4993278980255127
scene-0036,17,10.174931802043881,10.109422657509919,0,0.5501971244812012
scene-0036,18,10.203748390518859,10.247014250405478,0,0.5004558563232422
scene-0036,19,10.165841996142637,10.160435993298263,0,0.4998891353607178
scene-0036,20,10.020483098221003,10.171296893749387,0,0.4998338222503662
scene-0036,21,9.880197984155359,9.869568269882766,0,0.499345064163208
scene-0036,22,10.04542574387701,9.891994166003986,0,0.45007991790771484
scene-0036,23,10.145137835819334,10.170891868727344,0,0.5507581233978271
scene-0036,24,10.017740702588984,10.113646764829168,0,0.4501199722290039
scene-0036,25,9.914699597835327,9.939201937693001,0,0.5496280193328857
scene-0036,26,9.879298111425442,9.887799903470915,0,0.5004310607910156
scene-0036,27,9.798963532699497,9.870805048098914,0,0.49988389015197754
scene-0036,28,9.759092953698191,9.727123197635674,0,0.4998650550842285
scene-0036,29,9.782160689130448,9.791120793850618,0,0.4993410110473633
scene-0036,30,9.816529462739942,9.77322082168838,0,0.5004279613494873
scene-0036,31,9.982112015593037,9.859841127855818,0,0.5004091262817383
scene-0036,32,10.05103344808564,10.10450550675837,0,0.49993085861206055
scene-0036,33,10.091350122668592,9.997554296824672,0,0.4998340606689453
scene-0036,34,10.197217296298806,10.19553373585599,0,0.45011186599731445
scene-0036,35,10.177019506918404,10.198598411983376,0,0.5496330261230469
scene-0036,36,10.295528705606378,10.153333550400111,0,0.5004251003265381
scene-0036,37,10.324760656620064,10.437721950952083,0,0.500432014465332
scene-0036,38,10.205930559815233,10.199057881683508,0,0.4495699405670166
scene-0036,39,10.212147549637715,10.212147549637715,0,0.49930310249328613
scene-0038,0,5.061552578085183,0.0,1,0.0
scene-0038,1,5.180305699677059,5.061552578085183,0,0.5004220008850098
scene-0038,2,5.487441420596324,5.322827457418445,0,0.5004339218139648
scene-0038,3,5.96971944292788,5.665608670536205,0,0.4998610019683838
scene-0038,4,6.343546090725911,6.277391384180522,0,0.49987006187438965
scene-0038,5,6.428141109335064,6.4097737740885785,0,0.49932289123535156
scene-0038,6,6.541544704017762,6.448712173087325,0,0.4495570659637451
scene-0038,7,6.735337177463805,6.617648088824072,0,0.5496668815612793
scene-0038,8,7.008802457400193,6.866483297944752,0,0.49985194206237793
scene-0038,9,7.237673134321806,7.1524249131710045,0,0.500460147857666
scene-0038,10,7.452978984798274,7.323836549498904,0,0.5004210472106934
scene-0038,11,7.820871650124693,7.582323514714565,0,0.4998509883880615
scene-0038,12,8.258899074688278,8.059403792168572,0,0.499891996383667
scene-0038,13,8.6067260007004,8.458628971688432,0,0.49930787086486816
scene-0038,14,8.887969749163156,8.771011139994787,0,0.45010805130004883
scene-0038,15,9.15998279114799,8.993168323342973,0,0.5004479885101318
scene-0038,16,9.28705326799485,9.32681276458841,0,0.5004119873046875
scene-0038,17,9.36926904826068,9.247303839656162,0,0.4998741149902344
scene-0038,18,9.552079520560639,9.491413719482264,0,0.5004289150238037
scene-0038,19,9.611894077299533,9.612881083241444,0,0.4993278980255127
scene-0038,20,9.553280954227947,9.61098736383141,0,0.49987316131591797
scene-0038,21,9.522901196588263,9.495835462844504,0,0.4998898506164551
scene-0038,22,9.460815185648501,9.550004151189437,0,0.5004191398620605
scene-0038,23,9.301479124686997,9.380082967359947,0,0.5502078533172607
scene-0038,24,9.107478901106786,9.215093064873907,0,0.49986720085144043
scene-0038,25,8.851811750529231,9.000262589102265,0,0.4998819828033447
scene-0038,26,8.55786397121245,8.688213293619986,0,0.4495408535003662
scene-0038,27,8.325570047860499,8.450003965506149,0,0.5004329681396484
scene-0038,28,8.126985410579543,8.222882777959153,0,0.499891996383667
scene-0038,29,7.980495819085596,8.077019151146605,0,0.5496320724487305
scene-0038,30,7.993921891010415,7.951230426958809,0,0.5999560356140137
scene-0038,31,8.089041630487069,8.117392722790544,0,0.3997969627380371
scene-0038,32,8.087260560794457,8.09538378309245,0,0.49986696243286133
scene-0038,33,8.17383051506481,8.1109474432646,0,0.5004639625549316
scene-0038,34,8.311894812132767,8.26536918252334,0,0.5009691715240479
scene-0038,35,8.41805908836533,8.391827375057213,0,0.5004279613494873
scene-0038,36,8.554201040967977,8.47399210411174,0,0.49988698959350586
scene-0038,37,8.678957135950114,8.65750825559491,0,0.4993290901184082
scene-0038,38,8.795340327331385,8.707956296192583,0,0.4999048709869385
scene-0038,39,8.884133797693915,8.884133797693915,0,0.5003979206085205
scene-0039,0,7.289903407558626,0.0,1,0.0
scene-0039,1,7.647334338862718,7.289903407558626,0,0.49985814094543457
scene-0039,2,8.382363424324339,8.00477575966632,0,0.4998798370361328
scene-0039,3,9.104619681121298,8.75959458606346,0,0.5004241466522217
scene-0039,4,9.567803675214213,9.450026583417658,0,0.49987101554870605
scene-0039,5,10.00333070324509,9.685619842299023,0,0.4998939037322998
scene-0039,6,10.607575780082094,10.320711928656461,0,0.5004289150238037
scene-0039,7,11.103910340373185,10.846635482997502,0,0.600506067276001
scene-0039,8,11.57137696191311,11.412642884018275,0,0.5004270076751709
scene-0039,9,11.797745916606784,11.730109475172156,0,0.5004351139068604
scene-0039,10,12.011231010287817,11.865467878638993,0,0.49986886978149414
scene-0039,11,12.284466950729534,12.157080189343368,0,0.49987196922302246
scene-0039,12,12.454768711695163,12.443745817043599,0,0.39979100227355957
scene-0039,13,12.473502280368734,12.463620432266596,0,0.49931907653808594
scene-0039,14,12.610830796702047,12.484498684518595,0,0.4501159191131592
scene-0039,15,12.643996312631568,12.724636465299358,0,0.49988698959350586
scene-0039,16,12.512705297131339,12.56344163787882,0,0.49987196922302246
scene-0039,17,12.345736372375004,12.462048390367993,0,0.4998941421508789
scene-0039,18,12.175030185198942,12.229627069893162,0,0.4998619556427002
scene-0039,19,12.141432632839706,12.120436389373637,0,0.4998600482940674
scene-0039,20,11.987576517527627,12.162548105442351,0,0.49989891052246094
scene-0039,21,11.800223483820911,11.828608603245552,0,0.5501999855041504
scene-0039,22,11.629267577464633,11.768966296693359,0,0.49930405616760254
scene-0039,23,11.415930542263292,11.489881546991672,0,0.5004210472106934
scene-0039,24,11.268086420999392,11.342019879231945,0,0.5004448890686035
scene-0039,25,11.123290998705594,11.194158791442973,0,0.5004141330718994
scene-0039,26,10.909726570526107,11.052454255775563,0,0.5004439353942871
scene-0039,27,10.49801580328496,10.767066617942604,0,0.500417947769165
scene-0039,28,10.113346652996775,10.229058737034734,0,0.4998741149902344
scene-0039,29,9.873669376373002,9.998322548619438,0,0.5004379749298096
scene-0039,30,9.551147690752407,9.735794826700582,0,0.4501008987426758
scene-0039,31,9.276797690789364,9.386116413391072,0,0.49988818168640137
scene-0039,32,9.036869007694017,9.169097728133389,0,0.4998788833618164
scene-0039,33,8.743895512991946,8.906266805018614,0,0.4998750686645508
scene-0039,34,8.472115778191558,8.58356857395033,0,0.4993259906768799
scene-0039,35,8.102260478587139,8.362148472742202,0,0.49985289573669434
scene-0039,36,7.843401639192232,7.844055976643797,0,0.4998891353607178
scene-0039,37,7.656426377476663,7.843830239755937,0,0.4993100166320801
scene-0039,38,7.407457196909713,7.470381689637377,0,0.49988484382629395
scene-0039,39,7.345472001614142,7.345472001614142,0,0.500452995300293
scene-0041,0,7.8014538403187395,0.0,1,0.0
scene-0041,1,7.5056802493095365,7.8014538403187395,0,0.49930405616760254
scene-0041,2,6.9214572467245885,7.210291537343216,0,0.49993181228637695
scene-0041,3,6.365674420899815,6.658959990753021,0,0.5495882034301758
scene-0041,4,5.820022395911088,6.045843660078881,0,0.49933886528015137
scene-0041,5,5.561593649525974,5.604218892309052,0,0.4993140697479248
scene-0041,6,5.415381451791693,5.538994445260966,0,0.4998760223388672
scene-0041,7,5.345772932375719,5.317873722911998,0,0.5004408359527588
scene-0041,8,5.471097444652548,5.410088171645765,0,0.501014232635498
scene-0041,9,5.708492821706312,5.581476087345593,0,0.500417947769165
scene-0041,10,6.096683201078591,5.89392192374742,0,0.4998488426208496
scene-0041,11,6.577656954513693,6.37646312786261,0,0.45122408866882324
scene-0041,12,7.014621126948772,6.792582025378418,0,0.5004520416259766
scene-0041,13,7.570991104541319,7.2594206380580895,0,0.5004279613494873
scene-0041,14,8.226309771168525,7.889219772927017,0,0.4998459815979004
scene-0041,15,8.776856366690813,8.53356519922644,0,0.5496361255645752
scene-0041,16,9.301879264178138,9.04471066800251,0,0.4993128776550293
scene-0041,17,9.481389868029167,9.559743096976748,0,0.49933290481567383
scene-0041,18,9.337015631349066,9.403890542431837,0,0.4993131160736084
scene-0041,19,9.26239756467719,9.270536214182222,0,0.49988698959350586
scene-0041,20,9.041584147380117,9.25375525966115,0,0.4501180648803711
scene-0041,21,8.739944223342505,8.803054849489477,0,0.40032196044921875
scene-0041,22,8.44911326779449,8.689455733646474,0,0.4998900890350342
scene-0041,23,8.003927680035522,8.209241103600759,0,0.5004189014434814
scene-0041,24,7.437549487960399,7.798629368683253,0,0.49933695793151855
scene-0041,25,6.840344931734275,7.077550462926739,0,0.4998791217803955
scene-0041,26,6.277847460259005,6.603933768073868,0,0.5004258155822754
scene-0041,27,5.601294242629037,5.952233987340969,0,0.5004501342773438
scene-0041,28,4.931759802422874,5.2504222158644795,0,0.5004148483276367
scene-0041,29,4.289583307534143,4.612863058552457,0,0.49986815452575684
scene-0041,30,3.705165390480383,3.966304265375706,0,0.4998619556427002
scene-0041,31,3.12626427654232,3.4440740852648215,0,0.49988698959350586
scene-0041,32,2.536472388911817,2.8088622321163217,0,0.500420093536377
scene-0041,33,2.093950236237838,2.264098749460627,0,0.5004479885101318
scene-0041,34,1.6621476205016577,1.8810199085396875,0,0.3997960090637207
scene-0041,35,1.266657135457824,1.487317932391414,0,0.5004420280456543
scene-0041,36,0.8792177330487863,1.045734569864112,0,0.4998347759246826
scene-0041,37,0.5427732827557741,0.7125372356433548,0,0.49933815002441406
scene-0041,38,0.2270503883514575,0.3730141345512923,0,0.4993410110473633
scene-0041,39,0.08107291661745773,0.08107291661745773,0,0.4992940425872803
scene-0042,0,11.196161922128756,0.0,1,0.0
scene-0042,1,11.216481299478758,11.196161922128756,0,0.4993469715118408
scene-0042,2,11.201100789482739,11.236759296848861,0,0.500432014465332
scene-0042,3,11.076066065456176,11.165425349438566,0,0.49988412857055664
scene-0042,4,11.091697800843937,10.964320506077279,0,0.3997349739074707
scene-0042,5,11.08379958288025,11.193558819947857,0,0.4998939037322998
scene-0042,6,10.93733042722638,10.973972908959578,0,0.4993109703063965
scene-0042,7,10.77904220015733,10.9006896018197,0,0.49932003021240234
scene-0042,8,10.672660634169143,10.65753671761122,0,0.4998970031738281
scene-0042,9,10.760454685763298,10.687743433573202,0,0.5015280246734619
scene-0042,10,10.957306425269765,10.833290419054025,0,0.5009889602661133
scene-0042,11,11.203690226457859,11.081487868390488,0,0.5004110336303711
scene-0042,12,11.540936600068186,11.325924231942622,0,0.5004739761352539
scene-0042,13,11.713793288598366,11.756073425983672,0,0.5003869533538818
scene-0042,14,11.767537792690653,11.671494287115094,0,0.4999110698699951
scene-0042,15,11.860654777458432,11.863612720068073,0,0.4998481273651123
scene-0042,16,11.95936575736092,11.85777897206354,0,0.49932193756103516
scene-0042,17,12.178181667161647,12.060937917643507,0,0.49939489364624023
scene-0042,18,12.307828013383567,12.295522282902047,0,0.499237060546875
scene-0042,19,12.32215272025039,12.32011929071886,0,0.4999089241027832
scene-0042,20,12.753088430933074,12.324204725237669,0,0.49930810928344727
scene-0042,21,12.642098065951524,13.181431166626597,0,0.49993896484375
scene-0042,22,12.04217454783256,12.102618954216704,0,0.4998021125793457
scene-0042,23,11.790579673231887,11.96661129218717,0,0.3997819423675537
scene-0042,24,11.578575186240032,11.649820105661858,0,0.4998800754547119
scene-0042,25,11.353162155170196,11.507516176592157,0,0.49987292289733887
scene-0042,26,11.104409498676556,11.199458675002637,0,0.500432014465332
scene-0042,27,10.93941695424345,11.009705063958936,0,0.4998779296875
scene-0042,28,10.899075303693042,10.869737644416542,0,0.5004329681396484
scene-0042,29,10.90977046012863,10.932067460831568,0,0.4506649971008301
scene-0042,30,10.886320395911167,10.889757345716085,0,0.5004220008850098
scene-0042,31,10.87906945011191,10.883024268908137,0,0.501000165939331
scene-0042,32,10.9581019059812,10.87511714249959,0,0.5004129409790039
scene-0042,33,11.022602588699236,11.041510015661466,0,0.4998819828033447
scene-0042,34,10.954818409771075,11.003697976122254,0,0.4998788833618164
scene-0042,35,10.961459065490295,10.894003756401322,0,0.4003560543060303
scene-0042,36,11.01377942717423,11.015512140790936,0,0.4998490810394287
scene-0042,37,11.065947317493185,11.011674365553812,0,0.4003448486328125
scene-0042,38,11.095404333784698,11.10951939894452,0,0.4993271827697754
scene-0042,39,11.117787501419253,11.07975459231892,0,0.4495530128479004
scene-0042,40,11.152136992589575,11.152136992589575,0,0.4998748302459717
scene-0043,0,7.412859970427538,0.0,1,0.0
scene-0043,1,7.221640115950337,7.412859970427538,0,0.49988508224487305
scene-0043,2,6.836301388233343,7.062499536591965,0,0.5999491214752197
scene-0043,3,6.648140125237364,6.564961568620225,0,0.49988794326782227
scene-0043,4,6.76108955992042,6.731319918912731,0,0.500417947769165
scene-0043,5,6.776036805668303,6.790891786427202,0,0.49987292289733887
scene-0043,6,6.729002903432694,6.763703886161422,0,0.5999641418457031
scene-0043,7,6.587892011706434,6.687355656419966,0,0.49988889694213867
scene-0043,8,6.352188824731808,6.48843856078986,0,0.4998791217803955
scene-0043,9,6.092603979331268,6.216108058558911,0,0.5004148483276367
scene-0043,10,5.884245899186281,5.968977363419714,0,0.49990105628967285
scene-0043,11,5.6921004229716,5.807179182010288,0,0.5496170520782471
scene-0043,12,5.380663297117612,5.565577127476465,0,0.49989986419677734
scene-0043,13,5.089371646798731,5.195733370254404,0,0.499845027923584
scene-0043,14,4.845423513731549,4.983016776979186,0,0.4998769760131836
scene-0043,15,4.550618503882378,4.707839195485933,0,0.4998750686645508
scene-0043,16,4.221777338845958,4.3934077314377875,0,0.499891996383667
scene-0043,17,3.8209743253453112,4.031199167429658,0,0.45010995864868164
scene-0043,18,3.470757938497927,3.6316836662909076,0,0.49986696243286133
scene-0043,19,3.169179838875661,3.324708649384986,0,0.5507681369781494
scene-0043,20,2.7886846422462166,2.9978437931039306,0,0.4998600482940674
scene-0043,21,2.431817103057783,2.579766439100344,0,0.5004358291625977
scene-0043,22,2.0858596482977414,2.2837019835149173,0,0.4998660087585449
scene-0043,23,1.7315796404379766,1.8878089735818535,0,0.49932098388671875
scene-0043,24,1.263501254266787,1.5757003074406055,0,0.5004420280456543
scene-0043,25,0.7339853530785648,0.9506171562894,0,0.49933314323425293
scene-0043,26,0.3396079027108434,0.49365462368283103,0,0.4500918388366699
scene-0043,27,0.09230497161277099,0.2010630777037454,0,0.5004379749298096
scene-0043,28,0.01248156506715262,0.017260488450588717,0,0.4998641014099121
scene-0043,29,0.004778834185107039,0.007831180317176672,0,0.49988508224487305
scene-0043,30,0.0026364251015894772,0.0028924076380618534,0,0.4998660087585449
scene-0043,31,0.0021857840839424403,0.0023825797040241342,0,0.5004270076751709
scene-0043,32,0.0018314025784996917,0.0019890903414750342,0,0.4998819828033447
scene-0043,33,0.001531868813561662,0.0016737178279321067,0,0.49988698959350586
scene-0043,34,0.0012976087564792772,0.0014028651479967204,0,0.5496368408203125
scene-0043,35,0.0010943777496194643,0.001182002019045905,0,0.5004270076751709
scene-0043,36,0.0009405188152921768,0.001006762398059944,0,0.5004491806030273
scene-0043,37,0.000805078611198043,0.0008669523839310015,0,0.45063185691833496
scene-0043,38,0.0007493032087947127,0.0007493032087947127,0,0.4998960494995117
scene-0044,0,12.469719072998078,0.0,1,0.0
scene-0044,1,12.348997649123177,12.469719072998078,0,0.499896764755249
scene-0044,2,12.122339130918286,12.228145214680483,0,0.4993162155151367
scene-0044,3,11.872050492626842,12.026370441263202,0,0.5501809120178223
scene-0044,4,11.457820448190452,11.704048658472956,0,0.5004689693450928
scene-0044,5,11.148342498770152,11.214074170846734,0,0.5009419918060303
scene-0044,6,10.919506492548717,11.08505017249933,0,0.5004360675811768
scene-0044,7,10.40385465470336,10.738629617688012,0,0.45012402534484863
scene-0044,8,9.853520465621154,10.103695222523108,0,0.49985194206237793
scene-0044,9,9.248724451787895,9.604352079988525,0,0.500452995300293
scene-0044,10,8.56147525035829,8.893250642068947,0,0.49930810928344727
scene-0044,11,7.9579463450363335,8.23043102090549,0,0.49988293647766113
scene-0044,12,7.46125159046782,7.685946313787465,0,0.499863862991333
scene-0044,13,7.00133503477111,7.180425061247194,0,0.39978814125061035
scene-0044,14,6.6192065088126295,6.858572617591191,0,0.49988889694213867
scene-0044,15,6.305613237342672,6.320223042125108,0,0.39979004859924316
scene-0044,16,6.415027446348174,6.293961058441109,0,0.49935197830200195
scene-0044,17,6.681006067936915,6.549363981005113,0,0.4500899314880371
scene-0044,18,7.011047028926886,6.799753556701565,0,0.49932217597961426
scene-0044,19,7.1839341873923415,7.222402714491289,0,0.49988698959350586
scene-0044,20,7.0675315190438255,7.14561675873157,0,0.49986791610717773
scene-0044,21,7.354286218112995,6.996665552506871,0,0.5507590770721436
scene-0044,22,8.260797996628158,7.747912739890491,0,0.5004968643188477
scene-0044,23,9.139622178292804,8.77396629926641,0,0.5003340244293213
scene-0044,24,9.814728249704478,9.505215993808779,0,0.5004451274871826
scene-0044,25,10.464432261048156,10.124309045069005,0,0.5004258155822754
scene-0044,26,11.069077401209773,10.804766981145402,0,0.5004210472106934
scene-0044,27,11.584278295639614,11.333997402245929,0,0.4998631477355957
scene-0044,28,11.968931643048236,11.83552345997432,0,0.5004270076751709
scene-0044,29,12.188738396675026,12.104671305160275,0,0.49990296363830566
scene-0044,30,12.438871361886653,12.277215128521478,0,0.4993770122528076
scene-0044,31,12.619819198793994,12.603968495412992,0,0.4998190402984619
scene-0044,32,12.613135442726968,12.640108977171275,0,0.4993000030517578
scene-0044,33,12.54771478354665,12.590198982577775,0,0.4998757839202881
scene-0044,34,12.525208169443534,12.510649846517751,0,0.4993891716003418
scene-0044,35,12.593967056123597,12.546378759836914,0,0.49982380867004395
scene-0044,36,12.700347094920739,12.648887553538948,0,0.4998781681060791
scene-0044,37,12.897055105874754,12.764671354933125,0,0.45009899139404297
scene-0044,38,12.934696842984689,13.01977859331841,0,0.4998779296875
scene-0044,39,12.852152226483136,12.852152226483136,0,0.5004329681396484
scene-0045,0,0.29982616845530113,0.0,1,0.0
scene-0045,1,0.5014969574229183,0.29982616845530113,0,0.5009539127349854
scene-0045,2,0.9043774427872607,0.6851230048318215,0,0.5501840114593506
scene-0045,3,1.2292130716170593,1.105439199457814,0,0.5999929904937744
scene-0045,4,1.8835777925534782,1.3776301418133785,0,0.5003941059112549
scene-0045,5,3.030904697668954,2.3900614308016075,0,0.49986696243286133
scene-0045,6,4.107172124928019,3.671708762467174,0,0.49989795684814453
scene-0045,7,5.045662494437129,4.54267915675116,0,0.49985408782958984
scene-0045,8,5.998205040967721,5.548673287171802,0,0.4998788833618164
scene-0045,9,6.681928114032155,6.448210719476142,0,0.49935293197631836
scene-0045,10,6.948384860268256,6.915437284987777,0,0.4998490810394287
scene-0045,11,6.840986428967039,6.981347557566664,0,0.49987292289733887
scene-0045,12,6.454765894989581,6.700547736724711,0,0.499330997467041
scene-0045,13,5.9503999347026175,6.209537369605333,0,0.5004270076751709
scene-0045,14,5.406822197359571,5.626081353867354,0,0.39981913566589355
scene-0045,15,5.0167091345355885,5.211805986120691,0,0.44951701164245605
scene-0045,16,4.713908049191265,4.84126766836913,0,0.4998779296875
scene-0045,17,4.481397565813589,4.586815205450861,0,0.5004370212554932
scene-0045,18,4.304543427180958,4.375890953763324,0,0.4998779296875
scene-0045,19,4.0765042848655515,4.233281083951449,0,0.5004539489746094
scene-0045,20,3.6861140968259365,3.919899118296877,0,0.5009810924530029
scene-0045,21,3.170578927183263,3.451863469065581,0,0.499845027923584
scene-0045,22,2.6083900763084777,2.9148079154832116,0,0.5496399402618408
scene-0045,23,2.037489147296365,2.2715028844880676,0,0.4999270439147949
scene-0045,24,1.71628777262526,1.8034516836138357,0,0.4998760223388672
scene-0045,25,1.6228569498776153,1.6436633076464813,0,0.5999069213867188
scene-0045,26,1.5885924663063593,1.597926979429044,0,0.5004360675811768
scene-0045,27,1.4466186364180427,1.5792797523830249,0,0.5004429817199707
scene-0045,28,1.170952957402287,1.3138066963712163,0,0.49987292289733887
scene-0045,29,0.8870606664490075,1.0280978032829107,0,0.49986696243286133
scene-0045,30,0.6061089968144161,0.7461948544468283,0,0.5004251003265381
scene-0045,31,0.4881276177757045,0.4658794056547262,0,0.4998819828033447
scene-0045,32,0.7903075212399039,0.5103766486658889,0,0.4998660087585449
scene-0045,33,1.6301852791496618,1.0705400927317292,0,0.4993281364440918
scene-0045,34,2.5833492008310572,2.1892603777638477,0,0.4998738765716553
scene-0045,35,3.1975426064787444,2.9770935403897263,0,0.5004301071166992
scene-0045,36,3.565672169535693,3.418325551450822,0,0.4998738765716553
scene-0045,37,3.7827204006300184,3.7497048050956305,0,0.4003419876098633
scene-0045,38,3.8092105878050457,3.8092105878050457,0,0.4998910427093506
scene-0046,0,7.717591603133195,0.0,1,0.0
scene-0046,1,8.022548564492048,7.717591603133195,0,0.3997819423675537
scene-0046,2,8.390173771964323,8.266716495755599,0,0.49931812286376953
scene-0046,3,8.537727726635437,8.513731348076295,0,0.4998779296875
scene-0046,4,8.520751602401266,8.561798846451815,0,0.49987196922302246
scene-0046,5,8.378522929948172,8.469519932517013,0,0.4003639221191406
scene-0046,6,8.116182060054127,8.297582957210768,0,0.4500861167907715
scene-0046,7,7.642346303146873,7.953040648876403,0,0.5004429817199707
scene-0046,8,7.033697495840307,7.331649872324085,0,0.5004289150238037
scene-0046,9,6.380308539098716,6.762691805225104,0,0.5501861572265625
scene-0046,10,5.660565936597003,5.959452036807147,0,0.4998738765716553
scene-0046,11,5.00841468979345,5.361681134193489,0,0.4998760223388672
scene-0046,12,4.295514277627484,4.616108098774969,0,0.4501149654388428
scene-0046,13,3.761255958944376,4.03300041183965,0,0.5496981143951416
scene-0046,14,2.9211320764465856,3.4624231498648084,0,0.49982404708862305
scene-0046,15,2.088168136765939,2.4701909494536203,0,0.5999670028686523
scene-0046,16,1.0881416108039772,1.6296764008369378,0,0.49990200996398926
scene-0046,17,0.5675170907949513,0.6376960130430943,0,0.6004879474639893
scene-0046,18,0.33522474065512875,0.4908572650867758,0,0.5496299266815186
scene-0046,19,0.09228139556620163,0.1642368150316995,0,0.4998819828033447
scene-0046,20,0.00973721595964363,0.021704562744558953,0,0.49987292289733887
scene-0046,21,0.009294483157146162,0.013821198840872585,0,0.4998891353607178
scene-0046,22,0.005806119946211754,0.006364477064247625,0,0.4998600482940674
scene-0046,23,0.004801307599784139,0.005265837886545062,0,0.49993181228637695
scene-0046,24,0.00398899206975362,0.004337291036928981,0,0.5002322196960449
scene-0046,25,0.003350451191765698,0.0036405466578390525,0,0.5000209808349609
scene-0046,26,0.0028319326940378746,0.003060603802362565,0,0.5004489421844482
scene-0046,27,0.002407463695375435,0.002602996389759633,0,0.4998650550842285
scene-0046,28,0.00205175547050985,0.002212146523075132,0,0.5004158020019531
scene-0046,29,0.0017279507471627859,0.0018913756191248356,0,0.5004441738128662
scene-0046,30,0.0014782535728935773,0.0015916330119784626,0,0.5999438762664795
scene-0046,31,0.0012470281843950661,0.0013421887524434051,0,0.4998960494995117
scene-0046,32,0.0010697084064747446,0.0011518608923280194,0,0.49985790252685547
scene-0046,33,0.0009207238321450506,0.000987473336554489,0,0.49932217597961426
scene-0046,34,0.000791792431703569,0.0008539878164696911,0,0.4993259906768799
scene-0046,35,0.0006878120743303708,0.0007296656669256974,0,0.49987196922302246
scene-0046,36,0.0005917190527695293,0.0006355629977129808,0,0.4003479480743408
scene-0046,37,0.0005165880653024552,0.0005566612751931753,0,0.5004360675811768
scene-0046,38,0.000476517180232862,0.000476517180232862,0,0.5004339218139648
scene-0047,0,10.886302003230409,0.0,1,0.0
scene-0047,1,10.9944659353722,10.886302003230409,0,0.5004630088806152
scene-0047,2,11.161422879173585,11.102646696523406,0,0.5003998279571533
scene-0047,3,11.250563773697928,11.21493566571674,0,0.5502200126647949
scene-0047,4,11.378320097866519,11.289805977565239,0,0.49985599517822266
scene-0047,5,11.434250109559438,11.466948587864177,0,0.49987006187438965
scene-0047,6,11.426133751620561,11.401782808656389,0,0.4998629093170166
scene-0047,7,11.480114323498713,11.45058684436348,0,0.49988508224487305
scene-0047,8,11.555820510303771,11.513127240854654,0,0.4501199722290039
scene-0047,9,11.586421913138322,11.594314094536848,0,0.5004141330718994
scene-0047,10,11.625723973466371,11.578529202234176,0,0.49991703033447266
scene-0047,11,11.70748556411747,11.668740483479743,0,0.5501508712768555
scene-0047,12,11.809955057312175,11.750179347905668,0,0.4998800754547119
scene-0047,13,11.92906180451927,11.876423618968348,0,0.4495549201965332
scene-0047,14,11.986079678670484,11.97654451367127,0,0.4998741149902344
scene-0047,15,11.96540530329982,11.998056691903559,0,0.39979100227355957
scene-0047,16,11.98411698345055,11.939271458079611,0,0.4993479251861572
scene-0047,17,11.912316158115617,12.040165762388396,0,0.39977407455444336
scene-0047,18,11.894335865662368,11.810261359309605,0,0.5004429817199707
scene-0047,19,11.920487840377143,11.978599801542382,0,0.500046968460083
scene-0047,20,11.84875516558654,11.862661243390187,0,0.5002360343933105
scene-0047,21,11.801934676564137,11.835182387833898,0,0.5010058879852295
scene-0047,22,11.622176818221185,11.76895253769444,0,0.50040602684021
scene-0047,23,11.39831043699287,11.475434469561273,0,0.5004420280456543
scene-0047,24,11.033152203178094,11.312499062457343,0,0.4495398998260498
scene-0047,25,10.424039921528175,10.804971134045216,0,0.5502240657806396
scene-0047,26,9.782335485488941,10.004992650647761,0,0.4998610019683838
scene-0047,27,9.25887557205851,9.55982710127099,0,0.49987006187438965
scene-0047,28,8.570393115711488,8.958761599023155,0,0.5004370212554932
scene-0047,29,7.981645484058968,8.182057401627256,0,0.5004169940948486
scene-0047,30,7.398626654537819,7.780892252215769,0,0.49933600425720215
scene-0047,31,6.720329147968516,7.0167977715440735,0,0.499863862991333
scene-0047,32,6.313477001381451,6.423610183280824,0,0.49933505058288574
scene-0047,33,6.305929984382061,6.191426130363358,0,0.450092077255249
scene-0047,34,6.8041227538121465,6.409149669043385,0,0.4993250370025635
scene-0047,35,7.484135487625199,7.162964382945025,0,0.549644947052002
scene-0047,36,8.140935408628243,7.837716616659383,0,0.500424861907959
scene-0047,37,8.783509543614754,8.444347368925746,0,0.5004541873931885
scene-0047,38,9.229027799201546,9.06645337789933,0,0.5999410152435303
scene-0047,39,9.423936354880388,9.423936354880388,0,0.5004270076751709
scene-0048,0,10.88515330189325,0.0,1,0.0
scene-0048,1,10.640406120736822,10.88515330189325,0,0.5994079113006592
scene-0048,2,10.067361628634035,10.34841624867484,0,0.5004270076751709
scene-0048,3,9.508788490022939,9.786987728479106,0,0.4999101161956787
scene-0048,4,8.963881321793849,9.231287451405768,0,0.5004029273986816
scene-0048,5,8.494124874831389,8.69675448262113,0,0.4998929500579834
scene-0048,6,8.12124634728076,8.291807672470483,0,0.4993159770965576
scene-0048,7,8.10212008428997,7.951159142164634,0,0.49987196922302246
scene-0048,8,8.23624515328701,8.23959494743587,0,0.5496301651000977
scene-0048,9,8.235218767681085,8.23275321595617,0,0.4998970031738281
scene-0048,10,8.117989752609867,8.237796931215428,0,0.4992959499359131
scene-0048,11,7.864822303157091,7.998950595669815,0,0.500452995300293
scene-0048,12,7.541172329858027,7.731045457691024,0,0.5004160404205322
scene-0048,13,7.0909672601099105,7.383130508097145,0,0.6005158424377441
scene-0048,14,6.464051223350834,6.740414799491885,0,0.5004661083221436
scene-0048,15,6.058984900824108,6.118702948192215,0,0.39976000785827637
scene-0048,16,5.989988335343881,6.013533908234355,0,0.5004129409790039
scene-0048,17,6.07064883544164,5.974020862043095,0,0.4495849609375
scene-0048,18,6.344365744075713,6.166412170555066,0,0.5004110336303711
scene-0048,19,6.689278734194051,6.538416074639621,0,0.5004241466522217
scene-0048,20,7.081148807110812,6.869533129723153,0,0.49989986419677734
scene-0048,21,7.387840182263294,7.324984535289022,0,0.49928903579711914
scene-0048,22,7.66549979477249,7.495633465112405,0,0.3997950553894043
scene-0048,23,7.975138147868491,7.825753155079953,0,0.4998819828033447
scene-0048,24,8.179140276689937,8.155585455912384,0,0.4998660087585449
scene-0048,25,8.384701964027535,8.246310706831364,0,0.4998769760131836
scene-0048,26,8.714098978226271,8.555340011273147,0,0.49933505058288574
scene-0048,27,9.25531527607857,8.878234196622426,0,0.4993119239807129
scene-0048,28,10.027113037372224,9.632446007177096,0,0.4998910427093506
scene-0048,29,10.590639199893934,10.421845389921389,0,0.4998588562011719
scene-0048,30,10.99071435630976,10.759263907357534,0,0.5004270076751709
scene-0048,31,11.326626377372657,11.221911696645067,0,0.5010180473327637
scene-0048,32,11.677734509792826,11.431932456638414,0,0.500391960144043
scene-0048,33,12.032982058939405,11.924811777904901,0,0.5004410743713379
scene-0048,34,12.246584260177404,12.141929111441417,0,0.5004210472106934
scene-0048,35,12.583611930063748,12.377870866525038,0,0.3998098373413086
scene-0048,36,12.819819545111704,12.748556940543441,0,0.4993100166320801
scene-0048,37,13.10444579299604,12.891174479382208,0,0.500434160232544
scene-0048,38,13.349949598560402,13.341643578305414,0,0.45010900497436523
scene-0048,39,13.357110738726817,13.357110738726817,0,0.5501999855041504
scene-0049,0,13.57273397441137,0.0,1,0.0
scene-0049,1,13.484576404425457,13.57273397441137,0,0.3998079299926758
scene-0049,2,13.310331563222505,13.396643615060718,0,0.39977502822875977
scene-0049,3,13.032177407448822,13.24139914393297,0,0.49988794326782227
scene-0049,4,12.83294888936595,12.823160122206387,0,0.49990415573120117
scene-0049,5,12.843742618398569,12.843730265007153,0,0.4998760223388672
scene-0049,6,12.852385983643533,12.845296113913607,0,0.500438928604126
scene-0049,7,12.91485488830555,12.86045396762157,0,0.4998600482940674
scene-0049,8,13.031102398966194,12.970147484833976,0,0.4999840259552002
scene-0049,9,13.063476171586814,13.08188286538296,0,0.6003768444061279
scene-0049,10,13.092642396182875,13.041503448837949,0,0.49988412857055664
scene-0049,11,13.042116015506709,13.135321914604807,0,0.5994188785552979
scene-0049,12,12.797849160848944,12.94050454512741,0,0.5496251583099365
scene-0049,13,12.327878883057423,12.623685802566413,0,0.45010900497436523
scene-0049,14,11.944742153572783,12.086061760547967,0,0.5496418476104736
scene-0049,15,11.5087576388363,11.790342220975209,0,0.49987101554870605
scene-0049,16,10.910084549501358,11.227648785446194,0,0.5004370212554932
scene-0049,17,10.38744811353555,10.592309365033989,0,0.49986910820007324
scene-0049,18,9.917728524082694,10.160504149254205,0,0.4501340389251709
scene-0049,19,9.451117514463295,9.69927031206509,0,0.49988389015197754
scene-0049,20,8.959300046888247,9.225201212980396,0,0.5490748882293701
scene-0049,21,8.281836746366034,8.667237862008458,0,0.49987316131591797
scene-0049,22,7.702123692631565,7.9610214920364175,0,0.6005029678344727
scene-0049,23,7.027747688858511,7.392191830573124,0,0.4998788833618164
scene-0049,24,6.363241927786508,6.672500986541728,0,0.4998772144317627
scene-0049,25,5.793175677606104,6.081017549666996,0,0.4998788833618164
scene-0049,26,5.433156110503398,5.552873404745039,0,0.5004251003265381
scene-0049,27,5.2929973085428905,5.3851839771337024,0,0.5009980201721191
scene-0049,28,5.202668645136888,5.28629986870507,0,0.5004138946533203
scene-0049,29,5.346791734517273,5.209745457230452,0,0.5004270076751709
scene-0049,30,5.774375913964478,5.5824548165791645,0,0.5010058879852295
scene-0049,31,6.403175740385976,6.034695844958172,0,0.5004000663757324
scene-0049,32,7.27836605554436,6.792855204091289,0,0.49991512298583984
scene-0049,33,8.203155104450369,7.770625732916028,0,0.49873781204223633
scene-0049,34,8.840813551242604,8.635480027249484,0,0.4993271827697754
scene-0049,35,9.26547731804289,9.0462758108598,0,0.4993398189544678
scene-0049,36,9.605946383669208,9.48495596193443,0,0.4987471103668213
scene-0049,37,9.853955934482475,9.706650060593985,0,0.5994060039520264
scene-0049,38,10.01446217210282,10.01446217210282,0,0.5501980781555176
scene-0050,0,7.458666422459492,0.0,1,0.0
scene-0050,1,7.776043030107661,7.458666422459492,0,0.49935007095336914
scene-0050,2,8.31414770126377,8.095318430508472,0,0.4992969036102295
scene-0050,3,8.714041364259103,8.483901238131784,0,0.6491780281066895
scene-0050,4,9.17748841659407,9.01433103512936,0,0.4987950325012207
scene-0050,5,9.434126228250365,9.34029689011829,0,0.49987292289733887
scene-0050,6,9.659909201145744,9.527885295970162,0,0.5004229545593262
scene-0050,7,9.971411649167766,9.792015527803967,0,0.5004229545593262
scene-0050,8,10.158038498697877,10.15111105169287,0,0.4998941421508789
scene-0050,9,10.313485206091936,10.165975629361768,0,0.45007896423339844
scene-0050,10,10.467864611101298,10.446603885932776,0,0.49987101554870605
scene-0050,11,10.561497823592433,10.489167411350223,0,0.4993300437927246
scene-0050,12,10.50929664610752,10.633795621039253,0,0.49990296363830566
scene-0050,13,10.372955525647743,10.384935696773702,0,0.5004329681396484
scene-0050,14,10.309053057925132,10.360975934674904,0,0.5004069805145264
scene-0050,15,10.203672900989787,10.261896813961352,0,0.5504939556121826
scene-0050,16,10.015654330829804,10.13964059861567,0,0.4995710849761963
scene-0050,17,9.737205668334852,9.891886495835784,0,0.5004339218139648
scene-0050,18,9.352894414839692,9.582280096666887,0,0.49932408332824707
scene-0050,19,8.882573537975953,9.123780442060859,0,0.4999070167541504
scene-0050,20,8.370453924618827,8.64133404049164,0,0.4998340606689453
scene-0050,21,7.749122890995523,8.069793664257801,0,0.4501078128814697
scene-0050,22,7.142226280807241,7.487551265470855,0,0.5502099990844727
scene-0050,23,6.448684016465562,6.771048511642357,0,0.4999120235443115
scene-0050,24,5.921599008191463,6.147929902736352,0,0.49984097480773926
scene-0050,25,5.417838357960744,5.701714070581711,0,0.4506511688232422
scene-0050,26,5.049945089924142,5.19711509471442,0,0.500452995300293
scene-0050,27,5.032390471485361,4.9480229195610805,0,0.4992949962615967
scene-0050,28,5.229879722279062,5.167137246551398,0,0.49933695793151855
scene-0050,29,5.370206912715194,5.353297321869179,0,0.49988698959350586
scene-0050,30,5.551824898339807,5.460137112302424,0,0.4998500347137451
scene-0050,31,5.9292018691254995,5.720344109580661,0,0.5009989738464355
scene-0050,32,6.452174611302127,6.207028244657488,0,0.5004279613494873
scene-0050,33,7.064016395497193,6.7575538254560215,0,0.5004310607910156
scene-0050,34,7.770679891394577,7.40747090973963,0,0.5004119873046875
scene-0050,35,8.592155401951768,8.147046570126385,0,0.500464916229248
scene-0050,36,9.36492036024818,8.998280058644308,0,0.5496270656585693
scene-0050,37,10.177576098514086,9.76808909279035,0,0.4998769760131836
scene-0050,38,10.588091024973114,10.588091024973114,0,0.4987950325012207
scene-0051,0,11.599738033483304,0.0,1,0.0
scene-0051,1,11.641681018020622,11.599738033483304,0,0.4998788833618164
scene-0051,2,11.716831003641106,11.679831534275618,0,0.549644947052002
scene-0051,3,11.653944945656932,11.757620227074298,0,0.49932003021240234
scene-0051,4,11.505434999389193,11.550388111981832,0,0.4998810291290283
scene-0051,5,11.439923919189788,11.460532204119279,0,0.5004260540008545
scene-0051,6,11.36697785533296,11.419967969239813,0,0.4998819828033447
scene-0051,7,11.213619044992262,11.315258805225366,0,0.4998760223388672
scene-0051,8,10.951995513222506,11.112959313892311,0,0.5004298686981201
scene-0051,9,10.763276494310963,10.792378492870641,0,0.4998769760131836
scene-0051,10,10.645509174949643,10.734778730369987,0,0.5004301071166992
scene-0051,11,10.479458302941545,10.556174048198212,0,0.49990391731262207
scene-0051,12,10.268189817670965,10.402739635873761,0,0.49987316131591797
scene-0051,13,10.04729155687398,10.133791940737753,0,0.5004148483276367
scene-0051,14,9.81429546835899,9.961022868261244,0,0.5004611015319824
scene-0051,15,9.424099136162233,9.667710861666041,0,0.5004100799560547
scene-0051,16,8.774886393566383,9.180866771021977,0,0.49987292289733887
scene-0051,17,8.002752454213514,8.36960110783137,0,0.4998929500579834
scene-0051,18,7.210029039572384,7.635467703627515,0,0.4992990493774414
scene-0051,19,6.357302680179244,6.785574921934678,0,0.5004479885101318
scene-0051,20,5.376915984009335,5.928559235334746,0,0.49988508224487305
scene-0051,21,4.319657621591813,4.825256758118188,0,0.49986982345581055
scene-0051,22,3.149865174716267,3.8135122569358435,0,0.49930906295776367
scene-0051,23,1.9039793942612675,2.486994542468683,0,0.4998939037322998
scene-0051,24,1.0703013622569593,1.4177523635921607,0,0.5994021892547607
scene-0051,25,0.44681181194097075,0.6532102627631705,0,0.4993150234222412
scene-0051,26,0.13199922783492218,0.2408968958551713,0,0.500432014465332
scene-0051,27,0.08126100884672488,0.02320745171266475,0,0.5004379749298096
scene-0051,28,0.6183121335443419,0.13947837945980848,0,0.49988794326782227
scene-0051,29,1.8783001381197075,1.0966761042502287,0,0.5004138946533203
scene-0051,30,3.3626761057398578,2.6598761655972347,0,0.5004510879516602
scene-0051,31,4.393663581360295,3.947832349138412,0,0.6010808944702148
scene-0051,32,5.304903319817982,4.880753448521935,0,0.5501680374145508
scene-0051,33,6.074663771812965,5.772265187606241,0,0.4993410110473633
scene-0051,34,6.531058275275768,6.376415770762653,0,0.5004241466522217
scene-0051,35,6.5877463518420685,6.685873796645263,0,0.49986886978149414
scene-0051,36,6.4372494361622605,6.4897730474515525,0,0.4993460178375244
scene-0051,37,6.260721977071161,6.384955069893312,0,0.4998800754547119
scene-0051,38,6.136488225389694,6.136488225389694,0,0.49987196922302246
scene-0052,0,4.792059347410986,0.0,1,0.0
scene-0052,1,4.664835699598222,4.792059347410986,0,0.5004148483276367
scene-0052,2,4.483941377635757,4.537504579702002,0,0.4998741149902344
scene-0052,3,4.479422076408012,4.430381254773262,0,0.4998769760131836
scene-0052,4,4.673843276045165,4.528634491266592,0,0.5004301071166992
scene-0052,5,5.178888364160217,4.81924315460865,0,0.499910831451416
scene-0052,6,5.984015562546926,5.505682133974959,0,0.5501651763916016
scene-0052,7,6.958640859292271,6.510687238145397,0,0.4998788833618164
scene-0052,8,7.789160003320986,7.455497679960665,0,0.45067906379699707
scene-0052,9,8.504813057251718,8.165544595138286,0,0.39977002143859863
scene-0052,10,9.01375341970396,8.77595879497425,0,0.500438928604126
scene-0052,11,9.43460838232282,9.25188766436089,0,0.49988794326782227
scene-0052,12,9.660366245895935,9.617903649531574,0,0.49985408782958984
scene-0052,13,9.753104081963945,9.71586587740119,0,0.39978885650634766
scene-0052,14,9.964560862097334,9.782512267335319,0,0.5999631881713867
scene-0052,15,10.263437693003175,10.195593600225918,0,0.49988698959350586
scene-0052,16,10.253735708394037,10.345884626014119,0,0.4993159770965576
scene-0052,17,10.190760653627779,10.170348688372277,0,0.5004229545593262
scene-0052,18,10.222008626213878,10.218019934130114,0,0.4993410110473633
scene-0052,19,10.225929710980054,10.230658730613696,0,0.5004439353942871
scene-0052,20,10.144871738236837,10.22605367160341,0,0.5003910064697266
scene-0052,21,10.050599510091798,10.067785971938479,0,0.4998910427093506
scene-0052,22,9.758690613108488,10.044662812301869,0,0.4998600482940674
scene-0052,23,9.190136991116537,9.482226504560627,0,0.4998948574066162
scene-0052,24,8.746198917391041,8.905610631808479,0,0.4998660087585449
scene-0052,25,8.569892450077402,8.596072089400893,0,0.49935412406921387
scene-0052,26,7.6776582477213875,8.54419316294203,0,0.5003888607025146
scene-0052,27,6.290071488240236,6.812365326696242,0,0.5009860992431641
scene-0052,28,5.1004822954595825,5.768114414074439,0,0.500432014465332
scene-0052,29,3.925786929771895,4.436260723122981,0,0.5004429817199707
scene-0052,30,2.777843742562725,3.29008492208686,0,0.3997819423675537
scene-0052,31,1.7909519642951226,2.324593848567223,0,0.4501049518585205
scene-0052,32,0.9465996112109555,1.3110369423260229,0,0.49987101554870605
scene-0052,33,0.42976951365335736,0.5820969315103854,0,0.4993140697479248
scene-0052,34,0.6726491087110482,0.2777286884092912,0,0.49987292289733887
scene-0052,35,1.7615805253733647,1.0325174003088209,0,0.5490870475769043
scene-0052,36,3.07996219946369,2.564513568681433,0,0.5004279613494873
scene-0052,37,3.875291538700347,3.6120720043878514,0,0.49988818168640137
scene-0052,38,4.392244184565196,4.186130280762486,0,0.4998779296875
scene-0052,39,4.672981270216446,4.672981270216446,0,0.5004220008850098
scene-0053,0,5.182083791900945,0.0,1,0.0
scene-0053,1,5.592667701269724,5.182083791900945,0,0.5004479885101318
scene-0053,2,6.321497033007778,6.004465594691822,0,0.4998588562011719
scene-0053,3,6.921177311367503,6.639149822521946,0,0.5004351139068604
scene-0053,4,7.3429760462705005,7.203999419638079,0,0.5004410743713379
scene-0053,5,7.700488005976601,7.4601740972772825,0,0.6005067825317383
scene-0053,6,8.321590898034886,7.99068243932494,0,0.5004210472106934
scene-0053,7,8.788015931861135,8.654535997821355,0,0.49987316131591797
scene-0053,8,9.03952312374535,8.923781478441422,0,0.4998779296875
scene-0053,9,9.194550036985682,9.146984793693626,0,0.5496518611907959
scene-0053,10,9.297458839191592,9.24935700673193,0,0.4998891353607178
scene-0053,11,9.314114801811128,9.347352231660016,0,0.4998588562011719
scene-0053,12,9.218249193909811,9.283465699693657,0,0.4993281364440918
scene-0053,13,9.066873551870932,9.147377261299328,0,0.44956398010253906
scene-0053,14,8.944594918754929,8.995797936793572,0,0.49930906295776367
scene-0053,15,8.954483068530395,8.900149903379937,0,0.5496528148651123
scene-0053,16,9.149818100054002,9.015876595384228,0,0.49986910820007324
scene-0053,17,9.412236788784512,9.300177338857532,0,0.4506499767303467
scene-0053,18,9.629969039604104,9.514361827254465,0,0.5004301071166992
scene-0053,19,9.892940277146808,9.747099381961043,0,0.5010318756103516
scene-0053,20,10.152491594178812,10.041187785930225,0,0.500399112701416
scene-0053,21,10.33635734131683,10.256037845711003,0,0.5496318340301514
scene-0053,22,10.428683216908505,10.428647189110027,0,0.49986720085144043
scene-0053,23,10.511783974173628,10.43156182888342,0,0.4998757839202881
scene-0053,24,10.61266671574272,10.603466550848905,0,0.45010900497436523
scene-0053,25,10.810765283227056,10.62407785135828,0,0.549652099609375
scene-0053,26,11.284483441749503,11.020303634056807,0,0.49986791610717773
scene-0053,27,11.728482249798391,11.510036368418541,0,0.6005160808563232
scene-0053,28,12.037866965206028,11.9947624062509,0,0.5004279613494873
scene-0053,29,12.157819138120066,12.07637236354328,0,0.5999841690063477
scene-0053,30,12.313873988022756,12.257885544143418,0,0.4993407726287842
scene-0053,31,12.478071205000802,12.36984992212142,0,0.4998660087585449
scene-0053,32,12.642064749280843,12.586300895435754,0,0.4998471736907959
scene-0053,33,12.720682705690644,12.698212812004346,0,0.5004270076751709
scene-0053,34,12.875266545434,12.743182192074338,0,0.49988293647766113
scene-0053,35,13.072862506458637,13.007717376829858,0,0.4993400573730469
scene-0053,36,13.336691743894475,13.13796755297495,0,0.49986696243286133
scene-0053,37,13.52474566022225,13.584829435495502,0,0.4003279209136963
scene-0053,38,13.476632014118493,13.476632014118493,0,0.49988603591918945
scene-0054,0,8.58264291967875,0.0,1,0.0
scene-0054,1,8.114660099539572,8.58264291967875,0,0.5004301071166992
scene-0054,2,7.147484777800516,7.647157563157108,0,0.5004289150238037
scene-0054,3,6.541201894880611,6.697155364201424,0,0.5496699810028076
scene-0054,4,6.26591544806847,6.390291448377386,0,0.49985599517822266
scene-0054,5,6.1253440655305935,6.177981580668226,0,0.4998660087585449
scene-0054,6,6.245793138943622,6.125482922932355,0,0.499891996383667
scene-0054,7,6.5883686703366084,6.407340960062835,0,0.6005251407623291
scene-0054,8,7.068168494064268,6.881558409368404,0,0.500438928604126
scene-0054,9,7.448058958544686,7.296115251840206,0,0.5003960132598877
scene-0054,10,7.616226876769402,7.6310463242986,0,0.5009880065917969
scene-0054,11,7.635599744347819,7.611797485294843,0,0.40033793449401855
scene-0054,12,7.800871226963143,7.663221437212246,0,0.49987196922302246
scene-0054,13,8.11450100516584,7.95976586106602,0,0.449566125869751
scene-0054,14,8.301096402419322,8.256705048948978,0,0.4998970031738281
scene-0054,15,8.399125902188995,8.346362135925748,0,0.49986696243286133
scene-0054,16,8.464963358138483,8.451964791546423,0,0.5004379749298096
scene-0054,17,8.37344840309786,8.478049044536403,0,0.49985504150390625
scene-0054,18,8.356838437588927,8.269148864293514,0,0.5004289150238037
scene-0054,19,8.471982958516696,8.44634227248135,0,0.49987292289733887
scene-0054,20,8.634017814011356,8.498174587124343,0,0.4999241828918457
scene-0054,21,8.961416112018398,8.75813997446137,0,0.5495929718017578
scene-0054,22,9.379313368325212,9.210192993942435,0,0.4498119354248047
scene-0054,23,9.60590321255663,9.531498446749604,0,0.5001981258392334
scene-0054,24,9.585025548814247,9.68057110160455,0,0.499849796295166
scene-0054,25,9.397704554352272,9.489605007508585,0,0.49987316131591797
scene-0054,26,9.226047245008267,9.305912819327602,0,0.49989891052246094
scene-0054,27,9.050796232987588,9.146185092930505,0,0.49990010261535645
scene-0054,28,8.77984755271536,8.955396760653828,0,0.499830961227417
scene-0054,29,8.460089077323627,8.620215586673199,0,0.5496490001678467
scene-0054,30,8.163223436203667,8.284093509198005,0,0.4998760223388672
scene-0054,31,7.835883297334293,8.043335645346362,0,0.49986791610717773
scene-0054,32,7.503124287940732,7.634556177520784,0,0.5004451274871826
scene-0054,33,7.3357953128705295,7.381237146862753,0,0.4993109703063965
scene-0054,34,7.34115418607063,7.31047305377522,0,0.5999608039855957
scene-0054,35,7.328837465687308,7.393675631942412,0,0.4998791217803955
scene-0054,36,7.332902069134454,7.281222171384899,0,0.5004251003265381
scene-0054,37,7.450143438128625,7.391993628351212,0,0.5999758243560791
scene-0054,38,7.550475800285512,7.550475800285512,0,0.4003481864929199
scene-0055,0,9.559928726389229,0.0,1,0.0
scene-0055,1,9.780705222837552,9.559928726389229,0,0.4999120235443115
scene-0055,2,10.144672466992281,10.01241961098154,0,0.49985408782958984
scene-0055,3,10.452457387951778,10.317834486258956,0,0.39978885650634766
scene-0055,4,10.642398371041208,10.568185864439686,0,0.5004160404205322
scene-0055,5,10.820562445259478,10.72528899626505,0,0.499891996383667
scene-0055,6,10.958294460480962,10.918525038798629,0,0.5004291534423828
scene-0055,7,11.106059408544672,11.00013867808876,0,0.4998748302459717
scene-0055,8,11.250871120177003,11.212375836990669,0,0.4998641014099121
scene-0055,9,11.368215057657869,11.28999727806861,0,0.4998898506164551
scene-0055,10,11.582412785006351,11.446396548781603,0,0.5004432201385498
scene-0055,11,11.679480196308422,11.718632789171421,0,0.5004429817199707
scene-0055,12,11.770490534715414,11.641362921585658,0,0.500950813293457
scene-0055,13,12.043634077859211,11.90382847391066,0,0.5004351139068604
scene-0055,14,12.28165156779385,12.1885635726721,0,0.4998760223388672
scene-0055,15,12.408312629324733,12.378322495973727,0,0.499330997467041
scene-0055,16,12.442586788833243,12.444445413115632,0,0.4495270252227783
scene-0055,17,12.442560088362855,12.442961509729644,0,0.39980602264404297
scene-0055,18,12.475513959735093,12.445279758078295,0,0.49930691719055176
scene-0055,19,12.509024295677614,12.508598752174555,0,0.4998779296875
scene-0055,20,12.426960879287778,12.513552800800106,0,0.39981603622436523
scene-0055,21,12.207435697945149,12.360289294445375,0,0.49985504150390625
scene-0055,22,11.946212390880751,12.056576646268176,0,0.5004420280456543
scene-0055,23,11.64669211098542,11.835853089704003,0,0.5004589557647705
scene-0055,24,11.335610104647543,11.459448521509277,0,0.4992959499359131
scene-0055,25,11.115091470751619,11.22448959884602,0,0.4998819828033447
scene-0055,26,10.997852017062357,11.02521207891796,0,0.4999220371246338
scene-0055,27,11.123101980527958,10.98941620388559,0,0.5003831386566162
scene-0055,28,11.39477605628068,11.272041104367023,0,0.4998509883880615
scene-0055,29,11.621676894274389,11.528209989299791,0,0.5009880065917969
scene-0055,30,12.060236306172456,11.722823226551112,0,0.5009949207305908
scene-0055,31,12.557111235653645,12.403023810403312,0,0.5004138946533203
scene-0055,32,12.913134544757657,12.715432867720954,0,0.4998741149902344
scene-0055,33,13.281224901501492,13.11766817224103,0,0.499345064163208
scene-0055,34,13.544145275255586,13.44781072837362,0,0.4993100166320801
scene-0055,35,13.65206479346991,13.641719291917783,0,0.4998939037322998
scene-0055,36,13.633952338071722,13.66288089025354,0,0.4998810291290283
scene-0055,37,13.593916666297611,13.605082183883743,0,0.4998788833618164
scene-0055,38,13.480133597877565,13.582885800981307,0,0.4992949962615967
scene-0055,39,13.377614821287011,13.377614821287011,0,0.5004310607910156
scene-0056,0,10.239591579824861,0.0,1,0.0
scene-0056,1,10.666063241641124,10.239591579824861,0,0.5004260540008545
scene-0056,2,11.418806580747642,11.092131967777664,0,0.5009768009185791
scene-0056,3,11.910955288054499,11.745491019946021,0,0.5009860992431641
scene-0056,4,12.24050773423353,12.076483684136413,0,0.5009770393371582
scene-0056,5,12.511443623445935,12.40480811951067,0,0.5004439353942871
scene-0056,6,12.545296891179671,12.61844786184893,0,0.4993579387664795
scene-0056,7,12.447589976118755,12.472247678313883,0,0.4998290538787842
scene-0056,8,12.123581267158052,12.416898403715065,0,0.39926600456237793
scene-0056,9,11.669412629254088,11.88923639339822,0,0.4992959499359131
scene-0056,10,11.260045224459653,11.450170235168494,0,0.49932098388671875
scene-0056,11,10.653553408413512,11.071163650570693,0,0.4999051094055176
scene-0056,12,9.987240681707327,10.238374405644237,0,0.4993300437927246
scene-0056,13,9.531379277772924,9.739470306384097,0,0.49990105628967285
scene-0056,14,9.15421282039573,9.326487094911165,0,0.49984192848205566
scene-0056,15,8.733963671633362,8.984698276534955,0,0.499863862991333
scene-0056,16,8.205005721779779,8.488091945834077,0,0.4998791217803955
scene-0056,17,7.831589499573803,7.934609947319202,0,0.49985790252685547
scene-0056,18,7.626635575472982,7.752318884496576,0,0.5004520416259766
scene-0056,19,7.432452451242736,7.533791830097493,0,0.5009911060333252
scene-0056,20,7.381066998270121,7.370925660995027,0,0.500999927520752
scene-0056,21,7.403464084708147,7.438104067740784,0,0.4500710964202881
scene-0056,22,7.4430076189103485,7.416792058389612,0,0.5004708766937256
scene-0056,23,7.576978467400649,7.511186559094273,0,0.5501449108123779
scene-0056,24,7.80148702022323,7.704550306206218,0,0.4998970031738281
scene-0056,25,8.12787859277882,7.9468190514270916,0,0.49930715560913086
scene-0056,26,8.50332840575187,8.360764274816761,0,0.49989795684814453
scene-0056,27,8.968101271272747,8.682946640754368,0,0.49985194206237793
scene-0056,28,9.387758082905775,9.273203029322158,0,0.4998960494995117
scene-0056,29,9.5661044517696,9.506824268545044,0,0.49985289573669434
scene-0056,30,9.504532577478868,9.625972535990861,0,0.4998781681060791
scene-0056,31,9.02490532093667,9.369687537343475,0,0.44955897331237793
scene-0056,32,8.359152175511623,8.714616076255503,0,0.4993269443511963
scene-0056,33,7.594931808871049,7.915197764726616,0,0.3997800350189209
scene-0056,34,7.159496270724758,7.3417540146736435,0,0.4993290901184082
scene-0056,35,6.896221465290689,6.995390122762666,0,0.5004358291625977
scene-0056,36,6.6317239095684855,6.8020734522814434,0,0.3997790813446045
scene-0056,37,6.530303764808781,6.535024329202423,0,0.5010108947753906
scene-0056,38,6.756611500296,6.581421974299741,0,0.4506340026855469
scene-0056,39,6.991702908534217,7.001642385326239,0,0.39978718757629395
scene-0056,40,7.033068439665878,7.033068439665878,0,0.500452995300293
scene-0057,0,7.619457818581886,0.0,1,0.0
scene-0057,1,7.641222606125756,7.619457818581886,0,0.49983787536621094
scene-0057,2,7.794516393021749,7.73665027141066,0,0.500460147857666
scene-0057,3,8.156517674287265,7.913194474286198,0,0.4992978572845459
scene-0057,4,8.701723012012295,8.416806832584308,0,0.49876999855041504
scene-0057,5,9.192123720699893,9.057771404749845,0,0.39925217628479004
scene-0057,6,9.551962675070124,9.299816867763651,0,0.4998648166656494
scene-0057,7,9.894023961592225,9.765375086522614,0,0.599959135055542
scene-0057,8,10.025997727882691,10.028439726363425,0,0.6005220413208008
scene-0057,9,10.05254416095627,10.028442896948926,0,0.5009839534759521
scene-0057,10,10.124403767401262,10.077992192299376,0,0.5501868724822998
scene-0057,11,10.165433467513497,10.178817699238143,0,0.4998750686645508
scene-0057,12,10.069198710426729,10.153799400383502,0,0.5010039806365967
scene-0057,13,9.88924452163644,9.98740128461538,0,0.4998509883880615
scene-0057,14,9.726961531542754,9.793515841151043,0,0.5004329681396484
scene-0057,15,9.749505087454187,9.665536482324526,0,0.4993171691894531
scene-0057,16,9.994043061201038,9.838590203971712,0,0.49988293647766113
scene-0057,17,10.342090110410314,10.15268251360469,0,0.4998760223388672
scene-0057,18,10.575105545739843,10.534075290723417,0,0.49989795684814453
scene-0057,19,10.691969823712208,10.6186377038746,0,0.4998478889465332
scene-0057,20,10.795437999010048,10.766577416538508,0,0.49990105628967285
scene-0057,21,10.940230218246489,10.828218171948151,0,0.45009398460388184
scene-0057,22,11.14834785808813,11.042024970181497,0,0.49988412857055664
scene-0057,23,11.29572941356974,11.246439813839755,0,0.5502119064331055
scene-0057,24,11.3918184618768,11.351413722738899,0,0.49984192848205566
scene-0057,25,11.448697558604474,11.43300924485324,0,0.5004401206970215
scene-0057,26,11.382827666664639,11.46471144433936,0,0.49988889694213867
scene-0057,27,11.279881036362939,11.301098556958234,0,0.500434160232544
scene-0057,28,11.160550670442237,11.25635140101023,0,0.45009684562683105
scene-0057,29,10.953600215717456,11.082163244980142,0,0.5496420860290527
scene-0057,30,10.648270199086069,10.812528314972267,0,0.4998650550842285
scene-0057,31,10.224687059760841,10.511430917602347,0,0.599963903427124
scene-0057,32,9.798445287525805,9.9382564494792,0,0.5999860763549805
scene-0057,33,9.540238799567543,9.630831753627824,0,0.4998810291290283
scene-0057,34,9.230804757857669,9.449993300671457,0,0.4998588562011719
scene-0057,35,8.57269721187107,9.031594845482783,0,0.5496261119842529
scene-0057,36,7.617528826964908,8.068425830011062,0,0.49988293647766113
scene-0057,37,6.8105541798993565,7.16685186225388,0,0.49987196922302246
scene-0057,38,6.454938453478412,6.454938453478412,0,0.4998891353607178
scene-0058,0,13.444359996841388,0.0,1,0.0
scene-0058,1,13.627883441579641,13.444359996841388,0,0.6005270481109619
scene-0058,2,13.829921988543143,13.849144671074875,0,0.5002360343933105
scene-0058,3,13.679815542535858,13.811546806300125,0,0.49895501136779785
scene-0058,4,13.274680746476106,13.548608054559084,0,0.49932003021240234
scene-0058,5,12.777591941793705,13.001323593508452,0,0.49988293647766113
scene-0058,6,12.265518850870077,12.553694475333522,0,0.4993319511413574
scene-0058,7,11.799423768562244,11.979056678648043,0,0.5004210472106934
scene-0058,8,11.320216009744692,11.620304452529254,0,0.5009799003601074
scene-0058,9,10.815999249606547,11.021632623277515,0,0.5012102127075195
scene-0058,10,10.510705513289686,10.611814760632349,0,0.4991109371185303
scene-0058,11,10.273053274406653,10.411112855753117,0,0.4998610019683838
scene-0058,12,9.999924804040637,10.13537084653758,0,0.5004169940948486
scene-0058,13,9.703946975134341,9.864353662268098,0,0.49990105628967285
scene-0058,14,9.252452675085486,9.503642668534596,0,0.4003279209136963
scene-0058,15,8.898759605626157,9.051437838800055,0,0.4998760223388672
scene-0058,16,8.486582306668385,8.74608270851397,0,0.49987006187438965
scene-0058,17,7.8801046094457865,8.227125907660339,0,0.4999349117279053
scene-0058,18,7.319782035730921,7.533402411596654,0,0.4998140335083008
scene-0058,19,6.985285752861288,7.108251446077884,0,0.4993319511413574
scene-0058,20,6.546642013694508,6.837925755379194,0,0.3998069763183594
scene-0058,21,6.149286147709357,6.369699131571242,0,0.5993809700012207
scene-0058,22,5.805602116990696,5.94163321179525,0,0.49988698959350586
scene-0058,23,5.790875824393888,5.7435675336773615,0,0.49986815452575684
scene-0058,24,6.214469677202281,5.935158292287044,0,0.5009918212890625
scene-0058,25,7.1191607689435745,6.578656244819594,0,0.5015621185302734
scene-0058,26,8.170271444799564,7.601045767118457,0,0.6010329723358154
scene-0058,27,9.476526001617472,8.862412195287616,0,0.49991393089294434
scene-0058,28,10.570475458337082,10.091506033102014,0,0.4992830753326416
scene-0058,29,11.340040139946723,11.048869644888832,0,0.4998939037322998
scene-0058,30,11.67554859466809,11.605134512826575,0,0.5490741729736328
scene-0058,31,11.643703033997918,11.752978593285048,0,0.4993288516998291
scene-0058,32,11.384707323208263,11.534586905166927,0,0.4993140697479248
scene-0058,33,11.065846251204373,11.235046911483927,0,0.4998779296875
scene-0058,34,10.757797811709551,10.896855628940576,0,0.4998760223388672
scene-0058,35,10.27271342131946,10.618993613087362,0,0.4998791217803955
scene-0058,36,9.613700663575953,9.927112532545209,0,0.5004220008850098
scene-0058,37,8.978296623665523,9.300671040046431,0,0.5009829998016357
scene-0058,38,8.655221050431445,8.655221050431445,0,0.4998788833618164
scene-0059,0,0.0016383314221165843,0.0,1,0.0
scene-0059,1,0.0015320074258289374,0.0016383314221165843,0,0.39977407455444336
scene-0059,2,0.0013318867343182516,0.001437576607344825,0,0.45012378692626953
scene-0059,3,0.0011373856019611854,0.0012367163026248528,0,0.4998760223388672
scene-0059,4,0.0009723957034845978,0.0010471485182828536,0,0.5502400398254395
scene-0059,5,0.0008324579733338417,0.0008901020932318822,0,0.4998199939727783
scene-0059,6,0.0007135130853472269,0.0007683700896283189,0,0.44956016540527344
scene-0059,7,0.0006169774537332369,0.0006641373640570024,0,0.49933791160583496
scene-0059,8,0.0005299074085377075,0.0005698908362259938,0,0.49985504150390625
scene-0059,9,0.0004515800980221246,0.0004899727631019184,0,0.5004289150238037
scene-0059,10,0.00039097734015638405,0.00041670689355778216,0,0.5507469177246094
scene-0059,11,0.0003341373659002808,0.0003595054674944034,0,0.45011019706726074
scene-0059,12,0.0002938941210768791,0.0003113030709028197,0,0.4998929500579834
scene-0059,13,0.0002528119657328287,0.00027213812752580356,0,0.39977288246154785
scene-0059,14,0.00022384262909258545,0.00023734192004670773,0,0.4993441104888916
scene-0059,15,0.00019248792918002017,0.00020698418395147505,0,0.399777889251709
scene-0059,16,0.00016918056796688812,0.00018092150696689895,0,0.5004220008850098
scene-0059,17,0.00014446410651012,0.00015616890280533368,0,0.45067715644836426
scene-0059,18,0.00012541278729788713,0.00013488975704190122,0,0.550184965133667
scene-0059,19,0.0001070712356553221,0.000114982807746705,0,0.4998960494995117
scene-0059,20,9.217245170845452e-05,9.915904117760515e-05,0,0.49985194206237793
scene-0059,21,7.924457256743772e-05,8.51863878640171e-05,0,0.4998769760131836
scene-0059,22,6.824323679987917e-05,7.331374284621252e-05,0,0.4998738765716553
scene-0059,23,5.8768228671887934e-05,6.318823924484815e-05,0,0.4999229907989502
scene-0059,24,5.063630019871099e-05,5.4425397448120484e-05,0,0.4998490810394287
scene-0059,25,4.364030837313495e-05,4.6918049729665414e-05,0,0.4998600482940674
scene-0059,26,3.7804156505972454e-05,4.0367736036550036e-05,0,0.4998769760131836
scene-0059,27,3.2569580574783466e-05,3.496934454872582e-05,0,0.4501340389251709
scene-0059,28,2.820446282500724e-05,3.04906128097934e-05,0,0.49987006187438965
scene-0059,29,2.420025595163927e-05,2.6001451202621148e-05,0,0.5004348754882812
scene-0059,30,2.0811517983118327e-05,2.242685341901054e-05,0,0.4998500347137451
scene-0059,31,1.7863160190793544e-05,1.9201934603355137e-05,0,0.499891996383667
scene-0059,32,1.5296722350561525e-05,1.653264476831326e-05,0,0.49985599517822266
scene-0059,33,1.3226031895389274e-05,1.4200936723779225e-05,0,0.5496459007263184
scene-0059,34,1.1362074420401425e-05,1.2169456499514483e-05,0,0.49988508224487305
scene-0059,35,9.932142031751661e-06,1.0601561503154146e-05,0,0.45009899139404297
scene-0059,36,8.69055298787026e-06,9.257317044297812e-06,0,0.4008979797363281
scene-0059,37,7.842476290544721e-06,8.852934832559344e-06,0,0.4998950958251953
scene-0059,38,6.448441453557102e-06,6.989862248020969e-06,0,0.499863862991333
scene-0059,39,5.66794929886351e-06,6.304164446785629e-06,0,0.49986910820007324
scene-0059,40,5.118023651154002e-06,5.118023651154002e-06,0,0.500438928604126
scene-0060,0,3.841318580864321e-06,0.0,1,0.0
scene-0060,1,3.5073670326704193e-06,3.841318580864321e-06,0,0.49987196922302246
scene-0060,2,3.038787599226239e-06,3.323807821686173e-06,0,0.49988389015197754
scene-0060,3,2.604570604407791e-06,2.788404227135794e-06,0,0.5004591941833496
scene-0060,4,2.3976441169725133e-06,2.446889860419746e-06,0,0.49984097480773926
scene-0060,5,2.280770778132636e-06,3.0686951991129404e-06,0,0.49987196922302246
scene-0060,6,1.6503477161629602e-06,1.7863442866755146e-06,0,0.49989795684814453
scene-0060,7,1.5340346469778406e-06,1.5572187802818755e-06,0,0.4998610019683838
scene-0060,8,2.8157005959724647e-06,1.5473801717438474e-06,0,0.3998088836669922
scene-0060,9,2.633449268822964e-06,4.093324098439053e-06,0,0.5004050731658936
scene-0060,10,1.2028228615582762e-06,1.3304057868989737e-06,0,0.4998970031738281
scene-0060,11,1.6259403378432527e-06,2.7003669848209334e-06,0,0.45012402534484863
scene-0060,12,1.5947686343667198e-06,8.870112889893341e-07,0,0.5501589775085449
scene-0060,13,2.170940063764719e-06,2.565280028005101e-06,0,0.501025915145874
scene-0060,14,7.059537640430647e-07,1.7781362017471092e-06,0,0.5004119873046875
scene-0060,15,5.962433238822755e-07,8.62750770340848e-07,0,0.5004270076751709
scene-0060,16,4.047131549409642e-07,4.124329908125525e-07,0,0.49930405616760254
scene-0060,17,2.1988312163802684e-06,4.0940221984685036e-07,0,0.49987316131591797
scene-0060,18,2.779200410544697e-06,4.841681827600602e-06,0,0.44956493377685547
scene-0060,19,4.066261367622029e-07,1.1071411903477692e-06,0,0.5502018928527832
scene-0060,20,3.56466516110434e-06,1.8754139388800277e-06,0,0.4993300437927246
scene-0060,21,2.3574271535209517e-06,5.258148976179254e-06,0,0.4998660087585449
scene-0060,22,2.388798592066838e-07,8.916061569089451e-07,0,0.4501049518585205
scene-0060,23,1.5307308664937662e-06,4.112927689883104e-07,0,0.5496330261230469
scene-0060,24,2.879681232862508e-07,3.62913685559467e-06,0,0.4998779296875
scene-0060,25,1.0947885387197214e-06,3.101636803111331e-06,0,0.4998760223388672
scene-0060,26,3.7582262934267315e-07,9.208262442400662e-07,0,0.5004310607910156
scene-0060,27,2.536432746844828e-06,1.9901659634788567e-07,0,0.4998760223388672
scene-0060,28,2.775151555654892e-07,4.887659837592695e-06,0,0.4998741149902344
scene-0060,29,1.9260165782926296e-06,4.340739659555009e-06,0,0.5004618167877197
scene-0060,30,1.0845671508097254e-06,7.585872893953592e-07,0,0.45066308975219727
scene-0060,31,5.096386579558445e-07,2.5898309609336665e-06,0,0.5507259368896484
scene-0060,32,4.118732122477045e-06,3.92113481627764e-06,0,0.49988698959350586
scene-0060,33,2.245841333195561e-06,4.31633097651809e-06,0,0.4998950958251953
scene-0060,34,1.937572316698138e-06,1.769604701014835e-07,0,0.49983692169189453
scene-0060,35,3.135710378534558e-06,4.05182095580253e-06,0,0.4993410110473633
scene-0060,36,1.075556856462688e-06,2.220556165712127e-06,0,0.49985504150390625
scene-0060,37,5.031423437466419e-07,7.095394449431258e-08,0,0.49991297721862793
scene-0060,38,0.07876813775119314,1.075417834602182e-06,0,0.4998619556427002
scene-0060,39,0.15753828994427155,0.15753828994427155,0,0.49985599517822266
scene-0061,0,9.019633424035666,0.0,1,0.0
scene-0061,1,8.875821269629986,9.019633424035666,0,0.4998960494995117
scene-0061,2,8.587457975442666,8.74528195631368,0,0.5502011775970459
scene-0061,3,8.272990137257818,8.413793595300191,0,0.49930477142333984
scene-0061,4,7.905249765104493,8.132636750582014,0,0.5004441738128662
scene-0061,5,7.60885520694089,7.655045282553454,0,0.4548039436340332
scene-0061,6,7.410895751773144,7.566709370454668,0,0.4957239627838135
scene-0061,7,7.14796460163084,7.270543528558262,0,0.5501859188079834
scene-0061,8,6.888863467419525,7.013074645036622,0,0.49932217597961426
scene-0061,9,6.622811799606567,6.764820525958226,0,0.4998819828033447
scene-0061,10,6.390616981816861,6.4651241564403,0,0.4495689868927002
scene-0061,11,6.16775995897374,6.323823831642761,0,0.49932003021240234
scene-0061,12,5.885186668430211,6.013210899397744,0,0.49985790252685547
scene-0061,13,5.659786832485526,5.760179771635799,0,0.4998891353607178
scene-0061,14,5.365530134060379,5.572283745877152,0,0.550203800201416
scene-0061,15,5.054303779338746,5.147536560871686,0,0.5009860992431641
scene-0061,16,4.82120093182125,4.972453707328911,0,0.5004041194915771
scene-0061,17,4.592952461562461,4.681736123466809,0,0.5010168552398682
scene-0061,18,4.355290730520124,4.514021390711251,0,0.5003969669342041
scene-0061,19,4.250126778489205,4.207473885128667,0,0.49932312965393066
scene-0061,20,4.377845827242346,4.304306182449714,0,0.49931788444519043
scene-0061,21,4.374494047129256,4.463841129187669,0,0.4998970031738281
scene-0061,22,4.218725378759007,4.288560545570097,0,0.44954705238342285
scene-0061,23,4.086048421984767,4.165493562255952,0,0.4998900890350342
scene-0061,24,3.8782707043936693,4.02274153936251,0,0.5501768589019775
scene-0061,25,3.488073445752663,3.726962976097647,0,0.5004470348358154
scene-0061,26,3.1581204169177375,3.2928760882860617,0,0.5993850231170654
scene-0061,27,2.869618929217291,2.999142420068723,0,0.4998750686645508
scene-0061,28,2.675494174178968,2.7413433156207594,0,0.5004348754882812
scene-0061,29,2.524473581567919,2.593784614690207,0,0.3998100757598877
scene-0061,30,2.417164346065406,2.4691405536808078,0,0.5004069805145264
scene-0061,31,2.3449687443008242,2.365151500161775,0,0.49989891052246094
scene-0061,32,2.3370498977195937,2.3247890547159633,0,0.49988603591918945
scene-0061,33,2.294230260320975,2.349297640213948,0,0.5004329681396484
scene-0061,34,2.252570595790343,2.239112802052595,0,0.49984312057495117
scene-0061,35,2.3610571799194395,2.2661335176917814,0,0.499345064163208
scene-0061,36,2.4248363954890335,2.45683925296439,0,0.49987196922302246
scene-0061,37,2.251434571641263,2.4003296282631332,0,0.5999369621276855
scene-0061,38,2.0758565258395043,2.0758565258395043,0,0.500432014465332
scene-0062,0,8.627309054336443,0.0,1,0.0
scene-0062,1,8.492387897600908,8.627309054336443,0,0.4998660087585449
scene-0062,2,8.392989961306816,8.357539558217011,0,0.49988412857055664
scene-0062,3,8.580210707893622,8.42844590597949,0,0.49988484382629395
scene-0062,4,8.530625795885419,8.731924975590514,0,0.5004150867462158
scene-0062,5,8.344323723542963,8.32921197540271,0,0.4998779296875
scene-0062,6,8.25433349674952,8.359440521143526,0,0.4998660087585449
scene-0062,7,8.22713266161797,8.149350959041174,0,0.5004570484161377
scene-0062,8,8.301043034157244,8.305024386350935,0,0.4998478889465332
scene-0062,9,8.429326680360157,8.297071086393252,0,0.5004220008850098
scene-0062,10,8.48494684817085,8.56172568231435,0,0.4998819828033447
scene-0062,11,8.295500198410377,8.408082288823968,0,0.49932217597961426
scene-0062,12,8.272061130164555,8.183048880483943,0,0.4998788833618164
scene-0062,13,8.305270694963895,8.361176161321193,0,0.49933409690856934
scene-0062,14,8.393142052030615,8.249489774376007,0,0.5004098415374756
scene-0062,15,8.49904676685224,8.537001678096484,0,0.4998772144317627
scene-0062,16,8.40228391641971,8.467484219147249,0,0.599984884262085
scene-0062,17,8.437626515510646,8.334563288875835,0,0.5496420860290527
scene-0062,18,8.43963884804772,8.555884329823972,0,0.49991393089294434
scene-0062,19,8.269047716717264,8.327556826803477,0,0.5009300708770752
scene-0062,20,8.265019581840146,8.211231283926573,0,0.5010039806365967
scene-0062,21,8.328608643067017,8.320787516394695,0,0.49985790252685547
scene-0062,22,8.2577324522014,8.341916305361448,0,0.5994081497192383
scene-0062,23,8.18887589381724,8.135140546237512,0,0.399791955947876
scene-0062,24,8.229123458289807,8.231976905436486,0,0.5004439353942871
scene-0062,25,8.211923419315301,8.22627078120639,0,0.5004560947418213
scene-0062,26,8.157437510937639,8.197550274441301,0,0.49930596351623535
scene-0062,27,8.0821553586492,8.113026473010626,0,0.4501039981842041
scene-0062,28,8.058279862095755,8.054393639714098,0,0.5004479885101318
scene-0062,29,8.112818770598755,8.061791318852023,0,0.5542459487915039
scene-0062,30,8.157065302736552,8.16999087845952,0,0.49470090866088867
scene-0062,31,8.176251435940364,8.144292333275144,0,0.5005030632019043
scene-0062,32,8.30762222665056,8.208237451799326,0,0.5003440380096436
scene-0062,33,8.43899055714533,8.407222850629124,0,0.4993109703063965
scene-0062,34,8.457611225706316,8.474230760793368,0,0.4501171112060547
scene-0062,35,8.442549550969634,8.444023608484763,0,0.5501940250396729
scene-0062,36,8.537798819379335,8.44092939668965,0,0.4993269443511963
scene-0062,37,8.618781855957847,8.645257099215794,0,0.4501669406890869
scene-0062,38,8.59713208828861,8.59713208828861,0,0.5501439571380615
scene-0063,0,8.225761187579437,0.0,1,0.0
scene-0063,1,8.251011663294404,8.225761187579437,0,0.500417947769165
scene-0063,2,8.31043358146569,8.276298172065678,0,0.49987006187438965
scene-0063,3,8.388168994824582,8.344572326199039,0,0.49986982345581055
scene-0063,4,8.43293842757385,8.431716202550557,0,0.5004451274871826
scene-0063,5,8.455100162789194,8.434178960589152,0,0.5004210472106934
scene-0063,6,8.420057283113216,8.476068308294783,0,0.4993250370025635
scene-0063,7,8.270529278364718,8.364170367187228,0,0.5004279613494873
scene-0063,8,8.02295205446645,8.176907231658056,0,0.5004198551177979
scene-0063,9,7.790140495829203,7.868836282830184,0,0.49989795684814453
scene-0063,10,7.656900669202952,7.711452735717931,0,0.4998660087585449
scene-0063,11,7.593262864084094,7.602645223564652,0,0.5021300315856934
scene-0063,12,7.644335382407811,7.5838189744217,0,0.4981670379638672
scene-0063,13,7.68789279725524,7.704721884314886,0,0.49933600425720215
scene-0063,14,7.623479169058199,7.671095359910003,0,0.49987196922302246
scene-0063,15,7.41733390284653,7.575812839766808,0,0.4993271827697754
scene-0063,16,7.0738372397243605,7.258912469820751,0,0.4993109703063965
scene-0063,17,6.6190275443007875,6.889190513314543,0,0.5004379749298096
scene-0063,18,6.058255026329866,6.348864205294669,0,0.5004370212554932
scene-0063,19,5.468845304821364,5.767304700106964,0,0.4998478889465332
scene-0063,20,4.922373989330846,5.22091774272326,0,0.6005210876464844
scene-0063,21,4.19628877931115,4.564338429553901,0,0.5004489421844482
scene-0063,22,3.513812187079133,3.827812469725039,0,0.4998629093170166
scene-0063,23,2.900741347444412,3.2005014102461122,0,0.5004310607910156
scene-0063,24,2.246960223408367,2.6005338571481933,0,0.4993319511413574
scene-0063,25,1.6002250136196323,1.8942107844528717,0,0.5004441738128662
scene-0063,26,0.9916521746123883,1.306148362944133,0,0.500018835067749
scene-0063,27,0.5033822078856742,0.7059713837170014,0,0.550037145614624
scene-0063,28,0.20129817589158905,0.2810315629069976,0,0.5004198551177979
scene-0063,29,0.1519516598433768,0.12171869638726913,0,0.49930715560913086
scene-0063,30,0.3678224171815348,0.1824436554907052,0,0.4993269443511963
scene-0063,31,0.8527999507675079,0.5533690177188746,0,0.49986696243286133
scene-0063,32,1.4391605781165875,1.15187784126839,0,0.5004570484161377
scene-0063,33,1.9311441672302274,1.7271120853784458,0,0.4992990493774414
scene-0063,34,2.394702019203007,2.134977205497816,0,0.4998798370361328
scene-0063,35,2.8553173595808947,2.6542651551337713,0,0.500432014465332
scene-0063,36,3.2175181534748547,3.056683987405281,0,0.5004251003265381
scene-0063,37,3.563408434528123,3.3786007222082555,0,0.5012898445129395
scene-0063,38,3.718276533821601,3.718276533821601,0,0.5985770225524902
scene-0064,0,4.662819008201773,0.0,1,0.0
scene-0064,1,4.821934679211545,4.662819008201773,0,0.5014309883117676
scene-0064,2,5.132063690028612,4.982049415129199,0,0.49832606315612793
scene-0064,3,5.382662683095667,5.281534569488786,0,0.5004520416259766
scene-0064,4,5.57762561672692,5.509408784784974,0,0.39978790283203125
scene-0064,5,5.6677186045154,5.632128188200957,0,0.5004251003265381
scene-0064,6,5.81560021993855,5.7047445232757035,0,0.49987196922302246
scene-0064,7,5.983814860481831,5.925922059855505,0,0.5067510604858398
scene-0064,8,6.21174566557806,6.045878856198078,0,0.49300694465637207
scene-0064,9,6.403548773700532,6.375767400468639,0,0.49987196922302246
scene-0064,10,6.503441542486645,6.43129911074242,0,0.5004351139068604
scene-0064,11,6.587624464078028,6.575778171714254,0,0.49987196922302246
scene-0064,12,6.738102658685332,6.599576822157309,0,0.4998748302459717
scene-0064,13,7.005542577019054,6.876631253294897,0,0.49986910820007324
scene-0064,14,7.101470924506266,7.134491902442878,0,0.4998779296875
scene-0064,15,7.0936534122936,7.068450776082521,0,0.49988412857055664
scene-0064,16,7.207201032014055,7.11886089337319,0,0.5004208087921143
scene-0064,17,7.143792835376697,7.295641787475276,0,0.5004420280456543
scene-0064,18,6.8705616447922075,6.991608992347801,0,0.49930405616760254
scene-0064,19,6.687028846654105,6.749662779572707,0,0.49986791610717773
scene-0064,20,6.6799872334279415,6.62485639975995,0,0.5035781860351562
scene-0064,21,6.831781960950874,6.735919165601567,0,0.4967329502105713
scene-0064,22,6.891145791944152,6.927060435054051,0,0.5004379749298096
scene-0064,23,6.7143197151650975,6.855376439470642,0,0.4998629093170166
scene-0064,24,6.594169448808965,6.573471214619997,0,0.5004301071166992
scene-0064,25,6.344023770383613,6.617222224156447,0,0.44956398010253906
scene-0064,26,6.006240870062255,6.120842694852143,0,0.5501909255981445
scene-0064,27,5.735382239763144,5.865988172124955,0,0.44956111907958984
scene-0064,28,5.698651364881346,5.618265325305344,0,0.5004310607910156
scene-0064,29,5.731446354901542,5.779453112865605,0,0.49988579750061035
scene-0064,30,5.6164808195776725,5.6842637553405915,0,0.49988412857055664
scene-0064,31,5.704311746985982,5.548755757923459,0,0.49987292289733887
scene-0064,32,5.948642836654832,5.859892496587341,0,0.499859094619751
scene-0064,33,6.276921702094594,6.0373187239403325,0,0.5004918575286865
scene-0064,34,6.712339862602816,6.5172192213766795,0,0.49926304817199707
scene-0064,35,7.011828523285483,6.907023261936072,0,0.5004169940948486
scene-0064,36,7.191290615551143,7.116632128969141,0,0.5004279613494873
scene-0064,37,7.414311838406596,7.266140592374307,0,0.499330997467041
scene-0064,38,7.6423652937369395,7.548788716566874,0,0.5501999855041504
scene-0064,39,7.745594134146618,7.745594134146618,0,0.5004260540008545
scene-0065,0,1.2051208020520978,0.0,1,0.0
scene-0065,1,1.4439447609643212,1.2051208020520978,0,0.4985620975494385
scene-0065,2,1.8849035856379215,1.6824688607106129,0,0.4998788833618164
scene-0065,3,2.2800304995734977,2.0873333595836994,0,0.499891996383667
scene-0065,4,2.6158807532322763,2.4725341824633054,0,0.5004119873046875
scene-0065,5,2.873307843958824,2.7594311501732682,0,0.4998922348022461
scene-0065,6,3.0823209371686953,2.9872458360230114,0,0.5004317760467529
scene-0065,7,3.3609920860529052,3.1776980041918472,0,0.49985814094543457
scene-0065,8,3.8144427618556276,3.5919238006284706,0,0.3997938632965088
scene-0065,9,4.029618275477811,3.993488674615789,0,0.5004310607910156
scene-0065,10,4.291881429316589,4.069837563912842,0,0.49986815452575684
scene-0065,11,4.60513951307185,4.517674649781549,0,0.500438928604126
scene-0065,12,5.129477230277144,4.698550815101483,0,0.49990105628967285
scene-0065,13,5.771963288604212,5.5686991700925175,0,0.4998757839202881
scene-0065,14,5.99988232528032,5.985702224990266,0,0.49984121322631836
scene-0065,15,6.202191188594001,6.027958849752799,0,0.499891996383667
scene-0065,16,6.417060754375663,6.393746460989626,0,0.5004229545593262
scene-0065,17,6.6291025563609525,6.458935278526861,0,0.4998939037322998
scene-0065,18,7.041604314483658,6.809206372408885,0,0.5023109912872314
scene-0065,19,7.479423751555974,7.305334467411757,0,0.44765710830688477
scene-0065,20,7.80918080404454,7.6369692674211676,0,0.4993128776550293
scene-0065,21,8.051549337136567,7.966797784706674,0,0.5496859550476074
scene-0065,22,8.331269586132775,8.145398596863991,0,0.5037832260131836
scene-0065,23,8.66632041020352,8.52029084483446,0,0.4970419406890869
scene-0065,24,8.852018099932927,8.811642688158866,0,0.49988293647766113
scene-0065,25,8.993665050175995,8.896732244500784,0,0.4518449306488037
scene-0065,26,9.14764282119859,9.081624904932992,0,0.498136043548584
scene-0065,27,9.199697279425921,9.213538551245026,0,0.5004251003265381
scene-0065,28,9.20208661047559,9.182452898835503,0,0.399791955947876
scene-0065,29,9.218970153889742,9.2178170805184,0,0.5004289150238037
scene-0065,30,9.248437357176568,9.220127078308748,0,0.4998641014099121
scene-0065,31,9.298258754501484,9.276788370017636,0,0.4998800754547119
scene-0065,32,9.297132300008613,9.31983412447254,0,0.49991798400878906
scene-0065,33,9.260621487146405,9.274627592146006,0,0.5036509037017822
scene-0065,34,9.432564717412868,9.246440445893725,0,0.4966158866882324
scene-0065,35,9.45575924618084,9.617475866154525,0,0.4998750686645508
scene-0065,36,9.177463112791505,9.295102027059134,0,0.5031211376190186
scene-0065,37,8.870003533650147,9.058454803326164,0,0.49720287322998047
scene-0065,38,8.607282066634031,8.682576777138516,0,0.4998929500579834
scene-0065,39,8.532016127942542,8.532016127942542,0,0.4998819828033447
scene-0066,0,4.922212068278563e-05,0.0,1,0.0
scene-0066,1,2.824379059916816e-05,4.922212068278563e-05,0,0.500607967376709
scene-0066,2,2.984307423371974e-05,3.1552744359043464e-05,0,0.4991419315338135
scene-0066,3,3.8250462488138716e-05,6.231766127204956e-05,0,0.49988698959350586
scene-0066,4,4.841367939405884e-05,0.00011090303986441872,0,0.5999529361724854
scene-0066,5,4.314406423657849e-05,3.464344085325259e-05,0,0.5004470348358154
scene-0066,6,1.543654197668138e-05,5.205664698413791e-05,0,0.5004291534423828
scene-0066,7,6.82893974526876e-05,7.070479647283172e-05,0,0.4998939037322998
scene-0066,8,2.552530927863821e-05,6.587904941515124e-05,0,0.500403881072998
scene-0066,9,7.500654079680808e-05,0.00011341679150774101,0,0.4998791217803955
scene-0066,10,6.96626066302993e-06,3.676125379457533e-05,0,0.4993259906768799
scene-0066,11,0.00016719938002804187,4.086059546895562e-05,0,0.5004279613494873
scene-0066,12,0.09511136767958638,0.00029384893255664116,0,0.5004291534423828
scene-0066,13,0.36679233926211874,0.19062062139020425,0,0.49988389015197754
scene-0066,14,0.841314730420237,0.542975001534566,0,0.49985289573669434
scene-0066,15,1.3508225918861905,1.1396498272491475,0,0.499891996383667
scene-0066,16,1.7289590652486577,1.5620917527502733,0,0.4998650550842285
scene-0066,17,1.8941018109588614,1.8805752531258844,0,0.5502021312713623
scene-0066,18,1.8236821822384124,1.9090552648666113,0,0.49930596351623535
scene-0066,19,1.6197154696115885,1.7385132251673234,0,0.5004520416259766
scene-0066,20,1.304229482870412,1.4874703066255368,0,0.44954681396484375
scene-0066,21,0.9511001689900774,1.1396218131476443,0,0.5004332065582275
scene-0066,22,0.5568629804153721,0.762173614915925,0,0.4993259906768799
scene-0066,23,0.15982467094748662,0.35203253629574016,0,0.500424861907959
scene-0066,24,0.017352302812184858,0.016738165132255844,0,0.5496480464935303
scene-0066,25,0.009375711785667897,0.01808271664171958,0,0.4998738765716553
scene-0066,26,0.004083863272927454,0.004460041724495116,0,0.5999631881713867
scene-0066,27,0.003351476713996138,0.003641116970354433,0,0.49989891052246094
scene-0066,28,0.002834235796691463,0.0030627159628463935,0,0.5004100799560547
scene-0066,29,0.0024101578452816732,0.0026055427447557586,0,0.4998748302459717
scene-0066,30,0.002052087766313832,0.0022151649947601665,0,0.5007960796356201
scene-0066,31,0.0017502394497874974,0.001888585706340764,0,0.4994940757751465
scene-0066,32,0.0014951368296750671,0.0016120132816036243,0,0.4998760223388672
scene-0066,33,0.032942412374596865,0.0013783623063119272,0,0.49988603591918945
scene-0066,34,0.0931063441392628,0.06587470082994148,0,0.4998769760131836
scene-0066,35,0.05945785012078666,0.11572989245528263,0,0.6018848419189453
scene-0066,36,0.007996482018797626,0.010436547420584792,0,0.49741315841674805
scene-0066,37,0.004590077034632119,0.005802043452532166,0,0.4998779296875
scene-0066,38,0.0038752007743728142,0.0038752007743728142,0,0.4998750686645508
scene-0067,0,0.9135809330699711,0.0,1,0.0
scene-0067,1,1.2360833546673202,0.9135809330699711,0,0.4997079372406006
scene-0067,2,1.8888793205535852,1.6417138117431438,0,0.39922595024108887
scene-0067,3,2.2326662853079524,2.090826115095186,0,0.5004429817199707
scene-0067,4,2.7840428277239093,2.3803492232856884,0,0.5004329681396484
scene-0067,5,3.4015711911962345,3.1881709605370716,0,0.49991512298583984
scene-0067,6,3.8314542255659565,3.6176275551624677,0,0.4992790222167969
scene-0067,7,4.285435839740745,4.076103747696699,0,0.44954395294189453
scene-0067,8,4.700572662358872,4.480182361071441,0,0.500420093536377
scene-0067,9,5.144060120138109,4.905389261714039,0,0.5498979091644287
scene-0067,10,5.645921565163809,5.408006573114168,0,0.5001919269561768
scene-0067,11,6.039340963610103,5.8445936416926685,0,0.599973201751709
scene-0067,12,6.3775410758681215,6.274415326867753,0,0.4998648166656494
scene-0067,13,6.626370050081087,6.506436868688368,0,0.40035200119018555
scene-0067,14,6.88919489837547,6.733083554050857,0,0.45009398460388184
scene-0067,15,6.892657982280734,7.029760231078816,0,0.4999380111694336
scene-0067,16,6.617636160895476,6.755731403198345,0,0.49983906745910645
scene-0067,17,6.032545313962425,6.4796855899306784,0,0.49985694885253906
scene-0067,18,5.378081771146271,5.585489799860993,0,0.49986696243286133
scene-0067,19,4.753109106021875,5.170691670789776,0,0.49990010261535645
scene-0067,20,4.002399738683578,4.373343124070189,0,0.5496258735656738
scene-0067,21,3.2305832569159105,3.5945438345341145,0,0.49988222122192383
scene-0067,22,2.4850818421592433,2.866626724934412,0,0.4998748302459717
scene-0067,23,1.7829266691246215,2.1043809488236636,0,0.5009829998016357
scene-0067,24,1.2071242628440493,1.4611606780365956,0,0.5004260540008545
scene-0067,25,0.7093370508339096,0.9247180764020313,0,0.4501221179962158
scene-0067,26,0.3127784698796698,0.5156843886499507,0,0.5004057884216309
scene-0067,27,0.04164206136209205,0.10946406378870074,0,0.49933505058288574
scene-0067,28,0.046060495170581806,0.027113821358859484,0,0.49987316131591797
scene-0067,29,0.2823107523273716,0.11821191700857804,0,0.4993138313293457
scene-0067,30,0.6860631869190138,0.44612980605181246,0,0.5004270076751709
scene-0067,31,1.160164856716155,0.9045029551254647,0,0.5496671199798584
scene-0067,32,1.7769925134464255,1.4410479224532537,0,0.5004229545593262
scene-0067,33,2.3622274113040946,2.113306760214365,0,0.49987292289733887
scene-0067,34,2.8825938471876418,2.610827437662434,0,0.500540018081665
scene-0067,35,3.444054547569657,3.155067261069012,0,0.4992640018463135
scene-0067,36,3.907327838891444,3.6846070043792056,0,0.5999331474304199
scene-0067,37,4.409527505418903,4.174748124491614,0,0.4998509883880615
scene-0067,38,4.78664746587854,4.644141502097411,0,0.5004398822784424
scene-0067,39,4.965096755221892,4.965096755221892,0,0.39982104301452637
scene-0068,0,8.555310547182758,0.0,1,0.0
scene-0068,1,8.680314008229416,8.555310547182758,0,0.49985790252685547
scene-0068,2,8.825853381926784,8.805181859896296,0,0.5004231929779053
scene-0068,3,8.868150671392074,8.846549749977601,0,0.4998819828033447
scene-0068,4,8.826814147856322,8.88475661903858,0,0.6502759456634521
scene-0068,5,8.697427048597032,8.751464820386133,0,0.4998810291290283
scene-0068,6,8.471050067984415,8.629920563585204,0,0.3997929096221924
scene-0068,7,8.12803653993777,8.344131073693207,0,0.5004289150238037
scene-0068,8,7.872906212544133,7.912227860095747,0,0.5009891986846924
scene-0068,9,7.819453797768028,7.833549337357314,0,0.500438928604126
scene-0068,10,7.690537576529034,7.80536862683504,0,0.5004220008850098
scene-0068,11,7.5442673378403935,7.575647707784294,0,0.4999110698699951
scene-0068,12,7.4014720429652385,7.512908478219592,0,0.49985599517822266
scene-0068,13,7.21269897174109,7.2899300591660685,0,0.49930596351623535
scene-0068,14,6.959495061230073,7.136156985946675,0,0.5028190612792969
scene-0068,15,6.613643192053338,6.780762436351404,0,0.49693799018859863
scene-0068,16,6.3700935353604065,6.447529039960272,0,0.4998660087585449
scene-0068,17,6.106216168951749,6.283998996486829,0,0.4495539665222168
scene-0068,18,5.616698151921811,5.906305712802321,0,0.3997938632965088
scene-0068,19,4.996099216060226,5.42371669180323,0,0.5999710559844971
scene-0068,20,4.010568020331121,4.4834179923360225,0,0.5004239082336426
scene-0068,21,3.208995352783407,3.53719906292861,0,0.49985718727111816
scene-0068,22,2.6199517753897776,2.881246169140628,0,0.5004429817199707
scene-0068,23,2.2146166690635445,2.3824318671422624,0,0.5502049922943115
scene-0068,24,2.0368277967628843,2.0099458578983755,0,0.45011186599731445
scene-0068,25,2.0545463611733163,2.0623506954530395,0,0.4998800754547119
scene-0068,26,2.154360254998671,2.0486840858205184,0,0.5052750110626221
scene-0068,27,2.3317959381437086,2.2571564884418827,0,0.5447819232940674
scene-0068,28,2.652207520449469,2.420578707137819,0,0.49988508224487305
scene-0068,29,3.120707414443886,2.8922987653176464,0,0.4998738765716553
scene-0068,30,3.5781509752906695,3.3878882681216247,0,0.4495570659637451
scene-0068,31,4.071210160087128,3.759619463602317,0,0.5004260540008545
scene-0068,32,4.618795717327986,4.391904971926888,0,0.499891996383667
scene-0068,33,5.048636073344469,4.85191090984592,0,0.500417947769165
scene-0068,34,5.397411856836484,5.230581314542139,0,0.5501811504364014
scene-0068,35,5.723389929721997,5.581671009996707,0,0.49987077713012695
scene-0068,36,5.875537545851322,5.865294803715527,0,0.4998800754547119
scene-0068,37,5.675383523276688,5.886104120947454,0,0.4998760223388672
scene-0068,38,5.46476897665054,5.46476897665054,0,0.4998660087585449
scene-0069,0,2.9294493748148214,0.0,1,0.0
scene-0069,1,3.0618982675876016,2.9294493748148214,0,0.49986791610717773
scene-0069,2,3.2963891162540615,3.1950532311580164,0,0.499316930770874
scene-0069,3,3.4917111741880844,3.4021150243129985,0,0.4998950958251953
scene-0069,4,3.7432588853082587,3.6136901622891724,0,0.400331974029541
scene-0069,5,3.971089252103384,3.8613485795837517,0,0.4993281364440918
scene-0069,6,4.160910420572624,4.092020485654014,0,0.5999608039855957
scene-0069,7,4.4165738849364375,4.278347678857663,0,0.4998810291290283
scene-0069,8,4.6519279858176406,4.584968354810507,0,0.5004251003265381
scene-0069,9,4.936620934931717,4.7559057664594055,0,0.5004398822784424
scene-0069,10,5.271581470056874,5.152075534421449,0,0.5004110336303711
scene-0069,11,5.624427870311185,5.419971684875811,0,0.5004739761352539
scene-0069,12,6.020477940759503,5.850069610079017,0,0.5004680156707764
scene-0069,13,6.292235165501143,6.1944404096775925,0,0.5009281635284424
scene-0069,14,6.590057077629985,6.415009462845184,0,0.39978885650634766
scene-0069,15,6.881425395656854,6.730059596226626,0,0.4998910427093506
scene-0069,16,7.209353606302753,7.032885320266283,0,0.4998600482940674
scene-0069,17,7.559397064083925,7.386008256182758,0,0.49933600425720215
scene-0069,18,7.842944364322641,7.732578669903988,0,0.49993395805358887
scene-0069,19,8.077812493346565,7.965639306924895,0,0.45005202293395996
scene-0069,20,8.385111649209179,8.17876500754238,0,0.5004000663757324
scene-0069,21,8.617376620758996,8.591683402266831,0,0.49989986419677734
scene-0069,22,8.77784345601508,8.642999813637376,0,0.501446008682251
scene-0069,23,8.966043869859021,8.901349071819489,0,0.5474920272827148
scene-0069,24,9.091812602185742,9.037112116959902,0,0.49933910369873047
scene-0069,25,9.112938332597206,9.14645790045487,0,0.49988579750061035
scene-0069,26,9.155417607437084,9.079679277689788,0,0.5026130676269531
scene-0069,27,9.087859634997303,9.232114297182957,0,0.49711012840270996
scene-0069,28,8.669838844145547,8.9444092633175,0,0.4998939037322998
scene-0069,29,8.517531608278453,8.395531144520849,0,0.4998800754547119
scene-0069,30,8.602082286176474,8.639327995159274,0,0.5009658336639404
scene-0069,31,8.505989412296904,8.56499170042642,0,0.500413179397583
scene-0069,32,8.414302127432057,8.447006944691259,0,0.5004379749298096
scene-0069,33,8.37863281366127,8.381671809864153,0,0.5004339218139648
scene-0069,34,8.434178685027039,8.375593819347756,0,0.5004301071166992
scene-0069,35,8.56834584933534,8.492768042079005,0,0.5004329681396484
scene-0069,36,8.74767122484808,8.643936567844689,0,0.5004189014434814
scene-0069,37,8.92145228975163,8.85163367807135,0,0.49933409690856934
scene-0069,38,9.08601669492867,8.991199716993181,0,0.4998648166656494
scene-0069,39,9.18103147125105,9.18103147125105,0,0.49933409690856934
scene-0070,0,8.396979780585548,0.0,1,0.0
scene-0070,1,8.364699578490697,8.396979780585548,0,0.4998810291290283
scene-0070,2,8.284282343792377,8.332453343730418,0,0.499859094619751
scene-0070,3,8.123950655908303,8.236248049643303,0,0.5004498958587646
scene-0070,4,8.060273711900228,8.011849671015161,0,0.49986791610717773
scene-0070,5,8.026363304911184,8.109423302256022,0,0.49985599517822266
scene-0070,6,8.046955278639846,7.946724066428755,0,0.4998750686645508
scene-0070,7,8.206169470768078,8.152752803599652,0,0.49988603591918945
scene-0070,8,8.373820193706578,8.279426055659279,0,0.40034008026123047
scene-0070,9,8.531054807951847,8.45607604859692,0,0.4993288516998291
scene-0070,10,8.666478259439003,8.614010962209786,0,0.4998791217803955
scene-0070,11,8.918550847934037,8.727906155884765,0,0.5000319480895996
scene-0070,12,9.228140742895492,9.079808300912292,0,0.5997939109802246
scene-0070,13,9.463330551929207,9.407756286784366,0,0.4998910427093506
scene-0070,14,9.524548513188243,9.51900390226626,0,0.5004229545593262
scene-0070,15,9.57114591828274,9.530379577171557,0,0.49988412857055664
scene-0070,16,9.52501692515159,9.61186835097835,0,0.5004658699035645
scene-0070,17,9.432270170104136,9.438074342790754,0,0.4998321533203125
scene-0070,18,9.238779258831947,9.425057673799028,0,0.40035390853881836
scene-0070,19,8.952834593093112,9.08946272887297,0,0.4993290901184082
scene-0070,20,8.432780429977297,8.81677417362908,0,0.5004348754882812
scene-0070,21,7.853475918301426,8.048814571692015,0,0.5004150867462158
scene-0070,22,7.4404644448960084,7.658336917332928,0,0.5008940696716309
scene-0070,23,6.970007003179052,7.221697453380238,0,0.49884486198425293
scene-0070,24,6.383419168245714,6.719115163178112,0,0.5004291534423828
scene-0070,25,5.931080892995934,6.10328122499761,0,0.5994188785552979
scene-0070,26,5.548693872825308,5.724620097696289,0,0.49990296363830566
scene-0070,27,5.118787630493343,5.372752554161413,0,0.49984312057495117
scene-0070,28,4.683127674613438,4.865581448154592,0,0.500432014465332
scene-0070,29,4.39209925928809,4.504384213111643,0,0.49935197830200195
scene-0070,30,4.152237002421875,4.29009019178811,0,0.4993109703063965
scene-0070,31,3.9443045857419117,3.9992688529491467,0,0.3997809886932373
scene-0070,32,3.904462874761912,3.9194493175521465,0,0.4998960494995117
scene-0070,33,4.016238216320786,3.922752849517903,0,0.500964879989624
scene-0070,34,4.196246682821113,4.144024266593483,0,0.5004229545593262
scene-0070,35,4.3340001603003975,4.284282471141935,0,0.49987316131591797
scene-0070,36,4.560998058593912,4.417168874026057,0,0.5004470348358154
scene-0070,37,4.842204736541749,4.724546110713858,0,0.5009729862213135
scene-0070,38,5.085953087717232,4.972620520930979,0,0.4998748302459717
scene-0070,39,5.203318762085621,5.203318762085621,0,0.5004301071166992
scene-0071,0,7.018440189785043,0.0,1,0.0
scene-0071,1,7.091586344302521,7.018440189785043,0,0.5994172096252441
scene-0071,2,7.03517397548931,7.180001690535144,0,0.501323938369751
scene-0071,3,6.7861861242302925,6.889509916279196,0,0.4984269142150879
scene-0071,4,6.601664828112726,6.6834829703564855,0,0.5004260540008545
scene-0071,5,6.426332177338313,6.527585761532803,0,0.5502059459686279
scene-0071,6,6.259809875562287,6.315791889747874,0,0.5038220882415771
scene-0071,7,6.102323275117226,6.203258655793431,0,0.49649596214294434
scene-0071,8,6.061827869402686,6.0020907415070335,0,0.49929308891296387
scene-0071,9,6.1669730879404465,6.121891242917684,0,0.49933290481567383
scene-0071,10,6.177291267825293,6.212562431376917,0,0.5004339218139648
scene-0071,11,6.159670710661993,6.143718539345023,0,0.49987196922302246
scene-0071,12,6.13224118107276,6.178655979621836,0,0.49987006187438965
scene-0071,13,6.1157311583037774,6.089785593599895,0,0.500432014465332
scene-0071,14,6.1291652719800505,6.148401139377973,0,0.45067310333251953
scene-0071,15,6.087741441178428,6.117172191135129,0,0.5502078533172607
scene-0071,16,6.0635693471528835,6.0599006766788035,0,0.5004100799560547
scene-0071,17,5.913080667080781,6.069718785997904,0,0.4501059055328369
scene-0071,18,5.705787231070598,5.774141331370377,0,0.5004441738128662
scene-0071,19,5.482547640437344,5.6385351384242,0,0.4998619556427002
scene-0071,20,5.15894206798946,5.326413449351509,0,0.49932003021240234
scene-0071,21,4.784297240221255,4.9935950843021555,0,0.5000059604644775
scene-0071,22,4.410960635558047,4.578638865060623,0,0.499755859375
scene-0071,23,3.925880922421019,4.247307192400609,0,0.49985718727111816
scene-0071,24,3.4121988511698085,3.639263882936173,0,0.5542998313903809
scene-0071,25,2.9154282941830734,3.1602160385709674,0,0.4965031147003174
scene-0071,26,2.478987540143062,2.6717217608206907,0,0.4985949993133545
scene-0071,27,2.3083653109731865,2.2867716447982738,0,0.49988698959350586
scene-0071,28,2.268417802444955,2.3308038741419717,0,0.4998660087585449
scene-0071,29,2.178018798020826,2.208343711033635,0,0.4998810291290283
scene-0071,30,2.198719756080785,2.1507198229346076,0,0.4998760223388672
scene-0071,31,2.3125638739355083,2.250574903779945,0,0.5015418529510498
scene-0071,32,2.4551353305701062,2.379354550355512,0,0.499891996383667
scene-0071,33,2.6531610304937634,2.5366667968685555,0,0.49930405616760254
scene-0071,34,2.969806154213738,2.7903093132960914,0,0.4501180648803711
scene-0071,35,3.269399920245477,3.1391552668590728,0,0.499891996383667
scene-0071,36,3.4943323906662735,3.4142765201726233,0,0.49985289573669434
scene-0071,37,3.706186200468867,3.609712786478829,0,0.3997969627380371
scene-0071,38,3.9738752990993627,3.7940476858640757,0,0.49986910820007324
scene-0071,39,4.17067527899065,4.17067527899065,0,0.5009860992431641
scene-0072,0,0.6904011983148832,0.0,1,0.0
scene-0072,1,0.4962285848697684,0.6904011983148832,0,0.4998891353607178
scene-0072,2,0.3310689555986108,0.30228318722516534,0,0.49987292289733887
scene-0072,3,0.49007251574290633,0.36002263805664286,0,0.49988293647766113
scene-0072,4,0.8525754370726291,0.6200470800357468,0,0.5004401206970215
scene-0072,5,1.3269712768509567,1.0854607952818731,0,0.4998650550842285
scene-0072,6,1.6175436227800193,1.5686995340562822,0,0.4998760223388672
scene-0072,7,1.5958847825482096,1.6787022781603342,0,0.39977002143859863
scene-0072,8,1.377704181392556,1.5297277888752743,0,0.5004308223724365
scene-0072,9,1.0758317632269268,1.2262729365217009,0,0.5016090869903564
scene-0072,10,0.7375881660289149,0.924373391274593,0,0.49759387969970703
scene-0072,11,0.4230666786515094,0.5522276720741223,0,0.5009841918945312
scene-0072,12,0.21153827897762886,0.29366125051859254,0,0.4993298053741455
scene-0072,13,0.055989556512392756,0.12984059521350483,0,0.5004231929779053
scene-0072,14,0.018339980514859095,0.024358818768773525,0,0.4998788833618164
scene-0072,15,0.01050594792840324,0.012472194723198786,0,0.44965195655822754
scene-0072,16,0.008224864597050229,0.00903269860448587,0,0.5003311634063721
scene-0072,17,0.006870767089840922,0.007445971767319101,0,0.5011508464813232
scene-0072,18,0.005831496535428415,0.006305877109518866,0,0.4991610050201416
scene-0072,19,0.004966932883113665,0.005357890969611403,0,0.49988603591918945
scene-0072,20,0.004248717571678641,0.004578601114965625,0,0.5004510879516602
scene-0072,21,0.0036358975351107434,0.003919674569853489,0,0.49985194206237793
scene-0072,22,0.0031145048698120103,0.003356826282217064,0,0.5004220008850098
scene-0072,23,0.0027126836452999034,0.0028798906161411142,0,0.4998738765716553
scene-0072,24,0.0023319379746948106,0.002509058089416277,0,0.39922618865966797
scene-0072,25,0.0020477196863521777,0.0021945038190666565,0,0.49932193756103516
scene-0072,26,0.0017544854642617019,0.0019038366109303591,0,0.4998810291290283
scene-0072,27,0.0015729438050682883,0.0016298697333181889,0,0.4998738765716553
scene-0072,28,0.004132072156261592,0.0017595570877387782,0,0.5004291534423828
scene-0072,29,0.0869303316817924,0.007570360558321737,0,0.39979100227355957
scene-0072,30,0.3077090244257798,0.16240087507740444,0,0.4998810291290283
scene-0072,31,0.6555358008736757,0.4531914996951242,0,0.49930596351623535
scene-0072,32,1.2207672260174631,0.8801012121540982,0,0.4501378536224365
scene-0072,33,1.8092832737677995,1.5280169883140202,0,0.5004401206970215
scene-0072,34,2.3707751869789124,2.0932283826485434,0,0.5009629726409912
scene-0072,35,2.8583866004935246,2.6319099984043297,0,0.5507450103759766
scene-0072,36,3.315696317063886,3.128590001967876,0,0.5004448890686035
scene-0072,37,3.804447924511658,3.5335394282024764,0,0.49986720085144043
scene-0072,38,4.3423905241964675,4.114394659336154,0,0.4998748302459717
scene-0072,39,4.604433921777236,4.604433921777236,0,0.49932312965393066
scene-0073,0,10.437582583145016,0.0,1,0.0
scene-0073,1,10.458320486588407,10.437582583145016,0,0.4987320899963379
scene-0073,2,10.508333483310317,10.47905698428822,0,0.4987831115722656
scene-0073,3,10.436815503379693,10.537646381244862,0,0.4998970031738281
scene-0073,4,10.236466347929031,10.345325103719507,0,0.5507488250732422
scene-0073,5,10.023002346138815,10.11652705649718,0,0.49985313415527344
scene-0073,6,9.855531153050931,9.929790531597629,0,0.5015308856964111
scene-0073,7,9.66002832396641,9.781291097571252,0,0.4998619556427002
scene-0073,8,9.501842740380642,9.538799736730445,0,0.4998750686645508
scene-0073,9,9.357274010330482,9.464976087570683,0,0.5004429817199707
scene-0073,10,9.079400779709568,9.249459545913851,0,0.4998610019683838
scene-0073,11,8.740112604971122,8.909617691279392,0,0.5004401206970215
scene-0073,12,8.371948839736536,8.570430853785725,0,0.49987196922302246
scene-0073,13,8.130193466662844,8.175121050097312,0,0.5040650367736816
scene-0073,14,7.842813628346801,8.084796038541693,0,0.4968428611755371
scene-0073,15,7.3202761276281825,7.602280695919814,0,0.4998159408569336
scene-0073,16,6.855330447371146,7.038363874110077,0,0.49988412857055664
scene-0073,17,6.419596447506712,6.65180986004814,0,0.44953489303588867
scene-0073,18,5.948783964030857,6.21082093591153,0,0.4998891353607178
scene-0073,19,5.4312603869188045,5.686461661686295,0,0.49932003021240234
scene-0073,20,4.814795975193864,5.176345014026569,0,0.4998798370361328
scene-0073,21,4.115764445761199,4.452850285475502,0,0.4993140697479248
scene-0073,22,3.3745024417305642,3.779191187038661,0,0.4998810291290283
scene-0073,23,2.5854348888564,2.969383209233037,0,0.4993410110473633
scene-0073,24,1.8423400661776712,2.201914723107972,0,0.49986696243286133
scene-0073,25,1.2319550746904309,1.4827969222622035,0,0.4998750686645508
scene-0073,26,0.7942799776740698,0.9813996060086854,0,0.5004458427429199
scene-0073,27,0.6028504288356845,0.6241114943068039,0,0.5502970218658447
scene-0073,28,0.6777659604901727,0.5768515044486707,0,0.45000696182250977
scene-0073,29,0.9555430616891593,0.7685222663245135,0,0.5004169940948486
scene-0073,30,1.3322310823352,1.142358533143261,0,0.5009851455688477
scene-0073,31,1.776754690773021,1.5683094816665013,0,0.4029819965362549
scene-0073,32,2.09661267021017,1.9457334927000782,0,0.4972519874572754
scene-0073,33,2.461455720033042,2.2470611782581447,0,0.5004119873046875
scene-0073,34,2.7801534795855547,2.6784359162615727,0,0.4998641014099121
scene-0073,35,3.0228798210012564,2.8907806440255226,0,0.5004339218139648
scene-0073,36,3.379292324782422,3.176316185695654,0,0.5004310607910156
scene-0073,37,3.7955353455996828,3.610260295959242,0,0.49932003021240234
scene-0073,38,4.189529249241935,4.0100394474171575,0,0.4993319511413574
scene-0073,39,4.396960873528538,4.396960873528538,0,0.49942994117736816
scene-0074,0,0.5282036130250551,0.0,1,0.0
scene-0074,1,0.3568037873373475,0.5282036130250551,0,0.5004169940948486
scene-0074,2,0.0960908089753361,0.14202125012370387,0,0.399245023727417
scene-0074,3,0.17468818978135633,0.05945204249800172,0,0.4998800754547119
scene-0074,4,0.5352267781221275,0.29023744122242023,0,0.49988293647766113
scene-0074,5,0.9893898436159896,0.7389449865274261,0,0.6012279987335205
scene-0074,6,1.5750679637430554,1.3667775322288722,0,0.39905786514282227
scene-0074,7,1.751631255002625,1.741532218229306,0,0.49988698959350586
scene-0074,8,1.6454684378884008,1.7621435751593364,0,0.49988317489624023
scene-0074,9,1.5433854920873231,1.5293195166815992,0,0.5004270076751709
scene-0074,10,1.545304754830186,1.5593770255514958,0,0.4495389461517334
scene-0074,11,1.5514429637600462,1.5330814355214974,0,0.4998779296875
scene-0074,12,1.4720009884200458,1.5703911987093289,0,0.500438928604126
scene-0074,13,1.1979463670872361,1.3740353439534654,0,0.500413179397583
scene-0074,14,1.0026949367080868,1.0221096650887964,0,0.4998798370361328
scene-0074,15,1.1114085018424786,0.9837149508356741,0,0.4998781681060791
scene-0074,16,1.421512251421513,1.2413868654779165,0,0.5004520416259766
scene-0074,17,1.9002582274717428,1.6063074698249558,0,0.5004348754882812
scene-0074,18,2.3533697471036037,2.203754240865474,0,0.5003499984741211
scene-0074,19,2.7305342255240093,2.555149245870245,0,0.3992910385131836
scene-0074,20,3.1182316187916435,2.890891284660147,0,0.5006239414215088
scene-0074,21,3.5714676015935862,3.3815683436251525,0,0.4991300106048584
scene-0074,22,4.060418152193697,3.7957322606426716,0,0.49990010261535645
scene-0074,23,4.5548203424202045,4.359247180430731,0,0.5004408359527588
scene-0074,24,4.97113629142855,4.7837163088101065,0,0.49987196922302246
scene-0074,25,5.494910280995661,5.219828157839482,0,0.39980006217956543
scene-0074,26,6.005045092657302,5.723988398906924,0,0.5004110336303711
scene-0074,27,6.5456249778617055,6.32490263465855,0,0.4495539665222168
scene-0074,28,7.082877040616526,6.745171774914633,0,0.5004229545593262
scene-0074,29,7.623433631267187,7.39153193027388,0,0.5496501922607422
scene-0074,30,8.117061147333477,7.878490495793112,0,0.5009849071502686
scene-0074,31,8.624419579767943,8.356509879750032,0,0.499316930770874
scene-0074,32,9.048189770064262,8.892363260867187,0,0.499312162399292
scene-0074,33,9.429927396380341,9.20365754085057,0,0.5004668235778809
scene-0074,34,9.902683359249751,9.656476062186101,0,0.49985313415527344
scene-0074,35,10.282264897964456,10.148891253507356,0,0.4998748302459717
scene-0074,36,10.541624818898333,10.415314841519958,0,0.5011041164398193
scene-0074,37,10.613744780657772,10.66834952710117,0,0.49976205825805664
scene-0074,38,10.393469279214955,10.559124642918874,0,0.49930405616760254
scene-0074,39,10.22802248612015,10.22802248612015,0,0.49987292289733887
scene-0075,0,9.474406500728008,0.0,1,0.0
scene-0075,1,9.589050958863632,9.474406500728008,0,0.5044009685516357
scene-0075,2,9.688763563058279,9.70547775344003,0,0.4970991611480713
scene-0075,3,9.527100277515475,9.672140718928508,0,0.49869298934936523
scene-0075,4,9.278435937260253,9.382402476381698,0,0.4998610019683838
scene-0075,5,8.956737882334334,9.17447352040296,0,0.49987101554870605
scene-0075,6,8.52765755211894,8.739260846192433,0,0.5004348754882812
scene-0075,7,8.250863247110937,8.292422641416543,0,0.45012712478637695
scene-0075,8,8.041130869930383,8.216832280786813,0,0.5496349334716797
scene-0075,9,7.976494515464185,7.8265831082013895,0,0.45010900497436523
scene-0075,10,8.152897464617379,8.111524288537494,0,0.499863862991333
scene-0075,11,8.292538241558562,8.19056964208671,0,0.5496461391448975
scene-0075,12,8.586971113658972,8.417088445965078,0,0.4501199722290039
scene-0075,13,8.843901403250634,8.725977006304245,0,0.550199031829834
scene-0075,14,9.110974498690577,8.97370309125984,0,0.4998779296875
scene-0075,15,9.33201376177529,9.248229209556264,0,0.4999411106109619
scene-0075,16,9.584927046090728,9.415725100948384,0,0.5003829002380371
scene-0075,17,9.79459707066907,9.754338271490438,0,0.4998750686645508
scene-0075,18,9.869603690967443,9.83482001392135,0,0.5004549026489258
scene-0075,19,9.892811268846875,9.904432635772253,0,0.5004150867462158
scene-0075,20,9.779202349640062,9.881185606064564,0,0.4993150234222412
scene-0075,21,9.578825107612957,9.677334856884661,0,0.4998788833618164
scene-0075,22,9.4634784533935,9.48035198766123,0,0.4998650550842285
scene-0075,23,9.470890587816326,9.446611084926596,0,0.4998810291290283
scene-0075,24,9.479908128538726,9.495144009624305,0,0.5004189014434814
scene-0075,25,9.377896186074658,9.464661834364291,0,0.4999079704284668
scene-0075,26,9.287851917592077,9.29121548976819,0,0.5003960132598877
scene-0075,27,9.346321608495158,9.284499366494966,0,0.49988698959350586
scene-0075,28,9.36631568221747,9.414982118994782,0,0.450120210647583
scene-0075,29,9.481855540666349,9.326645197577909,0,0.55216383934021
scene-0075,30,9.681809491345714,9.625329837332782,0,0.5979959964752197
scene-0075,31,9.796282864009445,9.749377864658793,0,0.4998631477355957
scene-0075,32,9.888673394509453,9.843166447383048,0,0.500140905380249
scene-0075,33,10.016983862914149,9.945642478272628,0,0.39951610565185547
scene-0075,34,10.16262746848558,10.074067450662481,0,0.4993398189544678
scene-0075,35,10.257311551813372,10.251193872906727,0,0.4993131160736084
scene-0075,36,10.26314035459077,10.26342629572138,0,0.4998810291290283
scene-0075,37,10.390388620312446,10.263243681718777,0,0.5004298686981201
scene-0075,38,10.517605252509941,10.517605252509941,0,0.5002269744873047
scene-0076,0,7.317480286966252,0.0,1,0.0
scene-0076,1,7.253422568000096,7.317480286966252,0,0.4993288516998291
scene-0076,2,7.238500862461117,7.186290329847783,0,0.3997831344604492
scene-0076,3,7.216334608826579,7.2903222174970574,0,0.49993085861206055
scene-0076,4,6.973866021079589,7.160865665538329,0,0.499830961227417
scene-0076,5,6.706165202749712,6.803888411387188,0,0.4999401569366455
scene-0076,6,6.455370573082637,6.623870236782927,0,0.5009880065917969
scene-0076,7,6.0958241325498035,6.280157129894797,0,0.44891786575317383
scene-0076,8,5.932841510775795,5.941480209983799,0,0.4998781681060791
scene-0076,9,5.948363185775256,5.9380034513311495,0,0.49988389015197754
scene-0076,10,6.011127615460182,5.975244151138675,0,0.5004360675811768
scene-0076,11,6.147884197347829,6.074115633455288,0,0.3997838497161865
scene-0076,12,6.112690237976547,6.221238325874819,0,0.4998750686645508
scene-0076,13,5.916664648291019,6.025767118014496,0,0.5004270076751709
scene-0076,14,5.5576553895720435,5.821825680990614,0,0.49988603591918945
scene-0076,15,5.097834079049225,5.305912573869738,0,0.49988508224487305
scene-0076,16,4.696694011967622,4.893036943706825,0,0.5004289150238037
scene-0076,17,4.43809897711261,4.500506450735413,0,0.4998800754547119
scene-0076,18,4.349335729994934,4.3760392945026965,0,0.4998738765716553
scene-0076,19,4.2999258203668065,4.322776194506551,0,0.502392053604126
scene-0076,20,4.454737392947737,4.276928709696608,0,0.4979279041290283
scene-0076,21,4.757434335988426,4.632009227129322,0,0.4998471736907959
scene-0076,22,4.9628144886479975,4.8827661311226365,0,0.5004279613494873
scene-0076,23,5.173351085134761,5.043040676073592,0,0.49931883811950684
scene-0076,24,5.4020398926668305,5.303379859434075,0,0.5004251003265381
scene-0076,25,5.608794223303151,5.525528653096814,0,0.3998119831085205
scene-0076,26,5.789032253721228,5.6753937239590275,0,0.4998650550842285
scene-0076,27,5.875035126807254,5.883713459750798,0,0.5999588966369629
scene-0076,28,5.7462971620285535,5.8646921492838455,0,0.5031089782714844
scene-0076,29,5.440523193361751,5.626369267541584,0,0.4966440200805664
scene-0076,30,5.137028490246548,5.256169513417863,0,0.4998650550842285
scene-0076,31,4.8715135682449455,4.989038661456917,0,0.400360107421875
scene-0076,32,4.79112614679625,4.779839744585215,0,0.49985694885253906
scene-0076,33,4.757856541383852,4.810465937065533,0,0.49988293647766113
scene-0076,34,4.769934793498088,4.722926181598651,0,0.5004289150238037
scene-0076,35,4.816273367071415,4.85425310352315,0,0.4501180648803711
scene-0076,36,4.877750369106834,4.840001058759925,0,0.6502699851989746
scene-0076,37,5.060221853408318,5.025003511585354,0,0.49988603591918945
scene-0076,38,5.281488242487139,5.172651667574474,0,0.5004310607910156
scene-0076,39,5.440400840239098,5.440400840239098,0,0.49932003021240234
scene-0092,0,7.48033523808713,0.0,1,0.0
scene-0092,1,7.558245376144157,7.48033523808713,0,0.49984288215637207
scene-0092,2,7.523390675068666,7.636189711957082,0,0.4998750686645508
scene-0092,3,7.316784343458367,7.3825994973514,0,0.40036988258361816
scene-0092,4,7.244712197381143,7.264178044041277,0,0.49985408782958984
scene-0092,5,7.35038189568439,7.225273499291845,0,0.5004251003265381
scene-0092,6,7.522036627862047,7.489625302074947,0,0.4501149654388428
scene-0092,7,7.371162161261415,7.551277022972291,0,0.4993610382080078
scene-0092,8,7.4026960074224855,7.207691789883307,0,0.5501518249511719
scene-0092,9,7.590302753957819,7.617310210888774,0,0.49988317489624023
scene-0092,10,7.592621537196894,7.5633012742355055,0,0.4998610019683838
scene-0092,11,7.5814153001889695,7.617057565753018,0,0.5999770164489746
scene-0092,12,7.515850023875234,7.538647424926342,0,0.4998788833618164
scene-0092,13,7.442061770216711,7.493052416791303,0,0.4998741149902344
scene-0092,14,7.493282602962206,7.391137499622359,0,0.5004367828369141
scene-0092,15,7.572784760878734,7.595441996652875,0,0.5004332065582275
scene-0092,16,7.579013079242446,7.550102638568627,0,0.49987196922302246
scene-0092,17,7.492361905843233,7.607931058503295,0,0.499863862991333
scene-0092,18,7.515341278149897,7.376812794506071,0,0.4998970031738281
scene-0092,19,7.7717753893352866,7.653880473190617,0,0.49986910820007324
scene-0092,20,7.820621427385499,7.889536023410746,0,0.5004408359527588
scene-0092,21,7.799581434923416,7.735429341480619,0,0.40480899810791016
scene-0092,22,7.7165064720953565,7.85200375344452,0,0.49541711807250977
scene-0092,23,7.618294698855569,7.582386108250617,0,0.5004489421844482
scene-0092,24,7.703695601112873,7.65424577664757,0,0.4998600482940674
scene-0092,25,7.764484660594492,7.758611390274845,0,0.45010900497436523
scene-0092,26,7.537619226207869,7.769798323205516,0,0.4998769760131836
scene-0092,27,7.138531006851864,7.305440465756552,0,0.49987292289733887
scene-0092,28,7.064092700194068,6.971854230751658,0,0.5004141330718994
scene-0092,29,7.009952551068716,7.15653104636569,0,0.499345064163208
scene-0092,30,7.02565584850444,6.863522977437267,0,0.49985289573669434
scene-0092,31,7.205878065034444,7.187788014828547,0,0.49987196922302246
scene-0092,32,7.282499050118087,7.223970661139341,0,0.49988603591918945
scene-0092,33,7.3506851671026805,7.341053270147389,0,0.4998741149902344
scene-0092,34,7.491653123894682,7.362771716437853,0,0.4003579616546631
scene-0092,35,7.685687694043178,7.59489398293698,0,0.4998600482940674
scene-0092,36,7.909816190709529,7.776482944068202,0,0.49986982345581055
scene-0092,37,8.118124716727326,8.043148235236105,0,0.4998781681060791
scene-0092,38,8.340385316905675,8.193101680054566,0,0.4998788833618164
scene-0092,39,8.487510115383765,8.487510115383765,0,0.5004189014434814
scene-0093,0,6.1664658389531875,0.0,1,0.0
scene-0093,1,5.871099096810359,6.1664658389531875,0,0.4998898506164551
scene-0093,2,5.547695266840655,5.577282666916786,0,0.5021719932556152
scene-0093,3,5.444474895472839,5.524578197390038,0,0.4976530075073242
scene-0093,4,5.396636657259799,5.385520538271209,0,0.49981212615966797
scene-0093,5,5.5005042586577995,5.433372896356805,0,0.49987292289733887
scene-0093,6,5.619519582020394,5.601571908111947,0,0.49987006187438965
scene-0093,7,5.784418078193772,5.684065022584578,0,0.5004260540008545
scene-0093,8,5.994106506153887,5.937073786154907,0,0.49988794326782227
scene-0093,9,6.224764998088114,6.10389404418819,0,0.5000510215759277
scene-0093,10,6.533676361750873,6.389350072931273,0,0.4996819496154785
scene-0093,11,6.835694708940023,6.701705523189419,0,0.4998760223388672
scene-0093,12,7.1790901599212695,7.0108572089414505,0,0.4003570079803467
scene-0093,13,7.473090945605274,7.315810691770516,0,0.5004138946533203
scene-0093,14,7.856058860503559,7.6312388558859245,0,0.500434160232544
scene-0093,15,8.219174657072273,8.08101868914963,0,0.5004229545593262
scene-0093,16,8.540653838527936,8.35760641165157,0,0.5004358291625977
scene-0093,17,8.828720633209898,8.72411447975823,0,0.49930906295776367
scene-0093,18,9.164129849377165,8.933123306740407,0,0.500432014465332
scene-0093,19,9.45930075123085,9.356813937261546,0,0.5999619960784912
scene-0093,20,9.68927544051006,9.582473716269288,0,0.4998769760131836
scene-0093,21,9.916595571069,9.795992015622833,0,0.5004491806030273
scene-0093,22,10.131912830497589,10.037373938911378,0,0.4998610019683838
scene-0093,23,10.329418520475423,10.250290237187983,0,0.39924192428588867
scene-0093,24,10.441019341828543,10.399603032418725,0,0.45012998580932617
scene-0093,25,10.406026651701314,10.478344306813295,0,0.49985194206237793
scene-0093,26,10.180415535388924,10.333804142257408,0,0.5004351139068604
scene-0093,27,10.167079717486128,10.027101783165461,0,0.5004279613494873
scene-0093,28,10.324228305353035,10.294529348936306,0,0.5496480464935303
scene-0093,29,10.312805034095925,10.356930763469226,0,0.49930787086486816
scene-0093,30,10.324473857004223,10.268812058107818,0,0.4998950958251953
scene-0093,31,10.435148680239607,10.38024038975145,0,0.4998619556427002
scene-0093,32,10.458859289861067,10.480947905236015,0,0.5999701023101807
scene-0093,33,10.349323043968887,10.436791278792727,0,0.5999529361724854
scene-0093,34,10.307562377663428,10.254044515834094,0,0.5507340431213379
scene-0093,35,10.467116157558607,10.373206747380225,0,0.4490649700164795
scene-0093,36,10.522128796991389,10.551488460662238,0,0.4998629093170166
scene-0093,37,10.520105124250566,10.492772766092335,0,0.4998660087585449
scene-0093,38,10.547406099482014,10.547406099482014,0,0.5004410743713379
scene-0094,0,10.724911224816106,0.0,1,0.0
scene-0094,1,10.674223151864679,10.724911224816106,0,0.49987196922302246
scene-0094,2,10.391461423788725,10.623597247775267,0,0.5004370212554932
scene-0094,3,10.127542945748017,10.159064713846602,0,0.49987006187438965
scene-0094,4,9.874685972681755,10.08826864065273,0,0.4003560543060303
scene-0094,5,9.639350149508413,9.70381277832095,0,0.5004239082336426
scene-0094,6,9.601722143604217,9.574759076872915,0,0.4993290901184082
scene-0094,7,9.525779419629393,9.631717324999752,0,0.4495580196380615
scene-0094,8,9.459174745295591,9.430574156114574,0,0.499863862991333
scene-0094,9,9.43677278625198,9.487883691385068,0,0.49933409690856934
scene-0094,10,9.331980062743247,9.390419361528972,0,0.5501868724822998
scene-0094,11,9.253826720939335,9.267737454589922,0,0.500434160232544
scene-0094,12,9.21935495759485,9.239934448649974,0,0.50040602684021
scene-0094,13,9.122172990270734,9.198760834537229,0,0.4999089241027832
scene-0094,14,9.036206251076743,9.045696535326815,0,0.5004100799560547
scene-0094,15,8.883360589810446,9.026721510005572,0,0.4998779296875
scene-0094,16,8.544441882147465,8.724158614864676,0,0.45010805130004883
scene-0094,17,8.225295958200862,8.38261693242637,0,0.4998619556427002
scene-0094,18,7.83218492939368,8.06798621616348,0,0.4998960494995117
scene-0094,19,7.572259669143856,7.59690226468137,0,0.5009949207305908
scene-0094,20,7.3184304976188645,7.547560655715137,0,0.4998490810394287
scene-0094,21,6.9231221771910025,7.089315256984524,0,0.49986982345581055
scene-0094,22,6.69511445992628,6.756932588313637,0,0.4998791217803955
scene-0094,23,6.344088307429499,6.633300971959988,0,0.4998970031738281
scene-0094,24,5.898263154464833,6.0810658711491685,0,0.5496368408203125
scene-0094,25,5.517737636440171,5.697040873740106,0,0.499312162399292
scene-0094,26,5.176698967680045,5.338907687547303,0,0.500622034072876
scene-0094,27,4.919598484362311,5.0141838568834025,0,0.4996778964996338
scene-0094,28,4.551980497085483,4.825054728431936,0,0.4998939037322998
scene-0094,29,4.136822353025055,4.278890547346382,0,0.49985718727111816
scene-0094,30,3.9163266095407523,3.9947676683276785,0,0.49988603591918945
scene-0094,31,3.5097996395691196,3.837905548883323,0,0.4998819828033447
scene-0094,32,3.022643277600004,3.181688551973491,0,0.499863862991333
scene-0094,33,2.6798535195705453,2.863606146627679,0,0.49987196922302246
scene-0094,34,2.28393445952024,2.4963131502667197,0,0.500446081161499
scene-0094,35,1.9993754266524129,2.0713127869316175,0,0.4998650550842285
scene-0094,36,1.7560786228463212,1.9194877561567525,0,0.4501149654388428
scene-0094,37,1.455429086613364,1.6089411254452899,0,0.4998819828033447
scene-0094,38,1.1088646495362176,1.3020953316147093,0,0.500420093536377
scene-0094,39,0.9331204085810048,0.9331204085810048,0,0.5501959323883057
scene-0095,0,4.15735039653269e-06,0.0,1,0.0
scene-0095,1,3.790464622874024e-06,4.15735039653269e-06,0,0.5004289150238037
scene-0095,2,3.268611381545205e-06,3.4840925904504918e-06,0,0.5004391670227051
scene-0095,3,2.9682450026121408e-06,3.0759339723423077e-06,0,0.49987101554870605
scene-0095,4,2.5710635246107417e-06,2.917901961344761e-06,0,0.4998738765716553
scene-0095,5,2.070925909288814e-06,2.2720246055475422e-06,0,0.5004639625549316
scene-0095,6,1.7901756810540596e-06,1.9624982536547147e-06,0,0.499845027923584
scene-0095,7,1.6049307172452019e-06,1.640923939871715e-06,0,0.4993400573730469
scene-0095,8,1.3244539037461502e-06,1.6965662507030104e-06,0,0.4998779296875
scene-0095,9,1.3954899055693617e-06,1.4506205896523388e-06,0,0.49987101554870605
scene-0095,10,2.202267491803826e-06,2.633837418985649e-06,0,0.5033659934997559
scene-0095,11,1.0825898918734414e-06,1.7745031431594736e-06,0,0.4969291687011719
scene-0095,12,2.4367046015168895e-06,7.969266203699947e-07,0,0.4993579387664795
scene-0095,13,2.6842025763037546e-06,4.535909257764399e-06,0,0.4998738765716553
scene-0095,14,5.33806373246549e-07,9.349486251778434e-07,0,0.49985599517822266
scene-0095,15,4.7016369074037145e-07,8.931977606653267e-07,0,0.500460147857666
scene-0095,16,1.3306494271588785e-06,6.774724113515572e-07,0,0.4998588562011719
scene-0095,17,1.2841182552728532e-06,2.0458448366658763e-06,0,0.49932098388671875
scene-0095,18,1.2740212739376985e-06,5.60658544499404e-07,0,0.4998781681060791
scene-0095,19,2.6775603988772086e-06,2.9478092160036947e-06,0,0.502310037612915
scene-0095,20,4.1309780054293327e-07,2.4332374818067686e-06,0,0.555588960647583
scene-0095,21,6.709196953813157e-07,1.978248630517629e-06,0,0.4925880432128906
scene-0095,22,2.6651343110058567e-07,6.87189173151188e-07,0,0.4998948574066162
scene-0095,23,6.00660997481926e-07,1.0810447467853838e-06,0,0.4998509883880615
scene-0095,24,1.1956553738279972e-07,1.6034776244306042e-07,0,0.49988508224487305
scene-0095,25,8.636319962036278e-07,1.9557508968811637e-07,0,0.5994129180908203
scene-0095,26,2.942418248300201e-07,1.6843462292313446e-06,0,0.5004270076751709
scene-0095,27,6.860387009667479e-07,1.123293367679527e-06,0,0.5004160404205322
scene-0095,28,1.0527020047224695e-07,2.53067133464533e-07,0,0.4998738765716553
scene-0095,29,6.669570262678626e-07,9.668785924159291e-08,0,0.4998650550842285
scene-0095,30,1.543190085282487e-06,1.253452558145042e-06,0,0.4998819828033447
scene-0095,31,4.677853259756428e-07,1.9051619746309922e-06,0,0.4003610610961914
scene-0095,32,1.0294711323893196e-06,2.3654995695849475e-06,0,0.4998641014099121
scene-0095,33,6.73868469261528e-07,3.0916167514322754e-07,0,0.4998748302459717
scene-0095,34,5.278243568601628e-07,1.0379231929192583e-06,0,0.501676082611084
scene-0095,35,0.0016600747017332252,1.9109618673462408e-08,0,0.4986429214477539
scene-0095,36,0.15952830089713402,0.003316126239518787,0,0.4998500347137451
scene-0095,37,0.5220356437725229,0.3157326151195952,0,0.4998760223388672
scene-0095,38,0.7283373054827846,0.7283373054827846,0,0.4998800754547119
scene-0096,0,2.4909766895671783,0.0,1,0.0
scene-0096,1,2.786022353164461,2.4909766895671783,0,0.4998738765716553
scene-0096,2,3.4238929843321273,3.15492645054371,0,0.399799108505249
scene-0096,3,3.9672933909027215,3.639250903839102,0,0.4993278980255127
scene-0096,4,4.487161559762603,4.294651597587626,0,0.5004310607910156
scene-0096,5,4.941626283677765,4.6796956248228,0,0.5004279613494873
scene-0096,6,5.4230191056930614,5.204183196932734,0,0.49987101554870605
scene-0096,7,5.879172752623675,5.641677336566965,0,0.5004301071166992
scene-0096,8,6.206212878132585,6.117042149517444,0,0.4999098777770996
scene-0096,9,6.478271691434755,6.281306906592332,0,0.5999131202697754
scene-0096,10,6.829512951417912,6.714852500789786,0,0.5004348754882812
scene-0096,11,7.0589615021956895,6.9447943850223215,0,0.4998800754547119
scene-0096,12,7.331779982035099,7.173652373888098,0,0.49988698959350586
scene-0096,13,7.6748009302996545,7.49031767232718,0,0.49988293647766113
scene-0096,14,7.904987525117286,7.829016768163628,0,0.6005151271820068
scene-0096,15,8.17476073852656,7.99644182659756,0,0.4999079704284668
scene-0096,16,8.47431996661442,8.353111183682648,0,0.499830961227417
scene-0096,17,8.736858765990762,8.595389594837293,0,0.5004410743713379
scene-0096,18,9.006162788792304,8.878584410249987,0,0.49989891052246094
scene-0096,19,9.206914142520526,9.133836371159722,0,0.4998490810394287
scene-0096,20,9.33316602504283,9.273119985231244,0,0.5526988506317139
scene-0096,21,9.502877927568672,9.399891489440554,0,0.4973721504211426
scene-0096,22,9.685180152712206,9.605352220844813,0,0.4998588562011719
scene-0096,23,9.608709248847376,9.76497985802227,0,0.5004870891571045
scene-0096,24,9.329451417629652,9.45268799441061,0,0.5009469985961914
scene-0096,25,9.14056357221099,9.205679351766255,0,0.49875307083129883
scene-0096,26,9.065991926352202,9.07566321271111,0,0.49987292289733887
scene-0096,27,8.965140892726366,9.056325494536848,0,0.49988889694213867
scene-0096,28,8.982607318343504,8.873964027170079,0,0.49986815452575684
scene-0096,29,8.996961621822138,9.091376886914874,0,0.50040602684021
scene-0096,30,8.850855111489018,8.902903734567474,0,0.4999098777770996
scene-0096,31,8.544929111059384,8.798888380592988,0,0.4998500347137451
scene-0096,32,8.11852527741295,8.291160565198872,0,0.4998779296875
scene-0096,33,7.709657415386801,7.946159119234626,0,0.5004580020904541
scene-0096,34,7.2864266264932525,7.472946151295722,0,0.49985218048095703
scene-0096,35,6.968416218915133,7.099934296923969,0,0.49988293647766113
scene-0096,36,6.641845667636781,6.822198119389383,0,0.44961094856262207
scene-0096,37,6.278608099940149,6.4797947191893694,0,0.4998779296875
scene-0096,38,6.077417154818239,6.077417154818239,0,0.49982404708862305
scene-0097,0,1.783978318180228e-07,0.0,1,0.0
scene-0097,1,1.5596197126359936e-07,1.783978318180228e-07,0,0.4998819828033447
scene-0097,2,1.5535810611897018e-06,4.858382198203621e-07,0,0.5062830448150635
scene-0097,3,4.946752573885857e-07,2.6484745373754914e-06,0,0.49401307106018066
scene-0097,4,4.419892203189921e-06,1.633430421221267e-06,0,0.5000340938568115
scene-0097,5,3.3524154547866546e-06,7.2081910075538045e-06,0,0.49970483779907227
scene-0097,6,6.820562983926336e-07,1.440459080344998e-07,0,0.6005380153656006
scene-0097,7,1.3738886430716364e-06,1.6744978052133278e-06,0,0.4998819828033447
scene-0097,8,4.07281165484397e-07,1.0733178010528966e-06,0,0.4998509883880615
scene-0097,9,2.3225089076549933e-07,2.5790476165556466e-07,0,0.5007021427154541
scene-0097,10,1.0750213882400084e-06,7.234407203275498e-07,0,0.4990668296813965
scene-0097,11,8.706993103656808e-07,1.3942602555163818e-06,0,0.5496270656585693
scene-0097,12,7.769361598313554e-07,2.950772934662495e-07,0,0.4998631477355957
scene-0097,13,0.02406471102754493,1.258343107634381e-06,0,0.5004379749298096
scene-0097,14,0.2319712963246699,0.0481554108218388,0,0.49987196922302246
scene-0097,15,0.5324516765095193,0.3851225358116748,0,0.5999598503112793
scene-0097,16,1.0995847228425437,0.7093071605430279,0,0.4998910427093506
scene-0097,17,1.69683402218179,1.489457570194061,0,0.5004191398620605
scene-0097,18,2.1336997226835144,1.9044364080387068,0,0.4998788833618164
scene-0097,19,2.5839283595040268,2.3627151792609578,0,0.500420093536377
scene-0097,20,3.102136015154933,2.805144162661089,0,0.5004470348358154
scene-0097,21,3.5532579762723127,3.3994812325717723,0,0.49986696243286133
scene-0097,22,3.9088122019084777,3.70702882968315,0,0.4998898506164551
scene-0097,23,4.379480851653114,4.1106705645209765,0,0.4998500347137451
scene-0097,24,4.848309527024967,4.648616780575104,0,0.4993250370025635
scene-0097,25,5.250703425265062,5.0475645337618396,0,0.5004251003265381
scene-0097,26,5.602498240963318,5.454071613898298,0,0.4998807907104492
scene-0097,27,5.938532595382268,5.7509322020078,0,0.49988222122192383
scene-0097,28,6.31865281472716,6.126144085023203,0,0.4998757839202881
scene-0097,29,6.686801178120569,6.511160060389385,0,0.4998810291290283
scene-0097,30,7.08268769539613,6.862448118160226,0,0.4998760223388672
scene-0097,31,7.48577489012669,7.302972400864098,0,0.49986910820007324
scene-0097,32,7.859072713083366,7.6684739812118865,0,0.5004370212554932
scene-0097,33,8.245194814109782,8.049688934648692,0,0.500417947769165
scene-0097,34,8.637906565859158,8.440732878834808,0,0.500438928604126
scene-0097,35,8.968890801256203,8.835572321163477,0,0.49987316131591797
scene-0097,36,9.274833175080477,9.102444267006673,0,0.499891996383667
scene-0097,37,9.687973421836395,9.446965010909013,0,0.5006439685821533
scene-0097,38,9.929485440926086,9.929485440926086,0,0.49967384338378906
scene-0098,0,10.426790479048831,0.0,1,0.0
scene-0098,1,10.596079167104488,10.426790479048831,0,0.4003279209136963
scene-0098,2,10.801538023607321,10.731824564023718,0,0.4998779296875
scene-0098,3,10.980440555033985,10.8712783610554,0,0.4998741149902344
scene-0098,4,11.207191827345115,11.08966830063508,0,0.49985504150390625
scene-0098,5,11.392670525155964,11.324810509155467,0,0.4998757839202881
scene-0098,6,11.483622407479423,11.460462147288224,0,0.5004310607910156
scene-0098,7,11.322042316428979,11.506795815666214,0,0.500615119934082
scene-0098,8,11.11145374777469,11.138444516882053,0,0.5037579536437988
scene-0098,9,10.894653519631582,11.084061474590072,0,0.4952540397644043
scene-0098,10,10.595376216501073,10.707002644378157,0,0.49988603591918945
scene-0098,11,10.373582371580243,10.48375180116106,0,0.4998769760131836
scene-0098,12,10.224267373558787,10.251230944971356,0,0.45009589195251465
scene-0098,13,10.265210653437633,10.202212920097901,0,0.5501809120178223
scene-0098,14,10.357002607527534,10.32304460365382,0,0.5999710559844971
scene-0098,15,10.404532823343677,10.391003338071764,0,0.5999741554260254
scene-0098,16,10.467479370837292,10.420762133915902,0,0.5004189014434814
scene-0098,17,10.454401311463249,10.510020873428472,0,0.5496439933776855
scene-0098,18,10.517767024948743,10.40354129522279,0,0.6005139350891113
scene-0098,19,10.546684991608291,10.689345066685023,0,0.39980506896972656
scene-0098,20,10.244908428737826,10.432610482223568,0,0.49984288215637207
scene-0098,21,10.075209049418488,10.057457995103285,0,0.5004370212554932
scene-0098,22,10.175616037741515,10.092996582086819,0,0.49988317489624023
scene-0098,23,10.241524874116934,10.258251944468832,0,0.4998779296875
scene-0098,24,10.35512970660702,10.223179913513805,0,0.4501230716705322
scene-0098,25,10.464984170393524,10.474086819757629,0,0.4993000030517578
scene-0098,26,10.55509837580527,10.455987135245513,0,0.49986791610717773
scene-0098,27,10.716459161043352,10.654456632532325,0,0.4998779296875
scene-0098,28,10.87675181782478,10.77291178490903,0,0.5502021312713623
scene-0098,29,11.045425067078227,10.991033587770152,0,0.5004398822784424
scene-0098,30,11.114929152846697,11.09078914859596,0,0.6005189418792725
scene-0098,31,11.292711472221209,11.151361239327208,0,0.40076303482055664
scene-0098,32,11.480329278318885,11.406258444916737,0,0.498913049697876
scene-0098,33,11.614963593780159,11.55420174610128,0,0.5004141330718994
scene-0098,34,11.724305945798132,11.675894094127854,0,0.49932098388671875
scene-0098,35,11.748426860147084,11.772678634547303,0,0.49988389015197754
scene-0098,36,11.74133512330338,11.724244394794068,0,0.5004410743713379
scene-0098,37,11.697281656288519,11.758433483070782,0,0.5004498958587646
scene-0098,38,11.636017757456852,11.636017757456852,0,0.49931812286376953
scene-0099,0,5.694753426737392,0.0,1,0.0
scene-0099,1,5.409879848214146,5.694753426737392,0,0.5004260540008545
scene-0099,2,4.841990663882353,5.150778031576793,0,0.5502009391784668
scene-0099,3,4.251522352098454,4.502561036287586,0,0.5004348754882812
scene-0099,4,3.8422672688494353,4.000209653061114,0,0.4998750686645508
scene-0099,5,3.452366877290402,3.68417788971385,0,0.4993250370025635
scene-0099,6,3.0921140208957696,3.221222203250977,0,0.500424861907959
scene-0099,7,2.8566051379424624,2.9630193593402745,0,0.5004611015319824
scene-0099,8,2.6387247153609743,2.737990500932648,0,0.44898295402526855
scene-0099,9,2.5473103709079274,2.5496095829238055,0,0.49985814094543457
scene-0099,10,2.3835279910453626,2.544445356321428,0,0.39980483055114746
scene-0099,11,2.393129814980096,2.2548273200562075,0,0.49985718727111816
scene-0099,12,2.688163841624276,2.5323967271032153,0,0.49936985969543457
scene-0099,13,3.0843232856136407,2.847732544728935,0,0.49988293647766113
scene-0099,14,3.6177453188832147,3.3251248664501776,0,0.49985504150390625
scene-0099,15,4.2288625234534996,3.9130421861322047,0,0.4998900890350342
scene-0099,16,4.845843005714018,4.544417422183493,0,0.500417947769165
scene-0099,17,5.2929528007741,5.099765543455358,0,0.6016700267791748
scene-0099,18,5.810448915283841,5.596049540249206,0,0.3997368812561035
scene-0099,19,6.326074034086319,5.990035704281144,0,0.4998900890350342
scene-0099,20,6.824624635686404,6.609199879544415,0,0.5993940830230713
scene-0099,21,7.171473935188092,7.059539583598411,0,0.5501818656921387
scene-0099,22,7.467351216672812,7.308132258503497,0,0.45066118240356445
scene-0099,23,7.601508302329016,7.597940441051717,0,0.549793004989624
scene-0099,24,7.6130059306016715,7.6054444402843195,0,0.5002849102020264
scene-0099,25,7.49567600247212,7.6206951192207395,0,0.4998910427093506
scene-0099,26,7.30016068886417,7.370667174733106,0,0.49988389015197754
scene-0099,27,7.205438319171236,7.229729284528377,0,0.5004119873046875
scene-0099,28,7.221805757367981,7.178436583520538,0,0.4500880241394043
scene-0099,29,7.315531482257175,7.257284177625864,0,0.55019211769104
scene-0099,30,7.492025578249644,7.386739924886253,0,0.450117826461792
scene-0099,31,7.5860738976658535,7.586737535305355,0,0.5004451274871826
scene-0099,32,7.729825264814508,7.5854318839825945,0,0.49930596351623535
scene-0099,33,7.8736969388726,7.874213291443568,0,0.49933600425720215
scene-0099,34,7.878030121454016,7.873228065074867,0,0.549630880355835
scene-0099,35,7.948799853101836,7.883917453905435,0,0.4501051902770996
scene-0099,36,7.998701910516942,8.001880841305967,0,0.5501959323883057
scene-0099,37,7.890492591603081,7.995298935727069,0,0.500432014465332
scene-0099,38,7.785936731727357,7.785936731727357,0,0.5016269683837891
scene-0100,0,3.865844691926133e-05,0.0,1,0.0
scene-0100,1,3.814019903360464e-05,3.865844691926133e-05,0,0.4998629093170166
scene-0100,2,3.0154149484504463e-05,3.864587695519262e-05,0,0.49930906295776367
scene-0100,3,2.679695610657035e-05,3.052965628541331e-05,0,0.49988293647766113
scene-0100,4,2.2215184840848512e-05,2.3853093653018514e-05,0,0.5004429817199707
scene-0100,5,1.8920891811434286e-05,2.0583663525273587e-05,0,0.4998600482940674
scene-0100,6,2.100498320530395e-05,1.7810189662757532e-05,0,0.5020980834960938
scene-0100,7,1.8096931406702742e-05,2.7546600375186625e-05,0,0.49821901321411133
scene-0100,8,1.2064754393992411e-05,1.2965705092284743e-05,0,0.5004189014434814
scene-0100,9,1.0299694924337842e-05,1.1165510938403093e-05,0,0.4998760223388672
scene-0100,10,9.128463054726238e-06,9.799414690912757e-06,0,0.5999588966369629
scene-0100,11,1.0765697293820845e-05,8.325055662419187e-06,0,0.500432014465332
scene-0100,12,1.8158742933961233e-05,1.9145348031983523e-05,0,0.5004220008850098
scene-0100,13,9.34493067589067e-06,1.7171017315820692e-05,0,0.4993250370025635
scene-0100,14,1.1580634595187113e-05,5.206147295582317e-06,0,0.4998769760131836
scene-0100,15,9.629020060628877e-06,2.0553200387368172e-05,0,0.5004229545593262
scene-0100,16,3.811339580672761e-06,4.618786447067901e-06,0,0.49988722801208496
scene-0100,17,3.3185290947119417e-06,3.2808534299833796e-06,0,0.5005629062652588
scene-0100,18,3.012405349860996e-06,3.686107811571536e-06,0,0.550055980682373
scene-0100,19,1.0938613988056685e-05,6.348331500565126e-06,0,0.49990391731262207
scene-0100,20,3.576953422620577e-06,1.6203939761490323e-05,0,0.44953107833862305
scene-0100,21,1.069077939574442e-05,2.0275286670472125e-05,0,0.49988698959350586
scene-0100,22,1.7032198982105718e-06,2.3605354369781463e-06,0,0.5496339797973633
scene-0100,23,1.7283000306965743e-05,4.163947089378854e-06,0,0.501007080078125
scene-0100,24,1.5544525916043173e-05,3.0591291560496035e-05,0,0.4993009567260742
scene-0100,25,3.9110426121957945e-06,1.0670035311821685e-06,0,0.4998629093170166
scene-0100,26,7.70447877007665e-07,8.12316322875334e-06,0,0.4998800754547119
scene-0100,27,5.529874285548298e-06,8.256415559826664e-06,0,0.5004310607910156
scene-0100,28,8.376245121733882e-07,2.8184559276250765e-06,0,0.49986791610717773
scene-0100,29,2.987848505027832e-06,1.8350748439734714e-06,0,0.4495561122894287
scene-0100,30,5.119065943096652e-06,7.19021245839617e-06,0,0.5004239082336426
scene-0100,31,4.453314696699268e-06,3.0502146781132345e-06,0,0.49988412857055664
scene-0100,32,6.369675338741753e-06,6.21434801576276e-06,0,0.3997819423675537
scene-0100,33,8.954311483190023e-06,1.6414665690876255e-05,0,0.4998910427093506
scene-0100,34,4.1108187585124325e-07,1.5178332167372675e-06,0,0.5004208087921143
scene-0100,35,1.051990830467769e-05,2.1757920164842282e-06,0,0.4998800754547119
scene-0100,36,5.958260646034325e-06,2.0948814247442752e-05,0,0.4003610610961914
scene-0100,37,6.702474227507975e-06,6.054912229963824e-06,0,0.49985289573669434
scene-0100,38,1.3315111149094362e-05,7.350075662854951e-06,0,0.4998891353607178
scene-0100,39,1.9273864197023394e-05,1.9273864197023394e-05,0,0.5004630088806152
scene-0101,0,1.6828642698588402e-05,0.0,1,0.0
scene-0101,1,1.4084986917862633e-05,1.6828642698588402e-05,0,0.5003311634063721
scene-0101,2,1.224467345989546e-05,1.1341905174471453e-05,0,0.5004358291625977
scene-0101,3,1.1476112772553372e-05,3.5883054350116986e-05,0,0.49933910369873047
scene-0101,4,1.6671665113690022e-05,1.2878017329521623e-05,0,0.5004220008850098
scene-0101,5,1.938779391288263e-05,2.0469322552108825e-05,0,0.4998939037322998
scene-0101,6,1.3905389920814917e-05,1.830621542794858e-05,0,0.49987006187438965
scene-0101,7,0.0022294036990277485,9.504723694172118e-06,0,0.49988794326782227
scene-0101,8,0.1375906474452963,0.0044685128912553594,0,0.49984312057495117
scene-0101,9,0.43307108649262527,0.27070351479489346,0,0.4998779296875
scene-0101,10,0.9229488261608455,0.6360791226415173,0,0.3998069763183594
scene-0101,11,1.402240963792026,1.1524029862861003,0,0.4998509883880615
scene-0101,12,1.993856770406192,1.6520808798134452,0,0.4998741149902344
scene-0101,13,2.650387084431118,2.335251844819075,0,0.500432014465332
scene-0101,14,3.125423619220508,2.965513745163984,0,0.5004470348358154
scene-0101,15,3.5577777901781795,3.2857189874454122,0,0.49930596351623535
scene-0101,16,4.057320227678495,3.8292369643427953,0,0.5004229545593262
scene-0101,17,4.459041564608279,4.285644528036834,0,0.4998960494995117
scene-0101,18,4.825758901806824,4.63226711099752,0,0.5004439353942871
scene-0101,19,5.160837500489278,5.020139980076475,0,0.499859094619751
scene-0101,20,5.598039184329031,5.302435355348204,0,0.5004429817199707
scene-0101,21,6.056111822259803,5.894140911971,0,0.5004260540008545
scene-0101,22,6.457302423672192,6.236730286354887,0,0.45009899139404297
scene-0101,23,6.821638459802799,6.656983314871211,0,0.49932289123535156
scene-0101,24,7.233414119557493,6.985990233796765,0,0.5004239082336426
scene-0101,25,7.658933497075002,7.4815980328316805,0,0.49990320205688477
scene-0101,26,7.954956314137024,7.836299153060337,0,0.4998610019683838
scene-0101,27,8.244584012381125,8.073760427823363,0,0.4998898506164551
scene-0101,28,8.523243342613304,8.416452730353079,0,0.49984312057495117
scene-0101,29,8.620866540515388,8.620446979926387,0,0.5496358871459961
scene-0101,30,8.841233846202718,8.622014341178161,0,0.5004289150238037
scene-0101,31,9.120877575794346,9.060879540249719,0,0.4998741149902344
scene-0101,32,9.295459228375432,9.171234274046036,0,0.5994260311126709
scene-0101,33,9.531726957376472,9.481614441948322,0,0.40033698081970215
scene-0101,34,9.633980419353998,9.572499571169953,0,0.4998788833618164
scene-0101,35,9.847116542527425,9.70470108585575,0,0.4501190185546875
scene-0101,36,9.913437942344414,9.965124944687503,0,0.5496490001678467
scene-0101,37,10.06645420296518,9.85749412841497,0,0.4998900890350342
scene-0101,38,9.942599187151957,10.275762914182328,0,0.4998619556427002
scene-0101,39,9.61037508119995,9.61037508119995,0,0.500993013381958
scene-0102,0,2.9641105231785585,0.0,1,0.0
scene-0102,1,2.8637789869722834,2.9641105231785585,0,0.49988698959350586
scene-0102,2,2.814608293051971,2.764837169573427,0,0.49930310249328613
scene-0102,3,2.977261025522924,2.867537303541383,0,0.5004379749298096
scene-0102,4,3.2468411941966084,3.0932809599588396,0,0.49986982345581055
scene-0102,5,3.459340103320291,3.410149873888887,0,0.4998791217803955
scene-0102,6,3.604207962816598,3.524000633787275,0,0.49988794326782227
scene-0102,7,3.7429707076781678,3.706586980566223,0,0.4998600482940674
scene-0102,8,3.8747688055760214,3.8179335674207495,0,0.40033388137817383
scene-0102,9,3.891885854472445,3.946244428310183,0,0.5009801387786865
scene-0102,10,3.8852972620086175,3.873833259799277,0,0.4993319511413574
scene-0102,11,4.109248098996688,3.924422802715996,0,0.4998779296875
scene-0102,12,4.4861264159429055,4.311095873743945,0,0.4998750686645508
scene-0102,13,4.892431184222164,4.670323976008833,0,0.4998750686645508
scene-0102,14,5.343495939921231,5.116387887842179,0,0.5004298686981201
scene-0102,15,5.835445350309259,5.570894919828603,0,0.5004370212554932
scene-0102,16,6.2914951808369795,6.100302310490006,0,0.4998750686645508
scene-0102,17,6.747512611630816,6.482311952960085,0,0.500891923904419
scene-0102,18,7.158974234695727,7.014129277228003,0,0.4983210563659668
scene-0102,19,7.49054222876843,7.319537371946231,0,0.4495398998260498
scene-0102,20,7.8114277974679425,7.643988528488908,0,0.5009851455688477
scene-0102,21,8.026286500899234,7.97923440666126,0,0.49990391731262207
scene-0102,22,8.279413008717489,8.073365652137662,0,0.4998610019683838
scene-0102,23,8.696836211982742,8.48568213794902,0,0.4993610382080078
scene-0102,24,9.051484688085143,8.907626297274856,0,0.5002279281616211
scene-0102,25,9.275707559519754,9.195395385194244,0,0.5000581741333008
scene-0102,26,9.426555043811906,9.355975498360499,0,0.5004189014434814
scene-0102,27,9.618258211066527,9.497211535463997,0,0.49988698959350586
scene-0102,28,9.84494316748473,9.739338289515302,0,0.49986791610717773
scene-0102,29,10.00506645614665,9.950438136260686,0,0.5004441738128662
scene-0102,30,10.016735758652262,10.059782444604805,0,0.49986791610717773
scene-0102,31,10.011838240274065,9.973895863209595,0,0.5011539459228516
scene-0102,32,10.077359678369184,10.049936774370773,0,0.4991271495819092
scene-0102,33,10.086736341198112,10.104705296868554,0,0.5007879734039307
scene-0102,34,10.010030562323095,10.068739239962746,0,0.4995269775390625
scene-0102,35,9.95264132387465,9.951378786572414,0,0.4999370574951172
scene-0102,36,9.910803471585984,9.953967166958376,0,0.49925684928894043
scene-0102,37,9.970479873249404,9.867836825621405,0,0.5015301704406738
scene-0102,38,10.090751624199283,10.073693172134062,0,0.498762845993042
scene-0102,39,10.107784557194499,10.107784557194499,0,0.4999730587005615
