track,geometry,system,target,labels,cost_source,unit,budget_level,budget_per_frame,cheap_cost,full_cost,signal,n_frames,n_affected,feasible,overhead,overhead_source,escalated_frac,escalations_lost_to_overhead,ndg_defined,undefined_reason,gain,prize,eta,eta_lo,eta_hi,minus_random,minus_random_lo,minus_random_hi,boot_dropped,note,convention
nuPlan,n/a,pdm_closed,safety,"Task 5 real perception, primary",Task 5 energy pass: rails over idle (module convention) x pass time per frame,mJ,0.1,83.8969338377441,69.5124056669773,143.845281707668,random,384,27,True,0.0,none,0.1,0.0,True,,10.374520426637886,164.15219972227897,0.06320061774493443,0.05564832421263108,0.0810330252753905,0.0,0.0,0.0,330.0,,module
nuPlan,n/a,pdm_closed,safety,"Task 5 real perception, primary",Task 5 energy pass: rails over idle (module convention) x pass time per frame,mJ,0.1,83.8969338377441,69.5124056669773,143.845281707668,criticality_cheap,384,27,True,11.60302866907548,nuScenes feature time as proxy (track features not timed),0.019336744790448317,0.08066325520955168,True,,0.0,164.15219972227897,0.0,0.0,0.0,-0.06460955184605614,-0.0810330252753905,-0.05562748153493475,330.0,,module
nuPlan,n/a,pdm_closed,safety,"Task 5 real perception, primary",Task 5 energy pass: rails over idle (module convention) x pass time per frame,mJ,0.1,83.8969338377441,69.5124056669773,143.845281707668,gate_ridge,384,27,False,30.966916337805152,nuScenes feature time as proxy (track features not timed),,,True,,,164.15219972227897,,,,,,,330.0,"infeasible: allocator overhead 30.9669 mJ per input exceeds the budget headroom b - C_c = 14.3845 mJ, so it cannot run within this budget",module
nuPlan,n/a,pdm_closed,safety,"Task 5 real perception, primary",Task 5 energy pass: rails over idle (module convention) x pass time per frame,mJ,0.1,83.8969338377441,69.5124056669773,143.845281707668,gate_gbm,384,27,False,168.62314770970988,nuScenes feature time as proxy (track features not timed),,,True,,,164.15219972227897,,,,,,,330.0,"infeasible: allocator overhead 168.6231 mJ per input exceeds the budget headroom b - C_c = 14.3845 mJ, so it cannot run within this budget",module
nuPlan,n/a,pdm_closed,safety,"Task 5 real perception, primary",Task 5 energy pass: rails over idle (module convention) x pass time per frame,mJ,0.1,83.8969338377441,69.5124056669773,143.845281707668,R1_mlp_reg,384,27,True,6.480242972520074,nuScenes feature time as proxy (track features not timed),0.054949909405512115,0.04505009059448789,True,,12.047696375203769,164.15219972227897,0.07339345068531931,0.06437378985169143,0.0895256338530392,0.008953656598057042,0.005466328959615935,0.01180808254893186,330.0,,module
nuPlan,n/a,pdm_closed,safety,"Task 5 real perception, primary",Task 5 energy pass: rails over idle (module convention) x pass time per frame,mJ,0.1,83.8969338377441,69.5124056669773,143.845281707668,R1_mlp_clf,384,27,True,6.480242972520074,nuScenes feature time as proxy (track features not timed),0.054949909405512115,0.04505009059448789,True,,11.324992682409459,164.15219972227897,0.06899080671212239,-0.0010691682643650807,0.14998141148570934,0.017516564744187942,-0.06430979537401514,0.08330530228565107,330.0,,module
nuPlan,n/a,pdm_closed,safety,"Task 5 real perception, primary",Task 5 energy pass: rails over idle (module convention) x pass time per frame,mJ,0.1,83.8969338377441,69.5124056669773,143.845281707668,R1_gbm_reg,384,27,False,158.80676427354655,nuScenes feature time as proxy (track features not timed),,,True,,,164.15219972227897,,,,,,,330.0,"infeasible: allocator overhead 158.8068 mJ per input exceeds the budget headroom b - C_c = 14.3845 mJ, so it cannot run within this budget",module
nuPlan,n/a,pdm_closed,safety,"Task 5 real perception, primary",Task 5 energy pass: rails over idle (module convention) x pass time per frame,mJ,0.1,83.8969338377441,69.5124056669773,143.845281707668,R1_gbm_clf,384,27,False,158.80676427354655,nuScenes feature time as proxy (track features not timed),,,True,,,164.15219972227897,,,,,,,330.0,"infeasible: allocator overhead 158.8068 mJ per input exceeds the budget headroom b - C_c = 14.3845 mJ, so it cannot run within this budget",module
nuPlan,n/a,pdm_closed,safety,"Task 5 real perception, primary",Task 5 energy pass: rails over idle (module convention) x pass time per frame,mJ,0.1,83.8969338377441,69.5124056669773,143.845281707668,oracle,384,27,True,0.0,none,0.1,0.0,True,,164.15219972227897,164.15219972227897,1.0,1.0,1.0,0.934884894309672,0.9189669747246095,0.9443516757873689,330.0,,module
nuPlan,n/a,pdm_closed,safety,"Task 5 real perception, primary",Task 5 energy pass: rails over idle (module convention) x pass time per frame,mJ,0.1,83.8969338377441,69.5124056669773,143.845281707668,gate_gbm_batched,384,27,False,27.891121994302306,nuScenes feature time as proxy (track features not timed),,,True,,,164.15219972227897,,,,,,,330.0,"infeasible: allocator overhead 27.8911 mJ per input exceeds the budget headroom b - C_c = 14.3845 mJ, so it cannot run within this budget",module
nuPlan,n/a,pdm_closed,safety,"Task 5 real perception, primary",Task 5 energy pass: rails over idle (module convention) x pass time per frame,mJ,0.1,83.8969338377441,69.5124056669773,143.845281707668,criticality_gt,384,27,False,,,,,,,,,,,,,,,,needs FULL on every frame: >= 213.36 mJ per frame before computing the metric,module
nuPlan,n/a,pdm_closed,safety,"Task 5 real perception, primary",Task 5 energy pass: rails over idle (module convention) x pass time per frame,mJ,0.1,83.8969338377441,69.5124056669773,143.845281707668,dE_E1_fn_only,384,27,False,,,,,,,,,,,,,,,,needs FULL on every frame: >= 213.36 mJ per frame before computing the metric,module
nuPlan,n/a,pdm_closed,safety,"Task 5 real perception, primary",Task 5 energy pass: rails over idle (module convention) x pass time per frame,mJ,0.1,83.8969338377441,69.5124056669773,143.845281707668,dE_E6_risk_weighted,384,27,False,,,,,,,,,,,,,,,,needs FULL on every frame: >= 213.36 mJ per frame before computing the metric,module
nuPlan,n/a,pdm_closed,safety,"Task 5 real perception, primary",Task 5 energy pass: rails over idle (module convention) x pass time per frame,mJ,0.2,98.2814620085109,69.5124056669773,143.845281707668,random,384,27,True,0.0,none,0.2,0.0,True,,20.749040853275773,164.15219972227897,0.12640123548986887,0.11145535124464667,0.13737604290674535,0.0,0.0,0.0,330.0,,module
nuPlan,n/a,pdm_closed,safety,"Task 5 real perception, primary",Task 5 energy pass: rails over idle (module convention) x pass time per frame,mJ,0.2,98.2814620085109,69.5124056669773,143.845281707668,criticality_cheap,384,27,True,11.60302866907548,nuScenes feature time as proxy (track features not timed),0.11933674479044833,0.08066325520955168,True,,0.0,164.15219972227897,0.0,0.0,0.2848780048709441,-0.08602562910729275,-0.13735440332843057,0.1550513408254474,330.0,,module
nuPlan,n/a,pdm_closed,safety,"Task 5 real perception, primary",Task 5 energy pass: rails over idle (module convention) x pass time per frame,mJ,0.2,98.2814620085109,69.5124056669773,143.845281707668,gate_ridge,384,27,False,30.966916337805152,nuScenes feature time as proxy (track features not timed),,,True,,,164.15219972227897,,,,,,,330.0,"infeasible: allocator overhead 30.9669 mJ per input exceeds the budget headroom b - C_c = 28.7691 mJ, so it cannot run within this budget",module
nuPlan,n/a,pdm_closed,safety,"Task 5 real perception, primary",Task 5 energy pass: rails over idle (module convention) x pass time per frame,mJ,0.2,98.2814620085109,69.5124056669773,143.845281707668,gate_gbm,384,27,False,168.62314770970988,nuScenes feature time as proxy (track features not timed),,,True,,,164.15219972227897,,,,,,,330.0,"infeasible: allocator overhead 168.6231 mJ per input exceeds the budget headroom b - C_c = 28.7691 mJ, so it cannot run within this budget",module
nuPlan,n/a,pdm_closed,safety,"Task 5 real perception, primary",Task 5 energy pass: rails over idle (module convention) x pass time per frame,mJ,0.2,98.2814620085109,69.5124056669773,143.845281707668,R1_mlp_reg,384,27,True,6.480242972520074,nuScenes feature time as proxy (track features not timed),0.15494990940551212,0.04505009059448789,True,,23.54769637520377,164.15219972227897,0.1434503857702971,0.003109809941563027,0.1547302463019746,-0.04635700128065068,-0.13355905786029776,0.018447209915042284,330.0,,module
nuPlan,n/a,pdm_closed,safety,"Task 5 real perception, primary",Task 5 energy pass: rails over idle (module convention) x pass time per frame,mJ,0.2,98.2814620085109,69.5124056669773,143.845281707668,R1_mlp_clf,384,27,True,6.480242972520074,nuScenes feature time as proxy (track features not timed),0.15494990940551212,0.04505009059448789,True,,0.5476963752037695,164.15219972227897,0.0033365156003415733,-0.1241393152890037,0.14998141148570934,-0.10091351735323596,-0.23543596371426584,0.013698375098777055,330.0,,module
nuPlan,n/a,pdm_closed,safety,"Task 5 real perception, primary",Task 5 energy pass: rails over idle (module convention) x pass time per frame,mJ,0.2,98.2814620085109,69.5124056669773,143.845281707668,R1_gbm_reg,384,27,False,158.80676427354655,nuScenes feature time as proxy (track features not timed),,,True,,,164.15219972227897,,,,,,,330.0,"infeasible: allocator overhead 158.8068 mJ per input exceeds the budget headroom b - C_c = 28.7691 mJ, so it cannot run within this budget",module
nuPlan,n/a,pdm_closed,safety,"Task 5 real perception, primary",Task 5 energy pass: rails over idle (module convention) x pass time per frame,mJ,0.2,98.2814620085109,69.5124056669773,143.845281707668,R1_gbm_clf,384,27,False,158.80676427354655,nuScenes feature time as proxy (track features not timed),,,True,,,164.15219972227897,,,,,,,330.0,"infeasible: allocator overhead 158.8068 mJ per input exceeds the budget headroom b - C_c = 28.7691 mJ, so it cannot run within this budget",module
nuPlan,n/a,pdm_closed,safety,"Task 5 real perception, primary",Task 5 energy pass: rails over idle (module convention) x pass time per frame,mJ,0.2,98.2814620085109,69.5124056669773,143.845281707668,oracle,384,27,True,0.0,none,0.2,0.0,True,,164.15219972227897,164.15219972227897,1.0,1.0,1.0,0.8711725502115346,0.8626239570932546,0.8885446487553533,330.0,,module
nuPlan,n/a,pdm_closed,safety,"Task 5 real perception, primary",Task 5 energy pass: rails over idle (module convention) x pass time per frame,mJ,0.2,98.2814620085109,69.5124056669773,143.845281707668,gate_gbm_batched,384,27,True,27.891121994302306,nuScenes feature time as proxy (track features not timed),0.006103323910307251,0.19389667608969277,True,,-0.0018967786124799435,164.15219972227897,-1.1554999663050572e-05,-1.2463598018801938e-05,-6.18965607605065e-06,-0.12883854463243538,-0.13738844763075353,-0.11146549316483347,330.0,,module
nuPlan,n/a,pdm_closed,safety,"Task 5 real perception, primary",Task 5 energy pass: rails over idle (module convention) x pass time per frame,mJ,0.2,98.2814620085109,69.5124056669773,143.845281707668,criticality_gt,384,27,False,,,,,,,,,,,,,,,,needs FULL on every frame: >= 213.36 mJ per frame before computing the metric,module
nuPlan,n/a,pdm_closed,safety,"Task 5 real perception, primary",Task 5 energy pass: rails over idle (module convention) x pass time per frame,mJ,0.2,98.2814620085109,69.5124056669773,143.845281707668,dE_E1_fn_only,384,27,False,,,,,,,,,,,,,,,,needs FULL on every frame: >= 213.36 mJ per frame before computing the metric,module
nuPlan,n/a,pdm_closed,safety,"Task 5 real perception, primary",Task 5 energy pass: rails over idle (module convention) x pass time per frame,mJ,0.2,98.2814620085109,69.5124056669773,143.845281707668,dE_E6_risk_weighted,384,27,False,,,,,,,,,,,,,,,,needs FULL on every frame: >= 213.36 mJ per frame before computing the metric,module
nuPlan,n/a,pdm_closed,safety,"Task 5 real perception, primary",Task 5 energy pass: rails over idle (module convention) x pass time per frame,mJ,0.3,112.6659901792777,69.5124056669773,143.845281707668,random,384,27,True,0.0,none,0.3,0.0,True,,31.396574975351502,164.15219972227897,0.19126502738598583,0.16717335153343071,0.20603160499264586,0.0,0.0,0.0,330.0,,module
nuPlan,n/a,pdm_closed,safety,"Task 5 real perception, primary",Task 5 energy pass: rails over idle (module convention) x pass time per frame,mJ,0.3,112.6659901792777,69.5124056669773,143.845281707668,criticality_cheap,384,27,True,11.60302866907548,nuScenes feature time as proxy (track features not timed),0.21933674479044832,0.08066325520955167,True,,34.5,164.15219972227897,0.21017080525493326,0.0,0.7658407323323538,0.02234613363895542,-0.20522386857680275,0.5685980008883431,330.0,,module
nuPlan,n/a,pdm_closed,safety,"Task 5 real perception, primary",Task 5 energy pass: rails over idle (module convention) x pass time per frame,mJ,0.3,112.6659901792777,69.5124056669773,143.845281707668,gate_ridge,384,27,True,30.966916337805152,nuScenes feature time as proxy (track features not timed),0.08472066674569005,0.21527933325430992,True,,92.88282367039221,164.15219972227897,0.5658335607292263,0.3691290965509887,0.8574216238060605,0.35053853676271457,0.17072611374554256,0.6682777864029262,330.0,,module
nuPlan,n/a,pdm_closed,safety,"Task 5 real perception, primary",Task 5 energy pass: rails over idle (module convention) x pass time per frame,mJ,0.3,112.6659901792777,69.5124056669773,143.845281707668,gate_gbm,384,27,False,168.62314770970988,nuScenes feature time as proxy (track features not timed),,,True,,,164.15219972227897,,,,,,,330.0,"infeasible: allocator overhead 168.6231 mJ per input exceeds the budget headroom b - C_c = 43.1536 mJ, so it cannot run within this budget",module
nuPlan,n/a,pdm_closed,safety,"Task 5 real perception, primary",Task 5 energy pass: rails over idle (module convention) x pass time per frame,mJ,0.3,112.6659901792777,69.5124056669773,143.845281707668,R1_mlp_reg,384,27,True,6.480242972520074,nuScenes feature time as proxy (track features not timed),0.2549499094055121,0.04505009059448789,True,,23.54769637520377,164.15219972227897,0.1434503857702971,0.12582110394719878,0.18593875967967222,-0.046442227968142506,-0.05253105214476489,0.0062659107096716985,330.0,,module
nuPlan,n/a,pdm_closed,safety,"Task 5 real perception, primary",Task 5 energy pass: rails over idle (module convention) x pass time per frame,mJ,0.3,112.6659901792777,69.5124056669773,143.845281707668,R1_mlp_clf,384,27,True,6.480242972520074,nuScenes feature time as proxy (track features not timed),0.2549499094055121,0.04505009059448789,True,,0.5476963752037687,164.15219972227897,0.0033365156003415685,-0.181415466530338,0.2889576779924012,-0.18348960250524962,-0.34881398638648387,0.0957009010146725,330.0,,module
nuPlan,n/a,pdm_closed,safety,"Task 5 real perception, primary",Task 5 energy pass: rails over idle (module convention) x pass time per frame,mJ,0.3,112.6659901792777,69.5124056669773,143.845281707668,R1_gbm_reg,384,27,False,158.80676427354655,nuScenes feature time as proxy (track features not timed),,,True,,,164.15219972227897,,,,,,,330.0,"infeasible: allocator overhead 158.8068 mJ per input exceeds the budget headroom b - C_c = 43.1536 mJ, so it cannot run within this budget",module
nuPlan,n/a,pdm_closed,safety,"Task 5 real perception, primary",Task 5 energy pass: rails over idle (module convention) x pass time per frame,mJ,0.3,112.6659901792777,69.5124056669773,143.845281707668,R1_gbm_clf,384,27,False,158.80676427354655,nuScenes feature time as proxy (track features not timed),,,True,,,164.15219972227897,,,,,,,330.0,"infeasible: allocator overhead 158.8068 mJ per input exceeds the budget headroom b - C_c = 43.1536 mJ, so it cannot run within this budget",module
nuPlan,n/a,pdm_closed,safety,"Task 5 real perception, primary",Task 5 energy pass: rails over idle (module convention) x pass time per frame,mJ,0.3,112.6659901792777,69.5124056669773,143.845281707668,oracle,384,27,True,0.0,none,0.3,0.0,True,,164.15219972227897,164.15219972227897,1.0,1.0,1.0,0.8063990765391522,0.7939683950073542,0.8328266484665693,330.0,,module
nuPlan,n/a,pdm_closed,safety,"Task 5 real perception, primary",Task 5 energy pass: rails over idle (module convention) x pass time per frame,mJ,0.3,112.6659901792777,69.5124056669773,143.845281707668,gate_gbm_batched,384,27,True,27.891121994302306,nuScenes feature time as proxy (track features not timed),0.10610332391030725,0.19389667608969274,True,,150.89008475110876,164.15219972227897,0.9192084236848015,0.50365422060794,0.9442764290264747,0.5752239644120843,0.3113173477082462,0.766470709707461,330.0,,module
nuPlan,n/a,pdm_closed,safety,"Task 5 real perception, primary",Task 5 energy pass: rails over idle (module convention) x pass time per frame,mJ,0.3,112.6659901792777,69.5124056669773,143.845281707668,criticality_gt,384,27,False,,,,,,,,,,,,,,,,needs FULL on every frame: >= 213.36 mJ per frame before computing the metric,module
nuPlan,n/a,pdm_closed,safety,"Task 5 real perception, primary",Task 5 energy pass: rails over idle (module convention) x pass time per frame,mJ,0.3,112.6659901792777,69.5124056669773,143.845281707668,dE_E1_fn_only,384,27,False,,,,,,,,,,,,,,,,needs FULL on every frame: >= 213.36 mJ per frame before computing the metric,module
nuPlan,n/a,pdm_closed,safety,"Task 5 real perception, primary",Task 5 energy pass: rails over idle (module convention) x pass time per frame,mJ,0.3,112.6659901792777,69.5124056669773,143.845281707668,dE_E6_risk_weighted,384,27,False,,,,,,,,,,,,,,,,needs FULL on every frame: >= 213.36 mJ per frame before computing the metric,module
nuPlan,n/a,pdm_closed,safety,"Task 5 real perception, primary",Task 5 energy pass: rails over idle (module convention) x pass time per frame,mJ,0.5,141.43504652081128,69.5124056669773,143.845281707668,random,384,27,True,0.0,none,0.4999999999999999,1.1102230246251565e-16,True,,52.41862952406511,164.15219972227897,0.3193294370270372,0.27993437056794984,0.34386338415186374,0.0,0.0,0.0,330.0,,module
nuPlan,n/a,pdm_closed,safety,"Task 5 real perception, primary",Task 5 energy pass: rails over idle (module convention) x pass time per frame,mJ,0.5,141.43504652081128,69.5124056669773,143.845281707668,criticality_cheap,384,27,True,11.60302866907548,nuScenes feature time as proxy (track features not timed),0.41933674479044825,0.08066325520955175,True,,150.348861583712,164.15219972227897,0.9159113422669927,0.07020175814615738,0.9325347520519668,0.4565826150216556,-0.24927250194205944,0.6462603087733877,330.0,,module
nuPlan,n/a,pdm_closed,safety,"Task 5 real perception, primary",Task 5 energy pass: rails over idle (module convention) x pass time per frame,mJ,0.5,141.43504652081128,69.5124056669773,143.845281707668,gate_ridge,384,27,True,30.966916337805152,nuScenes feature time as proxy (track features not timed),0.28472066674568997,0.21527933325431003,True,,162.85680724453601,164.15219972227897,0.9921085889806255,0.9882112050275907,0.9999878426286826,0.6670923082789008,0.6452583136530123,0.7131392717467661,330.0,,module
nuPlan,n/a,pdm_closed,safety,"Task 5 real perception, primary",Task 5 energy pass: rails over idle (module convention) x pass time per frame,mJ,0.5,141.43504652081128,69.5124056669773,143.845281707668,gate_gbm,384,27,False,168.62314770970988,nuScenes feature time as proxy (track features not timed),,,True,,,164.15219972227897,,,,,,,330.0,"infeasible: allocator overhead 168.6231 mJ per input exceeds the budget headroom b - C_c = 71.9226 mJ, so it cannot run within this budget",module
nuPlan,n/a,pdm_closed,safety,"Task 5 real perception, primary",Task 5 energy pass: rails over idle (module convention) x pass time per frame,mJ,0.5,141.43504652081128,69.5124056669773,143.845281707668,R1_mlp_reg,384,27,True,6.480242972520074,nuScenes feature time as proxy (track features not timed),0.454949909405512,0.045050090594488,True,,70.79886000123452,164.15219972227897,0.43130009906060124,0.23811865085431655,0.5374900214566567,0.09517937769781329,-0.10479247197222674,0.23558048542856322,330.0,,module
nuPlan,n/a,pdm_closed,safety,"Task 5 real perception, primary",Task 5 energy pass: rails over idle (module convention) x pass time per frame,mJ,0.5,141.43504652081128,69.5124056669773,143.845281707668,R1_mlp_clf,384,27,True,6.480242972520074,nuScenes feature time as proxy (track features not timed),0.454949909405512,0.045050090594488,True,,58.79817542112705,164.15219972227897,0.35819303987765494,0.11672086132136611,0.6168534251399364,-0.025406257914132962,-0.20242343249568112,0.27346741681885994,330.0,,module
nuPlan,n/a,pdm_closed,safety,"Task 5 real perception, primary",Task 5 energy pass: rails over idle (module convention) x pass time per frame,mJ,0.5,141.43504652081128,69.5124056669773,143.845281707668,R1_gbm_reg,384,27,False,158.80676427354655,nuScenes feature time as proxy (track features not timed),,,True,,,164.15219972227897,,,,,,,330.0,"infeasible: allocator overhead 158.8068 mJ per input exceeds the budget headroom b - C_c = 71.9226 mJ, so it cannot run within this budget",module
nuPlan,n/a,pdm_closed,safety,"Task 5 real perception, primary",Task 5 energy pass: rails over idle (module convention) x pass time per frame,mJ,0.5,141.43504652081128,69.5124056669773,143.845281707668,R1_gbm_clf,384,27,False,158.80676427354655,nuScenes feature time as proxy (track features not timed),,,True,,,164.15219972227897,,,,,,,330.0,"infeasible: allocator overhead 158.8068 mJ per input exceeds the budget headroom b - C_c = 71.9226 mJ, so it cannot run within this budget",module
nuPlan,n/a,pdm_closed,safety,"Task 5 real perception, primary",Task 5 energy pass: rails over idle (module convention) x pass time per frame,mJ,0.5,141.43504652081128,69.5124056669773,143.845281707668,oracle,384,27,True,0.0,none,0.4999999999999999,1.1102230246251565e-16,True,,164.15219972227897,164.15219972227897,1.0,1.0,1.0,0.6762139777685177,0.6561366158481363,0.7200656294320502,330.0,,module
nuPlan,n/a,pdm_closed,safety,"Task 5 real perception, primary",Task 5 energy pass: rails over idle (module convention) x pass time per frame,mJ,0.5,141.43504652081128,69.5124056669773,143.845281707668,gate_gbm_batched,384,27,True,27.891121994302306,nuScenes feature time as proxy (track features not timed),0.30610332391030715,0.19389667608969285,True,,162.85680724453601,164.15219972227897,0.9921085889806255,0.9914880677096739,0.9930610966799792,0.6675556271196247,0.647676574078001,0.7131392717467661,330.0,,module
nuPlan,n/a,pdm_closed,safety,"Task 5 real perception, primary",Task 5 energy pass: rails over idle (module convention) x pass time per frame,mJ,0.5,141.43504652081128,69.5124056669773,143.845281707668,criticality_gt,384,27,False,,,,,,,,,,,,,,,,needs FULL on every frame: >= 213.36 mJ per frame before computing the metric,module
nuPlan,n/a,pdm_closed,safety,"Task 5 real perception, primary",Task 5 energy pass: rails over idle (module convention) x pass time per frame,mJ,0.5,141.43504652081128,69.5124056669773,143.845281707668,dE_E1_fn_only,384,27,False,,,,,,,,,,,,,,,,needs FULL on every frame: >= 213.36 mJ per frame before computing the metric,module
nuPlan,n/a,pdm_closed,safety,"Task 5 real perception, primary",Task 5 energy pass: rails over idle (module convention) x pass time per frame,mJ,0.5,141.43504652081128,69.5124056669773,143.845281707668,dE_E6_risk_weighted,384,27,False,,,,,,,,,,,,,,,,needs FULL on every frame: >= 213.36 mJ per frame before computing the metric,module
nuPlan,n/a,pdm_closed,scalar_J,"Task 5 real perception, primary",Task 5 energy pass: rails over idle (module convention) x pass time per frame,mJ,0.1,83.8969338377441,69.5124056669773,143.845281707668,random,384,48,True,0.0,none,0.1,0.0,True,,10.715844401534403,173.39931409750278,0.06179865507143161,0.054555336686608655,0.07947562999709123,0.0,0.0,0.0,346.0,,module
nuPlan,n/a,pdm_closed,scalar_J,"Task 5 real perception, primary",Task 5 energy pass: rails over idle (module convention) x pass time per frame,mJ,0.1,83.8969338377441,69.5124056669773,143.845281707668,criticality_cheap,384,48,True,11.60302866907548,nuScenes feature time as proxy (track features not timed),0.019336744790448317,0.08066325520955168,True,,0.0,173.39931409750278,0.0,-1.558639259355404e-05,0.0,-0.06293002615790354,-0.07947562999709123,-0.054409409246478996,346.0,,module
nuPlan,n/a,pdm_closed,scalar_J,"Task 5 real perception, primary",Task 5 energy pass: rails over idle (module convention) x pass time per frame,mJ,0.1,83.8969338377441,69.5124056669773,143.845281707668,gate_ridge,384,48,False,30.966916337805152,nuScenes feature time as proxy (track features not timed),,,True,,,173.39931409750278,,,,,,,346.0,"infeasible: allocator overhead 30.9669 mJ per input exceeds the budget headroom b - C_c = 14.3845 mJ, so it cannot run within this budget",module
nuPlan,n/a,pdm_closed,scalar_J,"Task 5 real perception, primary",Task 5 energy pass: rails over idle (module convention) x pass time per frame,mJ,0.1,83.8969338377441,69.5124056669773,143.845281707668,gate_gbm,384,48,False,168.62314770970988,nuScenes feature time as proxy (track features not timed),,,True,,,173.39931409750278,,,,,,,346.0,"infeasible: allocator overhead 168.6231 mJ per input exceeds the budget headroom b - C_c = 14.3845 mJ, so it cannot run within this budget",module
nuPlan,n/a,pdm_closed,scalar_J,"Task 5 real perception, primary",Task 5 energy pass: rails over idle (module convention) x pass time per frame,mJ,0.1,83.8969338377441,69.5124056669773,143.845281707668,R1_mlp_reg,384,48,True,6.480242972520074,nuScenes feature time as proxy (track features not timed),0.054949909405512115,0.04505009059448789,True,,12.61975966686615,173.39931409750278,0.0727786019947578,0.001674704417288054,0.08506420036565758,-0.003359793886395501,-0.06488615890563372,0.012102697207361408,346.0,,module
nuPlan,n/a,pdm_closed,scalar_J,"Task 5 real perception, primary",Task 5 energy pass: rails over idle (module convention) x pass time per frame,mJ,0.1,83.8969338377441,69.5124056669773,143.845281707668,R1_mlp_clf,384,48,True,6.480242972520074,nuScenes feature time as proxy (track features not timed),0.054949909405512115,0.04505009059448789,True,,11.353111968824226,173.39931409750278,0.06547379975471154,0.05883294253631216,0.1500001954578329,0.008550934707351047,0.002078732433505652,0.08315731902786297,346.0,,module
nuPlan,n/a,pdm_closed,scalar_J,"Task 5 real perception, primary",Task 5 energy pass: rails over idle (module convention) x pass time per frame,mJ,0.1,83.8969338377441,69.5124056669773,143.845281707668,R1_gbm_reg,384,48,False,158.80676427354655,nuScenes feature time as proxy (track features not timed),,,True,,,173.39931409750278,,,,,,,346.0,"infeasible: allocator overhead 158.8068 mJ per input exceeds the budget headroom b - C_c = 14.3845 mJ, so it cannot run within this budget",module
nuPlan,n/a,pdm_closed,scalar_J,"Task 5 real perception, primary",Task 5 energy pass: rails over idle (module convention) x pass time per frame,mJ,0.1,83.8969338377441,69.5124056669773,143.845281707668,R1_gbm_clf,384,48,False,158.80676427354655,nuScenes feature time as proxy (track features not timed),,,True,,,173.39931409750278,,,,,,,346.0,"infeasible: allocator overhead 158.8068 mJ per input exceeds the budget headroom b - C_c = 14.3845 mJ, so it cannot run within this budget",module
nuPlan,n/a,pdm_closed,scalar_J,"Task 5 real perception, primary",Task 5 energy pass: rails over idle (module convention) x pass time per frame,mJ,0.1,83.8969338377441,69.5124056669773,143.845281707668,oracle,384,48,True,0.0,none,0.1,0.0,True,,173.39931409750278,173.39931409750278,1.0,1.0,1.0,0.9363750032951577,0.9205243700029088,0.9454446633133914,346.0,,module
nuPlan,n/a,pdm_closed,scalar_J,"Task 5 real perception, primary",Task 5 energy pass: rails over idle (module convention) x pass time per frame,mJ,0.1,83.8969338377441,69.5124056669773,143.845281707668,gate_gbm_batched,384,48,False,27.891121994302306,nuScenes feature time as proxy (track features not timed),,,True,,,173.39931409750278,,,,,,,346.0,"infeasible: allocator overhead 27.8911 mJ per input exceeds the budget headroom b - C_c = 14.3845 mJ, so it cannot run within this budget",module
nuPlan,n/a,pdm_closed,scalar_J,"Task 5 real perception, primary",Task 5 energy pass: rails over idle (module convention) x pass time per frame,mJ,0.1,83.8969338377441,69.5124056669773,143.845281707668,criticality_gt,384,48,False,,,,,,,,,,,,,,,,needs FULL on every frame: >= 213.36 mJ per frame before computing the metric,module
nuPlan,n/a,pdm_closed,scalar_J,"Task 5 real perception, primary",Task 5 energy pass: rails over idle (module convention) x pass time per frame,mJ,0.1,83.8969338377441,69.5124056669773,143.845281707668,dE_E1_fn_only,384,48,False,,,,,,,,,,,,,,,,needs FULL on every frame: >= 213.36 mJ per frame before computing the metric,module
nuPlan,n/a,pdm_closed,scalar_J,"Task 5 real perception, primary",Task 5 energy pass: rails over idle (module convention) x pass time per frame,mJ,0.1,83.8969338377441,69.5124056669773,143.845281707668,dE_E6_risk_weighted,384,48,False,,,,,,,,,,,,,,,,needs FULL on every frame: >= 213.36 mJ per frame before computing the metric,module
nuPlan,n/a,pdm_closed,scalar_J,"Task 5 real perception, primary",Task 5 energy pass: rails over idle (module convention) x pass time per frame,mJ,0.2,98.2814620085109,69.5124056669773,143.845281707668,random,384,48,True,0.0,none,0.2,0.0,True,,21.431688803068806,173.39931409750278,0.12359731014286322,0.10975823805531428,0.13370789917449544,0.0,0.0,0.0,346.0,,module
nuPlan,n/a,pdm_closed,scalar_J,"Task 5 real perception, primary",Task 5 energy pass: rails over idle (module convention) x pass time per frame,mJ,0.2,98.2814620085109,69.5124056669773,143.845281707668,criticality_cheap,384,48,True,11.60302866907548,nuScenes feature time as proxy (track features not timed),0.11933674479044833,0.08066325520955168,True,,0.11963684525031305,173.39931409750278,0.0006899499336141607,-1.5735196114747517e-05,0.2872780916756707,-0.08230554162608986,-0.13375090538366025,0.15460053840402033,346.0,,module
nuPlan,n/a,pdm_closed,scalar_J,"Task 5 real perception, primary",Task 5 energy pass: rails over idle (module convention) x pass time per frame,mJ,0.2,98.2814620085109,69.5124056669773,143.845281707668,gate_ridge,384,48,False,30.966916337805152,nuScenes feature time as proxy (track features not timed),,,True,,,173.39931409750278,,,,,,,346.0,"infeasible: allocator overhead 30.9669 mJ per input exceeds the budget headroom b - C_c = 28.7691 mJ, so it cannot run within this budget",module
nuPlan,n/a,pdm_closed,scalar_J,"Task 5 real perception, primary",Task 5 energy pass: rails over idle (module convention) x pass time per frame,mJ,0.2,98.2814620085109,69.5124056669773,143.845281707668,gate_gbm,384,48,False,168.62314770970988,nuScenes feature time as proxy (track features not timed),,,True,,,173.39931409750278,,,,,,,346.0,"infeasible: allocator overhead 168.6231 mJ per input exceeds the budget headroom b - C_c = 28.7691 mJ, so it cannot run within this budget",module
nuPlan,n/a,pdm_closed,scalar_J,"Task 5 real perception, primary",Task 5 energy pass: rails over idle (module convention) x pass time per frame,mJ,0.2,98.2814620085109,69.5124056669773,143.845281707668,R1_mlp_reg,384,48,True,6.480242972520074,nuScenes feature time as proxy (track features not timed),0.15494990940551212,0.04505009059448789,True,,24.34412256217818,173.39931409750278,0.14039341902176977,0.0017158663342932581,0.15124310550547906,-0.04771444935738732,-0.131550239214308,0.018463100744302935,346.0,,module
nuPlan,n/a,pdm_closed,scalar_J,"Task 5 real perception, primary",Task 5 energy pass: rails over idle (module convention) x pass time per frame,mJ,0.2,98.2814620085109,69.5124056669773,143.845281707668,R1_mlp_clf,384,48,True,6.480242972520074,nuScenes feature time as proxy (track features not timed),0.15494990940551212,0.04505009059448789,True,,24.325392246962316,173.39931409750278,0.1402854006290019,0.06788194016574427,0.37652636542429957,0.035306458277371215,-0.056181846770691685,0.2431830087128044,346.0,,module
nuPlan,n/a,pdm_closed,scalar_J,"Task 5 real perception, primary",Task 5 energy pass: rails over idle (module convention) x pass time per frame,mJ,0.2,98.2814620085109,69.5124056669773,143.845281707668,R1_gbm_reg,384,48,False,158.80676427354655,nuScenes feature time as proxy (track features not timed),,,True,,,173.39931409750278,,,,,,,346.0,"infeasible: allocator overhead 158.8068 mJ per input exceeds the budget headroom b - C_c = 28.7691 mJ, so it cannot run within this budget",module
nuPlan,n/a,pdm_closed,scalar_J,"Task 5 real perception, primary",Task 5 energy pass: rails over idle (module convention) x pass time per frame,mJ,0.2,98.2814620085109,69.5124056669773,143.845281707668,R1_gbm_clf,384,48,False,158.80676427354655,nuScenes feature time as proxy (track features not timed),,,True,,,173.39931409750278,,,,,,,346.0,"infeasible: allocator overhead 158.8068 mJ per input exceeds the budget headroom b - C_c = 28.7691 mJ, so it cannot run within this budget",module
nuPlan,n/a,pdm_closed,scalar_J,"Task 5 real perception, primary",Task 5 energy pass: rails over idle (module convention) x pass time per frame,mJ,0.2,98.2814620085109,69.5124056669773,143.845281707668,oracle,384,48,True,0.0,none,0.2,0.0,True,,173.39931409750278,173.39931409750278,1.0,1.0,1.0,0.8739228264668477,0.8662921008255046,0.8902417619446857,346.0,,module
nuPlan,n/a,pdm_closed,scalar_J,"Task 5 real perception, primary",Task 5 energy pass: rails over idle (module convention) x pass time per frame,mJ,0.2,98.2814620085109,69.5124056669773,143.845281707668,gate_gbm_batched,384,48,True,27.891121994302306,nuScenes feature time as proxy (track features not timed),0.006103323910307251,0.19389667608969277,True,,0.7189970424502268,173.39931409750278,0.004146481467890544,-5.427442439544879e-05,0.004853957440769857,-0.12436048178760944,-0.1336453280658192,-0.10676377971362955,346.0,,module
nuPlan,n/a,pdm_closed,scalar_J,"Task 5 real perception, primary",Task 5 energy pass: rails over idle (module convention) x pass time per frame,mJ,0.2,98.2814620085109,69.5124056669773,143.845281707668,criticality_gt,384,48,False,,,,,,,,,,,,,,,,needs FULL on every frame: >= 213.36 mJ per frame before computing the metric,module
nuPlan,n/a,pdm_closed,scalar_J,"Task 5 real perception, primary",Task 5 energy pass: rails over idle (module convention) x pass time per frame,mJ,0.2,98.2814620085109,69.5124056669773,143.845281707668,dE_E1_fn_only,384,48,False,,,,,,,,,,,,,,,,needs FULL on every frame: >= 213.36 mJ per frame before computing the metric,module
nuPlan,n/a,pdm_closed,scalar_J,"Task 5 real perception, primary",Task 5 energy pass: rails over idle (module convention) x pass time per frame,mJ,0.2,98.2814620085109,69.5124056669773,143.845281707668,dE_E6_risk_weighted,384,48,False,,,,,,,,,,,,,,,,needs FULL on every frame: >= 213.36 mJ per frame before computing the metric,module
nuPlan,n/a,pdm_closed,scalar_J,"Task 5 real perception, primary",Task 5 energy pass: rails over idle (module convention) x pass time per frame,mJ,0.3,112.6659901792777,69.5124056669773,143.845281707668,random,384,48,True,0.0,none,0.3,0.0,True,,32.42952910990675,173.39931409750278,0.1870222456109115,0.1649185566038392,0.20056184876174318,0.0,0.0,0.0,346.0,,module
nuPlan,n/a,pdm_closed,scalar_J,"Task 5 real perception, primary",Task 5 energy pass: rails over idle (module convention) x pass time per frame,mJ,0.3,112.6659901792777,69.5124056669773,143.845281707668,criticality_cheap,384,48,True,11.60302866907548,nuScenes feature time as proxy (track features not timed),0.21933674479044832,0.08066325520955167,True,,35.69211320874355,173.39931409750278,0.20583768392920979,-1.5745078320204356e-05,0.8262611926318538,0.018038777451980643,-0.2000132315655345,0.6370037148652998,346.0,,module
nuPlan,n/a,pdm_closed,scalar_J,"Task 5 real perception, primary",Task 5 energy pass: rails over idle (module convention) x pass time per frame,mJ,0.3,112.6659901792777,69.5124056669773,143.845281707668,gate_ridge,384,48,True,30.966916337805152,nuScenes feature time as proxy (track features not timed),0.08472066674569005,0.21527933325430992,True,,109.76014990322125,173.39931409750278,0.6329906809291235,0.3710364383626907,0.90885278727953,0.3730476996479686,0.17730441080754655,0.7207866991099932,346.0,,module
nuPlan,n/a,pdm_closed,scalar_J,"Task 5 real perception, primary",Task 5 energy pass: rails over idle (module convention) x pass time per frame,mJ,0.3,112.6659901792777,69.5124056669773,143.845281707668,gate_gbm,384,48,False,168.62314770970988,nuScenes feature time as proxy (track features not timed),,,True,,,173.39931409750278,,,,,,,346.0,"infeasible: allocator overhead 168.6231 mJ per input exceeds the budget headroom b - C_c = 43.1536 mJ, so it cannot run within this budget",module
nuPlan,n/a,pdm_closed,scalar_J,"Task 5 real perception, primary",Task 5 energy pass: rails over idle (module convention) x pass time per frame,mJ,0.3,112.6659901792777,69.5124056669773,143.845281707668,R1_mlp_reg,384,48,True,6.480242972520074,nuScenes feature time as proxy (track features not timed),0.2549499094055121,0.04505009059448789,True,,24.354004477929557,173.39931409750278,0.14045040838071166,0.12537140201015137,0.21219317872433008,-0.04398022406573901,-0.052741220280265594,0.025243537949454296,346.0,,module
nuPlan,n/a,pdm_closed,scalar_J,"Task 5 real perception, primary",Task 5 energy pass: rails over idle (module convention) x pass time per frame,mJ,0.3,112.6659901792777,69.5124056669773,143.845281707668,R1_mlp_clf,384,48,True,6.480242972520074,nuScenes feature time as proxy (track features not timed),0.2549499094055121,0.04505009059448789,True,,70.57296256702269,173.39931409750278,0.40699678043327997,0.1509768772282062,0.680301617714388,0.24521792307428275,-0.04598677959758558,0.49445552941833715,346.0,,module
nuPlan,n/a,pdm_closed,scalar_J,"Task 5 real perception, primary",Task 5 energy pass: rails over idle (module convention) x pass time per frame,mJ,0.3,112.6659901792777,69.5124056669773,143.845281707668,R1_gbm_reg,384,48,False,158.80676427354655,nuScenes feature time as proxy (track features not timed),,,True,,,173.39931409750278,,,,,,,346.0,"infeasible: allocator overhead 158.8068 mJ per input exceeds the budget headroom b - C_c = 43.1536 mJ, so it cannot run within this budget",module
nuPlan,n/a,pdm_closed,scalar_J,"Task 5 real perception, primary",Task 5 energy pass: rails over idle (module convention) x pass time per frame,mJ,0.3,112.6659901792777,69.5124056669773,143.845281707668,R1_gbm_clf,384,48,False,158.80676427354655,nuScenes feature time as proxy (track features not timed),,,True,,,173.39931409750278,,,,,,,346.0,"infeasible: allocator overhead 158.8068 mJ per input exceeds the budget headroom b - C_c = 43.1536 mJ, so it cannot run within this budget",module
nuPlan,n/a,pdm_closed,scalar_J,"Task 5 real perception, primary",Task 5 energy pass: rails over idle (module convention) x pass time per frame,mJ,0.3,112.6659901792777,69.5124056669773,143.845281707668,oracle,384,48,True,0.0,none,0.3,0.0,True,,173.39931409750278,173.39931409750278,1.0,1.0,1.0,0.810540245265004,0.7994381512382568,0.8350814433961609,346.0,,module
nuPlan,n/a,pdm_closed,scalar_J,"Task 5 real perception, primary",Task 5 energy pass: rails over idle (module convention) x pass time per frame,mJ,0.3,112.6659901792777,69.5124056669773,143.845281707668,gate_gbm_batched,384,48,True,27.891121994302306,nuScenes feature time as proxy (track features not timed),0.10610332391030725,0.19389667608969274,True,,160.5803976018351,173.39931409750278,0.9260728535035636,0.5700385716006825,0.9953843830368776,0.6359764534226662,0.38124840483364675,0.8104908938085366,346.0,,module
nuPlan,n/a,pdm_closed,scalar_J,"Task 5 real perception, primary",Task 5 energy pass: rails over idle (module convention) x pass time per frame,mJ,0.3,112.6659901792777,69.5124056669773,143.845281707668,criticality_gt,384,48,False,,,,,,,,,,,,,,,,needs FULL on every frame: >= 213.36 mJ per frame before computing the metric,module
nuPlan,n/a,pdm_closed,scalar_J,"Task 5 real perception, primary",Task 5 energy pass: rails over idle (module convention) x pass time per frame,mJ,0.3,112.6659901792777,69.5124056669773,143.845281707668,dE_E1_fn_only,384,48,False,,,,,,,,,,,,,,,,needs FULL on every frame: >= 213.36 mJ per frame before computing the metric,module
nuPlan,n/a,pdm_closed,scalar_J,"Task 5 real perception, primary",Task 5 energy pass: rails over idle (module convention) x pass time per frame,mJ,0.3,112.6659901792777,69.5124056669773,143.845281707668,dE_E6_risk_weighted,384,48,False,,,,,,,,,,,,,,,,needs FULL on every frame: >= 213.36 mJ per frame before computing the metric,module
nuPlan,n/a,pdm_closed,scalar_J,"Task 5 real perception, primary",Task 5 energy pass: rails over idle (module convention) x pass time per frame,mJ,0.5,141.43504652081128,69.5124056669773,143.845281707668,random,384,48,True,0.0,none,0.4999999999999999,1.1102230246251565e-16,True,,54.143213818279094,173.39931409750278,0.3122458361503913,0.27576319309966707,0.334521802872528,0.0,0.0,0.0,346.0,,module
nuPlan,n/a,pdm_closed,scalar_J,"Task 5 real perception, primary",Task 5 energy pass: rails over idle (module convention) x pass time per frame,mJ,0.5,141.43504652081128,69.5124056669773,143.845281707668,criticality_cheap,384,48,True,11.60302866907548,nuScenes feature time as proxy (track features not timed),0.41933674479044825,0.08066325520955175,True,,156.5430145218116,173.39931409750278,0.9027891219557371,0.1900088332297743,0.9226078781550354,0.4524961408446635,-0.1334602694048556,0.6321302852348845,346.0,,module
nuPlan,n/a,pdm_closed,scalar_J,"Task 5 real perception, primary",Task 5 energy pass: rails over idle (module convention) x pass time per frame,mJ,0.5,141.43504652081128,69.5124056669773,143.845281707668,gate_ridge,384,48,True,30.966916337805152,nuScenes feature time as proxy (track features not timed),0.28472066674568997,0.21527933325431003,True,,170.80627771367682,173.39931409750278,0.9850458671228198,0.9702881344322138,0.9990525688249153,0.6676838347510756,0.6362109404858631,0.7139556951898205,346.0,,module
nuPlan,n/a,pdm_closed,scalar_J,"Task 5 real perception, primary",Task 5 energy pass: rails over idle (module convention) x pass time per frame,mJ,0.5,141.43504652081128,69.5124056669773,143.845281707668,gate_gbm,384,48,False,168.62314770970988,nuScenes feature time as proxy (track features not timed),,,True,,,173.39931409750278,,,,,,,346.0,"infeasible: allocator overhead 168.6231 mJ per input exceeds the budget headroom b - C_c = 71.9226 mJ, so it cannot run within this budget",module
nuPlan,n/a,pdm_closed,scalar_J,"Task 5 real perception, primary",Task 5 energy pass: rails over idle (module convention) x pass time per frame,mJ,0.5,141.43504652081128,69.5124056669773,143.845281707668,R1_mlp_reg,384,48,True,6.480242972520074,nuScenes feature time as proxy (track features not timed),0.454949909405512,0.045050090594488,True,,74.45974019101318,173.39931409750278,0.4294119649697364,0.34097494537730927,0.5361079306900823,0.1079774398816357,0.04064074846533255,0.22098814804851477,346.0,,module
nuPlan,n/a,pdm_closed,scalar_J,"Task 5 real perception, primary",Task 5 energy pass: rails over idle (module convention) x pass time per frame,mJ,0.5,141.43504652081128,69.5124056669773,143.845281707668,R1_mlp_clf,384,48,True,6.480242972520074,nuScenes feature time as proxy (track features not timed),0.454949909405512,0.045050090594488,True,,105.41500505896194,173.39931409750278,0.6079320763615412,0.5056559403777179,0.7027367889406735,0.2944006559632168,0.17164253933075002,0.4044960306959675,346.0,,module
nuPlan,n/a,pdm_closed,scalar_J,"Task 5 real perception, primary",Task 5 energy pass: rails over idle (module convention) x pass time per frame,mJ,0.5,141.43504652081128,69.5124056669773,143.845281707668,R1_gbm_reg,384,48,False,158.80676427354655,nuScenes feature time as proxy (track features not timed),,,True,,,173.39931409750278,,,,,,,346.0,"infeasible: allocator overhead 158.8068 mJ per input exceeds the budget headroom b - C_c = 71.9226 mJ, so it cannot run within this budget",module
nuPlan,n/a,pdm_closed,scalar_J,"Task 5 real perception, primary",Task 5 energy pass: rails over idle (module convention) x pass time per frame,mJ,0.5,141.43504652081128,69.5124056669773,143.845281707668,R1_gbm_clf,384,48,False,158.80676427354655,nuScenes feature time as proxy (track features not timed),,,True,,,173.39931409750278,,,,,,,346.0,"infeasible: allocator overhead 158.8068 mJ per input exceeds the budget headroom b - C_c = 71.9226 mJ, so it cannot run within this budget",module
nuPlan,n/a,pdm_closed,scalar_J,"Task 5 real perception, primary",Task 5 energy pass: rails over idle (module convention) x pass time per frame,mJ,0.5,141.43504652081128,69.5124056669773,143.845281707668,oracle,384,48,True,0.0,none,0.4999999999999999,1.1102230246251565e-16,True,,173.39931409750278,173.39931409750278,1.0,1.0,1.0,0.6830643882994817,0.665478197127472,0.7242368069003329,346.0,,module
nuPlan,n/a,pdm_closed,scalar_J,"Task 5 real perception, primary",Task 5 energy pass: rails over idle (module convention) x pass time per frame,mJ,0.5,141.43504652081128,69.5124056669773,143.845281707668,gate_gbm_batched,384,48,True,27.891121994302306,nuScenes feature time as proxy (track features not timed),0.30610332391030715,0.19389667608969285,True,,171.54346920619648,173.39931409750278,0.9892972766301558,0.9878599955405343,0.9901637983825816,0.6724080361661384,0.6534729171573597,0.7140071974009103,346.0,,module
nuPlan,n/a,pdm_closed,scalar_J,"Task 5 real perception, primary",Task 5 energy pass: rails over idle (module convention) x pass time per frame,mJ,0.5,141.43504652081128,69.5124056669773,143.845281707668,criticality_gt,384,48,False,,,,,,,,,,,,,,,,needs FULL on every frame: >= 213.36 mJ per frame before computing the metric,module
nuPlan,n/a,pdm_closed,scalar_J,"Task 5 real perception, primary",Task 5 energy pass: rails over idle (module convention) x pass time per frame,mJ,0.5,141.43504652081128,69.5124056669773,143.845281707668,dE_E1_fn_only,384,48,False,,,,,,,,,,,,,,,,needs FULL on every frame: >= 213.36 mJ per frame before computing the metric,module
nuPlan,n/a,pdm_closed,scalar_J,"Task 5 real perception, primary",Task 5 energy pass: rails over idle (module convention) x pass time per frame,mJ,0.5,141.43504652081128,69.5124056669773,143.845281707668,dE_E6_risk_weighted,384,48,False,,,,,,,,,,,,,,,,needs FULL on every frame: >= 213.36 mJ per frame before computing the metric,module
nuPlan,n/a,idm,safety,"Task 5 real perception, primary",Task 5 energy pass: rails over idle (module convention) x pass time per frame,mJ,0.1,83.8969338377441,69.5124056669773,143.845281707668,random,384,4,True,0.0,none,0.1,0.0,False,near-zero oracle: 4 affected states on this split (< 10),1.1548463908441906,12.203500129193813,,,,,,,332.0,,module
nuPlan,n/a,idm,safety,"Task 5 real perception, primary",Task 5 energy pass: rails over idle (module convention) x pass time per frame,mJ,0.1,83.8969338377441,69.5124056669773,143.845281707668,criticality_cheap,384,4,True,11.60302866907548,nuScenes feature time as proxy (track features not timed),0.019336744790448317,0.08066325520955168,False,near-zero oracle: 4 affected states on this split (< 10),0.0,12.203500129193813,,,,,,,332.0,,module
nuPlan,n/a,idm,safety,"Task 5 real perception, primary",Task 5 energy pass: rails over idle (module convention) x pass time per frame,mJ,0.1,83.8969338377441,69.5124056669773,143.845281707668,gate_ridge,384,4,False,30.966916337805152,nuScenes feature time as proxy (track features not timed),,,False,near-zero oracle: 4 affected states on this split (< 10),,12.203500129193813,,,,,,,332.0,"infeasible: allocator overhead 30.9669 mJ per input exceeds the budget headroom b - C_c = 14.3845 mJ, so it cannot run within this budget",module
nuPlan,n/a,idm,safety,"Task 5 real perception, primary",Task 5 energy pass: rails over idle (module convention) x pass time per frame,mJ,0.1,83.8969338377441,69.5124056669773,143.845281707668,gate_gbm,384,4,False,168.62314770970988,nuScenes feature time as proxy (track features not timed),,,False,near-zero oracle: 4 affected states on this split (< 10),,12.203500129193813,,,,,,,332.0,"infeasible: allocator overhead 168.6231 mJ per input exceeds the budget headroom b - C_c = 14.3845 mJ, so it cannot run within this budget",module
nuPlan,n/a,idm,safety,"Task 5 real perception, primary",Task 5 energy pass: rails over idle (module convention) x pass time per frame,mJ,0.1,83.8969338377441,69.5124056669773,143.845281707668,R1_mlp_reg,384,4,True,6.480242972520074,nuScenes feature time as proxy (track features not timed),0.054949909405512115,0.04505009059448789,False,near-zero oracle: 4 affected states on this split (< 10),0.0,12.203500129193813,,,,,,,332.0,,module
nuPlan,n/a,idm,safety,"Task 5 real perception, primary",Task 5 energy pass: rails over idle (module convention) x pass time per frame,mJ,0.1,83.8969338377441,69.5124056669773,143.845281707668,R1_mlp_clf,384,4,True,6.480242972520074,nuScenes feature time as proxy (track features not timed),0.054949909405512115,0.04505009059448789,False,near-zero oracle: 4 affected states on this split (< 10),0.6382045844138948,12.203500129193813,,,,,,,332.0,,module
nuPlan,n/a,idm,safety,"Task 5 real perception, primary",Task 5 energy pass: rails over idle (module convention) x pass time per frame,mJ,0.1,83.8969338377441,69.5124056669773,143.845281707668,R1_gbm_reg,384,4,False,158.80676427354655,nuScenes feature time as proxy (track features not timed),,,False,near-zero oracle: 4 affected states on this split (< 10),,12.203500129193813,,,,,,,332.0,"infeasible: allocator overhead 158.8068 mJ per input exceeds the budget headroom b - C_c = 14.3845 mJ, so it cannot run within this budget",module
nuPlan,n/a,idm,safety,"Task 5 real perception, primary",Task 5 energy pass: rails over idle (module convention) x pass time per frame,mJ,0.1,83.8969338377441,69.5124056669773,143.845281707668,R1_gbm_clf,384,4,False,158.80676427354655,nuScenes feature time as proxy (track features not timed),,,False,near-zero oracle: 4 affected states on this split (< 10),,12.203500129193813,,,,,,,332.0,"infeasible: allocator overhead 158.8068 mJ per input exceeds the budget headroom b - C_c = 14.3845 mJ, so it cannot run within this budget",module
nuPlan,n/a,idm,safety,"Task 5 real perception, primary",Task 5 energy pass: rails over idle (module convention) x pass time per frame,mJ,0.1,83.8969338377441,69.5124056669773,143.845281707668,oracle,384,4,True,0.0,none,0.1,0.0,False,near-zero oracle: 4 affected states on this split (< 10),12.203500129193813,12.203500129193813,,,,,,,332.0,,module
nuPlan,n/a,idm,safety,"Task 5 real perception, primary",Task 5 energy pass: rails over idle (module convention) x pass time per frame,mJ,0.1,83.8969338377441,69.5124056669773,143.845281707668,gate_gbm_batched,384,4,False,27.891121994302306,nuScenes feature time as proxy (track features not timed),,,False,near-zero oracle: 4 affected states on this split (< 10),,12.203500129193813,,,,,,,332.0,"infeasible: allocator overhead 27.8911 mJ per input exceeds the budget headroom b - C_c = 14.3845 mJ, so it cannot run within this budget",module
nuPlan,n/a,idm,safety,"Task 5 real perception, primary",Task 5 energy pass: rails over idle (module convention) x pass time per frame,mJ,0.1,83.8969338377441,69.5124056669773,143.845281707668,criticality_gt,384,4,False,,,,,,,,,,,,,,,,needs FULL on every frame: >= 213.36 mJ per frame before computing the metric,module
nuPlan,n/a,idm,safety,"Task 5 real perception, primary",Task 5 energy pass: rails over idle (module convention) x pass time per frame,mJ,0.1,83.8969338377441,69.5124056669773,143.845281707668,dE_E1_fn_only,384,4,False,,,,,,,,,,,,,,,,needs FULL on every frame: >= 213.36 mJ per frame before computing the metric,module
nuPlan,n/a,idm,safety,"Task 5 real perception, primary",Task 5 energy pass: rails over idle (module convention) x pass time per frame,mJ,0.1,83.8969338377441,69.5124056669773,143.845281707668,dE_E6_risk_weighted,384,4,False,,,,,,,,,,,,,,,,needs FULL on every frame: >= 213.36 mJ per frame before computing the metric,module
nuPlan,n/a,idm,safety,"Task 5 real perception, primary",Task 5 energy pass: rails over idle (module convention) x pass time per frame,mJ,0.2,98.2814620085109,69.5124056669773,143.845281707668,random,384,4,True,0.0,none,0.2,0.0,False,near-zero oracle: 4 affected states on this split (< 10),2.309692781688381,12.203500129193813,,,,,,,332.0,,module
nuPlan,n/a,idm,safety,"Task 5 real perception, primary",Task 5 energy pass: rails over idle (module convention) x pass time per frame,mJ,0.2,98.2814620085109,69.5124056669773,143.845281707668,criticality_cheap,384,4,True,11.60302866907548,nuScenes feature time as proxy (track features not timed),0.11933674479044833,0.08066325520955168,False,near-zero oracle: 4 affected states on this split (< 10),0.0021982237939389138,12.203500129193813,,,,,,,332.0,,module
nuPlan,n/a,idm,safety,"Task 5 real perception, primary",Task 5 energy pass: rails over idle (module convention) x pass time per frame,mJ,0.2,98.2814620085109,69.5124056669773,143.845281707668,gate_ridge,384,4,False,30.966916337805152,nuScenes feature time as proxy (track features not timed),,,False,near-zero oracle: 4 affected states on this split (< 10),,12.203500129193813,,,,,,,332.0,"infeasible: allocator overhead 30.9669 mJ per input exceeds the budget headroom b - C_c = 28.7691 mJ, so it cannot run within this budget",module
nuPlan,n/a,idm,safety,"Task 5 real perception, primary",Task 5 energy pass: rails over idle (module convention) x pass time per frame,mJ,0.2,98.2814620085109,69.5124056669773,143.845281707668,gate_gbm,384,4,False,168.62314770970988,nuScenes feature time as proxy (track features not timed),,,False,near-zero oracle: 4 affected states on this split (< 10),,12.203500129193813,,,,,,,332.0,"infeasible: allocator overhead 168.6231 mJ per input exceeds the budget headroom b - C_c = 28.7691 mJ, so it cannot run within this budget",module
nuPlan,n/a,idm,safety,"Task 5 real perception, primary",Task 5 energy pass: rails over idle (module convention) x pass time per frame,mJ,0.2,98.2814620085109,69.5124056669773,143.845281707668,R1_mlp_reg,384,4,True,6.480242972520074,nuScenes feature time as proxy (track features not timed),0.15494990940551212,0.04505009059448789,False,near-zero oracle: 4 affected states on this split (< 10),0.0,12.203500129193813,,,,,,,332.0,,module
nuPlan,n/a,idm,safety,"Task 5 real perception, primary",Task 5 energy pass: rails over idle (module convention) x pass time per frame,mJ,0.2,98.2814620085109,69.5124056669773,143.845281707668,R1_mlp_clf,384,4,True,6.480242972520074,nuScenes feature time as proxy (track features not timed),0.15494990940551212,0.04505009059448789,False,near-zero oracle: 4 affected states on this split (< 10),1.7930509752580854,12.203500129193813,,,,,,,332.0,,module
nuPlan,n/a,idm,safety,"Task 5 real perception, primary",Task 5 energy pass: rails over idle (module convention) x pass time per frame,mJ,0.2,98.2814620085109,69.5124056669773,143.845281707668,R1_gbm_reg,384,4,False,158.80676427354655,nuScenes feature time as proxy (track features not timed),,,False,near-zero oracle: 4 affected states on this split (< 10),,12.203500129193813,,,,,,,332.0,"infeasible: allocator overhead 158.8068 mJ per input exceeds the budget headroom b - C_c = 28.7691 mJ, so it cannot run within this budget",module
nuPlan,n/a,idm,safety,"Task 5 real perception, primary",Task 5 energy pass: rails over idle (module convention) x pass time per frame,mJ,0.2,98.2814620085109,69.5124056669773,143.845281707668,R1_gbm_clf,384,4,False,158.80676427354655,nuScenes feature time as proxy (track features not timed),,,False,near-zero oracle: 4 affected states on this split (< 10),,12.203500129193813,,,,,,,332.0,"infeasible: allocator overhead 158.8068 mJ per input exceeds the budget headroom b - C_c = 28.7691 mJ, so it cannot run within this budget",module
nuPlan,n/a,idm,safety,"Task 5 real perception, primary",Task 5 energy pass: rails over idle (module convention) x pass time per frame,mJ,0.2,98.2814620085109,69.5124056669773,143.845281707668,oracle,384,4,True,0.0,none,0.2,0.0,False,near-zero oracle: 4 affected states on this split (< 10),12.203500129193813,12.203500129193813,,,,,,,332.0,,module
nuPlan,n/a,idm,safety,"Task 5 real perception, primary",Task 5 energy pass: rails over idle (module convention) x pass time per frame,mJ,0.2,98.2814620085109,69.5124056669773,143.845281707668,gate_gbm_batched,384,4,True,27.891121994302306,nuScenes feature time as proxy (track features not timed),0.006103323910307251,0.19389667608969277,False,near-zero oracle: 4 affected states on this split (< 10),0.0,12.203500129193813,,,,,,,332.0,,module
nuPlan,n/a,idm,safety,"Task 5 real perception, primary",Task 5 energy pass: rails over idle (module convention) x pass time per frame,mJ,0.2,98.2814620085109,69.5124056669773,143.845281707668,criticality_gt,384,4,False,,,,,,,,,,,,,,,,needs FULL on every frame: >= 213.36 mJ per frame before computing the metric,module
nuPlan,n/a,idm,safety,"Task 5 real perception, primary",Task 5 energy pass: rails over idle (module convention) x pass time per frame,mJ,0.2,98.2814620085109,69.5124056669773,143.845281707668,dE_E1_fn_only,384,4,False,,,,,,,,,,,,,,,,needs FULL on every frame: >= 213.36 mJ per frame before computing the metric,module
nuPlan,n/a,idm,safety,"Task 5 real perception, primary",Task 5 energy pass: rails over idle (module convention) x pass time per frame,mJ,0.2,98.2814620085109,69.5124056669773,143.845281707668,dE_E6_risk_weighted,384,4,False,,,,,,,,,,,,,,,,needs FULL on every frame: >= 213.36 mJ per frame before computing the metric,module
nuPlan,n/a,idm,safety,"Task 5 real perception, primary",Task 5 energy pass: rails over idle (module convention) x pass time per frame,mJ,0.3,112.6659901792777,69.5124056669773,143.845281707668,random,384,4,True,0.0,none,0.3,0.0,False,near-zero oracle: 4 affected states on this split (< 10),3.4949298670284716,12.203500129193813,,,,,,,332.0,,module
nuPlan,n/a,idm,safety,"Task 5 real perception, primary",Task 5 energy pass: rails over idle (module convention) x pass time per frame,mJ,0.3,112.6659901792777,69.5124056669773,143.845281707668,criticality_cheap,384,4,True,11.60302866907548,nuScenes feature time as proxy (track features not timed),0.21933674479044832,0.08066325520955167,False,near-zero oracle: 4 affected states on this split (< 10),0.0021982237939389138,12.203500129193813,,,,,,,332.0,,module
nuPlan,n/a,idm,safety,"Task 5 real perception, primary",Task 5 energy pass: rails over idle (module convention) x pass time per frame,mJ,0.3,112.6659901792777,69.5124056669773,143.845281707668,gate_ridge,384,4,True,30.966916337805152,nuScenes feature time as proxy (track features not timed),0.08472066674569005,0.21527933325430992,False,near-zero oracle: 4 affected states on this split (< 10),0.0,12.203500129193813,,,,,,,332.0,,module
nuPlan,n/a,idm,safety,"Task 5 real perception, primary",Task 5 energy pass: rails over idle (module convention) x pass time per frame,mJ,0.3,112.6659901792777,69.5124056669773,143.845281707668,gate_gbm,384,4,False,168.62314770970988,nuScenes feature time as proxy (track features not timed),,,False,near-zero oracle: 4 affected states on this split (< 10),,12.203500129193813,,,,,,,332.0,"infeasible: allocator overhead 168.6231 mJ per input exceeds the budget headroom b - C_c = 43.1536 mJ, so it cannot run within this budget",module
nuPlan,n/a,idm,safety,"Task 5 real perception, primary",Task 5 energy pass: rails over idle (module convention) x pass time per frame,mJ,0.3,112.6659901792777,69.5124056669773,143.845281707668,R1_mlp_reg,384,4,True,6.480242972520074,nuScenes feature time as proxy (track features not timed),0.2549499094055121,0.04505009059448789,False,near-zero oracle: 4 affected states on this split (< 10),0.0,12.203500129193813,,,,,,,332.0,,module
nuPlan,n/a,idm,safety,"Task 5 real perception, primary",Task 5 energy pass: rails over idle (module convention) x pass time per frame,mJ,0.3,112.6659901792777,69.5124056669773,143.845281707668,R1_mlp_clf,384,4,True,6.480242972520074,nuScenes feature time as proxy (track features not timed),0.2549499094055121,0.04505009059448789,False,near-zero oracle: 4 affected states on this split (< 10),2.9478973661022763,12.203500129193813,,,,,,,332.0,,module
nuPlan,n/a,idm,safety,"Task 5 real perception, primary",Task 5 energy pass: rails over idle (module convention) x pass time per frame,mJ,0.3,112.6659901792777,69.5124056669773,143.845281707668,R1_gbm_reg,384,4,False,158.80676427354655,nuScenes feature time as proxy (track features not timed),,,False,near-zero oracle: 4 affected states on this split (< 10),,12.203500129193813,,,,,,,332.0,"infeasible: allocator overhead 158.8068 mJ per input exceeds the budget headroom b - C_c = 43.1536 mJ, so it cannot run within this budget",module
nuPlan,n/a,idm,safety,"Task 5 real perception, primary",Task 5 energy pass: rails over idle (module convention) x pass time per frame,mJ,0.3,112.6659901792777,69.5124056669773,143.845281707668,R1_gbm_clf,384,4,False,158.80676427354655,nuScenes feature time as proxy (track features not timed),,,False,near-zero oracle: 4 affected states on this split (< 10),,12.203500129193813,,,,,,,332.0,"infeasible: allocator overhead 158.8068 mJ per input exceeds the budget headroom b - C_c = 43.1536 mJ, so it cannot run within this budget",module
nuPlan,n/a,idm,safety,"Task 5 real perception, primary",Task 5 energy pass: rails over idle (module convention) x pass time per frame,mJ,0.3,112.6659901792777,69.5124056669773,143.845281707668,oracle,384,4,True,0.0,none,0.3,0.0,False,near-zero oracle: 4 affected states on this split (< 10),12.203500129193813,12.203500129193813,,,,,,,332.0,,module
nuPlan,n/a,idm,safety,"Task 5 real perception, primary",Task 5 energy pass: rails over idle (module convention) x pass time per frame,mJ,0.3,112.6659901792777,69.5124056669773,143.845281707668,gate_gbm_batched,384,4,True,27.891121994302306,nuScenes feature time as proxy (track features not timed),0.10610332391030725,0.19389667608969274,False,near-zero oracle: 4 affected states on this split (< 10),0.0,12.203500129193813,,,,,,,332.0,,module
nuPlan,n/a,idm,safety,"Task 5 real perception, primary",Task 5 energy pass: rails over idle (module convention) x pass time per frame,mJ,0.3,112.6659901792777,69.5124056669773,143.845281707668,criticality_gt,384,4,False,,,,,,,,,,,,,,,,needs FULL on every frame: >= 213.36 mJ per frame before computing the metric,module
nuPlan,n/a,idm,safety,"Task 5 real perception, primary",Task 5 energy pass: rails over idle (module convention) x pass time per frame,mJ,0.3,112.6659901792777,69.5124056669773,143.845281707668,dE_E1_fn_only,384,4,False,,,,,,,,,,,,,,,,needs FULL on every frame: >= 213.36 mJ per frame before computing the metric,module
nuPlan,n/a,idm,safety,"Task 5 real perception, primary",Task 5 energy pass: rails over idle (module convention) x pass time per frame,mJ,0.3,112.6659901792777,69.5124056669773,143.845281707668,dE_E6_risk_weighted,384,4,False,,,,,,,,,,,,,,,,needs FULL on every frame: >= 213.36 mJ per frame before computing the metric,module
nuPlan,n/a,idm,safety,"Task 5 real perception, primary",Task 5 energy pass: rails over idle (module convention) x pass time per frame,mJ,0.5,141.43504652081128,69.5124056669773,143.845281707668,random,384,4,True,0.0,none,0.4999999999999999,1.1102230246251565e-16,False,near-zero oracle: 4 affected states on this split (< 10),5.8350133432127524,12.203500129193813,,,,,,,332.0,,module
nuPlan,n/a,idm,safety,"Task 5 real perception, primary",Task 5 energy pass: rails over idle (module convention) x pass time per frame,mJ,0.5,141.43504652081128,69.5124056669773,143.845281707668,criticality_cheap,384,4,True,11.60302866907548,nuScenes feature time as proxy (track features not timed),0.41933674479044825,0.08066325520955175,False,near-zero oracle: 4 affected states on this split (< 10),-0.5312752189743672,12.203500129193813,,,,,,,332.0,,module
nuPlan,n/a,idm,safety,"Task 5 real perception, primary",Task 5 energy pass: rails over idle (module convention) x pass time per frame,mJ,0.5,141.43504652081128,69.5124056669773,143.845281707668,gate_ridge,384,4,True,30.966916337805152,nuScenes feature time as proxy (track features not timed),0.28472066674568997,0.21527933325431003,False,near-zero oracle: 4 affected states on this split (< 10),0.0,12.203500129193813,,,,,,,332.0,,module
nuPlan,n/a,idm,safety,"Task 5 real perception, primary",Task 5 energy pass: rails over idle (module convention) x pass time per frame,mJ,0.5,141.43504652081128,69.5124056669773,143.845281707668,gate_gbm,384,4,False,168.62314770970988,nuScenes feature time as proxy (track features not timed),,,False,near-zero oracle: 4 affected states on this split (< 10),,12.203500129193813,,,,,,,332.0,"infeasible: allocator overhead 168.6231 mJ per input exceeds the budget headroom b - C_c = 71.9226 mJ, so it cannot run within this budget",module
nuPlan,n/a,idm,safety,"Task 5 real perception, primary",Task 5 energy pass: rails over idle (module convention) x pass time per frame,mJ,0.5,141.43504652081128,69.5124056669773,143.845281707668,R1_mlp_reg,384,4,True,6.480242972520074,nuScenes feature time as proxy (track features not timed),0.454949909405512,0.045050090594488,False,near-zero oracle: 4 affected states on this split (< 10),0.0,12.203500129193813,,,,,,,332.0,,module
nuPlan,n/a,idm,safety,"Task 5 real perception, primary",Task 5 energy pass: rails over idle (module convention) x pass time per frame,mJ,0.5,141.43504652081128,69.5124056669773,143.845281707668,R1_mlp_clf,384,4,True,6.480242972520074,nuScenes feature time as proxy (track features not timed),0.454949909405512,0.045050090594488,False,near-zero oracle: 4 affected states on this split (< 10),5.287980842286557,12.203500129193813,,,,,,,332.0,,module
nuPlan,n/a,idm,safety,"Task 5 real perception, primary",Task 5 energy pass: rails over idle (module convention) x pass time per frame,mJ,0.5,141.43504652081128,69.5124056669773,143.845281707668,R1_gbm_reg,384,4,False,158.80676427354655,nuScenes feature time as proxy (track features not timed),,,False,near-zero oracle: 4 affected states on this split (< 10),,12.203500129193813,,,,,,,332.0,"infeasible: allocator overhead 158.8068 mJ per input exceeds the budget headroom b - C_c = 71.9226 mJ, so it cannot run within this budget",module
nuPlan,n/a,idm,safety,"Task 5 real perception, primary",Task 5 energy pass: rails over idle (module convention) x pass time per frame,mJ,0.5,141.43504652081128,69.5124056669773,143.845281707668,R1_gbm_clf,384,4,False,158.80676427354655,nuScenes feature time as proxy (track features not timed),,,False,near-zero oracle: 4 affected states on this split (< 10),,12.203500129193813,,,,,,,332.0,"infeasible: allocator overhead 158.8068 mJ per input exceeds the budget headroom b - C_c = 71.9226 mJ, so it cannot run within this budget",module
nuPlan,n/a,idm,safety,"Task 5 real perception, primary",Task 5 energy pass: rails over idle (module convention) x pass time per frame,mJ,0.5,141.43504652081128,69.5124056669773,143.845281707668,oracle,384,4,True,0.0,none,0.4999999999999999,1.1102230246251565e-16,False,near-zero oracle: 4 affected states on this split (< 10),12.203500129193813,12.203500129193813,,,,,,,332.0,,module
nuPlan,n/a,idm,safety,"Task 5 real perception, primary",Task 5 energy pass: rails over idle (module convention) x pass time per frame,mJ,0.5,141.43504652081128,69.5124056669773,143.845281707668,gate_gbm_batched,384,4,True,27.891121994302306,nuScenes feature time as proxy (track features not timed),0.30610332391030715,0.19389667608969285,False,near-zero oracle: 4 affected states on this split (< 10),11.5,12.203500129193813,,,,,,,332.0,,module
nuPlan,n/a,idm,safety,"Task 5 real perception, primary",Task 5 energy pass: rails over idle (module convention) x pass time per frame,mJ,0.5,141.43504652081128,69.5124056669773,143.845281707668,criticality_gt,384,4,False,,,,,,,,,,,,,,,,needs FULL on every frame: >= 213.36 mJ per frame before computing the metric,module
nuPlan,n/a,idm,safety,"Task 5 real perception, primary",Task 5 energy pass: rails over idle (module convention) x pass time per frame,mJ,0.5,141.43504652081128,69.5124056669773,143.845281707668,dE_E1_fn_only,384,4,False,,,,,,,,,,,,,,,,needs FULL on every frame: >= 213.36 mJ per frame before computing the metric,module
nuPlan,n/a,idm,safety,"Task 5 real perception, primary",Task 5 energy pass: rails over idle (module convention) x pass time per frame,mJ,0.5,141.43504652081128,69.5124056669773,143.845281707668,dE_E6_risk_weighted,384,4,False,,,,,,,,,,,,,,,,needs FULL on every frame: >= 213.36 mJ per frame before computing the metric,module
nuPlan,n/a,idm,scalar_J,"Task 5 real perception, primary",Task 5 energy pass: rails over idle (module convention) x pass time per frame,mJ,0.1,83.8969338377441,69.5124056669773,143.845281707668,random,384,10,True,0.0,none,0.1,0.0,True,,1.1840149027250237,12.948370938004476,0.09144122518531253,0.0752283166900838,0.10000000000000002,0.0,0.0,0.0,336.0,,module
nuPlan,n/a,idm,scalar_J,"Task 5 real perception, primary",Task 5 energy pass: rails over idle (module convention) x pass time per frame,mJ,0.1,83.8969338377441,69.5124056669773,143.845281707668,criticality_cheap,384,10,True,11.60302866907548,nuScenes feature time as proxy (track features not timed),0.019336744790448317,0.08066325520955168,True,,0.0,12.948370938004476,0.0,0.0,0.0,-0.09244055045342672,-0.10000000000000002,-0.0752283166900838,336.0,,module
nuPlan,n/a,idm,scalar_J,"Task 5 real perception, primary",Task 5 energy pass: rails over idle (module convention) x pass time per frame,mJ,0.1,83.8969338377441,69.5124056669773,143.845281707668,gate_ridge,384,10,False,30.966916337805152,nuScenes feature time as proxy (track features not timed),,,True,,,12.948370938004476,,,,,,,336.0,"infeasible: allocator overhead 30.9669 mJ per input exceeds the budget headroom b - C_c = 14.3845 mJ, so it cannot run within this budget",module
nuPlan,n/a,idm,scalar_J,"Task 5 real perception, primary",Task 5 energy pass: rails over idle (module convention) x pass time per frame,mJ,0.1,83.8969338377441,69.5124056669773,143.845281707668,gate_gbm,384,10,False,168.62314770970988,nuScenes feature time as proxy (track features not timed),,,True,,,12.948370938004476,,,,,,,336.0,"infeasible: allocator overhead 168.6231 mJ per input exceeds the budget headroom b - C_c = 14.3845 mJ, so it cannot run within this budget",module
nuPlan,n/a,idm,scalar_J,"Task 5 real perception, primary",Task 5 energy pass: rails over idle (module convention) x pass time per frame,mJ,0.1,83.8969338377441,69.5124056669773,143.845281707668,R1_mlp_reg,384,10,True,6.480242972520074,nuScenes feature time as proxy (track features not timed),0.054949909405512115,0.04505009059448789,True,,0.34035762745174264,12.948370938004476,0.026285748924041594,0.0,0.0711131451712623,-0.07274653464304012,-0.09953703703703703,-0.021674290784816076,336.0,,module
nuPlan,n/a,idm,scalar_J,"Task 5 real perception, primary",Task 5 energy pass: rails over idle (module convention) x pass time per frame,mJ,0.1,83.8969338377441,69.5124056669773,143.845281707668,R1_mlp_clf,384,10,True,6.480242972520074,nuScenes feature time as proxy (track features not timed),0.054949909405512115,0.04505009059448789,True,,12.133548376628191,12.948370938004476,0.9370714227081094,0.838376840838002,0.9930041868160454,0.8465647267121187,0.7390178664790277,0.9107647421642191,336.0,,module
nuPlan,n/a,idm,scalar_J,"Task 5 real perception, primary",Task 5 energy pass: rails over idle (module convention) x pass time per frame,mJ,0.1,83.8969338377441,69.5124056669773,143.845281707668,R1_gbm_reg,384,10,False,158.80676427354655,nuScenes feature time as proxy (track features not timed),,,True,,,12.948370938004476,,,,,,,336.0,"infeasible: allocator overhead 158.8068 mJ per input exceeds the budget headroom b - C_c = 14.3845 mJ, so it cannot run within this budget",module
nuPlan,n/a,idm,scalar_J,"Task 5 real perception, primary",Task 5 energy pass: rails over idle (module convention) x pass time per frame,mJ,0.1,83.8969338377441,69.5124056669773,143.845281707668,R1_gbm_clf,384,10,False,158.80676427354655,nuScenes feature time as proxy (track features not timed),,,True,,,12.948370938004476,,,,,,,336.0,"infeasible: allocator overhead 158.8068 mJ per input exceeds the budget headroom b - C_c = 14.3845 mJ, so it cannot run within this budget",module
nuPlan,n/a,idm,scalar_J,"Task 5 real perception, primary",Task 5 energy pass: rails over idle (module convention) x pass time per frame,mJ,0.1,83.8969338377441,69.5124056669773,143.845281707668,oracle,384,10,True,0.0,none,0.1,0.0,True,,12.948370938004476,12.948370938004476,1.0,1.0,1.0,0.9075594495465734,0.9,0.9247716833099162,336.0,,module
nuPlan,n/a,idm,scalar_J,"Task 5 real perception, primary",Task 5 energy pass: rails over idle (module convention) x pass time per frame,mJ,0.1,83.8969338377441,69.5124056669773,143.845281707668,gate_gbm_batched,384,10,False,27.891121994302306,nuScenes feature time as proxy (track features not timed),,,True,,,12.948370938004476,,,,,,,336.0,"infeasible: allocator overhead 27.8911 mJ per input exceeds the budget headroom b - C_c = 14.3845 mJ, so it cannot run within this budget",module
nuPlan,n/a,idm,scalar_J,"Task 5 real perception, primary",Task 5 energy pass: rails over idle (module convention) x pass time per frame,mJ,0.1,83.8969338377441,69.5124056669773,143.845281707668,criticality_gt,384,10,False,,,,,,,,,,,,,,,,needs FULL on every frame: >= 213.36 mJ per frame before computing the metric,module
nuPlan,n/a,idm,scalar_J,"Task 5 real perception, primary",Task 5 energy pass: rails over idle (module convention) x pass time per frame,mJ,0.1,83.8969338377441,69.5124056669773,143.845281707668,dE_E1_fn_only,384,10,False,,,,,,,,,,,,,,,,needs FULL on every frame: >= 213.36 mJ per frame before computing the metric,module
nuPlan,n/a,idm,scalar_J,"Task 5 real perception, primary",Task 5 energy pass: rails over idle (module convention) x pass time per frame,mJ,0.1,83.8969338377441,69.5124056669773,143.845281707668,dE_E6_risk_weighted,384,10,False,,,,,,,,,,,,,,,,needs FULL on every frame: >= 213.36 mJ per frame before computing the metric,module
nuPlan,n/a,idm,scalar_J,"Task 5 real perception, primary",Task 5 energy pass: rails over idle (module convention) x pass time per frame,mJ,0.2,98.2814620085109,69.5124056669773,143.845281707668,random,384,10,True,0.0,none,0.2,0.0,True,,2.3680298054500475,12.948370938004476,0.18288245037062506,0.15220195916970045,0.20000000000000004,0.0,0.0,0.0,336.0,,module
nuPlan,n/a,idm,scalar_J,"Task 5 real perception, primary",Task 5 energy pass: rails over idle (module convention) x pass time per frame,mJ,0.2,98.2814620085109,69.5124056669773,143.845281707668,criticality_cheap,384,10,True,11.60302866907548,nuScenes feature time as proxy (track features not timed),0.11933674479044833,0.08066325520955168,True,,0.06625640882231487,12.948370938004476,0.0051169687012786414,0.0,0.00859739590585889,-0.1806005779981594,-0.19947133458646618,-0.1444015304735794,336.0,,module
nuPlan,n/a,idm,scalar_J,"Task 5 real perception, primary",Task 5 energy pass: rails over idle (module convention) x pass time per frame,mJ,0.2,98.2814620085109,69.5124056669773,143.845281707668,gate_ridge,384,10,False,30.966916337805152,nuScenes feature time as proxy (track features not timed),,,True,,,12.948370938004476,,,,,,,336.0,"infeasible: allocator overhead 30.9669 mJ per input exceeds the budget headroom b - C_c = 28.7691 mJ, so it cannot run within this budget",module
nuPlan,n/a,idm,scalar_J,"Task 5 real perception, primary",Task 5 energy pass: rails over idle (module convention) x pass time per frame,mJ,0.2,98.2814620085109,69.5124056669773,143.845281707668,gate_gbm,384,10,False,168.62314770970988,nuScenes feature time as proxy (track features not timed),,,True,,,12.948370938004476,,,,,,,336.0,"infeasible: allocator overhead 168.6231 mJ per input exceeds the budget headroom b - C_c = 28.7691 mJ, so it cannot run within this budget",module
nuPlan,n/a,idm,scalar_J,"Task 5 real perception, primary",Task 5 energy pass: rails over idle (module convention) x pass time per frame,mJ,0.2,98.2814620085109,69.5124056669773,143.845281707668,R1_mlp_reg,384,10,True,6.480242972520074,nuScenes feature time as proxy (track features not timed),0.15494990940551212,0.04505009059448789,True,,0.39849022440712617,12.948370938004476,0.030775317321001854,0.00413264094694362,0.07516181973495763,-0.16208438570964978,-0.19510613703081858,-0.1068123931328865,336.0,,module
nuPlan,n/a,idm,scalar_J,"Task 5 real perception, primary",Task 5 energy pass: rails over idle (module convention) x pass time per frame,mJ,0.2,98.2814620085109,69.5124056669773,143.845281707668,R1_mlp_clf,384,10,True,6.480242972520074,nuScenes feature time as proxy (track features not timed),0.15494990940551212,0.04505009059448789,True,,12.140118608114037,12.948370938004476,0.937578840322055,0.842195087289491,0.9937169054470574,0.7656944855124626,0.6488806429210477,0.8282163366720329,336.0,,module
nuPlan,n/a,idm,scalar_J,"Task 5 real perception, primary",Task 5 energy pass: rails over idle (module convention) x pass time per frame,mJ,0.2,98.2814620085109,69.5124056669773,143.845281707668,R1_gbm_reg,384,10,False,158.80676427354655,nuScenes feature time as proxy (track features not timed),,,True,,,12.948370938004476,,,,,,,336.0,"infeasible: allocator overhead 158.8068 mJ per input exceeds the budget headroom b - C_c = 28.7691 mJ, so it cannot run within this budget",module
nuPlan,n/a,idm,scalar_J,"Task 5 real perception, primary",Task 5 energy pass: rails over idle (module convention) x pass time per frame,mJ,0.2,98.2814620085109,69.5124056669773,143.845281707668,R1_gbm_clf,384,10,False,158.80676427354655,nuScenes feature time as proxy (track features not timed),,,True,,,12.948370938004476,,,,,,,336.0,"infeasible: allocator overhead 158.8068 mJ per input exceeds the budget headroom b - C_c = 28.7691 mJ, so it cannot run within this budget",module
nuPlan,n/a,idm,scalar_J,"Task 5 real perception, primary",Task 5 energy pass: rails over idle (module convention) x pass time per frame,mJ,0.2,98.2814620085109,69.5124056669773,143.845281707668,oracle,384,10,True,0.0,none,0.2,0.0,True,,12.948370938004476,12.948370938004476,1.0,1.0,1.0,0.8141218584972613,0.7999999999999999,0.8477980408302995,336.0,,module
nuPlan,n/a,idm,scalar_J,"Task 5 real perception, primary",Task 5 energy pass: rails over idle (module convention) x pass time per frame,mJ,0.2,98.2814620085109,69.5124056669773,143.845281707668,gate_gbm_batched,384,10,True,27.891121994302306,nuScenes feature time as proxy (track features not timed),0.006103323910307251,0.19389667608969277,True,,0.0,12.948370938004476,0.0,0.0,0.0,-0.1858781415027389,-0.20000000000000004,-0.15220195916970045,336.0,,module
nuPlan,n/a,idm,scalar_J,"Task 5 real perception, primary",Task 5 energy pass: rails over idle (module convention) x pass time per frame,mJ,0.2,98.2814620085109,69.5124056669773,143.845281707668,criticality_gt,384,10,False,,,,,,,,,,,,,,,,needs FULL on every frame: >= 213.36 mJ per frame before computing the metric,module
nuPlan,n/a,idm,scalar_J,"Task 5 real perception, primary",Task 5 energy pass: rails over idle (module convention) x pass time per frame,mJ,0.2,98.2814620085109,69.5124056669773,143.845281707668,dE_E1_fn_only,384,10,False,,,,,,,,,,,,,,,,needs FULL on every frame: >= 213.36 mJ per frame before computing the metric,module
nuPlan,n/a,idm,scalar_J,"Task 5 real perception, primary",Task 5 energy pass: rails over idle (module convention) x pass time per frame,mJ,0.2,98.2814620085109,69.5124056669773,143.845281707668,dE_E6_risk_weighted,384,10,False,,,,,,,,,,,,,,,,needs FULL on every frame: >= 213.36 mJ per frame before computing the metric,module
nuPlan,n/a,idm,scalar_J,"Task 5 real perception, primary",Task 5 energy pass: rails over idle (module convention) x pass time per frame,mJ,0.3,112.6659901792777,69.5124056669773,143.845281707668,random,384,10,True,0.0,none,0.3,0.0,True,,3.5832029950888877,12.948370938004476,0.27673002358713,0.22796459603055697,0.3,0.0,0.0,0.0,336.0,,module
nuPlan,n/a,idm,scalar_J,"Task 5 real perception, primary",Task 5 energy pass: rails over idle (module convention) x pass time per frame,mJ,0.3,112.6659901792777,69.5124056669773,143.845281707668,criticality_cheap,384,10,True,11.60302866907548,nuScenes feature time as proxy (track features not timed),0.21933674479044832,0.08066325520955167,True,,0.10514232794411649,12.948370938004476,0.008120120163959434,-0.12466055795574695,0.06244762872427647,-0.2766104023019879,-0.3753430519320385,-0.19523550913289692,336.0,,module
nuPlan,n/a,idm,scalar_J,"Task 5 real perception, primary",Task 5 energy pass: rails over idle (module convention) x pass time per frame,mJ,0.3,112.6659901792777,69.5124056669773,143.845281707668,gate_ridge,384,10,True,30.966916337805152,nuScenes feature time as proxy (track features not timed),0.08472066674569005,0.21527933325430992,True,,0.0,12.948370938004476,0.0,0.0,0.056206833299475525,-0.2758748358866294,-0.3,-0.19760840750343903,336.0,,module
nuPlan,n/a,idm,scalar_J,"Task 5 real perception, primary",Task 5 energy pass: rails over idle (module convention) x pass time per frame,mJ,0.3,112.6659901792777,69.5124056669773,143.845281707668,gate_gbm,384,10,False,168.62314770970988,nuScenes feature time as proxy (track features not timed),,,True,,,12.948370938004476,,,,,,,336.0,"infeasible: allocator overhead 168.6231 mJ per input exceeds the budget headroom b - C_c = 43.1536 mJ, so it cannot run within this budget",module
nuPlan,n/a,idm,scalar_J,"Task 5 real perception, primary",Task 5 energy pass: rails over idle (module convention) x pass time per frame,mJ,0.3,112.6659901792777,69.5124056669773,143.845281707668,R1_mlp_reg,384,10,True,6.480242972520074,nuScenes feature time as proxy (track features not timed),0.2549499094055121,0.04505009059448789,True,,0.40506045589297174,12.948370938004476,0.031282734934947515,0.004610765829912895,0.0756194068803375,-0.254648996529965,-0.29459181541606855,-0.19270305774758542,336.0,,module
nuPlan,n/a,idm,scalar_J,"Task 5 real perception, primary",Task 5 energy pass: rails over idle (module convention) x pass time per frame,mJ,0.3,112.6659901792777,69.5124056669773,143.845281707668,R1_mlp_clf,384,10,True,6.480242972520074,nuScenes feature time as proxy (track features not timed),0.2549499094055121,0.04505009059448789,True,,12.140118608114037,12.948370938004476,0.937578840322055,0.8426511300321393,0.9938826838435619,0.6726271352713553,0.5542784154241814,0.7471889603220554,336.0,,module
nuPlan,n/a,idm,scalar_J,"Task 5 real perception, primary",Task 5 energy pass: rails over idle (module convention) x pass time per frame,mJ,0.3,112.6659901792777,69.5124056669773,143.845281707668,R1_gbm_reg,384,10,False,158.80676427354655,nuScenes feature time as proxy (track features not timed),,,True,,,12.948370938004476,,,,,,,336.0,"infeasible: allocator overhead 158.8068 mJ per input exceeds the budget headroom b - C_c = 43.1536 mJ, so it cannot run within this budget",module
nuPlan,n/a,idm,scalar_J,"Task 5 real perception, primary",Task 5 energy pass: rails over idle (module convention) x pass time per frame,mJ,0.3,112.6659901792777,69.5124056669773,143.845281707668,R1_gbm_clf,384,10,False,158.80676427354655,nuScenes feature time as proxy (track features not timed),,,True,,,12.948370938004476,,,,,,,336.0,"infeasible: allocator overhead 158.8068 mJ per input exceeds the budget headroom b - C_c = 43.1536 mJ, so it cannot run within this budget",module
nuPlan,n/a,idm,scalar_J,"Task 5 real perception, primary",Task 5 energy pass: rails over idle (module convention) x pass time per frame,mJ,0.3,112.6659901792777,69.5124056669773,143.845281707668,oracle,384,10,True,0.0,none,0.3,0.0,True,,12.948370938004476,12.948370938004476,1.0,1.0,1.0,0.7206270711310978,0.7,0.772035403969443,336.0,,module
nuPlan,n/a,idm,scalar_J,"Task 5 real perception, primary",Task 5 energy pass: rails over idle (module convention) x pass time per frame,mJ,0.3,112.6659901792777,69.5124056669773,143.845281707668,gate_gbm_batched,384,10,True,27.891121994302306,nuScenes feature time as proxy (track features not timed),0.10610332391030725,0.19389667608969274,True,,0.0,12.948370938004476,0.0,0.0,0.0,-0.27937292886890225,-0.3,-0.22796459603055697,336.0,,module
nuPlan,n/a,idm,scalar_J,"Task 5 real perception, primary",Task 5 energy pass: rails over idle (module convention) x pass time per frame,mJ,0.3,112.6659901792777,69.5124056669773,143.845281707668,criticality_gt,384,10,False,,,,,,,,,,,,,,,,needs FULL on every frame: >= 213.36 mJ per frame before computing the metric,module
nuPlan,n/a,idm,scalar_J,"Task 5 real perception, primary",Task 5 energy pass: rails over idle (module convention) x pass time per frame,mJ,0.3,112.6659901792777,69.5124056669773,143.845281707668,dE_E1_fn_only,384,10,False,,,,,,,,,,,,,,,,needs FULL on every frame: >= 213.36 mJ per frame before computing the metric,module
nuPlan,n/a,idm,scalar_J,"Task 5 real perception, primary",Task 5 energy pass: rails over idle (module convention) x pass time per frame,mJ,0.3,112.6659901792777,69.5124056669773,143.845281707668,dE_E6_risk_weighted,384,10,False,,,,,,,,,,,,,,,,needs FULL on every frame: >= 213.36 mJ per frame before computing the metric,module
nuPlan,n/a,idm,scalar_J,"Task 5 real perception, primary",Task 5 energy pass: rails over idle (module convention) x pass time per frame,mJ,0.5,141.43504652081128,69.5124056669773,143.845281707668,random,384,10,True,0.0,none,0.4999999999999999,1.1102230246251565e-16,True,,5.9823910874527515,12.948370938004476,0.4620188219889475,0.3825274656850982,0.5000000000000002,0.0,0.0,0.0,336.0,,module
nuPlan,n/a,idm,scalar_J,"Task 5 real perception, primary",Task 5 energy pass: rails over idle (module convention) x pass time per frame,mJ,0.5,141.43504652081128,69.5124056669773,143.845281707668,criticality_cheap,384,10,True,11.60302866907548,nuScenes feature time as proxy (track features not timed),0.41933674479044825,0.08066325520955175,True,,-0.5380888077031152,12.948370938004476,-0.04155648693410401,-0.20515702358519505,0.06244762872427647,-0.49240521765836925,-0.5844123251410229,-0.4136476886384759,336.0,,module
nuPlan,n/a,idm,scalar_J,"Task 5 real perception, primary",Task 5 energy pass: rails over idle (module convention) x pass time per frame,mJ,0.5,141.43504652081128,69.5124056669773,143.845281707668,gate_ridge,384,10,True,30.966916337805152,nuScenes feature time as proxy (track features not timed),0.28472066674568997,0.21527933325431003,True,,0.7277869268121911,12.948370938004476,0.056206833299475525,0.0,0.15154806046730596,-0.4251342261392172,-0.5000000000000001,-0.30702894326451685,336.0,,module
nuPlan,n/a,idm,scalar_J,"Task 5 real perception, primary",Task 5 energy pass: rails over idle (module convention) x pass time per frame,mJ,0.5,141.43504652081128,69.5124056669773,143.845281707668,gate_gbm,384,10,False,168.62314770970988,nuScenes feature time as proxy (track features not timed),,,True,,,12.948370938004476,,,,,,,336.0,"infeasible: allocator overhead 168.6231 mJ per input exceeds the budget headroom b - C_c = 71.9226 mJ, so it cannot run within this budget",module
nuPlan,n/a,idm,scalar_J,"Task 5 real perception, primary",Task 5 energy pass: rails over idle (module convention) x pass time per frame,mJ,0.5,141.43504652081128,69.5124056669773,143.845281707668,R1_mlp_reg,384,10,True,6.480242972520074,nuScenes feature time as proxy (track features not timed),0.454949909405512,0.045050090594488,True,,0.44394637501477335,12.948370938004476,0.03428588639762831,0.007766814090603247,0.07832763668392229,-0.43932141943816655,-0.49178389608168255,-0.3429229282526786,336.0,,module
nuPlan,n/a,idm,scalar_J,"Task 5 real perception, primary",Task 5 energy pass: rails over idle (module convention) x pass time per frame,mJ,0.5,141.43504652081128,69.5124056669773,143.845281707668,R1_mlp_clf,384,10,True,6.480242972520074,nuScenes feature time as proxy (track features not timed),0.454949909405512,0.045050090594488,True,,12.219030430811202,12.948370938004476,0.9436731840101519,0.848128435379405,1.0,0.490283883113383,0.36611842239651066,0.5968160519031477,336.0,,module
nuPlan,n/a,idm,scalar_J,"Task 5 real perception, primary",Task 5 energy pass: rails over idle (module convention) x pass time per frame,mJ,0.5,141.43504652081128,69.5124056669773,143.845281707668,R1_gbm_reg,384,10,False,158.80676427354655,nuScenes feature time as proxy (track features not timed),,,True,,,12.948370938004476,,,,,,,336.0,"infeasible: allocator overhead 158.8068 mJ per input exceeds the budget headroom b - C_c = 71.9226 mJ, so it cannot run within this budget",module
nuPlan,n/a,idm,scalar_J,"Task 5 real perception, primary",Task 5 energy pass: rails over idle (module convention) x pass time per frame,mJ,0.5,141.43504652081128,69.5124056669773,143.845281707668,R1_gbm_clf,384,10,False,158.80676427354655,nuScenes feature time as proxy (track features not timed),,,True,,,12.948370938004476,,,,,,,336.0,"infeasible: allocator overhead 158.8068 mJ per input exceeds the budget headroom b - C_c = 71.9226 mJ, so it cannot run within this budget",module
nuPlan,n/a,idm,scalar_J,"Task 5 real perception, primary",Task 5 energy pass: rails over idle (module convention) x pass time per frame,mJ,0.5,141.43504652081128,69.5124056669773,143.845281707668,oracle,384,10,True,0.0,none,0.4999999999999999,1.1102230246251565e-16,True,,12.948370938004476,12.948370938004476,1.0,1.0,1.0,0.5328024537586961,0.4999999999999998,0.6174725343149018,336.0,,module
nuPlan,n/a,idm,scalar_J,"Task 5 real perception, primary",Task 5 energy pass: rails over idle (module convention) x pass time per frame,mJ,0.5,141.43504652081128,69.5124056669773,143.845281707668,gate_gbm_batched,384,10,True,27.891121994302306,nuScenes feature time as proxy (track features not timed),0.30610332391030715,0.19389667608969285,True,,0.0,12.948370938004476,0.0,0.0,0.027854716409700178,-0.4631147313832577,-0.5000000000000002,-0.3757956238822235,336.0,,module
nuPlan,n/a,idm,scalar_J,"Task 5 real perception, primary",Task 5 energy pass: rails over idle (module convention) x pass time per frame,mJ,0.5,141.43504652081128,69.5124056669773,143.845281707668,criticality_gt,384,10,False,,,,,,,,,,,,,,,,needs FULL on every frame: >= 213.36 mJ per frame before computing the metric,module
nuPlan,n/a,idm,scalar_J,"Task 5 real perception, primary",Task 5 energy pass: rails over idle (module convention) x pass time per frame,mJ,0.5,141.43504652081128,69.5124056669773,143.845281707668,dE_E1_fn_only,384,10,False,,,,,,,,,,,,,,,,needs FULL on every frame: >= 213.36 mJ per frame before computing the metric,module
nuPlan,n/a,idm,scalar_J,"Task 5 real perception, primary",Task 5 energy pass: rails over idle (module convention) x pass time per frame,mJ,0.5,141.43504652081128,69.5124056669773,143.845281707668,dE_E6_risk_weighted,384,10,False,,,,,,,,,,,,,,,,needs FULL on every frame: >= 213.36 mJ per frame before computing the metric,module
nuPlan,n/a,pdm_closed,safety,"Task 5 real perception, primary",Task 5 energy pass: rails over idle (all_rails convention) x pass time per frame,mJ,0.1,106.46354824446053,88.53171917774198,179.31829066718544,random,384,27,True,0.0,none,0.10000000000000003,-2.7755575615628914e-17,True,,10.374520426637886,164.15219972227897,0.06320061774493443,0.05564832421263108,0.0810330252753905,0.0,0.0,0.0,330.0,,all_rails
nuPlan,n/a,pdm_closed,safety,"Task 5 real perception, primary",Task 5 energy pass: rails over idle (all_rails convention) x pass time per frame,mJ,0.1,106.46354824446053,88.53171917774198,179.31829066718544,criticality_cheap,384,27,True,12.39072266060421,nuScenes feature time as proxy (track features not timed),0.030900954863542766,0.06909904513645723,True,,0.0,164.15219972227897,0.0,0.0,0.0,-0.06331819969683643,-0.0810330252753905,-0.055072368664674735,330.0,,all_rails
nuPlan,n/a,pdm_closed,safety,"Task 5 real perception, primary",Task 5 energy pass: rails over idle (all_rails convention) x pass time per frame,mJ,0.1,106.46354824446053,88.53171917774198,179.31829066718544,gate_ridge,384,27,False,33.069165210159746,nuScenes feature time as proxy (track features not timed),,,True,,,164.15219972227897,,,,,,,330.0,"infeasible: allocator overhead 33.0692 mJ per input exceeds the budget headroom b - C_c = 17.9318 mJ, so it cannot run within this budget",all_rails
nuPlan,n/a,pdm_closed,safety,"Task 5 real perception, primary",Task 5 energy pass: rails over idle (all_rails convention) x pass time per frame,mJ,0.1,106.46354824446053,88.53171917774198,179.31829066718544,gate_gbm,384,27,False,180.07045548355018,nuScenes feature time as proxy (track features not timed),,,True,,,164.15219972227897,,,,,,,330.0,"infeasible: allocator overhead 180.0705 mJ per input exceeds the budget headroom b - C_c = 17.9318 mJ, so it cannot run within this budget",all_rails
nuPlan,n/a,pdm_closed,safety,"Task 5 real perception, primary",Task 5 energy pass: rails over idle (all_rails convention) x pass time per frame,mJ,0.1,106.46354824446053,88.53171917774198,179.31829066718544,R1_mlp_reg,384,27,True,6.8253131813587125,nuScenes feature time as proxy (track features not timed),0.06193744009066827,0.03806255990933174,True,,12.047696375203769,164.15219972227897,0.07339345068531931,0.06319378172310043,0.0895256338530392,0.008524569222722635,0.005274966786532643,0.01180808254893187,330.0,,all_rails
nuPlan,n/a,pdm_closed,safety,"Task 5 real perception, primary",Task 5 energy pass: rails over idle (all_rails convention) x pass time per frame,mJ,0.1,106.46354824446053,88.53171917774198,179.31829066718544,R1_mlp_clf,384,27,True,6.8253131813587125,nuScenes feature time as proxy (track features not timed),0.06193744009066827,0.03806255990933174,True,,11.324992682409459,164.15219972227897,0.06899080671212239,-0.0010661283728553598,0.15363557753269055,0.022259304935969976,-0.06426674611778979,0.08419458828243843,330.0,,all_rails
nuPlan,n/a,pdm_closed,safety,"Task 5 real perception, primary",Task 5 energy pass: rails over idle (all_rails convention) x pass time per frame,mJ,0.1,106.46354824446053,88.53171917774198,179.31829066718544,R1_gbm_reg,384,27,False,167.26315758244598,nuScenes feature time as proxy (track features not timed),,,True,,,164.15219972227897,,,,,,,330.0,"infeasible: allocator overhead 167.2632 mJ per input exceeds the budget headroom b - C_c = 17.9318 mJ, so it cannot run within this budget",all_rails
nuPlan,n/a,pdm_closed,safety,"Task 5 real perception, primary",Task 5 energy pass: rails over idle (all_rails convention) x pass time per frame,mJ,0.1,106.46354824446053,88.53171917774198,179.31829066718544,R1_gbm_clf,384,27,False,167.26315758244598,nuScenes feature time as proxy (track features not timed),,,True,,,164.15219972227897,,,,,,,330.0,"infeasible: allocator overhead 167.2632 mJ per input exceeds the budget headroom b - C_c = 17.9318 mJ, so it cannot run within this budget",all_rails
nuPlan,n/a,pdm_closed,safety,"Task 5 real perception, primary",Task 5 energy pass: rails over idle (all_rails convention) x pass time per frame,mJ,0.1,106.46354824446053,88.53171917774198,179.31829066718544,oracle,384,27,True,0.0,none,0.10000000000000003,-2.7755575615628914e-17,True,,164.15219972227897,164.15219972227897,1.0,1.0,1.0,0.934884894309672,0.9189669747246095,0.9443516757873689,330.0,,all_rails
nuPlan,n/a,pdm_closed,safety,"Task 5 real perception, primary",Task 5 energy pass: rails over idle (all_rails convention) x pass time per frame,mJ,0.1,106.46354824446053,88.53171917774198,179.31829066718544,gate_gbm_batched,384,27,False,29.784564632297375,nuScenes feature time as proxy (track features not timed),,,True,,,164.15219972227897,,,,,,,330.0,"infeasible: allocator overhead 29.7846 mJ per input exceeds the budget headroom b - C_c = 17.9318 mJ, so it cannot run within this budget",all_rails
nuPlan,n/a,pdm_closed,safety,"Task 5 real perception, primary",Task 5 energy pass: rails over idle (all_rails convention) x pass time per frame,mJ,0.1,106.46354824446053,88.53171917774198,179.31829066718544,criticality_gt,384,27,False,,,,,,,,,,,,,,,,needs FULL on every frame: >= 267.85 mJ per frame before computing the metric,all_rails
nuPlan,n/a,pdm_closed,safety,"Task 5 real perception, primary",Task 5 energy pass: rails over idle (all_rails convention) x pass time per frame,mJ,0.1,106.46354824446053,88.53171917774198,179.31829066718544,dE_E1_fn_only,384,27,False,,,,,,,,,,,,,,,,needs FULL on every frame: >= 267.85 mJ per frame before computing the metric,all_rails
nuPlan,n/a,pdm_closed,safety,"Task 5 real perception, primary",Task 5 energy pass: rails over idle (all_rails convention) x pass time per frame,mJ,0.1,106.46354824446053,88.53171917774198,179.31829066718544,dE_E6_risk_weighted,384,27,False,,,,,,,,,,,,,,,,needs FULL on every frame: >= 267.85 mJ per frame before computing the metric,all_rails
nuPlan,n/a,pdm_closed,safety,"Task 5 real perception, primary",Task 5 energy pass: rails over idle (all_rails convention) x pass time per frame,mJ,0.2,124.39537731117906,88.53171917774198,179.31829066718544,random,384,27,True,0.0,none,0.19999999999999998,2.7755575615628914e-17,True,,20.749040853275773,164.15219972227897,0.12640123548986887,0.11145535124464667,0.13737604290674535,0.0,0.0,0.0,330.0,,all_rails
nuPlan,n/a,pdm_closed,safety,"Task 5 real perception, primary",Task 5 energy pass: rails over idle (all_rails convention) x pass time per frame,mJ,0.2,124.39537731117906,88.53171917774198,179.31829066718544,criticality_cheap,384,27,True,12.39072266060421,nuScenes feature time as proxy (track features not timed),0.13090095486354272,0.06909904513645729,True,,0.0,164.15219972227897,0.0,0.0,0.3005337971849167,-0.07462299183318649,-0.13735440332843057,0.16432346412786733,330.0,,all_rails
nuPlan,n/a,pdm_closed,safety,"Task 5 real perception, primary",Task 5 energy pass: rails over idle (all_rails convention) x pass time per frame,mJ,0.2,124.39537731117906,88.53171917774198,179.31829066718544,gate_ridge,384,27,True,33.069165210159746,nuScenes feature time as proxy (track features not timed),0.015583981493911934,0.18441601850608808,True,,12.38472044900469,164.15219972227897,0.07544657013404504,0.0451540376090376,0.14591838477894417,-0.0398710617576609,-0.08681695255774273,0.018772211863034405,330.0,,all_rails
nuPlan,n/a,pdm_closed,safety,"Task 5 real perception, primary",Task 5 energy pass: rails over idle (all_rails convention) x pass time per frame,mJ,0.2,124.39537731117906,88.53171917774198,179.31829066718544,gate_gbm,384,27,False,180.07045548355018,nuScenes feature time as proxy (track features not timed),,,True,,,164.15219972227897,,,,,,,330.0,"infeasible: allocator overhead 180.0705 mJ per input exceeds the budget headroom b - C_c = 35.8637 mJ, so it cannot run within this budget",all_rails
nuPlan,n/a,pdm_closed,safety,"Task 5 real perception, primary",Task 5 energy pass: rails over idle (all_rails convention) x pass time per frame,mJ,0.2,124.39537731117906,88.53171917774198,179.31829066718544,R1_mlp_reg,384,27,True,6.8253131813587125,nuScenes feature time as proxy (track features not timed),0.1619374400906682,0.0380625599093318,True,,23.54769637520377,164.15219972227897,0.1434503857702971,0.0031180729650395677,0.1547302463019746,-0.03481365033342821,-0.13325661816701112,0.018664632472335768,330.0,,all_rails
nuPlan,n/a,pdm_closed,safety,"Task 5 real perception, primary",Task 5 energy pass: rails over idle (all_rails convention) x pass time per frame,mJ,0.2,124.39537731117906,88.53171917774198,179.31829066718544,R1_mlp_clf,384,27,True,6.8253131813587125,nuScenes feature time as proxy (track features not timed),0.1619374400906682,0.0380625599093318,True,,0.5476963752037695,164.15219972227897,0.0033365156003415733,-0.1241393152890037,0.14998141148570934,-0.11038900143614254,-0.23586396095114548,0.013730449952935058,330.0,,all_rails
nuPlan,n/a,pdm_closed,safety,"Task 5 real perception, primary",Task 5 energy pass: rails over idle (all_rails convention) x pass time per frame,mJ,0.2,124.39537731117906,88.53171917774198,179.31829066718544,R1_gbm_reg,384,27,False,167.26315758244598,nuScenes feature time as proxy (track features not timed),,,True,,,164.15219972227897,,,,,,,330.0,"infeasible: allocator overhead 167.2632 mJ per input exceeds the budget headroom b - C_c = 35.8637 mJ, so it cannot run within this budget",all_rails
nuPlan,n/a,pdm_closed,safety,"Task 5 real perception, primary",Task 5 energy pass: rails over idle (all_rails convention) x pass time per frame,mJ,0.2,124.39537731117906,88.53171917774198,179.31829066718544,R1_gbm_clf,384,27,False,167.26315758244598,nuScenes feature time as proxy (track features not timed),,,True,,,164.15219972227897,,,,,,,330.0,"infeasible: allocator overhead 167.2632 mJ per input exceeds the budget headroom b - C_c = 35.8637 mJ, so it cannot run within this budget",all_rails
nuPlan,n/a,pdm_closed,safety,"Task 5 real perception, primary",Task 5 energy pass: rails over idle (all_rails convention) x pass time per frame,mJ,0.2,124.39537731117906,88.53171917774198,179.31829066718544,oracle,384,27,True,0.0,none,0.19999999999999998,2.7755575615628914e-17,True,,164.15219972227897,164.15219972227897,1.0,1.0,1.0,0.8711725502115346,0.8626239570932546,0.8885446487553533,330.0,,all_rails
nuPlan,n/a,pdm_closed,safety,"Task 5 real perception, primary",Task 5 energy pass: rails over idle (all_rails convention) x pass time per frame,mJ,0.2,124.39537731117906,88.53171917774198,179.31829066718544,gate_gbm_batched,384,27,True,29.784564632297375,nuScenes feature time as proxy (track features not timed),0.03390113456090489,0.16609886543909513,True,,58.045799596591294,164.15219972227897,0.3536096360255673,0.07024510308456876,0.5309179936092528,0.14974028018063343,-0.06121595896788401,0.3935635902808223,330.0,,all_rails
nuPlan,n/a,pdm_closed,safety,"Task 5 real perception, primary",Task 5 energy pass: rails over idle (all_rails convention) x pass time per frame,mJ,0.2,124.39537731117906,88.53171917774198,179.31829066718544,criticality_gt,384,27,False,,,,,,,,,,,,,,,,needs FULL on every frame: >= 267.85 mJ per frame before computing the metric,all_rails
nuPlan,n/a,pdm_closed,safety,"Task 5 real perception, primary",Task 5 energy pass: rails over idle (all_rails convention) x pass time per frame,mJ,0.2,124.39537731117906,88.53171917774198,179.31829066718544,dE_E1_fn_only,384,27,False,,,,,,,,,,,,,,,,needs FULL on every frame: >= 267.85 mJ per frame before computing the metric,all_rails
nuPlan,n/a,pdm_closed,safety,"Task 5 real perception, primary",Task 5 energy pass: rails over idle (all_rails convention) x pass time per frame,mJ,0.2,124.39537731117906,88.53171917774198,179.31829066718544,dE_E6_risk_weighted,384,27,False,,,,,,,,,,,,,,,,needs FULL on every frame: >= 267.85 mJ per frame before computing the metric,all_rails
nuPlan,n/a,pdm_closed,safety,"Task 5 real perception, primary",Task 5 energy pass: rails over idle (all_rails convention) x pass time per frame,mJ,0.3,142.3272063778976,88.53171917774198,179.31829066718544,random,384,27,True,0.0,none,0.29999999999999993,5.551115123125783e-17,True,,31.396574975351502,164.15219972227897,0.19126502738598583,0.16717335153343071,0.20603160499264586,0.0,0.0,0.0,330.0,,all_rails
nuPlan,n/a,pdm_closed,safety,"Task 5 real perception, primary",Task 5 energy pass: rails over idle (all_rails convention) x pass time per frame,mJ,0.3,142.3272063778976,88.53171917774198,179.31829066718544,criticality_cheap,384,27,True,12.39072266060421,nuScenes feature time as proxy (track features not timed),0.23090095486354267,0.06909904513645732,True,,34.5,164.15219972227897,0.21017080525493326,0.0,0.8354632193482827,0.051159326616828135,-0.20486979006746525,0.6332413278847236,330.0,,all_rails
nuPlan,n/a,pdm_closed,safety,"Task 5 real perception, primary",Task 5 energy pass: rails over idle (all_rails convention) x pass time per frame,mJ,0.3,142.3272063778976,88.53171917774198,179.31829066718544,gate_ridge,384,27,True,33.069165210159746,nuScenes feature time as proxy (track features not timed),0.11558398149391189,0.1844160185060881,True,,141.15030294366647,164.15219972227897,0.8598745748303814,0.4457837401221568,0.9999886451288976,0.5480734287136926,0.2465878171423051,0.8167477023124999,330.0,,all_rails
nuPlan,n/a,pdm_closed,safety,"Task 5 real perception, primary",Task 5 energy pass: rails over idle (all_rails convention) x pass time per frame,mJ,0.3,142.3272063778976,88.53171917774198,179.31829066718544,gate_gbm,384,27,False,180.07045548355018,nuScenes feature time as proxy (track features not timed),,,True,,,164.15219972227897,,,,,,,330.0,"infeasible: allocator overhead 180.0705 mJ per input exceeds the budget headroom b - C_c = 53.7955 mJ, so it cannot run within this budget",all_rails
nuPlan,n/a,pdm_closed,safety,"Task 5 real perception, primary",Task 5 energy pass: rails over idle (all_rails convention) x pass time per frame,mJ,0.3,142.3272063778976,88.53171917774198,179.31829066718544,R1_mlp_reg,384,27,True,6.8253131813587125,nuScenes feature time as proxy (track features not timed),0.2619374400906682,0.03806255990933177,True,,23.54769637520377,164.15219972227897,0.1434503857702971,0.12582110394719878,0.2141045142788881,-0.044600575722459006,-0.05239176146966577,0.023054165929546882,330.0,,all_rails
nuPlan,n/a,pdm_closed,safety,"Task 5 real perception, primary",Task 5 energy pass: rails over idle (all_rails convention) x pass time per frame,mJ,0.3,142.3272063778976,88.53171917774198,179.31829066718544,R1_mlp_clf,384,27,True,6.8253131813587125,nuScenes feature time as proxy (track features not timed),0.2619374400906682,0.03806255990933177,True,,0.5476963752037687,164.15219972227897,0.0033365156003415685,-0.181415466530338,0.30188852944769373,-0.17430951180249207,-0.34881398638648387,0.09817852628820438,330.0,,all_rails
nuPlan,n/a,pdm_closed,safety,"Task 5 real perception, primary",Task 5 energy pass: rails over idle (all_rails convention) x pass time per frame,mJ,0.3,142.3272063778976,88.53171917774198,179.31829066718544,R1_gbm_reg,384,27,False,167.26315758244598,nuScenes feature time as proxy (track features not timed),,,True,,,164.15219972227897,,,,,,,330.0,"infeasible: allocator overhead 167.2632 mJ per input exceeds the budget headroom b - C_c = 53.7955 mJ, so it cannot run within this budget",all_rails
nuPlan,n/a,pdm_closed,safety,"Task 5 real perception, primary",Task 5 energy pass: rails over idle (all_rails convention) x pass time per frame,mJ,0.3,142.3272063778976,88.53171917774198,179.31829066718544,R1_gbm_clf,384,27,False,167.26315758244598,nuScenes feature time as proxy (track features not timed),,,True,,,164.15219972227897,,,,,,,330.0,"infeasible: allocator overhead 167.2632 mJ per input exceeds the budget headroom b - C_c = 53.7955 mJ, so it cannot run within this budget",all_rails
nuPlan,n/a,pdm_closed,safety,"Task 5 real perception, primary",Task 5 energy pass: rails over idle (all_rails convention) x pass time per frame,mJ,0.3,142.3272063778976,88.53171917774198,179.31829066718544,oracle,384,27,True,0.0,none,0.29999999999999993,5.551115123125783e-17,True,,164.15219972227897,164.15219972227897,1.0,1.0,1.0,0.8063990765391522,0.7939683950073542,0.8328266484665693,330.0,,all_rails
nuPlan,n/a,pdm_closed,safety,"Task 5 real perception, primary",Task 5 energy pass: rails over idle (all_rails convention) x pass time per frame,mJ,0.3,142.3272063778976,88.53171917774198,179.31829066718544,gate_gbm_batched,384,27,True,29.784564632297375,nuScenes feature time as proxy (track features not timed),0.13390113456090486,0.16609886543909513,True,,150.89008475110876,164.15219972227897,0.9192084236848015,0.5399417597433219,0.9920860879066759,0.6635658750100092,0.33612098474362817,0.8112024024824226,330.0,,all_rails
nuPlan,n/a,pdm_closed,safety,"Task 5 real perception, primary",Task 5 energy pass: rails over idle (all_rails convention) x pass time per frame,mJ,0.3,142.3272063778976,88.53171917774198,179.31829066718544,criticality_gt,384,27,False,,,,,,,,,,,,,,,,needs FULL on every frame: >= 267.85 mJ per frame before computing the metric,all_rails
nuPlan,n/a,pdm_closed,safety,"Task 5 real perception, primary",Task 5 energy pass: rails over idle (all_rails convention) x pass time per frame,mJ,0.3,142.3272063778976,88.53171917774198,179.31829066718544,dE_E1_fn_only,384,27,False,,,,,,,,,,,,,,,,needs FULL on every frame: >= 267.85 mJ per frame before computing the metric,all_rails
nuPlan,n/a,pdm_closed,safety,"Task 5 real perception, primary",Task 5 energy pass: rails over idle (all_rails convention) x pass time per frame,mJ,0.3,142.3272063778976,88.53171917774198,179.31829066718544,dE_E6_risk_weighted,384,27,False,,,,,,,,,,,,,,,,needs FULL on every frame: >= 267.85 mJ per frame before computing the metric,all_rails
nuPlan,n/a,pdm_closed,safety,"Task 5 real perception, primary",Task 5 energy pass: rails over idle (all_rails convention) x pass time per frame,mJ,0.5,178.1908645113347,88.53171917774198,179.31829066718544,random,384,27,True,0.0,none,0.5,0.0,True,,52.41862952406511,164.15219972227897,0.3193294370270372,0.27993437056794984,0.34386338415186374,0.0,0.0,0.0,330.0,,all_rails
nuPlan,n/a,pdm_closed,safety,"Task 5 real perception, primary",Task 5 energy pass: rails over idle (all_rails convention) x pass time per frame,mJ,0.5,178.1908645113347,88.53171917774198,179.31829066718544,criticality_cheap,384,27,True,12.39072266060421,nuScenes feature time as proxy (track features not timed),0.43090095486354274,0.06909904513645726,True,,151.60192198835523,164.15219972227897,0.923544870217049,0.1226527656708109,0.9325347520519668,0.47077739282557857,-0.1920334858231115,0.6459967071338288,330.0,,all_rails
nuPlan,n/a,pdm_closed,safety,"Task 5 real perception, primary",Task 5 energy pass: rails over idle (all_rails convention) x pass time per frame,mJ,0.5,178.1908645113347,88.53171917774198,179.31829066718544,gate_ridge,384,27,True,33.069165210159746,nuScenes feature time as proxy (track features not timed),0.3155839814939119,0.18441601850608808,True,,162.85680724453601,164.15219972227897,0.9921085889806255,0.9881981047695534,0.9999875364019809,0.6666069355632107,0.6446371738606143,0.7131392717467661,330.0,,all_rails
nuPlan,n/a,pdm_closed,safety,"Task 5 real perception, primary",Task 5 energy pass: rails over idle (all_rails convention) x pass time per frame,mJ,0.5,178.1908645113347,88.53171917774198,179.31829066718544,gate_gbm,384,27,False,180.07045548355018,nuScenes feature time as proxy (track features not timed),,,True,,,164.15219972227897,,,,,,,330.0,"infeasible: allocator overhead 180.0705 mJ per input exceeds the budget headroom b - C_c = 89.6591 mJ, so it cannot run within this budget",all_rails
nuPlan,n/a,pdm_closed,safety,"Task 5 real perception, primary",Task 5 energy pass: rails over idle (all_rails convention) x pass time per frame,mJ,0.5,178.1908645113347,88.53171917774198,179.31829066718544,R1_mlp_reg,384,27,True,6.8253131813587125,nuScenes feature time as proxy (track features not timed),0.4619374400906683,0.03806255990933172,True,,70.79886000123452,164.15219972227897,0.43130009906060124,0.23851724002973976,0.5374900214566567,0.10692263798098967,-0.1043884644277028,0.2375401910143588,330.0,,all_rails
nuPlan,n/a,pdm_closed,safety,"Task 5 real perception, primary",Task 5 energy pass: rails over idle (all_rails convention) x pass time per frame,mJ,0.5,178.1908645113347,88.53171917774198,179.31829066718544,R1_mlp_clf,384,27,True,6.8253131813587125,nuScenes feature time as proxy (track features not timed),0.4619374400906683,0.03806255990933172,True,,47.29817542112705,164.15219972227897,0.2881361047926772,0.12344353379043808,0.6168534251399364,-0.014430081204946264,-0.18890833674813445,0.27346741681885994,330.0,,all_rails
nuPlan,n/a,pdm_closed,safety,"Task 5 real perception, primary",Task 5 energy pass: rails over idle (all_rails convention) x pass time per frame,mJ,0.5,178.1908645113347,88.53171917774198,179.31829066718544,R1_gbm_reg,384,27,False,167.26315758244598,nuScenes feature time as proxy (track features not timed),,,True,,,164.15219972227897,,,,,,,330.0,"infeasible: allocator overhead 167.2632 mJ per input exceeds the budget headroom b - C_c = 89.6591 mJ, so it cannot run within this budget",all_rails
nuPlan,n/a,pdm_closed,safety,"Task 5 real perception, primary",Task 5 energy pass: rails over idle (all_rails convention) x pass time per frame,mJ,0.5,178.1908645113347,88.53171917774198,179.31829066718544,R1_gbm_clf,384,27,False,167.26315758244598,nuScenes feature time as proxy (track features not timed),,,True,,,164.15219972227897,,,,,,,330.0,"infeasible: allocator overhead 167.2632 mJ per input exceeds the budget headroom b - C_c = 89.6591 mJ, so it cannot run within this budget",all_rails
nuPlan,n/a,pdm_closed,safety,"Task 5 real perception, primary",Task 5 energy pass: rails over idle (all_rails convention) x pass time per frame,mJ,0.5,178.1908645113347,88.53171917774198,179.31829066718544,oracle,384,27,True,0.0,none,0.5,0.0,True,,164.15219972227897,164.15219972227897,1.0,1.0,1.0,0.6762139777685177,0.6561366158481363,0.7200656294320502,330.0,,all_rails
nuPlan,n/a,pdm_closed,safety,"Task 5 real perception, primary",Task 5 energy pass: rails over idle (all_rails convention) x pass time per frame,mJ,0.5,178.1908645113347,88.53171917774198,179.31829066718544,gate_gbm_batched,384,27,True,29.784564632297375,nuScenes feature time as proxy (track features not timed),0.3339011345609049,0.16609886543909508,True,,162.85680724453601,164.15219972227897,0.9921085889806255,0.9914880677096739,0.9930610966799792,0.6679478059573115,0.647676574078001,0.7131392717467661,330.0,,all_rails
nuPlan,n/a,pdm_closed,safety,"Task 5 real perception, primary",Task 5 energy pass: rails over idle (all_rails convention) x pass time per frame,mJ,0.5,178.1908645113347,88.53171917774198,179.31829066718544,criticality_gt,384,27,False,,,,,,,,,,,,,,,,needs FULL on every frame: >= 267.85 mJ per frame before computing the metric,all_rails
nuPlan,n/a,pdm_closed,safety,"Task 5 real perception, primary",Task 5 energy pass: rails over idle (all_rails convention) x pass time per frame,mJ,0.5,178.1908645113347,88.53171917774198,179.31829066718544,dE_E1_fn_only,384,27,False,,,,,,,,,,,,,,,,needs FULL on every frame: >= 267.85 mJ per frame before computing the metric,all_rails
nuPlan,n/a,pdm_closed,safety,"Task 5 real perception, primary",Task 5 energy pass: rails over idle (all_rails convention) x pass time per frame,mJ,0.5,178.1908645113347,88.53171917774198,179.31829066718544,dE_E6_risk_weighted,384,27,False,,,,,,,,,,,,,,,,needs FULL on every frame: >= 267.85 mJ per frame before computing the metric,all_rails
nuPlan,n/a,pdm_closed,scalar_J,"Task 5 real perception, primary",Task 5 energy pass: rails over idle (all_rails convention) x pass time per frame,mJ,0.1,106.46354824446053,88.53171917774198,179.31829066718544,random,384,48,True,0.0,none,0.10000000000000003,-2.7755575615628914e-17,True,,10.715844401534403,173.39931409750278,0.06179865507143161,0.054555336686608655,0.07947562999709123,0.0,0.0,0.0,346.0,,all_rails
nuPlan,n/a,pdm_closed,scalar_J,"Task 5 real perception, primary",Task 5 energy pass: rails over idle (all_rails convention) x pass time per frame,mJ,0.1,106.46354824446053,88.53171917774198,179.31829066718544,criticality_cheap,384,48,True,12.39072266060421,nuScenes feature time as proxy (track features not timed),0.030900954863542766,0.06909904513645723,True,,0.0,173.39931409750278,0.0,-5.401851126628436e-07,0.0006950128202872908,-0.06147617805430322,-0.07947562999709123,-0.030264187047902524,346.0,,all_rails
nuPlan,n/a,pdm_closed,scalar_J,"Task 5 real perception, primary",Task 5 energy pass: rails over idle (all_rails convention) x pass time per frame,mJ,0.1,106.46354824446053,88.53171917774198,179.31829066718544,gate_ridge,384,48,False,33.069165210159746,nuScenes feature time as proxy (track features not timed),,,True,,,173.39931409750278,,,,,,,346.0,"infeasible: allocator overhead 33.0692 mJ per input exceeds the budget headroom b - C_c = 17.9318 mJ, so it cannot run within this budget",all_rails
nuPlan,n/a,pdm_closed,scalar_J,"Task 5 real perception, primary",Task 5 energy pass: rails over idle (all_rails convention) x pass time per frame,mJ,0.1,106.46354824446053,88.53171917774198,179.31829066718544,gate_gbm,384,48,False,180.07045548355018,nuScenes feature time as proxy (track features not timed),,,True,,,173.39931409750278,,,,,,,346.0,"infeasible: allocator overhead 180.0705 mJ per input exceeds the budget headroom b - C_c = 17.9318 mJ, so it cannot run within this budget",all_rails
nuPlan,n/a,pdm_closed,scalar_J,"Task 5 real perception, primary",Task 5 energy pass: rails over idle (all_rails convention) x pass time per frame,mJ,0.1,106.46354824446053,88.53171917774198,179.31829066718544,R1_mlp_reg,384,48,True,6.8253131813587125,nuScenes feature time as proxy (track features not timed),0.06193744009066827,0.03806255990933174,True,,12.61975966686615,173.39931409750278,0.0727786019947578,0.0016736621775635995,0.08506420036565758,-0.012212457369139538,-0.06511625013738274,0.012194135893221103,346.0,,all_rails
nuPlan,n/a,pdm_closed,scalar_J,"Task 5 real perception, primary",Task 5 energy pass: rails over idle (all_rails convention) x pass time per frame,mJ,0.1,106.46354824446053,88.53171917774198,179.31829066718544,R1_mlp_clf,384,48,True,6.8253131813587125,nuScenes feature time as proxy (track features not timed),0.06193744009066827,0.03806255990933174,True,,11.353111968824226,173.39931409750278,0.06547379975471154,0.0587295014952357,0.15145952358862178,0.011727717914633848,0.0019748042984965943,0.08504529287697064,346.0,,all_rails
nuPlan,n/a,pdm_closed,scalar_J,"Task 5 real perception, primary",Task 5 energy pass: rails over idle (all_rails convention) x pass time per frame,mJ,0.1,106.46354824446053,88.53171917774198,179.31829066718544,R1_gbm_reg,384,48,False,167.26315758244598,nuScenes feature time as proxy (track features not timed),,,True,,,173.39931409750278,,,,,,,346.0,"infeasible: allocator overhead 167.2632 mJ per input exceeds the budget headroom b - C_c = 17.9318 mJ, so it cannot run within this budget",all_rails
nuPlan,n/a,pdm_closed,scalar_J,"Task 5 real perception, primary",Task 5 energy pass: rails over idle (all_rails convention) x pass time per frame,mJ,0.1,106.46354824446053,88.53171917774198,179.31829066718544,R1_gbm_clf,384,48,False,167.26315758244598,nuScenes feature time as proxy (track features not timed),,,True,,,173.39931409750278,,,,,,,346.0,"infeasible: allocator overhead 167.2632 mJ per input exceeds the budget headroom b - C_c = 17.9318 mJ, so it cannot run within this budget",all_rails
nuPlan,n/a,pdm_closed,scalar_J,"Task 5 real perception, primary",Task 5 energy pass: rails over idle (all_rails convention) x pass time per frame,mJ,0.1,106.46354824446053,88.53171917774198,179.31829066718544,oracle,384,48,True,0.0,none,0.10000000000000003,-2.7755575615628914e-17,True,,173.39931409750278,173.39931409750278,1.0,1.0,1.0,0.9363750032951577,0.9205243700029088,0.9454446633133914,346.0,,all_rails
nuPlan,n/a,pdm_closed,scalar_J,"Task 5 real perception, primary",Task 5 energy pass: rails over idle (all_rails convention) x pass time per frame,mJ,0.1,106.46354824446053,88.53171917774198,179.31829066718544,gate_gbm_batched,384,48,False,29.784564632297375,nuScenes feature time as proxy (track features not timed),,,True,,,173.39931409750278,,,,,,,346.0,"infeasible: allocator overhead 29.7846 mJ per input exceeds the budget headroom b - C_c = 17.9318 mJ, so it cannot run within this budget",all_rails
nuPlan,n/a,pdm_closed,scalar_J,"Task 5 real perception, primary",Task 5 energy pass: rails over idle (all_rails convention) x pass time per frame,mJ,0.1,106.46354824446053,88.53171917774198,179.31829066718544,criticality_gt,384,48,False,,,,,,,,,,,,,,,,needs FULL on every frame: >= 267.85 mJ per frame before computing the metric,all_rails
nuPlan,n/a,pdm_closed,scalar_J,"Task 5 real perception, primary",Task 5 energy pass: rails over idle (all_rails convention) x pass time per frame,mJ,0.1,106.46354824446053,88.53171917774198,179.31829066718544,dE_E1_fn_only,384,48,False,,,,,,,,,,,,,,,,needs FULL on every frame: >= 267.85 mJ per frame before computing the metric,all_rails
nuPlan,n/a,pdm_closed,scalar_J,"Task 5 real perception, primary",Task 5 energy pass: rails over idle (all_rails convention) x pass time per frame,mJ,0.1,106.46354824446053,88.53171917774198,179.31829066718544,dE_E6_risk_weighted,384,48,False,,,,,,,,,,,,,,,,needs FULL on every frame: >= 267.85 mJ per frame before computing the metric,all_rails
nuPlan,n/a,pdm_closed,scalar_J,"Task 5 real perception, primary",Task 5 energy pass: rails over idle (all_rails convention) x pass time per frame,mJ,0.2,124.39537731117906,88.53171917774198,179.31829066718544,random,384,48,True,0.0,none,0.19999999999999998,2.7755575615628914e-17,True,,21.431688803068806,173.39931409750278,0.12359731014286322,0.10975823805531428,0.13370789917449544,0.0,0.0,0.0,346.0,,all_rails
nuPlan,n/a,pdm_closed,scalar_J,"Task 5 real perception, primary",Task 5 energy pass: rails over idle (all_rails convention) x pass time per frame,mJ,0.2,124.39537731117906,88.53171917774198,179.31829066718544,criticality_cheap,384,48,True,12.39072266060421,nuScenes feature time as proxy (track features not timed),0.13090095486354272,0.06909904513645729,True,,0.11963684525031305,173.39931409750278,0.0006899499336141607,-0.0005178619541630328,0.31642183936045043,-0.07117412258201171,-0.1337678216570633,0.19547045173424107,346.0,,all_rails
nuPlan,n/a,pdm_closed,scalar_J,"Task 5 real perception, primary",Task 5 energy pass: rails over idle (all_rails convention) x pass time per frame,mJ,0.2,124.39537731117906,88.53171917774198,179.31829066718544,gate_ridge,384,48,True,33.069165210159746,nuScenes feature time as proxy (track features not timed),0.015583981493911934,0.18441601850608808,True,,13.611804401424061,173.39931409750278,0.07849975919610683,0.04852657191287404,0.1482122967023793,-0.03450432532393493,-0.08266634775189273,0.024606179123328988,346.0,,all_rails
nuPlan,n/a,pdm_closed,scalar_J,"Task 5 real perception, primary",Task 5 energy pass: rails over idle (all_rails convention) x pass time per frame,mJ,0.2,124.39537731117906,88.53171917774198,179.31829066718544,gate_gbm,384,48,False,180.07045548355018,nuScenes feature time as proxy (track features not timed),,,True,,,173.39931409750278,,,,,,,346.0,"infeasible: allocator overhead 180.0705 mJ per input exceeds the budget headroom b - C_c = 35.8637 mJ, so it cannot run within this budget",all_rails
nuPlan,n/a,pdm_closed,scalar_J,"Task 5 real perception, primary",Task 5 energy pass: rails over idle (all_rails convention) x pass time per frame,mJ,0.2,124.39537731117906,88.53171917774198,179.31829066718544,R1_mlp_reg,384,48,True,6.8253131813587125,nuScenes feature time as proxy (track features not timed),0.1619374400906682,0.0380625599093318,True,,24.34412256217818,173.39931409750278,0.14039341902176977,0.0017236787174127136,0.1512534212001023,-0.03596217920749716,-0.13112295321052309,0.01859949737618896,346.0,,all_rails
nuPlan,n/a,pdm_closed,scalar_J,"Task 5 real perception, primary",Task 5 energy pass: rails over idle (all_rails convention) x pass time per frame,mJ,0.2,124.39537731117906,88.53171917774198,179.31829066718544,R1_mlp_clf,384,48,True,6.8253131813587125,nuScenes feature time as proxy (track features not timed),0.1619374400906682,0.0380625599093318,True,,24.325392246962316,173.39931409750278,0.1402854006290019,0.06860221992162059,0.3768394597804798,0.04467690345955794,-0.05579616740071518,0.2438368813584618,346.0,,all_rails
nuPlan,n/a,pdm_closed,scalar_J,"Task 5 real perception, primary",Task 5 energy pass: rails over idle (all_rails convention) x pass time per frame,mJ,0.2,124.39537731117906,88.53171917774198,179.31829066718544,R1_gbm_reg,384,48,False,167.26315758244598,nuScenes feature time as proxy (track features not timed),,,True,,,173.39931409750278,,,,,,,346.0,"infeasible: allocator overhead 167.2632 mJ per input exceeds the budget headroom b - C_c = 35.8637 mJ, so it cannot run within this budget",all_rails
nuPlan,n/a,pdm_closed,scalar_J,"Task 5 real perception, primary",Task 5 energy pass: rails over idle (all_rails convention) x pass time per frame,mJ,0.2,124.39537731117906,88.53171917774198,179.31829066718544,R1_gbm_clf,384,48,False,167.26315758244598,nuScenes feature time as proxy (track features not timed),,,True,,,173.39931409750278,,,,,,,346.0,"infeasible: allocator overhead 167.2632 mJ per input exceeds the budget headroom b - C_c = 35.8637 mJ, so it cannot run within this budget",all_rails
nuPlan,n/a,pdm_closed,scalar_J,"Task 5 real perception, primary",Task 5 energy pass: rails over idle (all_rails convention) x pass time per frame,mJ,0.2,124.39537731117906,88.53171917774198,179.31829066718544,oracle,384,48,True,0.0,none,0.19999999999999998,2.7755575615628914e-17,True,,173.39931409750278,173.39931409750278,1.0,1.0,1.0,0.8739228264668477,0.8662921008255046,0.8902417619446857,346.0,,all_rails
nuPlan,n/a,pdm_closed,scalar_J,"Task 5 real perception, primary",Task 5 energy pass: rails over idle (all_rails convention) x pass time per frame,mJ,0.2,124.39537731117906,88.53171917774198,179.31829066718544,gate_gbm_batched,384,48,True,29.784564632297375,nuScenes feature time as proxy (track features not timed),0.03390113456090489,0.16609886543909513,True,,73.86503231574075,173.39931409750278,0.4259822635411712,0.07045174371712777,0.5915402397713108,0.18405849314429412,-0.05844215721113461,0.4609957495818563,346.0,,all_rails
nuPlan,n/a,pdm_closed,scalar_J,"Task 5 real perception, primary",Task 5 energy pass: rails over idle (all_rails convention) x pass time per frame,mJ,0.2,124.39537731117906,88.53171917774198,179.31829066718544,criticality_gt,384,48,False,,,,,,,,,,,,,,,,needs FULL on every frame: >= 267.85 mJ per frame before computing the metric,all_rails
nuPlan,n/a,pdm_closed,scalar_J,"Task 5 real perception, primary",Task 5 energy pass: rails over idle (all_rails convention) x pass time per frame,mJ,0.2,124.39537731117906,88.53171917774198,179.31829066718544,dE_E1_fn_only,384,48,False,,,,,,,,,,,,,,,,needs FULL on every frame: >= 267.85 mJ per frame before computing the metric,all_rails
nuPlan,n/a,pdm_closed,scalar_J,"Task 5 real perception, primary",Task 5 energy pass: rails over idle (all_rails convention) x pass time per frame,mJ,0.2,124.39537731117906,88.53171917774198,179.31829066718544,dE_E6_risk_weighted,384,48,False,,,,,,,,,,,,,,,,needs FULL on every frame: >= 267.85 mJ per frame before computing the metric,all_rails
nuPlan,n/a,pdm_closed,scalar_J,"Task 5 real perception, primary",Task 5 energy pass: rails over idle (all_rails convention) x pass time per frame,mJ,0.3,142.3272063778976,88.53171917774198,179.31829066718544,random,384,48,True,0.0,none,0.29999999999999993,5.551115123125783e-17,True,,32.42952910990675,173.39931409750278,0.1870222456109115,0.1649185566038392,0.20056184876174318,0.0,0.0,0.0,346.0,,all_rails
nuPlan,n/a,pdm_closed,scalar_J,"Task 5 real perception, primary",Task 5 energy pass: rails over idle (all_rails convention) x pass time per frame,mJ,0.3,142.3272063778976,88.53171917774198,179.31829066718544,criticality_cheap,384,48,True,12.39072266060421,nuScenes feature time as proxy (track features not timed),0.23090095486354267,0.06909904513645732,True,,35.68668493715162,173.39931409750278,0.20580637889423786,-1.5740135666377883e-05,0.8956564034226439,0.04533909651595176,-0.19996430954267735,0.6959515140647915,346.0,,all_rails
nuPlan,n/a,pdm_closed,scalar_J,"Task 5 real perception, primary",Task 5 energy pass: rails over idle (all_rails convention) x pass time per frame,mJ,0.3,142.3272063778976,88.53171917774198,179.31829066718544,gate_ridge,384,48,True,33.069165210159746,nuScenes feature time as proxy (track features not timed),0.11558398149391189,0.1844160185060881,True,,148.19170564890706,173.39931409750278,0.8546268272178895,0.44804897783082775,0.9987240199535572,0.5614171833889358,0.2537693238732239,0.8212498410325169,346.0,,all_rails
nuPlan,n/a,pdm_closed,scalar_J,"Task 5 real perception, primary",Task 5 energy pass: rails over idle (all_rails convention) x pass time per frame,mJ,0.3,142.3272063778976,88.53171917774198,179.31829066718544,gate_gbm,384,48,False,180.07045548355018,nuScenes feature time as proxy (track features not timed),,,True,,,173.39931409750278,,,,,,,346.0,"infeasible: allocator overhead 180.0705 mJ per input exceeds the budget headroom b - C_c = 53.7955 mJ, so it cannot run within this budget",all_rails
nuPlan,n/a,pdm_closed,scalar_J,"Task 5 real perception, primary",Task 5 energy pass: rails over idle (all_rails convention) x pass time per frame,mJ,0.3,142.3272063778976,88.53171917774198,179.31829066718544,R1_mlp_reg,384,48,True,6.8253131813587125,nuScenes feature time as proxy (track features not timed),0.2619374400906682,0.03806255990933177,True,,24.354004477929557,173.39931409750278,0.14045040838071166,0.12537140201015137,0.22461990984614594,-0.04226851213756735,-0.052605536133100775,0.025705071275574726,346.0,,all_rails
nuPlan,n/a,pdm_closed,scalar_J,"Task 5 real perception, primary",Task 5 energy pass: rails over idle (all_rails convention) x pass time per frame,mJ,0.3,142.3272063778976,88.53171917774198,179.31829066718544,R1_mlp_clf,384,48,True,6.8253131813587125,nuScenes feature time as proxy (track features not timed),0.2619374400906682,0.03806255990933177,True,,94.33538774633432,173.39931409750278,0.544035529998056,0.20824296692954958,0.6826762291145761,0.27103839928918533,0.021610232416394,0.4960522296212542,346.0,,all_rails
nuPlan,n/a,pdm_closed,scalar_J,"Task 5 real perception, primary",Task 5 energy pass: rails over idle (all_rails convention) x pass time per frame,mJ,0.3,142.3272063778976,88.53171917774198,179.31829066718544,R1_gbm_reg,384,48,False,167.26315758244598,nuScenes feature time as proxy (track features not timed),,,True,,,173.39931409750278,,,,,,,346.0,"infeasible: allocator overhead 167.2632 mJ per input exceeds the budget headroom b - C_c = 53.7955 mJ, so it cannot run within this budget",all_rails
nuPlan,n/a,pdm_closed,scalar_J,"Task 5 real perception, primary",Task 5 energy pass: rails over idle (all_rails convention) x pass time per frame,mJ,0.3,142.3272063778976,88.53171917774198,179.31829066718544,R1_gbm_clf,384,48,False,167.26315758244598,nuScenes feature time as proxy (track features not timed),,,True,,,173.39931409750278,,,,,,,346.0,"infeasible: allocator overhead 167.2632 mJ per input exceeds the budget headroom b - C_c = 53.7955 mJ, so it cannot run within this budget",all_rails
nuPlan,n/a,pdm_closed,scalar_J,"Task 5 real perception, primary",Task 5 energy pass: rails over idle (all_rails convention) x pass time per frame,mJ,0.3,142.3272063778976,88.53171917774198,179.31829066718544,oracle,384,48,True,0.0,none,0.29999999999999993,5.551115123125783e-17,True,,173.39931409750278,173.39931409750278,1.0,1.0,1.0,0.810540245265004,0.7994381512382568,0.8350814433961609,346.0,,all_rails
nuPlan,n/a,pdm_closed,scalar_J,"Task 5 real perception, primary",Task 5 energy pass: rails over idle (all_rails convention) x pass time per frame,mJ,0.3,142.3272063778976,88.53171917774198,179.31829066718544,gate_gbm_batched,384,48,True,29.784564632297375,nuScenes feature time as proxy (track features not timed),0.13390113456090486,0.16609886543909513,True,,171.0152113361235,173.39931409750278,0.986250794740522,0.6054265502292764,0.9898723947256387,0.724762434221439,0.406268842087298,0.8211929365451845,346.0,,all_rails
nuPlan,n/a,pdm_closed,scalar_J,"Task 5 real perception, primary",Task 5 energy pass: rails over idle (all_rails convention) x pass time per frame,mJ,0.3,142.3272063778976,88.53171917774198,179.31829066718544,criticality_gt,384,48,False,,,,,,,,,,,,,,,,needs FULL on every frame: >= 267.85 mJ per frame before computing the metric,all_rails
nuPlan,n/a,pdm_closed,scalar_J,"Task 5 real perception, primary",Task 5 energy pass: rails over idle (all_rails convention) x pass time per frame,mJ,0.3,142.3272063778976,88.53171917774198,179.31829066718544,dE_E1_fn_only,384,48,False,,,,,,,,,,,,,,,,needs FULL on every frame: >= 267.85 mJ per frame before computing the metric,all_rails
nuPlan,n/a,pdm_closed,scalar_J,"Task 5 real perception, primary",Task 5 energy pass: rails over idle (all_rails convention) x pass time per frame,mJ,0.3,142.3272063778976,88.53171917774198,179.31829066718544,dE_E6_risk_weighted,384,48,False,,,,,,,,,,,,,,,,needs FULL on every frame: >= 267.85 mJ per frame before computing the metric,all_rails
nuPlan,n/a,pdm_closed,scalar_J,"Task 5 real perception, primary",Task 5 energy pass: rails over idle (all_rails convention) x pass time per frame,mJ,0.5,178.1908645113347,88.53171917774198,179.31829066718544,random,384,48,True,0.0,none,0.5,0.0,True,,54.143213818279094,173.39931409750278,0.3122458361503913,0.27576319309966707,0.334521802872528,0.0,0.0,0.0,346.0,,all_rails
nuPlan,n/a,pdm_closed,scalar_J,"Task 5 real perception, primary",Task 5 energy pass: rails over idle (all_rails convention) x pass time per frame,mJ,0.5,178.1908645113347,88.53171917774198,179.31829066718544,criticality_cheap,384,48,True,12.39072266060421,nuScenes feature time as proxy (track features not timed),0.43090095486354274,0.06909904513645726,True,,158.18644162297417,173.39931409750278,0.9122668243890839,0.22448548552537062,0.9248292260693244,0.47079562638551514,-0.10982318062378847,0.6475551040887662,346.0,,all_rails
nuPlan,n/a,pdm_closed,scalar_J,"Task 5 real perception, primary",Task 5 energy pass: rails over idle (all_rails convention) x pass time per frame,mJ,0.5,178.1908645113347,88.53171917774198,179.31829066718544,gate_ridge,384,48,True,33.069165210159746,nuScenes feature time as proxy (track features not timed),0.3155839814939119,0.18441601850608808,True,,170.80627771367682,173.39931409750278,0.9850458671228198,0.9715274663716273,0.9974477921365389,0.6659754682912483,0.6372102873956378,0.712507106921013,346.0,,all_rails
nuPlan,n/a,pdm_closed,scalar_J,"Task 5 real perception, primary",Task 5 energy pass: rails over idle (all_rails convention) x pass time per frame,mJ,0.5,178.1908645113347,88.53171917774198,179.31829066718544,gate_gbm,384,48,False,180.07045548355018,nuScenes feature time as proxy (track features not timed),,,True,,,173.39931409750278,,,,,,,346.0,"infeasible: allocator overhead 180.0705 mJ per input exceeds the budget headroom b - C_c = 89.6591 mJ, so it cannot run within this budget",all_rails
nuPlan,n/a,pdm_closed,scalar_J,"Task 5 real perception, primary",Task 5 energy pass: rails over idle (all_rails convention) x pass time per frame,mJ,0.5,178.1908645113347,88.53171917774198,179.31829066718544,R1_mlp_reg,384,48,True,6.8253131813587125,nuScenes feature time as proxy (track features not timed),0.4619374400906683,0.03806255990933172,True,,74.45974019101318,173.39931409750278,0.4294119649697364,0.34484825189854157,0.5364096406361333,0.11238218565996713,0.04336490726995134,0.21299925239770254,346.0,,all_rails
nuPlan,n/a,pdm_closed,scalar_J,"Task 5 real perception, primary",Task 5 energy pass: rails over idle (all_rails convention) x pass time per frame,mJ,0.5,178.1908645113347,88.53171917774198,179.31829066718544,R1_mlp_clf,384,48,True,6.8253131813587125,nuScenes feature time as proxy (track features not timed),0.4619374400906683,0.03806255990933172,True,,105.41500505896194,173.39931409750278,0.6079320763615412,0.5044977306275794,0.7215391903751478,0.2910353914834499,0.17012484171287223,0.4075253660994092,346.0,,all_rails
nuPlan,n/a,pdm_closed,scalar_J,"Task 5 real perception, primary",Task 5 energy pass: rails over idle (all_rails convention) x pass time per frame,mJ,0.5,178.1908645113347,88.53171917774198,179.31829066718544,R1_gbm_reg,384,48,False,167.26315758244598,nuScenes feature time as proxy (track features not timed),,,True,,,173.39931409750278,,,,,,,346.0,"infeasible: allocator overhead 167.2632 mJ per input exceeds the budget headroom b - C_c = 89.6591 mJ, so it cannot run within this budget",all_rails
nuPlan,n/a,pdm_closed,scalar_J,"Task 5 real perception, primary",Task 5 energy pass: rails over idle (all_rails convention) x pass time per frame,mJ,0.5,178.1908645113347,88.53171917774198,179.31829066718544,R1_gbm_clf,384,48,False,167.26315758244598,nuScenes feature time as proxy (track features not timed),,,True,,,173.39931409750278,,,,,,,346.0,"infeasible: allocator overhead 167.2632 mJ per input exceeds the budget headroom b - C_c = 89.6591 mJ, so it cannot run within this budget",all_rails
nuPlan,n/a,pdm_closed,scalar_J,"Task 5 real perception, primary",Task 5 energy pass: rails over idle (all_rails convention) x pass time per frame,mJ,0.5,178.1908645113347,88.53171917774198,179.31829066718544,oracle,384,48,True,0.0,none,0.5,0.0,True,,173.39931409750278,173.39931409750278,1.0,1.0,1.0,0.6830643882994817,0.665478197127472,0.7242368069003329,346.0,,all_rails
nuPlan,n/a,pdm_closed,scalar_J,"Task 5 real perception, primary",Task 5 energy pass: rails over idle (all_rails convention) x pass time per frame,mJ,0.5,178.1908645113347,88.53171917774198,179.31829066718544,gate_gbm_batched,384,48,True,29.784564632297375,nuScenes feature time as proxy (track features not timed),0.3339011345609049,0.16609886543909508,True,,171.5158697671659,173.39931409750278,0.9891381096854984,0.9878155241808262,0.9900867741034123,0.6723632240856234,0.6534001995616584,0.7140071974009103,346.0,,all_rails
nuPlan,n/a,pdm_closed,scalar_J,"Task 5 real perception, primary",Task 5 energy pass: rails over idle (all_rails convention) x pass time per frame,mJ,0.5,178.1908645113347,88.53171917774198,179.31829066718544,criticality_gt,384,48,False,,,,,,,,,,,,,,,,needs FULL on every frame: >= 267.85 mJ per frame before computing the metric,all_rails
nuPlan,n/a,pdm_closed,scalar_J,"Task 5 real perception, primary",Task 5 energy pass: rails over idle (all_rails convention) x pass time per frame,mJ,0.5,178.1908645113347,88.53171917774198,179.31829066718544,dE_E1_fn_only,384,48,False,,,,,,,,,,,,,,,,needs FULL on every frame: >= 267.85 mJ per frame before computing the metric,all_rails
nuPlan,n/a,pdm_closed,scalar_J,"Task 5 real perception, primary",Task 5 energy pass: rails over idle (all_rails convention) x pass time per frame,mJ,0.5,178.1908645113347,88.53171917774198,179.31829066718544,dE_E6_risk_weighted,384,48,False,,,,,,,,,,,,,,,,needs FULL on every frame: >= 267.85 mJ per frame before computing the metric,all_rails
nuPlan,n/a,idm,safety,"Task 5 real perception, primary",Task 5 energy pass: rails over idle (all_rails convention) x pass time per frame,mJ,0.1,106.46354824446053,88.53171917774198,179.31829066718544,random,384,4,True,0.0,none,0.10000000000000003,-2.7755575615628914e-17,False,near-zero oracle: 4 affected states on this split (< 10),1.1548463908441906,12.203500129193813,,,,,,,332.0,,all_rails
nuPlan,n/a,idm,safety,"Task 5 real perception, primary",Task 5 energy pass: rails over idle (all_rails convention) x pass time per frame,mJ,0.1,106.46354824446053,88.53171917774198,179.31829066718544,criticality_cheap,384,4,True,12.39072266060421,nuScenes feature time as proxy (track features not timed),0.030900954863542766,0.06909904513645723,False,near-zero oracle: 4 affected states on this split (< 10),0.0,12.203500129193813,,,,,,,332.0,,all_rails
nuPlan,n/a,idm,safety,"Task 5 real perception, primary",Task 5 energy pass: rails over idle (all_rails convention) x pass time per frame,mJ,0.1,106.46354824446053,88.53171917774198,179.31829066718544,gate_ridge,384,4,False,33.069165210159746,nuScenes feature time as proxy (track features not timed),,,False,near-zero oracle: 4 affected states on this split (< 10),,12.203500129193813,,,,,,,332.0,"infeasible: allocator overhead 33.0692 mJ per input exceeds the budget headroom b - C_c = 17.9318 mJ, so it cannot run within this budget",all_rails
nuPlan,n/a,idm,safety,"Task 5 real perception, primary",Task 5 energy pass: rails over idle (all_rails convention) x pass time per frame,mJ,0.1,106.46354824446053,88.53171917774198,179.31829066718544,gate_gbm,384,4,False,180.07045548355018,nuScenes feature time as proxy (track features not timed),,,False,near-zero oracle: 4 affected states on this split (< 10),,12.203500129193813,,,,,,,332.0,"infeasible: allocator overhead 180.0705 mJ per input exceeds the budget headroom b - C_c = 17.9318 mJ, so it cannot run within this budget",all_rails
nuPlan,n/a,idm,safety,"Task 5 real perception, primary",Task 5 energy pass: rails over idle (all_rails convention) x pass time per frame,mJ,0.1,106.46354824446053,88.53171917774198,179.31829066718544,R1_mlp_reg,384,4,True,6.8253131813587125,nuScenes feature time as proxy (track features not timed),0.06193744009066827,0.03806255990933174,False,near-zero oracle: 4 affected states on this split (< 10),0.0,12.203500129193813,,,,,,,332.0,,all_rails
nuPlan,n/a,idm,safety,"Task 5 real perception, primary",Task 5 energy pass: rails over idle (all_rails convention) x pass time per frame,mJ,0.1,106.46354824446053,88.53171917774198,179.31829066718544,R1_mlp_clf,384,4,True,6.8253131813587125,nuScenes feature time as proxy (track features not timed),0.06193744009066827,0.03806255990933174,False,near-zero oracle: 4 affected states on this split (< 10),0.6989859734056943,12.203500129193813,,,,,,,332.0,,all_rails
nuPlan,n/a,idm,safety,"Task 5 real perception, primary",Task 5 energy pass: rails over idle (all_rails convention) x pass time per frame,mJ,0.1,106.46354824446053,88.53171917774198,179.31829066718544,R1_gbm_reg,384,4,False,167.26315758244598,nuScenes feature time as proxy (track features not timed),,,False,near-zero oracle: 4 affected states on this split (< 10),,12.203500129193813,,,,,,,332.0,"infeasible: allocator overhead 167.2632 mJ per input exceeds the budget headroom b - C_c = 17.9318 mJ, so it cannot run within this budget",all_rails
nuPlan,n/a,idm,safety,"Task 5 real perception, primary",Task 5 energy pass: rails over idle (all_rails convention) x pass time per frame,mJ,0.1,106.46354824446053,88.53171917774198,179.31829066718544,R1_gbm_clf,384,4,False,167.26315758244598,nuScenes feature time as proxy (track features not timed),,,False,near-zero oracle: 4 affected states on this split (< 10),,12.203500129193813,,,,,,,332.0,"infeasible: allocator overhead 167.2632 mJ per input exceeds the budget headroom b - C_c = 17.9318 mJ, so it cannot run within this budget",all_rails
nuPlan,n/a,idm,safety,"Task 5 real perception, primary",Task 5 energy pass: rails over idle (all_rails convention) x pass time per frame,mJ,0.1,106.46354824446053,88.53171917774198,179.31829066718544,oracle,384,4,True,0.0,none,0.10000000000000003,-2.7755575615628914e-17,False,near-zero oracle: 4 affected states on this split (< 10),12.203500129193813,12.203500129193813,,,,,,,332.0,,all_rails
nuPlan,n/a,idm,safety,"Task 5 real perception, primary",Task 5 energy pass: rails over idle (all_rails convention) x pass time per frame,mJ,0.1,106.46354824446053,88.53171917774198,179.31829066718544,gate_gbm_batched,384,4,False,29.784564632297375,nuScenes feature time as proxy (track features not timed),,,False,near-zero oracle: 4 affected states on this split (< 10),,12.203500129193813,,,,,,,332.0,"infeasible: allocator overhead 29.7846 mJ per input exceeds the budget headroom b - C_c = 17.9318 mJ, so it cannot run within this budget",all_rails
nuPlan,n/a,idm,safety,"Task 5 real perception, primary",Task 5 energy pass: rails over idle (all_rails convention) x pass time per frame,mJ,0.1,106.46354824446053,88.53171917774198,179.31829066718544,criticality_gt,384,4,False,,,,,,,,,,,,,,,,needs FULL on every frame: >= 267.85 mJ per frame before computing the metric,all_rails
nuPlan,n/a,idm,safety,"Task 5 real perception, primary",Task 5 energy pass: rails over idle (all_rails convention) x pass time per frame,mJ,0.1,106.46354824446053,88.53171917774198,179.31829066718544,dE_E1_fn_only,384,4,False,,,,,,,,,,,,,,,,needs FULL on every frame: >= 267.85 mJ per frame before computing the metric,all_rails
nuPlan,n/a,idm,safety,"Task 5 real perception, primary",Task 5 energy pass: rails over idle (all_rails convention) x pass time per frame,mJ,0.1,106.46354824446053,88.53171917774198,179.31829066718544,dE_E6_risk_weighted,384,4,False,,,,,,,,,,,,,,,,needs FULL on every frame: >= 267.85 mJ per frame before computing the metric,all_rails
nuPlan,n/a,idm,safety,"Task 5 real perception, primary",Task 5 energy pass: rails over idle (all_rails convention) x pass time per frame,mJ,0.2,124.39537731117906,88.53171917774198,179.31829066718544,random,384,4,True,0.0,none,0.19999999999999998,2.7755575615628914e-17,False,near-zero oracle: 4 affected states on this split (< 10),2.309692781688381,12.203500129193813,,,,,,,332.0,,all_rails
nuPlan,n/a,idm,safety,"Task 5 real perception, primary",Task 5 energy pass: rails over idle (all_rails convention) x pass time per frame,mJ,0.2,124.39537731117906,88.53171917774198,179.31829066718544,criticality_cheap,384,4,True,12.39072266060421,nuScenes feature time as proxy (track features not timed),0.13090095486354272,0.06909904513645729,False,near-zero oracle: 4 affected states on this split (< 10),0.0021982237939389138,12.203500129193813,,,,,,,332.0,,all_rails
nuPlan,n/a,idm,safety,"Task 5 real perception, primary",Task 5 energy pass: rails over idle (all_rails convention) x pass time per frame,mJ,0.2,124.39537731117906,88.53171917774198,179.31829066718544,gate_ridge,384,4,True,33.069165210159746,nuScenes feature time as proxy (track features not timed),0.015583981493911934,0.18441601850608808,False,near-zero oracle: 4 affected states on this split (< 10),0.0,12.203500129193813,,,,,,,332.0,,all_rails
nuPlan,n/a,idm,safety,"Task 5 real perception, primary",Task 5 energy pass: rails over idle (all_rails convention) x pass time per frame,mJ,0.2,124.39537731117906,88.53171917774198,179.31829066718544,gate_gbm,384,4,False,180.07045548355018,nuScenes feature time as proxy (track features not timed),,,False,near-zero oracle: 4 affected states on this split (< 10),,12.203500129193813,,,,,,,332.0,"infeasible: allocator overhead 180.0705 mJ per input exceeds the budget headroom b - C_c = 35.8637 mJ, so it cannot run within this budget",all_rails
nuPlan,n/a,idm,safety,"Task 5 real perception, primary",Task 5 energy pass: rails over idle (all_rails convention) x pass time per frame,mJ,0.2,124.39537731117906,88.53171917774198,179.31829066718544,R1_mlp_reg,384,4,True,6.8253131813587125,nuScenes feature time as proxy (track features not timed),0.1619374400906682,0.0380625599093318,False,near-zero oracle: 4 affected states on this split (< 10),0.0,12.203500129193813,,,,,,,332.0,,all_rails
nuPlan,n/a,idm,safety,"Task 5 real perception, primary",Task 5 energy pass: rails over idle (all_rails convention) x pass time per frame,mJ,0.2,124.39537731117906,88.53171917774198,179.31829066718544,R1_mlp_clf,384,4,True,6.8253131813587125,nuScenes feature time as proxy (track features not timed),0.1619374400906682,0.0380625599093318,False,near-zero oracle: 4 affected states on this split (< 10),1.8842230587457847,12.203500129193813,,,,,,,332.0,,all_rails
nuPlan,n/a,idm,safety,"Task 5 real perception, primary",Task 5 energy pass: rails over idle (all_rails convention) x pass time per frame,mJ,0.2,124.39537731117906,88.53171917774198,179.31829066718544,R1_gbm_reg,384,4,False,167.26315758244598,nuScenes feature time as proxy (track features not timed),,,False,near-zero oracle: 4 affected states on this split (< 10),,12.203500129193813,,,,,,,332.0,"infeasible: allocator overhead 167.2632 mJ per input exceeds the budget headroom b - C_c = 35.8637 mJ, so it cannot run within this budget",all_rails
nuPlan,n/a,idm,safety,"Task 5 real perception, primary",Task 5 energy pass: rails over idle (all_rails convention) x pass time per frame,mJ,0.2,124.39537731117906,88.53171917774198,179.31829066718544,R1_gbm_clf,384,4,False,167.26315758244598,nuScenes feature time as proxy (track features not timed),,,False,near-zero oracle: 4 affected states on this split (< 10),,12.203500129193813,,,,,,,332.0,"infeasible: allocator overhead 167.2632 mJ per input exceeds the budget headroom b - C_c = 35.8637 mJ, so it cannot run within this budget",all_rails
nuPlan,n/a,idm,safety,"Task 5 real perception, primary",Task 5 energy pass: rails over idle (all_rails convention) x pass time per frame,mJ,0.2,124.39537731117906,88.53171917774198,179.31829066718544,oracle,384,4,True,0.0,none,0.19999999999999998,2.7755575615628914e-17,False,near-zero oracle: 4 affected states on this split (< 10),12.203500129193813,12.203500129193813,,,,,,,332.0,,all_rails
nuPlan,n/a,idm,safety,"Task 5 real perception, primary",Task 5 energy pass: rails over idle (all_rails convention) x pass time per frame,mJ,0.2,124.39537731117906,88.53171917774198,179.31829066718544,gate_gbm_batched,384,4,True,29.784564632297375,nuScenes feature time as proxy (track features not timed),0.03390113456090489,0.16609886543909513,False,near-zero oracle: 4 affected states on this split (< 10),0.0,12.203500129193813,,,,,,,332.0,,all_rails
nuPlan,n/a,idm,safety,"Task 5 real perception, primary",Task 5 energy pass: rails over idle (all_rails convention) x pass time per frame,mJ,0.2,124.39537731117906,88.53171917774198,179.31829066718544,criticality_gt,384,4,False,,,,,,,,,,,,,,,,needs FULL on every frame: >= 267.85 mJ per frame before computing the metric,all_rails
nuPlan,n/a,idm,safety,"Task 5 real perception, primary",Task 5 energy pass: rails over idle (all_rails convention) x pass time per frame,mJ,0.2,124.39537731117906,88.53171917774198,179.31829066718544,dE_E1_fn_only,384,4,False,,,,,,,,,,,,,,,,needs FULL on every frame: >= 267.85 mJ per frame before computing the metric,all_rails
nuPlan,n/a,idm,safety,"Task 5 real perception, primary",Task 5 energy pass: rails over idle (all_rails convention) x pass time per frame,mJ,0.2,124.39537731117906,88.53171917774198,179.31829066718544,dE_E6_risk_weighted,384,4,False,,,,,,,,,,,,,,,,needs FULL on every frame: >= 267.85 mJ per frame before computing the metric,all_rails
nuPlan,n/a,idm,safety,"Task 5 real perception, primary",Task 5 energy pass: rails over idle (all_rails convention) x pass time per frame,mJ,0.3,142.3272063778976,88.53171917774198,179.31829066718544,random,384,4,True,0.0,none,0.29999999999999993,5.551115123125783e-17,False,near-zero oracle: 4 affected states on this split (< 10),3.4949298670284716,12.203500129193813,,,,,,,332.0,,all_rails
nuPlan,n/a,idm,safety,"Task 5 real perception, primary",Task 5 energy pass: rails over idle (all_rails convention) x pass time per frame,mJ,0.3,142.3272063778976,88.53171917774198,179.31829066718544,criticality_cheap,384,4,True,12.39072266060421,nuScenes feature time as proxy (track features not timed),0.23090095486354267,0.06909904513645732,False,near-zero oracle: 4 affected states on this split (< 10),0.0021982237939389138,12.203500129193813,,,,,,,332.0,,all_rails
nuPlan,n/a,idm,safety,"Task 5 real perception, primary",Task 5 energy pass: rails over idle (all_rails convention) x pass time per frame,mJ,0.3,142.3272063778976,88.53171917774198,179.31829066718544,gate_ridge,384,4,True,33.069165210159746,nuScenes feature time as proxy (track features not timed),0.11558398149391189,0.1844160185060881,False,near-zero oracle: 4 affected states on this split (< 10),0.0,12.203500129193813,,,,,,,332.0,,all_rails
nuPlan,n/a,idm,safety,"Task 5 real perception, primary",Task 5 energy pass: rails over idle (all_rails convention) x pass time per frame,mJ,0.3,142.3272063778976,88.53171917774198,179.31829066718544,gate_gbm,384,4,False,180.07045548355018,nuScenes feature time as proxy (track features not timed),,,False,near-zero oracle: 4 affected states on this split (< 10),,12.203500129193813,,,,,,,332.0,"infeasible: allocator overhead 180.0705 mJ per input exceeds the budget headroom b - C_c = 53.7955 mJ, so it cannot run within this budget",all_rails
nuPlan,n/a,idm,safety,"Task 5 real perception, primary",Task 5 energy pass: rails over idle (all_rails convention) x pass time per frame,mJ,0.3,142.3272063778976,88.53171917774198,179.31829066718544,R1_mlp_reg,384,4,True,6.8253131813587125,nuScenes feature time as proxy (track features not timed),0.2619374400906682,0.03806255990933177,False,near-zero oracle: 4 affected states on this split (< 10),0.0,12.203500129193813,,,,,,,332.0,,all_rails
nuPlan,n/a,idm,safety,"Task 5 real perception, primary",Task 5 energy pass: rails over idle (all_rails convention) x pass time per frame,mJ,0.3,142.3272063778976,88.53171917774198,179.31829066718544,R1_mlp_clf,384,4,True,6.8253131813587125,nuScenes feature time as proxy (track features not timed),0.2619374400906682,0.03806255990933177,False,near-zero oracle: 4 affected states on this split (< 10),3.0390694495899755,12.203500129193813,,,,,,,332.0,,all_rails
nuPlan,n/a,idm,safety,"Task 5 real perception, primary",Task 5 energy pass: rails over idle (all_rails convention) x pass time per frame,mJ,0.3,142.3272063778976,88.53171917774198,179.31829066718544,R1_gbm_reg,384,4,False,167.26315758244598,nuScenes feature time as proxy (track features not timed),,,False,near-zero oracle: 4 affected states on this split (< 10),,12.203500129193813,,,,,,,332.0,"infeasible: allocator overhead 167.2632 mJ per input exceeds the budget headroom b - C_c = 53.7955 mJ, so it cannot run within this budget",all_rails
nuPlan,n/a,idm,safety,"Task 5 real perception, primary",Task 5 energy pass: rails over idle (all_rails convention) x pass time per frame,mJ,0.3,142.3272063778976,88.53171917774198,179.31829066718544,R1_gbm_clf,384,4,False,167.26315758244598,nuScenes feature time as proxy (track features not timed),,,False,near-zero oracle: 4 affected states on this split (< 10),,12.203500129193813,,,,,,,332.0,"infeasible: allocator overhead 167.2632 mJ per input exceeds the budget headroom b - C_c = 53.7955 mJ, so it cannot run within this budget",all_rails
nuPlan,n/a,idm,safety,"Task 5 real perception, primary",Task 5 energy pass: rails over idle (all_rails convention) x pass time per frame,mJ,0.3,142.3272063778976,88.53171917774198,179.31829066718544,oracle,384,4,True,0.0,none,0.29999999999999993,5.551115123125783e-17,False,near-zero oracle: 4 affected states on this split (< 10),12.203500129193813,12.203500129193813,,,,,,,332.0,,all_rails
nuPlan,n/a,idm,safety,"Task 5 real perception, primary",Task 5 energy pass: rails over idle (all_rails convention) x pass time per frame,mJ,0.3,142.3272063778976,88.53171917774198,179.31829066718544,gate_gbm_batched,384,4,True,29.784564632297375,nuScenes feature time as proxy (track features not timed),0.13390113456090486,0.16609886543909513,False,near-zero oracle: 4 affected states on this split (< 10),0.0,12.203500129193813,,,,,,,332.0,,all_rails
nuPlan,n/a,idm,safety,"Task 5 real perception, primary",Task 5 energy pass: rails over idle (all_rails convention) x pass time per frame,mJ,0.3,142.3272063778976,88.53171917774198,179.31829066718544,criticality_gt,384,4,False,,,,,,,,,,,,,,,,needs FULL on every frame: >= 267.85 mJ per frame before computing the metric,all_rails
nuPlan,n/a,idm,safety,"Task 5 real perception, primary",Task 5 energy pass: rails over idle (all_rails convention) x pass time per frame,mJ,0.3,142.3272063778976,88.53171917774198,179.31829066718544,dE_E1_fn_only,384,4,False,,,,,,,,,,,,,,,,needs FULL on every frame: >= 267.85 mJ per frame before computing the metric,all_rails
nuPlan,n/a,idm,safety,"Task 5 real perception, primary",Task 5 energy pass: rails over idle (all_rails convention) x pass time per frame,mJ,0.3,142.3272063778976,88.53171917774198,179.31829066718544,dE_E6_risk_weighted,384,4,False,,,,,,,,,,,,,,,,needs FULL on every frame: >= 267.85 mJ per frame before computing the metric,all_rails
nuPlan,n/a,idm,safety,"Task 5 real perception, primary",Task 5 energy pass: rails over idle (all_rails convention) x pass time per frame,mJ,0.5,178.1908645113347,88.53171917774198,179.31829066718544,random,384,4,True,0.0,none,0.5,0.0,False,near-zero oracle: 4 affected states on this split (< 10),5.8350133432127524,12.203500129193813,,,,,,,332.0,,all_rails
nuPlan,n/a,idm,safety,"Task 5 real perception, primary",Task 5 energy pass: rails over idle (all_rails convention) x pass time per frame,mJ,0.5,178.1908645113347,88.53171917774198,179.31829066718544,criticality_cheap,384,4,True,12.39072266060421,nuScenes feature time as proxy (track features not timed),0.43090095486354274,0.06909904513645726,False,near-zero oracle: 4 affected states on this split (< 10),-0.5312752189743672,12.203500129193813,,,,,,,332.0,,all_rails
nuPlan,n/a,idm,safety,"Task 5 real perception, primary",Task 5 energy pass: rails over idle (all_rails convention) x pass time per frame,mJ,0.5,178.1908645113347,88.53171917774198,179.31829066718544,gate_ridge,384,4,True,33.069165210159746,nuScenes feature time as proxy (track features not timed),0.3155839814939119,0.18441601850608808,False,near-zero oracle: 4 affected states on this split (< 10),0.0,12.203500129193813,,,,,,,332.0,,all_rails
nuPlan,n/a,idm,safety,"Task 5 real perception, primary",Task 5 energy pass: rails over idle (all_rails convention) x pass time per frame,mJ,0.5,178.1908645113347,88.53171917774198,179.31829066718544,gate_gbm,384,4,False,180.07045548355018,nuScenes feature time as proxy (track features not timed),,,False,near-zero oracle: 4 affected states on this split (< 10),,12.203500129193813,,,,,,,332.0,"infeasible: allocator overhead 180.0705 mJ per input exceeds the budget headroom b - C_c = 89.6591 mJ, so it cannot run within this budget",all_rails
nuPlan,n/a,idm,safety,"Task 5 real perception, primary",Task 5 energy pass: rails over idle (all_rails convention) x pass time per frame,mJ,0.5,178.1908645113347,88.53171917774198,179.31829066718544,R1_mlp_reg,384,4,True,6.8253131813587125,nuScenes feature time as proxy (track features not timed),0.4619374400906683,0.03806255990933172,False,near-zero oracle: 4 affected states on this split (< 10),0.0,12.203500129193813,,,,,,,332.0,,all_rails
nuPlan,n/a,idm,safety,"Task 5 real perception, primary",Task 5 energy pass: rails over idle (all_rails convention) x pass time per frame,mJ,0.5,178.1908645113347,88.53171917774198,179.31829066718544,R1_mlp_clf,384,4,True,6.8253131813587125,nuScenes feature time as proxy (track features not timed),0.4619374400906683,0.03806255990933172,False,near-zero oracle: 4 affected states on this split (< 10),5.379152925774256,12.203500129193813,,,,,,,332.0,,all_rails
nuPlan,n/a,idm,safety,"Task 5 real perception, primary",Task 5 energy pass: rails over idle (all_rails convention) x pass time per frame,mJ,0.5,178.1908645113347,88.53171917774198,179.31829066718544,R1_gbm_reg,384,4,False,167.26315758244598,nuScenes feature time as proxy (track features not timed),,,False,near-zero oracle: 4 affected states on this split (< 10),,12.203500129193813,,,,,,,332.0,"infeasible: allocator overhead 167.2632 mJ per input exceeds the budget headroom b - C_c = 89.6591 mJ, so it cannot run within this budget",all_rails
nuPlan,n/a,idm,safety,"Task 5 real perception, primary",Task 5 energy pass: rails over idle (all_rails convention) x pass time per frame,mJ,0.5,178.1908645113347,88.53171917774198,179.31829066718544,R1_gbm_clf,384,4,False,167.26315758244598,nuScenes feature time as proxy (track features not timed),,,False,near-zero oracle: 4 affected states on this split (< 10),,12.203500129193813,,,,,,,332.0,"infeasible: allocator overhead 167.2632 mJ per input exceeds the budget headroom b - C_c = 89.6591 mJ, so it cannot run within this budget",all_rails
nuPlan,n/a,idm,safety,"Task 5 real perception, primary",Task 5 energy pass: rails over idle (all_rails convention) x pass time per frame,mJ,0.5,178.1908645113347,88.53171917774198,179.31829066718544,oracle,384,4,True,0.0,none,0.5,0.0,False,near-zero oracle: 4 affected states on this split (< 10),12.203500129193813,12.203500129193813,,,,,,,332.0,,all_rails
nuPlan,n/a,idm,safety,"Task 5 real perception, primary",Task 5 energy pass: rails over idle (all_rails convention) x pass time per frame,mJ,0.5,178.1908645113347,88.53171917774198,179.31829066718544,gate_gbm_batched,384,4,True,29.784564632297375,nuScenes feature time as proxy (track features not timed),0.3339011345609049,0.16609886543909508,False,near-zero oracle: 4 affected states on this split (< 10),11.5,12.203500129193813,,,,,,,332.0,,all_rails
nuPlan,n/a,idm,safety,"Task 5 real perception, primary",Task 5 energy pass: rails over idle (all_rails convention) x pass time per frame,mJ,0.5,178.1908645113347,88.53171917774198,179.31829066718544,criticality_gt,384,4,False,,,,,,,,,,,,,,,,needs FULL on every frame: >= 267.85 mJ per frame before computing the metric,all_rails
nuPlan,n/a,idm,safety,"Task 5 real perception, primary",Task 5 energy pass: rails over idle (all_rails convention) x pass time per frame,mJ,0.5,178.1908645113347,88.53171917774198,179.31829066718544,dE_E1_fn_only,384,4,False,,,,,,,,,,,,,,,,needs FULL on every frame: >= 267.85 mJ per frame before computing the metric,all_rails
nuPlan,n/a,idm,safety,"Task 5 real perception, primary",Task 5 energy pass: rails over idle (all_rails convention) x pass time per frame,mJ,0.5,178.1908645113347,88.53171917774198,179.31829066718544,dE_E6_risk_weighted,384,4,False,,,,,,,,,,,,,,,,needs FULL on every frame: >= 267.85 mJ per frame before computing the metric,all_rails
nuPlan,n/a,idm,scalar_J,"Task 5 real perception, primary",Task 5 energy pass: rails over idle (all_rails convention) x pass time per frame,mJ,0.1,106.46354824446053,88.53171917774198,179.31829066718544,random,384,10,True,0.0,none,0.10000000000000003,-2.7755575615628914e-17,True,,1.1840149027250237,12.948370938004476,0.09144122518531253,0.0752283166900838,0.10000000000000002,0.0,0.0,0.0,336.0,,all_rails
nuPlan,n/a,idm,scalar_J,"Task 5 real perception, primary",Task 5 energy pass: rails over idle (all_rails convention) x pass time per frame,mJ,0.1,106.46354824446053,88.53171917774198,179.31829066718544,criticality_cheap,384,10,True,12.39072266060421,nuScenes feature time as proxy (track features not timed),0.030900954863542766,0.06909904513645723,True,,0.0,12.948370938004476,0.0,0.0,0.004893862969181439,-0.09157723709947126,-0.1,-0.07407547814598944,336.0,,all_rails
nuPlan,n/a,idm,scalar_J,"Task 5 real perception, primary",Task 5 energy pass: rails over idle (all_rails convention) x pass time per frame,mJ,0.1,106.46354824446053,88.53171917774198,179.31829066718544,gate_ridge,384,10,False,33.069165210159746,nuScenes feature time as proxy (track features not timed),,,True,,,12.948370938004476,,,,,,,336.0,"infeasible: allocator overhead 33.0692 mJ per input exceeds the budget headroom b - C_c = 17.9318 mJ, so it cannot run within this budget",all_rails
nuPlan,n/a,idm,scalar_J,"Task 5 real perception, primary",Task 5 energy pass: rails over idle (all_rails convention) x pass time per frame,mJ,0.1,106.46354824446053,88.53171917774198,179.31829066718544,gate_gbm,384,10,False,180.07045548355018,nuScenes feature time as proxy (track features not timed),,,True,,,12.948370938004476,,,,,,,336.0,"infeasible: allocator overhead 180.0705 mJ per input exceeds the budget headroom b - C_c = 17.9318 mJ, so it cannot run within this budget",all_rails
nuPlan,n/a,idm,scalar_J,"Task 5 real perception, primary",Task 5 energy pass: rails over idle (all_rails convention) x pass time per frame,mJ,0.1,106.46354824446053,88.53171917774198,179.31829066718544,R1_mlp_reg,384,10,True,6.8253131813587125,nuScenes feature time as proxy (track features not timed),0.06193744009066827,0.03806255990933174,True,,0.34035762745174264,12.948370938004476,0.026285748924041594,0.0,0.0711131451712623,-0.07274653464304012,-0.09953703703703703,-0.021674290784816076,336.0,,all_rails
nuPlan,n/a,idm,scalar_J,"Task 5 real perception, primary",Task 5 energy pass: rails over idle (all_rails convention) x pass time per frame,mJ,0.1,106.46354824446053,88.53171917774198,179.31829066718544,R1_mlp_clf,384,10,True,6.8253131813587125,nuScenes feature time as proxy (track features not timed),0.06193744009066827,0.03806255990933174,True,,12.133548376628191,12.948370938004476,0.9370714227081094,0.838376840838002,0.9931937723568649,0.8493748474540276,0.7390178664790277,0.9108153725008975,336.0,,all_rails
nuPlan,n/a,idm,scalar_J,"Task 5 real perception, primary",Task 5 energy pass: rails over idle (all_rails convention) x pass time per frame,mJ,0.1,106.46354824446053,88.53171917774198,179.31829066718544,R1_gbm_reg,384,10,False,167.26315758244598,nuScenes feature time as proxy (track features not timed),,,True,,,12.948370938004476,,,,,,,336.0,"infeasible: allocator overhead 167.2632 mJ per input exceeds the budget headroom b - C_c = 17.9318 mJ, so it cannot run within this budget",all_rails
nuPlan,n/a,idm,scalar_J,"Task 5 real perception, primary",Task 5 energy pass: rails over idle (all_rails convention) x pass time per frame,mJ,0.1,106.46354824446053,88.53171917774198,179.31829066718544,R1_gbm_clf,384,10,False,167.26315758244598,nuScenes feature time as proxy (track features not timed),,,True,,,12.948370938004476,,,,,,,336.0,"infeasible: allocator overhead 167.2632 mJ per input exceeds the budget headroom b - C_c = 17.9318 mJ, so it cannot run within this budget",all_rails
nuPlan,n/a,idm,scalar_J,"Task 5 real perception, primary",Task 5 energy pass: rails over idle (all_rails convention) x pass time per frame,mJ,0.1,106.46354824446053,88.53171917774198,179.31829066718544,oracle,384,10,True,0.0,none,0.10000000000000003,-2.7755575615628914e-17,True,,12.948370938004476,12.948370938004476,1.0,1.0,1.0,0.9075594495465734,0.9,0.9247716833099162,336.0,,all_rails
nuPlan,n/a,idm,scalar_J,"Task 5 real perception, primary",Task 5 energy pass: rails over idle (all_rails convention) x pass time per frame,mJ,0.1,106.46354824446053,88.53171917774198,179.31829066718544,gate_gbm_batched,384,10,False,29.784564632297375,nuScenes feature time as proxy (track features not timed),,,True,,,12.948370938004476,,,,,,,336.0,"infeasible: allocator overhead 29.7846 mJ per input exceeds the budget headroom b - C_c = 17.9318 mJ, so it cannot run within this budget",all_rails
nuPlan,n/a,idm,scalar_J,"Task 5 real perception, primary",Task 5 energy pass: rails over idle (all_rails convention) x pass time per frame,mJ,0.1,106.46354824446053,88.53171917774198,179.31829066718544,criticality_gt,384,10,False,,,,,,,,,,,,,,,,needs FULL on every frame: >= 267.85 mJ per frame before computing the metric,all_rails
nuPlan,n/a,idm,scalar_J,"Task 5 real perception, primary",Task 5 energy pass: rails over idle (all_rails convention) x pass time per frame,mJ,0.1,106.46354824446053,88.53171917774198,179.31829066718544,dE_E1_fn_only,384,10,False,,,,,,,,,,,,,,,,needs FULL on every frame: >= 267.85 mJ per frame before computing the metric,all_rails
nuPlan,n/a,idm,scalar_J,"Task 5 real perception, primary",Task 5 energy pass: rails over idle (all_rails convention) x pass time per frame,mJ,0.1,106.46354824446053,88.53171917774198,179.31829066718544,dE_E6_risk_weighted,384,10,False,,,,,,,,,,,,,,,,needs FULL on every frame: >= 267.85 mJ per frame before computing the metric,all_rails
nuPlan,n/a,idm,scalar_J,"Task 5 real perception, primary",Task 5 energy pass: rails over idle (all_rails convention) x pass time per frame,mJ,0.2,124.39537731117906,88.53171917774198,179.31829066718544,random,384,10,True,0.0,none,0.19999999999999998,2.7755575615628914e-17,True,,2.3680298054500475,12.948370938004476,0.18288245037062506,0.15220195916970045,0.20000000000000004,0.0,0.0,0.0,336.0,,all_rails
nuPlan,n/a,idm,scalar_J,"Task 5 real perception, primary",Task 5 energy pass: rails over idle (all_rails convention) x pass time per frame,mJ,0.2,124.39537731117906,88.53171917774198,179.31829066718544,criticality_cheap,384,10,True,12.39072266060421,nuScenes feature time as proxy (track features not timed),0.13090095486354272,0.06909904513645729,True,,0.06625640882231487,12.948370938004476,0.0051169687012786414,0.0,0.027687336784220546,-0.17980078529033425,-0.19940476190476186,-0.14337172809686385,336.0,,all_rails
nuPlan,n/a,idm,scalar_J,"Task 5 real perception, primary",Task 5 energy pass: rails over idle (all_rails convention) x pass time per frame,mJ,0.2,124.39537731117906,88.53171917774198,179.31829066718544,gate_ridge,384,10,True,33.069165210159746,nuScenes feature time as proxy (track features not timed),0.015583981493911934,0.18441601850608808,True,,0.0,12.948370938004476,0.0,0.0,0.0,-0.1858781415027389,-0.20000000000000004,-0.15220195916970045,336.0,,all_rails
nuPlan,n/a,idm,scalar_J,"Task 5 real perception, primary",Task 5 energy pass: rails over idle (all_rails convention) x pass time per frame,mJ,0.2,124.39537731117906,88.53171917774198,179.31829066718544,gate_gbm,384,10,False,180.07045548355018,nuScenes feature time as proxy (track features not timed),,,True,,,12.948370938004476,,,,,,,336.0,"infeasible: allocator overhead 180.0705 mJ per input exceeds the budget headroom b - C_c = 35.8637 mJ, so it cannot run within this budget",all_rails
nuPlan,n/a,idm,scalar_J,"Task 5 real perception, primary",Task 5 energy pass: rails over idle (all_rails convention) x pass time per frame,mJ,0.2,124.39537731117906,88.53171917774198,179.31829066718544,R1_mlp_reg,384,10,True,6.8253131813587125,nuScenes feature time as proxy (track features not timed),0.1619374400906682,0.0380625599093318,True,,0.39849022440712617,12.948370938004476,0.030775317321001854,0.004358630486208983,0.07516181973495763,-0.16184939905674053,-0.19507163380376583,-0.1068123931328865,336.0,,all_rails
nuPlan,n/a,idm,scalar_J,"Task 5 real perception, primary",Task 5 energy pass: rails over idle (all_rails convention) x pass time per frame,mJ,0.2,124.39537731117906,88.53171917774198,179.31829066718544,R1_mlp_clf,384,10,True,6.8253131813587125,nuScenes feature time as proxy (track features not timed),0.1619374400906682,0.0380625599093318,True,,12.140118608114037,12.948370938004476,0.937578840322055,0.842195087289491,0.9937169054470574,0.7657261801723461,0.6490744610866733,0.8282163366720329,336.0,,all_rails
nuPlan,n/a,idm,scalar_J,"Task 5 real perception, primary",Task 5 energy pass: rails over idle (all_rails convention) x pass time per frame,mJ,0.2,124.39537731117906,88.53171917774198,179.31829066718544,R1_gbm_reg,384,10,False,167.26315758244598,nuScenes feature time as proxy (track features not timed),,,True,,,12.948370938004476,,,,,,,336.0,"infeasible: allocator overhead 167.2632 mJ per input exceeds the budget headroom b - C_c = 35.8637 mJ, so it cannot run within this budget",all_rails
nuPlan,n/a,idm,scalar_J,"Task 5 real perception, primary",Task 5 energy pass: rails over idle (all_rails convention) x pass time per frame,mJ,0.2,124.39537731117906,88.53171917774198,179.31829066718544,R1_gbm_clf,384,10,False,167.26315758244598,nuScenes feature time as proxy (track features not timed),,,True,,,12.948370938004476,,,,,,,336.0,"infeasible: allocator overhead 167.2632 mJ per input exceeds the budget headroom b - C_c = 35.8637 mJ, so it cannot run within this budget",all_rails
nuPlan,n/a,idm,scalar_J,"Task 5 real perception, primary",Task 5 energy pass: rails over idle (all_rails convention) x pass time per frame,mJ,0.2,124.39537731117906,88.53171917774198,179.31829066718544,oracle,384,10,True,0.0,none,0.19999999999999998,2.7755575615628914e-17,True,,12.948370938004476,12.948370938004476,1.0,1.0,1.0,0.8141218584972613,0.7999999999999999,0.8477980408302995,336.0,,all_rails
nuPlan,n/a,idm,scalar_J,"Task 5 real perception, primary",Task 5 energy pass: rails over idle (all_rails convention) x pass time per frame,mJ,0.2,124.39537731117906,88.53171917774198,179.31829066718544,gate_gbm_batched,384,10,True,29.784564632297375,nuScenes feature time as proxy (track features not timed),0.03390113456090489,0.16609886543909513,True,,0.0,12.948370938004476,0.0,0.0,0.0,-0.1858781415027389,-0.20000000000000004,-0.15220195916970045,336.0,,all_rails
nuPlan,n/a,idm,scalar_J,"Task 5 real perception, primary",Task 5 energy pass: rails over idle (all_rails convention) x pass time per frame,mJ,0.2,124.39537731117906,88.53171917774198,179.31829066718544,criticality_gt,384,10,False,,,,,,,,,,,,,,,,needs FULL on every frame: >= 267.85 mJ per frame before computing the metric,all_rails
nuPlan,n/a,idm,scalar_J,"Task 5 real perception, primary",Task 5 energy pass: rails over idle (all_rails convention) x pass time per frame,mJ,0.2,124.39537731117906,88.53171917774198,179.31829066718544,dE_E1_fn_only,384,10,False,,,,,,,,,,,,,,,,needs FULL on every frame: >= 267.85 mJ per frame before computing the metric,all_rails
nuPlan,n/a,idm,scalar_J,"Task 5 real perception, primary",Task 5 energy pass: rails over idle (all_rails convention) x pass time per frame,mJ,0.2,124.39537731117906,88.53171917774198,179.31829066718544,dE_E6_risk_weighted,384,10,False,,,,,,,,,,,,,,,,needs FULL on every frame: >= 267.85 mJ per frame before computing the metric,all_rails
nuPlan,n/a,idm,scalar_J,"Task 5 real perception, primary",Task 5 energy pass: rails over idle (all_rails convention) x pass time per frame,mJ,0.3,142.3272063778976,88.53171917774198,179.31829066718544,random,384,10,True,0.0,none,0.29999999999999993,5.551115123125783e-17,True,,3.5832029950888877,12.948370938004476,0.27673002358713,0.22796459603055697,0.3,0.0,0.0,0.0,336.0,,all_rails
nuPlan,n/a,idm,scalar_J,"Task 5 real perception, primary",Task 5 energy pass: rails over idle (all_rails convention) x pass time per frame,mJ,0.3,142.3272063778976,88.53171917774198,179.31829066718544,criticality_cheap,384,10,True,12.39072266060421,nuScenes feature time as proxy (track features not timed),0.23090095486354267,0.06909904513645732,True,,0.10514232794411649,12.948370938004476,0.008120120163959434,-0.12466055795574695,0.06244762872427647,-0.27836553549780263,-0.3755401226283319,-0.19408850292616422,336.0,,all_rails
nuPlan,n/a,idm,scalar_J,"Task 5 real perception, primary",Task 5 energy pass: rails over idle (all_rails convention) x pass time per frame,mJ,0.3,142.3272063778976,88.53171917774198,179.31829066718544,gate_ridge,384,10,True,33.069165210159746,nuScenes feature time as proxy (track features not timed),0.11558398149391189,0.1844160185060881,True,,0.0,12.948370938004476,0.0,0.0,0.10160820991779565,-0.26847177593381755,-0.3,-0.17143423338291186,336.0,,all_rails
nuPlan,n/a,idm,scalar_J,"Task 5 real perception, primary",Task 5 energy pass: rails over idle (all_rails convention) x pass time per frame,mJ,0.3,142.3272063778976,88.53171917774198,179.31829066718544,gate_gbm,384,10,False,180.07045548355018,nuScenes feature time as proxy (track features not timed),,,True,,,12.948370938004476,,,,,,,336.0,"infeasible: allocator overhead 180.0705 mJ per input exceeds the budget headroom b - C_c = 53.7955 mJ, so it cannot run within this budget",all_rails
nuPlan,n/a,idm,scalar_J,"Task 5 real perception, primary",Task 5 energy pass: rails over idle (all_rails convention) x pass time per frame,mJ,0.3,142.3272063778976,88.53171917774198,179.31829066718544,R1_mlp_reg,384,10,True,6.8253131813587125,nuScenes feature time as proxy (track features not timed),0.2619374400906682,0.03806255990933177,True,,0.40506045589297174,12.948370938004476,0.031282734934947515,0.004610765829912896,0.0756194068803375,-0.2544528624594657,-0.2944215942510363,-0.19217992465739298,336.0,,all_rails
nuPlan,n/a,idm,scalar_J,"Task 5 real perception, primary",Task 5 energy pass: rails over idle (all_rails convention) x pass time per frame,mJ,0.3,142.3272063778976,88.53171917774198,179.31829066718544,R1_mlp_clf,384,10,True,6.8253131813587125,nuScenes feature time as proxy (track features not timed),0.2619374400906682,0.03806255990933177,True,,12.140118608114037,12.948370938004476,0.937578840322055,0.8426511300321393,0.9938826838435619,0.672706446998718,0.555044529833861,0.7498664470722147,336.0,,all_rails
nuPlan,n/a,idm,scalar_J,"Task 5 real perception, primary",Task 5 energy pass: rails over idle (all_rails convention) x pass time per frame,mJ,0.3,142.3272063778976,88.53171917774198,179.31829066718544,R1_gbm_reg,384,10,False,167.26315758244598,nuScenes feature time as proxy (track features not timed),,,True,,,12.948370938004476,,,,,,,336.0,"infeasible: allocator overhead 167.2632 mJ per input exceeds the budget headroom b - C_c = 53.7955 mJ, so it cannot run within this budget",all_rails
nuPlan,n/a,idm,scalar_J,"Task 5 real perception, primary",Task 5 energy pass: rails over idle (all_rails convention) x pass time per frame,mJ,0.3,142.3272063778976,88.53171917774198,179.31829066718544,R1_gbm_clf,384,10,False,167.26315758244598,nuScenes feature time as proxy (track features not timed),,,True,,,12.948370938004476,,,,,,,336.0,"infeasible: allocator overhead 167.2632 mJ per input exceeds the budget headroom b - C_c = 53.7955 mJ, so it cannot run within this budget",all_rails
nuPlan,n/a,idm,scalar_J,"Task 5 real perception, primary",Task 5 energy pass: rails over idle (all_rails convention) x pass time per frame,mJ,0.3,142.3272063778976,88.53171917774198,179.31829066718544,oracle,384,10,True,0.0,none,0.29999999999999993,5.551115123125783e-17,True,,12.948370938004476,12.948370938004476,1.0,1.0,1.0,0.7206270711310978,0.7,0.772035403969443,336.0,,all_rails
nuPlan,n/a,idm,scalar_J,"Task 5 real perception, primary",Task 5 energy pass: rails over idle (all_rails convention) x pass time per frame,mJ,0.3,142.3272063778976,88.53171917774198,179.31829066718544,gate_gbm_batched,384,10,True,29.784564632297375,nuScenes feature time as proxy (track features not timed),0.13390113456090486,0.16609886543909513,True,,0.0,12.948370938004476,0.0,0.0,0.0,-0.27937292886890225,-0.3,-0.22796459603055697,336.0,,all_rails
nuPlan,n/a,idm,scalar_J,"Task 5 real perception, primary",Task 5 energy pass: rails over idle (all_rails convention) x pass time per frame,mJ,0.3,142.3272063778976,88.53171917774198,179.31829066718544,criticality_gt,384,10,False,,,,,,,,,,,,,,,,needs FULL on every frame: >= 267.85 mJ per frame before computing the metric,all_rails
nuPlan,n/a,idm,scalar_J,"Task 5 real perception, primary",Task 5 energy pass: rails over idle (all_rails convention) x pass time per frame,mJ,0.3,142.3272063778976,88.53171917774198,179.31829066718544,dE_E1_fn_only,384,10,False,,,,,,,,,,,,,,,,needs FULL on every frame: >= 267.85 mJ per frame before computing the metric,all_rails
nuPlan,n/a,idm,scalar_J,"Task 5 real perception, primary",Task 5 energy pass: rails over idle (all_rails convention) x pass time per frame,mJ,0.3,142.3272063778976,88.53171917774198,179.31829066718544,dE_E6_risk_weighted,384,10,False,,,,,,,,,,,,,,,,needs FULL on every frame: >= 267.85 mJ per frame before computing the metric,all_rails
nuPlan,n/a,idm,scalar_J,"Task 5 real perception, primary",Task 5 energy pass: rails over idle (all_rails convention) x pass time per frame,mJ,0.5,178.1908645113347,88.53171917774198,179.31829066718544,random,384,10,True,0.0,none,0.5,0.0,True,,5.9823910874527515,12.948370938004476,0.4620188219889475,0.3825274656850982,0.5000000000000002,0.0,0.0,0.0,336.0,,all_rails
nuPlan,n/a,idm,scalar_J,"Task 5 real perception, primary",Task 5 energy pass: rails over idle (all_rails convention) x pass time per frame,mJ,0.5,178.1908645113347,88.53171917774198,179.31829066718544,criticality_cheap,384,10,True,12.39072266060421,nuScenes feature time as proxy (track features not timed),0.43090095486354274,0.06909904513645726,True,,-0.5380888077031152,12.948370938004476,-0.04155648693410401,-0.20515702358519505,0.07093540871286863,-0.4889062348013008,-0.5844123251410229,-0.4136476886384759,336.0,,all_rails
nuPlan,n/a,idm,scalar_J,"Task 5 real perception, primary",Task 5 energy pass: rails over idle (all_rails convention) x pass time per frame,mJ,0.5,178.1908645113347,88.53171917774198,179.31829066718544,gate_ridge,384,10,True,33.069165210159746,nuScenes feature time as proxy (track features not timed),0.3155839814939119,0.18441601850608808,True,,0.7277869268121911,12.948370938004476,0.056206833299475525,0.0,0.19420798362426644,-0.4101858005664686,-0.5,-0.2652154367232231,336.0,,all_rails
nuPlan,n/a,idm,scalar_J,"Task 5 real perception, primary",Task 5 energy pass: rails over idle (all_rails convention) x pass time per frame,mJ,0.5,178.1908645113347,88.53171917774198,179.31829066718544,gate_gbm,384,10,False,180.07045548355018,nuScenes feature time as proxy (track features not timed),,,True,,,12.948370938004476,,,,,,,336.0,"infeasible: allocator overhead 180.0705 mJ per input exceeds the budget headroom b - C_c = 89.6591 mJ, so it cannot run within this budget",all_rails
nuPlan,n/a,idm,scalar_J,"Task 5 real perception, primary",Task 5 energy pass: rails over idle (all_rails convention) x pass time per frame,mJ,0.5,178.1908645113347,88.53171917774198,179.31829066718544,R1_mlp_reg,384,10,True,6.8253131813587125,nuScenes feature time as proxy (track features not timed),0.4619374400906683,0.03806255990933172,True,,0.44394637501477335,12.948370938004476,0.03428588639762831,0.007766814090603247,0.07832763668392229,-0.4393185146451469,-0.49178389608168255,-0.3429229282526786,336.0,,all_rails
nuPlan,n/a,idm,scalar_J,"Task 5 real perception, primary",Task 5 energy pass: rails over idle (all_rails convention) x pass time per frame,mJ,0.5,178.1908645113347,88.53171917774198,179.31829066718544,R1_mlp_clf,384,10,True,6.8253131813587125,nuScenes feature time as proxy (track features not timed),0.4619374400906683,0.03806255990933172,True,,12.219030430811202,12.948370938004476,0.9436731840101519,0.848128435379405,1.0,0.49036604649383086,0.36611842239651066,0.5968160519031477,336.0,,all_rails
nuPlan,n/a,idm,scalar_J,"Task 5 real perception, primary",Task 5 energy pass: rails over idle (all_rails convention) x pass time per frame,mJ,0.5,178.1908645113347,88.53171917774198,179.31829066718544,R1_gbm_reg,384,10,False,167.26315758244598,nuScenes feature time as proxy (track features not timed),,,True,,,12.948370938004476,,,,,,,336.0,"infeasible: allocator overhead 167.2632 mJ per input exceeds the budget headroom b - C_c = 89.6591 mJ, so it cannot run within this budget",all_rails
nuPlan,n/a,idm,scalar_J,"Task 5 real perception, primary",Task 5 energy pass: rails over idle (all_rails convention) x pass time per frame,mJ,0.5,178.1908645113347,88.53171917774198,179.31829066718544,R1_gbm_clf,384,10,False,167.26315758244598,nuScenes feature time as proxy (track features not timed),,,True,,,12.948370938004476,,,,,,,336.0,"infeasible: allocator overhead 167.2632 mJ per input exceeds the budget headroom b - C_c = 89.6591 mJ, so it cannot run within this budget",all_rails
nuPlan,n/a,idm,scalar_J,"Task 5 real perception, primary",Task 5 energy pass: rails over idle (all_rails convention) x pass time per frame,mJ,0.5,178.1908645113347,88.53171917774198,179.31829066718544,oracle,384,10,True,0.0,none,0.5,0.0,True,,12.948370938004476,12.948370938004476,1.0,1.0,1.0,0.5328024537586961,0.4999999999999998,0.6174725343149018,336.0,,all_rails
nuPlan,n/a,idm,scalar_J,"Task 5 real perception, primary",Task 5 energy pass: rails over idle (all_rails convention) x pass time per frame,mJ,0.5,178.1908645113347,88.53171917774198,179.31829066718544,gate_gbm_batched,384,10,True,29.784564632297375,nuScenes feature time as proxy (track features not timed),0.3339011345609049,0.16609886543909508,True,,0.0,12.948370938004476,0.0,0.0,0.027854716409700178,-0.461694977310286,-0.5000000000000002,-0.36738451195811433,336.0,,all_rails
nuPlan,n/a,idm,scalar_J,"Task 5 real perception, primary",Task 5 energy pass: rails over idle (all_rails convention) x pass time per frame,mJ,0.5,178.1908645113347,88.53171917774198,179.31829066718544,criticality_gt,384,10,False,,,,,,,,,,,,,,,,needs FULL on every frame: >= 267.85 mJ per frame before computing the metric,all_rails
nuPlan,n/a,idm,scalar_J,"Task 5 real perception, primary",Task 5 energy pass: rails over idle (all_rails convention) x pass time per frame,mJ,0.5,178.1908645113347,88.53171917774198,179.31829066718544,dE_E1_fn_only,384,10,False,,,,,,,,,,,,,,,,needs FULL on every frame: >= 267.85 mJ per frame before computing the metric,all_rails
nuPlan,n/a,idm,scalar_J,"Task 5 real perception, primary",Task 5 energy pass: rails over idle (all_rails convention) x pass time per frame,mJ,0.5,178.1908645113347,88.53171917774198,179.31829066718544,dE_E6_risk_weighted,384,10,False,,,,,,,,,,,,,,,,needs FULL on every frame: >= 267.85 mJ per frame before computing the metric,all_rails
nuPlan,n/a,pdm_closed,safety,"Task 5 real perception, primary",Task 5 energy pass: rails over idle (as_specified convention) x pass time per frame,mJ,0.1,83.8969338377441,69.5124056669773,143.845281707668,random,384,27,True,0.0,none,0.1,0.0,True,,10.374520426637886,164.15219972227897,0.06320061774493443,0.05564832421263108,0.0810330252753905,0.0,0.0,0.0,330.0,,as_specified
nuPlan,n/a,pdm_closed,safety,"Task 5 real perception, primary",Task 5 energy pass: rails over idle (as_specified convention) x pass time per frame,mJ,0.1,83.8969338377441,69.5124056669773,143.845281707668,criticality_cheap,384,27,True,12.39072266060421,nuScenes feature time as proxy (track features not timed),0.013860764054913769,0.08613923594508624,True,,0.0,164.15219972227897,0.0,0.0,0.0,-0.06483392017535254,-0.0810330252753905,-0.05564832421263107,330.0,,as_specified
nuPlan,n/a,pdm_closed,safety,"Task 5 real perception, primary",Task 5 energy pass: rails over idle (as_specified convention) x pass time per frame,mJ,0.1,83.8969338377441,69.5124056669773,143.845281707668,gate_ridge,384,27,False,33.069165210159746,nuScenes feature time as proxy (track features not timed),,,True,,,164.15219972227897,,,,,,,330.0,"infeasible: allocator overhead 33.0692 mJ per input exceeds the budget headroom b - C_c = 14.3845 mJ, so it cannot run within this budget",as_specified
nuPlan,n/a,pdm_closed,safety,"Task 5 real perception, primary",Task 5 energy pass: rails over idle (as_specified convention) x pass time per frame,mJ,0.1,83.8969338377441,69.5124056669773,143.845281707668,gate_gbm,384,27,False,180.07045548355018,nuScenes feature time as proxy (track features not timed),,,True,,,164.15219972227897,,,,,,,330.0,"infeasible: allocator overhead 180.0705 mJ per input exceeds the budget headroom b - C_c = 14.3845 mJ, so it cannot run within this budget",as_specified
nuPlan,n/a,pdm_closed,safety,"Task 5 real perception, primary",Task 5 energy pass: rails over idle (as_specified convention) x pass time per frame,mJ,0.1,83.8969338377441,69.5124056669773,143.845281707668,R1_mlp_reg,384,27,True,6.8253131813587125,nuScenes feature time as proxy (track features not timed),0.05255101105624326,0.047448988943756744,True,,12.047696375203769,164.15219972227897,0.07339345068531931,0.06437378985169143,0.0895256338530392,0.008892203032819377,0.005202669918054614,0.011808082548931856,330.0,,as_specified
nuPlan,n/a,pdm_closed,safety,"Task 5 real perception, primary",Task 5 energy pass: rails over idle (as_specified convention) x pass time per frame,mJ,0.1,83.8969338377441,69.5124056669773,143.845281707668,R1_mlp_clf,384,27,True,6.8253131813587125,nuScenes feature time as proxy (track features not timed),0.05255101105624326,0.047448988943756744,True,,11.324992682409459,164.15219972227897,0.06899080671212239,-0.0010691682643650807,0.14998141148570934,0.015387994297252894,-0.06419503099277553,0.08330530228565107,330.0,,as_specified
nuPlan,n/a,pdm_closed,safety,"Task 5 real perception, primary",Task 5 energy pass: rails over idle (as_specified convention) x pass time per frame,mJ,0.1,83.8969338377441,69.5124056669773,143.845281707668,R1_gbm_reg,384,27,False,167.26315758244598,nuScenes feature time as proxy (track features not timed),,,True,,,164.15219972227897,,,,,,,330.0,"infeasible: allocator overhead 167.2632 mJ per input exceeds the budget headroom b - C_c = 14.3845 mJ, so it cannot run within this budget",as_specified
nuPlan,n/a,pdm_closed,safety,"Task 5 real perception, primary",Task 5 energy pass: rails over idle (as_specified convention) x pass time per frame,mJ,0.1,83.8969338377441,69.5124056669773,143.845281707668,R1_gbm_clf,384,27,False,167.26315758244598,nuScenes feature time as proxy (track features not timed),,,True,,,164.15219972227897,,,,,,,330.0,"infeasible: allocator overhead 167.2632 mJ per input exceeds the budget headroom b - C_c = 14.3845 mJ, so it cannot run within this budget",as_specified
nuPlan,n/a,pdm_closed,safety,"Task 5 real perception, primary",Task 5 energy pass: rails over idle (as_specified convention) x pass time per frame,mJ,0.1,83.8969338377441,69.5124056669773,143.845281707668,oracle,384,27,True,0.0,none,0.1,0.0,True,,164.15219972227897,164.15219972227897,1.0,1.0,1.0,0.934884894309672,0.9189669747246095,0.9443516757873689,330.0,,as_specified
nuPlan,n/a,pdm_closed,safety,"Task 5 real perception, primary",Task 5 energy pass: rails over idle (as_specified convention) x pass time per frame,mJ,0.1,83.8969338377441,69.5124056669773,143.845281707668,gate_gbm_batched,384,27,False,29.784564632297375,nuScenes feature time as proxy (track features not timed),,,True,,,164.15219972227897,,,,,,,330.0,"infeasible: allocator overhead 29.7846 mJ per input exceeds the budget headroom b - C_c = 14.3845 mJ, so it cannot run within this budget",as_specified
nuPlan,n/a,pdm_closed,safety,"Task 5 real perception, primary",Task 5 energy pass: rails over idle (as_specified convention) x pass time per frame,mJ,0.1,83.8969338377441,69.5124056669773,143.845281707668,criticality_gt,384,27,False,,,,,,,,,,,,,,,,needs FULL on every frame: >= 213.36 mJ per frame before computing the metric,as_specified
nuPlan,n/a,pdm_closed,safety,"Task 5 real perception, primary",Task 5 energy pass: rails over idle (as_specified convention) x pass time per frame,mJ,0.1,83.8969338377441,69.5124056669773,143.845281707668,dE_E1_fn_only,384,27,False,,,,,,,,,,,,,,,,needs FULL on every frame: >= 213.36 mJ per frame before computing the metric,as_specified
nuPlan,n/a,pdm_closed,safety,"Task 5 real perception, primary",Task 5 energy pass: rails over idle (as_specified convention) x pass time per frame,mJ,0.1,83.8969338377441,69.5124056669773,143.845281707668,dE_E6_risk_weighted,384,27,False,,,,,,,,,,,,,,,,needs FULL on every frame: >= 213.36 mJ per frame before computing the metric,as_specified
nuPlan,n/a,pdm_closed,safety,"Task 5 real perception, primary",Task 5 energy pass: rails over idle (as_specified convention) x pass time per frame,mJ,0.2,98.2814620085109,69.5124056669773,143.845281707668,random,384,27,True,0.0,none,0.2,0.0,True,,20.749040853275773,164.15219972227897,0.12640123548986887,0.11145535124464667,0.13737604290674535,0.0,0.0,0.0,330.0,,as_specified
nuPlan,n/a,pdm_closed,safety,"Task 5 real perception, primary",Task 5 energy pass: rails over idle (as_specified convention) x pass time per frame,mJ,0.2,98.2814620085109,69.5124056669773,143.845281707668,criticality_cheap,384,27,True,12.39072266060421,nuScenes feature time as proxy (track features not timed),0.11386076405491376,0.08613923594508625,True,,0.0,164.15219972227897,0.0,0.0,0.26197788055805254,-0.09253761066827021,-0.13735440332843057,0.14255340966707114,330.0,,as_specified
nuPlan,n/a,pdm_closed,safety,"Task 5 real perception, primary",Task 5 energy pass: rails over idle (as_specified convention) x pass time per frame,mJ,0.2,98.2814620085109,69.5124056669773,143.845281707668,gate_ridge,384,27,False,33.069165210159746,nuScenes feature time as proxy (track features not timed),,,True,,,164.15219972227897,,,,,,,330.0,"infeasible: allocator overhead 33.0692 mJ per input exceeds the budget headroom b - C_c = 28.7691 mJ, so it cannot run within this budget",as_specified
nuPlan,n/a,pdm_closed,safety,"Task 5 real perception, primary",Task 5 energy pass: rails over idle (as_specified convention) x pass time per frame,mJ,0.2,98.2814620085109,69.5124056669773,143.845281707668,gate_gbm,384,27,False,180.07045548355018,nuScenes feature time as proxy (track features not timed),,,True,,,164.15219972227897,,,,,,,330.0,"infeasible: allocator overhead 180.0705 mJ per input exceeds the budget headroom b - C_c = 28.7691 mJ, so it cannot run within this budget",as_specified
nuPlan,n/a,pdm_closed,safety,"Task 5 real perception, primary",Task 5 energy pass: rails over idle (as_specified convention) x pass time per frame,mJ,0.2,98.2814620085109,69.5124056669773,143.845281707668,R1_mlp_reg,384,27,True,6.8253131813587125,nuScenes feature time as proxy (track features not timed),0.15255101105624325,0.047448988943756765,True,,23.54769637520377,164.15219972227897,0.1434503857702971,0.003109809941563027,0.1547302463019746,-0.0503601173104482,-0.13356340766452116,0.01833354204537907,330.0,,as_specified
nuPlan,n/a,pdm_closed,safety,"Task 5 real perception, primary",Task 5 energy pass: rails over idle (as_specified convention) x pass time per frame,mJ,0.2,98.2814620085109,69.5124056669773,143.845281707668,R1_mlp_clf,384,27,True,6.8253131813587125,nuScenes feature time as proxy (track features not timed),0.15255101105624325,0.047448988943756765,True,,0.5476963752037695,164.15219972227897,0.0033365156003415733,-0.11996815243483062,0.14998141148570934,-0.09855887575617447,-0.23111321774957402,0.013698375098777055,330.0,,as_specified
nuPlan,n/a,pdm_closed,safety,"Task 5 real perception, primary",Task 5 energy pass: rails over idle (as_specified convention) x pass time per frame,mJ,0.2,98.2814620085109,69.5124056669773,143.845281707668,R1_gbm_reg,384,27,False,167.26315758244598,nuScenes feature time as proxy (track features not timed),,,True,,,164.15219972227897,,,,,,,330.0,"infeasible: allocator overhead 167.2632 mJ per input exceeds the budget headroom b - C_c = 28.7691 mJ, so it cannot run within this budget",as_specified
nuPlan,n/a,pdm_closed,safety,"Task 5 real perception, primary",Task 5 energy pass: rails over idle (as_specified convention) x pass time per frame,mJ,0.2,98.2814620085109,69.5124056669773,143.845281707668,R1_gbm_clf,384,27,False,167.26315758244598,nuScenes feature time as proxy (track features not timed),,,True,,,164.15219972227897,,,,,,,330.0,"infeasible: allocator overhead 167.2632 mJ per input exceeds the budget headroom b - C_c = 28.7691 mJ, so it cannot run within this budget",as_specified
nuPlan,n/a,pdm_closed,safety,"Task 5 real perception, primary",Task 5 energy pass: rails over idle (as_specified convention) x pass time per frame,mJ,0.2,98.2814620085109,69.5124056669773,143.845281707668,oracle,384,27,True,0.0,none,0.2,0.0,True,,164.15219972227897,164.15219972227897,1.0,1.0,1.0,0.8711725502115346,0.8626239570932546,0.8885446487553533,330.0,,as_specified
nuPlan,n/a,pdm_closed,safety,"Task 5 real perception, primary",Task 5 energy pass: rails over idle (as_specified convention) x pass time per frame,mJ,0.2,98.2814620085109,69.5124056669773,143.845281707668,gate_gbm_batched,384,27,False,29.784564632297375,nuScenes feature time as proxy (track features not timed),,,True,,,164.15219972227897,,,,,,,330.0,"infeasible: allocator overhead 29.7846 mJ per input exceeds the budget headroom b - C_c = 28.7691 mJ, so it cannot run within this budget",as_specified
nuPlan,n/a,pdm_closed,safety,"Task 5 real perception, primary",Task 5 energy pass: rails over idle (as_specified convention) x pass time per frame,mJ,0.2,98.2814620085109,69.5124056669773,143.845281707668,criticality_gt,384,27,False,,,,,,,,,,,,,,,,needs FULL on every frame: >= 213.36 mJ per frame before computing the metric,as_specified
nuPlan,n/a,pdm_closed,safety,"Task 5 real perception, primary",Task 5 energy pass: rails over idle (as_specified convention) x pass time per frame,mJ,0.2,98.2814620085109,69.5124056669773,143.845281707668,dE_E1_fn_only,384,27,False,,,,,,,,,,,,,,,,needs FULL on every frame: >= 213.36 mJ per frame before computing the metric,as_specified
nuPlan,n/a,pdm_closed,safety,"Task 5 real perception, primary",Task 5 energy pass: rails over idle (as_specified convention) x pass time per frame,mJ,0.2,98.2814620085109,69.5124056669773,143.845281707668,dE_E6_risk_weighted,384,27,False,,,,,,,,,,,,,,,,needs FULL on every frame: >= 213.36 mJ per frame before computing the metric,as_specified
nuPlan,n/a,pdm_closed,safety,"Task 5 real perception, primary",Task 5 energy pass: rails over idle (as_specified convention) x pass time per frame,mJ,0.3,112.6659901792777,69.5124056669773,143.845281707668,random,384,27,True,0.0,none,0.3,0.0,True,,31.396574975351502,164.15219972227897,0.19126502738598583,0.16717335153343071,0.20603160499264586,0.0,0.0,0.0,330.0,,as_specified
nuPlan,n/a,pdm_closed,safety,"Task 5 real perception, primary",Task 5 energy pass: rails over idle (as_specified convention) x pass time per frame,mJ,0.3,112.6659901792777,69.5124056669773,143.845281707668,criticality_cheap,384,27,True,12.39072266060421,nuScenes feature time as proxy (track features not timed),0.21386076405491375,0.08613923594508624,True,,34.5,164.15219972227897,0.21017080525493326,0.0,0.7020036572832978,0.0070110546443954355,-0.20522386857680275,0.5109123000947909,330.0,,as_specified
nuPlan,n/a,pdm_closed,safety,"Task 5 real perception, primary",Task 5 energy pass: rails over idle (as_specified convention) x pass time per frame,mJ,0.3,112.6659901792777,69.5124056669773,143.845281707668,gate_ridge,384,27,True,33.069165210159746,nuScenes feature time as proxy (track features not timed),0.0701060137838576,0.22989398621614238,True,,81.38472044900469,164.15219972227897,0.49578818064391156,0.3186006137570909,0.6103389241887226,0.2651205461808252,0.11831942636216357,0.4094484571979513,330.0,,as_specified
nuPlan,n/a,pdm_closed,safety,"Task 5 real perception, primary",Task 5 energy pass: rails over idle (as_specified convention) x pass time per frame,mJ,0.3,112.6659901792777,69.5124056669773,143.845281707668,gate_gbm,384,27,False,180.07045548355018,nuScenes feature time as proxy (track features not timed),,,True,,,164.15219972227897,,,,,,,330.0,"infeasible: allocator overhead 180.0705 mJ per input exceeds the budget headroom b - C_c = 43.1536 mJ, so it cannot run within this budget",as_specified
nuPlan,n/a,pdm_closed,safety,"Task 5 real perception, primary",Task 5 energy pass: rails over idle (as_specified convention) x pass time per frame,mJ,0.3,112.6659901792777,69.5124056669773,143.845281707668,R1_mlp_reg,384,27,True,6.8253131813587125,nuScenes feature time as proxy (track features not timed),0.2525510110562433,0.04744898894375671,True,,23.54769637520377,164.15219972227897,0.1434503857702971,0.12582110394719878,0.16295155393798041,-0.04678741590924708,-0.05253105214476489,-0.0030132692928359715,330.0,,as_specified
nuPlan,n/a,pdm_closed,safety,"Task 5 real perception, primary",Task 5 energy pass: rails over idle (as_specified convention) x pass time per frame,mJ,0.3,112.6659901792777,69.5124056669773,143.845281707668,R1_mlp_clf,384,27,True,6.8253131813587125,nuScenes feature time as proxy (track features not timed),0.2525510110562433,0.04744898894375671,True,,-10.952303624796231,164.15219972227897,-0.06672041948463618,-0.181415466530338,0.2414252862687308,-0.1865439522286298,-0.34881398638648387,0.039798670718761434,330.0,,as_specified
nuPlan,n/a,pdm_closed,safety,"Task 5 real perception, primary",Task 5 energy pass: rails over idle (as_specified convention) x pass time per frame,mJ,0.3,112.6659901792777,69.5124056669773,143.845281707668,R1_gbm_reg,384,27,False,167.26315758244598,nuScenes feature time as proxy (track features not timed),,,True,,,164.15219972227897,,,,,,,330.0,"infeasible: allocator overhead 167.2632 mJ per input exceeds the budget headroom b - C_c = 43.1536 mJ, so it cannot run within this budget",as_specified
nuPlan,n/a,pdm_closed,safety,"Task 5 real perception, primary",Task 5 energy pass: rails over idle (as_specified convention) x pass time per frame,mJ,0.3,112.6659901792777,69.5124056669773,143.845281707668,R1_gbm_clf,384,27,False,167.26315758244598,nuScenes feature time as proxy (track features not timed),,,True,,,164.15219972227897,,,,,,,330.0,"infeasible: allocator overhead 167.2632 mJ per input exceeds the budget headroom b - C_c = 43.1536 mJ, so it cannot run within this budget",as_specified
nuPlan,n/a,pdm_closed,safety,"Task 5 real perception, primary",Task 5 energy pass: rails over idle (as_specified convention) x pass time per frame,mJ,0.3,112.6659901792777,69.5124056669773,143.845281707668,oracle,384,27,True,0.0,none,0.3,0.0,True,,164.15219972227897,164.15219972227897,1.0,1.0,1.0,0.8063990765391522,0.7939683950073542,0.8328266484665693,330.0,,as_specified
nuPlan,n/a,pdm_closed,safety,"Task 5 real perception, primary",Task 5 energy pass: rails over idle (as_specified convention) x pass time per frame,mJ,0.3,112.6659901792777,69.5124056669773,143.845281707668,gate_gbm_batched,384,27,True,29.784564632297375,nuScenes feature time as proxy (track features not timed),0.09294027389214225,0.20705972610785772,True,,129.18358045023922,164.15219972227897,0.7869744095345573,0.4066034030098203,0.9269608835153166,0.5044912880047889,0.20217884842942188,0.736116753639324,330.0,,as_specified
nuPlan,n/a,pdm_closed,safety,"Task 5 real perception, primary",Task 5 energy pass: rails over idle (as_specified convention) x pass time per frame,mJ,0.3,112.6659901792777,69.5124056669773,143.845281707668,criticality_gt,384,27,False,,,,,,,,,,,,,,,,needs FULL on every frame: >= 213.36 mJ per frame before computing the metric,as_specified
nuPlan,n/a,pdm_closed,safety,"Task 5 real perception, primary",Task 5 energy pass: rails over idle (as_specified convention) x pass time per frame,mJ,0.3,112.6659901792777,69.5124056669773,143.845281707668,dE_E1_fn_only,384,27,False,,,,,,,,,,,,,,,,needs FULL on every frame: >= 213.36 mJ per frame before computing the metric,as_specified
nuPlan,n/a,pdm_closed,safety,"Task 5 real perception, primary",Task 5 energy pass: rails over idle (as_specified convention) x pass time per frame,mJ,0.3,112.6659901792777,69.5124056669773,143.845281707668,dE_E6_risk_weighted,384,27,False,,,,,,,,,,,,,,,,needs FULL on every frame: >= 213.36 mJ per frame before computing the metric,as_specified
nuPlan,n/a,pdm_closed,safety,"Task 5 real perception, primary",Task 5 energy pass: rails over idle (as_specified convention) x pass time per frame,mJ,0.5,141.43504652081128,69.5124056669773,143.845281707668,random,384,27,True,0.0,none,0.4999999999999999,1.1102230246251565e-16,True,,52.41862952406511,164.15219972227897,0.3193294370270372,0.27993437056794984,0.34386338415186374,0.0,0.0,0.0,330.0,,as_specified
nuPlan,n/a,pdm_closed,safety,"Task 5 real perception, primary",Task 5 energy pass: rails over idle (as_specified convention) x pass time per frame,mJ,0.5,141.43504652081128,69.5124056669773,143.845281707668,criticality_cheap,384,27,True,12.39072266060421,nuScenes feature time as proxy (track features not timed),0.4138607640549137,0.08613923594508632,True,,150.348861583712,164.15219972227897,0.9159113422669927,0.07020175814615738,0.9318495638758254,0.44620079340418434,-0.2673400183656832,0.6345996064796033,330.0,,as_specified
nuPlan,n/a,pdm_closed,safety,"Task 5 real perception, primary",Task 5 energy pass: rails over idle (as_specified convention) x pass time per frame,mJ,0.5,141.43504652081128,69.5124056669773,143.845281707668,gate_ridge,384,27,True,33.069165210159746,nuScenes feature time as proxy (track features not timed),0.2701060137838575,0.2298939862161425,True,,162.85680724453601,164.15219972227897,0.9921085889806255,0.9882242652325856,0.9999880078868204,0.666405865523126,0.6452924003121108,0.7131392717467661,330.0,,as_specified
nuPlan,n/a,pdm_closed,safety,"Task 5 real perception, primary",Task 5 energy pass: rails over idle (as_specified convention) x pass time per frame,mJ,0.5,141.43504652081128,69.5124056669773,143.845281707668,gate_gbm,384,27,False,180.07045548355018,nuScenes feature time as proxy (track features not timed),,,True,,,164.15219972227897,,,,,,,330.0,"infeasible: allocator overhead 180.0705 mJ per input exceeds the budget headroom b - C_c = 71.9226 mJ, so it cannot run within this budget",as_specified
nuPlan,n/a,pdm_closed,safety,"Task 5 real perception, primary",Task 5 energy pass: rails over idle (as_specified convention) x pass time per frame,mJ,0.5,141.43504652081128,69.5124056669773,143.845281707668,R1_mlp_reg,384,27,True,6.8253131813587125,nuScenes feature time as proxy (track features not timed),0.4525510110562432,0.04744898894375682,True,,70.79886000123452,164.15219972227897,0.43130009906060124,0.2380138879027697,0.5374900214566567,0.09220259356189364,-0.10479247197222674,0.23558048542856325,330.0,,as_specified
nuPlan,n/a,pdm_closed,safety,"Task 5 real perception, primary",Task 5 energy pass: rails over idle (as_specified convention) x pass time per frame,mJ,0.5,141.43504652081128,69.5124056669773,143.845281707668,R1_mlp_clf,384,27,True,6.8253131813587125,nuScenes feature time as proxy (track features not timed),0.4525510110562432,0.04744898894375682,True,,58.79817542112705,164.15219972227897,0.35819303987765494,0.09226822454967551,0.6168534251399364,-0.02837141342178976,-0.20820169104190267,0.27346741681885994,330.0,,as_specified
nuPlan,n/a,pdm_closed,safety,"Task 5 real perception, primary",Task 5 energy pass: rails over idle (as_specified convention) x pass time per frame,mJ,0.5,141.43504652081128,69.5124056669773,143.845281707668,R1_gbm_reg,384,27,False,167.26315758244598,nuScenes feature time as proxy (track features not timed),,,True,,,164.15219972227897,,,,,,,330.0,"infeasible: allocator overhead 167.2632 mJ per input exceeds the budget headroom b - C_c = 71.9226 mJ, so it cannot run within this budget",as_specified
nuPlan,n/a,pdm_closed,safety,"Task 5 real perception, primary",Task 5 energy pass: rails over idle (as_specified convention) x pass time per frame,mJ,0.5,141.43504652081128,69.5124056669773,143.845281707668,R1_gbm_clf,384,27,False,167.26315758244598,nuScenes feature time as proxy (track features not timed),,,True,,,164.15219972227897,,,,,,,330.0,"infeasible: allocator overhead 167.2632 mJ per input exceeds the budget headroom b - C_c = 71.9226 mJ, so it cannot run within this budget",as_specified
nuPlan,n/a,pdm_closed,safety,"Task 5 real perception, primary",Task 5 energy pass: rails over idle (as_specified convention) x pass time per frame,mJ,0.5,141.43504652081128,69.5124056669773,143.845281707668,oracle,384,27,True,0.0,none,0.4999999999999999,1.1102230246251565e-16,True,,164.15219972227897,164.15219972227897,1.0,1.0,1.0,0.6762139777685177,0.6561366158481363,0.7200656294320502,330.0,,as_specified
nuPlan,n/a,pdm_closed,safety,"Task 5 real perception, primary",Task 5 energy pass: rails over idle (as_specified convention) x pass time per frame,mJ,0.5,141.43504652081128,69.5124056669773,143.845281707668,gate_gbm_batched,384,27,True,29.784564632297375,nuScenes feature time as proxy (track features not timed),0.29294027389214217,0.20705972610785783,True,,162.85680724453601,164.15219972227897,0.9921085889806255,0.9914880677096739,0.9930610966799792,0.6672487922158188,0.6472278083160381,0.7131392717467661,330.0,,as_specified
nuPlan,n/a,pdm_closed,safety,"Task 5 real perception, primary",Task 5 energy pass: rails over idle (as_specified convention) x pass time per frame,mJ,0.5,141.43504652081128,69.5124056669773,143.845281707668,criticality_gt,384,27,False,,,,,,,,,,,,,,,,needs FULL on every frame: >= 213.36 mJ per frame before computing the metric,as_specified
nuPlan,n/a,pdm_closed,safety,"Task 5 real perception, primary",Task 5 energy pass: rails over idle (as_specified convention) x pass time per frame,mJ,0.5,141.43504652081128,69.5124056669773,143.845281707668,dE_E1_fn_only,384,27,False,,,,,,,,,,,,,,,,needs FULL on every frame: >= 213.36 mJ per frame before computing the metric,as_specified
nuPlan,n/a,pdm_closed,safety,"Task 5 real perception, primary",Task 5 energy pass: rails over idle (as_specified convention) x pass time per frame,mJ,0.5,141.43504652081128,69.5124056669773,143.845281707668,dE_E6_risk_weighted,384,27,False,,,,,,,,,,,,,,,,needs FULL on every frame: >= 213.36 mJ per frame before computing the metric,as_specified
nuPlan,n/a,pdm_closed,scalar_J,"Task 5 real perception, primary",Task 5 energy pass: rails over idle (as_specified convention) x pass time per frame,mJ,0.1,83.8969338377441,69.5124056669773,143.845281707668,random,384,48,True,0.0,none,0.1,0.0,True,,10.715844401534403,173.39931409750278,0.06179865507143161,0.054555336686608655,0.07947562999709123,0.0,0.0,0.0,346.0,,as_specified
nuPlan,n/a,pdm_closed,scalar_J,"Task 5 real perception, primary",Task 5 energy pass: rails over idle (as_specified convention) x pass time per frame,mJ,0.1,83.8969338377441,69.5124056669773,143.845281707668,criticality_cheap,384,48,True,12.39072266060421,nuScenes feature time as proxy (track features not timed),0.013860764054913769,0.08613923594508624,True,,0.0,173.39931409750278,0.0,-9.67778040689822e-06,0.0,-0.06348387864652415,-0.07947562999709123,-0.05448754964834694,346.0,,as_specified
nuPlan,n/a,pdm_closed,scalar_J,"Task 5 real perception, primary",Task 5 energy pass: rails over idle (as_specified convention) x pass time per frame,mJ,0.1,83.8969338377441,69.5124056669773,143.845281707668,gate_ridge,384,48,False,33.069165210159746,nuScenes feature time as proxy (track features not timed),,,True,,,173.39931409750278,,,,,,,346.0,"infeasible: allocator overhead 33.0692 mJ per input exceeds the budget headroom b - C_c = 14.3845 mJ, so it cannot run within this budget",as_specified
nuPlan,n/a,pdm_closed,scalar_J,"Task 5 real perception, primary",Task 5 energy pass: rails over idle (as_specified convention) x pass time per frame,mJ,0.1,83.8969338377441,69.5124056669773,143.845281707668,gate_gbm,384,48,False,180.07045548355018,nuScenes feature time as proxy (track features not timed),,,True,,,173.39931409750278,,,,,,,346.0,"infeasible: allocator overhead 180.0705 mJ per input exceeds the budget headroom b - C_c = 14.3845 mJ, so it cannot run within this budget",as_specified
nuPlan,n/a,pdm_closed,scalar_J,"Task 5 real perception, primary",Task 5 energy pass: rails over idle (as_specified convention) x pass time per frame,mJ,0.1,83.8969338377441,69.5124056669773,143.845281707668,R1_mlp_reg,384,48,True,6.8253131813587125,nuScenes feature time as proxy (track features not timed),0.05255101105624326,0.047448988943756744,True,,12.61975966686615,173.39931409750278,0.0727786019947578,0.0016757479558893412,0.08506420036565758,-0.0005338697130997239,-0.06470926617951059,0.012102697207361408,346.0,,as_specified
nuPlan,n/a,pdm_closed,scalar_J,"Task 5 real perception, primary",Task 5 energy pass: rails over idle (as_specified convention) x pass time per frame,mJ,0.1,83.8969338377441,69.5124056669773,143.845281707668,R1_mlp_clf,384,48,True,6.8253131813587125,nuScenes feature time as proxy (track features not timed),0.05255101105624326,0.047448988943756744,True,,11.353111968824226,173.39931409750278,0.06547379975471154,0.05869952919898344,0.14586231253238033,0.0070361280243676555,0.0019748042984965943,0.0791697658432764,346.0,,as_specified
nuPlan,n/a,pdm_closed,scalar_J,"Task 5 real perception, primary",Task 5 energy pass: rails over idle (as_specified convention) x pass time per frame,mJ,0.1,83.8969338377441,69.5124056669773,143.845281707668,R1_gbm_reg,384,48,False,167.26315758244598,nuScenes feature time as proxy (track features not timed),,,True,,,173.39931409750278,,,,,,,346.0,"infeasible: allocator overhead 167.2632 mJ per input exceeds the budget headroom b - C_c = 14.3845 mJ, so it cannot run within this budget",as_specified
nuPlan,n/a,pdm_closed,scalar_J,"Task 5 real perception, primary",Task 5 energy pass: rails over idle (as_specified convention) x pass time per frame,mJ,0.1,83.8969338377441,69.5124056669773,143.845281707668,R1_gbm_clf,384,48,False,167.26315758244598,nuScenes feature time as proxy (track features not timed),,,True,,,173.39931409750278,,,,,,,346.0,"infeasible: allocator overhead 167.2632 mJ per input exceeds the budget headroom b - C_c = 14.3845 mJ, so it cannot run within this budget",as_specified
nuPlan,n/a,pdm_closed,scalar_J,"Task 5 real perception, primary",Task 5 energy pass: rails over idle (as_specified convention) x pass time per frame,mJ,0.1,83.8969338377441,69.5124056669773,143.845281707668,oracle,384,48,True,0.0,none,0.1,0.0,True,,173.39931409750278,173.39931409750278,1.0,1.0,1.0,0.9363750032951577,0.9205243700029088,0.9454446633133914,346.0,,as_specified
nuPlan,n/a,pdm_closed,scalar_J,"Task 5 real perception, primary",Task 5 energy pass: rails over idle (as_specified convention) x pass time per frame,mJ,0.1,83.8969338377441,69.5124056669773,143.845281707668,gate_gbm_batched,384,48,False,29.784564632297375,nuScenes feature time as proxy (track features not timed),,,True,,,173.39931409750278,,,,,,,346.0,"infeasible: allocator overhead 29.7846 mJ per input exceeds the budget headroom b - C_c = 14.3845 mJ, so it cannot run within this budget",as_specified
nuPlan,n/a,pdm_closed,scalar_J,"Task 5 real perception, primary",Task 5 energy pass: rails over idle (as_specified convention) x pass time per frame,mJ,0.1,83.8969338377441,69.5124056669773,143.845281707668,criticality_gt,384,48,False,,,,,,,,,,,,,,,,needs FULL on every frame: >= 213.36 mJ per frame before computing the metric,as_specified
nuPlan,n/a,pdm_closed,scalar_J,"Task 5 real perception, primary",Task 5 energy pass: rails over idle (as_specified convention) x pass time per frame,mJ,0.1,83.8969338377441,69.5124056669773,143.845281707668,dE_E1_fn_only,384,48,False,,,,,,,,,,,,,,,,needs FULL on every frame: >= 213.36 mJ per frame before computing the metric,as_specified
nuPlan,n/a,pdm_closed,scalar_J,"Task 5 real perception, primary",Task 5 energy pass: rails over idle (as_specified convention) x pass time per frame,mJ,0.1,83.8969338377441,69.5124056669773,143.845281707668,dE_E6_risk_weighted,384,48,False,,,,,,,,,,,,,,,,needs FULL on every frame: >= 213.36 mJ per frame before computing the metric,as_specified
nuPlan,n/a,pdm_closed,scalar_J,"Task 5 real perception, primary",Task 5 energy pass: rails over idle (as_specified convention) x pass time per frame,mJ,0.2,98.2814620085109,69.5124056669773,143.845281707668,random,384,48,True,0.0,none,0.2,0.0,True,,21.431688803068806,173.39931409750278,0.12359731014286322,0.10975823805531428,0.13370789917449544,0.0,0.0,0.0,346.0,,as_specified
nuPlan,n/a,pdm_closed,scalar_J,"Task 5 real perception, primary",Task 5 energy pass: rails over idle (as_specified convention) x pass time per frame,mJ,0.2,98.2814620085109,69.5124056669773,143.845281707668,criticality_cheap,384,48,True,12.39072266060421,nuScenes feature time as proxy (track features not timed),0.11386076405491376,0.08613923594508625,True,,0.11963684525031305,173.39931409750278,0.0006899499336141607,-1.5744007299804645e-05,0.278649696220622,-0.08759312426150859,-0.1337596872138905,0.15434056567478865,346.0,,as_specified
nuPlan,n/a,pdm_closed,scalar_J,"Task 5 real perception, primary",Task 5 energy pass: rails over idle (as_specified convention) x pass time per frame,mJ,0.2,98.2814620085109,69.5124056669773,143.845281707668,gate_ridge,384,48,False,33.069165210159746,nuScenes feature time as proxy (track features not timed),,,True,,,173.39931409750278,,,,,,,346.0,"infeasible: allocator overhead 33.0692 mJ per input exceeds the budget headroom b - C_c = 28.7691 mJ, so it cannot run within this budget",as_specified
nuPlan,n/a,pdm_closed,scalar_J,"Task 5 real perception, primary",Task 5 energy pass: rails over idle (as_specified convention) x pass time per frame,mJ,0.2,98.2814620085109,69.5124056669773,143.845281707668,gate_gbm,384,48,False,180.07045548355018,nuScenes feature time as proxy (track features not timed),,,True,,,173.39931409750278,,,,,,,346.0,"infeasible: allocator overhead 180.0705 mJ per input exceeds the budget headroom b - C_c = 28.7691 mJ, so it cannot run within this budget",as_specified
nuPlan,n/a,pdm_closed,scalar_J,"Task 5 real perception, primary",Task 5 energy pass: rails over idle (as_specified convention) x pass time per frame,mJ,0.2,98.2814620085109,69.5124056669773,143.845281707668,R1_mlp_reg,384,48,True,6.8253131813587125,nuScenes feature time as proxy (track features not timed),0.15255101105624325,0.047448988943756765,True,,12.544377171694936,173.39931409750278,0.07234386846905985,0.0017158663342932581,0.15117979839534088,-0.05246767854575644,-0.1316031249892599,0.018463100744302935,346.0,,as_specified
nuPlan,n/a,pdm_closed,scalar_J,"Task 5 real perception, primary",Task 5 energy pass: rails over idle (as_specified convention) x pass time per frame,mJ,0.2,98.2814620085109,69.5124056669773,143.845281707668,R1_mlp_clf,384,48,True,6.8253131813587125,nuScenes feature time as proxy (track features not timed),0.15255101105624325,0.047448988943756765,True,,24.325392246962316,173.39931409750278,0.1402854006290019,0.06681631968264522,0.3699553382839841,0.03205460407669423,-0.056181846770691685,0.23701574146481477,346.0,,as_specified
nuPlan,n/a,pdm_closed,scalar_J,"Task 5 real perception, primary",Task 5 energy pass: rails over idle (as_specified convention) x pass time per frame,mJ,0.2,98.2814620085109,69.5124056669773,143.845281707668,R1_gbm_reg,384,48,False,167.26315758244598,nuScenes feature time as proxy (track features not timed),,,True,,,173.39931409750278,,,,,,,346.0,"infeasible: allocator overhead 167.2632 mJ per input exceeds the budget headroom b - C_c = 28.7691 mJ, so it cannot run within this budget",as_specified
nuPlan,n/a,pdm_closed,scalar_J,"Task 5 real perception, primary",Task 5 energy pass: rails over idle (as_specified convention) x pass time per frame,mJ,0.2,98.2814620085109,69.5124056669773,143.845281707668,R1_gbm_clf,384,48,False,167.26315758244598,nuScenes feature time as proxy (track features not timed),,,True,,,173.39931409750278,,,,,,,346.0,"infeasible: allocator overhead 167.2632 mJ per input exceeds the budget headroom b - C_c = 28.7691 mJ, so it cannot run within this budget",as_specified
nuPlan,n/a,pdm_closed,scalar_J,"Task 5 real perception, primary",Task 5 energy pass: rails over idle (as_specified convention) x pass time per frame,mJ,0.2,98.2814620085109,69.5124056669773,143.845281707668,oracle,384,48,True,0.0,none,0.2,0.0,True,,173.39931409750278,173.39931409750278,1.0,1.0,1.0,0.8739228264668477,0.8662921008255046,0.8902417619446857,346.0,,as_specified
nuPlan,n/a,pdm_closed,scalar_J,"Task 5 real perception, primary",Task 5 energy pass: rails over idle (as_specified convention) x pass time per frame,mJ,0.2,98.2814620085109,69.5124056669773,143.845281707668,gate_gbm_batched,384,48,False,29.784564632297375,nuScenes feature time as proxy (track features not timed),,,True,,,173.39931409750278,,,,,,,346.0,"infeasible: allocator overhead 29.7846 mJ per input exceeds the budget headroom b - C_c = 28.7691 mJ, so it cannot run within this budget",as_specified
nuPlan,n/a,pdm_closed,scalar_J,"Task 5 real perception, primary",Task 5 energy pass: rails over idle (as_specified convention) x pass time per frame,mJ,0.2,98.2814620085109,69.5124056669773,143.845281707668,criticality_gt,384,48,False,,,,,,,,,,,,,,,,needs FULL on every frame: >= 213.36 mJ per frame before computing the metric,as_specified
nuPlan,n/a,pdm_closed,scalar_J,"Task 5 real perception, primary",Task 5 energy pass: rails over idle (as_specified convention) x pass time per frame,mJ,0.2,98.2814620085109,69.5124056669773,143.845281707668,dE_E1_fn_only,384,48,False,,,,,,,,,,,,,,,,needs FULL on every frame: >= 213.36 mJ per frame before computing the metric,as_specified
nuPlan,n/a,pdm_closed,scalar_J,"Task 5 real perception, primary",Task 5 energy pass: rails over idle (as_specified convention) x pass time per frame,mJ,0.2,98.2814620085109,69.5124056669773,143.845281707668,dE_E6_risk_weighted,384,48,False,,,,,,,,,,,,,,,,needs FULL on every frame: >= 213.36 mJ per frame before computing the metric,as_specified
nuPlan,n/a,pdm_closed,scalar_J,"Task 5 real perception, primary",Task 5 energy pass: rails over idle (as_specified convention) x pass time per frame,mJ,0.3,112.6659901792777,69.5124056669773,143.845281707668,random,384,48,True,0.0,none,0.3,0.0,True,,32.42952910990675,173.39931409750278,0.1870222456109115,0.1649185566038392,0.20056184876174318,0.0,0.0,0.0,346.0,,as_specified
nuPlan,n/a,pdm_closed,scalar_J,"Task 5 real perception, primary",Task 5 energy pass: rails over idle (as_specified convention) x pass time per frame,mJ,0.3,112.6659901792777,69.5124056669773,143.845281707668,criticality_cheap,384,48,True,12.39072266060421,nuScenes feature time as proxy (track features not timed),0.21386076405491375,0.08613923594508624,True,,35.69211320874355,173.39931409750278,0.20583768392920979,-1.5740135666377883e-05,0.8051706557188685,0.0071296448764894705,-0.20010449015764212,0.6132452542639717,346.0,,as_specified
nuPlan,n/a,pdm_closed,scalar_J,"Task 5 real perception, primary",Task 5 energy pass: rails over idle (as_specified convention) x pass time per frame,mJ,0.3,112.6659901792777,69.5124056669773,143.845281707668,gate_ridge,384,48,True,33.069165210159746,nuScenes feature time as proxy (track features not timed),0.0701060137838576,0.22989398621614238,True,,85.84558755930988,173.39931409750278,0.495074550935298,0.351259389374602,0.6824852054179227,0.2842041220972946,0.1546211165968558,0.48336183171684566,346.0,,as_specified
nuPlan,n/a,pdm_closed,scalar_J,"Task 5 real perception, primary",Task 5 energy pass: rails over idle (as_specified convention) x pass time per frame,mJ,0.3,112.6659901792777,69.5124056669773,143.845281707668,gate_gbm,384,48,False,180.07045548355018,nuScenes feature time as proxy (track features not timed),,,True,,,173.39931409750278,,,,,,,346.0,"infeasible: allocator overhead 180.0705 mJ per input exceeds the budget headroom b - C_c = 43.1536 mJ, so it cannot run within this budget",as_specified
nuPlan,n/a,pdm_closed,scalar_J,"Task 5 real perception, primary",Task 5 energy pass: rails over idle (as_specified convention) x pass time per frame,mJ,0.3,112.6659901792777,69.5124056669773,143.845281707668,R1_mlp_reg,384,48,True,6.8253131813587125,nuScenes feature time as proxy (track features not timed),0.2525510110562433,0.04744898894375671,True,,24.354004477929557,173.39931409750278,0.14045040838071166,0.12536388842462665,0.1888351745005765,-0.044733635184906334,-0.0527996564957158,0.007268065723358255,346.0,,as_specified
nuPlan,n/a,pdm_closed,scalar_J,"Task 5 real perception, primary",Task 5 energy pass: rails over idle (as_specified convention) x pass time per frame,mJ,0.3,112.6659901792777,69.5124056669773,143.845281707668,R1_mlp_clf,384,48,True,6.8253131813587125,nuScenes feature time as proxy (track features not timed),0.2525510110562433,0.04744898894375671,True,,70.57296256702269,173.39931409750278,0.40699678043327997,0.1509768772282062,0.6800323709956527,0.2371668113384048,-0.04598677959758558,0.49405947558001,346.0,,as_specified
nuPlan,n/a,pdm_closed,scalar_J,"Task 5 real perception, primary",Task 5 energy pass: rails over idle (as_specified convention) x pass time per frame,mJ,0.3,112.6659901792777,69.5124056669773,143.845281707668,R1_gbm_reg,384,48,False,167.26315758244598,nuScenes feature time as proxy (track features not timed),,,True,,,173.39931409750278,,,,,,,346.0,"infeasible: allocator overhead 167.2632 mJ per input exceeds the budget headroom b - C_c = 43.1536 mJ, so it cannot run within this budget",as_specified
nuPlan,n/a,pdm_closed,scalar_J,"Task 5 real perception, primary",Task 5 energy pass: rails over idle (as_specified convention) x pass time per frame,mJ,0.3,112.6659901792777,69.5124056669773,143.845281707668,R1_gbm_clf,384,48,False,167.26315758244598,nuScenes feature time as proxy (track features not timed),,,True,,,173.39931409750278,,,,,,,346.0,"infeasible: allocator overhead 167.2632 mJ per input exceeds the budget headroom b - C_c = 43.1536 mJ, so it cannot run within this budget",as_specified
nuPlan,n/a,pdm_closed,scalar_J,"Task 5 real perception, primary",Task 5 energy pass: rails over idle (as_specified convention) x pass time per frame,mJ,0.3,112.6659901792777,69.5124056669773,143.845281707668,oracle,384,48,True,0.0,none,0.3,0.0,True,,173.39931409750278,173.39931409750278,1.0,1.0,1.0,0.810540245265004,0.7994381512382568,0.8350814433961609,346.0,,as_specified
nuPlan,n/a,pdm_closed,scalar_J,"Task 5 real perception, primary",Task 5 energy pass: rails over idle (as_specified convention) x pass time per frame,mJ,0.3,112.6659901792777,69.5124056669773,143.845281707668,gate_gbm_batched,384,48,True,29.784564632297375,nuScenes feature time as proxy (track features not timed),0.09294027389214225,0.20705972610785772,True,,148.991387513202,173.39931409750278,0.8592386209176344,0.46235929570158235,0.99167290615408,0.5792999087144578,0.26978019282163085,0.8020203566424152,346.0,,as_specified
nuPlan,n/a,pdm_closed,scalar_J,"Task 5 real perception, primary",Task 5 energy pass: rails over idle (as_specified convention) x pass time per frame,mJ,0.3,112.6659901792777,69.5124056669773,143.845281707668,criticality_gt,384,48,False,,,,,,,,,,,,,,,,needs FULL on every frame: >= 213.36 mJ per frame before computing the metric,as_specified
nuPlan,n/a,pdm_closed,scalar_J,"Task 5 real perception, primary",Task 5 energy pass: rails over idle (as_specified convention) x pass time per frame,mJ,0.3,112.6659901792777,69.5124056669773,143.845281707668,dE_E1_fn_only,384,48,False,,,,,,,,,,,,,,,,needs FULL on every frame: >= 213.36 mJ per frame before computing the metric,as_specified
nuPlan,n/a,pdm_closed,scalar_J,"Task 5 real perception, primary",Task 5 energy pass: rails over idle (as_specified convention) x pass time per frame,mJ,0.3,112.6659901792777,69.5124056669773,143.845281707668,dE_E6_risk_weighted,384,48,False,,,,,,,,,,,,,,,,needs FULL on every frame: >= 213.36 mJ per frame before computing the metric,as_specified
nuPlan,n/a,pdm_closed,scalar_J,"Task 5 real perception, primary",Task 5 energy pass: rails over idle (as_specified convention) x pass time per frame,mJ,0.5,141.43504652081128,69.5124056669773,143.845281707668,random,384,48,True,0.0,none,0.4999999999999999,1.1102230246251565e-16,True,,54.143213818279094,173.39931409750278,0.3122458361503913,0.27576319309966707,0.334521802872528,0.0,0.0,0.0,346.0,,as_specified
nuPlan,n/a,pdm_closed,scalar_J,"Task 5 real perception, primary",Task 5 energy pass: rails over idle (as_specified convention) x pass time per frame,mJ,0.5,141.43504652081128,69.5124056669773,143.845281707668,criticality_cheap,384,48,True,12.39072266060421,nuScenes feature time as proxy (track features not timed),0.4138607640549137,0.08613923594508632,True,,156.5196537592577,173.39931409750278,0.9026543996087919,0.16073875929277487,0.9226078781550354,0.4409617870162237,-0.17164367384594068,0.6311475778215168,346.0,,as_specified
nuPlan,n/a,pdm_closed,scalar_J,"Task 5 real perception, primary",Task 5 energy pass: rails over idle (as_specified convention) x pass time per frame,mJ,0.5,141.43504652081128,69.5124056669773,143.845281707668,gate_ridge,384,48,True,33.069165210159746,nuScenes feature time as proxy (track features not timed),0.2701060137838575,0.2298939862161425,True,,170.80627771367682,173.39931409750278,0.9850458671228198,0.9701152928629033,0.9992320210830604,0.6676893595825497,0.6357688897189618,0.7138980502801213,346.0,,as_specified
nuPlan,n/a,pdm_closed,scalar_J,"Task 5 real perception, primary",Task 5 energy pass: rails over idle (as_specified convention) x pass time per frame,mJ,0.5,141.43504652081128,69.5124056669773,143.845281707668,gate_gbm,384,48,False,180.07045548355018,nuScenes feature time as proxy (track features not timed),,,True,,,173.39931409750278,,,,,,,346.0,"infeasible: allocator overhead 180.0705 mJ per input exceeds the budget headroom b - C_c = 71.9226 mJ, so it cannot run within this budget",as_specified
nuPlan,n/a,pdm_closed,scalar_J,"Task 5 real perception, primary",Task 5 energy pass: rails over idle (as_specified convention) x pass time per frame,mJ,0.5,141.43504652081128,69.5124056669773,143.845281707668,R1_mlp_reg,384,48,True,6.8253131813587125,nuScenes feature time as proxy (track features not timed),0.4525510110562432,0.04744898894375682,True,,74.45974019101318,173.39931409750278,0.4294119649697364,0.3405402423373348,0.5360740352643751,0.1065598316212421,0.0395483399457373,0.22099988877777507,346.0,,as_specified
nuPlan,n/a,pdm_closed,scalar_J,"Task 5 real perception, primary",Task 5 energy pass: rails over idle (as_specified convention) x pass time per frame,mJ,0.5,141.43504652081128,69.5124056669773,143.845281707668,R1_mlp_clf,384,48,True,6.8253131813587125,nuScenes feature time as proxy (track features not timed),0.4525510110562432,0.04744898894375682,True,,104.69305903500513,173.39931409750278,0.6037685880126147,0.5057030556172456,0.7025244348767851,0.2954403872187164,0.17167603939334652,0.4044323985230379,346.0,,as_specified
nuPlan,n/a,pdm_closed,scalar_J,"Task 5 real perception, primary",Task 5 energy pass: rails over idle (as_specified convention) x pass time per frame,mJ,0.5,141.43504652081128,69.5124056669773,143.845281707668,R1_gbm_reg,384,48,False,167.26315758244598,nuScenes feature time as proxy (track features not timed),,,True,,,173.39931409750278,,,,,,,346.0,"infeasible: allocator overhead 167.2632 mJ per input exceeds the budget headroom b - C_c = 71.9226 mJ, so it cannot run within this budget",as_specified
nuPlan,n/a,pdm_closed,scalar_J,"Task 5 real perception, primary",Task 5 energy pass: rails over idle (as_specified convention) x pass time per frame,mJ,0.5,141.43504652081128,69.5124056669773,143.845281707668,R1_gbm_clf,384,48,False,167.26315758244598,nuScenes feature time as proxy (track features not timed),,,True,,,173.39931409750278,,,,,,,346.0,"infeasible: allocator overhead 167.2632 mJ per input exceeds the budget headroom b - C_c = 71.9226 mJ, so it cannot run within this budget",as_specified
nuPlan,n/a,pdm_closed,scalar_J,"Task 5 real perception, primary",Task 5 energy pass: rails over idle (as_specified convention) x pass time per frame,mJ,0.5,141.43504652081128,69.5124056669773,143.845281707668,oracle,384,48,True,0.0,none,0.4999999999999999,1.1102230246251565e-16,True,,173.39931409750278,173.39931409750278,1.0,1.0,1.0,0.6830643882994817,0.665478197127472,0.7242368069003329,346.0,,as_specified
nuPlan,n/a,pdm_closed,scalar_J,"Task 5 real perception, primary",Task 5 energy pass: rails over idle (as_specified convention) x pass time per frame,mJ,0.5,141.43504652081128,69.5124056669773,143.845281707668,gate_gbm_batched,384,48,True,29.784564632297375,nuScenes feature time as proxy (track features not timed),0.29294027389214217,0.20705972610785783,True,,171.54346920619648,173.39931409750278,0.9892972766301558,0.9878541420778082,0.9901943701592245,0.6723302878112065,0.6533866658359169,0.7140071974009103,346.0,,as_specified
nuPlan,n/a,pdm_closed,scalar_J,"Task 5 real perception, primary",Task 5 energy pass: rails over idle (as_specified convention) x pass time per frame,mJ,0.5,141.43504652081128,69.5124056669773,143.845281707668,criticality_gt,384,48,False,,,,,,,,,,,,,,,,needs FULL on every frame: >= 213.36 mJ per frame before computing the metric,as_specified
nuPlan,n/a,pdm_closed,scalar_J,"Task 5 real perception, primary",Task 5 energy pass: rails over idle (as_specified convention) x pass time per frame,mJ,0.5,141.43504652081128,69.5124056669773,143.845281707668,dE_E1_fn_only,384,48,False,,,,,,,,,,,,,,,,needs FULL on every frame: >= 213.36 mJ per frame before computing the metric,as_specified
nuPlan,n/a,pdm_closed,scalar_J,"Task 5 real perception, primary",Task 5 energy pass: rails over idle (as_specified convention) x pass time per frame,mJ,0.5,141.43504652081128,69.5124056669773,143.845281707668,dE_E6_risk_weighted,384,48,False,,,,,,,,,,,,,,,,needs FULL on every frame: >= 213.36 mJ per frame before computing the metric,as_specified
nuPlan,n/a,idm,safety,"Task 5 real perception, primary",Task 5 energy pass: rails over idle (as_specified convention) x pass time per frame,mJ,0.1,83.8969338377441,69.5124056669773,143.845281707668,random,384,4,True,0.0,none,0.1,0.0,False,near-zero oracle: 4 affected states on this split (< 10),1.1548463908441906,12.203500129193813,,,,,,,332.0,,as_specified
nuPlan,n/a,idm,safety,"Task 5 real perception, primary",Task 5 energy pass: rails over idle (as_specified convention) x pass time per frame,mJ,0.1,83.8969338377441,69.5124056669773,143.845281707668,criticality_cheap,384,4,True,12.39072266060421,nuScenes feature time as proxy (track features not timed),0.013860764054913769,0.08613923594508624,False,near-zero oracle: 4 affected states on this split (< 10),0.0,12.203500129193813,,,,,,,332.0,,as_specified
nuPlan,n/a,idm,safety,"Task 5 real perception, primary",Task 5 energy pass: rails over idle (as_specified convention) x pass time per frame,mJ,0.1,83.8969338377441,69.5124056669773,143.845281707668,gate_ridge,384,4,False,33.069165210159746,nuScenes feature time as proxy (track features not timed),,,False,near-zero oracle: 4 affected states on this split (< 10),,12.203500129193813,,,,,,,332.0,"infeasible: allocator overhead 33.0692 mJ per input exceeds the budget headroom b - C_c = 14.3845 mJ, so it cannot run within this budget",as_specified
nuPlan,n/a,idm,safety,"Task 5 real perception, primary",Task 5 energy pass: rails over idle (as_specified convention) x pass time per frame,mJ,0.1,83.8969338377441,69.5124056669773,143.845281707668,gate_gbm,384,4,False,180.07045548355018,nuScenes feature time as proxy (track features not timed),,,False,near-zero oracle: 4 affected states on this split (< 10),,12.203500129193813,,,,,,,332.0,"infeasible: allocator overhead 180.0705 mJ per input exceeds the budget headroom b - C_c = 14.3845 mJ, so it cannot run within this budget",as_specified
nuPlan,n/a,idm,safety,"Task 5 real perception, primary",Task 5 energy pass: rails over idle (as_specified convention) x pass time per frame,mJ,0.1,83.8969338377441,69.5124056669773,143.845281707668,R1_mlp_reg,384,4,True,6.8253131813587125,nuScenes feature time as proxy (track features not timed),0.05255101105624326,0.047448988943756744,False,near-zero oracle: 4 affected states on this split (< 10),0.0,12.203500129193813,,,,,,,332.0,,as_specified
nuPlan,n/a,idm,safety,"Task 5 real perception, primary",Task 5 energy pass: rails over idle (as_specified convention) x pass time per frame,mJ,0.1,83.8969338377441,69.5124056669773,143.845281707668,R1_mlp_clf,384,4,True,6.8253131813587125,nuScenes feature time as proxy (track features not timed),0.05255101105624326,0.047448988943756744,False,near-zero oracle: 4 affected states on this split (< 10),0.6078138899179951,12.203500129193813,,,,,,,332.0,,as_specified
nuPlan,n/a,idm,safety,"Task 5 real perception, primary",Task 5 energy pass: rails over idle (as_specified convention) x pass time per frame,mJ,0.1,83.8969338377441,69.5124056669773,143.845281707668,R1_gbm_reg,384,4,False,167.26315758244598,nuScenes feature time as proxy (track features not timed),,,False,near-zero oracle: 4 affected states on this split (< 10),,12.203500129193813,,,,,,,332.0,"infeasible: allocator overhead 167.2632 mJ per input exceeds the budget headroom b - C_c = 14.3845 mJ, so it cannot run within this budget",as_specified
nuPlan,n/a,idm,safety,"Task 5 real perception, primary",Task 5 energy pass: rails over idle (as_specified convention) x pass time per frame,mJ,0.1,83.8969338377441,69.5124056669773,143.845281707668,R1_gbm_clf,384,4,False,167.26315758244598,nuScenes feature time as proxy (track features not timed),,,False,near-zero oracle: 4 affected states on this split (< 10),,12.203500129193813,,,,,,,332.0,"infeasible: allocator overhead 167.2632 mJ per input exceeds the budget headroom b - C_c = 14.3845 mJ, so it cannot run within this budget",as_specified
nuPlan,n/a,idm,safety,"Task 5 real perception, primary",Task 5 energy pass: rails over idle (as_specified convention) x pass time per frame,mJ,0.1,83.8969338377441,69.5124056669773,143.845281707668,oracle,384,4,True,0.0,none,0.1,0.0,False,near-zero oracle: 4 affected states on this split (< 10),12.203500129193813,12.203500129193813,,,,,,,332.0,,as_specified
nuPlan,n/a,idm,safety,"Task 5 real perception, primary",Task 5 energy pass: rails over idle (as_specified convention) x pass time per frame,mJ,0.1,83.8969338377441,69.5124056669773,143.845281707668,gate_gbm_batched,384,4,False,29.784564632297375,nuScenes feature time as proxy (track features not timed),,,False,near-zero oracle: 4 affected states on this split (< 10),,12.203500129193813,,,,,,,332.0,"infeasible: allocator overhead 29.7846 mJ per input exceeds the budget headroom b - C_c = 14.3845 mJ, so it cannot run within this budget",as_specified
nuPlan,n/a,idm,safety,"Task 5 real perception, primary",Task 5 energy pass: rails over idle (as_specified convention) x pass time per frame,mJ,0.1,83.8969338377441,69.5124056669773,143.845281707668,criticality_gt,384,4,False,,,,,,,,,,,,,,,,needs FULL on every frame: >= 213.36 mJ per frame before computing the metric,as_specified
nuPlan,n/a,idm,safety,"Task 5 real perception, primary",Task 5 energy pass: rails over idle (as_specified convention) x pass time per frame,mJ,0.1,83.8969338377441,69.5124056669773,143.845281707668,dE_E1_fn_only,384,4,False,,,,,,,,,,,,,,,,needs FULL on every frame: >= 213.36 mJ per frame before computing the metric,as_specified
nuPlan,n/a,idm,safety,"Task 5 real perception, primary",Task 5 energy pass: rails over idle (as_specified convention) x pass time per frame,mJ,0.1,83.8969338377441,69.5124056669773,143.845281707668,dE_E6_risk_weighted,384,4,False,,,,,,,,,,,,,,,,needs FULL on every frame: >= 213.36 mJ per frame before computing the metric,as_specified
nuPlan,n/a,idm,safety,"Task 5 real perception, primary",Task 5 energy pass: rails over idle (as_specified convention) x pass time per frame,mJ,0.2,98.2814620085109,69.5124056669773,143.845281707668,random,384,4,True,0.0,none,0.2,0.0,False,near-zero oracle: 4 affected states on this split (< 10),2.309692781688381,12.203500129193813,,,,,,,332.0,,as_specified
nuPlan,n/a,idm,safety,"Task 5 real perception, primary",Task 5 energy pass: rails over idle (as_specified convention) x pass time per frame,mJ,0.2,98.2814620085109,69.5124056669773,143.845281707668,criticality_cheap,384,4,True,12.39072266060421,nuScenes feature time as proxy (track features not timed),0.11386076405491376,0.08613923594508625,False,near-zero oracle: 4 affected states on this split (< 10),0.0021982237939389138,12.203500129193813,,,,,,,332.0,,as_specified
nuPlan,n/a,idm,safety,"Task 5 real perception, primary",Task 5 energy pass: rails over idle (as_specified convention) x pass time per frame,mJ,0.2,98.2814620085109,69.5124056669773,143.845281707668,gate_ridge,384,4,False,33.069165210159746,nuScenes feature time as proxy (track features not timed),,,False,near-zero oracle: 4 affected states on this split (< 10),,12.203500129193813,,,,,,,332.0,"infeasible: allocator overhead 33.0692 mJ per input exceeds the budget headroom b - C_c = 28.7691 mJ, so it cannot run within this budget",as_specified
nuPlan,n/a,idm,safety,"Task 5 real perception, primary",Task 5 energy pass: rails over idle (as_specified convention) x pass time per frame,mJ,0.2,98.2814620085109,69.5124056669773,143.845281707668,gate_gbm,384,4,False,180.07045548355018,nuScenes feature time as proxy (track features not timed),,,False,near-zero oracle: 4 affected states on this split (< 10),,12.203500129193813,,,,,,,332.0,"infeasible: allocator overhead 180.0705 mJ per input exceeds the budget headroom b - C_c = 28.7691 mJ, so it cannot run within this budget",as_specified
nuPlan,n/a,idm,safety,"Task 5 real perception, primary",Task 5 energy pass: rails over idle (as_specified convention) x pass time per frame,mJ,0.2,98.2814620085109,69.5124056669773,143.845281707668,R1_mlp_reg,384,4,True,6.8253131813587125,nuScenes feature time as proxy (track features not timed),0.15255101105624325,0.047448988943756765,False,near-zero oracle: 4 affected states on this split (< 10),0.0,12.203500129193813,,,,,,,332.0,,as_specified
nuPlan,n/a,idm,safety,"Task 5 real perception, primary",Task 5 energy pass: rails over idle (as_specified convention) x pass time per frame,mJ,0.2,98.2814620085109,69.5124056669773,143.845281707668,R1_mlp_clf,384,4,True,6.8253131813587125,nuScenes feature time as proxy (track features not timed),0.15255101105624325,0.047448988943756765,False,near-zero oracle: 4 affected states on this split (< 10),1.7626602807621856,12.203500129193813,,,,,,,332.0,,as_specified
nuPlan,n/a,idm,safety,"Task 5 real perception, primary",Task 5 energy pass: rails over idle (as_specified convention) x pass time per frame,mJ,0.2,98.2814620085109,69.5124056669773,143.845281707668,R1_gbm_reg,384,4,False,167.26315758244598,nuScenes feature time as proxy (track features not timed),,,False,near-zero oracle: 4 affected states on this split (< 10),,12.203500129193813,,,,,,,332.0,"infeasible: allocator overhead 167.2632 mJ per input exceeds the budget headroom b - C_c = 28.7691 mJ, so it cannot run within this budget",as_specified
nuPlan,n/a,idm,safety,"Task 5 real perception, primary",Task 5 energy pass: rails over idle (as_specified convention) x pass time per frame,mJ,0.2,98.2814620085109,69.5124056669773,143.845281707668,R1_gbm_clf,384,4,False,167.26315758244598,nuScenes feature time as proxy (track features not timed),,,False,near-zero oracle: 4 affected states on this split (< 10),,12.203500129193813,,,,,,,332.0,"infeasible: allocator overhead 167.2632 mJ per input exceeds the budget headroom b - C_c = 28.7691 mJ, so it cannot run within this budget",as_specified
nuPlan,n/a,idm,safety,"Task 5 real perception, primary",Task 5 energy pass: rails over idle (as_specified convention) x pass time per frame,mJ,0.2,98.2814620085109,69.5124056669773,143.845281707668,oracle,384,4,True,0.0,none,0.2,0.0,False,near-zero oracle: 4 affected states on this split (< 10),12.203500129193813,12.203500129193813,,,,,,,332.0,,as_specified
nuPlan,n/a,idm,safety,"Task 5 real perception, primary",Task 5 energy pass: rails over idle (as_specified convention) x pass time per frame,mJ,0.2,98.2814620085109,69.5124056669773,143.845281707668,gate_gbm_batched,384,4,False,29.784564632297375,nuScenes feature time as proxy (track features not timed),,,False,near-zero oracle: 4 affected states on this split (< 10),,12.203500129193813,,,,,,,332.0,"infeasible: allocator overhead 29.7846 mJ per input exceeds the budget headroom b - C_c = 28.7691 mJ, so it cannot run within this budget",as_specified
nuPlan,n/a,idm,safety,"Task 5 real perception, primary",Task 5 energy pass: rails over idle (as_specified convention) x pass time per frame,mJ,0.2,98.2814620085109,69.5124056669773,143.845281707668,criticality_gt,384,4,False,,,,,,,,,,,,,,,,needs FULL on every frame: >= 213.36 mJ per frame before computing the metric,as_specified
nuPlan,n/a,idm,safety,"Task 5 real perception, primary",Task 5 energy pass: rails over idle (as_specified convention) x pass time per frame,mJ,0.2,98.2814620085109,69.5124056669773,143.845281707668,dE_E1_fn_only,384,4,False,,,,,,,,,,,,,,,,needs FULL on every frame: >= 213.36 mJ per frame before computing the metric,as_specified
nuPlan,n/a,idm,safety,"Task 5 real perception, primary",Task 5 energy pass: rails over idle (as_specified convention) x pass time per frame,mJ,0.2,98.2814620085109,69.5124056669773,143.845281707668,dE_E6_risk_weighted,384,4,False,,,,,,,,,,,,,,,,needs FULL on every frame: >= 213.36 mJ per frame before computing the metric,as_specified
nuPlan,n/a,idm,safety,"Task 5 real perception, primary",Task 5 energy pass: rails over idle (as_specified convention) x pass time per frame,mJ,0.3,112.6659901792777,69.5124056669773,143.845281707668,random,384,4,True,0.0,none,0.3,0.0,False,near-zero oracle: 4 affected states on this split (< 10),3.4949298670284716,12.203500129193813,,,,,,,332.0,,as_specified
nuPlan,n/a,idm,safety,"Task 5 real perception, primary",Task 5 energy pass: rails over idle (as_specified convention) x pass time per frame,mJ,0.3,112.6659901792777,69.5124056669773,143.845281707668,criticality_cheap,384,4,True,12.39072266060421,nuScenes feature time as proxy (track features not timed),0.21386076405491375,0.08613923594508624,False,near-zero oracle: 4 affected states on this split (< 10),0.0021982237939389138,12.203500129193813,,,,,,,332.0,,as_specified
nuPlan,n/a,idm,safety,"Task 5 real perception, primary",Task 5 energy pass: rails over idle (as_specified convention) x pass time per frame,mJ,0.3,112.6659901792777,69.5124056669773,143.845281707668,gate_ridge,384,4,True,33.069165210159746,nuScenes feature time as proxy (track features not timed),0.0701060137838576,0.22989398621614238,False,near-zero oracle: 4 affected states on this split (< 10),0.0,12.203500129193813,,,,,,,332.0,,as_specified
nuPlan,n/a,idm,safety,"Task 5 real perception, primary",Task 5 energy pass: rails over idle (as_specified convention) x pass time per frame,mJ,0.3,112.6659901792777,69.5124056669773,143.845281707668,gate_gbm,384,4,False,180.07045548355018,nuScenes feature time as proxy (track features not timed),,,False,near-zero oracle: 4 affected states on this split (< 10),,12.203500129193813,,,,,,,332.0,"infeasible: allocator overhead 180.0705 mJ per input exceeds the budget headroom b - C_c = 43.1536 mJ, so it cannot run within this budget",as_specified
nuPlan,n/a,idm,safety,"Task 5 real perception, primary",Task 5 energy pass: rails over idle (as_specified convention) x pass time per frame,mJ,0.3,112.6659901792777,69.5124056669773,143.845281707668,R1_mlp_reg,384,4,True,6.8253131813587125,nuScenes feature time as proxy (track features not timed),0.2525510110562433,0.04744898894375671,False,near-zero oracle: 4 affected states on this split (< 10),0.0,12.203500129193813,,,,,,,332.0,,as_specified
nuPlan,n/a,idm,safety,"Task 5 real perception, primary",Task 5 energy pass: rails over idle (as_specified convention) x pass time per frame,mJ,0.3,112.6659901792777,69.5124056669773,143.845281707668,R1_mlp_clf,384,4,True,6.8253131813587125,nuScenes feature time as proxy (track features not timed),0.2525510110562433,0.04744898894375671,False,near-zero oracle: 4 affected states on this split (< 10),2.9175066716063762,12.203500129193813,,,,,,,332.0,,as_specified
nuPlan,n/a,idm,safety,"Task 5 real perception, primary",Task 5 energy pass: rails over idle (as_specified convention) x pass time per frame,mJ,0.3,112.6659901792777,69.5124056669773,143.845281707668,R1_gbm_reg,384,4,False,167.26315758244598,nuScenes feature time as proxy (track features not timed),,,False,near-zero oracle: 4 affected states on this split (< 10),,12.203500129193813,,,,,,,332.0,"infeasible: allocator overhead 167.2632 mJ per input exceeds the budget headroom b - C_c = 43.1536 mJ, so it cannot run within this budget",as_specified
nuPlan,n/a,idm,safety,"Task 5 real perception, primary",Task 5 energy pass: rails over idle (as_specified convention) x pass time per frame,mJ,0.3,112.6659901792777,69.5124056669773,143.845281707668,R1_gbm_clf,384,4,False,167.26315758244598,nuScenes feature time as proxy (track features not timed),,,False,near-zero oracle: 4 affected states on this split (< 10),,12.203500129193813,,,,,,,332.0,"infeasible: allocator overhead 167.2632 mJ per input exceeds the budget headroom b - C_c = 43.1536 mJ, so it cannot run within this budget",as_specified
nuPlan,n/a,idm,safety,"Task 5 real perception, primary",Task 5 energy pass: rails over idle (as_specified convention) x pass time per frame,mJ,0.3,112.6659901792777,69.5124056669773,143.845281707668,oracle,384,4,True,0.0,none,0.3,0.0,False,near-zero oracle: 4 affected states on this split (< 10),12.203500129193813,12.203500129193813,,,,,,,332.0,,as_specified
nuPlan,n/a,idm,safety,"Task 5 real perception, primary",Task 5 energy pass: rails over idle (as_specified convention) x pass time per frame,mJ,0.3,112.6659901792777,69.5124056669773,143.845281707668,gate_gbm_batched,384,4,True,29.784564632297375,nuScenes feature time as proxy (track features not timed),0.09294027389214225,0.20705972610785772,False,near-zero oracle: 4 affected states on this split (< 10),0.0,12.203500129193813,,,,,,,332.0,,as_specified
nuPlan,n/a,idm,safety,"Task 5 real perception, primary",Task 5 energy pass: rails over idle (as_specified convention) x pass time per frame,mJ,0.3,112.6659901792777,69.5124056669773,143.845281707668,criticality_gt,384,4,False,,,,,,,,,,,,,,,,needs FULL on every frame: >= 213.36 mJ per frame before computing the metric,as_specified
nuPlan,n/a,idm,safety,"Task 5 real perception, primary",Task 5 energy pass: rails over idle (as_specified convention) x pass time per frame,mJ,0.3,112.6659901792777,69.5124056669773,143.845281707668,dE_E1_fn_only,384,4,False,,,,,,,,,,,,,,,,needs FULL on every frame: >= 213.36 mJ per frame before computing the metric,as_specified
nuPlan,n/a,idm,safety,"Task 5 real perception, primary",Task 5 energy pass: rails over idle (as_specified convention) x pass time per frame,mJ,0.3,112.6659901792777,69.5124056669773,143.845281707668,dE_E6_risk_weighted,384,4,False,,,,,,,,,,,,,,,,needs FULL on every frame: >= 213.36 mJ per frame before computing the metric,as_specified
nuPlan,n/a,idm,safety,"Task 5 real perception, primary",Task 5 energy pass: rails over idle (as_specified convention) x pass time per frame,mJ,0.5,141.43504652081128,69.5124056669773,143.845281707668,random,384,4,True,0.0,none,0.4999999999999999,1.1102230246251565e-16,False,near-zero oracle: 4 affected states on this split (< 10),5.8350133432127524,12.203500129193813,,,,,,,332.0,,as_specified
nuPlan,n/a,idm,safety,"Task 5 real perception, primary",Task 5 energy pass: rails over idle (as_specified convention) x pass time per frame,mJ,0.5,141.43504652081128,69.5124056669773,143.845281707668,criticality_cheap,384,4,True,12.39072266060421,nuScenes feature time as proxy (track features not timed),0.4138607640549137,0.08613923594508632,False,near-zero oracle: 4 affected states on this split (< 10),-0.5312752189743672,12.203500129193813,,,,,,,332.0,,as_specified
nuPlan,n/a,idm,safety,"Task 5 real perception, primary",Task 5 energy pass: rails over idle (as_specified convention) x pass time per frame,mJ,0.5,141.43504652081128,69.5124056669773,143.845281707668,gate_ridge,384,4,True,33.069165210159746,nuScenes feature time as proxy (track features not timed),0.2701060137838575,0.2298939862161425,False,near-zero oracle: 4 affected states on this split (< 10),0.0,12.203500129193813,,,,,,,332.0,,as_specified
nuPlan,n/a,idm,safety,"Task 5 real perception, primary",Task 5 energy pass: rails over idle (as_specified convention) x pass time per frame,mJ,0.5,141.43504652081128,69.5124056669773,143.845281707668,gate_gbm,384,4,False,180.07045548355018,nuScenes feature time as proxy (track features not timed),,,False,near-zero oracle: 4 affected states on this split (< 10),,12.203500129193813,,,,,,,332.0,"infeasible: allocator overhead 180.0705 mJ per input exceeds the budget headroom b - C_c = 71.9226 mJ, so it cannot run within this budget",as_specified
nuPlan,n/a,idm,safety,"Task 5 real perception, primary",Task 5 energy pass: rails over idle (as_specified convention) x pass time per frame,mJ,0.5,141.43504652081128,69.5124056669773,143.845281707668,R1_mlp_reg,384,4,True,6.8253131813587125,nuScenes feature time as proxy (track features not timed),0.4525510110562432,0.04744898894375682,False,near-zero oracle: 4 affected states on this split (< 10),0.0,12.203500129193813,,,,,,,332.0,,as_specified
nuPlan,n/a,idm,safety,"Task 5 real perception, primary",Task 5 energy pass: rails over idle (as_specified convention) x pass time per frame,mJ,0.5,141.43504652081128,69.5124056669773,143.845281707668,R1_mlp_clf,384,4,True,6.8253131813587125,nuScenes feature time as proxy (track features not timed),0.4525510110562432,0.04744898894375682,False,near-zero oracle: 4 affected states on this split (< 10),5.257590147790657,12.203500129193813,,,,,,,332.0,,as_specified
nuPlan,n/a,idm,safety,"Task 5 real perception, primary",Task 5 energy pass: rails over idle (as_specified convention) x pass time per frame,mJ,0.5,141.43504652081128,69.5124056669773,143.845281707668,R1_gbm_reg,384,4,False,167.26315758244598,nuScenes feature time as proxy (track features not timed),,,False,near-zero oracle: 4 affected states on this split (< 10),,12.203500129193813,,,,,,,332.0,"infeasible: allocator overhead 167.2632 mJ per input exceeds the budget headroom b - C_c = 71.9226 mJ, so it cannot run within this budget",as_specified
nuPlan,n/a,idm,safety,"Task 5 real perception, primary",Task 5 energy pass: rails over idle (as_specified convention) x pass time per frame,mJ,0.5,141.43504652081128,69.5124056669773,143.845281707668,R1_gbm_clf,384,4,False,167.26315758244598,nuScenes feature time as proxy (track features not timed),,,False,near-zero oracle: 4 affected states on this split (< 10),,12.203500129193813,,,,,,,332.0,"infeasible: allocator overhead 167.2632 mJ per input exceeds the budget headroom b - C_c = 71.9226 mJ, so it cannot run within this budget",as_specified
nuPlan,n/a,idm,safety,"Task 5 real perception, primary",Task 5 energy pass: rails over idle (as_specified convention) x pass time per frame,mJ,0.5,141.43504652081128,69.5124056669773,143.845281707668,oracle,384,4,True,0.0,none,0.4999999999999999,1.1102230246251565e-16,False,near-zero oracle: 4 affected states on this split (< 10),12.203500129193813,12.203500129193813,,,,,,,332.0,,as_specified
nuPlan,n/a,idm,safety,"Task 5 real perception, primary",Task 5 energy pass: rails over idle (as_specified convention) x pass time per frame,mJ,0.5,141.43504652081128,69.5124056669773,143.845281707668,gate_gbm_batched,384,4,True,29.784564632297375,nuScenes feature time as proxy (track features not timed),0.29294027389214217,0.20705972610785783,False,near-zero oracle: 4 affected states on this split (< 10),11.5,12.203500129193813,,,,,,,332.0,,as_specified
nuPlan,n/a,idm,safety,"Task 5 real perception, primary",Task 5 energy pass: rails over idle (as_specified convention) x pass time per frame,mJ,0.5,141.43504652081128,69.5124056669773,143.845281707668,criticality_gt,384,4,False,,,,,,,,,,,,,,,,needs FULL on every frame: >= 213.36 mJ per frame before computing the metric,as_specified
nuPlan,n/a,idm,safety,"Task 5 real perception, primary",Task 5 energy pass: rails over idle (as_specified convention) x pass time per frame,mJ,0.5,141.43504652081128,69.5124056669773,143.845281707668,dE_E1_fn_only,384,4,False,,,,,,,,,,,,,,,,needs FULL on every frame: >= 213.36 mJ per frame before computing the metric,as_specified
nuPlan,n/a,idm,safety,"Task 5 real perception, primary",Task 5 energy pass: rails over idle (as_specified convention) x pass time per frame,mJ,0.5,141.43504652081128,69.5124056669773,143.845281707668,dE_E6_risk_weighted,384,4,False,,,,,,,,,,,,,,,,needs FULL on every frame: >= 213.36 mJ per frame before computing the metric,as_specified
nuPlan,n/a,idm,scalar_J,"Task 5 real perception, primary",Task 5 energy pass: rails over idle (as_specified convention) x pass time per frame,mJ,0.1,83.8969338377441,69.5124056669773,143.845281707668,random,384,10,True,0.0,none,0.1,0.0,True,,1.1840149027250237,12.948370938004476,0.09144122518531253,0.0752283166900838,0.10000000000000002,0.0,0.0,0.0,336.0,,as_specified
nuPlan,n/a,idm,scalar_J,"Task 5 real perception, primary",Task 5 energy pass: rails over idle (as_specified convention) x pass time per frame,mJ,0.1,83.8969338377441,69.5124056669773,143.845281707668,criticality_cheap,384,10,True,12.39072266060421,nuScenes feature time as proxy (track features not timed),0.013860764054913769,0.08613923594508624,True,,0.0,12.948370938004476,0.0,0.0,0.0,-0.09244055045342672,-0.10000000000000002,-0.0752283166900838,336.0,,as_specified
nuPlan,n/a,idm,scalar_J,"Task 5 real perception, primary",Task 5 energy pass: rails over idle (as_specified convention) x pass time per frame,mJ,0.1,83.8969338377441,69.5124056669773,143.845281707668,gate_ridge,384,10,False,33.069165210159746,nuScenes feature time as proxy (track features not timed),,,True,,,12.948370938004476,,,,,,,336.0,"infeasible: allocator overhead 33.0692 mJ per input exceeds the budget headroom b - C_c = 14.3845 mJ, so it cannot run within this budget",as_specified
nuPlan,n/a,idm,scalar_J,"Task 5 real perception, primary",Task 5 energy pass: rails over idle (as_specified convention) x pass time per frame,mJ,0.1,83.8969338377441,69.5124056669773,143.845281707668,gate_gbm,384,10,False,180.07045548355018,nuScenes feature time as proxy (track features not timed),,,True,,,12.948370938004476,,,,,,,336.0,"infeasible: allocator overhead 180.0705 mJ per input exceeds the budget headroom b - C_c = 14.3845 mJ, so it cannot run within this budget",as_specified
nuPlan,n/a,idm,scalar_J,"Task 5 real perception, primary",Task 5 energy pass: rails over idle (as_specified convention) x pass time per frame,mJ,0.1,83.8969338377441,69.5124056669773,143.845281707668,R1_mlp_reg,384,10,True,6.8253131813587125,nuScenes feature time as proxy (track features not timed),0.05255101105624326,0.047448988943756744,True,,0.34035762745174264,12.948370938004476,0.026285748924041594,0.0,0.0711131451712623,-0.07274653464304012,-0.09953703703703703,-0.021674290784816076,336.0,,as_specified
nuPlan,n/a,idm,scalar_J,"Task 5 real perception, primary",Task 5 energy pass: rails over idle (as_specified convention) x pass time per frame,mJ,0.1,83.8969338377441,69.5124056669773,143.845281707668,R1_mlp_clf,384,10,True,6.8253131813587125,nuScenes feature time as proxy (track features not timed),0.05255101105624326,0.047448988943756744,True,,12.133548376628191,12.948370938004476,0.9370714227081094,0.8213428250529216,0.9930041868160454,0.8456864566317559,0.7333058027659037,0.9107485918414274,336.0,,as_specified
nuPlan,n/a,idm,scalar_J,"Task 5 real perception, primary",Task 5 energy pass: rails over idle (as_specified convention) x pass time per frame,mJ,0.1,83.8969338377441,69.5124056669773,143.845281707668,R1_gbm_reg,384,10,False,167.26315758244598,nuScenes feature time as proxy (track features not timed),,,True,,,12.948370938004476,,,,,,,336.0,"infeasible: allocator overhead 167.2632 mJ per input exceeds the budget headroom b - C_c = 14.3845 mJ, so it cannot run within this budget",as_specified
nuPlan,n/a,idm,scalar_J,"Task 5 real perception, primary",Task 5 energy pass: rails over idle (as_specified convention) x pass time per frame,mJ,0.1,83.8969338377441,69.5124056669773,143.845281707668,R1_gbm_clf,384,10,False,167.26315758244598,nuScenes feature time as proxy (track features not timed),,,True,,,12.948370938004476,,,,,,,336.0,"infeasible: allocator overhead 167.2632 mJ per input exceeds the budget headroom b - C_c = 14.3845 mJ, so it cannot run within this budget",as_specified
nuPlan,n/a,idm,scalar_J,"Task 5 real perception, primary",Task 5 energy pass: rails over idle (as_specified convention) x pass time per frame,mJ,0.1,83.8969338377441,69.5124056669773,143.845281707668,oracle,384,10,True,0.0,none,0.1,0.0,True,,12.948370938004476,12.948370938004476,1.0,1.0,1.0,0.9075594495465734,0.9,0.9247716833099162,336.0,,as_specified
nuPlan,n/a,idm,scalar_J,"Task 5 real perception, primary",Task 5 energy pass: rails over idle (as_specified convention) x pass time per frame,mJ,0.1,83.8969338377441,69.5124056669773,143.845281707668,gate_gbm_batched,384,10,False,29.784564632297375,nuScenes feature time as proxy (track features not timed),,,True,,,12.948370938004476,,,,,,,336.0,"infeasible: allocator overhead 29.7846 mJ per input exceeds the budget headroom b - C_c = 14.3845 mJ, so it cannot run within this budget",as_specified
nuPlan,n/a,idm,scalar_J,"Task 5 real perception, primary",Task 5 energy pass: rails over idle (as_specified convention) x pass time per frame,mJ,0.1,83.8969338377441,69.5124056669773,143.845281707668,criticality_gt,384,10,False,,,,,,,,,,,,,,,,needs FULL on every frame: >= 213.36 mJ per frame before computing the metric,as_specified
nuPlan,n/a,idm,scalar_J,"Task 5 real perception, primary",Task 5 energy pass: rails over idle (as_specified convention) x pass time per frame,mJ,0.1,83.8969338377441,69.5124056669773,143.845281707668,dE_E1_fn_only,384,10,False,,,,,,,,,,,,,,,,needs FULL on every frame: >= 213.36 mJ per frame before computing the metric,as_specified
nuPlan,n/a,idm,scalar_J,"Task 5 real perception, primary",Task 5 energy pass: rails over idle (as_specified convention) x pass time per frame,mJ,0.1,83.8969338377441,69.5124056669773,143.845281707668,dE_E6_risk_weighted,384,10,False,,,,,,,,,,,,,,,,needs FULL on every frame: >= 213.36 mJ per frame before computing the metric,as_specified
nuPlan,n/a,idm,scalar_J,"Task 5 real perception, primary",Task 5 energy pass: rails over idle (as_specified convention) x pass time per frame,mJ,0.2,98.2814620085109,69.5124056669773,143.845281707668,random,384,10,True,0.0,none,0.2,0.0,True,,2.3680298054500475,12.948370938004476,0.18288245037062506,0.15220195916970045,0.20000000000000004,0.0,0.0,0.0,336.0,,as_specified
nuPlan,n/a,idm,scalar_J,"Task 5 real perception, primary",Task 5 energy pass: rails over idle (as_specified convention) x pass time per frame,mJ,0.2,98.2814620085109,69.5124056669773,143.845281707668,criticality_cheap,384,10,True,12.39072266060421,nuScenes feature time as proxy (track features not timed),0.11386076405491376,0.08613923594508625,True,,0.06625640882231487,12.948370938004476,0.0051169687012786414,0.0,0.00859739590585889,-0.18074462698963167,-0.1995614035087719,-0.1444015304735794,336.0,,as_specified
nuPlan,n/a,idm,scalar_J,"Task 5 real perception, primary",Task 5 energy pass: rails over idle (as_specified convention) x pass time per frame,mJ,0.2,98.2814620085109,69.5124056669773,143.845281707668,gate_ridge,384,10,False,33.069165210159746,nuScenes feature time as proxy (track features not timed),,,True,,,12.948370938004476,,,,,,,336.0,"infeasible: allocator overhead 33.0692 mJ per input exceeds the budget headroom b - C_c = 28.7691 mJ, so it cannot run within this budget",as_specified
nuPlan,n/a,idm,scalar_J,"Task 5 real perception, primary",Task 5 energy pass: rails over idle (as_specified convention) x pass time per frame,mJ,0.2,98.2814620085109,69.5124056669773,143.845281707668,gate_gbm,384,10,False,180.07045548355018,nuScenes feature time as proxy (track features not timed),,,True,,,12.948370938004476,,,,,,,336.0,"infeasible: allocator overhead 180.0705 mJ per input exceeds the budget headroom b - C_c = 28.7691 mJ, so it cannot run within this budget",as_specified
nuPlan,n/a,idm,scalar_J,"Task 5 real perception, primary",Task 5 energy pass: rails over idle (as_specified convention) x pass time per frame,mJ,0.2,98.2814620085109,69.5124056669773,143.845281707668,R1_mlp_reg,384,10,True,6.8253131813587125,nuScenes feature time as proxy (track features not timed),0.15255101105624325,0.047448988943756765,True,,0.39849022440712617,12.948370938004476,0.030775317321001854,0.003928930799023055,0.07502200321466326,-0.1622406540390204,-0.19510613703081858,-0.1068123931328865,336.0,,as_specified
nuPlan,n/a,idm,scalar_J,"Task 5 real perception, primary",Task 5 energy pass: rails over idle (as_specified convention) x pass time per frame,mJ,0.2,98.2814620085109,69.5124056669773,143.845281707668,R1_mlp_clf,384,10,True,6.8253131813587125,nuScenes feature time as proxy (track features not timed),0.15255101105624325,0.047448988943756765,True,,12.140118608114037,12.948370938004476,0.937578840322055,0.842195087289491,0.9935426609845923,0.765681943484877,0.6488806429210477,0.8282163366720329,336.0,,as_specified
nuPlan,n/a,idm,scalar_J,"Task 5 real perception, primary",Task 5 energy pass: rails over idle (as_specified convention) x pass time per frame,mJ,0.2,98.2814620085109,69.5124056669773,143.845281707668,R1_gbm_reg,384,10,False,167.26315758244598,nuScenes feature time as proxy (track features not timed),,,True,,,12.948370938004476,,,,,,,336.0,"infeasible: allocator overhead 167.2632 mJ per input exceeds the budget headroom b - C_c = 28.7691 mJ, so it cannot run within this budget",as_specified
nuPlan,n/a,idm,scalar_J,"Task 5 real perception, primary",Task 5 energy pass: rails over idle (as_specified convention) x pass time per frame,mJ,0.2,98.2814620085109,69.5124056669773,143.845281707668,R1_gbm_clf,384,10,False,167.26315758244598,nuScenes feature time as proxy (track features not timed),,,True,,,12.948370938004476,,,,,,,336.0,"infeasible: allocator overhead 167.2632 mJ per input exceeds the budget headroom b - C_c = 28.7691 mJ, so it cannot run within this budget",as_specified
nuPlan,n/a,idm,scalar_J,"Task 5 real perception, primary",Task 5 energy pass: rails over idle (as_specified convention) x pass time per frame,mJ,0.2,98.2814620085109,69.5124056669773,143.845281707668,oracle,384,10,True,0.0,none,0.2,0.0,True,,12.948370938004476,12.948370938004476,1.0,1.0,1.0,0.8141218584972613,0.7999999999999999,0.8477980408302995,336.0,,as_specified
nuPlan,n/a,idm,scalar_J,"Task 5 real perception, primary",Task 5 energy pass: rails over idle (as_specified convention) x pass time per frame,mJ,0.2,98.2814620085109,69.5124056669773,143.845281707668,gate_gbm_batched,384,10,False,29.784564632297375,nuScenes feature time as proxy (track features not timed),,,True,,,12.948370938004476,,,,,,,336.0,"infeasible: allocator overhead 29.7846 mJ per input exceeds the budget headroom b - C_c = 28.7691 mJ, so it cannot run within this budget",as_specified
nuPlan,n/a,idm,scalar_J,"Task 5 real perception, primary",Task 5 energy pass: rails over idle (as_specified convention) x pass time per frame,mJ,0.2,98.2814620085109,69.5124056669773,143.845281707668,criticality_gt,384,10,False,,,,,,,,,,,,,,,,needs FULL on every frame: >= 213.36 mJ per frame before computing the metric,as_specified
nuPlan,n/a,idm,scalar_J,"Task 5 real perception, primary",Task 5 energy pass: rails over idle (as_specified convention) x pass time per frame,mJ,0.2,98.2814620085109,69.5124056669773,143.845281707668,dE_E1_fn_only,384,10,False,,,,,,,,,,,,,,,,needs FULL on every frame: >= 213.36 mJ per frame before computing the metric,as_specified
nuPlan,n/a,idm,scalar_J,"Task 5 real perception, primary",Task 5 energy pass: rails over idle (as_specified convention) x pass time per frame,mJ,0.2,98.2814620085109,69.5124056669773,143.845281707668,dE_E6_risk_weighted,384,10,False,,,,,,,,,,,,,,,,needs FULL on every frame: >= 213.36 mJ per frame before computing the metric,as_specified
nuPlan,n/a,idm,scalar_J,"Task 5 real perception, primary",Task 5 energy pass: rails over idle (as_specified convention) x pass time per frame,mJ,0.3,112.6659901792777,69.5124056669773,143.845281707668,random,384,10,True,0.0,none,0.3,0.0,True,,3.5832029950888877,12.948370938004476,0.27673002358713,0.22796459603055697,0.3,0.0,0.0,0.0,336.0,,as_specified
nuPlan,n/a,idm,scalar_J,"Task 5 real perception, primary",Task 5 energy pass: rails over idle (as_specified convention) x pass time per frame,mJ,0.3,112.6659901792777,69.5124056669773,143.845281707668,criticality_cheap,384,10,True,12.39072266060421,nuScenes feature time as proxy (track features not timed),0.21386076405491375,0.08613923594508624,True,,0.10514232794411649,12.948370938004476,0.008120120163959434,-0.11634869920050205,0.06244762872427647,-0.2757500530125149,-0.3660955976828185,-0.19554155231505763,336.0,,as_specified
nuPlan,n/a,idm,scalar_J,"Task 5 real perception, primary",Task 5 energy pass: rails over idle (as_specified convention) x pass time per frame,mJ,0.3,112.6659901792777,69.5124056669773,143.845281707668,gate_ridge,384,10,True,33.069165210159746,nuScenes feature time as proxy (track features not timed),0.0701060137838576,0.22989398621614238,True,,0.0,12.948370938004476,0.0,0.0,0.000993362625756511,-0.278572566743366,-0.3,-0.22516421130943226,336.0,,as_specified
nuPlan,n/a,idm,scalar_J,"Task 5 real perception, primary",Task 5 energy pass: rails over idle (as_specified convention) x pass time per frame,mJ,0.3,112.6659901792777,69.5124056669773,143.845281707668,gate_gbm,384,10,False,180.07045548355018,nuScenes feature time as proxy (track features not timed),,,True,,,12.948370938004476,,,,,,,336.0,"infeasible: allocator overhead 180.0705 mJ per input exceeds the budget headroom b - C_c = 43.1536 mJ, so it cannot run within this budget",as_specified
nuPlan,n/a,idm,scalar_J,"Task 5 real perception, primary",Task 5 energy pass: rails over idle (as_specified convention) x pass time per frame,mJ,0.3,112.6659901792777,69.5124056669773,143.845281707668,R1_mlp_reg,384,10,True,6.8253131813587125,nuScenes feature time as proxy (track features not timed),0.2525510110562433,0.04744898894375671,True,,0.39849022440712617,12.948370938004476,0.030775317321001854,0.004610765829912895,0.0756194068803375,-0.25470557417401,-0.2947310683176331,-0.19270305774758542,336.0,,as_specified
nuPlan,n/a,idm,scalar_J,"Task 5 real perception, primary",Task 5 energy pass: rails over idle (as_specified convention) x pass time per frame,mJ,0.3,112.6659901792777,69.5124056669773,143.845281707668,R1_mlp_clf,384,10,True,6.8253131813587125,nuScenes feature time as proxy (track features not timed),0.2525510110562433,0.04744898894375671,True,,12.140118608114037,12.948370938004476,0.937578840322055,0.8426511300321393,0.9938826838435619,0.6725926974080215,0.5542784154241814,0.7471889603220554,336.0,,as_specified
nuPlan,n/a,idm,scalar_J,"Task 5 real perception, primary",Task 5 energy pass: rails over idle (as_specified convention) x pass time per frame,mJ,0.3,112.6659901792777,69.5124056669773,143.845281707668,R1_gbm_reg,384,10,False,167.26315758244598,nuScenes feature time as proxy (track features not timed),,,True,,,12.948370938004476,,,,,,,336.0,"infeasible: allocator overhead 167.2632 mJ per input exceeds the budget headroom b - C_c = 43.1536 mJ, so it cannot run within this budget",as_specified
nuPlan,n/a,idm,scalar_J,"Task 5 real perception, primary",Task 5 energy pass: rails over idle (as_specified convention) x pass time per frame,mJ,0.3,112.6659901792777,69.5124056669773,143.845281707668,R1_gbm_clf,384,10,False,167.26315758244598,nuScenes feature time as proxy (track features not timed),,,True,,,12.948370938004476,,,,,,,336.0,"infeasible: allocator overhead 167.2632 mJ per input exceeds the budget headroom b - C_c = 43.1536 mJ, so it cannot run within this budget",as_specified
nuPlan,n/a,idm,scalar_J,"Task 5 real perception, primary",Task 5 energy pass: rails over idle (as_specified convention) x pass time per frame,mJ,0.3,112.6659901792777,69.5124056669773,143.845281707668,oracle,384,10,True,0.0,none,0.3,0.0,True,,12.948370938004476,12.948370938004476,1.0,1.0,1.0,0.7206270711310978,0.7,0.772035403969443,336.0,,as_specified
nuPlan,n/a,idm,scalar_J,"Task 5 real perception, primary",Task 5 energy pass: rails over idle (as_specified convention) x pass time per frame,mJ,0.3,112.6659901792777,69.5124056669773,143.845281707668,gate_gbm_batched,384,10,True,29.784564632297375,nuScenes feature time as proxy (track features not timed),0.09294027389214225,0.20705972610785772,True,,0.0,12.948370938004476,0.0,0.0,0.0,-0.27937292886890225,-0.3,-0.22796459603055697,336.0,,as_specified
nuPlan,n/a,idm,scalar_J,"Task 5 real perception, primary",Task 5 energy pass: rails over idle (as_specified convention) x pass time per frame,mJ,0.3,112.6659901792777,69.5124056669773,143.845281707668,criticality_gt,384,10,False,,,,,,,,,,,,,,,,needs FULL on every frame: >= 213.36 mJ per frame before computing the metric,as_specified
nuPlan,n/a,idm,scalar_J,"Task 5 real perception, primary",Task 5 energy pass: rails over idle (as_specified convention) x pass time per frame,mJ,0.3,112.6659901792777,69.5124056669773,143.845281707668,dE_E1_fn_only,384,10,False,,,,,,,,,,,,,,,,needs FULL on every frame: >= 213.36 mJ per frame before computing the metric,as_specified
nuPlan,n/a,idm,scalar_J,"Task 5 real perception, primary",Task 5 energy pass: rails over idle (as_specified convention) x pass time per frame,mJ,0.3,112.6659901792777,69.5124056669773,143.845281707668,dE_E6_risk_weighted,384,10,False,,,,,,,,,,,,,,,,needs FULL on every frame: >= 213.36 mJ per frame before computing the metric,as_specified
nuPlan,n/a,idm,scalar_J,"Task 5 real perception, primary",Task 5 energy pass: rails over idle (as_specified convention) x pass time per frame,mJ,0.5,141.43504652081128,69.5124056669773,143.845281707668,random,384,10,True,0.0,none,0.4999999999999999,1.1102230246251565e-16,True,,5.9823910874527515,12.948370938004476,0.4620188219889475,0.3825274656850982,0.5000000000000002,0.0,0.0,0.0,336.0,,as_specified
nuPlan,n/a,idm,scalar_J,"Task 5 real perception, primary",Task 5 energy pass: rails over idle (as_specified convention) x pass time per frame,mJ,0.5,141.43504652081128,69.5124056669773,143.845281707668,criticality_cheap,384,10,True,12.39072266060421,nuScenes feature time as proxy (track features not timed),0.4138607640549137,0.08613923594508632,True,,-0.5380888077031152,12.948370938004476,-0.04155648693410401,-0.20515702358519505,0.06244762872427647,-0.4917562028675718,-0.5844123251410229,-0.4136476886384759,336.0,,as_specified
nuPlan,n/a,idm,scalar_J,"Task 5 real perception, primary",Task 5 energy pass: rails over idle (as_specified convention) x pass time per frame,mJ,0.5,141.43504652081128,69.5124056669773,143.845281707668,gate_ridge,384,10,True,33.069165210159746,nuScenes feature time as proxy (track features not timed),0.2701060137838575,0.2298939862161425,True,,0.7277869268121911,12.948370938004476,0.056206833299475525,0.0,0.15154806046730596,-0.4279847263585279,-0.5000000000000001,-0.3098234666802142,336.0,,as_specified
nuPlan,n/a,idm,scalar_J,"Task 5 real perception, primary",Task 5 energy pass: rails over idle (as_specified convention) x pass time per frame,mJ,0.5,141.43504652081128,69.5124056669773,143.845281707668,gate_gbm,384,10,False,180.07045548355018,nuScenes feature time as proxy (track features not timed),,,True,,,12.948370938004476,,,,,,,336.0,"infeasible: allocator overhead 180.0705 mJ per input exceeds the budget headroom b - C_c = 71.9226 mJ, so it cannot run within this budget",as_specified
nuPlan,n/a,idm,scalar_J,"Task 5 real perception, primary",Task 5 energy pass: rails over idle (as_specified convention) x pass time per frame,mJ,0.5,141.43504652081128,69.5124056669773,143.845281707668,R1_mlp_reg,384,10,True,6.8253131813587125,nuScenes feature time as proxy (track features not timed),0.4525510110562432,0.04744898894375682,True,,0.44394637501477335,12.948370938004476,0.03428588639762831,0.007766814090603247,0.07832763668392229,-0.43932141943816655,-0.49178389608168255,-0.3429229282526786,336.0,,as_specified
nuPlan,n/a,idm,scalar_J,"Task 5 real perception, primary",Task 5 energy pass: rails over idle (as_specified convention) x pass time per frame,mJ,0.5,141.43504652081128,69.5124056669773,143.845281707668,R1_mlp_clf,384,10,True,6.8253131813587125,nuScenes feature time as proxy (track features not timed),0.4525510110562432,0.04744898894375682,True,,12.219030430811202,12.948370938004476,0.9436731840101519,0.848128435379405,1.0,0.49026664688513016,0.36611842239651066,0.5968160519031477,336.0,,as_specified
nuPlan,n/a,idm,scalar_J,"Task 5 real perception, primary",Task 5 energy pass: rails over idle (as_specified convention) x pass time per frame,mJ,0.5,141.43504652081128,69.5124056669773,143.845281707668,R1_gbm_reg,384,10,False,167.26315758244598,nuScenes feature time as proxy (track features not timed),,,True,,,12.948370938004476,,,,,,,336.0,"infeasible: allocator overhead 167.2632 mJ per input exceeds the budget headroom b - C_c = 71.9226 mJ, so it cannot run within this budget",as_specified
nuPlan,n/a,idm,scalar_J,"Task 5 real perception, primary",Task 5 energy pass: rails over idle (as_specified convention) x pass time per frame,mJ,0.5,141.43504652081128,69.5124056669773,143.845281707668,R1_gbm_clf,384,10,False,167.26315758244598,nuScenes feature time as proxy (track features not timed),,,True,,,12.948370938004476,,,,,,,336.0,"infeasible: allocator overhead 167.2632 mJ per input exceeds the budget headroom b - C_c = 71.9226 mJ, so it cannot run within this budget",as_specified
nuPlan,n/a,idm,scalar_J,"Task 5 real perception, primary",Task 5 energy pass: rails over idle (as_specified convention) x pass time per frame,mJ,0.5,141.43504652081128,69.5124056669773,143.845281707668,oracle,384,10,True,0.0,none,0.4999999999999999,1.1102230246251565e-16,True,,12.948370938004476,12.948370938004476,1.0,1.0,1.0,0.5328024537586961,0.4999999999999998,0.6174725343149018,336.0,,as_specified
nuPlan,n/a,idm,scalar_J,"Task 5 real perception, primary",Task 5 energy pass: rails over idle (as_specified convention) x pass time per frame,mJ,0.5,141.43504652081128,69.5124056669773,143.845281707668,gate_gbm_batched,384,10,True,29.784564632297375,nuScenes feature time as proxy (track features not timed),0.29294027389214217,0.20705972610785783,True,,0.0,12.948370938004476,0.0,0.0,0.027854716409700178,-0.46430859834012117,-0.5000000000000002,-0.3792553015558279,336.0,,as_specified
nuPlan,n/a,idm,scalar_J,"Task 5 real perception, primary",Task 5 energy pass: rails over idle (as_specified convention) x pass time per frame,mJ,0.5,141.43504652081128,69.5124056669773,143.845281707668,criticality_gt,384,10,False,,,,,,,,,,,,,,,,needs FULL on every frame: >= 213.36 mJ per frame before computing the metric,as_specified
nuPlan,n/a,idm,scalar_J,"Task 5 real perception, primary",Task 5 energy pass: rails over idle (as_specified convention) x pass time per frame,mJ,0.5,141.43504652081128,69.5124056669773,143.845281707668,dE_E1_fn_only,384,10,False,,,,,,,,,,,,,,,,needs FULL on every frame: >= 213.36 mJ per frame before computing the metric,as_specified
nuPlan,n/a,idm,scalar_J,"Task 5 real perception, primary",Task 5 energy pass: rails over idle (as_specified convention) x pass time per frame,mJ,0.5,141.43504652081128,69.5124056669773,143.845281707668,dE_E6_risk_weighted,384,10,False,,,,,,,,,,,,,,,,needs FULL on every frame: >= 213.36 mJ per frame before computing the metric,as_specified
