track,geometry,system,target,seq,frame,score
KITTI,oracle,brake,J,0007,0,0.0
KITTI,oracle,brake,J,0007,1,0.0
KITTI,oracle,brake,J,0007,2,0.0
KITTI,oracle,brake,J,0007,3,0.0
KITTI,oracle,brake,J,0007,4,0.0
KITTI,oracle,brake,J,0007,5,0.0
KITTI,oracle,brake,J,0007,6,0.0
KITTI,oracle,brake,J,0007,7,0.0
KITTI,oracle,brake,J,0007,8,0.0
KITTI,oracle,brake,J,0007,9,0.0
KITTI,oracle,brake,J,0007,10,0.20497775077819824
KITTI,oracle,brake,J,0007,11,0.0
KITTI,oracle,brake,J,0007,12,0.0
KITTI,oracle,brake,J,0007,13,0.1581743359565735
KITTI,oracle,brake,J,0007,14,0.0
KITTI,oracle,brake,J,0007,15,0.0
KITTI,oracle,brake,J,0007,16,0.0
KITTI,oracle,brake,J,0007,17,0.0
KITTI,oracle,brake,J,0007,18,0.0
KITTI,oracle,brake,J,0007,19,0.0
KITTI,oracle,brake,J,0007,20,0.0
KITTI,oracle,brake,J,0007,21,0.0
KITTI,oracle,brake,J,0007,22,0.0
KITTI,oracle,brake,J,0007,23,0.11201596260070801
KITTI,oracle,brake,J,0007,24,0.0
KITTI,oracle,brake,J,0007,25,0.0
KITTI,oracle,brake,J,0007,26,0.0
KITTI,oracle,brake,J,0007,27,0.0
KITTI,oracle,brake,J,0007,28,0.14080816507339478
KITTI,oracle,brake,J,0007,29,0.0
KITTI,oracle,brake,J,0007,30,0.13986563682556152
KITTI,oracle,brake,J,0007,31,0.18184363842010498
KITTI,oracle,brake,J,0007,32,0.0
KITTI,oracle,brake,J,0007,33,0.0
KITTI,oracle,brake,J,0007,34,0.14706450700759888
KITTI,oracle,brake,J,0007,35,0.0
KITTI,oracle,brake,J,0007,36,0.0
KITTI,oracle,brake,J,0007,37,0.11596071720123291
KITTI,oracle,brake,J,0007,38,0.11436852812767029
KITTI,oracle,brake,J,0007,39,0.3802669644355774
KITTI,oracle,brake,J,0007,40,0.334330290555954
KITTI,oracle,brake,J,0007,41,0.4644872844219208
KITTI,oracle,brake,J,0007,42,0.6809357404708862
KITTI,oracle,brake,J,0007,43,0.4313710331916809
KITTI,oracle,brake,J,0007,44,0.4061695337295532
KITTI,oracle,brake,J,0007,45,0.8035043776035309
KITTI,oracle,brake,J,0007,46,0.6627523601055145
KITTI,oracle,brake,J,0007,47,0.9628340899944305
KITTI,oracle,brake,J,0007,48,0.5781808197498322
KITTI,oracle,brake,J,0007,49,0.9134163558483124
KITTI,oracle,brake,J,0007,50,1.0764526724815369
KITTI,oracle,brake,J,0007,51,0.7460718750953674
KITTI,oracle,brake,J,0007,52,0.22953522205352783
KITTI,oracle,brake,J,0007,53,1.3803727626800537
KITTI,oracle,brake,J,0007,54,0.27234363555908203
KITTI,oracle,brake,J,0007,55,0.7936327755451202
KITTI,oracle,brake,J,0007,56,1.0287556946277618
KITTI,oracle,brake,J,0007,57,0.25148850679397583
KITTI,oracle,brake,J,0007,58,1.0000285804271698
KITTI,oracle,brake,J,0007,59,0.8553231060504913
KITTI,oracle,brake,J,0007,60,0.7730955481529236
KITTI,oracle,brake,J,0007,61,0.5021573603153229
KITTI,oracle,brake,J,0007,62,0.6656480729579926
KITTI,oracle,brake,J,0007,63,0.5309429168701172
KITTI,oracle,brake,J,0007,64,0.7260363399982452
KITTI,oracle,brake,J,0007,65,0.5636443793773651
KITTI,oracle,brake,J,0007,66,0.7457497715950012
KITTI,oracle,brake,J,0007,67,0.9320670962333679
KITTI,oracle,brake,J,0007,68,0.3142792284488678
KITTI,oracle,brake,J,0007,69,0.5992282629013062
KITTI,oracle,brake,J,0007,70,0.3327285945415497
KITTI,oracle,brake,J,0007,71,0.11318689584732056
KITTI,oracle,brake,J,0007,72,0.0
KITTI,oracle,brake,J,0007,73,0.26136213541030884
KITTI,oracle,brake,J,0007,74,0.444778710603714
KITTI,oracle,brake,J,0007,75,0.11636176705360413
KITTI,oracle,brake,J,0007,76,0.292901873588562
KITTI,oracle,brake,J,0007,77,0.0
KITTI,oracle,brake,J,0007,78,0.7157485485076904
KITTI,oracle,brake,J,0007,79,0.2900106608867645
KITTI,oracle,brake,J,0007,80,0.0
KITTI,oracle,brake,J,0007,81,1.0841651558876038
KITTI,oracle,brake,J,0007,82,0.11596071720123291
KITTI,oracle,brake,J,0007,83,0.5882458984851837
KITTI,oracle,brake,J,0007,84,0.0
KITTI,oracle,brake,J,0007,85,0.3501614034175873
KITTI,oracle,brake,J,0007,86,0.15052762627601624
KITTI,oracle,brake,J,0007,87,0.7483908236026764
KITTI,oracle,brake,J,0007,88,0.0
KITTI,oracle,brake,J,0007,89,0.10447734594345093
KITTI,oracle,brake,J,0007,90,0.29357200860977173
KITTI,oracle,brake,J,0007,91,0.2839958667755127
KITTI,oracle,brake,J,0007,92,0.377673864364624
KITTI,oracle,brake,J,0007,93,0.4017837643623352
KITTI,oracle,brake,J,0007,94,0.32159948348999023
KITTI,oracle,brake,J,0007,95,0.2359863519668579
KITTI,oracle,brake,J,0007,96,0.5648142993450165
KITTI,oracle,brake,J,0007,97,0.1436675786972046
KITTI,oracle,brake,J,0007,98,0.4578784108161926
KITTI,oracle,brake,J,0007,99,0.17838266491889954
KITTI,oracle,brake,J,0007,100,0.39974161982536316
KITTI,oracle,brake,J,0007,101,0.21601152420043945
KITTI,oracle,brake,J,0007,102,0.27855488657951355
KITTI,oracle,brake,J,0007,103,0.13296425342559814
KITTI,oracle,brake,J,0007,104,0.518794447183609
KITTI,oracle,brake,J,0007,105,0.12336564064025879
KITTI,oracle,brake,J,0007,106,0.21403354406356812
KITTI,oracle,brake,J,0007,107,0.38902103900909424
KITTI,oracle,brake,J,0007,108,0.10521054267883301
KITTI,oracle,brake,J,0007,109,0.14128142595291138
KITTI,oracle,brake,J,0007,110,0.0
KITTI,oracle,brake,J,0007,111,0.140336275100708
KITTI,oracle,brake,J,0007,112,0.23370635509490967
KITTI,oracle,brake,J,0007,113,0.0
KITTI,oracle,brake,J,0007,114,0.11636176705360413
KITTI,oracle,brake,J,0007,115,0.0
KITTI,oracle,brake,J,0007,116,0.24077460169792175
KITTI,oracle,brake,J,0007,117,0.45687758922576904
KITTI,oracle,brake,J,0007,118,0.28773272037506104
KITTI,oracle,brake,J,0007,119,0.3025844991207123
KITTI,oracle,brake,J,0007,120,0.5004289448261261
KITTI,oracle,brake,J,0007,121,0.38263943791389465
KITTI,oracle,brake,J,0007,122,0.38746312260627747
KITTI,oracle,brake,J,0007,123,0.6302006244659424
KITTI,oracle,brake,J,0007,124,0.4967189431190491
KITTI,oracle,brake,J,0007,125,0.17667162418365479
KITTI,oracle,brake,J,0007,126,0.7634098529815674
KITTI,oracle,brake,J,0007,127,0.5525665283203125
KITTI,oracle,brake,J,0007,128,0.9036956429481506
KITTI,oracle,brake,J,0007,129,0.7137734293937683
KITTI,oracle,brake,J,0007,130,0.4427020847797394
KITTI,oracle,brake,J,0007,131,0.8315463662147522
KITTI,oracle,brake,J,0007,132,0.7658828794956207
KITTI,oracle,brake,J,0007,133,0.0
KITTI,oracle,brake,J,0007,134,0.40182408690452576
KITTI,oracle,brake,J,0007,135,0.2967666983604431
KITTI,oracle,brake,J,0007,136,0.556531697511673
KITTI,oracle,brake,J,0007,137,0.6201359033584595
KITTI,oracle,brake,J,0007,138,0.34792032837867737
KITTI,oracle,brake,J,0007,139,0.500903457403183
KITTI,oracle,brake,J,0007,140,0.4917922019958496
KITTI,oracle,brake,J,0007,141,0.8431432247161865
KITTI,oracle,brake,J,0007,142,0.7850873470306396
KITTI,oracle,brake,J,0007,143,1.0229910016059875
KITTI,oracle,brake,J,0007,144,0.9421457052230835
KITTI,oracle,brake,J,0007,145,1.4074166119098663
KITTI,oracle,brake,J,0007,146,0.4411948025226593
KITTI,oracle,brake,J,0007,147,0.10781264305114746
KITTI,oracle,brake,J,0007,148,0.8991822600364685
KITTI,oracle,brake,J,0007,149,0.40065106749534607
KITTI,oracle,brake,J,0007,150,0.49269402027130127
KITTI,oracle,brake,J,0007,151,0.9596245884895325
KITTI,oracle,brake,J,0007,152,0.5379558205604553
KITTI,oracle,brake,J,0007,153,0.708598405122757
KITTI,oracle,brake,J,0007,154,0.755848228931427
KITTI,oracle,brake,J,0007,155,0.6933274865150452
KITTI,oracle,brake,J,0007,156,0.6594686210155487
KITTI,oracle,brake,J,0007,157,0.6224795281887054
KITTI,oracle,brake,J,0007,158,0.7609433531761169
KITTI,oracle,brake,J,0007,159,1.135012835264206
KITTI,oracle,brake,J,0007,160,0.2544681131839752
KITTI,oracle,brake,J,0007,161,0.4577523171901703
KITTI,oracle,brake,J,0007,162,0.41586706042289734
KITTI,oracle,brake,J,0007,163,0.36769911646842957
KITTI,oracle,brake,J,0007,164,0.23113331198692322
KITTI,oracle,brake,J,0007,165,0.34314751625061035
KITTI,oracle,brake,J,0007,166,0.7045219540596008
KITTI,oracle,brake,J,0007,167,0.4531254470348358
KITTI,oracle,brake,J,0007,168,0.40475907921791077
KITTI,oracle,brake,J,0007,169,0.5910214483737946
KITTI,oracle,brake,J,0007,170,0.5008808374404907
KITTI,oracle,brake,J,0007,171,0.23509013652801514
KITTI,oracle,brake,J,0007,172,0.7116649448871613
KITTI,oracle,brake,J,0007,173,0.5694292783737183
KITTI,oracle,brake,J,0007,174,0.31643614172935486
KITTI,oracle,brake,J,0007,175,0.5637080371379852
KITTI,oracle,brake,J,0007,176,0.9117178022861481
KITTI,oracle,brake,J,0007,177,1.267229050397873
KITTI,oracle,brake,J,0007,178,0.47961458563804626
KITTI,oracle,brake,J,0007,179,0.36855548620224
KITTI,oracle,brake,J,0007,180,0.5905683636665344
KITTI,oracle,brake,J,0007,181,0.16613352298736572
KITTI,oracle,brake,J,0007,182,0.6381003856658936
KITTI,oracle,brake,J,0007,183,0.18952107429504395
KITTI,oracle,brake,J,0007,184,0.17272931337356567
KITTI,oracle,brake,J,0007,185,1.067859798669815
KITTI,oracle,brake,J,0007,186,0.5886794924736023
KITTI,oracle,brake,J,0007,187,0.5824539363384247
KITTI,oracle,brake,J,0007,188,0.48078855872154236
KITTI,oracle,brake,J,0007,189,0.4296704828739166
KITTI,oracle,brake,J,0007,190,0.0
KITTI,oracle,brake,J,0007,191,0.13939636945724487
KITTI,oracle,brake,J,0007,192,0.3712921440601349
KITTI,oracle,brake,J,0007,193,0.11085560917854309
KITTI,oracle,brake,J,0007,194,0.563556969165802
KITTI,oracle,brake,J,0007,195,0.17781084775924683
KITTI,oracle,brake,J,0007,196,0.0
KITTI,oracle,brake,J,0007,197,0.1772405207157135
KITTI,oracle,brake,J,0007,198,0.14903530478477478
KITTI,oracle,brake,J,0007,199,0.13206613063812256
KITTI,oracle,brake,J,0007,200,0.0
KITTI,oracle,brake,J,0007,201,0.0
KITTI,oracle,brake,J,0007,202,0.18713268637657166
KITTI,oracle,brake,J,0007,203,0.0
KITTI,oracle,brake,J,0007,204,0.636298656463623
KITTI,oracle,brake,J,0007,205,0.0
KITTI,oracle,brake,J,0007,206,0.0
KITTI,oracle,brake,J,0007,207,0.5695950984954834
KITTI,oracle,brake,J,0007,208,0.4269433319568634
KITTI,oracle,brake,J,0007,209,0.47002723813056946
KITTI,oracle,brake,J,0007,210,0.2708418071269989
KITTI,oracle,brake,J,0007,211,0.5342133045196533
KITTI,oracle,brake,J,0007,212,0.5313570201396942
KITTI,oracle,brake,J,0007,213,0.2805987000465393
KITTI,oracle,brake,J,0007,214,0.6244649291038513
KITTI,oracle,brake,J,0007,215,0.6746169030666351
KITTI,oracle,brake,J,0007,216,0.6159495711326599
KITTI,oracle,brake,J,0007,217,0.2186693549156189
KITTI,oracle,brake,J,0007,218,0.26205316185951233
KITTI,oracle,brake,J,0007,219,0.46034756302833557
KITTI,oracle,brake,J,0007,220,0.36715298891067505
KITTI,oracle,brake,J,0007,221,0.47354790568351746
KITTI,oracle,brake,J,0007,222,0.9488102495670319
KITTI,oracle,brake,J,0007,223,0.7430782616138458
KITTI,oracle,brake,J,0007,224,0.17838266491889954
KITTI,oracle,brake,J,0007,225,0.272360622882843
KITTI,oracle,brake,J,0007,226,0.0
KITTI,oracle,brake,J,0007,227,0.5327633619308472
KITTI,oracle,brake,J,0007,228,0.501989871263504
KITTI,oracle,brake,J,0007,229,0.4608640670776367
KITTI,oracle,brake,J,0007,230,0.1535491943359375
KITTI,oracle,brake,J,0007,231,0.10521054267883301
KITTI,oracle,brake,J,0007,232,0.0
KITTI,oracle,brake,J,0007,233,0.435564786195755
KITTI,oracle,brake,J,0007,234,0.13117322325706482
KITTI,oracle,brake,J,0007,235,0.0
KITTI,oracle,brake,J,0007,236,0.1520322561264038
KITTI,oracle,brake,J,0007,237,0.15921741724014282
KITTI,oracle,brake,J,0007,238,0.10856643319129944
KITTI,oracle,brake,J,0007,239,0.3517729938030243
KITTI,oracle,brake,J,0007,240,0.34517961740493774
KITTI,oracle,brake,J,0007,241,0.0
KITTI,oracle,brake,J,0007,242,0.2030746340751648
KITTI,oracle,brake,J,0007,243,0.0
KITTI,oracle,brake,J,0007,244,0.0
KITTI,oracle,brake,J,0007,245,0.0
KITTI,oracle,brake,J,0007,246,0.19072401523590088
KITTI,oracle,brake,J,0007,247,0.0
KITTI,oracle,brake,J,0007,248,0.0
KITTI,oracle,brake,J,0007,249,0.0
KITTI,oracle,brake,J,0007,250,0.0
KITTI,oracle,brake,J,0007,251,0.0
KITTI,oracle,brake,J,0007,252,0.0
KITTI,oracle,brake,J,0007,253,0.0
KITTI,oracle,brake,J,0007,254,0.0
KITTI,oracle,brake,J,0007,255,0.0
KITTI,oracle,brake,J,0007,256,0.14706450700759888
KITTI,oracle,brake,J,0007,257,0.0
KITTI,oracle,brake,J,0007,258,0.0
KITTI,oracle,brake,J,0007,259,0.0
KITTI,oracle,brake,J,0007,260,0.0
KITTI,oracle,brake,J,0007,261,0.0
KITTI,oracle,brake,J,0007,262,0.13614830374717712
KITTI,oracle,brake,J,0007,263,0.0
KITTI,oracle,brake,J,0007,264,0.0
KITTI,oracle,brake,J,0007,265,0.0
KITTI,oracle,brake,J,0007,266,0.11124122142791748
KITTI,oracle,brake,J,0007,267,0.3679676949977875
KITTI,oracle,brake,J,0007,268,0.12896329164505005
KITTI,oracle,brake,J,0007,269,0.12984344363212585
KITTI,oracle,brake,J,0007,270,0.0
KITTI,oracle,brake,J,0007,271,0.45998650789260864
KITTI,oracle,brake,J,0007,272,0.1520322561264038
KITTI,oracle,brake,J,0007,273,0.3066331446170807
KITTI,oracle,brake,J,0007,274,0.6915858387947083
KITTI,oracle,brake,J,0007,275,0.5536105632781982
KITTI,oracle,brake,J,0007,276,0.167763352394104
KITTI,oracle,brake,J,0007,277,0.3065648674964905
KITTI,oracle,brake,J,0007,278,0.23169809579849243
KITTI,oracle,brake,J,0007,279,0.4169839024543762
KITTI,oracle,brake,J,0007,280,0.10631886124610901
KITTI,oracle,brake,J,0007,281,0.2808130383491516
KITTI,oracle,brake,J,0007,282,0.0
KITTI,oracle,brake,J,0007,283,0.11476477980613708
KITTI,oracle,brake,J,0007,284,0.0
KITTI,oracle,brake,J,0007,285,0.0
KITTI,oracle,brake,J,0007,286,0.0
KITTI,oracle,brake,J,0007,287,0.0
KITTI,oracle,brake,J,0007,288,0.18068420886993408
KITTI,oracle,brake,J,0007,289,0.0
KITTI,oracle,brake,J,0007,290,0.0
KITTI,oracle,brake,J,0007,291,0.140336275100708
KITTI,oracle,brake,J,0007,292,0.4186416268348694
KITTI,oracle,brake,J,0007,293,0.0
KITTI,oracle,brake,J,0007,294,0.41919127106666565
KITTI,oracle,brake,J,0007,295,0.0
KITTI,oracle,brake,J,0007,296,0.12852513790130615
KITTI,oracle,brake,J,0007,297,0.0
KITTI,oracle,brake,J,0007,298,0.44621342420578003
KITTI,oracle,brake,J,0007,299,0.10123348236083984
KITTI,oracle,brake,J,0007,300,0.10631886124610901
KITTI,oracle,brake,J,0007,301,0.0
KITTI,oracle,brake,J,0007,302,0.16940587759017944
KITTI,oracle,brake,J,0007,303,0.0
KITTI,oracle,brake,J,0007,304,0.13117322325706482
KITTI,oracle,brake,J,0007,305,0.0
KITTI,oracle,brake,J,0007,306,0.0
KITTI,oracle,brake,J,0007,307,0.0
KITTI,oracle,brake,J,0007,308,0.33120453357696533
KITTI,oracle,brake,J,0007,309,0.0
KITTI,oracle,brake,J,0007,310,0.7655604183673859
KITTI,oracle,brake,J,0007,311,0.3892178535461426
KITTI,oracle,brake,J,0007,312,0.40117859840393066
KITTI,oracle,brake,J,0007,313,0.14223188161849976
KITTI,oracle,brake,J,0007,314,0.1755380630493164
KITTI,oracle,brake,J,0007,315,0.44848501682281494
KITTI,oracle,brake,J,0007,316,0.42509523034095764
KITTI,oracle,brake,J,0007,317,0.29502159357070923
KITTI,oracle,brake,J,0007,318,0.0
KITTI,oracle,brake,J,0007,319,0.927329808473587
KITTI,oracle,brake,J,0007,320,0.0
KITTI,oracle,brake,J,0007,321,0.1175721287727356
KITTI,oracle,brake,J,0007,322,0.0
KITTI,oracle,brake,J,0007,323,0.0
KITTI,oracle,brake,J,0007,324,0.0
KITTI,oracle,brake,J,0007,325,0.0
KITTI,oracle,brake,J,0007,326,0.0
KITTI,oracle,brake,J,0007,327,0.0
KITTI,oracle,brake,J,0007,328,0.0
KITTI,oracle,brake,J,0007,329,0.0
KITTI,oracle,brake,J,0007,330,0.0
KITTI,oracle,brake,J,0007,331,0.0
KITTI,oracle,brake,J,0007,332,0.0
KITTI,oracle,brake,J,0007,333,0.0
KITTI,oracle,brake,J,0007,334,0.0
KITTI,oracle,brake,J,0007,335,0.0
KITTI,oracle,brake,J,0007,336,0.0
KITTI,oracle,brake,J,0007,337,0.30281180143356323
KITTI,oracle,brake,J,0007,338,0.0
KITTI,oracle,brake,J,0007,339,0.0
KITTI,oracle,brake,J,0007,340,0.32761311531066895
KITTI,oracle,brake,J,0007,341,0.2950248122215271
KITTI,oracle,brake,J,0007,342,0.16940587759017944
KITTI,oracle,brake,J,0007,343,0.24508503079414368
KITTI,oracle,brake,J,0007,344,0.0
KITTI,oracle,brake,J,0007,345,0.2024431824684143
KITTI,oracle,brake,J,0007,346,0.4131566882133484
KITTI,oracle,brake,J,0007,347,0.40088123083114624
KITTI,oracle,brake,J,0007,348,0.5368303954601288
KITTI,oracle,brake,J,0007,349,0.17441028356552124
KITTI,oracle,brake,J,0007,350,0.2633298337459564
KITTI,oracle,brake,J,0007,351,0.0
KITTI,oracle,brake,J,0007,352,0.13028541207313538
KITTI,oracle,brake,J,0007,353,0.17895588278770447
KITTI,oracle,brake,J,0007,354,0.0
KITTI,oracle,brake,J,0007,355,0.19072401523590088
KITTI,oracle,brake,J,0007,356,0.6081883311271667
KITTI,oracle,brake,J,0007,357,0.5851934254169464
KITTI,oracle,brake,J,0007,358,0.6168500483036041
KITTI,oracle,brake,J,0007,359,0.5276391208171844
KITTI,oracle,brake,J,0007,360,0.7572563588619232
KITTI,oracle,brake,J,0007,361,0.32450467348098755
KITTI,oracle,brake,J,0007,362,0.47169438004493713
KITTI,oracle,brake,J,0007,363,0.43334901332855225
KITTI,oracle,brake,J,0007,364,0.3671600818634033
KITTI,oracle,brake,J,0007,365,0.30018293857574463
KITTI,oracle,brake,J,0007,366,0.17895588278770447
KITTI,oracle,brake,J,0007,367,0.0
KITTI,oracle,brake,J,0007,368,0.34333717823028564
KITTI,oracle,brake,J,0007,369,0.6455336511135101
KITTI,oracle,brake,J,0007,370,0.0
KITTI,oracle,brake,J,0007,371,0.31794872879981995
KITTI,oracle,brake,J,0007,372,0.30614668130874634
KITTI,oracle,brake,J,0007,373,0.0
KITTI,oracle,brake,J,0007,374,0.2018132209777832
KITTI,oracle,brake,J,0007,375,0.24744242429733276
KITTI,oracle,brake,J,0007,376,0.2187436819076538
KITTI,oracle,brake,J,0007,377,0.2276386022567749
KITTI,oracle,brake,J,0007,378,0.14511537551879883
KITTI,oracle,brake,J,0007,379,0.6192680895328522
KITTI,oracle,brake,J,0007,380,0.0
KITTI,oracle,brake,J,0007,381,0.3353164792060852
KITTI,oracle,brake,J,0007,382,0.43866539001464844
KITTI,oracle,brake,J,0007,383,0.3098328709602356
KITTI,oracle,brake,J,0007,384,0.2822229266166687
KITTI,oracle,brake,J,0007,385,0.13028541207313538
KITTI,oracle,brake,J,0007,386,0.6386180222034454
KITTI,oracle,brake,J,0007,387,0.2973678708076477
KITTI,oracle,brake,J,0007,388,0.664656788110733
KITTI,oracle,brake,J,0007,389,0.5754330456256866
KITTI,oracle,brake,J,0007,390,0.49875932931900024
KITTI,oracle,brake,J,0007,391,0.5963601171970367
KITTI,oracle,brake,J,0007,392,0.6430557668209076
KITTI,oracle,brake,J,0007,393,0.6027443408966064
KITTI,oracle,brake,J,0007,394,0.88131383061409
KITTI,oracle,brake,J,0007,395,0.49751871824264526
KITTI,oracle,brake,J,0007,396,0.7561239898204803
KITTI,oracle,brake,J,0007,397,0.5736400485038757
KITTI,oracle,brake,J,0007,398,0.3117978870868683
KITTI,oracle,brake,J,0007,399,0.2988928556442261
KITTI,oracle,brake,J,0007,400,0.47452911734580994
KITTI,oracle,brake,J,0007,401,0.2527519762516022
KITTI,oracle,brake,J,0007,402,0.2708403468132019
KITTI,oracle,brake,J,0007,403,0.9646777510643005
KITTI,oracle,brake,J,0007,404,0.35238906741142273
KITTI,oracle,brake,J,0007,405,0.7108059227466583
KITTI,oracle,brake,J,0007,406,0.11556088924407959
KITTI,oracle,brake,J,0007,407,0.4441181421279907
KITTI,oracle,brake,J,0007,408,0.6391246318817139
KITTI,oracle,brake,J,0007,409,0.29880860447883606
KITTI,oracle,brake,J,0007,410,0.4840790927410126
KITTI,oracle,brake,J,0007,411,0.614868700504303
KITTI,oracle,brake,J,0007,412,0.9592297375202179
KITTI,oracle,brake,J,0007,413,0.5943405330181122
KITTI,oracle,brake,J,0007,414,0.0
KITTI,oracle,brake,J,0007,415,1.0696208477020264
KITTI,oracle,brake,J,0007,416,0.44425949454307556
KITTI,oracle,brake,J,0007,417,0.0
KITTI,oracle,brake,J,0007,418,0.0
KITTI,oracle,brake,J,0007,419,0.15765491127967834
KITTI,oracle,brake,J,0007,420,0.10781264305114746
KITTI,oracle,brake,J,0007,421,0.10194653272628784
KITTI,oracle,brake,J,0007,422,0.4677865207195282
KITTI,oracle,brake,J,0007,423,0.0
KITTI,oracle,brake,J,0007,424,0.16398024559020996
KITTI,oracle,brake,J,0007,425,0.5521349906921387
KITTI,oracle,brake,J,0007,426,0.5920712649822235
KITTI,oracle,brake,J,0007,427,0.2999768555164337
KITTI,oracle,brake,J,0007,428,0.39554208517074585
KITTI,oracle,brake,J,0007,429,0.46139398217201233
KITTI,oracle,brake,J,0007,430,0.17667162418365479
KITTI,oracle,brake,J,0007,431,0.2755928933620453
KITTI,oracle,brake,J,0007,432,0.7066171765327454
KITTI,oracle,brake,J,0007,433,0.6169301867485046
KITTI,oracle,brake,J,0007,434,0.289821982383728
KITTI,oracle,brake,J,0007,435,0.3130323886871338
KITTI,oracle,brake,J,0007,436,0.35460060834884644
KITTI,oracle,brake,J,0007,437,0.16079244017601013
KITTI,oracle,brake,J,0007,438,0.43696537613868713
KITTI,oracle,brake,J,0007,439,0.5315689742565155
KITTI,oracle,brake,J,0007,440,0.5828458666801453
KITTI,oracle,brake,J,0007,441,0.1465752124786377
KITTI,oracle,brake,J,0007,442,0.6226131319999695
KITTI,oracle,brake,J,0007,443,1.0191282033920288
KITTI,oracle,brake,J,0007,444,0.8179009258747101
KITTI,oracle,brake,J,0007,445,0.7412250339984894
KITTI,oracle,brake,J,0007,446,0.5820861160755157
KITTI,oracle,brake,J,0007,447,0.7282044887542725
KITTI,oracle,brake,J,0007,448,1.2167609333992004
KITTI,oracle,brake,J,0007,449,1.0669558644294739
KITTI,oracle,brake,J,0007,450,0.6153137981891632
KITTI,oracle,brake,J,0007,451,0.29023605585098267
KITTI,oracle,brake,J,0007,452,0.5842474699020386
KITTI,oracle,brake,J,0007,453,0.7005219161510468
KITTI,oracle,brake,J,0007,454,0.5896806418895721
KITTI,oracle,brake,J,0007,455,0.3203711211681366
KITTI,oracle,brake,J,0007,456,0.11961367726325989
KITTI,oracle,brake,J,0007,457,0.30802685022354126
KITTI,oracle,brake,J,0007,458,0.638922929763794
KITTI,oracle,brake,J,0007,459,0.6126730740070343
KITTI,oracle,brake,J,0007,460,0.49990159273147583
KITTI,oracle,brake,J,0007,461,0.5710892975330353
KITTI,oracle,brake,J,0007,462,0.4957185685634613
KITTI,oracle,brake,J,0007,463,0.4265705645084381
KITTI,oracle,brake,J,0007,464,0.5626411736011505
KITTI,oracle,brake,J,0007,465,0.7078443765640259
KITTI,oracle,brake,J,0007,466,0.3935154676437378
KITTI,oracle,brake,J,0007,467,0.47654393315315247
KITTI,oracle,brake,J,0007,468,0.47765982151031494
KITTI,oracle,brake,J,0007,469,0.4266113340854645
KITTI,oracle,brake,J,0007,470,0.5637504756450653
KITTI,oracle,brake,J,0007,471,0.7643076479434967
KITTI,oracle,brake,J,0007,472,0.356300413608551
KITTI,oracle,brake,J,0007,473,0.4062535762786865
KITTI,oracle,brake,J,0007,474,0.0
KITTI,oracle,brake,J,0007,475,0.302900493144989
KITTI,oracle,brake,J,0007,476,0.697467029094696
KITTI,oracle,brake,J,0007,477,0.2713729441165924
KITTI,oracle,brake,J,0007,478,0.2566136121749878
KITTI,oracle,brake,J,0007,479,0.34771469235420227
KITTI,oracle,brake,J,0007,480,0.9363965094089508
KITTI,oracle,brake,J,0007,481,0.6515859067440033
KITTI,oracle,brake,J,0007,482,0.34589332342147827
KITTI,oracle,brake,J,0007,483,0.12635332345962524
KITTI,oracle,brake,J,0007,484,0.46469101309776306
KITTI,oracle,brake,J,0007,485,0.27175700664520264
KITTI,oracle,brake,J,0007,486,0.0
KITTI,oracle,brake,J,0007,487,0.8553324639797211
KITTI,oracle,brake,J,0007,488,0.10894504189491272
KITTI,oracle,brake,J,0007,489,0.4528319239616394
KITTI,oracle,brake,J,0007,490,0.6385390758514404
KITTI,oracle,brake,J,0007,491,0.7410648167133331
KITTI,oracle,brake,J,0007,492,0.23146826028823853
KITTI,oracle,brake,J,0007,493,0.0
KITTI,oracle,brake,J,0007,494,0.239349365234375
KITTI,oracle,brake,J,0007,495,0.41751399636268616
KITTI,oracle,brake,J,0007,496,0.3281678557395935
KITTI,oracle,brake,J,0007,497,0.0
KITTI,oracle,brake,J,0007,498,0.2206781804561615
KITTI,oracle,brake,J,0007,499,0.22815650701522827
KITTI,oracle,brake,J,0007,500,0.14608722925186157
KITTI,oracle,brake,J,0007,501,0.0
KITTI,oracle,brake,J,0007,502,0.15456733107566833
KITTI,oracle,brake,J,0007,503,0.13341522216796875
KITTI,oracle,brake,J,0007,504,0.0
KITTI,oracle,brake,J,0007,505,0.19868534803390503
KITTI,oracle,brake,J,0007,506,0.0
KITTI,oracle,brake,J,0007,507,0.0
KITTI,oracle,brake,J,0007,508,0.0
KITTI,oracle,brake,J,0007,509,0.140336275100708
KITTI,oracle,brake,J,0007,510,0.0
KITTI,oracle,brake,J,0007,511,0.16885694861412048
KITTI,oracle,brake,J,0007,512,0.2519265115261078
KITTI,oracle,brake,J,0007,513,0.0
KITTI,oracle,brake,J,0007,514,0.5445133745670319
KITTI,oracle,brake,J,0007,515,0.0
KITTI,oracle,brake,J,0007,516,0.29733580350875854
KITTI,oracle,brake,J,0007,517,0.3268906772136688
KITTI,oracle,brake,J,0007,518,0.30688583850860596
KITTI,oracle,brake,J,0007,519,0.12852513790130615
KITTI,oracle,brake,J,0007,520,0.19132766127586365
KITTI,oracle,brake,J,0007,521,0.0
KITTI,oracle,brake,J,0007,522,0.0
KITTI,oracle,brake,J,0007,523,0.21099600195884705
KITTI,oracle,brake,J,0007,524,0.15765491127967834
KITTI,oracle,brake,J,0007,525,0.15974104404449463
KITTI,oracle,brake,J,0007,526,0.2011847198009491
KITTI,oracle,brake,J,0007,527,0.4169447422027588
KITTI,oracle,brake,J,0007,528,0.7906602621078491
KITTI,oracle,brake,J,0007,529,0.12896329164505005
KITTI,oracle,brake,J,0007,530,0.6135262250900269
KITTI,oracle,brake,J,0007,531,0.0
KITTI,oracle,brake,J,0007,532,0.0
KITTI,oracle,brake,J,0007,533,0.0
KITTI,oracle,brake,J,0007,534,0.43036478757858276
KITTI,oracle,brake,J,0007,535,0.21732819080352783
KITTI,oracle,brake,J,0007,536,0.0
KITTI,oracle,brake,J,0007,537,0.0
KITTI,oracle,brake,J,0007,538,0.3382262885570526
KITTI,oracle,brake,J,0007,539,0.0
KITTI,oracle,brake,J,0007,540,0.0
KITTI,oracle,brake,J,0007,541,0.1250653862953186
KITTI,oracle,brake,J,0007,542,0.0
KITTI,oracle,brake,J,0007,543,0.0
KITTI,oracle,brake,J,0007,544,0.0
KITTI,oracle,brake,J,0007,545,0.0
KITTI,oracle,brake,J,0007,546,0.10158944129943848
KITTI,oracle,brake,J,0007,547,0.0
KITTI,oracle,brake,J,0007,548,0.0
KITTI,oracle,brake,J,0007,549,0.0
KITTI,oracle,brake,J,0007,550,0.0
KITTI,oracle,brake,J,0007,551,0.0
KITTI,oracle,brake,J,0007,552,0.0
KITTI,oracle,brake,J,0007,553,0.0
KITTI,oracle,brake,J,0007,554,0.0
KITTI,oracle,brake,J,0007,555,0.11008787155151367
KITTI,oracle,brake,J,0007,556,0.0
KITTI,oracle,brake,J,0007,557,0.0
KITTI,oracle,brake,J,0007,558,0.0
KITTI,oracle,brake,J,0007,559,0.0
KITTI,oracle,brake,J,0007,560,0.0
KITTI,oracle,brake,J,0007,561,0.0
KITTI,oracle,brake,J,0007,562,0.0
KITTI,oracle,brake,J,0007,563,0.0
KITTI,oracle,brake,J,0007,564,0.0
KITTI,oracle,brake,J,0007,565,0.0
KITTI,oracle,brake,J,0007,566,0.0
KITTI,oracle,brake,J,0007,567,0.0
KITTI,oracle,brake,J,0007,568,0.0
KITTI,oracle,brake,J,0007,569,0.0
KITTI,oracle,brake,J,0007,570,0.0
KITTI,oracle,brake,J,0007,571,0.0
KITTI,oracle,brake,J,0007,572,0.0
KITTI,oracle,brake,J,0007,573,0.0
KITTI,oracle,brake,J,0007,574,0.0
KITTI,oracle,brake,J,0007,575,0.0
KITTI,oracle,brake,J,0007,576,0.0
KITTI,oracle,brake,J,0007,577,0.0
KITTI,oracle,brake,J,0007,578,0.0
KITTI,oracle,brake,J,0007,579,0.0
KITTI,oracle,brake,J,0007,580,0.0
KITTI,oracle,brake,J,0007,581,0.0
KITTI,oracle,brake,J,0007,582,0.0
KITTI,oracle,brake,J,0007,583,0.0
KITTI,oracle,brake,J,0007,584,0.0
KITTI,oracle,brake,J,0007,585,0.0
KITTI,oracle,brake,J,0007,586,0.0
KITTI,oracle,brake,J,0007,587,0.0
KITTI,oracle,brake,J,0007,588,0.0
KITTI,oracle,brake,J,0007,589,0.0
KITTI,oracle,brake,J,0007,590,0.0
KITTI,oracle,brake,J,0007,591,0.0
KITTI,oracle,brake,J,0007,592,0.0
KITTI,oracle,brake,J,0007,593,0.0
KITTI,oracle,brake,J,0007,594,0.0
KITTI,oracle,brake,J,0007,595,0.0
KITTI,oracle,brake,J,0007,596,0.0
KITTI,oracle,brake,J,0007,597,0.0
KITTI,oracle,brake,J,0007,598,0.0
KITTI,oracle,brake,J,0007,599,0.0
KITTI,oracle,brake,J,0007,600,0.0
KITTI,oracle,brake,J,0007,601,0.0
KITTI,oracle,brake,J,0007,602,0.0
KITTI,oracle,brake,J,0007,603,0.0
KITTI,oracle,brake,J,0007,604,0.0
KITTI,oracle,brake,J,0007,605,0.0
KITTI,oracle,brake,J,0007,606,0.19375687837600708
KITTI,oracle,brake,J,0007,607,0.0
KITTI,oracle,brake,J,0007,608,0.24006125330924988
KITTI,oracle,brake,J,0007,609,0.2120688259601593
KITTI,oracle,brake,J,0007,610,0.15662014484405518
KITTI,oracle,brake,J,0007,611,0.0
KITTI,oracle,brake,J,0007,612,0.0
KITTI,oracle,brake,J,0007,613,0.13296425342559814
KITTI,oracle,brake,J,0007,614,0.0
KITTI,oracle,brake,J,0007,615,0.0
KITTI,oracle,brake,J,0007,616,0.0
KITTI,oracle,brake,J,0007,617,0.0
KITTI,oracle,brake,J,0007,618,0.17272931337356567
KITTI,oracle,brake,J,0007,619,0.0
KITTI,oracle,brake,J,0007,620,0.34205207228660583
KITTI,oracle,brake,J,0007,621,0.41067811846733093
KITTI,oracle,brake,J,0007,622,0.0
KITTI,oracle,brake,J,0007,623,0.17441028356552124
KITTI,oracle,brake,J,0007,624,0.0
KITTI,oracle,brake,J,0007,625,0.0
KITTI,oracle,brake,J,0007,626,0.0
KITTI,oracle,brake,J,0007,627,0.0
KITTI,oracle,brake,J,0007,628,0.16940587759017944
KITTI,oracle,brake,J,0007,629,0.258368581533432
KITTI,oracle,brake,J,0007,630,0.0
KITTI,oracle,brake,J,0007,631,0.30356431007385254
KITTI,oracle,brake,J,0007,632,0.10706344246864319
KITTI,oracle,brake,J,0007,633,0.2422056496143341
KITTI,oracle,brake,J,0007,634,0.188323974609375
KITTI,oracle,brake,J,0007,635,0.2107662856578827
KITTI,oracle,brake,J,0007,636,0.0
KITTI,oracle,brake,J,0007,637,0.0
KITTI,oracle,brake,J,0007,638,0.0
KITTI,oracle,brake,J,0007,639,0.12852513790130615
KITTI,oracle,brake,J,0007,640,0.16885694861412048
KITTI,oracle,brake,J,0007,641,0.0
KITTI,oracle,brake,J,0007,642,0.0
KITTI,oracle,brake,J,0007,643,0.0
KITTI,oracle,brake,J,0007,644,0.15869519114494324
KITTI,oracle,brake,J,0007,645,0.0
KITTI,oracle,brake,J,0007,646,0.0
KITTI,oracle,brake,J,0007,647,0.0
KITTI,oracle,brake,J,0007,648,0.19744443893432617
KITTI,oracle,brake,J,0007,649,0.11879339814186096
KITTI,oracle,brake,J,0007,650,0.0
KITTI,oracle,brake,J,0007,651,0.1755380630493164
KITTI,oracle,brake,J,0007,652,0.0
KITTI,oracle,brake,J,0007,653,0.0
KITTI,oracle,brake,J,0007,654,0.0
KITTI,oracle,brake,J,0007,655,0.239349365234375
KITTI,oracle,brake,J,0007,656,0.11162799596786499
KITTI,oracle,brake,J,0007,657,0.23348912596702576
KITTI,oracle,brake,J,0007,658,0.11436852812767029
KITTI,oracle,brake,J,0007,659,0.10158944129943848
KITTI,oracle,brake,J,0007,660,0.0
KITTI,oracle,brake,J,0007,661,0.0
KITTI,oracle,brake,J,0007,662,0.0
KITTI,oracle,brake,J,0007,663,0.0
KITTI,oracle,brake,J,0007,664,0.0
KITTI,oracle,brake,J,0007,665,0.0
KITTI,oracle,brake,J,0007,666,0.0
KITTI,oracle,brake,J,0007,667,0.10194653272628784
KITTI,oracle,brake,J,0007,668,0.1520322561264038
KITTI,oracle,brake,J,0007,669,0.2989194989204407
KITTI,oracle,brake,J,0007,670,0.10631886124610901
KITTI,oracle,brake,J,0007,671,0.5277729332447052
KITTI,oracle,brake,J,0007,672,0.1041124165058136
KITTI,oracle,brake,J,0007,673,0.11879339814186096
KITTI,oracle,brake,J,0007,674,0.16613352298736572
KITTI,oracle,brake,J,0007,675,0.16398024559020996
KITTI,oracle,brake,J,0007,676,0.35479438304901123
KITTI,oracle,brake,J,0007,677,0.4107206463813782
KITTI,oracle,brake,J,0007,678,0.5439161658287048
KITTI,oracle,brake,J,0007,679,0.3410852253437042
KITTI,oracle,brake,J,0007,680,0.6980025172233582
KITTI,oracle,brake,J,0007,681,0.3564504384994507
KITTI,oracle,brake,J,0007,682,0.3586139678955078
KITTI,oracle,brake,J,0007,683,0.14318770170211792
KITTI,oracle,brake,J,0007,684,0.0
KITTI,oracle,brake,J,0007,685,0.0
KITTI,oracle,brake,J,0007,686,0.3680315315723419
KITTI,oracle,brake,J,0007,687,0.0
KITTI,oracle,brake,J,0007,688,0.1436675786972046
KITTI,oracle,brake,J,0007,689,0.11436852812767029
KITTI,oracle,brake,J,0007,690,0.0
KITTI,oracle,brake,J,0007,691,0.27998578548431396
KITTI,oracle,brake,J,0007,692,0.0
KITTI,oracle,brake,J,0007,693,0.0
KITTI,oracle,brake,J,0007,694,0.0
KITTI,oracle,brake,J,0007,695,0.12336564064025879
KITTI,oracle,brake,J,0007,696,0.2579556405544281
KITTI,oracle,brake,J,0007,697,0.0
KITTI,oracle,brake,J,0007,698,0.6694386005401611
KITTI,oracle,brake,J,0007,699,0.23231011629104614
KITTI,oracle,brake,J,0007,700,0.47576597332954407
KITTI,oracle,brake,J,0007,701,0.5333983302116394
KITTI,oracle,brake,J,0007,702,0.4650963842868805
KITTI,oracle,brake,J,0007,703,0.19072401523590088
KITTI,oracle,brake,J,0007,704,0.14511537551879883
KITTI,oracle,brake,J,0007,705,0.0
KITTI,oracle,brake,J,0007,706,0.18068420886993408
KITTI,oracle,brake,J,0007,707,0.12852513790130615
KITTI,oracle,brake,J,0007,708,0.0
KITTI,oracle,brake,J,0007,709,0.0
KITTI,oracle,brake,J,0007,710,0.2852747440338135
KITTI,oracle,brake,J,0007,711,0.0
KITTI,oracle,brake,J,0007,712,0.28433093428611755
KITTI,oracle,brake,J,0007,713,0.3674977123737335
KITTI,oracle,brake,J,0007,714,0.13206613063812256
KITTI,oracle,brake,J,0007,715,1.052555412054062
KITTI,oracle,brake,J,0007,716,0.0
KITTI,oracle,brake,J,0007,717,0.2568720281124115
KITTI,oracle,brake,J,0007,718,0.11797800660133362
KITTI,oracle,brake,J,0007,719,0.12896329164505005
KITTI,oracle,brake,J,0007,720,0.18594717979431152
KITTI,oracle,brake,J,0007,721,0.12336564064025879
KITTI,oracle,brake,J,0007,722,0.15052762627601624
KITTI,oracle,brake,J,0007,723,0.283389687538147
KITTI,oracle,brake,J,0007,724,0.1175721287727356
KITTI,oracle,brake,J,0007,725,0.3949805498123169
KITTI,oracle,brake,J,0007,726,0.31194061040878296
KITTI,oracle,brake,J,0007,727,0.4817712903022766
KITTI,oracle,brake,J,0007,728,0.6079532504081726
KITTI,oracle,brake,J,0007,729,0.12808823585510254
KITTI,oracle,brake,J,0007,730,0.3540225923061371
KITTI,oracle,brake,J,0007,731,0.23731231689453125
KITTI,oracle,brake,J,0007,732,0.4288634955883026
KITTI,oracle,brake,J,0007,733,0.5865956544876099
KITTI,oracle,brake,J,0007,734,0.0
KITTI,oracle,brake,J,0007,735,0.6544345319271088
KITTI,oracle,brake,J,0007,736,0.33934569358825684
KITTI,oracle,brake,J,0007,737,0.5127623677253723
KITTI,oracle,brake,J,0007,738,0.35122567415237427
KITTI,oracle,brake,J,0007,739,0.33136019110679626
KITTI,oracle,brake,J,0007,740,0.4275428354740143
KITTI,oracle,brake,J,0007,741,0.568480372428894
KITTI,oracle,brake,J,0007,742,0.10521054267883301
KITTI,oracle,brake,J,0007,743,0.12549346685409546
KITTI,oracle,brake,J,0007,744,0.0
KITTI,oracle,brake,J,0007,745,0.4430176913738251
KITTI,oracle,brake,J,0007,746,0.19559407234191895
KITTI,oracle,brake,J,0007,747,0.0
KITTI,oracle,brake,J,0007,748,0.7617657482624054
KITTI,oracle,brake,J,0007,749,0.5094250440597534
KITTI,oracle,brake,J,0007,750,0.40118104219436646
KITTI,oracle,brake,J,0007,751,0.5092749893665314
KITTI,oracle,brake,J,0007,752,0.2687990963459015
KITTI,oracle,brake,J,0007,753,0.2515418529510498
KITTI,oracle,brake,J,0007,754,0.7340916693210602
KITTI,oracle,brake,J,0007,755,0.7251948118209839
KITTI,oracle,brake,J,0007,756,0.1250653862953186
KITTI,oracle,brake,J,0007,757,0.17667162418365479
KITTI,oracle,brake,J,0007,758,0.6873733997344971
KITTI,oracle,brake,J,0007,759,0.37956398725509644
KITTI,oracle,brake,J,0007,760,0.29775503277778625
KITTI,oracle,brake,J,0007,761,0.25853490829467773
KITTI,oracle,brake,J,0007,762,0.24812647700309753
KITTI,oracle,brake,J,0007,763,0.22135066986083984
KITTI,oracle,brake,J,0007,764,0.32444795966148376
KITTI,oracle,brake,J,0007,765,0.5153181254863739
KITTI,oracle,brake,J,0007,766,0.5052533745765686
KITTI,oracle,brake,J,0007,767,0.1250653862953186
KITTI,oracle,brake,J,0007,768,0.0
KITTI,oracle,brake,J,0007,769,0.2146914005279541
KITTI,oracle,brake,J,0007,770,0.10669058561325073
KITTI,oracle,brake,J,0007,771,0.0
KITTI,oracle,brake,J,0007,772,0.11716747283935547
KITTI,oracle,brake,J,0007,773,0.1761041283607483
KITTI,oracle,brake,J,0007,774,0.113973468542099
KITTI,oracle,brake,J,0007,775,0.11516222357749939
KITTI,oracle,brake,J,0007,776,0.15304216742515564
KITTI,oracle,brake,J,0007,777,0.0
KITTI,oracle,brake,J,0007,778,0.18359363079071045
KITTI,oracle,brake,J,0007,779,0.15765491127967834
KITTI,oracle,brake,J,0007,780,0.0
KITTI,oracle,brake,J,0007,781,0.1427091360092163
KITTI,oracle,brake,J,0007,782,0.22135066986083984
KITTI,oracle,brake,J,0007,783,0.1259227693080902
KITTI,oracle,brake,J,0007,784,0.22000709176063538
KITTI,oracle,brake,J,0007,785,0.0
KITTI,oracle,brake,J,0007,786,0.23509055376052856
KITTI,oracle,brake,J,0007,787,0.23370635509490967
KITTI,oracle,brake,J,0007,788,0.10818895697593689
KITTI,oracle,brake,J,0007,789,0.1475551724433899
KITTI,oracle,brake,J,0007,790,0.0
KITTI,oracle,brake,J,0007,791,0.17781084775924683
KITTI,oracle,brake,J,0007,792,0.3299105763435364
KITTI,oracle,brake,J,0007,793,0.14560061693191528
KITTI,oracle,brake,J,0007,794,0.1525365114212036
KITTI,oracle,brake,J,0007,795,0.0
KITTI,oracle,brake,J,0007,796,0.0
KITTI,oracle,brake,J,0007,797,0.3882855772972107
KITTI,oracle,brake,J,0007,798,0.14080816507339478
KITTI,oracle,brake,J,0007,799,0.10894504189491272
KITTI,oracle,brake,J,0008,0,0.7799929082393646
KITTI,oracle,brake,J,0008,1,0.44920507073402405
KITTI,oracle,brake,J,0008,2,0.0
KITTI,oracle,brake,J,0008,3,0.19993209838867188
KITTI,oracle,brake,J,0008,4,0.1666753888130188
KITTI,oracle,brake,J,0008,5,0.9519092738628387
KITTI,oracle,brake,J,0008,6,0.2133771777153015
KITTI,oracle,brake,J,0008,7,0.35048970580101013
KITTI,oracle,brake,J,0008,8,0.22953522205352783
KITTI,oracle,brake,J,0008,9,0.2662590444087982
KITTI,oracle,brake,J,0008,10,0.0
KITTI,oracle,brake,J,0008,11,0.2973678708076477
KITTI,oracle,brake,J,0008,12,0.653839647769928
KITTI,oracle,brake,J,0008,13,0.4641745984554291
KITTI,oracle,brake,J,0008,14,0.23091977834701538
KITTI,oracle,brake,J,0008,15,0.4025667905807495
KITTI,oracle,brake,J,0008,16,0.12765264511108398
KITTI,oracle,brake,J,0008,17,0.0
KITTI,oracle,brake,J,0008,18,0.0
KITTI,oracle,brake,J,0008,19,0.14223188161849976
KITTI,oracle,brake,J,0008,20,0.0
KITTI,oracle,brake,J,0008,21,0.0
KITTI,oracle,brake,J,0008,22,0.0
KITTI,oracle,brake,J,0008,23,0.1520322561264038
KITTI,oracle,brake,J,0008,24,0.12896329164505005
KITTI,oracle,brake,J,0008,25,0.24364244937896729
KITTI,oracle,brake,J,0008,26,0.0
KITTI,oracle,brake,J,0008,27,0.0
KITTI,oracle,brake,J,0008,28,0.0
KITTI,oracle,brake,J,0008,29,0.0
KITTI,oracle,brake,J,0008,30,0.0
KITTI,oracle,brake,J,0008,31,0.16238003969192505
KITTI,oracle,brake,J,0008,32,0.0
KITTI,oracle,brake,J,0008,33,0.0
KITTI,oracle,brake,J,0008,34,0.0
KITTI,oracle,brake,J,0008,35,0.0
KITTI,oracle,brake,J,0008,36,0.11838510632514954
KITTI,oracle,brake,J,0008,37,0.10158944129943848
KITTI,oracle,brake,J,0008,38,0.19559407234191895
KITTI,oracle,brake,J,0008,39,0.0
KITTI,oracle,brake,J,0008,40,0.0
KITTI,oracle,brake,J,0008,41,0.1772405207157135
KITTI,oracle,brake,J,0008,42,0.0
KITTI,oracle,brake,J,0008,43,0.3180631697177887
KITTI,oracle,brake,J,0008,44,0.2240554392337799
KITTI,oracle,brake,J,0008,45,0.0
KITTI,oracle,brake,J,0008,46,0.0
KITTI,oracle,brake,J,0008,47,0.2233770489692688
KITTI,oracle,brake,J,0008,48,0.0
KITTI,oracle,brake,J,0008,49,0.16995620727539062
KITTI,oracle,brake,J,0008,50,0.0
KITTI,oracle,brake,J,0008,51,0.0
KITTI,oracle,brake,J,0008,52,0.13117322325706482
KITTI,oracle,brake,J,0008,53,0.2279166579246521
KITTI,oracle,brake,J,0008,54,0.0
KITTI,oracle,brake,J,0008,55,0.0
KITTI,oracle,brake,J,0008,56,0.0
KITTI,oracle,brake,J,0008,57,0.0
KITTI,oracle,brake,J,0008,58,0.0
KITTI,oracle,brake,J,0008,59,0.0
KITTI,oracle,brake,J,0008,60,0.0
KITTI,oracle,brake,J,0008,61,0.0
KITTI,oracle,brake,J,0008,62,0.1650540828704834
KITTI,oracle,brake,J,0008,63,0.13386750221252441
KITTI,oracle,brake,J,0008,64,0.22000709176063538
KITTI,oracle,brake,J,0008,65,0.0
KITTI,oracle,brake,J,0008,66,0.0
KITTI,oracle,brake,J,0008,67,0.0
KITTI,oracle,brake,J,0008,68,0.0
KITTI,oracle,brake,J,0008,69,0.0
KITTI,oracle,brake,J,0008,70,0.19132766127586365
KITTI,oracle,brake,J,0008,71,0.0
KITTI,oracle,brake,J,0008,72,0.0
KITTI,oracle,brake,J,0008,73,0.0
KITTI,oracle,brake,J,0008,74,0.10447734594345093
KITTI,oracle,brake,J,0008,75,0.0
KITTI,oracle,brake,J,0008,76,0.0
KITTI,oracle,brake,J,0008,77,0.0
KITTI,oracle,brake,J,0008,78,0.0
KITTI,oracle,brake,J,0008,79,0.0
KITTI,oracle,brake,J,0008,80,0.0
KITTI,oracle,brake,J,0008,81,0.0
KITTI,oracle,brake,J,0008,82,0.0
KITTI,oracle,brake,J,0008,83,0.12210386991500854
KITTI,oracle,brake,J,0008,84,0.0
KITTI,oracle,brake,J,0008,85,0.0
KITTI,oracle,brake,J,0008,86,0.2240554392337799
KITTI,oracle,brake,J,0008,87,0.0
KITTI,oracle,brake,J,0008,88,0.0
KITTI,oracle,brake,J,0008,89,0.12168577313423157
KITTI,oracle,brake,J,0008,90,0.32838085293769836
KITTI,oracle,brake,J,0008,91,0.49892982840538025
KITTI,oracle,brake,J,0008,92,0.0
KITTI,oracle,brake,J,0008,93,0.13341522216796875
KITTI,oracle,brake,J,0008,94,0.2518656551837921
KITTI,oracle,brake,J,0008,95,0.16995620727539062
KITTI,oracle,brake,J,0008,96,0.44571176171302795
KITTI,oracle,brake,J,0008,97,0.2660394310951233
KITTI,oracle,brake,J,0008,98,0.4879731237888336
KITTI,oracle,brake,J,0008,99,0.29891297221183777
KITTI,oracle,brake,J,0008,100,0.29972031712532043
KITTI,oracle,brake,J,0008,101,0.32965242862701416
KITTI,oracle,brake,J,0008,102,0.2777962386608124
KITTI,oracle,brake,J,0008,103,0.12378868460655212
KITTI,oracle,brake,J,0008,104,0.14903530478477478
KITTI,oracle,brake,J,0008,105,0.11516222357749939
KITTI,oracle,brake,J,0008,106,0.23010754585266113
KITTI,oracle,brake,J,0008,107,0.0
KITTI,oracle,brake,J,0008,108,0.0
KITTI,oracle,brake,J,0008,109,0.1561048924922943
KITTI,oracle,brake,J,0008,110,0.103748619556427
KITTI,oracle,brake,J,0008,111,0.0
KITTI,oracle,brake,J,0008,112,0.12808823585510254
KITTI,oracle,brake,J,0008,113,0.4731532037258148
KITTI,oracle,brake,J,0008,114,0.23231011629104614
KITTI,oracle,brake,J,0008,115,0.11085560917854309
KITTI,oracle,brake,J,0008,116,0.2265177071094513
KITTI,oracle,brake,J,0008,117,0.1225232183933258
KITTI,oracle,brake,J,0008,118,0.0
KITTI,oracle,brake,J,0008,119,0.2535647451877594
KITTI,oracle,brake,J,0008,120,0.21011728048324585
KITTI,oracle,brake,J,0008,121,0.0
KITTI,oracle,brake,J,0008,122,0.0
KITTI,oracle,brake,J,0008,123,0.279779314994812
KITTI,oracle,brake,J,0008,124,0.32341715693473816
KITTI,oracle,brake,J,0008,125,0.0
KITTI,oracle,brake,J,0008,126,0.3859325349330902
KITTI,oracle,brake,J,0008,127,0.32054463028907776
KITTI,oracle,brake,J,0008,128,0.18359363079071045
KITTI,oracle,brake,J,0008,129,0.41338446736335754
KITTI,oracle,brake,J,0008,130,0.11879339814186096
KITTI,oracle,brake,J,0008,131,0.32780778408050537
KITTI,oracle,brake,J,0008,132,0.12043881416320801
KITTI,oracle,brake,J,0008,133,0.0
KITTI,oracle,brake,J,0008,134,0.0
KITTI,oracle,brake,J,0008,135,0.3296147584915161
KITTI,oracle,brake,J,0008,136,0.0
KITTI,oracle,brake,J,0008,137,0.15456733107566833
KITTI,oracle,brake,J,0008,138,0.0
KITTI,oracle,brake,J,0008,139,0.0
KITTI,oracle,brake,J,0008,140,0.0
KITTI,oracle,brake,J,0008,141,0.0
KITTI,oracle,brake,J,0008,142,0.2130163311958313
KITTI,oracle,brake,J,0008,143,0.2579107880592346
KITTI,oracle,brake,J,0008,144,0.0
KITTI,oracle,brake,J,0008,145,0.3223196864128113
KITTI,oracle,brake,J,0008,146,0.1520322561264038
KITTI,oracle,brake,J,0008,147,0.4805877208709717
KITTI,oracle,brake,J,0008,148,0.12940272688865662
KITTI,oracle,brake,J,0008,149,0.10123348236083984
KITTI,oracle,brake,J,0008,150,0.0
KITTI,oracle,brake,J,0008,151,0.0
KITTI,oracle,brake,J,0008,152,0.41815388202667236
KITTI,oracle,brake,J,0008,153,0.4185783267021179
KITTI,oracle,brake,J,0008,154,0.4511253535747528
KITTI,oracle,brake,J,0008,155,0.21535074710845947
KITTI,oracle,brake,J,0008,156,0.417873740196228
KITTI,oracle,brake,J,0008,157,0.0
KITTI,oracle,brake,J,0008,158,0.8253104090690613
KITTI,oracle,brake,J,0008,159,0.23863890767097473
KITTI,oracle,brake,J,0008,160,0.41286084055900574
KITTI,oracle,brake,J,0008,161,0.9818349182605743
KITTI,oracle,brake,J,0008,162,0.8280886709690094
KITTI,oracle,brake,J,0008,163,1.2114582061767578
KITTI,oracle,brake,J,0008,164,0.9157610833644867
KITTI,oracle,brake,J,0008,165,1.0302477478981018
KITTI,oracle,brake,J,0008,166,0.2722450792789459
KITTI,oracle,brake,J,0008,167,0.6131179630756378
KITTI,oracle,brake,J,0008,168,0.8998502492904663
KITTI,oracle,brake,J,0008,169,0.6363022923469543
KITTI,oracle,brake,J,0008,170,1.2586728632450104
KITTI,oracle,brake,J,0008,171,0.3061228394508362
KITTI,oracle,brake,J,0008,172,0.3465821146965027
KITTI,oracle,brake,J,0008,173,0.44437459111213684
KITTI,oracle,brake,J,0008,174,0.29544898867607117
KITTI,oracle,brake,J,0008,175,0.7521208822727203
KITTI,oracle,brake,J,0008,176,0.5406164526939392
KITTI,oracle,brake,J,0008,177,0.8639503419399261
KITTI,oracle,brake,J,0008,178,0.27392053604125977
KITTI,oracle,brake,J,0008,179,0.336664080619812
KITTI,oracle,brake,J,0008,180,0.3789403438568115
KITTI,oracle,brake,J,0008,181,0.37079349160194397
KITTI,oracle,brake,J,0008,182,0.2773127853870392
KITTI,oracle,brake,J,0008,183,0.32665249705314636
KITTI,oracle,brake,J,0008,184,0.7972230911254883
KITTI,oracle,brake,J,0008,185,0.4353042542934418
KITTI,oracle,brake,J,0008,186,0.9002532064914703
KITTI,oracle,brake,J,0008,187,1.1708849966526031
KITTI,oracle,brake,J,0008,188,0.7184448838233948
KITTI,oracle,brake,J,0008,189,0.4983298182487488
KITTI,oracle,brake,J,0008,190,0.44634366035461426
KITTI,oracle,brake,J,0008,191,0.42576923966407776
KITTI,oracle,brake,J,0008,192,0.7644277513027191
KITTI,oracle,brake,J,0008,193,0.31855911016464233
KITTI,oracle,brake,J,0008,194,0.4689863622188568
KITTI,oracle,brake,J,0008,195,0.49948814511299133
KITTI,oracle,brake,J,0008,196,0.41602739691734314
KITTI,oracle,brake,J,0008,197,0.32990947365760803
KITTI,oracle,brake,J,0008,198,0.5195630192756653
KITTI,oracle,brake,J,0008,199,0.6620857417583466
KITTI,oracle,brake,J,0008,200,0.33867210149765015
KITTI,oracle,brake,J,0008,201,0.4539031684398651
KITTI,oracle,brake,J,0008,202,0.4175586998462677
KITTI,oracle,brake,J,0008,203,0.13028541207313538
KITTI,oracle,brake,J,0008,204,0.18242552876472473
KITTI,oracle,brake,J,0008,205,0.10894504189491272
KITTI,oracle,brake,J,0008,206,0.5943871736526489
KITTI,oracle,brake,J,0008,207,0.21898514032363892
KITTI,oracle,brake,J,0008,208,0.2848605811595917
KITTI,oracle,brake,J,0008,209,0.21167731285095215
KITTI,oracle,brake,J,0008,210,0.17895588278770447
KITTI,oracle,brake,J,0008,211,0.0
KITTI,oracle,brake,J,0008,212,0.0
KITTI,oracle,brake,J,0008,213,0.35609880089759827
KITTI,oracle,brake,J,0008,214,0.3549151122570038
KITTI,oracle,brake,J,0008,215,0.3957368731498718
KITTI,oracle,brake,J,0008,216,0.31613898277282715
KITTI,oracle,brake,J,0008,217,0.21601152420043945
KITTI,oracle,brake,J,0008,218,0.0
KITTI,oracle,brake,J,0008,219,0.15152934193611145
KITTI,oracle,brake,J,0008,220,0.0
KITTI,oracle,brake,J,0008,221,0.2114168107509613
KITTI,oracle,brake,J,0008,222,0.1795305609703064
KITTI,oracle,brake,J,0008,223,0.11961367726325989
KITTI,oracle,brake,J,0008,224,0.32469937205314636
KITTI,oracle,brake,J,0008,225,0.3488660454750061
KITTI,oracle,brake,J,0008,226,0.0
KITTI,oracle,brake,J,0008,227,0.1041124165058136
KITTI,oracle,brake,J,0008,228,0.36297157406806946
KITTI,oracle,brake,J,0008,229,0.3617630898952484
KITTI,oracle,brake,J,0008,230,0.3825284242630005
KITTI,oracle,brake,J,0008,231,0.29885756969451904
KITTI,oracle,brake,J,0008,232,0.10266399383544922
KITTI,oracle,brake,J,0008,233,0.3614772856235504
KITTI,oracle,brake,J,0008,234,0.1561048924922943
KITTI,oracle,brake,J,0008,235,0.20817893743515015
KITTI,oracle,brake,J,0008,236,0.34964314103126526
KITTI,oracle,brake,J,0008,237,0.16132020950317383
KITTI,oracle,brake,J,0008,238,0.208823561668396
KITTI,oracle,brake,J,0008,239,0.0
KITTI,oracle,brake,J,0008,240,0.0
KITTI,oracle,brake,J,0008,241,0.0
KITTI,oracle,brake,J,0008,242,0.36983469128608704
KITTI,oracle,brake,J,0008,243,0.22829070687294006
KITTI,oracle,brake,J,0008,244,0.22541660070419312
KITTI,oracle,brake,J,0008,245,0.3743388056755066
KITTI,oracle,brake,J,0008,246,0.13296425342559814
KITTI,oracle,brake,J,0008,247,0.1962094008922577
KITTI,oracle,brake,J,0008,248,0.103024423122406
KITTI,oracle,brake,J,0008,249,0.21601152420043945
KITTI,oracle,brake,J,0008,250,0.26250338554382324
KITTI,oracle,brake,J,0008,251,0.3533318042755127
KITTI,oracle,brake,J,0008,252,0.15921741724014282
KITTI,oracle,brake,J,0008,253,0.349835604429245
KITTI,oracle,brake,J,0008,254,0.7261882722377777
KITTI,oracle,brake,J,0008,255,0.11357957124710083
KITTI,oracle,brake,J,0008,256,0.2035425901412964
KITTI,oracle,brake,J,0008,257,0.4661175012588501
KITTI,oracle,brake,J,0008,258,0.43941476941108704
KITTI,oracle,brake,J,0008,259,0.5800365805625916
KITTI,oracle,brake,J,0008,260,0.103024423122406
KITTI,oracle,brake,J,0008,261,0.3740426301956177
KITTI,oracle,brake,J,0008,262,0.17895588278770447
KITTI,oracle,brake,J,0008,263,0.24554681777954102
KITTI,oracle,brake,J,0008,264,0.32613295316696167
KITTI,oracle,brake,J,0008,265,0.2642880082130432
KITTI,oracle,brake,J,0008,266,0.12808823585510254
KITTI,oracle,brake,J,0008,267,0.1755380630493164
KITTI,oracle,brake,J,0008,268,0.289284348487854
KITTI,oracle,brake,J,0008,269,0.0
KITTI,oracle,brake,J,0008,270,0.11476477980613708
KITTI,oracle,brake,J,0008,271,0.0
KITTI,oracle,brake,J,0008,272,0.0
KITTI,oracle,brake,J,0008,273,0.0
KITTI,oracle,brake,J,0008,274,0.13477590680122375
KITTI,oracle,brake,J,0008,275,0.11879339814186096
KITTI,oracle,brake,J,0008,276,0.0
KITTI,oracle,brake,J,0008,277,0.13072866201400757
KITTI,oracle,brake,J,0008,278,0.0
KITTI,oracle,brake,J,0008,279,0.0
KITTI,oracle,brake,J,0008,280,0.3356216549873352
KITTI,oracle,brake,J,0008,281,0.16398024559020996
KITTI,oracle,brake,J,0008,282,0.2465333640575409
KITTI,oracle,brake,J,0008,283,0.1962094008922577
KITTI,oracle,brake,J,0008,284,0.23091977834701538
KITTI,oracle,brake,J,0008,285,0.11556088924407959
KITTI,oracle,brake,J,0008,286,0.11008787155151367
KITTI,oracle,brake,J,0008,287,0.23022675514221191
KITTI,oracle,brake,J,0008,288,0.12336564064025879
KITTI,oracle,brake,J,0008,289,0.0
KITTI,oracle,brake,J,0008,290,0.0
KITTI,oracle,brake,J,0008,291,0.17838266491889954
KITTI,oracle,brake,J,0008,292,0.1259227693080902
KITTI,oracle,brake,J,0008,293,0.0
KITTI,oracle,brake,J,0008,294,0.0
KITTI,oracle,brake,J,0008,295,0.0
KITTI,oracle,brake,J,0008,296,0.0
KITTI,oracle,brake,J,0008,297,0.27788984775543213
KITTI,oracle,brake,J,0008,298,0.0
KITTI,oracle,brake,J,0008,299,0.7142994701862335
KITTI,oracle,brake,J,0008,300,0.23091977834701538
KITTI,oracle,brake,J,0008,301,0.22000709176063538
KITTI,oracle,brake,J,0008,302,0.12421301007270813
KITTI,oracle,brake,J,0008,303,0.4752686023712158
KITTI,oracle,brake,J,0008,304,0.29761213064193726
KITTI,oracle,brake,J,0008,305,0.40799328684806824
KITTI,oracle,brake,J,0008,306,0.6109219491481781
KITTI,oracle,brake,J,0008,307,0.33051276206970215
KITTI,oracle,brake,J,0008,308,0.2776768207550049
KITTI,oracle,brake,J,0008,309,0.15456733107566833
KITTI,oracle,brake,J,0008,310,0.35274291038513184
KITTI,oracle,brake,J,0008,311,0.15869519114494324
KITTI,oracle,brake,J,0008,312,0.13432103395462036
KITTI,oracle,brake,J,0008,313,0.30363285541534424
KITTI,oracle,brake,J,0008,314,0.20689404010772705
KITTI,oracle,brake,J,0008,315,0.4584622085094452
KITTI,oracle,brake,J,0008,316,0.37510228157043457
KITTI,oracle,brake,J,0008,317,0.28043052554130554
KITTI,oracle,brake,J,0008,318,0.1561048924922943
KITTI,oracle,brake,J,0008,319,0.2179974913597107
KITTI,oracle,brake,J,0008,320,0.0
KITTI,oracle,brake,J,0008,321,0.14706450700759888
KITTI,oracle,brake,J,0008,322,0.3948346972465515
KITTI,oracle,brake,J,0008,323,0.21272224187850952
KITTI,oracle,brake,J,0008,324,0.47804513573646545
KITTI,oracle,brake,J,0008,325,0.23524236679077148
KITTI,oracle,brake,J,0008,326,0.42695853114128113
KITTI,oracle,brake,J,0008,327,0.41101598739624023
KITTI,oracle,brake,J,0008,328,0.0
KITTI,oracle,brake,J,0008,329,0.1048433780670166
KITTI,oracle,brake,J,0008,330,0.6636605560779572
KITTI,oracle,brake,J,0008,331,0.2304576337337494
KITTI,oracle,brake,J,0008,332,0.0
KITTI,oracle,brake,J,0008,333,0.9287827908992767
KITTI,oracle,brake,J,0008,334,0.19375687837600708
KITTI,oracle,brake,J,0008,335,0.6102234125137329
KITTI,oracle,brake,J,0008,336,0.38602951169013977
KITTI,oracle,brake,J,0008,337,0.846329540014267
KITTI,oracle,brake,J,0008,338,1.0335895121097565
KITTI,oracle,brake,J,0008,339,0.8210812211036682
KITTI,oracle,brake,J,0008,340,0.47706320881843567
KITTI,oracle,brake,J,0008,341,0.4424951672554016
KITTI,oracle,brake,J,0008,342,0.2877689301967621
KITTI,oracle,brake,J,0008,343,0.12808823585510254
KITTI,oracle,brake,J,0008,344,0.2997051477432251
KITTI,oracle,brake,J,0008,345,0.407005250453949
KITTI,oracle,brake,J,0008,346,0.4568931460380554
KITTI,oracle,brake,J,0008,347,0.13161903619766235
KITTI,oracle,brake,J,0008,348,0.13939636945724487
KITTI,oracle,brake,J,0008,349,0.2604762613773346
KITTI,oracle,brake,J,0008,350,0.4254574775695801
KITTI,oracle,brake,J,0008,351,0.6043242812156677
KITTI,oracle,brake,J,0008,352,0.5557004809379578
KITTI,oracle,brake,J,0008,353,0.24707525968551636
KITTI,oracle,brake,J,0008,354,0.735447108745575
KITTI,oracle,brake,J,0008,355,0.5228602290153503
KITTI,oracle,brake,J,0008,356,0.3895355463027954
KITTI,oracle,brake,J,0008,357,0.56375652551651
KITTI,oracle,brake,J,0008,358,0.5274023413658142
KITTI,oracle,brake,J,0008,359,0.26413360238075256
KITTI,oracle,brake,J,0008,360,0.0
KITTI,oracle,brake,J,0008,361,0.5376569032669067
KITTI,oracle,brake,J,0008,362,0.2583402693271637
KITTI,oracle,brake,J,0008,363,0.3357064127922058
KITTI,oracle,brake,J,0008,364,0.2790590524673462
KITTI,oracle,brake,J,0008,365,0.13706976175308228
KITTI,oracle,brake,J,0008,366,0.29563868045806885
KITTI,oracle,brake,J,0008,367,0.11920291185379028
KITTI,oracle,brake,J,0008,368,0.46379610896110535
KITTI,oracle,brake,J,0008,369,0.11516222357749939
KITTI,oracle,brake,J,0008,370,0.30406585335731506
KITTI,oracle,brake,J,0008,371,0.38565412163734436
KITTI,oracle,brake,J,0008,372,0.22253990173339844
KITTI,oracle,brake,J,0008,373,0.2794061601161957
KITTI,oracle,brake,J,0008,374,0.3000733554363251
KITTI,oracle,brake,J,0008,375,0.2810148000717163
KITTI,oracle,brake,J,0008,376,0.3967822790145874
KITTI,oracle,brake,J,0008,377,0.3935154676437378
KITTI,oracle,brake,J,0008,378,0.2827516198158264
KITTI,oracle,brake,J,0008,379,0.34573784470558167
KITTI,oracle,brake,J,0008,380,0.24210891127586365
KITTI,oracle,brake,J,0008,381,0.23370635509490967
KITTI,oracle,brake,J,0008,382,0.22698235511779785
KITTI,oracle,brake,J,0008,383,0.10230469703674316
KITTI,oracle,brake,J,0008,384,0.12852513790130615
KITTI,oracle,brake,J,0008,385,0.0
KITTI,oracle,brake,J,0008,386,0.3662388026714325
KITTI,oracle,brake,J,0008,387,0.5415566563606262
KITTI,oracle,brake,J,0008,388,0.0
KITTI,oracle,brake,J,0008,389,0.2544681131839752
KITTI,oracle,brake,J,0009,0,0.0
KITTI,oracle,brake,J,0009,1,0.0
KITTI,oracle,brake,J,0009,2,0.15052762627601624
KITTI,oracle,brake,J,0009,3,0.0
KITTI,oracle,brake,J,0009,4,0.0
KITTI,oracle,brake,J,0009,5,0.13117322325706482
KITTI,oracle,brake,J,0009,6,0.22541660070419312
KITTI,oracle,brake,J,0009,7,0.35577264428138733
KITTI,oracle,brake,J,0009,8,0.6646793782711029
KITTI,oracle,brake,J,0009,9,0.5115050971508026
KITTI,oracle,brake,J,0009,10,0.30680039525032043
KITTI,oracle,brake,J,0009,11,0.0
KITTI,oracle,brake,J,0009,12,0.39956459403038025
KITTI,oracle,brake,J,0009,13,0.10338595509529114
KITTI,oracle,brake,J,0009,14,0.3425632417201996
KITTI,oracle,brake,J,0009,15,0.7342464327812195
KITTI,oracle,brake,J,0009,16,0.6312683522701263
KITTI,oracle,brake,J,0009,17,0.3037633001804352
KITTI,oracle,brake,J,0009,18,0.4206426441669464
KITTI,oracle,brake,J,0009,19,0.16184943914413452
KITTI,oracle,brake,J,0009,20,0.2186693549156189
KITTI,oracle,brake,J,0009,21,0.853634238243103
KITTI,oracle,brake,J,0009,22,0.7856290638446808
KITTI,oracle,brake,J,0009,23,0.7747803032398224
KITTI,oracle,brake,J,0009,24,1.1134149730205536
KITTI,oracle,brake,J,0009,25,1.1825174391269684
KITTI,oracle,brake,J,0009,26,1.1356097161769867
KITTI,oracle,brake,J,0009,27,0.38492342829704285
KITTI,oracle,brake,J,0009,28,1.1633380949497223
KITTI,oracle,brake,J,0009,29,1.332908034324646
KITTI,oracle,brake,J,0009,30,0.9562559127807617
KITTI,oracle,brake,J,0009,31,0.43424534797668457
KITTI,oracle,brake,J,0009,32,0.6422143280506134
KITTI,oracle,brake,J,0009,33,0.587296336889267
KITTI,oracle,brake,J,0009,34,0.6833644807338715
KITTI,oracle,brake,J,0009,35,0.8312647938728333
KITTI,oracle,brake,J,0009,36,0.7003623843193054
KITTI,oracle,brake,J,0009,37,1.2037650644779205
KITTI,oracle,brake,J,0009,38,0.2227001190185547
KITTI,oracle,brake,J,0009,39,0.0
KITTI,oracle,brake,J,0009,40,0.8676763772964478
KITTI,oracle,brake,J,0009,41,0.6405758857727051
KITTI,oracle,brake,J,0009,42,0.21385708451271057
KITTI,oracle,brake,J,0009,43,0.13986563682556152
KITTI,oracle,brake,J,0009,44,0.6586296558380127
KITTI,oracle,brake,J,0009,45,0.8080007433891296
KITTI,oracle,brake,J,0009,46,0.9133171439170837
KITTI,oracle,brake,J,0009,47,0.42259976267814636
KITTI,oracle,brake,J,0009,48,0.849696010351181
KITTI,oracle,brake,J,0009,49,1.0194804668426514
KITTI,oracle,brake,J,0009,50,1.75787153840065
KITTI,oracle,brake,J,0009,51,0.735194206237793
KITTI,oracle,brake,J,0009,52,0.3505963683128357
KITTI,oracle,brake,J,0009,53,1.308702439069748
KITTI,oracle,brake,J,0009,54,1.0781084597110748
KITTI,oracle,brake,J,0009,55,0.8951278626918793
KITTI,oracle,brake,J,0009,56,0.6419615745544434
KITTI,oracle,brake,J,0009,57,0.40014347434043884
KITTI,oracle,brake,J,0009,58,0.8869481086730957
KITTI,oracle,brake,J,0009,59,0.46487957239151
KITTI,oracle,brake,J,0009,60,0.4910881519317627
KITTI,oracle,brake,J,0009,61,0.9590269327163696
KITTI,oracle,brake,J,0009,62,0.4345129728317261
KITTI,oracle,brake,J,0009,63,1.055481880903244
KITTI,oracle,brake,J,0009,64,0.10743749141693115
KITTI,oracle,brake,J,0009,65,1.0328267514705658
KITTI,oracle,brake,J,0009,66,0.8114519119262695
KITTI,oracle,brake,J,0009,67,0.6896224617958069
KITTI,oracle,brake,J,0009,68,0.5174798667430878
KITTI,oracle,brake,J,0009,69,0.34379902482032776
KITTI,oracle,brake,J,0009,70,0.6452788412570953
KITTI,oracle,brake,J,0009,71,1.1755844354629517
KITTI,oracle,brake,J,0009,72,0.6677946150302887
KITTI,oracle,brake,J,0009,73,0.37310487031936646
KITTI,oracle,brake,J,0009,74,0.309245228767395
KITTI,oracle,brake,J,0009,75,0.22541660070419312
KITTI,oracle,brake,J,0009,76,0.5724062919616699
KITTI,oracle,brake,J,0009,77,0.7355259656906128
KITTI,oracle,brake,J,0009,78,0.3524816334247589
KITTI,oracle,brake,J,0009,79,0.20370754599571228
KITTI,oracle,brake,J,0009,80,0.22213193774223328
KITTI,oracle,brake,J,0009,81,0.7409916520118713
KITTI,oracle,brake,J,0009,82,0.16830945014953613
KITTI,oracle,brake,J,0009,83,0.17328819632530212
KITTI,oracle,brake,J,0009,84,0.43528035283088684
KITTI,oracle,brake,J,0009,85,0.22135066986083984
KITTI,oracle,brake,J,0009,86,0.44871029257774353
KITTI,oracle,brake,J,0009,87,0.34178516268730164
KITTI,oracle,brake,J,0009,88,0.4642235338687897
KITTI,oracle,brake,J,0009,89,0.3317354619503021
KITTI,oracle,brake,J,0009,90,0.7349432706832886
KITTI,oracle,brake,J,0009,91,0.44664815068244934
KITTI,oracle,brake,J,0009,92,0.33423325419425964
KITTI,oracle,brake,J,0009,93,0.4514181911945343
KITTI,oracle,brake,J,0009,94,0.6277346611022949
KITTI,oracle,brake,J,0009,95,0.18359363079071045
KITTI,oracle,brake,J,0009,96,0.9660432934761047
KITTI,oracle,brake,J,0009,97,0.6104738712310791
KITTI,oracle,brake,J,0009,98,1.0836965441703796
KITTI,oracle,brake,J,0009,99,1.0592164397239685
KITTI,oracle,brake,J,0009,100,0.15921741724014282
KITTI,oracle,brake,J,0009,101,0.7693119943141937
KITTI,oracle,brake,J,0009,102,0.4114729166030884
KITTI,oracle,brake,J,0009,103,0.88324373960495
KITTI,oracle,brake,J,0009,104,0.2654177248477936
KITTI,oracle,brake,J,0009,105,0.557344526052475
KITTI,oracle,brake,J,0009,106,0.99457648396492
KITTI,oracle,brake,J,0009,107,0.7307238578796387
KITTI,oracle,brake,J,0009,108,0.6641282737255096
KITTI,oracle,brake,J,0009,109,1.2683263421058655
KITTI,oracle,brake,J,0009,110,0.49544814229011536
KITTI,oracle,brake,J,0009,111,0.24609890580177307
KITTI,oracle,brake,J,0009,112,0.5611715614795685
KITTI,oracle,brake,J,0009,113,0.6722640991210938
KITTI,oracle,brake,J,0009,114,0.9432547092437744
KITTI,oracle,brake,J,0009,115,0.9576767683029175
KITTI,oracle,brake,J,0009,116,0.6303269267082214
KITTI,oracle,brake,J,0009,117,1.043606549501419
KITTI,oracle,brake,J,0009,118,0.3048825263977051
KITTI,oracle,brake,J,0009,119,1.3000347018241882
KITTI,oracle,brake,J,0009,120,1.2196062803268433
KITTI,oracle,brake,J,0009,121,0.7095988094806671
KITTI,oracle,brake,J,0009,122,0.610984206199646
KITTI,oracle,brake,J,0009,123,0.37892356514930725
KITTI,oracle,brake,J,0009,124,0.5694796741008759
KITTI,oracle,brake,J,0009,125,0.2802094519138336
KITTI,oracle,brake,J,0009,126,0.10158944129943848
KITTI,oracle,brake,J,0009,127,0.0
KITTI,oracle,brake,J,0009,128,0.3953744173049927
KITTI,oracle,brake,J,0009,129,0.0
KITTI,oracle,brake,J,0009,130,0.10557883977890015
KITTI,oracle,brake,J,0009,131,0.5482567548751831
KITTI,oracle,brake,J,0009,132,0.8300138115882874
KITTI,oracle,brake,J,0009,133,1.1831704378128052
KITTI,oracle,brake,J,0009,134,0.455485999584198
KITTI,oracle,brake,J,0009,135,0.7037492990493774
KITTI,oracle,brake,J,0009,136,0.5779776573181152
KITTI,oracle,brake,J,0009,137,0.9744849503040314
KITTI,oracle,brake,J,0009,138,1.4049111008644104
KITTI,oracle,brake,J,0009,139,0.6647375822067261
KITTI,oracle,brake,J,0009,140,0.6429862678050995
KITTI,oracle,brake,J,0009,141,0.7459729015827179
KITTI,oracle,brake,J,0009,142,0.9070190191268921
KITTI,oracle,brake,J,0009,143,0.6289687752723694
KITTI,oracle,brake,J,0009,144,0.5267260372638702
KITTI,oracle,brake,J,0009,145,0.32787829637527466
KITTI,oracle,brake,J,0009,146,1.160720407962799
KITTI,oracle,brake,J,0009,147,1.0734811425209045
KITTI,oracle,brake,J,0009,148,1.494902789592743
KITTI,oracle,brake,J,0009,149,0.9185280203819275
KITTI,oracle,brake,J,0009,150,0.7853861451148987
KITTI,oracle,brake,J,0009,151,0.5841473340988159
KITTI,oracle,brake,J,0009,152,0.35434600710868835
KITTI,oracle,brake,J,0009,153,0.7507289350032806
KITTI,oracle,brake,J,0009,154,0.6666589379310608
KITTI,oracle,brake,J,0009,155,0.46057167649269104
KITTI,oracle,brake,J,0009,156,0.7630968391895294
KITTI,oracle,brake,J,0009,157,0.4583737850189209
KITTI,oracle,brake,J,0009,158,0.9972220063209534
KITTI,oracle,brake,J,0009,159,0.6550515294075012
KITTI,oracle,brake,J,0009,160,0.9255038201808929
KITTI,oracle,brake,J,0009,161,1.226639211177826
KITTI,oracle,brake,J,0009,162,1.0066925585269928
KITTI,oracle,brake,J,0009,163,0.8729959428310394
KITTI,oracle,brake,J,0009,164,1.2425771355628967
KITTI,oracle,brake,J,0009,165,0.8088155388832092
KITTI,oracle,brake,J,0009,166,0.7275146543979645
KITTI,oracle,brake,J,0009,167,0.8861283957958221
KITTI,oracle,brake,J,0009,168,0.6232664585113525
KITTI,oracle,brake,J,0009,169,1.3164042532444
KITTI,oracle,brake,J,0009,170,0.8350884914398193
KITTI,oracle,brake,J,0009,171,0.6210859715938568
KITTI,oracle,brake,J,0009,172,0.8067645728588104
KITTI,oracle,brake,J,0009,173,0.6188900768756866
KITTI,oracle,brake,J,0009,174,0.7538712024688721
KITTI,oracle,brake,J,0009,175,0.5555177330970764
KITTI,oracle,brake,J,0009,176,0.3808315098285675
KITTI,oracle,brake,J,0009,177,0.48131299018859863
KITTI,oracle,brake,J,0009,178,0.3657020330429077
KITTI,oracle,brake,J,0009,179,0.8406851887702942
KITTI,oracle,brake,J,0009,180,0.9911483824253082
KITTI,oracle,brake,J,0009,181,0.5366628766059875
KITTI,oracle,brake,J,0009,182,0.7628961205482483
KITTI,oracle,brake,J,0009,183,0.7346995174884796
KITTI,oracle,brake,J,0009,184,0.9355370700359344
KITTI,oracle,brake,J,0009,185,1.1809976398944855
KITTI,oracle,brake,J,0009,186,0.6041019558906555
KITTI,oracle,brake,J,0009,187,0.7059147655963898
KITTI,oracle,brake,J,0009,188,0.7314474880695343
KITTI,oracle,brake,J,0009,189,0.44085976481437683
KITTI,oracle,brake,J,0009,190,0.6694565117359161
KITTI,oracle,brake,J,0009,191,0.5098729133605957
KITTI,oracle,brake,J,0009,192,0.6866636574268341
KITTI,oracle,brake,J,0009,193,0.8536532521247864
KITTI,oracle,brake,J,0009,194,1.1477912366390228
KITTI,oracle,brake,J,0009,195,1.4273374676704407
KITTI,oracle,brake,J,0009,196,1.6162235736846924
KITTI,oracle,brake,J,0009,197,0.7970888912677765
KITTI,oracle,brake,J,0009,198,0.2965833246707916
KITTI,oracle,brake,J,0009,199,0.41382524371147156
KITTI,oracle,brake,J,0009,200,0.25800570845603943
KITTI,oracle,brake,J,0009,201,0.4462583363056183
KITTI,oracle,brake,J,0009,202,1.2134877443313599
KITTI,oracle,brake,J,0009,203,2.104556232690811
KITTI,oracle,brake,J,0009,204,2.324725717306137
KITTI,oracle,brake,J,0009,205,1.9886594712734222
KITTI,oracle,brake,J,0009,206,1.6191825866699219
KITTI,oracle,brake,J,0009,207,0.4245028495788574
KITTI,oracle,brake,J,0009,208,0.7061163485050201
KITTI,oracle,brake,J,0009,209,1.256810873746872
KITTI,oracle,brake,J,0009,210,0.6049748659133911
KITTI,oracle,brake,J,0009,211,0.48477357625961304
KITTI,oracle,brake,J,0009,212,0.9559473693370819
KITTI,oracle,brake,J,0009,213,1.3731336295604706
KITTI,oracle,brake,J,0009,214,1.358195185661316
KITTI,oracle,brake,J,0009,215,0.3777065873146057
KITTI,oracle,brake,J,0009,216,1.5441591441631317
KITTI,oracle,brake,J,0009,217,0.6500003039836884
KITTI,oracle,brake,J,0009,218,0.7675701975822449
KITTI,oracle,brake,J,0009,219,2.7479635179042816
KITTI,oracle,brake,J,0009,220,1.7417316436767578
KITTI,oracle,brake,J,0009,221,0.7602346241474152
KITTI,oracle,brake,J,0009,222,1.3076051771640778
KITTI,oracle,brake,J,0009,223,1.5150994062423706
KITTI,oracle,brake,J,0009,224,1.5159854888916016
KITTI,oracle,brake,J,0009,225,1.1693024635314941
KITTI,oracle,brake,J,0009,226,1.30003622174263
KITTI,oracle,brake,J,0009,227,0.8315021991729736
KITTI,oracle,brake,J,0009,228,1.7096876502037048
KITTI,oracle,brake,J,0009,229,2.4639990031719208
KITTI,oracle,brake,J,0009,230,1.7853496372699738
KITTI,oracle,brake,J,0009,231,1.4964598715305328
KITTI,oracle,brake,J,0009,232,0.7121665775775909
KITTI,oracle,brake,J,0009,233,0.7867729365825653
KITTI,oracle,brake,J,0009,234,1.227723240852356
KITTI,oracle,brake,J,0009,235,1.5822360217571259
KITTI,oracle,brake,J,0009,236,0.8069968819618225
KITTI,oracle,brake,J,0009,237,1.0523835122585297
KITTI,oracle,brake,J,0009,238,1.1674003899097443
KITTI,oracle,brake,J,0009,239,1.7373997867107391
KITTI,oracle,brake,J,0009,240,1.645562320947647
KITTI,oracle,brake,J,0009,241,1.6670774221420288
KITTI,oracle,brake,J,0009,242,1.5644797682762146
KITTI,oracle,brake,J,0009,243,0.1352320909500122
KITTI,oracle,brake,J,0009,244,0.690746933221817
KITTI,oracle,brake,J,0009,245,0.40576258301734924
KITTI,oracle,brake,J,0009,246,0.6415923237800598
KITTI,oracle,brake,J,0009,247,1.2417822182178497
KITTI,oracle,brake,J,0009,248,1.1086292564868927
KITTI,oracle,brake,J,0009,249,0.47891420125961304
KITTI,oracle,brake,J,0009,250,0.6397204995155334
KITTI,oracle,brake,J,0009,251,1.5305311977863312
KITTI,oracle,brake,J,0009,252,0.8485755026340485
KITTI,oracle,brake,J,0009,253,0.5294089615345001
KITTI,oracle,brake,J,0009,254,0.7876363396644592
KITTI,oracle,brake,J,0009,255,0.5485842525959015
KITTI,oracle,brake,J,0009,256,0.6464858055114746
KITTI,oracle,brake,J,0009,257,0.6408062279224396
KITTI,oracle,brake,J,0009,258,0.5895972549915314
KITTI,oracle,brake,J,0009,259,0.34137630462646484
KITTI,oracle,brake,J,0009,260,0.6782305240631104
KITTI,oracle,brake,J,0009,261,0.5846782028675079
KITTI,oracle,brake,J,0009,262,0.25356703996658325
KITTI,oracle,brake,J,0009,263,0.27468666434288025
KITTI,oracle,brake,J,0009,264,0.37331557273864746
KITTI,oracle,brake,J,0009,265,0.16451644897460938
KITTI,oracle,brake,J,0009,266,0.0
KITTI,oracle,brake,J,0009,267,0.2173374891281128
KITTI,oracle,brake,J,0009,268,0.140336275100708
KITTI,oracle,brake,J,0009,269,0.0
KITTI,oracle,brake,J,0009,270,0.0
KITTI,oracle,brake,J,0009,271,0.0
KITTI,oracle,brake,J,0009,272,0.15102779865264893
KITTI,oracle,brake,J,0009,273,0.0
KITTI,oracle,brake,J,0009,274,0.0
KITTI,oracle,brake,J,0009,275,0.0
KITTI,oracle,brake,J,0009,276,0.0
KITTI,oracle,brake,J,0009,277,0.0
KITTI,oracle,brake,J,0009,278,0.0
KITTI,oracle,brake,J,0009,279,0.140336275100708
KITTI,oracle,brake,J,0009,280,0.0
KITTI,oracle,brake,J,0009,281,0.0
KITTI,oracle,brake,J,0009,282,0.10970577597618103
KITTI,oracle,brake,J,0009,283,0.22541660070419312
KITTI,oracle,brake,J,0009,284,0.10970577597618103
KITTI,oracle,brake,J,0009,285,0.0
KITTI,oracle,brake,J,0009,286,0.0
KITTI,oracle,brake,J,0009,287,0.14953139424324036
KITTI,oracle,brake,J,0009,288,0.0
KITTI,oracle,brake,J,0009,289,0.0
KITTI,oracle,brake,J,0009,290,0.0
KITTI,oracle,brake,J,0009,291,0.0
KITTI,oracle,brake,J,0009,292,0.0
KITTI,oracle,brake,J,0009,293,0.0
KITTI,oracle,brake,J,0009,294,0.0
KITTI,oracle,brake,J,0009,295,0.0
KITTI,oracle,brake,J,0009,296,0.0
KITTI,oracle,brake,J,0009,297,0.0
KITTI,oracle,brake,J,0009,298,0.0
KITTI,oracle,brake,J,0009,299,0.0
KITTI,oracle,brake,J,0009,300,0.0
KITTI,oracle,brake,J,0009,301,0.0
KITTI,oracle,brake,J,0009,302,0.13477590680122375
KITTI,oracle,brake,J,0009,303,0.0
KITTI,oracle,brake,J,0009,304,0.0
KITTI,oracle,brake,J,0009,305,0.0
KITTI,oracle,brake,J,0009,306,0.0
KITTI,oracle,brake,J,0009,307,0.0
KITTI,oracle,brake,J,0009,308,0.0
KITTI,oracle,brake,J,0009,309,0.0
KITTI,oracle,brake,J,0009,310,0.0
KITTI,oracle,brake,J,0009,311,0.0
KITTI,oracle,brake,J,0009,312,0.0
KITTI,oracle,brake,J,0009,313,0.0
KITTI,oracle,brake,J,0009,314,0.0
KITTI,oracle,brake,J,0009,315,0.0
KITTI,oracle,brake,J,0009,316,0.0
KITTI,oracle,brake,J,0009,317,0.0
KITTI,oracle,brake,J,0009,318,0.0
KITTI,oracle,brake,J,0009,319,0.0
KITTI,oracle,brake,J,0009,320,0.0
KITTI,oracle,brake,J,0009,321,0.0
KITTI,oracle,brake,J,0009,322,0.0
KITTI,oracle,brake,J,0009,323,0.0
KITTI,oracle,brake,J,0009,324,0.0
KITTI,oracle,brake,J,0009,325,0.0
KITTI,oracle,brake,J,0009,326,0.0
KITTI,oracle,brake,J,0009,327,0.0
KITTI,oracle,brake,J,0009,328,0.0
KITTI,oracle,brake,J,0009,329,0.0
KITTI,oracle,brake,J,0009,330,0.0
KITTI,oracle,brake,J,0009,331,0.2351083755493164
KITTI,oracle,brake,J,0009,332,0.0
KITTI,oracle,brake,J,0009,333,0.0
KITTI,oracle,brake,J,0009,334,0.0
KITTI,oracle,brake,J,0009,335,0.0
KITTI,oracle,brake,J,0009,336,0.0
KITTI,oracle,brake,J,0009,337,0.0
KITTI,oracle,brake,J,0009,338,0.0
KITTI,oracle,brake,J,0009,339,0.0
KITTI,oracle,brake,J,0009,340,0.1666753888130188
KITTI,oracle,brake,J,0009,341,0.13939636945724487
KITTI,oracle,brake,J,0009,342,0.0
KITTI,oracle,brake,J,0009,343,0.0
KITTI,oracle,brake,J,0009,344,0.0
KITTI,oracle,brake,J,0009,345,0.0
KITTI,oracle,brake,J,0009,346,0.0
KITTI,oracle,brake,J,0009,347,0.0
KITTI,oracle,brake,J,0009,348,0.0
KITTI,oracle,brake,J,0009,349,0.0
KITTI,oracle,brake,J,0009,350,0.0
KITTI,oracle,brake,J,0009,351,0.0
KITTI,oracle,brake,J,0009,352,0.0
KITTI,oracle,brake,J,0009,353,0.0
KITTI,oracle,brake,J,0009,354,0.0
KITTI,oracle,brake,J,0009,355,0.0
KITTI,oracle,brake,J,0009,356,0.0
KITTI,oracle,brake,J,0009,357,0.0
KITTI,oracle,brake,J,0009,358,0.0
KITTI,oracle,brake,J,0009,359,0.0
KITTI,oracle,brake,J,0009,360,0.0
KITTI,oracle,brake,J,0009,361,0.0
KITTI,oracle,brake,J,0009,362,0.0
KITTI,oracle,brake,J,0009,363,0.0
KITTI,oracle,brake,J,0009,364,0.0
KITTI,oracle,brake,J,0009,365,0.0
KITTI,oracle,brake,J,0009,366,0.0
KITTI,oracle,brake,J,0009,367,0.0
KITTI,oracle,brake,J,0009,368,0.0
KITTI,oracle,brake,J,0009,369,0.0
KITTI,oracle,brake,J,0009,370,0.0
KITTI,oracle,brake,J,0009,371,0.0
KITTI,oracle,brake,J,0009,372,0.0
KITTI,oracle,brake,J,0009,373,0.0
KITTI,oracle,brake,J,0009,374,0.0
KITTI,oracle,brake,J,0009,375,0.0
KITTI,oracle,brake,J,0009,376,0.0
KITTI,oracle,brake,J,0009,377,0.0
KITTI,oracle,brake,J,0009,378,0.0
KITTI,oracle,brake,J,0009,379,0.0
KITTI,oracle,brake,J,0009,380,0.0
KITTI,oracle,brake,J,0009,381,0.0
KITTI,oracle,brake,J,0009,382,0.0
KITTI,oracle,brake,J,0009,383,0.0
KITTI,oracle,brake,J,0009,384,0.0
KITTI,oracle,brake,J,0009,385,0.0
KITTI,oracle,brake,J,0009,386,0.0
KITTI,oracle,brake,J,0009,387,0.15456733107566833
KITTI,oracle,brake,J,0009,388,0.0
KITTI,oracle,brake,J,0009,389,0.0
KITTI,oracle,brake,J,0009,390,0.103024423122406
KITTI,oracle,brake,J,0009,391,0.14318770170211792
KITTI,oracle,brake,J,0009,392,0.14223188161849976
KITTI,oracle,brake,J,0009,393,0.0
KITTI,oracle,brake,J,0009,394,0.0
KITTI,oracle,brake,J,0009,395,0.2146914005279541
KITTI,oracle,brake,J,0009,396,0.15559101104736328
KITTI,oracle,brake,J,0009,397,0.0
KITTI,oracle,brake,J,0009,398,0.11879339814186096
KITTI,oracle,brake,J,0009,399,0.0
KITTI,oracle,brake,J,0009,400,0.20370754599571228
KITTI,oracle,brake,J,0009,401,0.10557883977890015
KITTI,oracle,brake,J,0009,402,0.11838510632514954
KITTI,oracle,brake,J,0009,403,0.0
KITTI,oracle,brake,J,0009,404,0.0
KITTI,oracle,brake,J,0009,405,0.0
KITTI,oracle,brake,J,0009,406,0.0
KITTI,oracle,brake,J,0009,407,0.0
KITTI,oracle,brake,J,0009,408,0.0
KITTI,oracle,brake,J,0009,409,0.0
KITTI,oracle,brake,J,0009,410,0.0
KITTI,oracle,brake,J,0009,411,0.0
KITTI,oracle,brake,J,0009,412,0.0
KITTI,oracle,brake,J,0009,413,0.0
KITTI,oracle,brake,J,0009,414,0.0
KITTI,oracle,brake,J,0009,415,0.0
KITTI,oracle,brake,J,0009,416,0.0
KITTI,oracle,brake,J,0009,417,0.0
KITTI,oracle,brake,J,0009,418,0.0
KITTI,oracle,brake,J,0009,419,0.0
KITTI,oracle,brake,J,0009,420,0.0
KITTI,oracle,brake,J,0009,421,0.0
KITTI,oracle,brake,J,0009,422,0.0
KITTI,oracle,brake,J,0009,423,0.0
KITTI,oracle,brake,J,0009,424,0.0
KITTI,oracle,brake,J,0009,425,0.0
KITTI,oracle,brake,J,0009,426,0.0
KITTI,oracle,brake,J,0009,427,0.0
KITTI,oracle,brake,J,0009,428,0.0
KITTI,oracle,brake,J,0009,429,0.0
KITTI,oracle,brake,J,0009,430,0.0
KITTI,oracle,brake,J,0009,431,0.0
KITTI,oracle,brake,J,0009,432,0.0
KITTI,oracle,brake,J,0009,433,0.0
KITTI,oracle,brake,J,0009,434,0.0
KITTI,oracle,brake,J,0009,435,0.0
KITTI,oracle,brake,J,0009,436,0.0
KITTI,oracle,brake,J,0009,437,0.0
KITTI,oracle,brake,J,0009,438,0.0
KITTI,oracle,brake,J,0009,439,0.0
KITTI,oracle,brake,J,0009,440,0.0
KITTI,oracle,brake,J,0009,441,0.0
KITTI,oracle,brake,J,0009,442,0.0
KITTI,oracle,brake,J,0009,443,0.0
KITTI,oracle,brake,J,0009,444,0.0
KITTI,oracle,brake,J,0009,445,0.0
KITTI,oracle,brake,J,0009,446,0.0
KITTI,oracle,brake,J,0009,447,0.0
KITTI,oracle,brake,J,0009,448,0.0
KITTI,oracle,brake,J,0009,449,0.0
KITTI,oracle,brake,J,0009,450,0.0
KITTI,oracle,brake,J,0009,451,0.0
KITTI,oracle,brake,J,0009,452,0.0
KITTI,oracle,brake,J,0009,453,0.0
KITTI,oracle,brake,J,0009,454,0.0
KITTI,oracle,brake,J,0009,455,0.0
KITTI,oracle,brake,J,0009,456,0.0
KITTI,oracle,brake,J,0009,457,0.13117322325706482
KITTI,oracle,brake,J,0009,458,0.0
KITTI,oracle,brake,J,0009,459,0.0
KITTI,oracle,brake,J,0009,460,0.13477590680122375
KITTI,oracle,brake,J,0009,461,0.0
KITTI,oracle,brake,J,0009,462,0.0
KITTI,oracle,brake,J,0009,463,0.0
KITTI,oracle,brake,J,0009,464,0.0
KITTI,oracle,brake,J,0009,465,0.0
KITTI,oracle,brake,J,0009,466,0.0
KITTI,oracle,brake,J,0009,467,0.0
KITTI,oracle,brake,J,0009,468,0.0
KITTI,oracle,brake,J,0009,469,0.0
KITTI,oracle,brake,J,0009,470,0.0
KITTI,oracle,brake,J,0009,471,0.0
KITTI,oracle,brake,J,0009,472,0.0
KITTI,oracle,brake,J,0009,473,0.0
KITTI,oracle,brake,J,0009,474,0.0
KITTI,oracle,brake,J,0009,475,0.0
KITTI,oracle,brake,J,0009,476,0.0
KITTI,oracle,brake,J,0009,477,0.0
KITTI,oracle,brake,J,0009,478,0.0
KITTI,oracle,brake,J,0009,479,0.0
KITTI,oracle,brake,J,0009,480,0.0
KITTI,oracle,brake,J,0009,481,0.0
KITTI,oracle,brake,J,0009,482,0.0
KITTI,oracle,brake,J,0009,483,0.0
KITTI,oracle,brake,J,0009,484,0.0
KITTI,oracle,brake,J,0009,485,0.0
KITTI,oracle,brake,J,0009,486,0.0
KITTI,oracle,brake,J,0009,487,0.0
KITTI,oracle,brake,J,0009,488,0.13028541207313538
KITTI,oracle,brake,J,0009,489,0.0
KITTI,oracle,brake,J,0009,490,0.0
KITTI,oracle,brake,J,0009,491,0.0
KITTI,oracle,brake,J,0009,492,0.0
KITTI,oracle,brake,J,0009,493,0.0
KITTI,oracle,brake,J,0009,494,0.0
KITTI,oracle,brake,J,0009,495,0.0
KITTI,oracle,brake,J,0009,496,0.0
KITTI,oracle,brake,J,0009,497,0.0
KITTI,oracle,brake,J,0009,498,0.0
KITTI,oracle,brake,J,0009,499,0.0
KITTI,oracle,brake,J,0009,500,0.0
KITTI,oracle,brake,J,0009,501,0.0
KITTI,oracle,brake,J,0009,502,0.0
KITTI,oracle,brake,J,0009,503,0.0
KITTI,oracle,brake,J,0009,504,0.0
KITTI,oracle,brake,J,0009,505,0.0
KITTI,oracle,brake,J,0009,506,0.0
KITTI,oracle,brake,J,0009,507,0.12940272688865662
KITTI,oracle,brake,J,0009,508,0.0
KITTI,oracle,brake,J,0009,509,0.0
KITTI,oracle,brake,J,0009,510,0.11920291185379028
KITTI,oracle,brake,J,0009,511,0.1225232183933258
KITTI,oracle,brake,J,0009,512,0.0
KITTI,oracle,brake,J,0009,513,0.0
KITTI,oracle,brake,J,0009,514,0.0
KITTI,oracle,brake,J,0009,515,0.0
KITTI,oracle,brake,J,0009,516,0.0
KITTI,oracle,brake,J,0009,517,0.0
KITTI,oracle,brake,J,0009,518,0.0
KITTI,oracle,brake,J,0009,519,0.0
KITTI,oracle,brake,J,0009,520,0.0
KITTI,oracle,brake,J,0009,521,0.0
KITTI,oracle,brake,J,0009,522,0.0
KITTI,oracle,brake,J,0009,523,0.0
KITTI,oracle,brake,J,0009,524,0.0
KITTI,oracle,brake,J,0009,525,0.0
KITTI,oracle,brake,J,0009,526,0.0
KITTI,oracle,brake,J,0009,527,0.0
KITTI,oracle,brake,J,0009,528,0.0
KITTI,oracle,brake,J,0009,529,0.0
KITTI,oracle,brake,J,0009,530,0.0
KITTI,oracle,brake,J,0009,531,0.0
KITTI,oracle,brake,J,0009,532,0.0
KITTI,oracle,brake,J,0009,533,0.0
KITTI,oracle,brake,J,0009,534,0.0
KITTI,oracle,brake,J,0009,535,0.0
KITTI,oracle,brake,J,0009,536,0.0
KITTI,oracle,brake,J,0009,537,0.0
KITTI,oracle,brake,J,0009,538,0.0
KITTI,oracle,brake,J,0009,539,0.0
KITTI,oracle,brake,J,0009,540,0.0
KITTI,oracle,brake,J,0009,541,0.0
KITTI,oracle,brake,J,0009,542,0.0
KITTI,oracle,brake,J,0009,543,0.0
KITTI,oracle,brake,J,0009,544,0.11676400899887085
KITTI,oracle,brake,J,0009,545,0.1581743359565735
KITTI,oracle,brake,J,0009,546,0.0
KITTI,oracle,brake,J,0009,547,0.0
KITTI,oracle,brake,J,0009,548,0.23651623725891113
KITTI,oracle,brake,J,0009,549,0.15713685750961304
KITTI,oracle,brake,J,0009,550,0.0
KITTI,oracle,brake,J,0009,551,0.0
KITTI,oracle,brake,J,0009,552,0.0
KITTI,oracle,brake,J,0009,553,0.0
KITTI,oracle,brake,J,0009,554,0.0
KITTI,oracle,brake,J,0009,555,0.11279541254043579
KITTI,oracle,brake,J,0009,556,0.0
KITTI,oracle,brake,J,0009,557,0.0
KITTI,oracle,brake,J,0009,558,0.0
KITTI,oracle,brake,J,0009,559,0.0
KITTI,oracle,brake,J,0009,560,0.0
KITTI,oracle,brake,J,0009,561,0.0
KITTI,oracle,brake,J,0009,562,0.0
KITTI,oracle,brake,J,0009,563,0.0
KITTI,oracle,brake,J,0009,564,0.0
KITTI,oracle,brake,J,0009,565,0.0
KITTI,oracle,brake,J,0009,566,0.0
KITTI,oracle,brake,J,0009,567,0.0
KITTI,oracle,brake,J,0009,568,0.0
KITTI,oracle,brake,J,0009,569,0.0
KITTI,oracle,brake,J,0009,570,0.0
KITTI,oracle,brake,J,0009,571,0.0
KITTI,oracle,brake,J,0009,572,0.0
KITTI,oracle,brake,J,0009,573,0.0
KITTI,oracle,brake,J,0009,574,0.0
KITTI,oracle,brake,J,0009,575,0.0
KITTI,oracle,brake,J,0009,576,0.0
KITTI,oracle,brake,J,0009,577,0.0
KITTI,oracle,brake,J,0009,578,0.0
KITTI,oracle,brake,J,0009,579,0.0
KITTI,oracle,brake,J,0009,580,0.1250653862953186
KITTI,oracle,brake,J,0009,581,0.0
KITTI,oracle,brake,J,0009,582,0.13296425342559814
KITTI,oracle,brake,J,0009,583,0.0
KITTI,oracle,brake,J,0009,584,0.0
KITTI,oracle,brake,J,0009,585,0.0
KITTI,oracle,brake,J,0009,586,0.1520322561264038
KITTI,oracle,brake,J,0009,587,0.0
KITTI,oracle,brake,J,0009,588,0.0
KITTI,oracle,brake,J,0009,589,0.0
KITTI,oracle,brake,J,0009,590,0.10970577597618103
KITTI,oracle,brake,J,0009,591,0.0
KITTI,oracle,brake,J,0009,592,0.0
KITTI,oracle,brake,J,0009,593,0.0
KITTI,oracle,brake,J,0009,594,0.0
KITTI,oracle,brake,J,0009,595,0.0
KITTI,oracle,brake,J,0009,596,0.0
KITTI,oracle,brake,J,0009,597,0.0
KITTI,oracle,brake,J,0009,598,0.0
KITTI,oracle,brake,J,0009,599,0.0
KITTI,oracle,brake,J,0009,600,0.13846176862716675
KITTI,oracle,brake,J,0009,601,0.184767484664917
KITTI,oracle,brake,J,0009,602,0.167763352394104
KITTI,oracle,brake,J,0009,603,0.14706450700759888
KITTI,oracle,brake,J,0009,604,0.0
KITTI,oracle,brake,J,0009,605,0.0
KITTI,oracle,brake,J,0009,606,0.0
KITTI,oracle,brake,J,0009,607,0.0
KITTI,oracle,brake,J,0009,608,0.0
KITTI,oracle,brake,J,0009,609,0.0
KITTI,oracle,brake,J,0009,610,0.0
KITTI,oracle,brake,J,0009,611,0.0
KITTI,oracle,brake,J,0009,612,0.0
KITTI,oracle,brake,J,0009,613,0.0
KITTI,oracle,brake,J,0009,614,0.0
KITTI,oracle,brake,J,0009,615,0.10158944129943848
KITTI,oracle,brake,J,0009,616,0.0
KITTI,oracle,brake,J,0009,617,0.0
KITTI,oracle,brake,J,0009,618,0.0
KITTI,oracle,brake,J,0009,619,0.0
KITTI,oracle,brake,J,0009,620,0.0
KITTI,oracle,brake,J,0009,621,0.0
KITTI,oracle,brake,J,0009,622,0.0
KITTI,oracle,brake,J,0009,623,0.0
KITTI,oracle,brake,J,0009,624,0.0
KITTI,oracle,brake,J,0009,625,0.0
KITTI,oracle,brake,J,0009,626,0.0
KITTI,oracle,brake,J,0009,627,0.0
KITTI,oracle,brake,J,0009,628,0.0
KITTI,oracle,brake,J,0009,629,0.0
KITTI,oracle,brake,J,0009,630,0.0
KITTI,oracle,brake,J,0009,631,0.0
KITTI,oracle,brake,J,0009,632,0.0
KITTI,oracle,brake,J,0009,633,0.0
KITTI,oracle,brake,J,0009,634,0.0
KITTI,oracle,brake,J,0009,635,0.0
KITTI,oracle,brake,J,0009,636,0.0
KITTI,oracle,brake,J,0009,637,0.1259227693080902
KITTI,oracle,brake,J,0009,638,0.1705079972743988
KITTI,oracle,brake,J,0009,639,0.3236480951309204
KITTI,oracle,brake,J,0009,640,0.3302522897720337
KITTI,oracle,brake,J,0009,641,0.1540575623512268
KITTI,oracle,brake,J,0009,642,0.18713268637657166
KITTI,oracle,brake,J,0009,643,0.10818895697593689
KITTI,oracle,brake,J,0009,644,0.22135066986083984
KITTI,oracle,brake,J,0009,645,0.20625382661819458
KITTI,oracle,brake,J,0009,646,0.0
KITTI,oracle,brake,J,0009,647,0.36359816789627075
KITTI,oracle,brake,J,0009,648,0.2120688259601593
KITTI,oracle,brake,J,0009,649,0.4959806203842163
KITTI,oracle,brake,J,0009,650,0.34948527812957764
KITTI,oracle,brake,J,0009,651,0.0
KITTI,oracle,brake,J,0009,652,0.0
KITTI,oracle,brake,J,0009,653,0.16398024559020996
KITTI,oracle,brake,J,0009,654,0.26500204205513
KITTI,oracle,brake,J,0009,655,0.0
KITTI,oracle,brake,J,0009,656,0.0
KITTI,oracle,brake,J,0009,657,0.0
KITTI,oracle,brake,J,0009,658,0.0
KITTI,oracle,brake,J,0009,659,0.0
KITTI,oracle,brake,J,0009,660,0.17895588278770447
KITTI,oracle,brake,J,0009,661,0.2448522448539734
KITTI,oracle,brake,J,0009,662,0.0
KITTI,oracle,brake,J,0009,663,0.0
KITTI,oracle,brake,J,0009,664,0.0
KITTI,oracle,brake,J,0009,665,0.0
KITTI,oracle,brake,J,0009,666,0.31179890036582947
KITTI,oracle,brake,J,0009,667,0.12126889824867249
KITTI,oracle,brake,J,0009,668,0.26412495970726013
KITTI,oracle,brake,J,0009,669,0.16026604175567627
KITTI,oracle,brake,J,0009,670,0.31207162141799927
KITTI,oracle,brake,J,0009,671,0.0
KITTI,oracle,brake,J,0009,672,0.11476477980613708
KITTI,oracle,brake,J,0009,673,0.3091987371444702
KITTI,oracle,brake,J,0009,674,0.4086880683898926
KITTI,oracle,brake,J,0009,675,0.0
KITTI,oracle,brake,J,0009,676,0.0
KITTI,oracle,brake,J,0009,677,0.3067112863063812
KITTI,oracle,brake,J,0009,678,0.0
KITTI,oracle,brake,J,0009,679,0.22541660070419312
KITTI,oracle,brake,J,0009,680,0.14128142595291138
KITTI,oracle,brake,J,0009,681,0.0
KITTI,oracle,brake,J,0009,682,0.0
KITTI,oracle,brake,J,0009,683,0.0
KITTI,oracle,brake,J,0009,684,0.0
KITTI,oracle,brake,J,0009,685,0.0
KITTI,oracle,brake,J,0009,686,0.19436779618263245
KITTI,oracle,brake,J,0009,687,0.13117322325706482
KITTI,oracle,brake,J,0009,688,0.11124122142791748
KITTI,oracle,brake,J,0009,689,0.0
KITTI,oracle,brake,J,0009,690,0.0
KITTI,oracle,brake,J,0009,691,0.0
KITTI,oracle,brake,J,0009,692,0.0
KITTI,oracle,brake,J,0009,693,0.0
KITTI,oracle,brake,J,0009,694,0.0
KITTI,oracle,brake,J,0009,695,0.0
KITTI,oracle,brake,J,0009,696,0.0
KITTI,oracle,brake,J,0009,697,0.20561504364013672
KITTI,oracle,brake,J,0009,698,0.19682621955871582
KITTI,oracle,brake,J,0009,699,0.0
KITTI,oracle,brake,J,0009,700,0.0
KITTI,oracle,brake,J,0009,701,0.0
KITTI,oracle,brake,J,0009,702,0.0
KITTI,oracle,brake,J,0009,703,0.0
KITTI,oracle,brake,J,0009,704,0.0
KITTI,oracle,brake,J,0009,705,0.1520322561264038
KITTI,oracle,brake,J,0009,706,0.2539135813713074
KITTI,oracle,brake,J,0009,707,0.0
KITTI,oracle,brake,J,0009,708,0.24798744916915894
KITTI,oracle,brake,J,0009,709,0.0
KITTI,oracle,brake,J,0009,710,0.10669058561325073
KITTI,oracle,brake,J,0009,711,0.33763501048088074
KITTI,oracle,brake,J,0009,712,0.5337026119232178
KITTI,oracle,brake,J,0009,713,0.2240554392337799
KITTI,oracle,brake,J,0009,714,0.11476477980613708
KITTI,oracle,brake,J,0009,715,0.11920291185379028
KITTI,oracle,brake,J,0009,716,0.0
KITTI,oracle,brake,J,0009,717,0.17667162418365479
KITTI,oracle,brake,J,0009,718,0.14318770170211792
KITTI,oracle,brake,J,0009,719,0.13477590680122375
KITTI,oracle,brake,J,0009,720,0.34147655963897705
KITTI,oracle,brake,J,0009,721,0.20817893743515015
KITTI,oracle,brake,J,0009,722,0.23651623725891113
KITTI,oracle,brake,J,0009,723,0.1540575623512268
KITTI,oracle,brake,J,0009,724,0.0
KITTI,oracle,brake,J,0009,725,0.12085321545600891
KITTI,oracle,brake,J,0009,726,0.1441488265991211
KITTI,oracle,brake,J,0009,727,0.26236698031425476
KITTI,oracle,brake,J,0009,728,0.6677443981170654
KITTI,oracle,brake,J,0009,729,0.0
KITTI,oracle,brake,J,0009,730,0.3071597218513489
KITTI,oracle,brake,J,0009,731,0.2725428640842438
KITTI,oracle,brake,J,0009,732,0.2961910367012024
KITTI,oracle,brake,J,0009,733,0.17441028356552124
KITTI,oracle,brake,J,0009,734,0.19314736127853394
KITTI,oracle,brake,J,0009,735,0.1550784707069397
KITTI,oracle,brake,J,0009,736,0.14318770170211792
KITTI,oracle,brake,J,0009,737,0.0
KITTI,oracle,brake,J,0009,738,0.18594717979431152
KITTI,oracle,brake,J,0009,739,0.1980641782283783
KITTI,oracle,brake,J,0009,740,0.20817893743515015
KITTI,oracle,brake,J,0009,741,0.4236098527908325
KITTI,oracle,brake,J,0009,742,0.2146914005279541
KITTI,oracle,brake,J,0009,743,0.11357957124710083
KITTI,oracle,brake,J,0009,744,0.31122761964797974
KITTI,oracle,brake,J,0009,745,0.4093055725097656
KITTI,oracle,brake,J,0009,746,0.20817893743515015
KITTI,oracle,brake,J,0009,747,0.32325783371925354
KITTI,oracle,brake,J,0009,748,0.18892180919647217
KITTI,oracle,brake,J,0009,749,0.0
KITTI,oracle,brake,J,0009,750,0.0
KITTI,oracle,brake,J,0009,751,0.1520322561264038
KITTI,oracle,brake,J,0009,752,0.16344544291496277
KITTI,oracle,brake,J,0009,753,0.0
KITTI,oracle,brake,J,0009,754,0.0
KITTI,oracle,brake,J,0009,755,0.0
KITTI,oracle,brake,J,0009,756,0.20625382661819458
KITTI,oracle,brake,J,0009,757,0.0
KITTI,oracle,brake,J,0009,758,0.0
KITTI,oracle,brake,J,0009,759,0.0
KITTI,oracle,brake,J,0009,760,0.1465752124786377
KITTI,oracle,brake,J,0009,761,0.15052762627601624
KITTI,oracle,brake,J,0009,762,0.1919327974319458
KITTI,oracle,brake,J,0009,763,0.0
KITTI,oracle,brake,J,0009,764,0.0
KITTI,oracle,brake,J,0009,765,0.0
KITTI,oracle,brake,J,0009,766,0.0
KITTI,oracle,brake,J,0009,767,0.0
KITTI,oracle,brake,J,0009,768,0.0
KITTI,oracle,brake,J,0009,769,0.19559407234191895
KITTI,oracle,brake,J,0009,770,0.2030746340751648
KITTI,oracle,brake,J,0009,771,0.0
KITTI,oracle,brake,J,0009,772,0.0
KITTI,oracle,brake,J,0009,773,0.0
KITTI,oracle,brake,J,0009,774,0.0
KITTI,oracle,brake,J,0009,775,0.1755380630493164
KITTI,oracle,brake,J,0009,776,0.0
KITTI,oracle,brake,J,0009,777,0.239349365234375
KITTI,oracle,brake,J,0009,778,0.18952107429504395
KITTI,oracle,brake,J,0009,779,0.0
KITTI,oracle,brake,J,0009,780,0.184767484664917
KITTI,oracle,brake,J,0009,781,0.0
KITTI,oracle,brake,J,0009,782,0.2838565707206726
KITTI,oracle,brake,J,0009,783,0.0
KITTI,oracle,brake,J,0009,784,0.0
KITTI,oracle,brake,J,0009,785,0.0
KITTI,oracle,brake,J,0009,786,0.0
KITTI,oracle,brake,J,0009,787,0.0
KITTI,oracle,brake,J,0009,788,0.0
KITTI,oracle,brake,J,0009,789,0.10087859630584717
KITTI,oracle,brake,J,0009,790,0.0
KITTI,oracle,brake,J,0009,791,0.1175721287727356
KITTI,oracle,brake,J,0009,792,0.11676400899887085
KITTI,oracle,brake,J,0009,793,0.0
KITTI,oracle,brake,J,0009,794,0.0
KITTI,oracle,brake,J,0009,795,0.0
KITTI,oracle,brake,J,0009,796,0.11047112941741943
KITTI,oracle,brake,J,0009,797,0.18010663986206055
KITTI,oracle,brake,J,0009,798,0.0
KITTI,oracle,brake,J,0009,799,0.22000709176063538
KITTI,oracle,brake,J,0009,800,0.11201596260070801
KITTI,oracle,brake,J,0009,801,0.21191483736038208
KITTI,oracle,brake,J,0009,802,0.36104318499565125
KITTI,oracle,brake,J,0017,0,0.6754862070083618
KITTI,oracle,brake,J,0017,1,0.23347792029380798
KITTI,oracle,brake,J,0017,2,0.685329258441925
KITTI,oracle,brake,J,0017,3,0.9662855267524719
KITTI,oracle,brake,J,0017,4,1.083242028951645
KITTI,oracle,brake,J,0017,5,0.9659454226493835
KITTI,oracle,brake,J,0017,6,1.070834904909134
KITTI,oracle,brake,J,0017,7,1.008653312921524
KITTI,oracle,brake,J,0017,8,0.5529864132404327
KITTI,oracle,brake,J,0017,9,0.5302484333515167
KITTI,oracle,brake,J,0017,10,0.8158968389034271
KITTI,oracle,brake,J,0017,11,0.517357587814331
KITTI,oracle,brake,J,0017,12,1.1732755303382874
KITTI,oracle,brake,J,0017,13,0.8858511447906494
KITTI,oracle,brake,J,0017,14,1.2645985186100006
KITTI,oracle,brake,J,0017,15,1.0936065912246704
KITTI,oracle,brake,J,0017,16,0.6314162313938141
KITTI,oracle,brake,J,0017,17,1.4975823760032654
KITTI,oracle,brake,J,0017,18,1.535431981086731
KITTI,oracle,brake,J,0017,19,1.2868384420871735
KITTI,oracle,brake,J,0017,20,1.5866024792194366
KITTI,oracle,brake,J,0017,21,1.6383476555347443
KITTI,oracle,brake,J,0017,22,1.1607098579406738
KITTI,oracle,brake,J,0017,23,1.345785230398178
KITTI,oracle,brake,J,0017,24,0.3968620300292969
KITTI,oracle,brake,J,0017,25,0.49787455797195435
KITTI,oracle,brake,J,0017,26,0.7037124037742615
KITTI,oracle,brake,J,0017,27,0.304054856300354
KITTI,oracle,brake,J,0017,28,0.4623863697052002
KITTI,oracle,brake,J,0017,29,0.6308322250843048
KITTI,oracle,brake,J,0017,30,0.42620617151260376
KITTI,oracle,brake,J,0017,31,0.4598497152328491
KITTI,oracle,brake,J,0017,32,0.0
KITTI,oracle,brake,J,0017,33,0.13386750221252441
KITTI,oracle,brake,J,0017,34,0.1441488265991211
KITTI,oracle,brake,J,0017,35,0.9424436390399933
KITTI,oracle,brake,J,0017,36,0.4336734116077423
KITTI,oracle,brake,J,0017,37,0.5788089036941528
KITTI,oracle,brake,J,0017,38,0.12168577313423157
KITTI,oracle,brake,J,0017,39,0.21693623065948486
KITTI,oracle,brake,J,0017,40,0.29628798365592957
KITTI,oracle,brake,J,0017,41,0.4910575747489929
KITTI,oracle,brake,J,0017,42,0.574842780828476
KITTI,oracle,brake,J,0017,43,0.24749267101287842
KITTI,oracle,brake,J,0017,44,0.8088472783565521
KITTI,oracle,brake,J,0017,45,0.6713104844093323
KITTI,oracle,brake,J,0017,46,0.8369801938533783
KITTI,oracle,brake,J,0017,47,0.8754358887672424
KITTI,oracle,brake,J,0017,48,0.5260370671749115
KITTI,oracle,brake,J,0017,49,0.103748619556427
KITTI,oracle,brake,J,0017,50,0.8999357223510742
KITTI,oracle,brake,J,0017,51,2.2630071938037872
KITTI,oracle,brake,J,0017,52,1.4110394418239594
KITTI,oracle,brake,J,0017,53,1.7123388946056366
KITTI,oracle,brake,J,0017,54,1.233151525259018
KITTI,oracle,brake,J,0017,55,1.4589396119117737
KITTI,oracle,brake,J,0017,56,1.8981930315494537
KITTI,oracle,brake,J,0017,57,0.9955644011497498
KITTI,oracle,brake,J,0017,58,0.5549657940864563
KITTI,oracle,brake,J,0017,59,0.6082743406295776
KITTI,oracle,brake,J,0017,60,1.4609868228435516
KITTI,oracle,brake,J,0017,61,1.2860165238380432
KITTI,oracle,brake,J,0017,62,1.2437498569488525
KITTI,oracle,brake,J,0017,63,0.8896957635879517
KITTI,oracle,brake,J,0017,64,1.2639555037021637
KITTI,oracle,brake,J,0017,65,0.49802467226982117
KITTI,oracle,brake,J,0017,66,0.8953585624694824
KITTI,oracle,brake,J,0017,67,0.5900768637657166
KITTI,oracle,brake,J,0017,68,0.5340635776519775
KITTI,oracle,brake,J,0017,69,0.6057031750679016
KITTI,oracle,brake,J,0017,70,0.7658826112747192
KITTI,oracle,brake,J,0017,71,0.9414110481739044
KITTI,oracle,brake,J,0017,72,0.8007796406745911
KITTI,oracle,brake,J,0017,73,0.7003200352191925
KITTI,oracle,brake,J,0017,74,0.49453067779541016
KITTI,oracle,brake,J,0017,75,0.3953568935394287
KITTI,oracle,brake,J,0017,76,0.544598251581192
KITTI,oracle,brake,J,0017,77,0.39811810851097107
KITTI,oracle,brake,J,0017,78,0.4174126982688904
KITTI,oracle,brake,J,0017,79,0.6213325560092926
KITTI,oracle,brake,J,0017,80,0.5181127190589905
KITTI,oracle,brake,J,0017,81,0.8569888472557068
KITTI,oracle,brake,J,0017,82,0.9999783635139465
KITTI,oracle,brake,J,0017,83,0.5614599585533142
KITTI,oracle,brake,J,0017,84,0.5353584587574005
KITTI,oracle,brake,J,0017,85,0.4435690641403198
KITTI,oracle,brake,J,0017,86,0.5504240393638611
KITTI,oracle,brake,J,0017,87,0.537246435880661
KITTI,oracle,brake,J,0017,88,0.5788404643535614
KITTI,oracle,brake,J,0017,89,0.5974364280700684
KITTI,oracle,brake,J,0017,90,0.662804901599884
KITTI,oracle,brake,J,0017,91,0.7842955887317657
KITTI,oracle,brake,J,0017,92,1.0055989623069763
KITTI,oracle,brake,J,0017,93,0.44829660654067993
KITTI,oracle,brake,J,0017,94,0.4891450107097626
KITTI,oracle,brake,J,0017,95,0.5579843521118164
KITTI,oracle,brake,J,0017,96,0.7460563778877258
KITTI,oracle,brake,J,0017,97,0.4234165847301483
KITTI,oracle,brake,J,0017,98,0.7118214070796967
KITTI,oracle,brake,J,0017,99,0.7626504898071289
KITTI,oracle,brake,J,0017,100,0.7811674773693085
KITTI,oracle,brake,J,0017,101,0.6703912615776062
KITTI,oracle,brake,J,0017,102,0.5709592998027802
KITTI,oracle,brake,J,0017,103,0.7321570217609406
KITTI,oracle,brake,J,0017,104,0.5380347073078156
KITTI,oracle,brake,J,0017,105,0.7031591236591339
KITTI,oracle,brake,J,0017,106,0.7424611151218414
KITTI,oracle,brake,J,0017,107,0.3993171155452728
KITTI,oracle,brake,J,0017,108,0.4520522654056549
KITTI,oracle,brake,J,0017,109,0.40684813261032104
KITTI,oracle,brake,J,0017,110,0.5911506712436676
KITTI,oracle,brake,J,0017,111,0.8346694111824036
KITTI,oracle,brake,J,0017,112,0.7398251593112946
KITTI,oracle,brake,J,0017,113,0.2141372263431549
KITTI,oracle,brake,J,0017,114,0.22746312618255615
KITTI,oracle,brake,J,0017,115,0.5522621273994446
KITTI,oracle,brake,J,0017,116,0.7203883826732635
KITTI,oracle,brake,J,0017,117,0.4936155378818512
KITTI,oracle,brake,J,0017,118,0.5052683353424072
KITTI,oracle,brake,J,0017,119,0.5562390685081482
KITTI,oracle,brake,J,0017,120,1.115116149187088
KITTI,oracle,brake,J,0017,121,0.8465933799743652
KITTI,oracle,brake,J,0017,122,0.8421682715415955
KITTI,oracle,brake,J,0017,123,1.0063285529613495
KITTI,oracle,brake,J,0017,124,0.619917094707489
KITTI,oracle,brake,J,0017,125,0.8590756952762604
KITTI,oracle,brake,J,0017,126,0.9904232025146484
KITTI,oracle,brake,J,0017,127,0.6950459778308868
KITTI,oracle,brake,J,0017,128,0.7718623280525208
KITTI,oracle,brake,J,0017,129,0.9405743479728699
KITTI,oracle,brake,J,0017,130,0.7066202759742737
KITTI,oracle,brake,J,0017,131,0.7994101643562317
KITTI,oracle,brake,J,0017,132,0.8651142120361328
KITTI,oracle,brake,J,0017,133,0.981520801782608
KITTI,oracle,brake,J,0017,134,0.8385117053985596
KITTI,oracle,brake,J,0017,135,0.9520832002162933
KITTI,oracle,brake,J,0017,136,0.6379076242446899
KITTI,oracle,brake,J,0017,137,0.7728956043720245
KITTI,oracle,brake,J,0017,138,0.9979249835014343
KITTI,oracle,brake,J,0017,139,0.5900022685527802
KITTI,oracle,brake,J,0017,140,0.7212141752243042
KITTI,oracle,brake,J,0017,141,0.8060392439365387
KITTI,oracle,brake,J,0017,142,1.067821741104126
KITTI,oracle,brake,J,0017,143,1.2298615872859955
KITTI,oracle,brake,J,0017,144,0.9600871503353119
KITTI,oracle,brake,J,0018,0,0.0
KITTI,oracle,brake,J,0018,1,0.0
KITTI,oracle,brake,J,0018,2,0.0
KITTI,oracle,brake,J,0018,3,0.0
KITTI,oracle,brake,J,0018,4,0.0
KITTI,oracle,brake,J,0018,5,0.0
KITTI,oracle,brake,J,0018,6,0.0
KITTI,oracle,brake,J,0018,7,0.120025634765625
KITTI,oracle,brake,J,0018,8,0.0
KITTI,oracle,brake,J,0018,9,0.11201596260070801
KITTI,oracle,brake,J,0018,10,0.0
KITTI,oracle,brake,J,0018,11,0.1352320909500122
KITTI,oracle,brake,J,0018,12,0.2429233193397522
KITTI,oracle,brake,J,0018,13,0.0
KITTI,oracle,brake,J,0018,14,0.0
KITTI,oracle,brake,J,0018,15,0.0
KITTI,oracle,brake,J,0018,16,0.0
KITTI,oracle,brake,J,0018,17,0.0
KITTI,oracle,brake,J,0018,18,0.0
KITTI,oracle,brake,J,0018,19,0.0
KITTI,oracle,brake,J,0018,20,0.0
KITTI,oracle,brake,J,0018,21,0.0
KITTI,oracle,brake,J,0018,22,0.0
KITTI,oracle,brake,J,0018,23,0.0
KITTI,oracle,brake,J,0018,24,0.15102779865264893
KITTI,oracle,brake,J,0018,25,0.0
KITTI,oracle,brake,J,0018,26,0.0
KITTI,oracle,brake,J,0018,27,0.0
KITTI,oracle,brake,J,0018,28,0.0
KITTI,oracle,brake,J,0018,29,0.0
KITTI,oracle,brake,J,0018,30,0.0
KITTI,oracle,brake,J,0018,31,0.0
KITTI,oracle,brake,J,0018,32,0.13432103395462036
KITTI,oracle,brake,J,0018,33,0.0
KITTI,oracle,brake,J,0018,34,0.14560061693191528
KITTI,oracle,brake,J,0018,35,0.2917407751083374
KITTI,oracle,brake,J,0018,36,0.2409561574459076
KITTI,oracle,brake,J,0018,37,0.3241214156150818
KITTI,oracle,brake,J,0018,38,0.11124122142791748
KITTI,oracle,brake,J,0018,39,0.0
KITTI,oracle,brake,J,0018,40,0.11636176705360413
KITTI,oracle,brake,J,0018,41,0.13296425342559814
KITTI,oracle,brake,J,0018,42,0.0
KITTI,oracle,brake,J,0018,43,0.24264097213745117
KITTI,oracle,brake,J,0018,44,0.0
KITTI,oracle,brake,J,0018,45,0.0
KITTI,oracle,brake,J,0018,46,0.0
KITTI,oracle,brake,J,0018,47,0.0
KITTI,oracle,brake,J,0018,48,0.0
KITTI,oracle,brake,J,0018,49,0.0
KITTI,oracle,brake,J,0018,50,0.0
KITTI,oracle,brake,J,0018,51,0.2133771777153015
KITTI,oracle,brake,J,0018,52,0.1755380630493164
KITTI,oracle,brake,J,0018,53,0.14608722925186157
KITTI,oracle,brake,J,0018,54,0.103024423122406
KITTI,oracle,brake,J,0018,55,0.5482088625431061
KITTI,oracle,brake,J,0018,56,0.15869519114494324
KITTI,oracle,brake,J,0018,57,0.4459715187549591
KITTI,oracle,brake,J,0018,58,0.0
KITTI,oracle,brake,J,0018,59,0.5676691830158234
KITTI,oracle,brake,J,0018,60,0.41161152720451355
KITTI,oracle,brake,J,0018,61,0.1427091360092163
KITTI,oracle,brake,J,0018,62,0.13432103395462036
KITTI,oracle,brake,J,0018,63,0.0
KITTI,oracle,brake,J,0018,64,0.3811986744403839
KITTI,oracle,brake,J,0018,65,0.46454769372940063
KITTI,oracle,brake,J,0018,66,0.34748727083206177
KITTI,oracle,brake,J,0018,67,0.13341522216796875
KITTI,oracle,brake,J,0018,68,0.20817893743515015
KITTI,oracle,brake,J,0018,69,0.17838266491889954
KITTI,oracle,brake,J,0018,70,0.4295487701892853
KITTI,oracle,brake,J,0018,71,0.16184943914413452
KITTI,oracle,brake,J,0018,72,0.28318363428115845
KITTI,oracle,brake,J,0018,73,0.23249763250350952
KITTI,oracle,brake,J,0018,74,0.2146914005279541
KITTI,oracle,brake,J,0018,75,0.34217363595962524
KITTI,oracle,brake,J,0018,76,0.29312488436698914
KITTI,oracle,brake,J,0018,77,0.37859949469566345
KITTI,oracle,brake,J,0018,78,0.4705888032913208
KITTI,oracle,brake,J,0018,79,0.4890747666358948
KITTI,oracle,brake,J,0018,80,0.6032696962356567
KITTI,oracle,brake,J,0018,81,0.2451748549938202
KITTI,oracle,brake,J,0018,82,0.12808823585510254
KITTI,oracle,brake,J,0018,83,0.1525365114212036
KITTI,oracle,brake,J,0018,84,0.3425353765487671
KITTI,oracle,brake,J,0018,85,0.4938446283340454
KITTI,oracle,brake,J,0018,86,0.10894504189491272
KITTI,oracle,brake,J,0018,87,0.10158944129943848
KITTI,oracle,brake,J,0018,88,0.10521054267883301
KITTI,oracle,brake,J,0018,89,0.6495895981788635
KITTI,oracle,brake,J,0018,90,0.7438107430934906
KITTI,oracle,brake,J,0018,91,0.2146914005279541
KITTI,oracle,brake,J,0018,92,0.49868735671043396
KITTI,oracle,brake,J,0018,93,0.5000995993614197
KITTI,oracle,brake,J,0018,94,0.44529497623443604
KITTI,oracle,brake,J,0018,95,0.11636176705360413
KITTI,oracle,brake,J,0018,96,0.2240554392337799
KITTI,oracle,brake,J,0018,97,0.13296425342559814
KITTI,oracle,brake,J,0018,98,0.13660842180252075
KITTI,oracle,brake,J,0018,99,0.0
KITTI,oracle,brake,J,0018,100,0.0
KITTI,oracle,brake,J,0018,101,0.21601152420043945
KITTI,oracle,brake,J,0018,102,0.36252641677856445
KITTI,oracle,brake,J,0018,103,0.3904218077659607
KITTI,oracle,brake,J,0018,104,0.5314878523349762
KITTI,oracle,brake,J,0018,105,0.3087082505226135
KITTI,oracle,brake,J,0018,106,0.4267217814922333
KITTI,oracle,brake,J,0018,107,0.17895588278770447
KITTI,oracle,brake,J,0018,108,0.0
KITTI,oracle,brake,J,0018,109,0.0
KITTI,oracle,brake,J,0018,110,0.20817893743515015
KITTI,oracle,brake,J,0018,111,0.4044819474220276
KITTI,oracle,brake,J,0018,112,0.34718093276023865
KITTI,oracle,brake,J,0018,113,0.14128142595291138
KITTI,oracle,brake,J,0018,114,0.0
KITTI,oracle,brake,J,0018,115,0.0
KITTI,oracle,brake,J,0018,116,0.0
KITTI,oracle,brake,J,0018,117,0.0
KITTI,oracle,brake,J,0018,118,0.1949802041053772
KITTI,oracle,brake,J,0018,119,0.17838266491889954
KITTI,oracle,brake,J,0018,120,0.208823561668396
KITTI,oracle,brake,J,0018,121,0.0
KITTI,oracle,brake,J,0018,122,0.3195885121822357
KITTI,oracle,brake,J,0018,123,0.13706976175308228
KITTI,oracle,brake,J,0018,124,0.12808823585510254
KITTI,oracle,brake,J,0018,125,0.23792991042137146
KITTI,oracle,brake,J,0018,126,0.14463144540786743
KITTI,oracle,brake,J,0018,127,0.0
KITTI,oracle,brake,J,0018,128,0.0
KITTI,oracle,brake,J,0018,129,0.0
KITTI,oracle,brake,J,0018,130,0.10017222166061401
KITTI,oracle,brake,J,0018,131,0.11716747283935547
KITTI,oracle,brake,J,0018,132,0.13986563682556152
KITTI,oracle,brake,J,0018,133,0.2527381479740143
KITTI,oracle,brake,J,0018,134,0.12421301007270813
KITTI,oracle,brake,J,0018,135,0.25723132491111755
KITTI,oracle,brake,J,0018,136,0.12896329164505005
KITTI,oracle,brake,J,0018,137,0.13939636945724487
KITTI,oracle,brake,J,0018,138,0.12085321545600891
KITTI,oracle,brake,J,0018,139,0.10594826936721802
KITTI,oracle,brake,J,0018,140,0.33848026394844055
KITTI,oracle,brake,J,0018,141,0.49022185802459717
KITTI,oracle,brake,J,0018,142,0.10266399383544922
KITTI,oracle,brake,J,0018,143,0.1581743359565735
KITTI,oracle,brake,J,0018,144,0.3005127012729645
KITTI,oracle,brake,J,0018,145,0.40328115224838257
KITTI,oracle,brake,J,0018,146,0.26988664269447327
KITTI,oracle,brake,J,0018,147,0.20689404010772705
KITTI,oracle,brake,J,0018,148,0.30360543727874756
KITTI,oracle,brake,J,0018,149,0.17384850978851318
KITTI,oracle,brake,J,0018,150,0.2850485146045685
KITTI,oracle,brake,J,0018,151,0.19993209838867188
KITTI,oracle,brake,J,0018,152,0.5733436048030853
KITTI,oracle,brake,J,0018,153,0.0
KITTI,oracle,brake,J,0018,154,0.0
KITTI,oracle,brake,J,0018,155,0.0
KITTI,oracle,brake,J,0018,156,0.15713685750961304
KITTI,oracle,brake,J,0018,157,0.0
KITTI,oracle,brake,J,0018,158,0.0
KITTI,oracle,brake,J,0018,159,0.38334208726882935
KITTI,oracle,brake,J,0018,160,0.752989798784256
KITTI,oracle,brake,J,0018,161,0.7891816794872284
KITTI,oracle,brake,J,0018,162,0.4924297630786896
KITTI,oracle,brake,J,0018,163,0.9160422682762146
KITTI,oracle,brake,J,0018,164,0.18242552876472473
KITTI,oracle,brake,J,0018,165,0.35761865973472595
KITTI,oracle,brake,J,0018,166,0.17441028356552124
KITTI,oracle,brake,J,0018,167,0.22953522205352783
KITTI,oracle,brake,J,0018,168,0.4092702865600586
KITTI,oracle,brake,J,0018,169,0.30953001976013184
KITTI,oracle,brake,J,0018,170,0.3438991904258728
KITTI,oracle,brake,J,0018,171,0.2890940308570862
KITTI,oracle,brake,J,0018,172,0.20247691869735718
KITTI,oracle,brake,J,0018,173,0.30909016728401184
KITTI,oracle,brake,J,0018,174,0.16238003969192505
KITTI,oracle,brake,J,0018,175,0.11676400899887085
KITTI,oracle,brake,J,0018,176,0.37705084681510925
KITTI,oracle,brake,J,0018,177,0.5819643139839172
KITTI,oracle,brake,J,0018,178,0.65914586186409
KITTI,oracle,brake,J,0018,179,0.5395863652229309
KITTI,oracle,brake,J,0018,180,0.7888935804367065
KITTI,oracle,brake,J,0018,181,0.11124122142791748
KITTI,oracle,brake,J,0018,182,0.5832844376564026
KITTI,oracle,brake,J,0018,183,0.578824371099472
KITTI,oracle,brake,J,0018,184,0.5155647397041321
KITTI,oracle,brake,J,0018,185,0.602739006280899
KITTI,oracle,brake,J,0018,186,0.5490067303180695
KITTI,oracle,brake,J,0018,187,0.4557930827140808
KITTI,oracle,brake,J,0018,188,0.4201098680496216
KITTI,oracle,brake,J,0018,189,0.13706976175308228
KITTI,oracle,brake,J,0018,190,0.5432614982128143
KITTI,oracle,brake,J,0018,191,0.30330324172973633
KITTI,oracle,brake,J,0018,192,0.1465752124786377
KITTI,oracle,brake,J,0018,193,0.3282712697982788
KITTI,oracle,brake,J,0018,194,0.2675144672393799
KITTI,oracle,brake,J,0018,195,0.10230469703674316
KITTI,oracle,brake,J,0018,196,0.6407884061336517
KITTI,oracle,brake,J,0018,197,0.2557768225669861
KITTI,oracle,brake,J,0018,198,0.2562809884548187
KITTI,oracle,brake,J,0018,199,0.3290455639362335
KITTI,oracle,brake,J,0018,200,0.5149521231651306
KITTI,oracle,brake,J,0018,201,0.2114168107509613
KITTI,oracle,brake,J,0018,202,0.2267836332321167
KITTI,oracle,brake,J,0018,203,0.35720232129096985
KITTI,oracle,brake,J,0018,204,0.25172877311706543
KITTI,oracle,brake,J,0018,205,0.5489922165870667
KITTI,oracle,brake,J,0018,206,0.24145960807800293
KITTI,oracle,brake,J,0018,207,0.775333046913147
KITTI,oracle,brake,J,0018,208,0.27271968126296997
KITTI,oracle,brake,J,0018,209,0.0
KITTI,oracle,brake,J,0018,210,0.5020690858364105
KITTI,oracle,brake,J,0018,211,0.3678545355796814
KITTI,oracle,brake,J,0018,212,0.24991390109062195
KITTI,oracle,brake,J,0018,213,0.0
KITTI,oracle,brake,J,0018,214,0.20817893743515015
KITTI,oracle,brake,J,0018,215,0.0
KITTI,oracle,brake,J,0018,216,0.0
KITTI,oracle,brake,J,0018,217,0.188323974609375
KITTI,oracle,brake,J,0018,218,0.113973468542099
KITTI,oracle,brake,J,0018,219,0.29933464527130127
KITTI,oracle,brake,J,0018,220,0.1716158390045166
KITTI,oracle,brake,J,0018,221,0.22953522205352783
KITTI,oracle,brake,J,0018,222,0.18242552876472473
KITTI,oracle,brake,J,0018,223,0.3886330723762512
KITTI,oracle,brake,J,0018,224,0.2351083755493164
KITTI,oracle,brake,J,0018,225,0.18892180919647217
KITTI,oracle,brake,J,0018,226,0.35988306999206543
KITTI,oracle,brake,J,0018,227,0.18010663986206055
KITTI,oracle,brake,J,0018,228,0.2240554392337799
KITTI,oracle,brake,J,0018,229,0.0
KITTI,oracle,brake,J,0018,230,0.0
KITTI,oracle,brake,J,0018,231,0.0
KITTI,oracle,brake,J,0018,232,0.0
KITTI,oracle,brake,J,0018,233,0.24364244937896729
KITTI,oracle,brake,J,0018,234,0.12043881416320801
KITTI,oracle,brake,J,0018,235,0.5354969203472137
KITTI,oracle,brake,J,0018,236,0.0
KITTI,oracle,brake,J,0018,237,0.5679406523704529
KITTI,oracle,brake,J,0018,238,0.0
KITTI,oracle,brake,J,0018,239,0.1259227693080902
KITTI,oracle,brake,J,0018,240,0.17781084775924683
KITTI,oracle,brake,J,0018,241,0.23512879014015198
KITTI,oracle,brake,J,0018,242,0.14854055643081665
KITTI,oracle,brake,J,0018,243,0.2133771777153015
KITTI,oracle,brake,J,0018,244,0.4369913935661316
KITTI,oracle,brake,J,0018,245,0.0
KITTI,oracle,brake,J,0018,246,0.18713268637657166
KITTI,oracle,brake,J,0018,247,0.22135066986083984
KITTI,oracle,brake,J,0018,248,0.1980641782283783
KITTI,oracle,brake,J,0018,249,0.4104965031147003
KITTI,oracle,brake,J,0018,250,0.3565231263637543
KITTI,oracle,brake,J,0018,251,0.8159428536891937
KITTI,oracle,brake,J,0018,252,1.2624003887176514
KITTI,oracle,brake,J,0018,253,0.33802658319473267
KITTI,oracle,brake,J,0018,254,0.1795305609703064
KITTI,oracle,brake,J,0018,255,0.35332390666007996
KITTI,oracle,brake,J,0018,256,0.28379926085472107
KITTI,oracle,brake,J,0018,257,0.44941768050193787
KITTI,oracle,brake,J,0018,258,0.7146106064319611
KITTI,oracle,brake,J,0018,259,0.444537490606308
KITTI,oracle,brake,J,0018,260,0.7479323744773865
KITTI,oracle,brake,J,0018,261,0.3935225009918213
KITTI,oracle,brake,J,0018,262,0.3954542577266693
KITTI,oracle,brake,J,0018,263,0.15713685750961304
KITTI,oracle,brake,J,0018,264,0.38076910376548767
KITTI,oracle,brake,J,0018,265,0.677604079246521
KITTI,oracle,brake,J,0018,266,0.5173527300357819
KITTI,oracle,brake,J,0018,267,0.38686642050743103
KITTI,oracle,brake,J,0018,268,0.4875295162200928
KITTI,oracle,brake,J,0018,269,0.46960362792015076
KITTI,oracle,brake,J,0018,270,0.21481305360794067
KITTI,oracle,brake,J,0018,271,0.4813278913497925
KITTI,oracle,brake,J,0018,272,0.184767484664917
KITTI,oracle,brake,J,0018,273,0.103748619556427
KITTI,oracle,brake,J,0018,274,0.0
KITTI,oracle,brake,J,0018,275,0.24364244937896729
KITTI,oracle,brake,J,0018,276,0.0
KITTI,oracle,brake,J,0018,277,0.12852513790130615
KITTI,oracle,brake,J,0018,278,0.0
KITTI,oracle,brake,J,0018,279,0.24944725632667542
KITTI,oracle,brake,J,0018,280,0.10894504189491272
KITTI,oracle,brake,J,0018,281,0.14511537551879883
KITTI,oracle,brake,J,0018,282,0.15713685750961304
KITTI,oracle,brake,J,0018,283,0.0
KITTI,oracle,brake,J,0018,284,0.1772405207157135
KITTI,oracle,brake,J,0018,285,0.12085321545600891
KITTI,oracle,brake,J,0018,286,0.0
KITTI,oracle,brake,J,0018,287,0.17781084775924683
KITTI,oracle,brake,J,0018,288,0.16344544291496277
KITTI,oracle,brake,J,0018,289,0.0
KITTI,oracle,brake,J,0018,290,0.33403679728507996
KITTI,oracle,brake,J,0018,291,0.0
KITTI,oracle,brake,J,0018,292,0.41447240114212036
KITTI,oracle,brake,J,0018,293,0.1250653862953186
KITTI,oracle,brake,J,0018,294,0.23651623725891113
KITTI,oracle,brake,J,0018,295,0.43619194626808167
KITTI,oracle,brake,J,0018,296,0.6256816387176514
KITTI,oracle,brake,J,0018,297,0.38454023003578186
KITTI,oracle,brake,J,0018,298,0.1175721287727356
KITTI,oracle,brake,J,0018,299,0.0
KITTI,oracle,brake,J,0018,300,0.3799785077571869
KITTI,oracle,brake,J,0018,301,0.6474441289901733
KITTI,oracle,brake,J,0018,302,1.0779615342617035
KITTI,oracle,brake,J,0018,303,0.26301655173301697
KITTI,oracle,brake,J,0018,304,0.0
KITTI,oracle,brake,J,0018,305,0.40535107254981995
KITTI,oracle,brake,J,0018,306,0.3573647439479828
KITTI,oracle,brake,J,0018,307,0.7951540648937225
KITTI,oracle,brake,J,0018,308,0.42057788372039795
KITTI,oracle,brake,J,0018,309,0.15921741724014282
KITTI,oracle,brake,J,0018,310,0.2812562882900238
KITTI,oracle,brake,J,0018,311,0.10594826936721802
KITTI,oracle,brake,J,0018,312,0.0
KITTI,oracle,brake,J,0018,313,0.4929376542568207
KITTI,oracle,brake,J,0018,314,0.9517633616924286
KITTI,oracle,brake,J,0018,315,0.5841688513755798
KITTI,oracle,brake,J,0018,316,0.38632479310035706
KITTI,oracle,brake,J,0018,317,0.42204931378364563
KITTI,oracle,brake,J,0018,318,0.11279541254043579
KITTI,oracle,brake,J,0018,319,0.11596071720123291
KITTI,oracle,brake,J,0018,320,0.16940587759017944
KITTI,oracle,brake,J,0018,321,0.5480072200298309
KITTI,oracle,brake,J,0018,322,0.0
KITTI,oracle,brake,J,0018,323,0.2576028108596802
KITTI,oracle,brake,J,0018,324,0.48064255714416504
KITTI,oracle,brake,J,0018,325,0.48974916338920593
KITTI,oracle,brake,J,0018,326,0.30951741337776184
KITTI,oracle,brake,J,0018,327,0.0
KITTI,oracle,brake,J,0018,328,0.0
KITTI,oracle,brake,J,0018,329,0.11476477980613708
KITTI,oracle,brake,J,0018,330,0.22000709176063538
KITTI,oracle,brake,J,0018,331,0.2995487451553345
KITTI,oracle,brake,J,0018,332,0.24944725632667542
KITTI,oracle,brake,J,0018,333,0.2980695962905884
KITTI,oracle,brake,J,0018,334,0.3945469856262207
KITTI,oracle,brake,J,0018,335,0.22135066986083984
KITTI,oracle,brake,J,0018,336,0.13706976175308228
KITTI,oracle,brake,J,0018,337,0.11124122142791748
KITTI,oracle,brake,J,0018,338,0.6428470015525818
KITTI,oracle,brake,J,0019,0,0.9037844836711884
KITTI,oracle,brake,J,0019,1,1.0111854374408722
KITTI,oracle,brake,J,0019,2,0.8425473570823669
KITTI,oracle,brake,J,0019,3,0.8738915026187897
KITTI,oracle,brake,J,0019,4,0.9429084360599518
KITTI,oracle,brake,J,0019,5,0.9576545059680939
KITTI,oracle,brake,J,0019,6,1.3395312130451202
KITTI,oracle,brake,J,0019,7,1.3024223148822784
KITTI,oracle,brake,J,0019,8,0.845336377620697
KITTI,oracle,brake,J,0019,9,0.7259840369224548
KITTI,oracle,brake,J,0019,10,0.9703843593597412
KITTI,oracle,brake,J,0019,11,0.8348260521888733
KITTI,oracle,brake,J,0019,12,0.4310486316680908
KITTI,oracle,brake,J,0019,13,0.9999980628490448
KITTI,oracle,brake,J,0019,14,0.9785583913326263
KITTI,oracle,brake,J,0019,15,0.5929940640926361
KITTI,oracle,brake,J,0019,16,0.7415842413902283
KITTI,oracle,brake,J,0019,17,0.9607556462287903
KITTI,oracle,brake,J,0019,18,1.3846044540405273
KITTI,oracle,brake,J,0019,19,1.6131623685359955
KITTI,oracle,brake,J,0019,20,0.7855382263660431
KITTI,oracle,brake,J,0019,21,0.889726847410202
KITTI,oracle,brake,J,0019,22,0.389350950717926
KITTI,oracle,brake,J,0019,23,0.44713813066482544
KITTI,oracle,brake,J,0019,24,0.7526837885379791
KITTI,oracle,brake,J,0019,25,0.37384963035583496
KITTI,oracle,brake,J,0019,26,0.8145221471786499
KITTI,oracle,brake,J,0019,27,1.2501772940158844
KITTI,oracle,brake,J,0019,28,0.9426963925361633
KITTI,oracle,brake,J,0019,29,0.3438647985458374
KITTI,oracle,brake,J,0019,30,0.8771452903747559
KITTI,oracle,brake,J,0019,31,0.6707007884979248
KITTI,oracle,brake,J,0019,32,1.439795047044754
KITTI,oracle,brake,J,0019,33,0.9077824354171753
KITTI,oracle,brake,J,0019,34,0.6205941140651703
KITTI,oracle,brake,J,0019,35,0.24963662028312683
KITTI,oracle,brake,J,0019,36,0.5646117627620697
KITTI,oracle,brake,J,0019,37,0.7296596765518188
KITTI,oracle,brake,J,0019,38,1.4343547821044922
KITTI,oracle,brake,J,0019,39,0.7766321003437042
KITTI,oracle,brake,J,0019,40,0.5310932099819183
KITTI,oracle,brake,J,0019,41,0.9716768562793732
KITTI,oracle,brake,J,0019,42,0.9819355905056
KITTI,oracle,brake,J,0019,43,0.6518785953521729
KITTI,oracle,brake,J,0019,44,1.2316197752952576
KITTI,oracle,brake,J,0019,45,0.5343682765960693
KITTI,oracle,brake,J,0019,46,0.336132287979126
KITTI,oracle,brake,J,0019,47,0.39029455184936523
KITTI,oracle,brake,J,0019,48,0.5203494429588318
KITTI,oracle,brake,J,0019,49,0.4508729577064514
KITTI,oracle,brake,J,0019,50,0.6207300126552582
KITTI,oracle,brake,J,0019,51,0.6365323066711426
KITTI,oracle,brake,J,0019,52,0.9835838973522186
KITTI,oracle,brake,J,0019,53,0.7334660589694977
KITTI,oracle,brake,J,0019,54,0.9889974594116211
KITTI,oracle,brake,J,0019,55,1.2952763438224792
KITTI,oracle,brake,J,0019,56,0.7344091534614563
KITTI,oracle,brake,J,0019,57,0.9276765882968903
KITTI,oracle,brake,J,0019,58,0.32697874307632446
KITTI,oracle,brake,J,0019,59,0.5870874226093292
KITTI,oracle,brake,J,0019,60,0.13296425342559814
KITTI,oracle,brake,J,0019,61,0.2511988580226898
KITTI,oracle,brake,J,0019,62,0.6783030033111572
KITTI,oracle,brake,J,0019,63,0.27888762950897217
KITTI,oracle,brake,J,0019,64,0.0
KITTI,oracle,brake,J,0019,65,1.039972871541977
KITTI,oracle,brake,J,0019,66,0.8279087543487549
KITTI,oracle,brake,J,0019,67,0.948676586151123
KITTI,oracle,brake,J,0019,68,1.4265943765640259
KITTI,oracle,brake,J,0019,69,0.795300304889679
KITTI,oracle,brake,J,0019,70,0.7289751470088959
KITTI,oracle,brake,J,0019,71,0.224187433719635
KITTI,oracle,brake,J,0019,72,0.5009398460388184
KITTI,oracle,brake,J,0019,73,0.866786390542984
KITTI,oracle,brake,J,0019,74,0.5241865813732147
KITTI,oracle,brake,J,0019,75,0.21403354406356812
KITTI,oracle,brake,J,0019,76,0.6901598572731018
KITTI,oracle,brake,J,0019,77,0.7841891348361969
KITTI,oracle,brake,J,0019,78,0.41023117303848267
KITTI,oracle,brake,J,0019,79,0.2916959524154663
KITTI,oracle,brake,J,0019,80,0.39221975207328796
KITTI,oracle,brake,J,0019,81,0.8240334093570709
KITTI,oracle,brake,J,0019,82,0.8044097125530243
KITTI,oracle,brake,J,0019,83,1.0644822120666504
KITTI,oracle,brake,J,0019,84,1.9000657498836517
KITTI,oracle,brake,J,0019,85,1.1487314999103546
KITTI,oracle,brake,J,0019,86,1.1209238767623901
KITTI,oracle,brake,J,0019,87,1.8020435273647308
KITTI,oracle,brake,J,0019,88,1.9815857112407684
KITTI,oracle,brake,J,0019,89,1.5244514644145966
KITTI,oracle,brake,J,0019,90,1.282302051782608
KITTI,oracle,brake,J,0019,91,1.8013395965099335
KITTI,oracle,brake,J,0019,92,2.3810730576515198
KITTI,oracle,brake,J,0019,93,1.620375007390976
KITTI,oracle,brake,J,0019,94,2.221023052930832
KITTI,oracle,brake,J,0019,95,1.4744693040847778
KITTI,oracle,brake,J,0019,96,2.0620245039463043
KITTI,oracle,brake,J,0019,97,2.1955931186676025
KITTI,oracle,brake,J,0019,98,1.896428495645523
KITTI,oracle,brake,J,0019,99,2.0797193348407745
KITTI,oracle,brake,J,0019,100,2.3031826317310333
KITTI,oracle,brake,J,0019,101,2.463441789150238
KITTI,oracle,brake,J,0019,102,2.169053941965103
KITTI,oracle,brake,J,0019,103,1.9119210839271545
KITTI,oracle,brake,J,0019,104,3.862033098936081
KITTI,oracle,brake,J,0019,105,2.920093685388565
KITTI,oracle,brake,J,0019,106,3.152824193239212
KITTI,oracle,brake,J,0019,107,2.8118483126163483
KITTI,oracle,brake,J,0019,108,3.7416672706604004
KITTI,oracle,brake,J,0019,109,3.3500905632972717
KITTI,oracle,brake,J,0019,110,3.3981277346611023
KITTI,oracle,brake,J,0019,111,2.284405142068863
KITTI,oracle,brake,J,0019,112,2.402231514453888
KITTI,oracle,brake,J,0019,113,1.1893528997898102
KITTI,oracle,brake,J,0019,114,1.9199192821979523
KITTI,oracle,brake,J,0019,115,1.579844892024994
KITTI,oracle,brake,J,0019,116,2.1589832603931427
KITTI,oracle,brake,J,0019,117,1.991723358631134
KITTI,oracle,brake,J,0019,118,1.9753646552562714
KITTI,oracle,brake,J,0019,119,2.244691640138626
KITTI,oracle,brake,J,0019,120,1.8569194376468658
KITTI,oracle,brake,J,0019,121,2.607476085424423
KITTI,oracle,brake,J,0019,122,2.477890223264694
KITTI,oracle,brake,J,0019,123,2.3641417026519775
KITTI,oracle,brake,J,0019,124,1.413112461566925
KITTI,oracle,brake,J,0019,125,1.3385347425937653
KITTI,oracle,brake,J,0019,126,1.3197231590747833
KITTI,oracle,brake,J,0019,127,0.7247852683067322
KITTI,oracle,brake,J,0019,128,1.2205255925655365
KITTI,oracle,brake,J,0019,129,1.2165688574314117
KITTI,oracle,brake,J,0019,130,0.8564997017383575
KITTI,oracle,brake,J,0019,131,1.6262678802013397
KITTI,oracle,brake,J,0019,132,1.1659165024757385
KITTI,oracle,brake,J,0019,133,1.3563831448554993
KITTI,oracle,brake,J,0019,134,0.8501599729061127
KITTI,oracle,brake,J,0019,135,0.9495340287685394
KITTI,oracle,brake,J,0019,136,0.7932144403457642
KITTI,oracle,brake,J,0019,137,0.549811452627182
KITTI,oracle,brake,J,0019,138,1.102173775434494
KITTI,oracle,brake,J,0019,139,1.0660784542560577
KITTI,oracle,brake,J,0019,140,0.48840707540512085
KITTI,oracle,brake,J,0019,141,0.9832233786582947
KITTI,oracle,brake,J,0019,142,1.0895346105098724
KITTI,oracle,brake,J,0019,143,1.351936012506485
KITTI,oracle,brake,J,0019,144,1.061337649822235
KITTI,oracle,brake,J,0019,145,1.191622644662857
KITTI,oracle,brake,J,0019,146,1.7306786179542542
KITTI,oracle,brake,J,0019,147,1.3442573547363281
KITTI,oracle,brake,J,0019,148,1.1141681671142578
KITTI,oracle,brake,J,0019,149,0.733779102563858
KITTI,oracle,brake,J,0019,150,1.8798096179962158
KITTI,oracle,brake,J,0019,151,1.3061164319515228
KITTI,oracle,brake,J,0019,152,1.745907336473465
KITTI,oracle,brake,J,0019,153,1.1141638159751892
KITTI,oracle,brake,J,0019,154,0.6998679339885712
KITTI,oracle,brake,J,0019,155,1.2364130318164825
KITTI,oracle,brake,J,0019,156,1.4777645468711853
KITTI,oracle,brake,J,0019,157,2.458391934633255
KITTI,oracle,brake,J,0019,158,2.3459012508392334
KITTI,oracle,brake,J,0019,159,1.7979045808315277
KITTI,oracle,brake,J,0019,160,1.7771320044994354
KITTI,oracle,brake,J,0019,161,2.6592613756656647
KITTI,oracle,brake,J,0019,162,1.4933750629425049
KITTI,oracle,brake,J,0019,163,2.3276867866516113
KITTI,oracle,brake,J,0019,164,1.8513002693653107
KITTI,oracle,brake,J,0019,165,2.760559380054474
KITTI,oracle,brake,J,0019,166,2.0651092529296875
KITTI,oracle,brake,J,0019,167,1.7290737628936768
KITTI,oracle,brake,J,0019,168,1.6382029056549072
KITTI,oracle,brake,J,0019,169,2.1819320619106293
KITTI,oracle,brake,J,0019,170,2.1275097727775574
KITTI,oracle,brake,J,0019,171,1.7316942512989044
KITTI,oracle,brake,J,0019,172,2.395537257194519
KITTI,oracle,brake,J,0019,173,2.3733795285224915
KITTI,oracle,brake,J,0019,174,1.758376806974411
KITTI,oracle,brake,J,0019,175,1.3801501393318176
KITTI,oracle,brake,J,0019,176,2.0834580063819885
KITTI,oracle,brake,J,0019,177,1.6296934187412262
KITTI,oracle,brake,J,0019,178,1.4966997504234314
KITTI,oracle,brake,J,0019,179,1.636400192975998
KITTI,oracle,brake,J,0019,180,1.2406845092773438
KITTI,oracle,brake,J,0019,181,1.9625831842422485
KITTI,oracle,brake,J,0019,182,2.8421448469161987
KITTI,oracle,brake,J,0019,183,2.9648101329803467
KITTI,oracle,brake,J,0019,184,3.4940165281295776
KITTI,oracle,brake,J,0019,185,3.419387102127075
KITTI,oracle,brake,J,0019,186,2.8226245641708374
KITTI,oracle,brake,J,0019,187,1.7368332147598267
KITTI,oracle,brake,J,0019,188,3.1431472301483154
KITTI,oracle,brake,J,0019,189,2.225472629070282
KITTI,oracle,brake,J,0019,190,2.7480239868164062
KITTI,oracle,brake,J,0019,191,3.7452941238880157
KITTI,oracle,brake,J,0019,192,2.2425615191459656
KITTI,oracle,brake,J,0019,193,2.394189476966858
KITTI,oracle,brake,J,0019,194,2.9895284175872803
KITTI,oracle,brake,J,0019,195,3.165939211845398
KITTI,oracle,brake,J,0019,196,3.422986149787903
KITTI,oracle,brake,J,0019,197,2.7424747347831726
KITTI,oracle,brake,J,0019,198,2.6529413163661957
KITTI,oracle,brake,J,0019,199,3.1271552741527557
KITTI,oracle,brake,J,0019,200,2.6327865719795227
KITTI,oracle,brake,J,0019,201,3.012881577014923
KITTI,oracle,brake,J,0019,202,3.6852596402168274
KITTI,oracle,brake,J,0019,203,3.3502898514270782
KITTI,oracle,brake,J,0019,204,3.8877022564411163
KITTI,oracle,brake,J,0019,205,2.8488655388355255
KITTI,oracle,brake,J,0019,206,2.1730138063430786
KITTI,oracle,brake,J,0019,207,3.1869865357875824
KITTI,oracle,brake,J,0019,208,1.9524975419044495
KITTI,oracle,brake,J,0019,209,2.299598217010498
KITTI,oracle,brake,J,0019,210,2.3514702916145325
KITTI,oracle,brake,J,0019,211,2.4154713451862335
KITTI,oracle,brake,J,0019,212,3.1506922245025635
KITTI,oracle,brake,J,0019,213,2.8089583218097687
KITTI,oracle,brake,J,0019,214,3.7597720623016357
KITTI,oracle,brake,J,0019,215,2.253769099712372
KITTI,oracle,brake,J,0019,216,2.872263789176941
KITTI,oracle,brake,J,0019,217,1.8732120394706726
KITTI,oracle,brake,J,0019,218,2.3774654865264893
KITTI,oracle,brake,J,0019,219,2.703483074903488
KITTI,oracle,brake,J,0019,220,2.474982351064682
KITTI,oracle,brake,J,0019,221,2.3539630472660065
KITTI,oracle,brake,J,0019,222,2.0682367384433746
KITTI,oracle,brake,J,0019,223,2.223565310239792
KITTI,oracle,brake,J,0019,224,1.757589966058731
KITTI,oracle,brake,J,0019,225,1.873355209827423
KITTI,oracle,brake,J,0019,226,2.564239352941513
KITTI,oracle,brake,J,0019,227,2.662004292011261
KITTI,oracle,brake,J,0019,228,2.362294912338257
KITTI,oracle,brake,J,0019,229,2.4335065484046936
KITTI,oracle,brake,J,0019,230,1.5152280926704407
KITTI,oracle,brake,J,0019,231,1.4854958057403564
KITTI,oracle,brake,J,0019,232,1.6191608905792236
KITTI,oracle,brake,J,0019,233,2.446620434522629
KITTI,oracle,brake,J,0019,234,2.652264803647995
KITTI,oracle,brake,J,0019,235,2.584669381380081
KITTI,oracle,brake,J,0019,236,1.9586408734321594
KITTI,oracle,brake,J,0019,237,2.6237763464450836
KITTI,oracle,brake,J,0019,238,1.94441619515419
KITTI,oracle,brake,J,0019,239,2.2038581669330597
KITTI,oracle,brake,J,0019,240,1.9040848314762115
KITTI,oracle,brake,J,0019,241,2.7490524351596832
KITTI,oracle,brake,J,0019,242,2.281981259584427
KITTI,oracle,brake,J,0019,243,2.2529286444187164
KITTI,oracle,brake,J,0019,244,2.9073857963085175
KITTI,oracle,brake,J,0019,245,2.6045773029327393
KITTI,oracle,brake,J,0019,246,2.730901539325714
KITTI,oracle,brake,J,0019,247,2.501070737838745
KITTI,oracle,brake,J,0019,248,2.5733805894851685
KITTI,oracle,brake,J,0019,249,3.413069635629654
KITTI,oracle,brake,J,0019,250,1.6255983710289001
KITTI,oracle,brake,J,0019,251,2.372246593236923
KITTI,oracle,brake,J,0019,252,1.926552027463913
KITTI,oracle,brake,J,0019,253,2.184221625328064
KITTI,oracle,brake,J,0019,254,2.180435359477997
KITTI,oracle,brake,J,0019,255,1.2852376699447632
KITTI,oracle,brake,J,0019,256,1.2742446064949036
KITTI,oracle,brake,J,0019,257,1.6192459762096405
KITTI,oracle,brake,J,0019,258,2.016369104385376
KITTI,oracle,brake,J,0019,259,1.5124466717243195
KITTI,oracle,brake,J,0019,260,1.7169109582901
KITTI,oracle,brake,J,0019,261,2.3724730014801025
KITTI,oracle,brake,J,0019,262,1.3999697268009186
KITTI,oracle,brake,J,0019,263,1.9306764006614685
KITTI,oracle,brake,J,0019,264,0.8684684634208679
KITTI,oracle,brake,J,0019,265,1.0917911529541016
KITTI,oracle,brake,J,0019,266,1.108457624912262
KITTI,oracle,brake,J,0019,267,2.0933749675750732
KITTI,oracle,brake,J,0019,268,0.6956353485584259
KITTI,oracle,brake,J,0019,269,0.6247116327285767
KITTI,oracle,brake,J,0019,270,0.24188348650932312
KITTI,oracle,brake,J,0019,271,0.3929447531700134
KITTI,oracle,brake,J,0019,272,0.8266887664794922
KITTI,oracle,brake,J,0019,273,0.5182141065597534
KITTI,oracle,brake,J,0019,274,0.9669266045093536
KITTI,oracle,brake,J,0019,275,0.9105435013771057
KITTI,oracle,brake,J,0019,276,0.6495792269706726
KITTI,oracle,brake,J,0019,277,0.9095646739006042
KITTI,oracle,brake,J,0019,278,1.189173012971878
KITTI,oracle,brake,J,0019,279,1.1610354483127594
KITTI,oracle,brake,J,0019,280,1.3038543164730072
KITTI,oracle,brake,J,0019,281,1.1252143681049347
KITTI,oracle,brake,J,0019,282,0.5946758091449738
KITTI,oracle,brake,J,0019,283,0.42569562792778015
KITTI,oracle,brake,J,0019,284,1.0262913703918457
KITTI,oracle,brake,J,0019,285,1.5202330648899078
KITTI,oracle,brake,J,0019,286,1.3400700390338898
KITTI,oracle,brake,J,0019,287,1.4284078478813171
KITTI,oracle,brake,J,0019,288,0.6704383790493011
KITTI,oracle,brake,J,0019,289,0.26235154271125793
KITTI,oracle,brake,J,0019,290,1.0544490218162537
KITTI,oracle,brake,J,0019,291,0.8529593050479889
KITTI,oracle,brake,J,0019,292,0.48164814710617065
KITTI,oracle,brake,J,0019,293,1.1816228330135345
KITTI,oracle,brake,J,0019,294,0.9366318583488464
KITTI,oracle,brake,J,0019,295,1.1026962101459503
KITTI,oracle,brake,J,0019,296,0.6401635110378265
KITTI,oracle,brake,J,0019,297,1.0284520983695984
KITTI,oracle,brake,J,0019,298,0.7582364976406097
KITTI,oracle,brake,J,0019,299,1.1819774508476257
KITTI,oracle,brake,J,0019,300,0.8190105855464935
KITTI,oracle,brake,J,0019,301,0.8885749280452728
KITTI,oracle,brake,J,0019,302,1.568642407655716
KITTI,oracle,brake,J,0019,303,1.3438472151756287
KITTI,oracle,brake,J,0019,304,1.5925749838352203
KITTI,oracle,brake,J,0019,305,1.823165386915207
KITTI,oracle,brake,J,0019,306,1.0424456000328064
KITTI,oracle,brake,J,0019,307,1.422142118215561
KITTI,oracle,brake,J,0019,308,1.2193719148635864
KITTI,oracle,brake,J,0019,309,0.8234677612781525
KITTI,oracle,brake,J,0019,310,0.758275717496872
KITTI,oracle,brake,J,0019,311,0.5351696610450745
KITTI,oracle,brake,J,0019,312,0.8496210277080536
KITTI,oracle,brake,J,0019,313,1.8214593529701233
KITTI,oracle,brake,J,0019,314,0.651250958442688
KITTI,oracle,brake,J,0019,315,0.7261549830436707
KITTI,oracle,brake,J,0019,316,0.8683609664440155
KITTI,oracle,brake,J,0019,317,1.053621917963028
KITTI,oracle,brake,J,0019,318,1.2646882832050323
KITTI,oracle,brake,J,0019,319,0.9017471075057983
KITTI,oracle,brake,J,0019,320,0.8146646320819855
KITTI,oracle,brake,J,0019,321,0.9690054357051849
KITTI,oracle,brake,J,0019,322,0.8442379832267761
KITTI,oracle,brake,J,0019,323,0.6518220603466034
KITTI,oracle,brake,J,0019,324,1.7879166901111603
KITTI,oracle,brake,J,0019,325,1.1419092118740082
KITTI,oracle,brake,J,0019,326,1.5099822282791138
KITTI,oracle,brake,J,0019,327,1.0151913464069366
KITTI,oracle,brake,J,0019,328,1.4084330797195435
KITTI,oracle,brake,J,0019,329,0.21827220916748047
KITTI,oracle,brake,J,0019,330,0.8394698202610016
KITTI,oracle,brake,J,0019,331,1.2976586520671844
KITTI,oracle,brake,J,0019,332,0.9362457394599915
KITTI,oracle,brake,J,0019,333,1.5295321643352509
KITTI,oracle,brake,J,0019,334,0.6654755175113678
KITTI,oracle,brake,J,0019,335,1.063795119524002
KITTI,oracle,brake,J,0019,336,0.7931440472602844
KITTI,oracle,brake,J,0019,337,0.9683909118175507
KITTI,oracle,brake,J,0019,338,0.11676400899887085
KITTI,oracle,brake,J,0019,339,0.5509010255336761
KITTI,oracle,brake,J,0019,340,0.8105747103691101
KITTI,oracle,brake,J,0019,341,0.11299100518226624
KITTI,oracle,brake,J,0019,342,0.5551822483539581
KITTI,oracle,brake,J,0019,343,1.0838341116905212
KITTI,oracle,brake,J,0019,344,0.6423595547676086
KITTI,oracle,brake,J,0019,345,0.16344544291496277
KITTI,oracle,brake,J,0019,346,0.8752653002738953
KITTI,oracle,brake,J,0019,347,0.5678288042545319
KITTI,oracle,brake,J,0019,348,1.1131541430950165
KITTI,oracle,brake,J,0019,349,0.0
KITTI,oracle,brake,J,0019,350,0.4784621000289917
KITTI,oracle,brake,J,0019,351,0.8987788259983063
KITTI,oracle,brake,J,0019,352,0.8712588548660278
KITTI,oracle,brake,J,0019,353,0.35998374223709106
KITTI,oracle,brake,J,0019,354,0.3447065055370331
KITTI,oracle,brake,J,0019,355,0.8689247667789459
KITTI,oracle,brake,J,0019,356,0.7487656474113464
KITTI,oracle,brake,J,0019,357,0.997422069311142
KITTI,oracle,brake,J,0019,358,0.9523791968822479
KITTI,oracle,brake,J,0019,359,1.1452234089374542
KITTI,oracle,brake,J,0019,360,0.9256671071052551
KITTI,oracle,brake,J,0019,361,0.8672513365745544
KITTI,oracle,brake,J,0019,362,0.6546032130718231
KITTI,oracle,brake,J,0019,363,0.9179679155349731
KITTI,oracle,brake,J,0019,364,0.8422524929046631
KITTI,oracle,brake,J,0019,365,0.9116339087486267
KITTI,oracle,brake,J,0019,366,0.6659021377563477
KITTI,oracle,brake,J,0019,367,0.8738011121749878
KITTI,oracle,brake,J,0019,368,1.4131255149841309
KITTI,oracle,brake,J,0019,369,1.9727939367294312
KITTI,oracle,brake,J,0019,370,1.0621208548545837
KITTI,oracle,brake,J,0019,371,0.9709911346435547
KITTI,oracle,brake,J,0019,372,1.042086511850357
KITTI,oracle,brake,J,0019,373,0.6866768300533295
KITTI,oracle,brake,J,0019,374,1.0376804769039154
KITTI,oracle,brake,J,0019,375,0.9034237861633301
KITTI,oracle,brake,J,0019,376,1.224079430103302
KITTI,oracle,brake,J,0019,377,1.1165644228458405
KITTI,oracle,brake,J,0019,378,0.3174895942211151
KITTI,oracle,brake,J,0019,379,1.3832544386386871
KITTI,oracle,brake,J,0019,380,0.8098529875278473
KITTI,oracle,brake,J,0019,381,1.0482675433158875
KITTI,oracle,brake,J,0019,382,0.3189612329006195
KITTI,oracle,brake,J,0019,383,0.9779011905193329
KITTI,oracle,brake,J,0019,384,0.678021103143692
KITTI,oracle,brake,J,0019,385,1.2864864766597748
KITTI,oracle,brake,J,0019,386,0.8665572702884674
KITTI,oracle,brake,J,0019,387,1.095920890569687
KITTI,oracle,brake,J,0019,388,1.2771141529083252
KITTI,oracle,brake,J,0019,389,1.4748799800872803
KITTI,oracle,brake,J,0019,390,1.4956394731998444
KITTI,oracle,brake,J,0019,391,1.0961390137672424
KITTI,oracle,brake,J,0019,392,1.2842861413955688
KITTI,oracle,brake,J,0019,393,0.2462208867073059
KITTI,oracle,brake,J,0019,394,1.2439855635166168
KITTI,oracle,brake,J,0019,395,1.0768067240715027
KITTI,oracle,brake,J,0019,396,0.4646102786064148
KITTI,oracle,brake,J,0019,397,1.3020503520965576
KITTI,oracle,brake,J,0019,398,0.9120846688747406
KITTI,oracle,brake,J,0019,399,0.9393447041511536
KITTI,oracle,brake,J,0019,400,1.369873434305191
KITTI,oracle,brake,J,0019,401,1.30146124958992
KITTI,oracle,brake,J,0019,402,0.5718294680118561
KITTI,oracle,brake,J,0019,403,1.128496676683426
KITTI,oracle,brake,J,0019,404,1.6748007237911224
KITTI,oracle,brake,J,0019,405,1.0716552138328552
KITTI,oracle,brake,J,0019,406,0.11636176705360413
KITTI,oracle,brake,J,0019,407,0.5867382287979126
KITTI,oracle,brake,J,0019,408,0.7673157453536987
KITTI,oracle,brake,J,0019,409,1.146081268787384
KITTI,oracle,brake,J,0019,410,0.37862515449523926
KITTI,oracle,brake,J,0019,411,1.3396617770195007
KITTI,oracle,brake,J,0019,412,0.8661521971225739
KITTI,oracle,brake,J,0019,413,0.821882575750351
KITTI,oracle,brake,J,0019,414,0.984429121017456
KITTI,oracle,brake,J,0019,415,1.0577138364315033
KITTI,oracle,brake,J,0019,416,0.7366226613521576
KITTI,oracle,brake,J,0019,417,0.5157900750637054
KITTI,oracle,brake,J,0019,418,1.0693491995334625
KITTI,oracle,brake,J,0019,419,0.4027766287326813
KITTI,oracle,brake,J,0019,420,1.4171684980392456
KITTI,oracle,brake,J,0019,421,0.9608823359012604
KITTI,oracle,brake,J,0019,422,1.4705075323581696
KITTI,oracle,brake,J,0019,423,1.0772784352302551
KITTI,oracle,brake,J,0019,424,0.42203661799430847
KITTI,oracle,brake,J,0019,425,0.8796099722385406
KITTI,oracle,brake,J,0019,426,1.0031375586986542
KITTI,oracle,brake,J,0019,427,1.0594502389431
KITTI,oracle,brake,J,0019,428,0.9756968319416046
KITTI,oracle,brake,J,0019,429,0.390561044216156
KITTI,oracle,brake,J,0019,430,0.7217423021793365
KITTI,oracle,brake,J,0019,431,1.015516608953476
KITTI,oracle,brake,J,0019,432,1.5340618193149567
KITTI,oracle,brake,J,0019,433,1.8684944808483124
KITTI,oracle,brake,J,0019,434,1.2132992446422577
KITTI,oracle,brake,J,0019,435,0.8195535242557526
KITTI,oracle,brake,J,0019,436,0.7156841158866882
KITTI,oracle,brake,J,0019,437,1.398950219154358
KITTI,oracle,brake,J,0019,438,1.049293041229248
KITTI,oracle,brake,J,0019,439,1.488414317369461
KITTI,oracle,brake,J,0019,440,1.5833030343055725
KITTI,oracle,brake,J,0019,441,0.7735041677951813
KITTI,oracle,brake,J,0019,442,0.563667505979538
KITTI,oracle,brake,J,0019,443,0.4946155250072479
KITTI,oracle,brake,J,0019,444,0.9718457162380219
KITTI,oracle,brake,J,0019,445,0.6517458856105804
KITTI,oracle,brake,J,0019,446,1.4022014439105988
KITTI,oracle,brake,J,0019,447,0.5426916480064392
KITTI,oracle,brake,J,0019,448,0.8163248300552368
KITTI,oracle,brake,J,0019,449,0.4734092354774475
KITTI,oracle,brake,J,0019,450,0.22815650701522827
KITTI,oracle,brake,J,0019,451,1.0030820965766907
KITTI,oracle,brake,J,0019,452,0.40385884046554565
KITTI,oracle,brake,J,0019,453,0.8976359367370605
KITTI,oracle,brake,J,0019,454,1.569780021905899
KITTI,oracle,brake,J,0019,455,0.7228042483329773
KITTI,oracle,brake,J,0019,456,1.0627532303333282
KITTI,oracle,brake,J,0019,457,0.8864390552043915
KITTI,oracle,brake,J,0019,458,0.802210122346878
KITTI,oracle,brake,J,0019,459,1.2595092952251434
KITTI,oracle,brake,J,0019,460,0.6029081344604492
KITTI,oracle,brake,J,0019,461,0.43755441904067993
KITTI,oracle,brake,J,0019,462,1.3158991038799286
KITTI,oracle,brake,J,0019,463,1.142356276512146
KITTI,oracle,brake,J,0019,464,0.41836410760879517
KITTI,oracle,brake,J,0019,465,0.6585916578769684
KITTI,oracle,brake,J,0019,466,0.29305142164230347
KITTI,oracle,brake,J,0019,467,0.7525152862071991
KITTI,oracle,brake,J,0019,468,1.8023143410682678
KITTI,oracle,brake,J,0019,469,0.6878162622451782
KITTI,oracle,brake,J,0019,470,1.4778928756713867
KITTI,oracle,brake,J,0019,471,1.681443214416504
KITTI,oracle,brake,J,0019,472,1.372455358505249
KITTI,oracle,brake,J,0019,473,0.8676237165927887
KITTI,oracle,brake,J,0019,474,1.6687761545181274
KITTI,oracle,brake,J,0019,475,1.6202109456062317
KITTI,oracle,brake,J,0019,476,2.0849473774433136
KITTI,oracle,brake,J,0019,477,1.428959220647812
KITTI,oracle,brake,J,0019,478,0.6277391612529755
KITTI,oracle,brake,J,0019,479,1.3142938613891602
KITTI,oracle,brake,J,0019,480,1.4123078882694244
KITTI,oracle,brake,J,0019,481,1.4868022501468658
KITTI,oracle,brake,J,0019,482,1.1094888746738434
KITTI,oracle,brake,J,0019,483,1.173309087753296
KITTI,oracle,brake,J,0019,484,1.0067343711853027
KITTI,oracle,brake,J,0019,485,1.167946070432663
KITTI,oracle,brake,J,0019,486,1.7798019647598267
KITTI,oracle,brake,J,0019,487,1.690779983997345
KITTI,oracle,brake,J,0019,488,0.6725121140480042
KITTI,oracle,brake,J,0019,489,0.6306557357311249
KITTI,oracle,brake,J,0019,490,1.8488068282604218
KITTI,oracle,brake,J,0019,491,0.9016162157058716
KITTI,oracle,brake,J,0019,492,1.3364372551441193
KITTI,oracle,brake,J,0019,493,0.9076462388038635
KITTI,oracle,brake,J,0019,494,1.719834953546524
KITTI,oracle,brake,J,0019,495,0.8282797038555145
KITTI,oracle,brake,J,0019,496,1.4543103575706482
KITTI,oracle,brake,J,0019,497,1.4367065131664276
KITTI,oracle,brake,J,0019,498,1.3044695854187012
KITTI,oracle,brake,J,0019,499,1.59518763422966
KITTI,oracle,brake,J,0019,500,1.449198454618454
KITTI,oracle,brake,J,0019,501,1.705915629863739
KITTI,oracle,brake,J,0019,502,2.2696219384670258
KITTI,oracle,brake,J,0019,503,1.0410796403884888
KITTI,oracle,brake,J,0019,504,1.7463476657867432
KITTI,oracle,brake,J,0019,505,1.6695047318935394
KITTI,oracle,brake,J,0019,506,1.0773869156837463
KITTI,oracle,brake,J,0019,507,1.3665924072265625
KITTI,oracle,brake,J,0019,508,0.8699859380722046
KITTI,oracle,brake,J,0019,509,0.49959617853164673
KITTI,oracle,brake,J,0019,510,0.8838756680488586
KITTI,oracle,brake,J,0019,511,0.4034194350242615
KITTI,oracle,brake,J,0019,512,0.93105548620224
KITTI,oracle,brake,J,0019,513,0.8047929406166077
KITTI,oracle,brake,J,0019,514,1.615597277879715
KITTI,oracle,brake,J,0019,515,0.885308563709259
KITTI,oracle,brake,J,0019,516,1.356147289276123
KITTI,oracle,brake,J,0019,517,0.7330195009708405
KITTI,oracle,brake,J,0019,518,1.5853064954280853
KITTI,oracle,brake,J,0019,519,0.7625730931758881
KITTI,oracle,brake,J,0019,520,0.6893365681171417
KITTI,oracle,brake,J,0019,521,0.47728028893470764
KITTI,oracle,brake,J,0019,522,0.5980431735515594
KITTI,oracle,brake,J,0019,523,0.735368013381958
KITTI,oracle,brake,J,0019,524,1.7377729713916779
KITTI,oracle,brake,J,0019,525,1.321635127067566
KITTI,oracle,brake,J,0019,526,1.4557215571403503
KITTI,oracle,brake,J,0019,527,0.9954163134098053
KITTI,oracle,brake,J,0019,528,0.28544747829437256
KITTI,oracle,brake,J,0019,529,1.1576380729675293
KITTI,oracle,brake,J,0019,530,1.028044193983078
KITTI,oracle,brake,J,0019,531,0.9534177482128143
KITTI,oracle,brake,J,0019,532,0.8935610353946686
KITTI,oracle,brake,J,0019,533,0.7404592335224152
KITTI,oracle,brake,J,0019,534,2.083357185125351
KITTI,oracle,brake,J,0019,535,1.8491440117359161
KITTI,oracle,brake,J,0019,536,3.216516613960266
KITTI,oracle,brake,J,0019,537,1.780725508928299
KITTI,oracle,brake,J,0019,538,1.3773886263370514
KITTI,oracle,brake,J,0019,539,1.5038284957408905
KITTI,oracle,brake,J,0019,540,1.1901467740535736
KITTI,oracle,brake,J,0019,541,1.6160039603710175
KITTI,oracle,brake,J,0019,542,1.5146199464797974
KITTI,oracle,brake,J,0019,543,1.804435908794403
KITTI,oracle,brake,J,0019,544,0.9436951279640198
KITTI,oracle,brake,J,0019,545,1.4631792604923248
KITTI,oracle,brake,J,0019,546,1.1008595824241638
KITTI,oracle,brake,J,0019,547,1.7335155308246613
KITTI,oracle,brake,J,0019,548,2.0995092391967773
KITTI,oracle,brake,J,0019,549,1.6504176259040833
KITTI,oracle,brake,J,0019,550,1.642135739326477
KITTI,oracle,brake,J,0019,551,1.891243040561676
KITTI,oracle,brake,J,0019,552,1.3081769347190857
KITTI,oracle,brake,J,0019,553,2.6945788264274597
KITTI,oracle,brake,J,0019,554,1.9980856776237488
KITTI,oracle,brake,J,0019,555,1.3941640853881836
KITTI,oracle,brake,J,0019,556,2.38059401512146
KITTI,oracle,brake,J,0019,557,2.685173213481903
KITTI,oracle,brake,J,0019,558,1.7134274542331696
KITTI,oracle,brake,J,0019,559,1.3893249332904816
KITTI,oracle,brake,J,0019,560,1.4877256155014038
KITTI,oracle,brake,J,0019,561,1.4943719804286957
KITTI,oracle,brake,J,0019,562,2.4028458893299103
KITTI,oracle,brake,J,0019,563,2.10134020447731
KITTI,oracle,brake,J,0019,564,1.6116762161254883
KITTI,oracle,brake,J,0019,565,1.4685780107975006
KITTI,oracle,brake,J,0019,566,1.8507772982120514
KITTI,oracle,brake,J,0019,567,1.4537663161754608
KITTI,oracle,brake,J,0019,568,0.895532488822937
KITTI,oracle,brake,J,0019,569,2.1138855516910553
KITTI,oracle,brake,J,0019,570,1.6232098639011383
KITTI,oracle,brake,J,0019,571,1.4589214026927948
KITTI,oracle,brake,J,0019,572,1.1617242693901062
KITTI,oracle,brake,J,0019,573,1.7164893746376038
KITTI,oracle,brake,J,0019,574,1.976364552974701
KITTI,oracle,brake,J,0019,575,2.3981438875198364
KITTI,oracle,brake,J,0019,576,2.054349899291992
KITTI,oracle,brake,J,0019,577,0.7141278684139252
KITTI,oracle,brake,J,0019,578,1.937615692615509
KITTI,oracle,brake,J,0019,579,1.7743270993232727
KITTI,oracle,brake,J,0019,580,1.0393045842647552
KITTI,oracle,brake,J,0019,581,1.5474362671375275
KITTI,oracle,brake,J,0019,582,0.8946667909622192
KITTI,oracle,brake,J,0019,583,1.1559046506881714
KITTI,oracle,brake,J,0019,584,1.3841876685619354
KITTI,oracle,brake,J,0019,585,0.8081263899803162
KITTI,oracle,brake,J,0019,586,1.4075786471366882
KITTI,oracle,brake,J,0019,587,0.26726847887039185
KITTI,oracle,brake,J,0019,588,0.7513834536075592
KITTI,oracle,brake,J,0019,589,1.3132547438144684
KITTI,oracle,brake,J,0019,590,1.2579513788223267
KITTI,oracle,brake,J,0019,591,1.9835199415683746
KITTI,oracle,brake,J,0019,592,1.3656843304634094
KITTI,oracle,brake,J,0019,593,1.6539568901062012
KITTI,oracle,brake,J,0019,594,1.3304240107536316
KITTI,oracle,brake,J,0019,595,1.7956633865833282
KITTI,oracle,brake,J,0019,596,0.917376697063446
KITTI,oracle,brake,J,0019,597,0.5982498228549957
KITTI,oracle,brake,J,0019,598,1.4221851825714111
KITTI,oracle,brake,J,0019,599,1.5093784034252167
KITTI,oracle,brake,J,0019,600,1.1878971755504608
KITTI,oracle,brake,J,0019,601,0.937425971031189
KITTI,oracle,brake,J,0019,602,1.6958221197128296
KITTI,oracle,brake,J,0019,603,1.0829288363456726
KITTI,oracle,brake,J,0019,604,0.8358548879623413
KITTI,oracle,brake,J,0019,605,1.2039800584316254
KITTI,oracle,brake,J,0019,606,1.2343631088733673
KITTI,oracle,brake,J,0019,607,1.874452382326126
KITTI,oracle,brake,J,0019,608,0.978005975484848
KITTI,oracle,brake,J,0019,609,0.8632107973098755
KITTI,oracle,brake,J,0019,610,1.8926949799060822
KITTI,oracle,brake,J,0019,611,1.6187593042850494
KITTI,oracle,brake,J,0019,612,0.9101661741733551
KITTI,oracle,brake,J,0019,613,1.2931089103221893
KITTI,oracle,brake,J,0019,614,1.0893223881721497
KITTI,oracle,brake,J,0019,615,0.5775319933891296
KITTI,oracle,brake,J,0019,616,0.6167525053024292
KITTI,oracle,brake,J,0019,617,0.7974652945995331
KITTI,oracle,brake,J,0019,618,0.8994858264923096
KITTI,oracle,brake,J,0019,619,1.8520652055740356
KITTI,oracle,brake,J,0019,620,1.8667068183422089
KITTI,oracle,brake,J,0019,621,0.94032222032547
KITTI,oracle,brake,J,0019,622,0.6869404315948486
KITTI,oracle,brake,J,0019,623,1.8811887204647064
KITTI,oracle,brake,J,0019,624,2.065891742706299
KITTI,oracle,brake,J,0019,625,1.1469512283802032
KITTI,oracle,brake,J,0019,626,1.573574036359787
KITTI,oracle,brake,J,0019,627,1.2331666052341461
KITTI,oracle,brake,J,0019,628,0.920156866312027
KITTI,oracle,brake,J,0019,629,1.1327748000621796
KITTI,oracle,brake,J,0019,630,0.20869123935699463
KITTI,oracle,brake,J,0019,631,0.0
KITTI,oracle,brake,J,0019,632,1.2133126258850098
KITTI,oracle,brake,J,0019,633,0.8812572360038757
KITTI,oracle,brake,J,0019,634,0.6820911169052124
KITTI,oracle,brake,J,0019,635,0.36794450879096985
KITTI,oracle,brake,J,0019,636,0.5262494087219238
KITTI,oracle,brake,J,0019,637,0.5939366519451141
KITTI,oracle,brake,J,0019,638,0.9019040465354919
KITTI,oracle,brake,J,0019,639,1.286859780550003
KITTI,oracle,brake,J,0019,640,0.9843471944332123
KITTI,oracle,brake,J,0019,641,1.0591523945331573
KITTI,oracle,brake,J,0019,642,0.18010663986206055
KITTI,oracle,brake,J,0019,643,0.596476823091507
KITTI,oracle,brake,J,0019,644,0.9816660583019257
KITTI,oracle,brake,J,0019,645,0.9275258481502533
KITTI,oracle,brake,J,0019,646,0.8688873946666718
KITTI,oracle,brake,J,0019,647,1.3655303120613098
KITTI,oracle,brake,J,0019,648,0.9585994184017181
KITTI,oracle,brake,J,0019,649,0.933353453874588
KITTI,oracle,brake,J,0019,650,0.9747669994831085
KITTI,oracle,brake,J,0019,651,1.7851195931434631
KITTI,oracle,brake,J,0019,652,0.8067777156829834
KITTI,oracle,brake,J,0019,653,0.5051015019416809
KITTI,oracle,brake,J,0019,654,0.48745420575141907
KITTI,oracle,brake,J,0019,655,0.4885180592536926
KITTI,oracle,brake,J,0019,656,1.0476319193840027
KITTI,oracle,brake,J,0019,657,0.8986234664916992
KITTI,oracle,brake,J,0019,658,0.4313404858112335
KITTI,oracle,brake,J,0019,659,1.1054710149765015
KITTI,oracle,brake,J,0019,660,0.9278290569782257
KITTI,oracle,brake,J,0019,661,0.9669808447360992
KITTI,oracle,brake,J,0019,662,1.0188257694244385
KITTI,oracle,brake,J,0019,663,1.163375049829483
KITTI,oracle,brake,J,0019,664,0.7894490957260132
KITTI,oracle,brake,J,0019,665,0.8275284171104431
KITTI,oracle,brake,J,0019,666,0.30018430948257446
KITTI,oracle,brake,J,0019,667,0.3668673038482666
KITTI,oracle,brake,J,0019,668,0.6706973314285278
KITTI,oracle,brake,J,0019,669,1.7465227544307709
KITTI,oracle,brake,J,0019,670,1.0089507699012756
KITTI,oracle,brake,J,0019,671,1.1287863850593567
KITTI,oracle,brake,J,0019,672,1.4034525752067566
KITTI,oracle,brake,J,0019,673,0.7889398038387299
KITTI,oracle,brake,J,0019,674,0.9269125759601593
KITTI,oracle,brake,J,0019,675,0.3467440903186798
KITTI,oracle,brake,J,0019,676,0.11838510632514954
KITTI,oracle,brake,J,0019,677,1.194080412387848
KITTI,oracle,brake,J,0019,678,0.8176247775554657
KITTI,oracle,brake,J,0019,679,1.1618778109550476
KITTI,oracle,brake,J,0019,680,0.5962468385696411
KITTI,oracle,brake,J,0019,681,0.25912967324256897
KITTI,oracle,brake,J,0019,682,0.7644119262695312
KITTI,oracle,brake,J,0019,683,0.6862744092941284
KITTI,oracle,brake,J,0019,684,0.9901828467845917
KITTI,oracle,brake,J,0019,685,1.6788436472415924
KITTI,oracle,brake,J,0019,686,1.0771595239639282
KITTI,oracle,brake,J,0019,687,0.4693119525909424
KITTI,oracle,brake,J,0019,688,0.7313391864299774
KITTI,oracle,brake,J,0019,689,0.7895297706127167
KITTI,oracle,brake,J,0019,690,1.013914942741394
KITTI,oracle,brake,J,0019,691,1.074526160955429
KITTI,oracle,brake,J,0019,692,0.13206613063812256
KITTI,oracle,brake,J,0019,693,0.38135454058647156
KITTI,oracle,brake,J,0019,694,0.7682633697986603
KITTI,oracle,brake,J,0019,695,0.2601461708545685
KITTI,oracle,brake,J,0019,696,0.36944693326950073
KITTI,oracle,brake,J,0019,697,1.2565049529075623
KITTI,oracle,brake,J,0019,698,0.649165004491806
KITTI,oracle,brake,J,0019,699,0.2164713740348816
KITTI,oracle,brake,J,0019,700,0.6059126853942871
KITTI,oracle,brake,J,0019,701,1.0408403277397156
KITTI,oracle,brake,J,0019,702,1.0316839218139648
KITTI,oracle,brake,J,0019,703,0.837462991476059
KITTI,oracle,brake,J,0019,704,0.22431355714797974
KITTI,oracle,brake,J,0019,705,0.745602160692215
KITTI,oracle,brake,J,0019,706,0.21651750802993774
KITTI,oracle,brake,J,0019,707,0.9344628751277924
KITTI,oracle,brake,J,0019,708,0.9825395047664642
KITTI,oracle,brake,J,0019,709,0.0
KITTI,oracle,brake,J,0019,710,0.3070650100708008
KITTI,oracle,brake,J,0019,711,0.20713457465171814
KITTI,oracle,brake,J,0019,712,0.3454069495201111
KITTI,oracle,brake,J,0019,713,0.5787962079048157
KITTI,oracle,brake,J,0019,714,0.9222415387630463
KITTI,oracle,brake,J,0019,715,1.2291830778121948
KITTI,oracle,brake,J,0019,716,1.0164726376533508
KITTI,oracle,brake,J,0019,717,0.6369638442993164
KITTI,oracle,brake,J,0019,718,1.1256683766841888
KITTI,oracle,brake,J,0019,719,1.174435406923294
KITTI,oracle,brake,J,0019,720,0.8467371761798859
KITTI,oracle,brake,J,0019,721,1.0923306047916412
KITTI,oracle,brake,J,0019,722,0.7345160841941833
KITTI,oracle,brake,J,0019,723,0.9249131977558136
KITTI,oracle,brake,J,0019,724,0.347153902053833
KITTI,oracle,brake,J,0019,725,0.5182567536830902
KITTI,oracle,brake,J,0019,726,0.32641637325286865
KITTI,oracle,brake,J,0019,727,0.7208547294139862
KITTI,oracle,brake,J,0019,728,1.0517116785049438
KITTI,oracle,brake,J,0019,729,0.5734114050865173
KITTI,oracle,brake,J,0019,730,0.2351083755493164
KITTI,oracle,brake,J,0019,731,1.2073245346546173
KITTI,oracle,brake,J,0019,732,0.5457424521446228
KITTI,oracle,brake,J,0019,733,0.7653919160366058
KITTI,oracle,brake,J,0019,734,0.7281622290611267
KITTI,oracle,brake,J,0019,735,0.6773437559604645
KITTI,oracle,brake,J,0019,736,0.8973020613193512
KITTI,oracle,brake,J,0019,737,0.6876575350761414
KITTI,oracle,brake,J,0019,738,0.7845481634140015
KITTI,oracle,brake,J,0019,739,0.671742856502533
KITTI,oracle,brake,J,0019,740,0.7843527495861053
KITTI,oracle,brake,J,0019,741,0.5936169624328613
KITTI,oracle,brake,J,0019,742,1.4675334990024567
KITTI,oracle,brake,J,0019,743,0.7954366207122803
KITTI,oracle,brake,J,0019,744,1.2005341053009033
KITTI,oracle,brake,J,0019,745,0.6488569676876068
KITTI,oracle,brake,J,0019,746,0.37603890895843506
KITTI,oracle,brake,J,0019,747,0.6458629071712494
KITTI,oracle,brake,J,0019,748,0.1755380630493164
KITTI,oracle,brake,J,0019,749,0.3820808529853821
KITTI,oracle,brake,J,0019,750,0.5212305188179016
KITTI,oracle,brake,J,0019,751,0.6185416281223297
KITTI,oracle,brake,J,0019,752,0.5655553340911865
KITTI,oracle,brake,J,0019,753,0.474632203578949
KITTI,oracle,brake,J,0019,754,0.2519753575325012
KITTI,oracle,brake,J,0019,755,0.3602190911769867
KITTI,oracle,brake,J,0019,756,0.8932160139083862
KITTI,oracle,brake,J,0019,757,0.6979342699050903
KITTI,oracle,brake,J,0019,758,0.8073866367340088
KITTI,oracle,brake,J,0019,759,0.9686033725738525
KITTI,oracle,brake,J,0019,760,1.6700786650180817
KITTI,oracle,brake,J,0019,761,1.1986612379550934
KITTI,oracle,brake,J,0019,762,0.9662981033325195
KITTI,oracle,brake,J,0019,763,0.25912967324256897
KITTI,oracle,brake,J,0019,764,0.7084978222846985
KITTI,oracle,brake,J,0019,765,1.1666405200958252
KITTI,oracle,brake,J,0019,766,1.105564147233963
KITTI,oracle,brake,J,0019,767,0.9086707830429077
KITTI,oracle,brake,J,0019,768,0.24364382028579712
KITTI,oracle,brake,J,0019,769,0.6235454380512238
KITTI,oracle,brake,J,0019,770,0.7097318172454834
KITTI,oracle,brake,J,0019,771,1.0639676749706268
KITTI,oracle,brake,J,0019,772,0.485131174325943
KITTI,oracle,brake,J,0019,773,1.126706451177597
KITTI,oracle,brake,J,0019,774,0.866988867521286
KITTI,oracle,brake,J,0019,775,0.8162669837474823
KITTI,oracle,brake,J,0019,776,0.8800016045570374
KITTI,oracle,brake,J,0019,777,1.017529159784317
KITTI,oracle,brake,J,0019,778,0.5957565307617188
KITTI,oracle,brake,J,0019,779,0.6281667053699493
KITTI,oracle,brake,J,0019,780,1.2193132638931274
KITTI,oracle,brake,J,0019,781,0.6641668379306793
KITTI,oracle,brake,J,0019,782,0.3401908874511719
KITTI,oracle,brake,J,0019,783,0.11008787155151367
KITTI,oracle,brake,J,0019,784,0.3538089990615845
KITTI,oracle,brake,J,0019,785,0.4875597357749939
KITTI,oracle,brake,J,0019,786,0.595513641834259
KITTI,oracle,brake,J,0019,787,0.0
KITTI,oracle,brake,J,0019,788,0.3631594479084015
KITTI,oracle,brake,J,0019,789,0.5165508091449738
KITTI,oracle,brake,J,0019,790,0.43066272139549255
KITTI,oracle,brake,J,0019,791,0.11201596260070801
KITTI,oracle,brake,J,0019,792,0.5798150300979614
KITTI,oracle,brake,J,0019,793,0.41184067726135254
KITTI,oracle,brake,J,0019,794,0.41584324836730957
KITTI,oracle,brake,J,0019,795,0.5117480158805847
KITTI,oracle,brake,J,0019,796,0.37363487482070923
KITTI,oracle,brake,J,0019,797,0.763826996088028
KITTI,oracle,brake,J,0019,798,0.523700475692749
KITTI,oracle,brake,J,0019,799,0.796668142080307
KITTI,oracle,brake,J,0019,800,0.6901288628578186
KITTI,oracle,brake,J,0019,801,0.5597547292709351
KITTI,oracle,brake,J,0019,802,0.9337428212165833
KITTI,oracle,brake,J,0019,803,0.9352567791938782
KITTI,oracle,brake,J,0019,804,1.2536625564098358
KITTI,oracle,brake,J,0019,805,0.813270092010498
KITTI,oracle,brake,J,0019,806,0.6740238964557648
KITTI,oracle,brake,J,0019,807,1.0645002126693726
KITTI,oracle,brake,J,0019,808,0.8025214374065399
KITTI,oracle,brake,J,0019,809,1.1048147678375244
KITTI,oracle,brake,J,0019,810,0.7235772609710693
KITTI,oracle,brake,J,0019,811,1.1629093885421753
KITTI,oracle,brake,J,0019,812,1.4501769840717316
KITTI,oracle,brake,J,0019,813,0.8248276114463806
KITTI,oracle,brake,J,0019,814,2.148090809583664
KITTI,oracle,brake,J,0019,815,1.5009630024433136
KITTI,oracle,brake,J,0019,816,1.6929200291633606
KITTI,oracle,brake,J,0019,817,1.9293229579925537
KITTI,oracle,brake,J,0019,818,1.4784261286258698
KITTI,oracle,brake,J,0019,819,0.9759124517440796
KITTI,oracle,brake,J,0019,820,1.7117896676063538
KITTI,oracle,brake,J,0019,821,0.5969655513763428
KITTI,oracle,brake,J,0019,822,0.6511918604373932
KITTI,oracle,brake,J,0019,823,1.068762868642807
KITTI,oracle,brake,J,0019,824,1.0634219646453857
KITTI,oracle,brake,J,0019,825,0.8726901113986969
KITTI,oracle,brake,J,0019,826,1.016527235507965
KITTI,oracle,brake,J,0019,827,0.9789532423019409
KITTI,oracle,brake,J,0019,828,1.0180065631866455
KITTI,oracle,brake,J,0019,829,0.4021093249320984
KITTI,oracle,brake,J,0019,830,1.2346228659152985
KITTI,oracle,brake,J,0019,831,1.7800323963165283
KITTI,oracle,brake,J,0019,832,1.7522513270378113
KITTI,oracle,brake,J,0019,833,1.353229582309723
KITTI,oracle,brake,J,0019,834,1.3733539283275604
KITTI,oracle,brake,J,0019,835,1.7840959429740906
KITTI,oracle,brake,J,0019,836,0.9864295423030853
KITTI,oracle,brake,J,0019,837,0.9665573835372925
KITTI,oracle,brake,J,0019,838,1.511007845401764
KITTI,oracle,brake,J,0019,839,1.2142503261566162
KITTI,oracle,brake,J,0019,840,2.0208878219127655
KITTI,oracle,brake,J,0019,841,1.9111387133598328
KITTI,oracle,brake,J,0019,842,0.9998919665813446
KITTI,oracle,brake,J,0019,843,0.9875515699386597
KITTI,oracle,brake,J,0019,844,0.803686648607254
KITTI,oracle,brake,J,0019,845,1.0469574630260468
KITTI,oracle,brake,J,0019,846,1.1616235077381134
KITTI,oracle,brake,J,0019,847,0.6734073460102081
KITTI,oracle,brake,J,0019,848,0.8440881669521332
KITTI,oracle,brake,J,0019,849,0.8519980907440186
KITTI,oracle,brake,J,0019,850,1.291621208190918
KITTI,oracle,brake,J,0019,851,0.35537824034690857
KITTI,oracle,brake,J,0019,852,0.7098162770271301
KITTI,oracle,brake,J,0019,853,0.4711553156375885
KITTI,oracle,brake,J,0019,854,1.3386505544185638
KITTI,oracle,brake,J,0019,855,0.5908280909061432
KITTI,oracle,brake,J,0019,856,0.4202072322368622
KITTI,oracle,brake,J,0019,857,2.0683506429195404
KITTI,oracle,brake,J,0019,858,1.5388853549957275
KITTI,oracle,brake,J,0019,859,0.9405126571655273
KITTI,oracle,brake,J,0019,860,0.8217118978500366
KITTI,oracle,brake,J,0019,861,0.6343791782855988
KITTI,oracle,brake,J,0019,862,0.8230104446411133
KITTI,oracle,brake,J,0019,863,0.9312827885150909
KITTI,oracle,brake,J,0019,864,1.258582890033722
KITTI,oracle,brake,J,0019,865,1.0222010910511017
KITTI,oracle,brake,J,0019,866,1.9648778438568115
KITTI,oracle,brake,J,0019,867,1.8417298197746277
KITTI,oracle,brake,J,0019,868,1.541083663702011
KITTI,oracle,brake,J,0019,869,1.7121988534927368
KITTI,oracle,brake,J,0019,870,0.5476855337619781
KITTI,oracle,brake,J,0019,871,0.8746232092380524
KITTI,oracle,brake,J,0019,872,1.82017582654953
KITTI,oracle,brake,J,0019,873,1.299887478351593
KITTI,oracle,brake,J,0019,874,1.6629204452037811
KITTI,oracle,brake,J,0019,875,1.7003325521945953
KITTI,oracle,brake,J,0019,876,1.3884322047233582
KITTI,oracle,brake,J,0019,877,1.5991558134555817
KITTI,oracle,brake,J,0019,878,1.7712827324867249
KITTI,oracle,brake,J,0019,879,1.027765840291977
KITTI,oracle,brake,J,0019,880,1.4551803469657898
KITTI,oracle,brake,J,0019,881,1.3415261209011078
KITTI,oracle,brake,J,0019,882,1.913626790046692
KITTI,oracle,brake,J,0019,883,1.2858442068099976
KITTI,oracle,brake,J,0019,884,1.634067952632904
KITTI,oracle,brake,J,0019,885,2.259857565164566
KITTI,oracle,brake,J,0019,886,2.153587907552719
KITTI,oracle,brake,J,0019,887,1.6228697001934052
KITTI,oracle,brake,J,0019,888,1.1022189259529114
KITTI,oracle,brake,J,0019,889,1.3826214969158173
KITTI,oracle,brake,J,0019,890,1.4168756306171417
KITTI,oracle,brake,J,0019,891,0.9210831820964813
KITTI,oracle,brake,J,0019,892,0.23834776878356934
KITTI,oracle,brake,J,0019,893,0.9902659952640533
KITTI,oracle,brake,J,0019,894,0.6887710690498352
KITTI,oracle,brake,J,0019,895,0.6362771689891815
KITTI,oracle,brake,J,0019,896,1.1445972919464111
KITTI,oracle,brake,J,0019,897,0.5989607274532318
KITTI,oracle,brake,J,0019,898,0.36212530732154846
KITTI,oracle,brake,J,0019,899,1.2410300970077515
KITTI,oracle,brake,J,0019,900,0.9905329048633575
KITTI,oracle,brake,J,0019,901,0.10087859630584717
KITTI,oracle,brake,J,0019,902,0.15974104404449463
KITTI,oracle,brake,J,0019,903,0.6360781788825989
KITTI,oracle,brake,J,0019,904,0.36648333072662354
KITTI,oracle,brake,J,0019,905,0.5848454535007477
KITTI,oracle,brake,J,0019,906,0.7301902770996094
KITTI,oracle,brake,J,0019,907,0.0
KITTI,oracle,brake,J,0019,908,0.30393362045288086
KITTI,oracle,brake,J,0019,909,0.0
KITTI,oracle,brake,J,0019,910,0.21601152420043945
KITTI,oracle,brake,J,0019,911,0.3056620657444
KITTI,oracle,brake,J,0019,912,0.7952705025672913
KITTI,oracle,brake,J,0019,913,0.10818895697593689
KITTI,oracle,brake,J,0019,914,0.1175721287727356
KITTI,oracle,brake,J,0019,915,0.13799649477005005
KITTI,oracle,brake,J,0019,916,0.0
KITTI,oracle,brake,J,0019,917,0.0
KITTI,oracle,brake,J,0019,918,0.0
KITTI,oracle,brake,J,0019,919,0.12984344363212585
KITTI,oracle,brake,J,0019,920,0.10230469703674316
KITTI,oracle,brake,J,0019,921,0.0
KITTI,oracle,brake,J,0019,922,0.3260993957519531
KITTI,oracle,brake,J,0019,923,0.13846176862716675
KITTI,oracle,brake,J,0019,924,0.0
KITTI,oracle,brake,J,0019,925,0.30683279037475586
KITTI,oracle,brake,J,0019,926,0.23506861925125122
KITTI,oracle,brake,J,0019,927,0.4161553978919983
KITTI,oracle,brake,J,0019,928,0.4804908037185669
KITTI,oracle,brake,J,0019,929,0.20561504364013672
KITTI,oracle,brake,J,0019,930,0.5163036286830902
KITTI,oracle,brake,J,0019,931,0.0
KITTI,oracle,brake,J,0019,932,0.12765264511108398
KITTI,oracle,brake,J,0019,933,0.23351514339447021
KITTI,oracle,brake,J,0019,934,0.0
KITTI,oracle,brake,J,0019,935,0.25947314500808716
KITTI,oracle,brake,J,0019,936,0.4149496555328369
KITTI,oracle,brake,J,0019,937,0.41311049461364746
KITTI,oracle,brake,J,0019,938,0.9289495050907135
KITTI,oracle,brake,J,0019,939,0.25697606801986694
KITTI,oracle,brake,J,0019,940,0.3875672519207001
KITTI,oracle,brake,J,0019,941,0.200557678937912
KITTI,oracle,brake,J,0019,942,0.5422785878181458
KITTI,oracle,brake,J,0019,943,0.3622961938381195
KITTI,oracle,brake,J,0019,944,0.22135066986083984
KITTI,oracle,brake,J,0019,945,0.14854055643081665
KITTI,oracle,brake,J,0019,946,0.27208179235458374
KITTI,oracle,brake,J,0019,947,0.18594717979431152
KITTI,oracle,brake,J,0019,948,0.5544015765190125
KITTI,oracle,brake,J,0019,949,0.0
KITTI,oracle,brake,J,0019,950,0.6015937328338623
KITTI,oracle,brake,J,0019,951,0.6578737199306488
KITTI,oracle,brake,J,0019,952,0.6995790004730225
KITTI,oracle,brake,J,0019,953,0.8561988174915314
KITTI,oracle,brake,J,0019,954,0.5613337457180023
KITTI,oracle,brake,J,0019,955,0.7643806040287018
KITTI,oracle,brake,J,0019,956,0.3313741087913513
KITTI,oracle,brake,J,0019,957,0.6022269427776337
KITTI,oracle,brake,J,0019,958,0.4857610762119293
KITTI,oracle,brake,J,0019,959,0.7280652821063995
KITTI,oracle,brake,J,0019,960,0.517816960811615
KITTI,oracle,brake,J,0019,961,0.18952107429504395
KITTI,oracle,brake,J,0019,962,0.4871375560760498
KITTI,oracle,brake,J,0019,963,0.6392687857151031
KITTI,oracle,brake,J,0019,964,0.5733752548694611
KITTI,oracle,brake,J,0019,965,0.5150649547576904
KITTI,oracle,brake,J,0019,966,0.3409503102302551
KITTI,oracle,brake,J,0019,967,0.6692455112934113
KITTI,oracle,brake,J,0019,968,0.2267836332321167
KITTI,oracle,brake,J,0019,969,0.7375714480876923
KITTI,oracle,brake,J,0019,970,0.5433348417282104
KITTI,oracle,brake,J,0019,971,0.23792991042137146
KITTI,oracle,brake,J,0019,972,0.5460979342460632
KITTI,oracle,brake,J,0019,973,0.34502267837524414
KITTI,oracle,brake,J,0019,974,0.10669058561325073
KITTI,oracle,brake,J,0019,975,1.051836609840393
KITTI,oracle,brake,J,0019,976,0.7624653577804565
KITTI,oracle,brake,J,0019,977,0.7369904220104218
KITTI,oracle,brake,J,0019,978,0.38876453042030334
KITTI,oracle,brake,J,0019,979,0.8927615284919739
KITTI,oracle,brake,J,0019,980,0.5832701921463013
KITTI,oracle,brake,J,0019,981,0.6336592435836792
KITTI,oracle,brake,J,0019,982,0.5901439785957336
KITTI,oracle,brake,J,0019,983,0.10087859630584717
KITTI,oracle,brake,J,0019,984,0.28140708804130554
KITTI,oracle,brake,J,0019,985,0.1368389129638672
KITTI,oracle,brake,J,0019,986,0.26766085624694824
KITTI,oracle,brake,J,0019,987,0.24436303973197937
KITTI,oracle,brake,J,0019,988,0.1980641782283783
KITTI,oracle,brake,J,0019,989,0.5576026439666748
KITTI,oracle,brake,J,0019,990,0.14854055643081665
KITTI,oracle,brake,J,0019,991,0.11596071720123291
KITTI,oracle,brake,J,0019,992,0.2500580847263336
KITTI,oracle,brake,J,0019,993,0.24191340804100037
KITTI,oracle,brake,J,0019,994,0.0
KITTI,oracle,brake,J,0019,995,0.5213958323001862
KITTI,oracle,brake,J,0019,996,0.0
KITTI,oracle,brake,J,0019,997,0.103024423122406
KITTI,oracle,brake,J,0019,998,0.14608722925186157
KITTI,oracle,brake,J,0019,999,0.0
KITTI,oracle,brake,J,0019,1000,0.0
KITTI,oracle,brake,J,0019,1001,0.44002747535705566
KITTI,oracle,brake,J,0019,1002,0.4394108057022095
KITTI,oracle,brake,J,0019,1003,0.23617854714393616
KITTI,oracle,brake,J,0019,1004,0.11476477980613708
KITTI,oracle,brake,J,0019,1005,0.2681208550930023
KITTI,oracle,brake,J,0019,1006,0.33968305587768555
KITTI,oracle,brake,J,0019,1007,0.2759546637535095
KITTI,oracle,brake,J,0019,1008,0.11240509152412415
KITTI,oracle,brake,J,0019,1009,0.37298521399497986
KITTI,oracle,brake,J,0019,1010,0.472489595413208
KITTI,oracle,brake,J,0019,1011,0.2486705183982849
KITTI,oracle,brake,J,0019,1012,0.27396994829177856
KITTI,oracle,brake,J,0019,1013,0.21601152420043945
KITTI,oracle,brake,J,0019,1014,0.1650540828704834
KITTI,oracle,brake,J,0019,1015,0.0
KITTI,oracle,brake,J,0019,1016,0.33203792572021484
KITTI,oracle,brake,J,0019,1017,0.3177744746208191
KITTI,oracle,brake,J,0019,1018,0.33119893074035645
KITTI,oracle,brake,J,0019,1019,0.4498578906059265
KITTI,oracle,brake,J,0019,1020,0.0
KITTI,oracle,brake,J,0019,1021,0.0
KITTI,oracle,brake,J,0019,1022,0.30930665135383606
KITTI,oracle,brake,J,0019,1023,0.5352903604507446
KITTI,oracle,brake,J,0019,1024,0.24854964017868042
KITTI,oracle,brake,J,0019,1025,0.23315134644508362
KITTI,oracle,brake,J,0019,1026,0.12421301007270813
KITTI,oracle,brake,J,0019,1027,0.10669058561325073
KITTI,oracle,brake,J,0019,1028,0.23707666993141174
KITTI,oracle,brake,J,0019,1029,0.2513493597507477
KITTI,oracle,brake,J,0019,1030,0.1259227693080902
KITTI,oracle,brake,J,0019,1031,0.12984344363212585
KITTI,oracle,brake,J,0019,1032,0.10338595509529114
KITTI,oracle,brake,J,0019,1033,0.10781264305114746
KITTI,oracle,brake,J,0019,1034,0.10557883977890015
KITTI,oracle,brake,J,0019,1035,0.0
KITTI,oracle,brake,J,0019,1036,0.10669058561325073
KITTI,oracle,brake,J,0019,1037,0.0
KITTI,oracle,brake,J,0019,1038,0.0
KITTI,oracle,brake,J,0019,1039,0.0
KITTI,oracle,brake,J,0019,1040,0.0
KITTI,oracle,brake,J,0019,1041,0.11047112941741943
KITTI,oracle,brake,J,0019,1042,0.0
KITTI,oracle,brake,J,0019,1043,0.0
KITTI,oracle,brake,J,0019,1044,0.11008787155151367
KITTI,oracle,brake,J,0019,1045,0.0
KITTI,oracle,brake,J,0019,1046,0.2690242826938629
KITTI,oracle,brake,J,0019,1047,0.0
KITTI,oracle,brake,J,0019,1048,0.0
KITTI,oracle,brake,J,0019,1049,0.0
KITTI,oracle,brake,J,0019,1050,0.0
KITTI,oracle,brake,J,0019,1051,0.0
KITTI,oracle,brake,J,0019,1052,0.12549346685409546
KITTI,oracle,brake,J,0019,1053,0.10230469703674316
KITTI,oracle,brake,J,0019,1054,0.2355257272720337
KITTI,oracle,brake,J,0019,1055,0.10194653272628784
KITTI,oracle,brake,J,0019,1056,0.0
KITTI,oracle,brake,J,0019,1057,0.0
KITTI,oracle,brake,J,0019,1058,0.0
KITTI,oracle,traj,JB,0007,0,0.0
KITTI,oracle,traj,JB,0007,1,0.0
KITTI,oracle,traj,JB,0007,2,0.0
KITTI,oracle,traj,JB,0007,3,0.0
KITTI,oracle,traj,JB,0007,4,0.0
KITTI,oracle,traj,JB,0007,5,0.0
KITTI,oracle,traj,JB,0007,6,0.0
KITTI,oracle,traj,JB,0007,7,0.0
KITTI,oracle,traj,JB,0007,8,0.0
KITTI,oracle,traj,JB,0007,9,0.0
KITTI,oracle,traj,JB,0007,10,0.20497775077819824
KITTI,oracle,traj,JB,0007,11,0.0
KITTI,oracle,traj,JB,0007,12,0.0
KITTI,oracle,traj,JB,0007,13,0.1581743359565735
KITTI,oracle,traj,JB,0007,14,0.0
KITTI,oracle,traj,JB,0007,15,0.0
KITTI,oracle,traj,JB,0007,16,0.0
KITTI,oracle,traj,JB,0007,17,0.0
KITTI,oracle,traj,JB,0007,18,0.0
KITTI,oracle,traj,JB,0007,19,0.0
KITTI,oracle,traj,JB,0007,20,0.0
KITTI,oracle,traj,JB,0007,21,0.0
KITTI,oracle,traj,JB,0007,22,0.0
KITTI,oracle,traj,JB,0007,23,0.11201596260070801
KITTI,oracle,traj,JB,0007,24,0.0
KITTI,oracle,traj,JB,0007,25,0.0
KITTI,oracle,traj,JB,0007,26,0.0
KITTI,oracle,traj,JB,0007,27,0.0
KITTI,oracle,traj,JB,0007,28,0.14080816507339478
KITTI,oracle,traj,JB,0007,29,0.0
KITTI,oracle,traj,JB,0007,30,0.13986563682556152
KITTI,oracle,traj,JB,0007,31,0.18184363842010498
KITTI,oracle,traj,JB,0007,32,0.0
KITTI,oracle,traj,JB,0007,33,0.0
KITTI,oracle,traj,JB,0007,34,0.14706450700759888
KITTI,oracle,traj,JB,0007,35,0.0
KITTI,oracle,traj,JB,0007,36,0.0
KITTI,oracle,traj,JB,0007,37,0.11596071720123291
KITTI,oracle,traj,JB,0007,38,0.11436852812767029
KITTI,oracle,traj,JB,0007,39,0.3802669644355774
KITTI,oracle,traj,JB,0007,40,0.334330290555954
KITTI,oracle,traj,JB,0007,41,0.4644872844219208
KITTI,oracle,traj,JB,0007,42,0.6809357404708862
KITTI,oracle,traj,JB,0007,43,0.4313710331916809
KITTI,oracle,traj,JB,0007,44,0.4061695337295532
KITTI,oracle,traj,JB,0007,45,0.8035043776035309
KITTI,oracle,traj,JB,0007,46,0.6627523601055145
KITTI,oracle,traj,JB,0007,47,0.9628340899944305
KITTI,oracle,traj,JB,0007,48,0.5781808197498322
KITTI,oracle,traj,JB,0007,49,0.9134163558483124
KITTI,oracle,traj,JB,0007,50,1.0764526724815369
KITTI,oracle,traj,JB,0007,51,0.7460718750953674
KITTI,oracle,traj,JB,0007,52,0.22953522205352783
KITTI,oracle,traj,JB,0007,53,1.3803727626800537
KITTI,oracle,traj,JB,0007,54,0.27234363555908203
KITTI,oracle,traj,JB,0007,55,0.7936327755451202
KITTI,oracle,traj,JB,0007,56,1.0287556946277618
KITTI,oracle,traj,JB,0007,57,0.25148850679397583
KITTI,oracle,traj,JB,0007,58,1.0000285804271698
KITTI,oracle,traj,JB,0007,59,0.8553231060504913
KITTI,oracle,traj,JB,0007,60,0.7730955481529236
KITTI,oracle,traj,JB,0007,61,0.5021573603153229
KITTI,oracle,traj,JB,0007,62,0.6656480729579926
KITTI,oracle,traj,JB,0007,63,0.5309429168701172
KITTI,oracle,traj,JB,0007,64,0.7260363399982452
KITTI,oracle,traj,JB,0007,65,0.5636443793773651
KITTI,oracle,traj,JB,0007,66,0.7457497715950012
KITTI,oracle,traj,JB,0007,67,0.9320670962333679
KITTI,oracle,traj,JB,0007,68,0.3142792284488678
KITTI,oracle,traj,JB,0007,69,0.5992282629013062
KITTI,oracle,traj,JB,0007,70,0.3327285945415497
KITTI,oracle,traj,JB,0007,71,0.11318689584732056
KITTI,oracle,traj,JB,0007,72,0.0
KITTI,oracle,traj,JB,0007,73,0.26136213541030884
KITTI,oracle,traj,JB,0007,74,0.444778710603714
KITTI,oracle,traj,JB,0007,75,0.11636176705360413
KITTI,oracle,traj,JB,0007,76,0.292901873588562
KITTI,oracle,traj,JB,0007,77,0.0
KITTI,oracle,traj,JB,0007,78,0.7157485485076904
KITTI,oracle,traj,JB,0007,79,0.2900106608867645
KITTI,oracle,traj,JB,0007,80,0.0
KITTI,oracle,traj,JB,0007,81,1.0841651558876038
KITTI,oracle,traj,JB,0007,82,0.11596071720123291
KITTI,oracle,traj,JB,0007,83,0.5882458984851837
KITTI,oracle,traj,JB,0007,84,0.0
KITTI,oracle,traj,JB,0007,85,0.3501614034175873
KITTI,oracle,traj,JB,0007,86,0.15052762627601624
KITTI,oracle,traj,JB,0007,87,0.7483908236026764
KITTI,oracle,traj,JB,0007,88,0.0
KITTI,oracle,traj,JB,0007,89,0.10447734594345093
KITTI,oracle,traj,JB,0007,90,0.29357200860977173
KITTI,oracle,traj,JB,0007,91,0.2839958667755127
KITTI,oracle,traj,JB,0007,92,0.377673864364624
KITTI,oracle,traj,JB,0007,93,0.4017837643623352
KITTI,oracle,traj,JB,0007,94,0.32159948348999023
KITTI,oracle,traj,JB,0007,95,0.2359863519668579
KITTI,oracle,traj,JB,0007,96,0.5648142993450165
KITTI,oracle,traj,JB,0007,97,0.1436675786972046
KITTI,oracle,traj,JB,0007,98,0.4578784108161926
KITTI,oracle,traj,JB,0007,99,0.17838266491889954
KITTI,oracle,traj,JB,0007,100,0.39974161982536316
KITTI,oracle,traj,JB,0007,101,0.21601152420043945
KITTI,oracle,traj,JB,0007,102,0.27855488657951355
KITTI,oracle,traj,JB,0007,103,0.13296425342559814
KITTI,oracle,traj,JB,0007,104,0.518794447183609
KITTI,oracle,traj,JB,0007,105,0.12336564064025879
KITTI,oracle,traj,JB,0007,106,0.21403354406356812
KITTI,oracle,traj,JB,0007,107,0.38902103900909424
KITTI,oracle,traj,JB,0007,108,0.10521054267883301
KITTI,oracle,traj,JB,0007,109,0.14128142595291138
KITTI,oracle,traj,JB,0007,110,0.0
KITTI,oracle,traj,JB,0007,111,0.140336275100708
KITTI,oracle,traj,JB,0007,112,0.23370635509490967
KITTI,oracle,traj,JB,0007,113,0.0
KITTI,oracle,traj,JB,0007,114,0.11636176705360413
KITTI,oracle,traj,JB,0007,115,0.0
KITTI,oracle,traj,JB,0007,116,0.24077460169792175
KITTI,oracle,traj,JB,0007,117,0.45687758922576904
KITTI,oracle,traj,JB,0007,118,0.28773272037506104
KITTI,oracle,traj,JB,0007,119,0.3025844991207123
KITTI,oracle,traj,JB,0007,120,0.5004289448261261
KITTI,oracle,traj,JB,0007,121,0.38263943791389465
KITTI,oracle,traj,JB,0007,122,0.38746312260627747
KITTI,oracle,traj,JB,0007,123,0.6302006244659424
KITTI,oracle,traj,JB,0007,124,0.4967189431190491
KITTI,oracle,traj,JB,0007,125,0.17667162418365479
KITTI,oracle,traj,JB,0007,126,0.7634098529815674
KITTI,oracle,traj,JB,0007,127,0.5525665283203125
KITTI,oracle,traj,JB,0007,128,0.9036956429481506
KITTI,oracle,traj,JB,0007,129,0.7137734293937683
KITTI,oracle,traj,JB,0007,130,0.4427020847797394
KITTI,oracle,traj,JB,0007,131,0.8315463662147522
KITTI,oracle,traj,JB,0007,132,0.7658828794956207
KITTI,oracle,traj,JB,0007,133,0.0
KITTI,oracle,traj,JB,0007,134,0.40182408690452576
KITTI,oracle,traj,JB,0007,135,0.2967666983604431
KITTI,oracle,traj,JB,0007,136,0.556531697511673
KITTI,oracle,traj,JB,0007,137,0.6201359033584595
KITTI,oracle,traj,JB,0007,138,0.34792032837867737
KITTI,oracle,traj,JB,0007,139,0.500903457403183
KITTI,oracle,traj,JB,0007,140,0.4917922019958496
KITTI,oracle,traj,JB,0007,141,0.8431432247161865
KITTI,oracle,traj,JB,0007,142,0.7850873470306396
KITTI,oracle,traj,JB,0007,143,1.0229910016059875
KITTI,oracle,traj,JB,0007,144,0.9421457052230835
KITTI,oracle,traj,JB,0007,145,1.4074166119098663
KITTI,oracle,traj,JB,0007,146,0.4411948025226593
KITTI,oracle,traj,JB,0007,147,0.10781264305114746
KITTI,oracle,traj,JB,0007,148,0.8991822600364685
KITTI,oracle,traj,JB,0007,149,0.40065106749534607
KITTI,oracle,traj,JB,0007,150,0.49269402027130127
KITTI,oracle,traj,JB,0007,151,0.9596245884895325
KITTI,oracle,traj,JB,0007,152,0.5379558205604553
KITTI,oracle,traj,JB,0007,153,0.708598405122757
KITTI,oracle,traj,JB,0007,154,0.755848228931427
KITTI,oracle,traj,JB,0007,155,0.6933274865150452
KITTI,oracle,traj,JB,0007,156,0.6594686210155487
KITTI,oracle,traj,JB,0007,157,0.6224795281887054
KITTI,oracle,traj,JB,0007,158,0.7609433531761169
KITTI,oracle,traj,JB,0007,159,1.135012835264206
KITTI,oracle,traj,JB,0007,160,0.2544681131839752
KITTI,oracle,traj,JB,0007,161,0.4577523171901703
KITTI,oracle,traj,JB,0007,162,0.41586706042289734
KITTI,oracle,traj,JB,0007,163,0.36769911646842957
KITTI,oracle,traj,JB,0007,164,0.23113331198692322
KITTI,oracle,traj,JB,0007,165,0.34314751625061035
KITTI,oracle,traj,JB,0007,166,0.7045219540596008
KITTI,oracle,traj,JB,0007,167,0.4531254470348358
KITTI,oracle,traj,JB,0007,168,0.40475907921791077
KITTI,oracle,traj,JB,0007,169,0.5910214483737946
KITTI,oracle,traj,JB,0007,170,0.5008808374404907
KITTI,oracle,traj,JB,0007,171,0.23509013652801514
KITTI,oracle,traj,JB,0007,172,0.7116649448871613
KITTI,oracle,traj,JB,0007,173,0.5694292783737183
KITTI,oracle,traj,JB,0007,174,0.31643614172935486
KITTI,oracle,traj,JB,0007,175,0.5637080371379852
KITTI,oracle,traj,JB,0007,176,0.9117178022861481
KITTI,oracle,traj,JB,0007,177,1.267229050397873
KITTI,oracle,traj,JB,0007,178,0.47961458563804626
KITTI,oracle,traj,JB,0007,179,0.36855548620224
KITTI,oracle,traj,JB,0007,180,0.5905683636665344
KITTI,oracle,traj,JB,0007,181,0.16613352298736572
KITTI,oracle,traj,JB,0007,182,0.6381003856658936
KITTI,oracle,traj,JB,0007,183,0.18952107429504395
KITTI,oracle,traj,JB,0007,184,0.17272931337356567
KITTI,oracle,traj,JB,0007,185,1.067859798669815
KITTI,oracle,traj,JB,0007,186,0.5886794924736023
KITTI,oracle,traj,JB,0007,187,0.5824539363384247
KITTI,oracle,traj,JB,0007,188,0.48078855872154236
KITTI,oracle,traj,JB,0007,189,0.4296704828739166
KITTI,oracle,traj,JB,0007,190,0.0
KITTI,oracle,traj,JB,0007,191,0.13939636945724487
KITTI,oracle,traj,JB,0007,192,0.3712921440601349
KITTI,oracle,traj,JB,0007,193,0.11085560917854309
KITTI,oracle,traj,JB,0007,194,0.563556969165802
KITTI,oracle,traj,JB,0007,195,0.17781084775924683
KITTI,oracle,traj,JB,0007,196,0.0
KITTI,oracle,traj,JB,0007,197,0.1772405207157135
KITTI,oracle,traj,JB,0007,198,0.14903530478477478
KITTI,oracle,traj,JB,0007,199,0.13206613063812256
KITTI,oracle,traj,JB,0007,200,0.0
KITTI,oracle,traj,JB,0007,201,0.0
KITTI,oracle,traj,JB,0007,202,0.18713268637657166
KITTI,oracle,traj,JB,0007,203,0.0
KITTI,oracle,traj,JB,0007,204,0.636298656463623
KITTI,oracle,traj,JB,0007,205,0.0
KITTI,oracle,traj,JB,0007,206,0.0
KITTI,oracle,traj,JB,0007,207,0.5695950984954834
KITTI,oracle,traj,JB,0007,208,0.4269433319568634
KITTI,oracle,traj,JB,0007,209,0.47002723813056946
KITTI,oracle,traj,JB,0007,210,0.2708418071269989
KITTI,oracle,traj,JB,0007,211,0.5342133045196533
KITTI,oracle,traj,JB,0007,212,0.5313570201396942
KITTI,oracle,traj,JB,0007,213,0.2805987000465393
KITTI,oracle,traj,JB,0007,214,0.6244649291038513
KITTI,oracle,traj,JB,0007,215,0.6746169030666351
KITTI,oracle,traj,JB,0007,216,0.6159495711326599
KITTI,oracle,traj,JB,0007,217,0.2186693549156189
KITTI,oracle,traj,JB,0007,218,0.26205316185951233
KITTI,oracle,traj,JB,0007,219,0.46034756302833557
KITTI,oracle,traj,JB,0007,220,0.36715298891067505
KITTI,oracle,traj,JB,0007,221,0.47354790568351746
KITTI,oracle,traj,JB,0007,222,0.9488102495670319
KITTI,oracle,traj,JB,0007,223,0.7430782616138458
KITTI,oracle,traj,JB,0007,224,0.17838266491889954
KITTI,oracle,traj,JB,0007,225,0.272360622882843
KITTI,oracle,traj,JB,0007,226,0.0
KITTI,oracle,traj,JB,0007,227,0.5327633619308472
KITTI,oracle,traj,JB,0007,228,0.501989871263504
KITTI,oracle,traj,JB,0007,229,0.4608640670776367
KITTI,oracle,traj,JB,0007,230,0.1535491943359375
KITTI,oracle,traj,JB,0007,231,0.10521054267883301
KITTI,oracle,traj,JB,0007,232,0.0
KITTI,oracle,traj,JB,0007,233,0.435564786195755
KITTI,oracle,traj,JB,0007,234,0.13117322325706482
KITTI,oracle,traj,JB,0007,235,0.0
KITTI,oracle,traj,JB,0007,236,0.1520322561264038
KITTI,oracle,traj,JB,0007,237,0.15921741724014282
KITTI,oracle,traj,JB,0007,238,0.10856643319129944
KITTI,oracle,traj,JB,0007,239,0.3517729938030243
KITTI,oracle,traj,JB,0007,240,0.34517961740493774
KITTI,oracle,traj,JB,0007,241,0.0
KITTI,oracle,traj,JB,0007,242,0.2030746340751648
KITTI,oracle,traj,JB,0007,243,0.0
KITTI,oracle,traj,JB,0007,244,0.0
KITTI,oracle,traj,JB,0007,245,0.0
KITTI,oracle,traj,JB,0007,246,0.19072401523590088
KITTI,oracle,traj,JB,0007,247,0.0
KITTI,oracle,traj,JB,0007,248,0.0
KITTI,oracle,traj,JB,0007,249,0.0
KITTI,oracle,traj,JB,0007,250,0.0
KITTI,oracle,traj,JB,0007,251,0.0
KITTI,oracle,traj,JB,0007,252,0.0
KITTI,oracle,traj,JB,0007,253,0.0
KITTI,oracle,traj,JB,0007,254,0.0
KITTI,oracle,traj,JB,0007,255,0.0
KITTI,oracle,traj,JB,0007,256,0.14706450700759888
KITTI,oracle,traj,JB,0007,257,0.0
KITTI,oracle,traj,JB,0007,258,0.0
KITTI,oracle,traj,JB,0007,259,0.0
KITTI,oracle,traj,JB,0007,260,0.0
KITTI,oracle,traj,JB,0007,261,0.0
KITTI,oracle,traj,JB,0007,262,0.13614830374717712
KITTI,oracle,traj,JB,0007,263,0.0
KITTI,oracle,traj,JB,0007,264,0.0
KITTI,oracle,traj,JB,0007,265,0.0
KITTI,oracle,traj,JB,0007,266,0.11124122142791748
KITTI,oracle,traj,JB,0007,267,0.3679676949977875
KITTI,oracle,traj,JB,0007,268,0.12896329164505005
KITTI,oracle,traj,JB,0007,269,0.12984344363212585
KITTI,oracle,traj,JB,0007,270,0.0
KITTI,oracle,traj,JB,0007,271,0.45998650789260864
KITTI,oracle,traj,JB,0007,272,0.1520322561264038
KITTI,oracle,traj,JB,0007,273,0.3066331446170807
KITTI,oracle,traj,JB,0007,274,0.6915858387947083
KITTI,oracle,traj,JB,0007,275,0.5536105632781982
KITTI,oracle,traj,JB,0007,276,0.167763352394104
KITTI,oracle,traj,JB,0007,277,0.3065648674964905
KITTI,oracle,traj,JB,0007,278,0.23169809579849243
KITTI,oracle,traj,JB,0007,279,0.4169839024543762
KITTI,oracle,traj,JB,0007,280,0.10631886124610901
KITTI,oracle,traj,JB,0007,281,0.2808130383491516
KITTI,oracle,traj,JB,0007,282,0.0
KITTI,oracle,traj,JB,0007,283,0.11476477980613708
KITTI,oracle,traj,JB,0007,284,0.0
KITTI,oracle,traj,JB,0007,285,0.0
KITTI,oracle,traj,JB,0007,286,0.0
KITTI,oracle,traj,JB,0007,287,0.0
KITTI,oracle,traj,JB,0007,288,0.18068420886993408
KITTI,oracle,traj,JB,0007,289,0.0
KITTI,oracle,traj,JB,0007,290,0.0
KITTI,oracle,traj,JB,0007,291,0.140336275100708
KITTI,oracle,traj,JB,0007,292,0.4186416268348694
KITTI,oracle,traj,JB,0007,293,0.0
KITTI,oracle,traj,JB,0007,294,0.41919127106666565
KITTI,oracle,traj,JB,0007,295,0.0
KITTI,oracle,traj,JB,0007,296,0.12852513790130615
KITTI,oracle,traj,JB,0007,297,0.0
KITTI,oracle,traj,JB,0007,298,0.44621342420578003
KITTI,oracle,traj,JB,0007,299,0.10123348236083984
KITTI,oracle,traj,JB,0007,300,0.10631886124610901
KITTI,oracle,traj,JB,0007,301,0.0
KITTI,oracle,traj,JB,0007,302,0.16940587759017944
KITTI,oracle,traj,JB,0007,303,0.0
KITTI,oracle,traj,JB,0007,304,0.13117322325706482
KITTI,oracle,traj,JB,0007,305,0.0
KITTI,oracle,traj,JB,0007,306,0.0
KITTI,oracle,traj,JB,0007,307,0.0
KITTI,oracle,traj,JB,0007,308,0.33120453357696533
KITTI,oracle,traj,JB,0007,309,0.0
KITTI,oracle,traj,JB,0007,310,0.7655604183673859
KITTI,oracle,traj,JB,0007,311,0.3892178535461426
KITTI,oracle,traj,JB,0007,312,0.40117859840393066
KITTI,oracle,traj,JB,0007,313,0.14223188161849976
KITTI,oracle,traj,JB,0007,314,0.1755380630493164
KITTI,oracle,traj,JB,0007,315,0.44848501682281494
KITTI,oracle,traj,JB,0007,316,0.42509523034095764
KITTI,oracle,traj,JB,0007,317,0.29502159357070923
KITTI,oracle,traj,JB,0007,318,0.0
KITTI,oracle,traj,JB,0007,319,0.927329808473587
KITTI,oracle,traj,JB,0007,320,0.0
KITTI,oracle,traj,JB,0007,321,0.1175721287727356
KITTI,oracle,traj,JB,0007,322,0.0
KITTI,oracle,traj,JB,0007,323,0.0
KITTI,oracle,traj,JB,0007,324,0.0
KITTI,oracle,traj,JB,0007,325,0.0
KITTI,oracle,traj,JB,0007,326,0.0
KITTI,oracle,traj,JB,0007,327,0.0
KITTI,oracle,traj,JB,0007,328,0.0
KITTI,oracle,traj,JB,0007,329,0.0
KITTI,oracle,traj,JB,0007,330,0.0
KITTI,oracle,traj,JB,0007,331,0.0
KITTI,oracle,traj,JB,0007,332,0.0
KITTI,oracle,traj,JB,0007,333,0.0
KITTI,oracle,traj,JB,0007,334,0.0
KITTI,oracle,traj,JB,0007,335,0.0
KITTI,oracle,traj,JB,0007,336,0.0
KITTI,oracle,traj,JB,0007,337,0.30281180143356323
KITTI,oracle,traj,JB,0007,338,0.0
KITTI,oracle,traj,JB,0007,339,0.0
KITTI,oracle,traj,JB,0007,340,0.32761311531066895
KITTI,oracle,traj,JB,0007,341,0.2950248122215271
KITTI,oracle,traj,JB,0007,342,0.16940587759017944
KITTI,oracle,traj,JB,0007,343,0.24508503079414368
KITTI,oracle,traj,JB,0007,344,0.0
KITTI,oracle,traj,JB,0007,345,0.2024431824684143
KITTI,oracle,traj,JB,0007,346,0.4131566882133484
KITTI,oracle,traj,JB,0007,347,0.40088123083114624
KITTI,oracle,traj,JB,0007,348,0.5368303954601288
KITTI,oracle,traj,JB,0007,349,0.17441028356552124
KITTI,oracle,traj,JB,0007,350,0.2633298337459564
KITTI,oracle,traj,JB,0007,351,0.0
KITTI,oracle,traj,JB,0007,352,0.13028541207313538
KITTI,oracle,traj,JB,0007,353,0.17895588278770447
KITTI,oracle,traj,JB,0007,354,0.0
KITTI,oracle,traj,JB,0007,355,0.19072401523590088
KITTI,oracle,traj,JB,0007,356,0.6081883311271667
KITTI,oracle,traj,JB,0007,357,0.5851934254169464
KITTI,oracle,traj,JB,0007,358,0.6168500483036041
KITTI,oracle,traj,JB,0007,359,0.5276391208171844
KITTI,oracle,traj,JB,0007,360,0.7572563588619232
KITTI,oracle,traj,JB,0007,361,0.32450467348098755
KITTI,oracle,traj,JB,0007,362,0.47169438004493713
KITTI,oracle,traj,JB,0007,363,0.43334901332855225
KITTI,oracle,traj,JB,0007,364,0.3671600818634033
KITTI,oracle,traj,JB,0007,365,0.30018293857574463
KITTI,oracle,traj,JB,0007,366,0.17895588278770447
KITTI,oracle,traj,JB,0007,367,0.0
KITTI,oracle,traj,JB,0007,368,0.34333717823028564
KITTI,oracle,traj,JB,0007,369,0.6455336511135101
KITTI,oracle,traj,JB,0007,370,0.0
KITTI,oracle,traj,JB,0007,371,0.31794872879981995
KITTI,oracle,traj,JB,0007,372,0.30614668130874634
KITTI,oracle,traj,JB,0007,373,0.0
KITTI,oracle,traj,JB,0007,374,0.2018132209777832
KITTI,oracle,traj,JB,0007,375,0.24744242429733276
KITTI,oracle,traj,JB,0007,376,0.2187436819076538
KITTI,oracle,traj,JB,0007,377,0.2276386022567749
KITTI,oracle,traj,JB,0007,378,0.14511537551879883
KITTI,oracle,traj,JB,0007,379,0.6192680895328522
KITTI,oracle,traj,JB,0007,380,0.0
KITTI,oracle,traj,JB,0007,381,0.3353164792060852
KITTI,oracle,traj,JB,0007,382,0.43866539001464844
KITTI,oracle,traj,JB,0007,383,0.3098328709602356
KITTI,oracle,traj,JB,0007,384,0.2822229266166687
KITTI,oracle,traj,JB,0007,385,0.13028541207313538
KITTI,oracle,traj,JB,0007,386,0.6386180222034454
KITTI,oracle,traj,JB,0007,387,0.2973678708076477
KITTI,oracle,traj,JB,0007,388,0.664656788110733
KITTI,oracle,traj,JB,0007,389,0.5754330456256866
KITTI,oracle,traj,JB,0007,390,0.49875932931900024
KITTI,oracle,traj,JB,0007,391,0.5963601171970367
KITTI,oracle,traj,JB,0007,392,0.6430557668209076
KITTI,oracle,traj,JB,0007,393,0.6027443408966064
KITTI,oracle,traj,JB,0007,394,0.88131383061409
KITTI,oracle,traj,JB,0007,395,0.49751871824264526
KITTI,oracle,traj,JB,0007,396,0.7561239898204803
KITTI,oracle,traj,JB,0007,397,0.5736400485038757
KITTI,oracle,traj,JB,0007,398,0.3117978870868683
KITTI,oracle,traj,JB,0007,399,0.2988928556442261
KITTI,oracle,traj,JB,0007,400,0.47452911734580994
KITTI,oracle,traj,JB,0007,401,0.2527519762516022
KITTI,oracle,traj,JB,0007,402,0.2708403468132019
KITTI,oracle,traj,JB,0007,403,0.9646777510643005
KITTI,oracle,traj,JB,0007,404,0.35238906741142273
KITTI,oracle,traj,JB,0007,405,0.7108059227466583
KITTI,oracle,traj,JB,0007,406,0.11556088924407959
KITTI,oracle,traj,JB,0007,407,0.4441181421279907
KITTI,oracle,traj,JB,0007,408,0.6391246318817139
KITTI,oracle,traj,JB,0007,409,0.29880860447883606
KITTI,oracle,traj,JB,0007,410,0.4840790927410126
KITTI,oracle,traj,JB,0007,411,0.614868700504303
KITTI,oracle,traj,JB,0007,412,0.9592297375202179
KITTI,oracle,traj,JB,0007,413,0.5943405330181122
KITTI,oracle,traj,JB,0007,414,0.0
KITTI,oracle,traj,JB,0007,415,1.0696208477020264
KITTI,oracle,traj,JB,0007,416,0.44425949454307556
KITTI,oracle,traj,JB,0007,417,0.0
KITTI,oracle,traj,JB,0007,418,0.0
KITTI,oracle,traj,JB,0007,419,0.15765491127967834
KITTI,oracle,traj,JB,0007,420,0.10781264305114746
KITTI,oracle,traj,JB,0007,421,0.10194653272628784
KITTI,oracle,traj,JB,0007,422,0.4677865207195282
KITTI,oracle,traj,JB,0007,423,0.0
KITTI,oracle,traj,JB,0007,424,0.16398024559020996
KITTI,oracle,traj,JB,0007,425,0.5521349906921387
KITTI,oracle,traj,JB,0007,426,0.5920712649822235
KITTI,oracle,traj,JB,0007,427,0.2999768555164337
KITTI,oracle,traj,JB,0007,428,0.39554208517074585
KITTI,oracle,traj,JB,0007,429,0.46139398217201233
KITTI,oracle,traj,JB,0007,430,0.17667162418365479
KITTI,oracle,traj,JB,0007,431,0.2755928933620453
KITTI,oracle,traj,JB,0007,432,0.7066171765327454
KITTI,oracle,traj,JB,0007,433,0.6169301867485046
KITTI,oracle,traj,JB,0007,434,0.289821982383728
KITTI,oracle,traj,JB,0007,435,0.3130323886871338
KITTI,oracle,traj,JB,0007,436,0.35460060834884644
KITTI,oracle,traj,JB,0007,437,0.16079244017601013
KITTI,oracle,traj,JB,0007,438,0.43696537613868713
KITTI,oracle,traj,JB,0007,439,0.5315689742565155
KITTI,oracle,traj,JB,0007,440,0.5828458666801453
KITTI,oracle,traj,JB,0007,441,0.1465752124786377
KITTI,oracle,traj,JB,0007,442,0.6226131319999695
KITTI,oracle,traj,JB,0007,443,1.0191282033920288
KITTI,oracle,traj,JB,0007,444,0.8179009258747101
KITTI,oracle,traj,JB,0007,445,0.7412250339984894
KITTI,oracle,traj,JB,0007,446,0.5820861160755157
KITTI,oracle,traj,JB,0007,447,0.7282044887542725
KITTI,oracle,traj,JB,0007,448,1.2167609333992004
KITTI,oracle,traj,JB,0007,449,1.0669558644294739
KITTI,oracle,traj,JB,0007,450,0.6153137981891632
KITTI,oracle,traj,JB,0007,451,0.29023605585098267
KITTI,oracle,traj,JB,0007,452,0.5842474699020386
KITTI,oracle,traj,JB,0007,453,0.7005219161510468
KITTI,oracle,traj,JB,0007,454,0.5896806418895721
KITTI,oracle,traj,JB,0007,455,0.3203711211681366
KITTI,oracle,traj,JB,0007,456,0.11961367726325989
KITTI,oracle,traj,JB,0007,457,0.30802685022354126
KITTI,oracle,traj,JB,0007,458,0.638922929763794
KITTI,oracle,traj,JB,0007,459,0.6126730740070343
KITTI,oracle,traj,JB,0007,460,0.49990159273147583
KITTI,oracle,traj,JB,0007,461,0.5710892975330353
KITTI,oracle,traj,JB,0007,462,0.4957185685634613
KITTI,oracle,traj,JB,0007,463,0.4265705645084381
KITTI,oracle,traj,JB,0007,464,0.5626411736011505
KITTI,oracle,traj,JB,0007,465,0.7078443765640259
KITTI,oracle,traj,JB,0007,466,0.3935154676437378
KITTI,oracle,traj,JB,0007,467,0.47654393315315247
KITTI,oracle,traj,JB,0007,468,0.47765982151031494
KITTI,oracle,traj,JB,0007,469,0.4266113340854645
KITTI,oracle,traj,JB,0007,470,0.5637504756450653
KITTI,oracle,traj,JB,0007,471,0.7643076479434967
KITTI,oracle,traj,JB,0007,472,0.356300413608551
KITTI,oracle,traj,JB,0007,473,0.4062535762786865
KITTI,oracle,traj,JB,0007,474,0.0
KITTI,oracle,traj,JB,0007,475,0.302900493144989
KITTI,oracle,traj,JB,0007,476,0.697467029094696
KITTI,oracle,traj,JB,0007,477,0.2713729441165924
KITTI,oracle,traj,JB,0007,478,0.2566136121749878
KITTI,oracle,traj,JB,0007,479,0.34771469235420227
KITTI,oracle,traj,JB,0007,480,0.9363965094089508
KITTI,oracle,traj,JB,0007,481,0.6515859067440033
KITTI,oracle,traj,JB,0007,482,0.34589332342147827
KITTI,oracle,traj,JB,0007,483,0.12635332345962524
KITTI,oracle,traj,JB,0007,484,0.46469101309776306
KITTI,oracle,traj,JB,0007,485,0.27175700664520264
KITTI,oracle,traj,JB,0007,486,0.0
KITTI,oracle,traj,JB,0007,487,0.8553324639797211
KITTI,oracle,traj,JB,0007,488,0.10894504189491272
KITTI,oracle,traj,JB,0007,489,0.4528319239616394
KITTI,oracle,traj,JB,0007,490,0.6385390758514404
KITTI,oracle,traj,JB,0007,491,0.7410648167133331
KITTI,oracle,traj,JB,0007,492,0.23146826028823853
KITTI,oracle,traj,JB,0007,493,0.0
KITTI,oracle,traj,JB,0007,494,0.239349365234375
KITTI,oracle,traj,JB,0007,495,0.41751399636268616
KITTI,oracle,traj,JB,0007,496,0.3281678557395935
KITTI,oracle,traj,JB,0007,497,0.0
KITTI,oracle,traj,JB,0007,498,0.2206781804561615
KITTI,oracle,traj,JB,0007,499,0.22815650701522827
KITTI,oracle,traj,JB,0007,500,0.14608722925186157
KITTI,oracle,traj,JB,0007,501,0.0
KITTI,oracle,traj,JB,0007,502,0.15456733107566833
KITTI,oracle,traj,JB,0007,503,0.13341522216796875
KITTI,oracle,traj,JB,0007,504,0.0
KITTI,oracle,traj,JB,0007,505,0.19868534803390503
KITTI,oracle,traj,JB,0007,506,0.0
KITTI,oracle,traj,JB,0007,507,0.0
KITTI,oracle,traj,JB,0007,508,0.0
KITTI,oracle,traj,JB,0007,509,0.140336275100708
KITTI,oracle,traj,JB,0007,510,0.0
KITTI,oracle,traj,JB,0007,511,0.16885694861412048
KITTI,oracle,traj,JB,0007,512,0.2519265115261078
KITTI,oracle,traj,JB,0007,513,0.0
KITTI,oracle,traj,JB,0007,514,0.5445133745670319
KITTI,oracle,traj,JB,0007,515,0.0
KITTI,oracle,traj,JB,0007,516,0.29733580350875854
KITTI,oracle,traj,JB,0007,517,0.3268906772136688
KITTI,oracle,traj,JB,0007,518,0.30688583850860596
KITTI,oracle,traj,JB,0007,519,0.12852513790130615
KITTI,oracle,traj,JB,0007,520,0.19132766127586365
KITTI,oracle,traj,JB,0007,521,0.0
KITTI,oracle,traj,JB,0007,522,0.0
KITTI,oracle,traj,JB,0007,523,0.21099600195884705
KITTI,oracle,traj,JB,0007,524,0.15765491127967834
KITTI,oracle,traj,JB,0007,525,0.15974104404449463
KITTI,oracle,traj,JB,0007,526,0.2011847198009491
KITTI,oracle,traj,JB,0007,527,0.4169447422027588
KITTI,oracle,traj,JB,0007,528,0.7906602621078491
KITTI,oracle,traj,JB,0007,529,0.12896329164505005
KITTI,oracle,traj,JB,0007,530,0.6135262250900269
KITTI,oracle,traj,JB,0007,531,0.0
KITTI,oracle,traj,JB,0007,532,0.0
KITTI,oracle,traj,JB,0007,533,0.0
KITTI,oracle,traj,JB,0007,534,0.43036478757858276
KITTI,oracle,traj,JB,0007,535,0.21732819080352783
KITTI,oracle,traj,JB,0007,536,0.0
KITTI,oracle,traj,JB,0007,537,0.0
KITTI,oracle,traj,JB,0007,538,0.3382262885570526
KITTI,oracle,traj,JB,0007,539,0.0
KITTI,oracle,traj,JB,0007,540,0.0
KITTI,oracle,traj,JB,0007,541,0.1250653862953186
KITTI,oracle,traj,JB,0007,542,0.0
KITTI,oracle,traj,JB,0007,543,0.0
KITTI,oracle,traj,JB,0007,544,0.0
KITTI,oracle,traj,JB,0007,545,0.0
KITTI,oracle,traj,JB,0007,546,0.10158944129943848
KITTI,oracle,traj,JB,0007,547,0.0
KITTI,oracle,traj,JB,0007,548,0.0
KITTI,oracle,traj,JB,0007,549,0.0
KITTI,oracle,traj,JB,0007,550,0.0
KITTI,oracle,traj,JB,0007,551,0.0
KITTI,oracle,traj,JB,0007,552,0.0
KITTI,oracle,traj,JB,0007,553,0.0
KITTI,oracle,traj,JB,0007,554,0.0
KITTI,oracle,traj,JB,0007,555,0.11008787155151367
KITTI,oracle,traj,JB,0007,556,0.0
KITTI,oracle,traj,JB,0007,557,0.0
KITTI,oracle,traj,JB,0007,558,0.0
KITTI,oracle,traj,JB,0007,559,0.0
KITTI,oracle,traj,JB,0007,560,0.0
KITTI,oracle,traj,JB,0007,561,0.0
KITTI,oracle,traj,JB,0007,562,0.0
KITTI,oracle,traj,JB,0007,563,0.0
KITTI,oracle,traj,JB,0007,564,0.0
KITTI,oracle,traj,JB,0007,565,0.0
KITTI,oracle,traj,JB,0007,566,0.0
KITTI,oracle,traj,JB,0007,567,0.0
KITTI,oracle,traj,JB,0007,568,0.0
KITTI,oracle,traj,JB,0007,569,0.0
KITTI,oracle,traj,JB,0007,570,0.0
KITTI,oracle,traj,JB,0007,571,0.0
KITTI,oracle,traj,JB,0007,572,0.0
KITTI,oracle,traj,JB,0007,573,0.0
KITTI,oracle,traj,JB,0007,574,0.0
KITTI,oracle,traj,JB,0007,575,0.0
KITTI,oracle,traj,JB,0007,576,0.0
KITTI,oracle,traj,JB,0007,577,0.0
KITTI,oracle,traj,JB,0007,578,0.0
KITTI,oracle,traj,JB,0007,579,0.0
KITTI,oracle,traj,JB,0007,580,0.0
KITTI,oracle,traj,JB,0007,581,0.0
KITTI,oracle,traj,JB,0007,582,0.0
KITTI,oracle,traj,JB,0007,583,0.0
KITTI,oracle,traj,JB,0007,584,0.0
KITTI,oracle,traj,JB,0007,585,0.0
KITTI,oracle,traj,JB,0007,586,0.0
KITTI,oracle,traj,JB,0007,587,0.0
KITTI,oracle,traj,JB,0007,588,0.0
KITTI,oracle,traj,JB,0007,589,0.0
KITTI,oracle,traj,JB,0007,590,0.0
KITTI,oracle,traj,JB,0007,591,0.0
KITTI,oracle,traj,JB,0007,592,0.0
KITTI,oracle,traj,JB,0007,593,0.0
KITTI,oracle,traj,JB,0007,594,0.0
KITTI,oracle,traj,JB,0007,595,0.0
KITTI,oracle,traj,JB,0007,596,0.0
KITTI,oracle,traj,JB,0007,597,0.0
KITTI,oracle,traj,JB,0007,598,0.0
KITTI,oracle,traj,JB,0007,599,0.0
KITTI,oracle,traj,JB,0007,600,0.0
KITTI,oracle,traj,JB,0007,601,0.0
KITTI,oracle,traj,JB,0007,602,0.0
KITTI,oracle,traj,JB,0007,603,0.0
KITTI,oracle,traj,JB,0007,604,0.0
KITTI,oracle,traj,JB,0007,605,0.0
KITTI,oracle,traj,JB,0007,606,0.19375687837600708
KITTI,oracle,traj,JB,0007,607,0.0
KITTI,oracle,traj,JB,0007,608,0.24006125330924988
KITTI,oracle,traj,JB,0007,609,0.2120688259601593
KITTI,oracle,traj,JB,0007,610,0.15662014484405518
KITTI,oracle,traj,JB,0007,611,0.0
KITTI,oracle,traj,JB,0007,612,0.0
KITTI,oracle,traj,JB,0007,613,0.13296425342559814
KITTI,oracle,traj,JB,0007,614,0.0
KITTI,oracle,traj,JB,0007,615,0.0
KITTI,oracle,traj,JB,0007,616,0.0
KITTI,oracle,traj,JB,0007,617,0.0
KITTI,oracle,traj,JB,0007,618,0.17272931337356567
KITTI,oracle,traj,JB,0007,619,0.0
KITTI,oracle,traj,JB,0007,620,0.34205207228660583
KITTI,oracle,traj,JB,0007,621,0.41067811846733093
KITTI,oracle,traj,JB,0007,622,0.0
KITTI,oracle,traj,JB,0007,623,0.17441028356552124
KITTI,oracle,traj,JB,0007,624,0.0
KITTI,oracle,traj,JB,0007,625,0.0
KITTI,oracle,traj,JB,0007,626,0.0
KITTI,oracle,traj,JB,0007,627,0.0
KITTI,oracle,traj,JB,0007,628,0.16940587759017944
KITTI,oracle,traj,JB,0007,629,0.258368581533432
KITTI,oracle,traj,JB,0007,630,0.0
KITTI,oracle,traj,JB,0007,631,0.30356431007385254
KITTI,oracle,traj,JB,0007,632,0.10706344246864319
KITTI,oracle,traj,JB,0007,633,0.2422056496143341
KITTI,oracle,traj,JB,0007,634,0.188323974609375
KITTI,oracle,traj,JB,0007,635,0.2107662856578827
KITTI,oracle,traj,JB,0007,636,0.0
KITTI,oracle,traj,JB,0007,637,0.0
KITTI,oracle,traj,JB,0007,638,0.0
KITTI,oracle,traj,JB,0007,639,0.12852513790130615
KITTI,oracle,traj,JB,0007,640,0.16885694861412048
KITTI,oracle,traj,JB,0007,641,0.0
KITTI,oracle,traj,JB,0007,642,0.0
KITTI,oracle,traj,JB,0007,643,0.0
KITTI,oracle,traj,JB,0007,644,0.15869519114494324
KITTI,oracle,traj,JB,0007,645,0.0
KITTI,oracle,traj,JB,0007,646,0.0
KITTI,oracle,traj,JB,0007,647,0.0
KITTI,oracle,traj,JB,0007,648,0.19744443893432617
KITTI,oracle,traj,JB,0007,649,0.11879339814186096
KITTI,oracle,traj,JB,0007,650,0.0
KITTI,oracle,traj,JB,0007,651,0.1755380630493164
KITTI,oracle,traj,JB,0007,652,0.0
KITTI,oracle,traj,JB,0007,653,0.0
KITTI,oracle,traj,JB,0007,654,0.0
KITTI,oracle,traj,JB,0007,655,0.239349365234375
KITTI,oracle,traj,JB,0007,656,0.11162799596786499
KITTI,oracle,traj,JB,0007,657,0.23348912596702576
KITTI,oracle,traj,JB,0007,658,0.11436852812767029
KITTI,oracle,traj,JB,0007,659,0.10158944129943848
KITTI,oracle,traj,JB,0007,660,0.0
KITTI,oracle,traj,JB,0007,661,0.0
KITTI,oracle,traj,JB,0007,662,0.0
KITTI,oracle,traj,JB,0007,663,0.0
KITTI,oracle,traj,JB,0007,664,0.0
KITTI,oracle,traj,JB,0007,665,0.0
KITTI,oracle,traj,JB,0007,666,0.0
KITTI,oracle,traj,JB,0007,667,0.10194653272628784
KITTI,oracle,traj,JB,0007,668,0.1520322561264038
KITTI,oracle,traj,JB,0007,669,0.2989194989204407
KITTI,oracle,traj,JB,0007,670,0.10631886124610901
KITTI,oracle,traj,JB,0007,671,0.5277729332447052
KITTI,oracle,traj,JB,0007,672,0.1041124165058136
KITTI,oracle,traj,JB,0007,673,0.11879339814186096
KITTI,oracle,traj,JB,0007,674,0.16613352298736572
KITTI,oracle,traj,JB,0007,675,0.16398024559020996
KITTI,oracle,traj,JB,0007,676,0.35479438304901123
KITTI,oracle,traj,JB,0007,677,0.4107206463813782
KITTI,oracle,traj,JB,0007,678,0.5439161658287048
KITTI,oracle,traj,JB,0007,679,0.3410852253437042
KITTI,oracle,traj,JB,0007,680,0.6980025172233582
KITTI,oracle,traj,JB,0007,681,0.3564504384994507
KITTI,oracle,traj,JB,0007,682,0.3586139678955078
KITTI,oracle,traj,JB,0007,683,0.14318770170211792
KITTI,oracle,traj,JB,0007,684,0.0
KITTI,oracle,traj,JB,0007,685,0.0
KITTI,oracle,traj,JB,0007,686,0.3680315315723419
KITTI,oracle,traj,JB,0007,687,0.0
KITTI,oracle,traj,JB,0007,688,0.1436675786972046
KITTI,oracle,traj,JB,0007,689,0.11436852812767029
KITTI,oracle,traj,JB,0007,690,0.0
KITTI,oracle,traj,JB,0007,691,0.27998578548431396
KITTI,oracle,traj,JB,0007,692,0.0
KITTI,oracle,traj,JB,0007,693,0.0
KITTI,oracle,traj,JB,0007,694,0.0
KITTI,oracle,traj,JB,0007,695,0.12336564064025879
KITTI,oracle,traj,JB,0007,696,0.2579556405544281
KITTI,oracle,traj,JB,0007,697,0.0
KITTI,oracle,traj,JB,0007,698,0.6694386005401611
KITTI,oracle,traj,JB,0007,699,0.23231011629104614
KITTI,oracle,traj,JB,0007,700,0.47576597332954407
KITTI,oracle,traj,JB,0007,701,0.5333983302116394
KITTI,oracle,traj,JB,0007,702,0.4650963842868805
KITTI,oracle,traj,JB,0007,703,0.19072401523590088
KITTI,oracle,traj,JB,0007,704,0.14511537551879883
KITTI,oracle,traj,JB,0007,705,0.0
KITTI,oracle,traj,JB,0007,706,0.18068420886993408
KITTI,oracle,traj,JB,0007,707,0.12852513790130615
KITTI,oracle,traj,JB,0007,708,0.0
KITTI,oracle,traj,JB,0007,709,0.0
KITTI,oracle,traj,JB,0007,710,0.2852747440338135
KITTI,oracle,traj,JB,0007,711,0.0
KITTI,oracle,traj,JB,0007,712,0.28433093428611755
KITTI,oracle,traj,JB,0007,713,0.3674977123737335
KITTI,oracle,traj,JB,0007,714,0.13206613063812256
KITTI,oracle,traj,JB,0007,715,1.052555412054062
KITTI,oracle,traj,JB,0007,716,0.0
KITTI,oracle,traj,JB,0007,717,0.2568720281124115
KITTI,oracle,traj,JB,0007,718,0.11797800660133362
KITTI,oracle,traj,JB,0007,719,0.12896329164505005
KITTI,oracle,traj,JB,0007,720,0.18594717979431152
KITTI,oracle,traj,JB,0007,721,0.12336564064025879
KITTI,oracle,traj,JB,0007,722,0.15052762627601624
KITTI,oracle,traj,JB,0007,723,0.283389687538147
KITTI,oracle,traj,JB,0007,724,0.1175721287727356
KITTI,oracle,traj,JB,0007,725,0.3949805498123169
KITTI,oracle,traj,JB,0007,726,0.31194061040878296
KITTI,oracle,traj,JB,0007,727,0.4817712903022766
KITTI,oracle,traj,JB,0007,728,0.6079532504081726
KITTI,oracle,traj,JB,0007,729,0.12808823585510254
KITTI,oracle,traj,JB,0007,730,0.3540225923061371
KITTI,oracle,traj,JB,0007,731,0.23731231689453125
KITTI,oracle,traj,JB,0007,732,0.4288634955883026
KITTI,oracle,traj,JB,0007,733,0.5865956544876099
KITTI,oracle,traj,JB,0007,734,0.0
KITTI,oracle,traj,JB,0007,735,0.6544345319271088
KITTI,oracle,traj,JB,0007,736,0.33934569358825684
KITTI,oracle,traj,JB,0007,737,0.5127623677253723
KITTI,oracle,traj,JB,0007,738,0.35122567415237427
KITTI,oracle,traj,JB,0007,739,0.33136019110679626
KITTI,oracle,traj,JB,0007,740,0.4275428354740143
KITTI,oracle,traj,JB,0007,741,0.568480372428894
KITTI,oracle,traj,JB,0007,742,0.10521054267883301
KITTI,oracle,traj,JB,0007,743,0.12549346685409546
KITTI,oracle,traj,JB,0007,744,0.0
KITTI,oracle,traj,JB,0007,745,0.4430176913738251
KITTI,oracle,traj,JB,0007,746,0.19559407234191895
KITTI,oracle,traj,JB,0007,747,0.0
KITTI,oracle,traj,JB,0007,748,0.7617657482624054
KITTI,oracle,traj,JB,0007,749,0.5094250440597534
KITTI,oracle,traj,JB,0007,750,0.40118104219436646
KITTI,oracle,traj,JB,0007,751,0.5092749893665314
KITTI,oracle,traj,JB,0007,752,0.2687990963459015
KITTI,oracle,traj,JB,0007,753,0.2515418529510498
KITTI,oracle,traj,JB,0007,754,0.7340916693210602
KITTI,oracle,traj,JB,0007,755,0.7251948118209839
KITTI,oracle,traj,JB,0007,756,0.1250653862953186
KITTI,oracle,traj,JB,0007,757,0.17667162418365479
KITTI,oracle,traj,JB,0007,758,0.6873733997344971
KITTI,oracle,traj,JB,0007,759,0.37956398725509644
KITTI,oracle,traj,JB,0007,760,0.29775503277778625
KITTI,oracle,traj,JB,0007,761,0.25853490829467773
KITTI,oracle,traj,JB,0007,762,0.24812647700309753
KITTI,oracle,traj,JB,0007,763,0.22135066986083984
KITTI,oracle,traj,JB,0007,764,0.32444795966148376
KITTI,oracle,traj,JB,0007,765,0.5153181254863739
KITTI,oracle,traj,JB,0007,766,0.5052533745765686
KITTI,oracle,traj,JB,0007,767,0.1250653862953186
KITTI,oracle,traj,JB,0007,768,0.0
KITTI,oracle,traj,JB,0007,769,0.2146914005279541
KITTI,oracle,traj,JB,0007,770,0.10669058561325073
KITTI,oracle,traj,JB,0007,771,0.0
KITTI,oracle,traj,JB,0007,772,0.11716747283935547
KITTI,oracle,traj,JB,0007,773,0.1761041283607483
KITTI,oracle,traj,JB,0007,774,0.113973468542099
KITTI,oracle,traj,JB,0007,775,0.11516222357749939
KITTI,oracle,traj,JB,0007,776,0.15304216742515564
KITTI,oracle,traj,JB,0007,777,0.0
KITTI,oracle,traj,JB,0007,778,0.18359363079071045
KITTI,oracle,traj,JB,0007,779,0.15765491127967834
KITTI,oracle,traj,JB,0007,780,0.0
KITTI,oracle,traj,JB,0007,781,0.1427091360092163
KITTI,oracle,traj,JB,0007,782,0.22135066986083984
KITTI,oracle,traj,JB,0007,783,0.1259227693080902
KITTI,oracle,traj,JB,0007,784,0.22000709176063538
KITTI,oracle,traj,JB,0007,785,0.0
KITTI,oracle,traj,JB,0007,786,0.23509055376052856
KITTI,oracle,traj,JB,0007,787,0.23370635509490967
KITTI,oracle,traj,JB,0007,788,0.10818895697593689
KITTI,oracle,traj,JB,0007,789,0.1475551724433899
KITTI,oracle,traj,JB,0007,790,0.0
KITTI,oracle,traj,JB,0007,791,0.17781084775924683
KITTI,oracle,traj,JB,0007,792,0.3299105763435364
KITTI,oracle,traj,JB,0007,793,0.14560061693191528
KITTI,oracle,traj,JB,0007,794,0.1525365114212036
KITTI,oracle,traj,JB,0007,795,0.0
KITTI,oracle,traj,JB,0007,796,0.0
KITTI,oracle,traj,JB,0007,797,0.3882855772972107
KITTI,oracle,traj,JB,0007,798,0.14080816507339478
KITTI,oracle,traj,JB,0007,799,0.10894504189491272
KITTI,oracle,traj,JB,0008,0,0.7799929082393646
KITTI,oracle,traj,JB,0008,1,0.44920507073402405
KITTI,oracle,traj,JB,0008,2,0.0
KITTI,oracle,traj,JB,0008,3,0.19993209838867188
KITTI,oracle,traj,JB,0008,4,0.1666753888130188
KITTI,oracle,traj,JB,0008,5,0.9519092738628387
KITTI,oracle,traj,JB,0008,6,0.2133771777153015
KITTI,oracle,traj,JB,0008,7,0.35048970580101013
KITTI,oracle,traj,JB,0008,8,0.22953522205352783
KITTI,oracle,traj,JB,0008,9,0.2662590444087982
KITTI,oracle,traj,JB,0008,10,0.0
KITTI,oracle,traj,JB,0008,11,0.2973678708076477
KITTI,oracle,traj,JB,0008,12,0.653839647769928
KITTI,oracle,traj,JB,0008,13,0.4641745984554291
KITTI,oracle,traj,JB,0008,14,0.23091977834701538
KITTI,oracle,traj,JB,0008,15,0.4025667905807495
KITTI,oracle,traj,JB,0008,16,0.12765264511108398
KITTI,oracle,traj,JB,0008,17,0.0
KITTI,oracle,traj,JB,0008,18,0.0
KITTI,oracle,traj,JB,0008,19,0.14223188161849976
KITTI,oracle,traj,JB,0008,20,0.0
KITTI,oracle,traj,JB,0008,21,0.0
KITTI,oracle,traj,JB,0008,22,0.0
KITTI,oracle,traj,JB,0008,23,0.1520322561264038
KITTI,oracle,traj,JB,0008,24,0.12896329164505005
KITTI,oracle,traj,JB,0008,25,0.24364244937896729
KITTI,oracle,traj,JB,0008,26,0.0
KITTI,oracle,traj,JB,0008,27,0.0
KITTI,oracle,traj,JB,0008,28,0.0
KITTI,oracle,traj,JB,0008,29,0.0
KITTI,oracle,traj,JB,0008,30,0.0
KITTI,oracle,traj,JB,0008,31,0.16238003969192505
KITTI,oracle,traj,JB,0008,32,0.0
KITTI,oracle,traj,JB,0008,33,0.0
KITTI,oracle,traj,JB,0008,34,0.0
KITTI,oracle,traj,JB,0008,35,0.0
KITTI,oracle,traj,JB,0008,36,0.11838510632514954
KITTI,oracle,traj,JB,0008,37,0.10158944129943848
KITTI,oracle,traj,JB,0008,38,0.19559407234191895
KITTI,oracle,traj,JB,0008,39,0.0
KITTI,oracle,traj,JB,0008,40,0.0
KITTI,oracle,traj,JB,0008,41,0.1772405207157135
KITTI,oracle,traj,JB,0008,42,0.0
KITTI,oracle,traj,JB,0008,43,0.3180631697177887
KITTI,oracle,traj,JB,0008,44,0.2240554392337799
KITTI,oracle,traj,JB,0008,45,0.0
KITTI,oracle,traj,JB,0008,46,0.0
KITTI,oracle,traj,JB,0008,47,0.2233770489692688
KITTI,oracle,traj,JB,0008,48,0.0
KITTI,oracle,traj,JB,0008,49,0.16995620727539062
KITTI,oracle,traj,JB,0008,50,0.0
KITTI,oracle,traj,JB,0008,51,0.0
KITTI,oracle,traj,JB,0008,52,0.13117322325706482
KITTI,oracle,traj,JB,0008,53,0.2279166579246521
KITTI,oracle,traj,JB,0008,54,0.0
KITTI,oracle,traj,JB,0008,55,0.0
KITTI,oracle,traj,JB,0008,56,0.0
KITTI,oracle,traj,JB,0008,57,0.0
KITTI,oracle,traj,JB,0008,58,0.0
KITTI,oracle,traj,JB,0008,59,0.0
KITTI,oracle,traj,JB,0008,60,0.0
KITTI,oracle,traj,JB,0008,61,0.0
KITTI,oracle,traj,JB,0008,62,0.1650540828704834
KITTI,oracle,traj,JB,0008,63,0.13386750221252441
KITTI,oracle,traj,JB,0008,64,0.22000709176063538
KITTI,oracle,traj,JB,0008,65,0.0
KITTI,oracle,traj,JB,0008,66,0.0
KITTI,oracle,traj,JB,0008,67,0.0
KITTI,oracle,traj,JB,0008,68,0.0
KITTI,oracle,traj,JB,0008,69,0.0
KITTI,oracle,traj,JB,0008,70,0.19132766127586365
KITTI,oracle,traj,JB,0008,71,0.0
KITTI,oracle,traj,JB,0008,72,0.0
KITTI,oracle,traj,JB,0008,73,0.0
KITTI,oracle,traj,JB,0008,74,0.10447734594345093
KITTI,oracle,traj,JB,0008,75,0.0
KITTI,oracle,traj,JB,0008,76,0.0
KITTI,oracle,traj,JB,0008,77,0.0
KITTI,oracle,traj,JB,0008,78,0.0
KITTI,oracle,traj,JB,0008,79,0.0
KITTI,oracle,traj,JB,0008,80,0.0
KITTI,oracle,traj,JB,0008,81,0.0
KITTI,oracle,traj,JB,0008,82,0.0
KITTI,oracle,traj,JB,0008,83,0.12210386991500854
KITTI,oracle,traj,JB,0008,84,0.0
KITTI,oracle,traj,JB,0008,85,0.0
KITTI,oracle,traj,JB,0008,86,0.2240554392337799
KITTI,oracle,traj,JB,0008,87,0.0
KITTI,oracle,traj,JB,0008,88,0.0
KITTI,oracle,traj,JB,0008,89,0.12168577313423157
KITTI,oracle,traj,JB,0008,90,0.32838085293769836
KITTI,oracle,traj,JB,0008,91,0.49892982840538025
KITTI,oracle,traj,JB,0008,92,0.0
KITTI,oracle,traj,JB,0008,93,0.13341522216796875
KITTI,oracle,traj,JB,0008,94,0.2518656551837921
KITTI,oracle,traj,JB,0008,95,0.16995620727539062
KITTI,oracle,traj,JB,0008,96,0.44571176171302795
KITTI,oracle,traj,JB,0008,97,0.2660394310951233
KITTI,oracle,traj,JB,0008,98,0.4879731237888336
KITTI,oracle,traj,JB,0008,99,0.29891297221183777
KITTI,oracle,traj,JB,0008,100,0.29972031712532043
KITTI,oracle,traj,JB,0008,101,0.32965242862701416
KITTI,oracle,traj,JB,0008,102,0.2777962386608124
KITTI,oracle,traj,JB,0008,103,0.12378868460655212
KITTI,oracle,traj,JB,0008,104,0.14903530478477478
KITTI,oracle,traj,JB,0008,105,0.11516222357749939
KITTI,oracle,traj,JB,0008,106,0.23010754585266113
KITTI,oracle,traj,JB,0008,107,0.0
KITTI,oracle,traj,JB,0008,108,0.0
KITTI,oracle,traj,JB,0008,109,0.1561048924922943
KITTI,oracle,traj,JB,0008,110,0.103748619556427
KITTI,oracle,traj,JB,0008,111,0.0
KITTI,oracle,traj,JB,0008,112,0.12808823585510254
KITTI,oracle,traj,JB,0008,113,0.4731532037258148
KITTI,oracle,traj,JB,0008,114,0.23231011629104614
KITTI,oracle,traj,JB,0008,115,0.11085560917854309
KITTI,oracle,traj,JB,0008,116,0.2265177071094513
KITTI,oracle,traj,JB,0008,117,0.1225232183933258
KITTI,oracle,traj,JB,0008,118,0.0
KITTI,oracle,traj,JB,0008,119,0.2535647451877594
KITTI,oracle,traj,JB,0008,120,0.21011728048324585
KITTI,oracle,traj,JB,0008,121,0.0
KITTI,oracle,traj,JB,0008,122,0.0
KITTI,oracle,traj,JB,0008,123,0.279779314994812
KITTI,oracle,traj,JB,0008,124,0.32341715693473816
KITTI,oracle,traj,JB,0008,125,0.0
KITTI,oracle,traj,JB,0008,126,0.3859325349330902
KITTI,oracle,traj,JB,0008,127,0.32054463028907776
KITTI,oracle,traj,JB,0008,128,0.18359363079071045
KITTI,oracle,traj,JB,0008,129,0.41338446736335754
KITTI,oracle,traj,JB,0008,130,0.11879339814186096
KITTI,oracle,traj,JB,0008,131,0.32780778408050537
KITTI,oracle,traj,JB,0008,132,0.12043881416320801
KITTI,oracle,traj,JB,0008,133,0.0
KITTI,oracle,traj,JB,0008,134,0.0
KITTI,oracle,traj,JB,0008,135,0.3296147584915161
KITTI,oracle,traj,JB,0008,136,0.0
KITTI,oracle,traj,JB,0008,137,0.15456733107566833
KITTI,oracle,traj,JB,0008,138,0.0
KITTI,oracle,traj,JB,0008,139,0.0
KITTI,oracle,traj,JB,0008,140,0.0
KITTI,oracle,traj,JB,0008,141,0.0
KITTI,oracle,traj,JB,0008,142,0.2130163311958313
KITTI,oracle,traj,JB,0008,143,0.2579107880592346
KITTI,oracle,traj,JB,0008,144,0.0
KITTI,oracle,traj,JB,0008,145,0.3223196864128113
KITTI,oracle,traj,JB,0008,146,0.1520322561264038
KITTI,oracle,traj,JB,0008,147,0.4805877208709717
KITTI,oracle,traj,JB,0008,148,0.12940272688865662
KITTI,oracle,traj,JB,0008,149,0.10123348236083984
KITTI,oracle,traj,JB,0008,150,0.0
KITTI,oracle,traj,JB,0008,151,0.0
KITTI,oracle,traj,JB,0008,152,0.41815388202667236
KITTI,oracle,traj,JB,0008,153,0.4185783267021179
KITTI,oracle,traj,JB,0008,154,0.4511253535747528
KITTI,oracle,traj,JB,0008,155,0.21535074710845947
KITTI,oracle,traj,JB,0008,156,0.417873740196228
KITTI,oracle,traj,JB,0008,157,0.0
KITTI,oracle,traj,JB,0008,158,0.8253104090690613
KITTI,oracle,traj,JB,0008,159,0.23863890767097473
KITTI,oracle,traj,JB,0008,160,0.41286084055900574
KITTI,oracle,traj,JB,0008,161,0.9818349182605743
KITTI,oracle,traj,JB,0008,162,0.8280886709690094
KITTI,oracle,traj,JB,0008,163,1.2114582061767578
KITTI,oracle,traj,JB,0008,164,0.9157610833644867
KITTI,oracle,traj,JB,0008,165,1.0302477478981018
KITTI,oracle,traj,JB,0008,166,0.2722450792789459
KITTI,oracle,traj,JB,0008,167,0.6131179630756378
KITTI,oracle,traj,JB,0008,168,0.8998502492904663
KITTI,oracle,traj,JB,0008,169,0.6363022923469543
KITTI,oracle,traj,JB,0008,170,1.2586728632450104
KITTI,oracle,traj,JB,0008,171,0.3061228394508362
KITTI,oracle,traj,JB,0008,172,0.3465821146965027
KITTI,oracle,traj,JB,0008,173,0.44437459111213684
KITTI,oracle,traj,JB,0008,174,0.29544898867607117
KITTI,oracle,traj,JB,0008,175,0.7521208822727203
KITTI,oracle,traj,JB,0008,176,0.5406164526939392
KITTI,oracle,traj,JB,0008,177,0.8639503419399261
KITTI,oracle,traj,JB,0008,178,0.27392053604125977
KITTI,oracle,traj,JB,0008,179,0.336664080619812
KITTI,oracle,traj,JB,0008,180,0.3789403438568115
KITTI,oracle,traj,JB,0008,181,0.37079349160194397
KITTI,oracle,traj,JB,0008,182,0.2773127853870392
KITTI,oracle,traj,JB,0008,183,0.32665249705314636
KITTI,oracle,traj,JB,0008,184,0.7972230911254883
KITTI,oracle,traj,JB,0008,185,0.4353042542934418
KITTI,oracle,traj,JB,0008,186,0.9002532064914703
KITTI,oracle,traj,JB,0008,187,1.1708849966526031
KITTI,oracle,traj,JB,0008,188,0.7184448838233948
KITTI,oracle,traj,JB,0008,189,0.4983298182487488
KITTI,oracle,traj,JB,0008,190,0.44634366035461426
KITTI,oracle,traj,JB,0008,191,0.42576923966407776
KITTI,oracle,traj,JB,0008,192,0.7644277513027191
KITTI,oracle,traj,JB,0008,193,0.31855911016464233
KITTI,oracle,traj,JB,0008,194,0.4689863622188568
KITTI,oracle,traj,JB,0008,195,0.49948814511299133
KITTI,oracle,traj,JB,0008,196,0.41602739691734314
KITTI,oracle,traj,JB,0008,197,0.32990947365760803
KITTI,oracle,traj,JB,0008,198,0.5195630192756653
KITTI,oracle,traj,JB,0008,199,0.6620857417583466
KITTI,oracle,traj,JB,0008,200,0.33867210149765015
KITTI,oracle,traj,JB,0008,201,0.4539031684398651
KITTI,oracle,traj,JB,0008,202,0.4175586998462677
KITTI,oracle,traj,JB,0008,203,0.13028541207313538
KITTI,oracle,traj,JB,0008,204,0.18242552876472473
KITTI,oracle,traj,JB,0008,205,0.10894504189491272
KITTI,oracle,traj,JB,0008,206,0.5943871736526489
KITTI,oracle,traj,JB,0008,207,0.21898514032363892
KITTI,oracle,traj,JB,0008,208,0.2848605811595917
KITTI,oracle,traj,JB,0008,209,0.21167731285095215
KITTI,oracle,traj,JB,0008,210,0.17895588278770447
KITTI,oracle,traj,JB,0008,211,0.0
KITTI,oracle,traj,JB,0008,212,0.0
KITTI,oracle,traj,JB,0008,213,0.35609880089759827
KITTI,oracle,traj,JB,0008,214,0.3549151122570038
KITTI,oracle,traj,JB,0008,215,0.3957368731498718
KITTI,oracle,traj,JB,0008,216,0.31613898277282715
KITTI,oracle,traj,JB,0008,217,0.21601152420043945
KITTI,oracle,traj,JB,0008,218,0.0
KITTI,oracle,traj,JB,0008,219,0.15152934193611145
KITTI,oracle,traj,JB,0008,220,0.0
KITTI,oracle,traj,JB,0008,221,0.2114168107509613
KITTI,oracle,traj,JB,0008,222,0.1795305609703064
KITTI,oracle,traj,JB,0008,223,0.11961367726325989
KITTI,oracle,traj,JB,0008,224,0.32469937205314636
KITTI,oracle,traj,JB,0008,225,0.3488660454750061
KITTI,oracle,traj,JB,0008,226,0.0
KITTI,oracle,traj,JB,0008,227,0.1041124165058136
KITTI,oracle,traj,JB,0008,228,0.36297157406806946
KITTI,oracle,traj,JB,0008,229,0.3617630898952484
KITTI,oracle,traj,JB,0008,230,0.3825284242630005
KITTI,oracle,traj,JB,0008,231,0.29885756969451904
KITTI,oracle,traj,JB,0008,232,0.10266399383544922
KITTI,oracle,traj,JB,0008,233,0.3614772856235504
KITTI,oracle,traj,JB,0008,234,0.1561048924922943
KITTI,oracle,traj,JB,0008,235,0.20817893743515015
KITTI,oracle,traj,JB,0008,236,0.34964314103126526
KITTI,oracle,traj,JB,0008,237,0.16132020950317383
KITTI,oracle,traj,JB,0008,238,0.208823561668396
KITTI,oracle,traj,JB,0008,239,0.0
KITTI,oracle,traj,JB,0008,240,0.0
KITTI,oracle,traj,JB,0008,241,0.0
KITTI,oracle,traj,JB,0008,242,0.36983469128608704
KITTI,oracle,traj,JB,0008,243,0.22829070687294006
KITTI,oracle,traj,JB,0008,244,0.22541660070419312
KITTI,oracle,traj,JB,0008,245,0.3743388056755066
KITTI,oracle,traj,JB,0008,246,0.13296425342559814
KITTI,oracle,traj,JB,0008,247,0.1962094008922577
KITTI,oracle,traj,JB,0008,248,0.103024423122406
KITTI,oracle,traj,JB,0008,249,0.21601152420043945
KITTI,oracle,traj,JB,0008,250,0.26250338554382324
KITTI,oracle,traj,JB,0008,251,0.3533318042755127
KITTI,oracle,traj,JB,0008,252,0.15921741724014282
KITTI,oracle,traj,JB,0008,253,0.349835604429245
KITTI,oracle,traj,JB,0008,254,0.7261882722377777
KITTI,oracle,traj,JB,0008,255,0.11357957124710083
KITTI,oracle,traj,JB,0008,256,0.2035425901412964
KITTI,oracle,traj,JB,0008,257,0.4661175012588501
KITTI,oracle,traj,JB,0008,258,0.43941476941108704
KITTI,oracle,traj,JB,0008,259,0.5800365805625916
KITTI,oracle,traj,JB,0008,260,0.103024423122406
KITTI,oracle,traj,JB,0008,261,0.3740426301956177
KITTI,oracle,traj,JB,0008,262,0.17895588278770447
KITTI,oracle,traj,JB,0008,263,0.24554681777954102
KITTI,oracle,traj,JB,0008,264,0.32613295316696167
KITTI,oracle,traj,JB,0008,265,0.2642880082130432
KITTI,oracle,traj,JB,0008,266,0.12808823585510254
KITTI,oracle,traj,JB,0008,267,0.1755380630493164
KITTI,oracle,traj,JB,0008,268,0.289284348487854
KITTI,oracle,traj,JB,0008,269,0.0
KITTI,oracle,traj,JB,0008,270,0.11476477980613708
KITTI,oracle,traj,JB,0008,271,0.0
KITTI,oracle,traj,JB,0008,272,0.0
KITTI,oracle,traj,JB,0008,273,0.0
KITTI,oracle,traj,JB,0008,274,0.13477590680122375
KITTI,oracle,traj,JB,0008,275,0.11879339814186096
KITTI,oracle,traj,JB,0008,276,0.0
KITTI,oracle,traj,JB,0008,277,0.13072866201400757
KITTI,oracle,traj,JB,0008,278,0.0
KITTI,oracle,traj,JB,0008,279,0.0
KITTI,oracle,traj,JB,0008,280,0.3356216549873352
KITTI,oracle,traj,JB,0008,281,0.16398024559020996
KITTI,oracle,traj,JB,0008,282,0.2465333640575409
KITTI,oracle,traj,JB,0008,283,0.1962094008922577
KITTI,oracle,traj,JB,0008,284,0.23091977834701538
KITTI,oracle,traj,JB,0008,285,0.11556088924407959
KITTI,oracle,traj,JB,0008,286,0.11008787155151367
KITTI,oracle,traj,JB,0008,287,0.23022675514221191
KITTI,oracle,traj,JB,0008,288,0.12336564064025879
KITTI,oracle,traj,JB,0008,289,0.0
KITTI,oracle,traj,JB,0008,290,0.0
KITTI,oracle,traj,JB,0008,291,0.17838266491889954
KITTI,oracle,traj,JB,0008,292,0.1259227693080902
KITTI,oracle,traj,JB,0008,293,0.0
KITTI,oracle,traj,JB,0008,294,0.0
KITTI,oracle,traj,JB,0008,295,0.0
KITTI,oracle,traj,JB,0008,296,0.0
KITTI,oracle,traj,JB,0008,297,0.27788984775543213
KITTI,oracle,traj,JB,0008,298,0.0
KITTI,oracle,traj,JB,0008,299,0.7142994701862335
KITTI,oracle,traj,JB,0008,300,0.23091977834701538
KITTI,oracle,traj,JB,0008,301,0.22000709176063538
KITTI,oracle,traj,JB,0008,302,0.12421301007270813
KITTI,oracle,traj,JB,0008,303,0.4752686023712158
KITTI,oracle,traj,JB,0008,304,0.29761213064193726
KITTI,oracle,traj,JB,0008,305,0.40799328684806824
KITTI,oracle,traj,JB,0008,306,0.6109219491481781
KITTI,oracle,traj,JB,0008,307,0.33051276206970215
KITTI,oracle,traj,JB,0008,308,0.2776768207550049
KITTI,oracle,traj,JB,0008,309,0.15456733107566833
KITTI,oracle,traj,JB,0008,310,0.35274291038513184
KITTI,oracle,traj,JB,0008,311,0.15869519114494324
KITTI,oracle,traj,JB,0008,312,0.13432103395462036
KITTI,oracle,traj,JB,0008,313,0.30363285541534424
KITTI,oracle,traj,JB,0008,314,0.20689404010772705
KITTI,oracle,traj,JB,0008,315,0.4584622085094452
KITTI,oracle,traj,JB,0008,316,0.37510228157043457
KITTI,oracle,traj,JB,0008,317,0.28043052554130554
KITTI,oracle,traj,JB,0008,318,0.1561048924922943
KITTI,oracle,traj,JB,0008,319,0.2179974913597107
KITTI,oracle,traj,JB,0008,320,0.0
KITTI,oracle,traj,JB,0008,321,0.14706450700759888
KITTI,oracle,traj,JB,0008,322,0.3948346972465515
KITTI,oracle,traj,JB,0008,323,0.21272224187850952
KITTI,oracle,traj,JB,0008,324,0.47804513573646545
KITTI,oracle,traj,JB,0008,325,0.23524236679077148
KITTI,oracle,traj,JB,0008,326,0.42695853114128113
KITTI,oracle,traj,JB,0008,327,0.41101598739624023
KITTI,oracle,traj,JB,0008,328,0.0
KITTI,oracle,traj,JB,0008,329,0.1048433780670166
KITTI,oracle,traj,JB,0008,330,0.6636605560779572
KITTI,oracle,traj,JB,0008,331,0.2304576337337494
KITTI,oracle,traj,JB,0008,332,0.0
KITTI,oracle,traj,JB,0008,333,0.9287827908992767
KITTI,oracle,traj,JB,0008,334,0.19375687837600708
KITTI,oracle,traj,JB,0008,335,0.6102234125137329
KITTI,oracle,traj,JB,0008,336,0.38602951169013977
KITTI,oracle,traj,JB,0008,337,0.846329540014267
KITTI,oracle,traj,JB,0008,338,1.0335895121097565
KITTI,oracle,traj,JB,0008,339,0.8210812211036682
KITTI,oracle,traj,JB,0008,340,0.47706320881843567
KITTI,oracle,traj,JB,0008,341,0.4424951672554016
KITTI,oracle,traj,JB,0008,342,0.2877689301967621
KITTI,oracle,traj,JB,0008,343,0.12808823585510254
KITTI,oracle,traj,JB,0008,344,0.2997051477432251
KITTI,oracle,traj,JB,0008,345,0.407005250453949
KITTI,oracle,traj,JB,0008,346,0.4568931460380554
KITTI,oracle,traj,JB,0008,347,0.13161903619766235
KITTI,oracle,traj,JB,0008,348,0.13939636945724487
KITTI,oracle,traj,JB,0008,349,0.2604762613773346
KITTI,oracle,traj,JB,0008,350,0.4254574775695801
KITTI,oracle,traj,JB,0008,351,0.6043242812156677
KITTI,oracle,traj,JB,0008,352,0.5557004809379578
KITTI,oracle,traj,JB,0008,353,0.24707525968551636
KITTI,oracle,traj,JB,0008,354,0.735447108745575
KITTI,oracle,traj,JB,0008,355,0.5228602290153503
KITTI,oracle,traj,JB,0008,356,0.3895355463027954
KITTI,oracle,traj,JB,0008,357,0.56375652551651
KITTI,oracle,traj,JB,0008,358,0.5274023413658142
KITTI,oracle,traj,JB,0008,359,0.26413360238075256
KITTI,oracle,traj,JB,0008,360,0.0
KITTI,oracle,traj,JB,0008,361,0.5376569032669067
KITTI,oracle,traj,JB,0008,362,0.2583402693271637
KITTI,oracle,traj,JB,0008,363,0.3357064127922058
KITTI,oracle,traj,JB,0008,364,0.2790590524673462
KITTI,oracle,traj,JB,0008,365,0.13706976175308228
KITTI,oracle,traj,JB,0008,366,0.29563868045806885
KITTI,oracle,traj,JB,0008,367,0.11920291185379028
KITTI,oracle,traj,JB,0008,368,0.46379610896110535
KITTI,oracle,traj,JB,0008,369,0.11516222357749939
KITTI,oracle,traj,JB,0008,370,0.30406585335731506
KITTI,oracle,traj,JB,0008,371,0.38565412163734436
KITTI,oracle,traj,JB,0008,372,0.22253990173339844
KITTI,oracle,traj,JB,0008,373,0.2794061601161957
KITTI,oracle,traj,JB,0008,374,0.3000733554363251
KITTI,oracle,traj,JB,0008,375,0.2810148000717163
KITTI,oracle,traj,JB,0008,376,0.3967822790145874
KITTI,oracle,traj,JB,0008,377,0.3935154676437378
KITTI,oracle,traj,JB,0008,378,0.2827516198158264
KITTI,oracle,traj,JB,0008,379,0.34573784470558167
KITTI,oracle,traj,JB,0008,380,0.24210891127586365
KITTI,oracle,traj,JB,0008,381,0.23370635509490967
KITTI,oracle,traj,JB,0008,382,0.22698235511779785
KITTI,oracle,traj,JB,0008,383,0.10230469703674316
KITTI,oracle,traj,JB,0008,384,0.12852513790130615
KITTI,oracle,traj,JB,0008,385,0.0
KITTI,oracle,traj,JB,0008,386,0.3662388026714325
KITTI,oracle,traj,JB,0008,387,0.5415566563606262
KITTI,oracle,traj,JB,0008,388,0.0
KITTI,oracle,traj,JB,0008,389,0.2544681131839752
KITTI,oracle,traj,JB,0009,0,0.0
KITTI,oracle,traj,JB,0009,1,0.0
KITTI,oracle,traj,JB,0009,2,0.15052762627601624
KITTI,oracle,traj,JB,0009,3,0.0
KITTI,oracle,traj,JB,0009,4,0.0
KITTI,oracle,traj,JB,0009,5,0.13117322325706482
KITTI,oracle,traj,JB,0009,6,0.22541660070419312
KITTI,oracle,traj,JB,0009,7,0.35577264428138733
KITTI,oracle,traj,JB,0009,8,0.6646793782711029
KITTI,oracle,traj,JB,0009,9,0.5115050971508026
KITTI,oracle,traj,JB,0009,10,0.30680039525032043
KITTI,oracle,traj,JB,0009,11,0.0
KITTI,oracle,traj,JB,0009,12,0.39956459403038025
KITTI,oracle,traj,JB,0009,13,0.10338595509529114
KITTI,oracle,traj,JB,0009,14,0.3425632417201996
KITTI,oracle,traj,JB,0009,15,0.7342464327812195
KITTI,oracle,traj,JB,0009,16,0.6312683522701263
KITTI,oracle,traj,JB,0009,17,0.3037633001804352
KITTI,oracle,traj,JB,0009,18,0.4206426441669464
KITTI,oracle,traj,JB,0009,19,0.16184943914413452
KITTI,oracle,traj,JB,0009,20,0.2186693549156189
KITTI,oracle,traj,JB,0009,21,0.853634238243103
KITTI,oracle,traj,JB,0009,22,0.7856290638446808
KITTI,oracle,traj,JB,0009,23,0.7747803032398224
KITTI,oracle,traj,JB,0009,24,1.1134149730205536
KITTI,oracle,traj,JB,0009,25,1.1825174391269684
KITTI,oracle,traj,JB,0009,26,1.1356097161769867
KITTI,oracle,traj,JB,0009,27,0.38492342829704285
KITTI,oracle,traj,JB,0009,28,1.1633380949497223
KITTI,oracle,traj,JB,0009,29,1.332908034324646
KITTI,oracle,traj,JB,0009,30,0.9562559127807617
KITTI,oracle,traj,JB,0009,31,0.43424534797668457
KITTI,oracle,traj,JB,0009,32,0.6422143280506134
KITTI,oracle,traj,JB,0009,33,0.587296336889267
KITTI,oracle,traj,JB,0009,34,0.6833644807338715
KITTI,oracle,traj,JB,0009,35,0.8312647938728333
KITTI,oracle,traj,JB,0009,36,0.7003623843193054
KITTI,oracle,traj,JB,0009,37,1.2037650644779205
KITTI,oracle,traj,JB,0009,38,0.2227001190185547
KITTI,oracle,traj,JB,0009,39,0.0
KITTI,oracle,traj,JB,0009,40,0.8676763772964478
KITTI,oracle,traj,JB,0009,41,0.6405758857727051
KITTI,oracle,traj,JB,0009,42,0.21385708451271057
KITTI,oracle,traj,JB,0009,43,0.13986563682556152
KITTI,oracle,traj,JB,0009,44,0.6586296558380127
KITTI,oracle,traj,JB,0009,45,0.8080007433891296
KITTI,oracle,traj,JB,0009,46,0.9133171439170837
KITTI,oracle,traj,JB,0009,47,0.42259976267814636
KITTI,oracle,traj,JB,0009,48,0.849696010351181
KITTI,oracle,traj,JB,0009,49,1.0194804668426514
KITTI,oracle,traj,JB,0009,50,1.75787153840065
KITTI,oracle,traj,JB,0009,51,0.735194206237793
KITTI,oracle,traj,JB,0009,52,0.3505963683128357
KITTI,oracle,traj,JB,0009,53,1.308702439069748
KITTI,oracle,traj,JB,0009,54,1.0781084597110748
KITTI,oracle,traj,JB,0009,55,0.8951278626918793
KITTI,oracle,traj,JB,0009,56,0.6419615745544434
KITTI,oracle,traj,JB,0009,57,0.40014347434043884
KITTI,oracle,traj,JB,0009,58,0.8869481086730957
KITTI,oracle,traj,JB,0009,59,0.46487957239151
KITTI,oracle,traj,JB,0009,60,0.4910881519317627
KITTI,oracle,traj,JB,0009,61,0.9590269327163696
KITTI,oracle,traj,JB,0009,62,0.4345129728317261
KITTI,oracle,traj,JB,0009,63,1.055481880903244
KITTI,oracle,traj,JB,0009,64,0.10743749141693115
KITTI,oracle,traj,JB,0009,65,1.0328267514705658
KITTI,oracle,traj,JB,0009,66,0.8114519119262695
KITTI,oracle,traj,JB,0009,67,0.6896224617958069
KITTI,oracle,traj,JB,0009,68,0.5174798667430878
KITTI,oracle,traj,JB,0009,69,0.34379902482032776
KITTI,oracle,traj,JB,0009,70,0.6452788412570953
KITTI,oracle,traj,JB,0009,71,1.1755844354629517
KITTI,oracle,traj,JB,0009,72,0.6677946150302887
KITTI,oracle,traj,JB,0009,73,0.37310487031936646
KITTI,oracle,traj,JB,0009,74,0.309245228767395
KITTI,oracle,traj,JB,0009,75,0.22541660070419312
KITTI,oracle,traj,JB,0009,76,0.5724062919616699
KITTI,oracle,traj,JB,0009,77,0.7355259656906128
KITTI,oracle,traj,JB,0009,78,0.3524816334247589
KITTI,oracle,traj,JB,0009,79,0.20370754599571228
KITTI,oracle,traj,JB,0009,80,0.22213193774223328
KITTI,oracle,traj,JB,0009,81,0.7409916520118713
KITTI,oracle,traj,JB,0009,82,0.16830945014953613
KITTI,oracle,traj,JB,0009,83,0.17328819632530212
KITTI,oracle,traj,JB,0009,84,0.43528035283088684
KITTI,oracle,traj,JB,0009,85,0.22135066986083984
KITTI,oracle,traj,JB,0009,86,0.44871029257774353
KITTI,oracle,traj,JB,0009,87,0.34178516268730164
KITTI,oracle,traj,JB,0009,88,0.4642235338687897
KITTI,oracle,traj,JB,0009,89,0.3317354619503021
KITTI,oracle,traj,JB,0009,90,0.7349432706832886
KITTI,oracle,traj,JB,0009,91,0.44664815068244934
KITTI,oracle,traj,JB,0009,92,0.33423325419425964
KITTI,oracle,traj,JB,0009,93,0.4514181911945343
KITTI,oracle,traj,JB,0009,94,0.6277346611022949
KITTI,oracle,traj,JB,0009,95,0.18359363079071045
KITTI,oracle,traj,JB,0009,96,0.9660432934761047
KITTI,oracle,traj,JB,0009,97,0.6104738712310791
KITTI,oracle,traj,JB,0009,98,1.0836965441703796
KITTI,oracle,traj,JB,0009,99,1.0592164397239685
KITTI,oracle,traj,JB,0009,100,0.15921741724014282
KITTI,oracle,traj,JB,0009,101,0.7693119943141937
KITTI,oracle,traj,JB,0009,102,0.4114729166030884
KITTI,oracle,traj,JB,0009,103,0.88324373960495
KITTI,oracle,traj,JB,0009,104,0.2654177248477936
KITTI,oracle,traj,JB,0009,105,0.557344526052475
KITTI,oracle,traj,JB,0009,106,0.99457648396492
KITTI,oracle,traj,JB,0009,107,0.7307238578796387
KITTI,oracle,traj,JB,0009,108,0.6641282737255096
KITTI,oracle,traj,JB,0009,109,1.2683263421058655
KITTI,oracle,traj,JB,0009,110,0.49544814229011536
KITTI,oracle,traj,JB,0009,111,0.24609890580177307
KITTI,oracle,traj,JB,0009,112,0.5611715614795685
KITTI,oracle,traj,JB,0009,113,0.6722640991210938
KITTI,oracle,traj,JB,0009,114,0.9432547092437744
KITTI,oracle,traj,JB,0009,115,0.9576767683029175
KITTI,oracle,traj,JB,0009,116,0.6303269267082214
KITTI,oracle,traj,JB,0009,117,1.043606549501419
KITTI,oracle,traj,JB,0009,118,0.3048825263977051
KITTI,oracle,traj,JB,0009,119,1.3000347018241882
KITTI,oracle,traj,JB,0009,120,1.2196062803268433
KITTI,oracle,traj,JB,0009,121,0.7095988094806671
KITTI,oracle,traj,JB,0009,122,0.610984206199646
KITTI,oracle,traj,JB,0009,123,0.37892356514930725
KITTI,oracle,traj,JB,0009,124,0.5694796741008759
KITTI,oracle,traj,JB,0009,125,0.2802094519138336
KITTI,oracle,traj,JB,0009,126,0.10158944129943848
KITTI,oracle,traj,JB,0009,127,0.0
KITTI,oracle,traj,JB,0009,128,0.3953744173049927
KITTI,oracle,traj,JB,0009,129,0.0
KITTI,oracle,traj,JB,0009,130,0.10557883977890015
KITTI,oracle,traj,JB,0009,131,0.5482567548751831
KITTI,oracle,traj,JB,0009,132,0.8300138115882874
KITTI,oracle,traj,JB,0009,133,1.1831704378128052
KITTI,oracle,traj,JB,0009,134,0.455485999584198
KITTI,oracle,traj,JB,0009,135,0.7037492990493774
KITTI,oracle,traj,JB,0009,136,0.5779776573181152
KITTI,oracle,traj,JB,0009,137,0.9744849503040314
KITTI,oracle,traj,JB,0009,138,1.4049111008644104
KITTI,oracle,traj,JB,0009,139,0.6647375822067261
KITTI,oracle,traj,JB,0009,140,0.6429862678050995
KITTI,oracle,traj,JB,0009,141,0.7459729015827179
KITTI,oracle,traj,JB,0009,142,0.9070190191268921
KITTI,oracle,traj,JB,0009,143,0.6289687752723694
KITTI,oracle,traj,JB,0009,144,0.5267260372638702
KITTI,oracle,traj,JB,0009,145,0.32787829637527466
KITTI,oracle,traj,JB,0009,146,1.160720407962799
KITTI,oracle,traj,JB,0009,147,1.0734811425209045
KITTI,oracle,traj,JB,0009,148,1.494902789592743
KITTI,oracle,traj,JB,0009,149,0.9185280203819275
KITTI,oracle,traj,JB,0009,150,0.7853861451148987
KITTI,oracle,traj,JB,0009,151,0.5841473340988159
KITTI,oracle,traj,JB,0009,152,0.35434600710868835
KITTI,oracle,traj,JB,0009,153,0.7507289350032806
KITTI,oracle,traj,JB,0009,154,0.6666589379310608
KITTI,oracle,traj,JB,0009,155,0.46057167649269104
KITTI,oracle,traj,JB,0009,156,0.7630968391895294
KITTI,oracle,traj,JB,0009,157,0.4583737850189209
KITTI,oracle,traj,JB,0009,158,0.9972220063209534
KITTI,oracle,traj,JB,0009,159,0.6550515294075012
KITTI,oracle,traj,JB,0009,160,0.9255038201808929
KITTI,oracle,traj,JB,0009,161,1.226639211177826
KITTI,oracle,traj,JB,0009,162,1.0066925585269928
KITTI,oracle,traj,JB,0009,163,0.8729959428310394
KITTI,oracle,traj,JB,0009,164,1.2425771355628967
KITTI,oracle,traj,JB,0009,165,0.8088155388832092
KITTI,oracle,traj,JB,0009,166,0.7275146543979645
KITTI,oracle,traj,JB,0009,167,0.8861283957958221
KITTI,oracle,traj,JB,0009,168,0.6232664585113525
KITTI,oracle,traj,JB,0009,169,1.3164042532444
KITTI,oracle,traj,JB,0009,170,0.8350884914398193
KITTI,oracle,traj,JB,0009,171,0.6210859715938568
KITTI,oracle,traj,JB,0009,172,0.8067645728588104
KITTI,oracle,traj,JB,0009,173,0.6188900768756866
KITTI,oracle,traj,JB,0009,174,0.7538712024688721
KITTI,oracle,traj,JB,0009,175,0.5555177330970764
KITTI,oracle,traj,JB,0009,176,0.3808315098285675
KITTI,oracle,traj,JB,0009,177,0.48131299018859863
KITTI,oracle,traj,JB,0009,178,0.3657020330429077
KITTI,oracle,traj,JB,0009,179,0.8406851887702942
KITTI,oracle,traj,JB,0009,180,0.9911483824253082
KITTI,oracle,traj,JB,0009,181,0.5366628766059875
KITTI,oracle,traj,JB,0009,182,0.7628961205482483
KITTI,oracle,traj,JB,0009,183,0.7346995174884796
KITTI,oracle,traj,JB,0009,184,0.9355370700359344
KITTI,oracle,traj,JB,0009,185,1.1809976398944855
KITTI,oracle,traj,JB,0009,186,0.6041019558906555
KITTI,oracle,traj,JB,0009,187,0.7059147655963898
KITTI,oracle,traj,JB,0009,188,0.7314474880695343
KITTI,oracle,traj,JB,0009,189,0.44085976481437683
KITTI,oracle,traj,JB,0009,190,0.6694565117359161
KITTI,oracle,traj,JB,0009,191,0.5098729133605957
KITTI,oracle,traj,JB,0009,192,0.6866636574268341
KITTI,oracle,traj,JB,0009,193,0.8536532521247864
KITTI,oracle,traj,JB,0009,194,1.1477912366390228
KITTI,oracle,traj,JB,0009,195,1.4273374676704407
KITTI,oracle,traj,JB,0009,196,1.6162235736846924
KITTI,oracle,traj,JB,0009,197,0.7970888912677765
KITTI,oracle,traj,JB,0009,198,0.2965833246707916
KITTI,oracle,traj,JB,0009,199,0.41382524371147156
KITTI,oracle,traj,JB,0009,200,0.25800570845603943
KITTI,oracle,traj,JB,0009,201,0.4462583363056183
KITTI,oracle,traj,JB,0009,202,1.2134877443313599
KITTI,oracle,traj,JB,0009,203,2.104556232690811
KITTI,oracle,traj,JB,0009,204,2.324725717306137
KITTI,oracle,traj,JB,0009,205,1.9886594712734222
KITTI,oracle,traj,JB,0009,206,1.6191825866699219
KITTI,oracle,traj,JB,0009,207,0.4245028495788574
KITTI,oracle,traj,JB,0009,208,0.7061163485050201
KITTI,oracle,traj,JB,0009,209,1.256810873746872
KITTI,oracle,traj,JB,0009,210,0.6049748659133911
KITTI,oracle,traj,JB,0009,211,0.48477357625961304
KITTI,oracle,traj,JB,0009,212,0.9559473693370819
KITTI,oracle,traj,JB,0009,213,1.3731336295604706
KITTI,oracle,traj,JB,0009,214,1.358195185661316
KITTI,oracle,traj,JB,0009,215,0.3777065873146057
KITTI,oracle,traj,JB,0009,216,1.5441591441631317
KITTI,oracle,traj,JB,0009,217,0.6500003039836884
KITTI,oracle,traj,JB,0009,218,0.7675701975822449
KITTI,oracle,traj,JB,0009,219,2.7479635179042816
KITTI,oracle,traj,JB,0009,220,1.7417316436767578
KITTI,oracle,traj,JB,0009,221,0.7602346241474152
KITTI,oracle,traj,JB,0009,222,1.3076051771640778
KITTI,oracle,traj,JB,0009,223,1.5150994062423706
KITTI,oracle,traj,JB,0009,224,1.5159854888916016
KITTI,oracle,traj,JB,0009,225,1.1693024635314941
KITTI,oracle,traj,JB,0009,226,1.30003622174263
KITTI,oracle,traj,JB,0009,227,0.8315021991729736
KITTI,oracle,traj,JB,0009,228,1.7096876502037048
KITTI,oracle,traj,JB,0009,229,2.4639990031719208
KITTI,oracle,traj,JB,0009,230,1.7853496372699738
KITTI,oracle,traj,JB,0009,231,1.4964598715305328
KITTI,oracle,traj,JB,0009,232,0.7121665775775909
KITTI,oracle,traj,JB,0009,233,0.7867729365825653
KITTI,oracle,traj,JB,0009,234,1.227723240852356
KITTI,oracle,traj,JB,0009,235,1.5822360217571259
KITTI,oracle,traj,JB,0009,236,0.8069968819618225
KITTI,oracle,traj,JB,0009,237,1.0523835122585297
KITTI,oracle,traj,JB,0009,238,1.1674003899097443
KITTI,oracle,traj,JB,0009,239,1.7373997867107391
KITTI,oracle,traj,JB,0009,240,1.645562320947647
KITTI,oracle,traj,JB,0009,241,1.6670774221420288
KITTI,oracle,traj,JB,0009,242,1.5644797682762146
KITTI,oracle,traj,JB,0009,243,0.1352320909500122
KITTI,oracle,traj,JB,0009,244,0.690746933221817
KITTI,oracle,traj,JB,0009,245,0.40576258301734924
KITTI,oracle,traj,JB,0009,246,0.6415923237800598
KITTI,oracle,traj,JB,0009,247,1.2417822182178497
KITTI,oracle,traj,JB,0009,248,1.1086292564868927
KITTI,oracle,traj,JB,0009,249,0.47891420125961304
KITTI,oracle,traj,JB,0009,250,0.6397204995155334
KITTI,oracle,traj,JB,0009,251,1.5305311977863312
KITTI,oracle,traj,JB,0009,252,0.8485755026340485
KITTI,oracle,traj,JB,0009,253,0.5294089615345001
KITTI,oracle,traj,JB,0009,254,0.7876363396644592
KITTI,oracle,traj,JB,0009,255,0.5485842525959015
KITTI,oracle,traj,JB,0009,256,0.6464858055114746
KITTI,oracle,traj,JB,0009,257,0.6408062279224396
KITTI,oracle,traj,JB,0009,258,0.5895972549915314
KITTI,oracle,traj,JB,0009,259,0.34137630462646484
KITTI,oracle,traj,JB,0009,260,0.6782305240631104
KITTI,oracle,traj,JB,0009,261,0.5846782028675079
KITTI,oracle,traj,JB,0009,262,0.25356703996658325
KITTI,oracle,traj,JB,0009,263,0.27468666434288025
KITTI,oracle,traj,JB,0009,264,0.37331557273864746
KITTI,oracle,traj,JB,0009,265,0.16451644897460938
KITTI,oracle,traj,JB,0009,266,0.0
KITTI,oracle,traj,JB,0009,267,0.2173374891281128
KITTI,oracle,traj,JB,0009,268,0.140336275100708
KITTI,oracle,traj,JB,0009,269,0.0
KITTI,oracle,traj,JB,0009,270,0.0
KITTI,oracle,traj,JB,0009,271,0.0
KITTI,oracle,traj,JB,0009,272,0.15102779865264893
KITTI,oracle,traj,JB,0009,273,0.0
KITTI,oracle,traj,JB,0009,274,0.0
KITTI,oracle,traj,JB,0009,275,0.0
KITTI,oracle,traj,JB,0009,276,0.0
KITTI,oracle,traj,JB,0009,277,0.0
KITTI,oracle,traj,JB,0009,278,0.0
KITTI,oracle,traj,JB,0009,279,0.140336275100708
KITTI,oracle,traj,JB,0009,280,0.0
KITTI,oracle,traj,JB,0009,281,0.0
KITTI,oracle,traj,JB,0009,282,0.10970577597618103
KITTI,oracle,traj,JB,0009,283,0.22541660070419312
KITTI,oracle,traj,JB,0009,284,0.10970577597618103
KITTI,oracle,traj,JB,0009,285,0.0
KITTI,oracle,traj,JB,0009,286,0.0
KITTI,oracle,traj,JB,0009,287,0.14953139424324036
KITTI,oracle,traj,JB,0009,288,0.0
KITTI,oracle,traj,JB,0009,289,0.0
KITTI,oracle,traj,JB,0009,290,0.0
KITTI,oracle,traj,JB,0009,291,0.0
KITTI,oracle,traj,JB,0009,292,0.0
KITTI,oracle,traj,JB,0009,293,0.0
KITTI,oracle,traj,JB,0009,294,0.0
KITTI,oracle,traj,JB,0009,295,0.0
KITTI,oracle,traj,JB,0009,296,0.0
KITTI,oracle,traj,JB,0009,297,0.0
KITTI,oracle,traj,JB,0009,298,0.0
KITTI,oracle,traj,JB,0009,299,0.0
KITTI,oracle,traj,JB,0009,300,0.0
KITTI,oracle,traj,JB,0009,301,0.0
KITTI,oracle,traj,JB,0009,302,0.13477590680122375
KITTI,oracle,traj,JB,0009,303,0.0
KITTI,oracle,traj,JB,0009,304,0.0
KITTI,oracle,traj,JB,0009,305,0.0
KITTI,oracle,traj,JB,0009,306,0.0
KITTI,oracle,traj,JB,0009,307,0.0
KITTI,oracle,traj,JB,0009,308,0.0
KITTI,oracle,traj,JB,0009,309,0.0
KITTI,oracle,traj,JB,0009,310,0.0
KITTI,oracle,traj,JB,0009,311,0.0
KITTI,oracle,traj,JB,0009,312,0.0
KITTI,oracle,traj,JB,0009,313,0.0
KITTI,oracle,traj,JB,0009,314,0.0
KITTI,oracle,traj,JB,0009,315,0.0
KITTI,oracle,traj,JB,0009,316,0.0
KITTI,oracle,traj,JB,0009,317,0.0
KITTI,oracle,traj,JB,0009,318,0.0
KITTI,oracle,traj,JB,0009,319,0.0
KITTI,oracle,traj,JB,0009,320,0.0
KITTI,oracle,traj,JB,0009,321,0.0
KITTI,oracle,traj,JB,0009,322,0.0
KITTI,oracle,traj,JB,0009,323,0.0
KITTI,oracle,traj,JB,0009,324,0.0
KITTI,oracle,traj,JB,0009,325,0.0
KITTI,oracle,traj,JB,0009,326,0.0
KITTI,oracle,traj,JB,0009,327,0.0
KITTI,oracle,traj,JB,0009,328,0.0
KITTI,oracle,traj,JB,0009,329,0.0
KITTI,oracle,traj,JB,0009,330,0.0
KITTI,oracle,traj,JB,0009,331,0.2351083755493164
KITTI,oracle,traj,JB,0009,332,0.0
KITTI,oracle,traj,JB,0009,333,0.0
KITTI,oracle,traj,JB,0009,334,0.0
KITTI,oracle,traj,JB,0009,335,0.0
KITTI,oracle,traj,JB,0009,336,0.0
KITTI,oracle,traj,JB,0009,337,0.0
KITTI,oracle,traj,JB,0009,338,0.0
KITTI,oracle,traj,JB,0009,339,0.0
KITTI,oracle,traj,JB,0009,340,0.1666753888130188
KITTI,oracle,traj,JB,0009,341,0.13939636945724487
KITTI,oracle,traj,JB,0009,342,0.0
KITTI,oracle,traj,JB,0009,343,0.0
KITTI,oracle,traj,JB,0009,344,0.0
KITTI,oracle,traj,JB,0009,345,0.0
KITTI,oracle,traj,JB,0009,346,0.0
KITTI,oracle,traj,JB,0009,347,0.0
KITTI,oracle,traj,JB,0009,348,0.0
KITTI,oracle,traj,JB,0009,349,0.0
KITTI,oracle,traj,JB,0009,350,0.0
KITTI,oracle,traj,JB,0009,351,0.0
KITTI,oracle,traj,JB,0009,352,0.0
KITTI,oracle,traj,JB,0009,353,0.0
KITTI,oracle,traj,JB,0009,354,0.0
KITTI,oracle,traj,JB,0009,355,0.0
KITTI,oracle,traj,JB,0009,356,0.0
KITTI,oracle,traj,JB,0009,357,0.0
KITTI,oracle,traj,JB,0009,358,0.0
KITTI,oracle,traj,JB,0009,359,0.0
KITTI,oracle,traj,JB,0009,360,0.0
KITTI,oracle,traj,JB,0009,361,0.0
KITTI,oracle,traj,JB,0009,362,0.0
KITTI,oracle,traj,JB,0009,363,0.0
KITTI,oracle,traj,JB,0009,364,0.0
KITTI,oracle,traj,JB,0009,365,0.0
KITTI,oracle,traj,JB,0009,366,0.0
KITTI,oracle,traj,JB,0009,367,0.0
KITTI,oracle,traj,JB,0009,368,0.0
KITTI,oracle,traj,JB,0009,369,0.0
KITTI,oracle,traj,JB,0009,370,0.0
KITTI,oracle,traj,JB,0009,371,0.0
KITTI,oracle,traj,JB,0009,372,0.0
KITTI,oracle,traj,JB,0009,373,0.0
KITTI,oracle,traj,JB,0009,374,0.0
KITTI,oracle,traj,JB,0009,375,0.0
KITTI,oracle,traj,JB,0009,376,0.0
KITTI,oracle,traj,JB,0009,377,0.0
KITTI,oracle,traj,JB,0009,378,0.0
KITTI,oracle,traj,JB,0009,379,0.0
KITTI,oracle,traj,JB,0009,380,0.0
KITTI,oracle,traj,JB,0009,381,0.0
KITTI,oracle,traj,JB,0009,382,0.0
KITTI,oracle,traj,JB,0009,383,0.0
KITTI,oracle,traj,JB,0009,384,0.0
KITTI,oracle,traj,JB,0009,385,0.0
KITTI,oracle,traj,JB,0009,386,0.0
KITTI,oracle,traj,JB,0009,387,0.15456733107566833
KITTI,oracle,traj,JB,0009,388,0.0
KITTI,oracle,traj,JB,0009,389,0.0
KITTI,oracle,traj,JB,0009,390,0.103024423122406
KITTI,oracle,traj,JB,0009,391,0.14318770170211792
KITTI,oracle,traj,JB,0009,392,0.14223188161849976
KITTI,oracle,traj,JB,0009,393,0.0
KITTI,oracle,traj,JB,0009,394,0.0
KITTI,oracle,traj,JB,0009,395,0.2146914005279541
KITTI,oracle,traj,JB,0009,396,0.15559101104736328
KITTI,oracle,traj,JB,0009,397,0.0
KITTI,oracle,traj,JB,0009,398,0.11879339814186096
KITTI,oracle,traj,JB,0009,399,0.0
KITTI,oracle,traj,JB,0009,400,0.20370754599571228
KITTI,oracle,traj,JB,0009,401,0.10557883977890015
KITTI,oracle,traj,JB,0009,402,0.11838510632514954
KITTI,oracle,traj,JB,0009,403,0.0
KITTI,oracle,traj,JB,0009,404,0.0
KITTI,oracle,traj,JB,0009,405,0.0
KITTI,oracle,traj,JB,0009,406,0.0
KITTI,oracle,traj,JB,0009,407,0.0
KITTI,oracle,traj,JB,0009,408,0.0
KITTI,oracle,traj,JB,0009,409,0.0
KITTI,oracle,traj,JB,0009,410,0.0
KITTI,oracle,traj,JB,0009,411,0.0
KITTI,oracle,traj,JB,0009,412,0.0
KITTI,oracle,traj,JB,0009,413,0.0
KITTI,oracle,traj,JB,0009,414,0.0
KITTI,oracle,traj,JB,0009,415,0.0
KITTI,oracle,traj,JB,0009,416,0.0
KITTI,oracle,traj,JB,0009,417,0.0
KITTI,oracle,traj,JB,0009,418,0.0
KITTI,oracle,traj,JB,0009,419,0.0
KITTI,oracle,traj,JB,0009,420,0.0
KITTI,oracle,traj,JB,0009,421,0.0
KITTI,oracle,traj,JB,0009,422,0.0
KITTI,oracle,traj,JB,0009,423,0.0
KITTI,oracle,traj,JB,0009,424,0.0
KITTI,oracle,traj,JB,0009,425,0.0
KITTI,oracle,traj,JB,0009,426,0.0
KITTI,oracle,traj,JB,0009,427,0.0
KITTI,oracle,traj,JB,0009,428,0.0
KITTI,oracle,traj,JB,0009,429,0.0
KITTI,oracle,traj,JB,0009,430,0.0
KITTI,oracle,traj,JB,0009,431,0.0
KITTI,oracle,traj,JB,0009,432,0.0
KITTI,oracle,traj,JB,0009,433,0.0
KITTI,oracle,traj,JB,0009,434,0.0
KITTI,oracle,traj,JB,0009,435,0.0
KITTI,oracle,traj,JB,0009,436,0.0
KITTI,oracle,traj,JB,0009,437,0.0
KITTI,oracle,traj,JB,0009,438,0.0
KITTI,oracle,traj,JB,0009,439,0.0
KITTI,oracle,traj,JB,0009,440,0.0
KITTI,oracle,traj,JB,0009,441,0.0
KITTI,oracle,traj,JB,0009,442,0.0
KITTI,oracle,traj,JB,0009,443,0.0
KITTI,oracle,traj,JB,0009,444,0.0
KITTI,oracle,traj,JB,0009,445,0.0
KITTI,oracle,traj,JB,0009,446,0.0
KITTI,oracle,traj,JB,0009,447,0.0
KITTI,oracle,traj,JB,0009,448,0.0
KITTI,oracle,traj,JB,0009,449,0.0
KITTI,oracle,traj,JB,0009,450,0.0
KITTI,oracle,traj,JB,0009,451,0.0
KITTI,oracle,traj,JB,0009,452,0.0
KITTI,oracle,traj,JB,0009,453,0.0
KITTI,oracle,traj,JB,0009,454,0.0
KITTI,oracle,traj,JB,0009,455,0.0
KITTI,oracle,traj,JB,0009,456,0.0
KITTI,oracle,traj,JB,0009,457,0.13117322325706482
KITTI,oracle,traj,JB,0009,458,0.0
KITTI,oracle,traj,JB,0009,459,0.0
KITTI,oracle,traj,JB,0009,460,0.13477590680122375
KITTI,oracle,traj,JB,0009,461,0.0
KITTI,oracle,traj,JB,0009,462,0.0
KITTI,oracle,traj,JB,0009,463,0.0
KITTI,oracle,traj,JB,0009,464,0.0
KITTI,oracle,traj,JB,0009,465,0.0
KITTI,oracle,traj,JB,0009,466,0.0
KITTI,oracle,traj,JB,0009,467,0.0
KITTI,oracle,traj,JB,0009,468,0.0
KITTI,oracle,traj,JB,0009,469,0.0
KITTI,oracle,traj,JB,0009,470,0.0
KITTI,oracle,traj,JB,0009,471,0.0
KITTI,oracle,traj,JB,0009,472,0.0
KITTI,oracle,traj,JB,0009,473,0.0
KITTI,oracle,traj,JB,0009,474,0.0
KITTI,oracle,traj,JB,0009,475,0.0
KITTI,oracle,traj,JB,0009,476,0.0
KITTI,oracle,traj,JB,0009,477,0.0
KITTI,oracle,traj,JB,0009,478,0.0
KITTI,oracle,traj,JB,0009,479,0.0
KITTI,oracle,traj,JB,0009,480,0.0
KITTI,oracle,traj,JB,0009,481,0.0
KITTI,oracle,traj,JB,0009,482,0.0
KITTI,oracle,traj,JB,0009,483,0.0
KITTI,oracle,traj,JB,0009,484,0.0
KITTI,oracle,traj,JB,0009,485,0.0
KITTI,oracle,traj,JB,0009,486,0.0
KITTI,oracle,traj,JB,0009,487,0.0
KITTI,oracle,traj,JB,0009,488,0.13028541207313538
KITTI,oracle,traj,JB,0009,489,0.0
KITTI,oracle,traj,JB,0009,490,0.0
KITTI,oracle,traj,JB,0009,491,0.0
KITTI,oracle,traj,JB,0009,492,0.0
KITTI,oracle,traj,JB,0009,493,0.0
KITTI,oracle,traj,JB,0009,494,0.0
KITTI,oracle,traj,JB,0009,495,0.0
KITTI,oracle,traj,JB,0009,496,0.0
KITTI,oracle,traj,JB,0009,497,0.0
KITTI,oracle,traj,JB,0009,498,0.0
KITTI,oracle,traj,JB,0009,499,0.0
KITTI,oracle,traj,JB,0009,500,0.0
KITTI,oracle,traj,JB,0009,501,0.0
KITTI,oracle,traj,JB,0009,502,0.0
KITTI,oracle,traj,JB,0009,503,0.0
KITTI,oracle,traj,JB,0009,504,0.0
KITTI,oracle,traj,JB,0009,505,0.0
KITTI,oracle,traj,JB,0009,506,0.0
KITTI,oracle,traj,JB,0009,507,0.12940272688865662
KITTI,oracle,traj,JB,0009,508,0.0
KITTI,oracle,traj,JB,0009,509,0.0
KITTI,oracle,traj,JB,0009,510,0.11920291185379028
KITTI,oracle,traj,JB,0009,511,0.1225232183933258
KITTI,oracle,traj,JB,0009,512,0.0
KITTI,oracle,traj,JB,0009,513,0.0
KITTI,oracle,traj,JB,0009,514,0.0
KITTI,oracle,traj,JB,0009,515,0.0
KITTI,oracle,traj,JB,0009,516,0.0
KITTI,oracle,traj,JB,0009,517,0.0
KITTI,oracle,traj,JB,0009,518,0.0
KITTI,oracle,traj,JB,0009,519,0.0
KITTI,oracle,traj,JB,0009,520,0.0
KITTI,oracle,traj,JB,0009,521,0.0
KITTI,oracle,traj,JB,0009,522,0.0
KITTI,oracle,traj,JB,0009,523,0.0
KITTI,oracle,traj,JB,0009,524,0.0
KITTI,oracle,traj,JB,0009,525,0.0
KITTI,oracle,traj,JB,0009,526,0.0
KITTI,oracle,traj,JB,0009,527,0.0
KITTI,oracle,traj,JB,0009,528,0.0
KITTI,oracle,traj,JB,0009,529,0.0
KITTI,oracle,traj,JB,0009,530,0.0
KITTI,oracle,traj,JB,0009,531,0.0
KITTI,oracle,traj,JB,0009,532,0.0
KITTI,oracle,traj,JB,0009,533,0.0
KITTI,oracle,traj,JB,0009,534,0.0
KITTI,oracle,traj,JB,0009,535,0.0
KITTI,oracle,traj,JB,0009,536,0.0
KITTI,oracle,traj,JB,0009,537,0.0
KITTI,oracle,traj,JB,0009,538,0.0
KITTI,oracle,traj,JB,0009,539,0.0
KITTI,oracle,traj,JB,0009,540,0.0
KITTI,oracle,traj,JB,0009,541,0.0
KITTI,oracle,traj,JB,0009,542,0.0
KITTI,oracle,traj,JB,0009,543,0.0
KITTI,oracle,traj,JB,0009,544,0.11676400899887085
KITTI,oracle,traj,JB,0009,545,0.1581743359565735
KITTI,oracle,traj,JB,0009,546,0.0
KITTI,oracle,traj,JB,0009,547,0.0
KITTI,oracle,traj,JB,0009,548,0.23651623725891113
KITTI,oracle,traj,JB,0009,549,0.15713685750961304
KITTI,oracle,traj,JB,0009,550,0.0
KITTI,oracle,traj,JB,0009,551,0.0
KITTI,oracle,traj,JB,0009,552,0.0
KITTI,oracle,traj,JB,0009,553,0.0
KITTI,oracle,traj,JB,0009,554,0.0
KITTI,oracle,traj,JB,0009,555,0.11279541254043579
KITTI,oracle,traj,JB,0009,556,0.0
KITTI,oracle,traj,JB,0009,557,0.0
KITTI,oracle,traj,JB,0009,558,0.0
KITTI,oracle,traj,JB,0009,559,0.0
KITTI,oracle,traj,JB,0009,560,0.0
KITTI,oracle,traj,JB,0009,561,0.0
KITTI,oracle,traj,JB,0009,562,0.0
KITTI,oracle,traj,JB,0009,563,0.0
KITTI,oracle,traj,JB,0009,564,0.0
KITTI,oracle,traj,JB,0009,565,0.0
KITTI,oracle,traj,JB,0009,566,0.0
KITTI,oracle,traj,JB,0009,567,0.0
KITTI,oracle,traj,JB,0009,568,0.0
KITTI,oracle,traj,JB,0009,569,0.0
KITTI,oracle,traj,JB,0009,570,0.0
KITTI,oracle,traj,JB,0009,571,0.0
KITTI,oracle,traj,JB,0009,572,0.0
KITTI,oracle,traj,JB,0009,573,0.0
KITTI,oracle,traj,JB,0009,574,0.0
KITTI,oracle,traj,JB,0009,575,0.0
KITTI,oracle,traj,JB,0009,576,0.0
KITTI,oracle,traj,JB,0009,577,0.0
KITTI,oracle,traj,JB,0009,578,0.0
KITTI,oracle,traj,JB,0009,579,0.0
KITTI,oracle,traj,JB,0009,580,0.1250653862953186
KITTI,oracle,traj,JB,0009,581,0.0
KITTI,oracle,traj,JB,0009,582,0.13296425342559814
KITTI,oracle,traj,JB,0009,583,0.0
KITTI,oracle,traj,JB,0009,584,0.0
KITTI,oracle,traj,JB,0009,585,0.0
KITTI,oracle,traj,JB,0009,586,0.1520322561264038
KITTI,oracle,traj,JB,0009,587,0.0
KITTI,oracle,traj,JB,0009,588,0.0
KITTI,oracle,traj,JB,0009,589,0.0
KITTI,oracle,traj,JB,0009,590,0.10970577597618103
KITTI,oracle,traj,JB,0009,591,0.0
KITTI,oracle,traj,JB,0009,592,0.0
KITTI,oracle,traj,JB,0009,593,0.0
KITTI,oracle,traj,JB,0009,594,0.0
KITTI,oracle,traj,JB,0009,595,0.0
KITTI,oracle,traj,JB,0009,596,0.0
KITTI,oracle,traj,JB,0009,597,0.0
KITTI,oracle,traj,JB,0009,598,0.0
KITTI,oracle,traj,JB,0009,599,0.0
KITTI,oracle,traj,JB,0009,600,0.13846176862716675
KITTI,oracle,traj,JB,0009,601,0.184767484664917
KITTI,oracle,traj,JB,0009,602,0.167763352394104
KITTI,oracle,traj,JB,0009,603,0.14706450700759888
KITTI,oracle,traj,JB,0009,604,0.0
KITTI,oracle,traj,JB,0009,605,0.0
KITTI,oracle,traj,JB,0009,606,0.0
KITTI,oracle,traj,JB,0009,607,0.0
KITTI,oracle,traj,JB,0009,608,0.0
KITTI,oracle,traj,JB,0009,609,0.0
KITTI,oracle,traj,JB,0009,610,0.0
KITTI,oracle,traj,JB,0009,611,0.0
KITTI,oracle,traj,JB,0009,612,0.0
KITTI,oracle,traj,JB,0009,613,0.0
KITTI,oracle,traj,JB,0009,614,0.0
KITTI,oracle,traj,JB,0009,615,0.10158944129943848
KITTI,oracle,traj,JB,0009,616,0.0
KITTI,oracle,traj,JB,0009,617,0.0
KITTI,oracle,traj,JB,0009,618,0.0
KITTI,oracle,traj,JB,0009,619,0.0
KITTI,oracle,traj,JB,0009,620,0.0
KITTI,oracle,traj,JB,0009,621,0.0
KITTI,oracle,traj,JB,0009,622,0.0
KITTI,oracle,traj,JB,0009,623,0.0
KITTI,oracle,traj,JB,0009,624,0.0
KITTI,oracle,traj,JB,0009,625,0.0
KITTI,oracle,traj,JB,0009,626,0.0
KITTI,oracle,traj,JB,0009,627,0.0
KITTI,oracle,traj,JB,0009,628,0.0
KITTI,oracle,traj,JB,0009,629,0.0
KITTI,oracle,traj,JB,0009,630,0.0
KITTI,oracle,traj,JB,0009,631,0.0
KITTI,oracle,traj,JB,0009,632,0.0
KITTI,oracle,traj,JB,0009,633,0.0
KITTI,oracle,traj,JB,0009,634,0.0
KITTI,oracle,traj,JB,0009,635,0.0
KITTI,oracle,traj,JB,0009,636,0.0
KITTI,oracle,traj,JB,0009,637,0.1259227693080902
KITTI,oracle,traj,JB,0009,638,0.1705079972743988
KITTI,oracle,traj,JB,0009,639,0.3236480951309204
KITTI,oracle,traj,JB,0009,640,0.3302522897720337
KITTI,oracle,traj,JB,0009,641,0.1540575623512268
KITTI,oracle,traj,JB,0009,642,0.18713268637657166
KITTI,oracle,traj,JB,0009,643,0.10818895697593689
KITTI,oracle,traj,JB,0009,644,0.22135066986083984
KITTI,oracle,traj,JB,0009,645,0.20625382661819458
KITTI,oracle,traj,JB,0009,646,0.0
KITTI,oracle,traj,JB,0009,647,0.36359816789627075
KITTI,oracle,traj,JB,0009,648,0.2120688259601593
KITTI,oracle,traj,JB,0009,649,0.4959806203842163
KITTI,oracle,traj,JB,0009,650,0.34948527812957764
KITTI,oracle,traj,JB,0009,651,0.0
KITTI,oracle,traj,JB,0009,652,0.0
KITTI,oracle,traj,JB,0009,653,0.16398024559020996
KITTI,oracle,traj,JB,0009,654,0.26500204205513
KITTI,oracle,traj,JB,0009,655,0.0
KITTI,oracle,traj,JB,0009,656,0.0
KITTI,oracle,traj,JB,0009,657,0.0
KITTI,oracle,traj,JB,0009,658,0.0
KITTI,oracle,traj,JB,0009,659,0.0
KITTI,oracle,traj,JB,0009,660,0.17895588278770447
KITTI,oracle,traj,JB,0009,661,0.2448522448539734
KITTI,oracle,traj,JB,0009,662,0.0
KITTI,oracle,traj,JB,0009,663,0.0
KITTI,oracle,traj,JB,0009,664,0.0
KITTI,oracle,traj,JB,0009,665,0.0
KITTI,oracle,traj,JB,0009,666,0.31179890036582947
KITTI,oracle,traj,JB,0009,667,0.12126889824867249
KITTI,oracle,traj,JB,0009,668,0.26412495970726013
KITTI,oracle,traj,JB,0009,669,0.16026604175567627
KITTI,oracle,traj,JB,0009,670,0.31207162141799927
KITTI,oracle,traj,JB,0009,671,0.0
KITTI,oracle,traj,JB,0009,672,0.11476477980613708
KITTI,oracle,traj,JB,0009,673,0.3091987371444702
KITTI,oracle,traj,JB,0009,674,0.4086880683898926
KITTI,oracle,traj,JB,0009,675,0.0
KITTI,oracle,traj,JB,0009,676,0.0
KITTI,oracle,traj,JB,0009,677,0.3067112863063812
KITTI,oracle,traj,JB,0009,678,0.0
KITTI,oracle,traj,JB,0009,679,0.22541660070419312
KITTI,oracle,traj,JB,0009,680,0.14128142595291138
KITTI,oracle,traj,JB,0009,681,0.0
KITTI,oracle,traj,JB,0009,682,0.0
KITTI,oracle,traj,JB,0009,683,0.0
KITTI,oracle,traj,JB,0009,684,0.0
KITTI,oracle,traj,JB,0009,685,0.0
KITTI,oracle,traj,JB,0009,686,0.19436779618263245
KITTI,oracle,traj,JB,0009,687,0.13117322325706482
KITTI,oracle,traj,JB,0009,688,0.11124122142791748
KITTI,oracle,traj,JB,0009,689,0.0
KITTI,oracle,traj,JB,0009,690,0.0
KITTI,oracle,traj,JB,0009,691,0.0
KITTI,oracle,traj,JB,0009,692,0.0
KITTI,oracle,traj,JB,0009,693,0.0
KITTI,oracle,traj,JB,0009,694,0.0
KITTI,oracle,traj,JB,0009,695,0.0
KITTI,oracle,traj,JB,0009,696,0.0
KITTI,oracle,traj,JB,0009,697,0.20561504364013672
KITTI,oracle,traj,JB,0009,698,0.19682621955871582
KITTI,oracle,traj,JB,0009,699,0.0
KITTI,oracle,traj,JB,0009,700,0.0
KITTI,oracle,traj,JB,0009,701,0.0
KITTI,oracle,traj,JB,0009,702,0.0
KITTI,oracle,traj,JB,0009,703,0.0
KITTI,oracle,traj,JB,0009,704,0.0
KITTI,oracle,traj,JB,0009,705,0.1520322561264038
KITTI,oracle,traj,JB,0009,706,0.2539135813713074
KITTI,oracle,traj,JB,0009,707,0.0
KITTI,oracle,traj,JB,0009,708,0.24798744916915894
KITTI,oracle,traj,JB,0009,709,0.0
KITTI,oracle,traj,JB,0009,710,0.10669058561325073
KITTI,oracle,traj,JB,0009,711,0.33763501048088074
KITTI,oracle,traj,JB,0009,712,0.5337026119232178
KITTI,oracle,traj,JB,0009,713,0.2240554392337799
KITTI,oracle,traj,JB,0009,714,0.11476477980613708
KITTI,oracle,traj,JB,0009,715,0.11920291185379028
KITTI,oracle,traj,JB,0009,716,0.0
KITTI,oracle,traj,JB,0009,717,0.17667162418365479
KITTI,oracle,traj,JB,0009,718,0.14318770170211792
KITTI,oracle,traj,JB,0009,719,0.13477590680122375
KITTI,oracle,traj,JB,0009,720,0.34147655963897705
KITTI,oracle,traj,JB,0009,721,0.20817893743515015
KITTI,oracle,traj,JB,0009,722,0.23651623725891113
KITTI,oracle,traj,JB,0009,723,0.1540575623512268
KITTI,oracle,traj,JB,0009,724,0.0
KITTI,oracle,traj,JB,0009,725,0.12085321545600891
KITTI,oracle,traj,JB,0009,726,0.1441488265991211
KITTI,oracle,traj,JB,0009,727,0.26236698031425476
KITTI,oracle,traj,JB,0009,728,0.6677443981170654
KITTI,oracle,traj,JB,0009,729,0.0
KITTI,oracle,traj,JB,0009,730,0.3071597218513489
KITTI,oracle,traj,JB,0009,731,0.2725428640842438
KITTI,oracle,traj,JB,0009,732,0.2961910367012024
KITTI,oracle,traj,JB,0009,733,0.17441028356552124
KITTI,oracle,traj,JB,0009,734,0.19314736127853394
KITTI,oracle,traj,JB,0009,735,0.1550784707069397
KITTI,oracle,traj,JB,0009,736,0.14318770170211792
KITTI,oracle,traj,JB,0009,737,0.0
KITTI,oracle,traj,JB,0009,738,0.18594717979431152
KITTI,oracle,traj,JB,0009,739,0.1980641782283783
KITTI,oracle,traj,JB,0009,740,0.20817893743515015
KITTI,oracle,traj,JB,0009,741,0.4236098527908325
KITTI,oracle,traj,JB,0009,742,0.2146914005279541
KITTI,oracle,traj,JB,0009,743,0.11357957124710083
KITTI,oracle,traj,JB,0009,744,0.31122761964797974
KITTI,oracle,traj,JB,0009,745,0.4093055725097656
KITTI,oracle,traj,JB,0009,746,0.20817893743515015
KITTI,oracle,traj,JB,0009,747,0.32325783371925354
KITTI,oracle,traj,JB,0009,748,0.18892180919647217
KITTI,oracle,traj,JB,0009,749,0.0
KITTI,oracle,traj,JB,0009,750,0.0
KITTI,oracle,traj,JB,0009,751,0.1520322561264038
KITTI,oracle,traj,JB,0009,752,0.16344544291496277
KITTI,oracle,traj,JB,0009,753,0.0
KITTI,oracle,traj,JB,0009,754,0.0
KITTI,oracle,traj,JB,0009,755,0.0
KITTI,oracle,traj,JB,0009,756,0.20625382661819458
KITTI,oracle,traj,JB,0009,757,0.0
KITTI,oracle,traj,JB,0009,758,0.0
KITTI,oracle,traj,JB,0009,759,0.0
KITTI,oracle,traj,JB,0009,760,0.1465752124786377
KITTI,oracle,traj,JB,0009,761,0.15052762627601624
KITTI,oracle,traj,JB,0009,762,0.1919327974319458
KITTI,oracle,traj,JB,0009,763,0.0
KITTI,oracle,traj,JB,0009,764,0.0
KITTI,oracle,traj,JB,0009,765,0.0
KITTI,oracle,traj,JB,0009,766,0.0
KITTI,oracle,traj,JB,0009,767,0.0
KITTI,oracle,traj,JB,0009,768,0.0
KITTI,oracle,traj,JB,0009,769,0.19559407234191895
KITTI,oracle,traj,JB,0009,770,0.2030746340751648
KITTI,oracle,traj,JB,0009,771,0.0
KITTI,oracle,traj,JB,0009,772,0.0
KITTI,oracle,traj,JB,0009,773,0.0
KITTI,oracle,traj,JB,0009,774,0.0
KITTI,oracle,traj,JB,0009,775,0.1755380630493164
KITTI,oracle,traj,JB,0009,776,0.0
KITTI,oracle,traj,JB,0009,777,0.239349365234375
KITTI,oracle,traj,JB,0009,778,0.18952107429504395
KITTI,oracle,traj,JB,0009,779,0.0
KITTI,oracle,traj,JB,0009,780,0.184767484664917
KITTI,oracle,traj,JB,0009,781,0.0
KITTI,oracle,traj,JB,0009,782,0.2838565707206726
KITTI,oracle,traj,JB,0009,783,0.0
KITTI,oracle,traj,JB,0009,784,0.0
KITTI,oracle,traj,JB,0009,785,0.0
KITTI,oracle,traj,JB,0009,786,0.0
KITTI,oracle,traj,JB,0009,787,0.0
KITTI,oracle,traj,JB,0009,788,0.0
KITTI,oracle,traj,JB,0009,789,0.10087859630584717
KITTI,oracle,traj,JB,0009,790,0.0
KITTI,oracle,traj,JB,0009,791,0.1175721287727356
KITTI,oracle,traj,JB,0009,792,0.11676400899887085
KITTI,oracle,traj,JB,0009,793,0.0
KITTI,oracle,traj,JB,0009,794,0.0
KITTI,oracle,traj,JB,0009,795,0.0
KITTI,oracle,traj,JB,0009,796,0.11047112941741943
KITTI,oracle,traj,JB,0009,797,0.18010663986206055
KITTI,oracle,traj,JB,0009,798,0.0
KITTI,oracle,traj,JB,0009,799,0.22000709176063538
KITTI,oracle,traj,JB,0009,800,0.11201596260070801
KITTI,oracle,traj,JB,0009,801,0.21191483736038208
KITTI,oracle,traj,JB,0009,802,0.36104318499565125
KITTI,oracle,traj,JB,0017,0,0.6754862070083618
KITTI,oracle,traj,JB,0017,1,0.23347792029380798
KITTI,oracle,traj,JB,0017,2,0.685329258441925
KITTI,oracle,traj,JB,0017,3,0.9662855267524719
KITTI,oracle,traj,JB,0017,4,1.083242028951645
KITTI,oracle,traj,JB,0017,5,0.9659454226493835
KITTI,oracle,traj,JB,0017,6,1.070834904909134
KITTI,oracle,traj,JB,0017,7,1.008653312921524
KITTI,oracle,traj,JB,0017,8,0.5529864132404327
KITTI,oracle,traj,JB,0017,9,0.5302484333515167
KITTI,oracle,traj,JB,0017,10,0.8158968389034271
KITTI,oracle,traj,JB,0017,11,0.517357587814331
KITTI,oracle,traj,JB,0017,12,1.1732755303382874
KITTI,oracle,traj,JB,0017,13,0.8858511447906494
KITTI,oracle,traj,JB,0017,14,1.2645985186100006
KITTI,oracle,traj,JB,0017,15,1.0936065912246704
KITTI,oracle,traj,JB,0017,16,0.6314162313938141
KITTI,oracle,traj,JB,0017,17,1.4975823760032654
KITTI,oracle,traj,JB,0017,18,1.535431981086731
KITTI,oracle,traj,JB,0017,19,1.2868384420871735
KITTI,oracle,traj,JB,0017,20,1.5866024792194366
KITTI,oracle,traj,JB,0017,21,1.6383476555347443
KITTI,oracle,traj,JB,0017,22,1.1607098579406738
KITTI,oracle,traj,JB,0017,23,1.345785230398178
KITTI,oracle,traj,JB,0017,24,0.3968620300292969
KITTI,oracle,traj,JB,0017,25,0.49787455797195435
KITTI,oracle,traj,JB,0017,26,0.7037124037742615
KITTI,oracle,traj,JB,0017,27,0.304054856300354
KITTI,oracle,traj,JB,0017,28,0.4623863697052002
KITTI,oracle,traj,JB,0017,29,0.6308322250843048
KITTI,oracle,traj,JB,0017,30,0.42620617151260376
KITTI,oracle,traj,JB,0017,31,0.4598497152328491
KITTI,oracle,traj,JB,0017,32,0.0
KITTI,oracle,traj,JB,0017,33,0.13386750221252441
KITTI,oracle,traj,JB,0017,34,0.1441488265991211
KITTI,oracle,traj,JB,0017,35,0.9424436390399933
KITTI,oracle,traj,JB,0017,36,0.4336734116077423
KITTI,oracle,traj,JB,0017,37,0.5788089036941528
KITTI,oracle,traj,JB,0017,38,0.12168577313423157
KITTI,oracle,traj,JB,0017,39,0.21693623065948486
KITTI,oracle,traj,JB,0017,40,0.29628798365592957
KITTI,oracle,traj,JB,0017,41,0.4910575747489929
KITTI,oracle,traj,JB,0017,42,0.574842780828476
KITTI,oracle,traj,JB,0017,43,0.24749267101287842
KITTI,oracle,traj,JB,0017,44,0.8088472783565521
KITTI,oracle,traj,JB,0017,45,0.6713104844093323
KITTI,oracle,traj,JB,0017,46,0.8369801938533783
KITTI,oracle,traj,JB,0017,47,0.8754358887672424
KITTI,oracle,traj,JB,0017,48,0.5260370671749115
KITTI,oracle,traj,JB,0017,49,0.103748619556427
KITTI,oracle,traj,JB,0017,50,0.8999357223510742
KITTI,oracle,traj,JB,0017,51,2.2630071938037872
KITTI,oracle,traj,JB,0017,52,1.4110394418239594
KITTI,oracle,traj,JB,0017,53,1.7123388946056366
KITTI,oracle,traj,JB,0017,54,1.233151525259018
KITTI,oracle,traj,JB,0017,55,1.4589396119117737
KITTI,oracle,traj,JB,0017,56,1.8981930315494537
KITTI,oracle,traj,JB,0017,57,0.9955644011497498
KITTI,oracle,traj,JB,0017,58,0.5549657940864563
KITTI,oracle,traj,JB,0017,59,0.6082743406295776
KITTI,oracle,traj,JB,0017,60,1.4609868228435516
KITTI,oracle,traj,JB,0017,61,1.2860165238380432
KITTI,oracle,traj,JB,0017,62,1.2437498569488525
KITTI,oracle,traj,JB,0017,63,0.8896957635879517
KITTI,oracle,traj,JB,0017,64,1.2639555037021637
KITTI,oracle,traj,JB,0017,65,0.49802467226982117
KITTI,oracle,traj,JB,0017,66,0.8953585624694824
KITTI,oracle,traj,JB,0017,67,0.5900768637657166
KITTI,oracle,traj,JB,0017,68,0.5340635776519775
KITTI,oracle,traj,JB,0017,69,0.6057031750679016
KITTI,oracle,traj,JB,0017,70,0.7658826112747192
KITTI,oracle,traj,JB,0017,71,0.9414110481739044
KITTI,oracle,traj,JB,0017,72,0.8007796406745911
KITTI,oracle,traj,JB,0017,73,0.7003200352191925
KITTI,oracle,traj,JB,0017,74,0.49453067779541016
KITTI,oracle,traj,JB,0017,75,0.3953568935394287
KITTI,oracle,traj,JB,0017,76,0.544598251581192
KITTI,oracle,traj,JB,0017,77,0.39811810851097107
KITTI,oracle,traj,JB,0017,78,0.4174126982688904
KITTI,oracle,traj,JB,0017,79,0.6213325560092926
KITTI,oracle,traj,JB,0017,80,0.5181127190589905
KITTI,oracle,traj,JB,0017,81,0.8569888472557068
KITTI,oracle,traj,JB,0017,82,0.9999783635139465
KITTI,oracle,traj,JB,0017,83,0.5614599585533142
KITTI,oracle,traj,JB,0017,84,0.5353584587574005
KITTI,oracle,traj,JB,0017,85,0.4435690641403198
KITTI,oracle,traj,JB,0017,86,0.5504240393638611
KITTI,oracle,traj,JB,0017,87,0.537246435880661
KITTI,oracle,traj,JB,0017,88,0.5788404643535614
KITTI,oracle,traj,JB,0017,89,0.5974364280700684
KITTI,oracle,traj,JB,0017,90,0.662804901599884
KITTI,oracle,traj,JB,0017,91,0.7842955887317657
KITTI,oracle,traj,JB,0017,92,1.0055989623069763
KITTI,oracle,traj,JB,0017,93,0.44829660654067993
KITTI,oracle,traj,JB,0017,94,0.4891450107097626
KITTI,oracle,traj,JB,0017,95,0.5579843521118164
KITTI,oracle,traj,JB,0017,96,0.7460563778877258
KITTI,oracle,traj,JB,0017,97,0.4234165847301483
KITTI,oracle,traj,JB,0017,98,0.7118214070796967
KITTI,oracle,traj,JB,0017,99,0.7626504898071289
KITTI,oracle,traj,JB,0017,100,0.7811674773693085
KITTI,oracle,traj,JB,0017,101,0.6703912615776062
KITTI,oracle,traj,JB,0017,102,0.5709592998027802
KITTI,oracle,traj,JB,0017,103,0.7321570217609406
KITTI,oracle,traj,JB,0017,104,0.5380347073078156
KITTI,oracle,traj,JB,0017,105,0.7031591236591339
KITTI,oracle,traj,JB,0017,106,0.7424611151218414
KITTI,oracle,traj,JB,0017,107,0.3993171155452728
KITTI,oracle,traj,JB,0017,108,0.4520522654056549
KITTI,oracle,traj,JB,0017,109,0.40684813261032104
KITTI,oracle,traj,JB,0017,110,0.5911506712436676
KITTI,oracle,traj,JB,0017,111,0.8346694111824036
KITTI,oracle,traj,JB,0017,112,0.7398251593112946
KITTI,oracle,traj,JB,0017,113,0.2141372263431549
KITTI,oracle,traj,JB,0017,114,0.22746312618255615
KITTI,oracle,traj,JB,0017,115,0.5522621273994446
KITTI,oracle,traj,JB,0017,116,0.7203883826732635
KITTI,oracle,traj,JB,0017,117,0.4936155378818512
KITTI,oracle,traj,JB,0017,118,0.5052683353424072
KITTI,oracle,traj,JB,0017,119,0.5562390685081482
KITTI,oracle,traj,JB,0017,120,1.115116149187088
KITTI,oracle,traj,JB,0017,121,0.8465933799743652
KITTI,oracle,traj,JB,0017,122,0.8421682715415955
KITTI,oracle,traj,JB,0017,123,1.0063285529613495
KITTI,oracle,traj,JB,0017,124,0.619917094707489
KITTI,oracle,traj,JB,0017,125,0.8590756952762604
KITTI,oracle,traj,JB,0017,126,0.9904232025146484
KITTI,oracle,traj,JB,0017,127,0.6950459778308868
KITTI,oracle,traj,JB,0017,128,0.7718623280525208
KITTI,oracle,traj,JB,0017,129,0.9405743479728699
KITTI,oracle,traj,JB,0017,130,0.7066202759742737
KITTI,oracle,traj,JB,0017,131,0.7994101643562317
KITTI,oracle,traj,JB,0017,132,0.8651142120361328
KITTI,oracle,traj,JB,0017,133,0.981520801782608
KITTI,oracle,traj,JB,0017,134,0.8385117053985596
KITTI,oracle,traj,JB,0017,135,0.9520832002162933
KITTI,oracle,traj,JB,0017,136,0.6379076242446899
KITTI,oracle,traj,JB,0017,137,0.7728956043720245
KITTI,oracle,traj,JB,0017,138,0.9979249835014343
KITTI,oracle,traj,JB,0017,139,0.5900022685527802
KITTI,oracle,traj,JB,0017,140,0.7212141752243042
KITTI,oracle,traj,JB,0017,141,0.8060392439365387
KITTI,oracle,traj,JB,0017,142,1.067821741104126
KITTI,oracle,traj,JB,0017,143,1.2298615872859955
KITTI,oracle,traj,JB,0017,144,0.9600871503353119
KITTI,oracle,traj,JB,0018,0,0.0
KITTI,oracle,traj,JB,0018,1,0.0
KITTI,oracle,traj,JB,0018,2,0.0
KITTI,oracle,traj,JB,0018,3,0.0
KITTI,oracle,traj,JB,0018,4,0.0
KITTI,oracle,traj,JB,0018,5,0.0
KITTI,oracle,traj,JB,0018,6,0.0
KITTI,oracle,traj,JB,0018,7,0.120025634765625
KITTI,oracle,traj,JB,0018,8,0.0
KITTI,oracle,traj,JB,0018,9,0.11201596260070801
KITTI,oracle,traj,JB,0018,10,0.0
KITTI,oracle,traj,JB,0018,11,0.1352320909500122
KITTI,oracle,traj,JB,0018,12,0.2429233193397522
KITTI,oracle,traj,JB,0018,13,0.0
KITTI,oracle,traj,JB,0018,14,0.0
KITTI,oracle,traj,JB,0018,15,0.0
KITTI,oracle,traj,JB,0018,16,0.0
KITTI,oracle,traj,JB,0018,17,0.0
KITTI,oracle,traj,JB,0018,18,0.0
KITTI,oracle,traj,JB,0018,19,0.0
KITTI,oracle,traj,JB,0018,20,0.0
KITTI,oracle,traj,JB,0018,21,0.0
KITTI,oracle,traj,JB,0018,22,0.0
KITTI,oracle,traj,JB,0018,23,0.0
KITTI,oracle,traj,JB,0018,24,0.15102779865264893
KITTI,oracle,traj,JB,0018,25,0.0
KITTI,oracle,traj,JB,0018,26,0.0
KITTI,oracle,traj,JB,0018,27,0.0
KITTI,oracle,traj,JB,0018,28,0.0
KITTI,oracle,traj,JB,0018,29,0.0
KITTI,oracle,traj,JB,0018,30,0.0
KITTI,oracle,traj,JB,0018,31,0.0
KITTI,oracle,traj,JB,0018,32,0.13432103395462036
KITTI,oracle,traj,JB,0018,33,0.0
KITTI,oracle,traj,JB,0018,34,0.14560061693191528
KITTI,oracle,traj,JB,0018,35,0.2917407751083374
KITTI,oracle,traj,JB,0018,36,0.2409561574459076
KITTI,oracle,traj,JB,0018,37,0.3241214156150818
KITTI,oracle,traj,JB,0018,38,0.11124122142791748
KITTI,oracle,traj,JB,0018,39,0.0
KITTI,oracle,traj,JB,0018,40,0.11636176705360413
KITTI,oracle,traj,JB,0018,41,0.13296425342559814
KITTI,oracle,traj,JB,0018,42,0.0
KITTI,oracle,traj,JB,0018,43,0.24264097213745117
KITTI,oracle,traj,JB,0018,44,0.0
KITTI,oracle,traj,JB,0018,45,0.0
KITTI,oracle,traj,JB,0018,46,0.0
KITTI,oracle,traj,JB,0018,47,0.0
KITTI,oracle,traj,JB,0018,48,0.0
KITTI,oracle,traj,JB,0018,49,0.0
KITTI,oracle,traj,JB,0018,50,0.0
KITTI,oracle,traj,JB,0018,51,0.2133771777153015
KITTI,oracle,traj,JB,0018,52,0.1755380630493164
KITTI,oracle,traj,JB,0018,53,0.14608722925186157
KITTI,oracle,traj,JB,0018,54,0.103024423122406
KITTI,oracle,traj,JB,0018,55,0.5482088625431061
KITTI,oracle,traj,JB,0018,56,0.15869519114494324
KITTI,oracle,traj,JB,0018,57,0.4459715187549591
KITTI,oracle,traj,JB,0018,58,0.0
KITTI,oracle,traj,JB,0018,59,0.5676691830158234
KITTI,oracle,traj,JB,0018,60,0.41161152720451355
KITTI,oracle,traj,JB,0018,61,0.1427091360092163
KITTI,oracle,traj,JB,0018,62,0.13432103395462036
KITTI,oracle,traj,JB,0018,63,0.0
KITTI,oracle,traj,JB,0018,64,0.3811986744403839
KITTI,oracle,traj,JB,0018,65,0.46454769372940063
KITTI,oracle,traj,JB,0018,66,0.34748727083206177
KITTI,oracle,traj,JB,0018,67,0.13341522216796875
KITTI,oracle,traj,JB,0018,68,0.20817893743515015
KITTI,oracle,traj,JB,0018,69,0.17838266491889954
KITTI,oracle,traj,JB,0018,70,0.4295487701892853
KITTI,oracle,traj,JB,0018,71,0.16184943914413452
KITTI,oracle,traj,JB,0018,72,0.28318363428115845
KITTI,oracle,traj,JB,0018,73,0.23249763250350952
KITTI,oracle,traj,JB,0018,74,0.2146914005279541
KITTI,oracle,traj,JB,0018,75,0.34217363595962524
KITTI,oracle,traj,JB,0018,76,0.29312488436698914
KITTI,oracle,traj,JB,0018,77,0.37859949469566345
KITTI,oracle,traj,JB,0018,78,0.4705888032913208
KITTI,oracle,traj,JB,0018,79,0.4890747666358948
KITTI,oracle,traj,JB,0018,80,0.6032696962356567
KITTI,oracle,traj,JB,0018,81,0.2451748549938202
KITTI,oracle,traj,JB,0018,82,0.12808823585510254
KITTI,oracle,traj,JB,0018,83,0.1525365114212036
KITTI,oracle,traj,JB,0018,84,0.3425353765487671
KITTI,oracle,traj,JB,0018,85,0.4938446283340454
KITTI,oracle,traj,JB,0018,86,0.10894504189491272
KITTI,oracle,traj,JB,0018,87,0.10158944129943848
KITTI,oracle,traj,JB,0018,88,0.10521054267883301
KITTI,oracle,traj,JB,0018,89,0.6495895981788635
KITTI,oracle,traj,JB,0018,90,0.7438107430934906
KITTI,oracle,traj,JB,0018,91,0.2146914005279541
KITTI,oracle,traj,JB,0018,92,0.49868735671043396
KITTI,oracle,traj,JB,0018,93,0.5000995993614197
KITTI,oracle,traj,JB,0018,94,0.44529497623443604
KITTI,oracle,traj,JB,0018,95,0.11636176705360413
KITTI,oracle,traj,JB,0018,96,0.2240554392337799
KITTI,oracle,traj,JB,0018,97,0.13296425342559814
KITTI,oracle,traj,JB,0018,98,0.13660842180252075
KITTI,oracle,traj,JB,0018,99,0.0
KITTI,oracle,traj,JB,0018,100,0.0
KITTI,oracle,traj,JB,0018,101,0.21601152420043945
KITTI,oracle,traj,JB,0018,102,0.36252641677856445
KITTI,oracle,traj,JB,0018,103,0.3904218077659607
KITTI,oracle,traj,JB,0018,104,0.5314878523349762
KITTI,oracle,traj,JB,0018,105,0.3087082505226135
KITTI,oracle,traj,JB,0018,106,0.4267217814922333
KITTI,oracle,traj,JB,0018,107,0.17895588278770447
KITTI,oracle,traj,JB,0018,108,0.0
KITTI,oracle,traj,JB,0018,109,0.0
KITTI,oracle,traj,JB,0018,110,0.20817893743515015
KITTI,oracle,traj,JB,0018,111,0.4044819474220276
KITTI,oracle,traj,JB,0018,112,0.34718093276023865
KITTI,oracle,traj,JB,0018,113,0.14128142595291138
KITTI,oracle,traj,JB,0018,114,0.0
KITTI,oracle,traj,JB,0018,115,0.0
KITTI,oracle,traj,JB,0018,116,0.0
KITTI,oracle,traj,JB,0018,117,0.0
KITTI,oracle,traj,JB,0018,118,0.1949802041053772
KITTI,oracle,traj,JB,0018,119,0.17838266491889954
KITTI,oracle,traj,JB,0018,120,0.208823561668396
KITTI,oracle,traj,JB,0018,121,0.0
KITTI,oracle,traj,JB,0018,122,0.3195885121822357
KITTI,oracle,traj,JB,0018,123,0.13706976175308228
KITTI,oracle,traj,JB,0018,124,0.12808823585510254
KITTI,oracle,traj,JB,0018,125,0.23792991042137146
KITTI,oracle,traj,JB,0018,126,0.14463144540786743
KITTI,oracle,traj,JB,0018,127,0.0
KITTI,oracle,traj,JB,0018,128,0.0
KITTI,oracle,traj,JB,0018,129,0.0
KITTI,oracle,traj,JB,0018,130,0.10017222166061401
KITTI,oracle,traj,JB,0018,131,0.11716747283935547
KITTI,oracle,traj,JB,0018,132,0.13986563682556152
KITTI,oracle,traj,JB,0018,133,0.2527381479740143
KITTI,oracle,traj,JB,0018,134,0.12421301007270813
KITTI,oracle,traj,JB,0018,135,0.25723132491111755
KITTI,oracle,traj,JB,0018,136,0.12896329164505005
KITTI,oracle,traj,JB,0018,137,0.13939636945724487
KITTI,oracle,traj,JB,0018,138,0.12085321545600891
KITTI,oracle,traj,JB,0018,139,0.10594826936721802
KITTI,oracle,traj,JB,0018,140,0.33848026394844055
KITTI,oracle,traj,JB,0018,141,0.49022185802459717
KITTI,oracle,traj,JB,0018,142,0.10266399383544922
KITTI,oracle,traj,JB,0018,143,0.1581743359565735
KITTI,oracle,traj,JB,0018,144,0.3005127012729645
KITTI,oracle,traj,JB,0018,145,0.40328115224838257
KITTI,oracle,traj,JB,0018,146,0.26988664269447327
KITTI,oracle,traj,JB,0018,147,0.20689404010772705
KITTI,oracle,traj,JB,0018,148,0.30360543727874756
KITTI,oracle,traj,JB,0018,149,0.17384850978851318
KITTI,oracle,traj,JB,0018,150,0.2850485146045685
KITTI,oracle,traj,JB,0018,151,0.19993209838867188
KITTI,oracle,traj,JB,0018,152,0.5733436048030853
KITTI,oracle,traj,JB,0018,153,0.0
KITTI,oracle,traj,JB,0018,154,0.0
KITTI,oracle,traj,JB,0018,155,0.0
KITTI,oracle,traj,JB,0018,156,0.15713685750961304
KITTI,oracle,traj,JB,0018,157,0.0
KITTI,oracle,traj,JB,0018,158,0.0
KITTI,oracle,traj,JB,0018,159,0.38334208726882935
KITTI,oracle,traj,JB,0018,160,0.752989798784256
KITTI,oracle,traj,JB,0018,161,0.7891816794872284
KITTI,oracle,traj,JB,0018,162,0.4924297630786896
KITTI,oracle,traj,JB,0018,163,0.9160422682762146
KITTI,oracle,traj,JB,0018,164,0.18242552876472473
KITTI,oracle,traj,JB,0018,165,0.35761865973472595
KITTI,oracle,traj,JB,0018,166,0.17441028356552124
KITTI,oracle,traj,JB,0018,167,0.22953522205352783
KITTI,oracle,traj,JB,0018,168,0.4092702865600586
KITTI,oracle,traj,JB,0018,169,0.30953001976013184
KITTI,oracle,traj,JB,0018,170,0.3438991904258728
KITTI,oracle,traj,JB,0018,171,0.2890940308570862
KITTI,oracle,traj,JB,0018,172,0.20247691869735718
KITTI,oracle,traj,JB,0018,173,0.30909016728401184
KITTI,oracle,traj,JB,0018,174,0.16238003969192505
KITTI,oracle,traj,JB,0018,175,0.11676400899887085
KITTI,oracle,traj,JB,0018,176,0.37705084681510925
KITTI,oracle,traj,JB,0018,177,0.5819643139839172
KITTI,oracle,traj,JB,0018,178,0.65914586186409
KITTI,oracle,traj,JB,0018,179,0.5395863652229309
KITTI,oracle,traj,JB,0018,180,0.7888935804367065
KITTI,oracle,traj,JB,0018,181,0.11124122142791748
KITTI,oracle,traj,JB,0018,182,0.5832844376564026
KITTI,oracle,traj,JB,0018,183,0.578824371099472
KITTI,oracle,traj,JB,0018,184,0.5155647397041321
KITTI,oracle,traj,JB,0018,185,0.602739006280899
KITTI,oracle,traj,JB,0018,186,0.5490067303180695
KITTI,oracle,traj,JB,0018,187,0.4557930827140808
KITTI,oracle,traj,JB,0018,188,0.4201098680496216
KITTI,oracle,traj,JB,0018,189,0.13706976175308228
KITTI,oracle,traj,JB,0018,190,0.5432614982128143
KITTI,oracle,traj,JB,0018,191,0.30330324172973633
KITTI,oracle,traj,JB,0018,192,0.1465752124786377
KITTI,oracle,traj,JB,0018,193,0.3282712697982788
KITTI,oracle,traj,JB,0018,194,0.2675144672393799
KITTI,oracle,traj,JB,0018,195,0.10230469703674316
KITTI,oracle,traj,JB,0018,196,0.6407884061336517
KITTI,oracle,traj,JB,0018,197,0.2557768225669861
KITTI,oracle,traj,JB,0018,198,0.2562809884548187
KITTI,oracle,traj,JB,0018,199,0.3290455639362335
KITTI,oracle,traj,JB,0018,200,0.5149521231651306
KITTI,oracle,traj,JB,0018,201,0.2114168107509613
KITTI,oracle,traj,JB,0018,202,0.2267836332321167
KITTI,oracle,traj,JB,0018,203,0.35720232129096985
KITTI,oracle,traj,JB,0018,204,0.25172877311706543
KITTI,oracle,traj,JB,0018,205,0.5489922165870667
KITTI,oracle,traj,JB,0018,206,0.24145960807800293
KITTI,oracle,traj,JB,0018,207,0.775333046913147
KITTI,oracle,traj,JB,0018,208,0.27271968126296997
KITTI,oracle,traj,JB,0018,209,0.0
KITTI,oracle,traj,JB,0018,210,0.5020690858364105
KITTI,oracle,traj,JB,0018,211,0.3678545355796814
KITTI,oracle,traj,JB,0018,212,0.24991390109062195
KITTI,oracle,traj,JB,0018,213,0.0
KITTI,oracle,traj,JB,0018,214,0.20817893743515015
KITTI,oracle,traj,JB,0018,215,0.0
KITTI,oracle,traj,JB,0018,216,0.0
KITTI,oracle,traj,JB,0018,217,0.188323974609375
KITTI,oracle,traj,JB,0018,218,0.113973468542099
KITTI,oracle,traj,JB,0018,219,0.29933464527130127
KITTI,oracle,traj,JB,0018,220,0.1716158390045166
KITTI,oracle,traj,JB,0018,221,0.22953522205352783
KITTI,oracle,traj,JB,0018,222,0.18242552876472473
KITTI,oracle,traj,JB,0018,223,0.3886330723762512
KITTI,oracle,traj,JB,0018,224,0.2351083755493164
KITTI,oracle,traj,JB,0018,225,0.18892180919647217
KITTI,oracle,traj,JB,0018,226,0.35988306999206543
KITTI,oracle,traj,JB,0018,227,0.18010663986206055
KITTI,oracle,traj,JB,0018,228,0.2240554392337799
KITTI,oracle,traj,JB,0018,229,0.0
KITTI,oracle,traj,JB,0018,230,0.0
KITTI,oracle,traj,JB,0018,231,0.0
KITTI,oracle,traj,JB,0018,232,0.0
KITTI,oracle,traj,JB,0018,233,0.24364244937896729
KITTI,oracle,traj,JB,0018,234,0.12043881416320801
KITTI,oracle,traj,JB,0018,235,0.5354969203472137
KITTI,oracle,traj,JB,0018,236,0.0
KITTI,oracle,traj,JB,0018,237,0.5679406523704529
KITTI,oracle,traj,JB,0018,238,0.0
KITTI,oracle,traj,JB,0018,239,0.1259227693080902
KITTI,oracle,traj,JB,0018,240,0.17781084775924683
KITTI,oracle,traj,JB,0018,241,0.23512879014015198
KITTI,oracle,traj,JB,0018,242,0.14854055643081665
KITTI,oracle,traj,JB,0018,243,0.2133771777153015
KITTI,oracle,traj,JB,0018,244,0.4369913935661316
KITTI,oracle,traj,JB,0018,245,0.0
KITTI,oracle,traj,JB,0018,246,0.18713268637657166
KITTI,oracle,traj,JB,0018,247,0.22135066986083984
KITTI,oracle,traj,JB,0018,248,0.1980641782283783
KITTI,oracle,traj,JB,0018,249,0.4104965031147003
KITTI,oracle,traj,JB,0018,250,0.3565231263637543
KITTI,oracle,traj,JB,0018,251,0.8159428536891937
KITTI,oracle,traj,JB,0018,252,1.2624003887176514
KITTI,oracle,traj,JB,0018,253,0.33802658319473267
KITTI,oracle,traj,JB,0018,254,0.1795305609703064
KITTI,oracle,traj,JB,0018,255,0.35332390666007996
KITTI,oracle,traj,JB,0018,256,0.28379926085472107
KITTI,oracle,traj,JB,0018,257,0.44941768050193787
KITTI,oracle,traj,JB,0018,258,0.7146106064319611
KITTI,oracle,traj,JB,0018,259,0.444537490606308
KITTI,oracle,traj,JB,0018,260,0.7479323744773865
KITTI,oracle,traj,JB,0018,261,0.3935225009918213
KITTI,oracle,traj,JB,0018,262,0.3954542577266693
KITTI,oracle,traj,JB,0018,263,0.15713685750961304
KITTI,oracle,traj,JB,0018,264,0.38076910376548767
KITTI,oracle,traj,JB,0018,265,0.677604079246521
KITTI,oracle,traj,JB,0018,266,0.5173527300357819
KITTI,oracle,traj,JB,0018,267,0.38686642050743103
KITTI,oracle,traj,JB,0018,268,0.4875295162200928
KITTI,oracle,traj,JB,0018,269,0.46960362792015076
KITTI,oracle,traj,JB,0018,270,0.21481305360794067
KITTI,oracle,traj,JB,0018,271,0.4813278913497925
KITTI,oracle,traj,JB,0018,272,0.184767484664917
KITTI,oracle,traj,JB,0018,273,0.103748619556427
KITTI,oracle,traj,JB,0018,274,0.0
KITTI,oracle,traj,JB,0018,275,0.24364244937896729
KITTI,oracle,traj,JB,0018,276,0.0
KITTI,oracle,traj,JB,0018,277,0.12852513790130615
KITTI,oracle,traj,JB,0018,278,0.0
KITTI,oracle,traj,JB,0018,279,0.24944725632667542
KITTI,oracle,traj,JB,0018,280,0.10894504189491272
KITTI,oracle,traj,JB,0018,281,0.14511537551879883
KITTI,oracle,traj,JB,0018,282,0.15713685750961304
KITTI,oracle,traj,JB,0018,283,0.0
KITTI,oracle,traj,JB,0018,284,0.1772405207157135
KITTI,oracle,traj,JB,0018,285,0.12085321545600891
KITTI,oracle,traj,JB,0018,286,0.0
KITTI,oracle,traj,JB,0018,287,0.17781084775924683
KITTI,oracle,traj,JB,0018,288,0.16344544291496277
KITTI,oracle,traj,JB,0018,289,0.0
KITTI,oracle,traj,JB,0018,290,0.33403679728507996
KITTI,oracle,traj,JB,0018,291,0.0
KITTI,oracle,traj,JB,0018,292,0.41447240114212036
KITTI,oracle,traj,JB,0018,293,0.1250653862953186
KITTI,oracle,traj,JB,0018,294,0.23651623725891113
KITTI,oracle,traj,JB,0018,295,0.43619194626808167
KITTI,oracle,traj,JB,0018,296,0.6256816387176514
KITTI,oracle,traj,JB,0018,297,0.38454023003578186
KITTI,oracle,traj,JB,0018,298,0.1175721287727356
KITTI,oracle,traj,JB,0018,299,0.0
KITTI,oracle,traj,JB,0018,300,0.3799785077571869
KITTI,oracle,traj,JB,0018,301,0.6474441289901733
KITTI,oracle,traj,JB,0018,302,1.0779615342617035
KITTI,oracle,traj,JB,0018,303,0.26301655173301697
KITTI,oracle,traj,JB,0018,304,0.0
KITTI,oracle,traj,JB,0018,305,0.40535107254981995
KITTI,oracle,traj,JB,0018,306,0.3573647439479828
KITTI,oracle,traj,JB,0018,307,0.7951540648937225
KITTI,oracle,traj,JB,0018,308,0.42057788372039795
KITTI,oracle,traj,JB,0018,309,0.15921741724014282
KITTI,oracle,traj,JB,0018,310,0.2812562882900238
KITTI,oracle,traj,JB,0018,311,0.10594826936721802
KITTI,oracle,traj,JB,0018,312,0.0
KITTI,oracle,traj,JB,0018,313,0.4929376542568207
KITTI,oracle,traj,JB,0018,314,0.9517633616924286
KITTI,oracle,traj,JB,0018,315,0.5841688513755798
KITTI,oracle,traj,JB,0018,316,0.38632479310035706
KITTI,oracle,traj,JB,0018,317,0.42204931378364563
KITTI,oracle,traj,JB,0018,318,0.11279541254043579
KITTI,oracle,traj,JB,0018,319,0.11596071720123291
KITTI,oracle,traj,JB,0018,320,0.16940587759017944
KITTI,oracle,traj,JB,0018,321,0.5480072200298309
KITTI,oracle,traj,JB,0018,322,0.0
KITTI,oracle,traj,JB,0018,323,0.2576028108596802
KITTI,oracle,traj,JB,0018,324,0.48064255714416504
KITTI,oracle,traj,JB,0018,325,0.48974916338920593
KITTI,oracle,traj,JB,0018,326,0.30951741337776184
KITTI,oracle,traj,JB,0018,327,0.0
KITTI,oracle,traj,JB,0018,328,0.0
KITTI,oracle,traj,JB,0018,329,0.11476477980613708
KITTI,oracle,traj,JB,0018,330,0.22000709176063538
KITTI,oracle,traj,JB,0018,331,0.2995487451553345
KITTI,oracle,traj,JB,0018,332,0.24944725632667542
KITTI,oracle,traj,JB,0018,333,0.2980695962905884
KITTI,oracle,traj,JB,0018,334,0.3945469856262207
KITTI,oracle,traj,JB,0018,335,0.22135066986083984
KITTI,oracle,traj,JB,0018,336,0.13706976175308228
KITTI,oracle,traj,JB,0018,337,0.11124122142791748
KITTI,oracle,traj,JB,0018,338,0.6428470015525818
KITTI,oracle,traj,JB,0019,0,0.9037844836711884
KITTI,oracle,traj,JB,0019,1,1.0111854374408722
KITTI,oracle,traj,JB,0019,2,0.8425473570823669
KITTI,oracle,traj,JB,0019,3,0.8738915026187897
KITTI,oracle,traj,JB,0019,4,0.9429084360599518
KITTI,oracle,traj,JB,0019,5,0.9576545059680939
KITTI,oracle,traj,JB,0019,6,1.3395312130451202
KITTI,oracle,traj,JB,0019,7,1.3024223148822784
KITTI,oracle,traj,JB,0019,8,0.845336377620697
KITTI,oracle,traj,JB,0019,9,0.7259840369224548
KITTI,oracle,traj,JB,0019,10,0.9703843593597412
KITTI,oracle,traj,JB,0019,11,0.8348260521888733
KITTI,oracle,traj,JB,0019,12,0.4310486316680908
KITTI,oracle,traj,JB,0019,13,0.9999980628490448
KITTI,oracle,traj,JB,0019,14,0.9785583913326263
KITTI,oracle,traj,JB,0019,15,0.5929940640926361
KITTI,oracle,traj,JB,0019,16,0.7415842413902283
KITTI,oracle,traj,JB,0019,17,0.9607556462287903
KITTI,oracle,traj,JB,0019,18,1.3846044540405273
KITTI,oracle,traj,JB,0019,19,1.6131623685359955
KITTI,oracle,traj,JB,0019,20,0.7855382263660431
KITTI,oracle,traj,JB,0019,21,0.889726847410202
KITTI,oracle,traj,JB,0019,22,0.389350950717926
KITTI,oracle,traj,JB,0019,23,0.44713813066482544
KITTI,oracle,traj,JB,0019,24,0.7526837885379791
KITTI,oracle,traj,JB,0019,25,0.37384963035583496
KITTI,oracle,traj,JB,0019,26,0.8145221471786499
KITTI,oracle,traj,JB,0019,27,1.2501772940158844
KITTI,oracle,traj,JB,0019,28,0.9426963925361633
KITTI,oracle,traj,JB,0019,29,0.3438647985458374
KITTI,oracle,traj,JB,0019,30,0.8771452903747559
KITTI,oracle,traj,JB,0019,31,0.6707007884979248
KITTI,oracle,traj,JB,0019,32,1.439795047044754
KITTI,oracle,traj,JB,0019,33,0.9077824354171753
KITTI,oracle,traj,JB,0019,34,0.6205941140651703
KITTI,oracle,traj,JB,0019,35,0.24963662028312683
KITTI,oracle,traj,JB,0019,36,0.5646117627620697
KITTI,oracle,traj,JB,0019,37,0.7296596765518188
KITTI,oracle,traj,JB,0019,38,1.4343547821044922
KITTI,oracle,traj,JB,0019,39,0.7766321003437042
KITTI,oracle,traj,JB,0019,40,0.5310932099819183
KITTI,oracle,traj,JB,0019,41,0.9716768562793732
KITTI,oracle,traj,JB,0019,42,0.9819355905056
KITTI,oracle,traj,JB,0019,43,0.6518785953521729
KITTI,oracle,traj,JB,0019,44,1.2316197752952576
KITTI,oracle,traj,JB,0019,45,0.5343682765960693
KITTI,oracle,traj,JB,0019,46,0.336132287979126
KITTI,oracle,traj,JB,0019,47,0.39029455184936523
KITTI,oracle,traj,JB,0019,48,0.5203494429588318
KITTI,oracle,traj,JB,0019,49,0.4508729577064514
KITTI,oracle,traj,JB,0019,50,0.6207300126552582
KITTI,oracle,traj,JB,0019,51,0.6365323066711426
KITTI,oracle,traj,JB,0019,52,0.9835838973522186
KITTI,oracle,traj,JB,0019,53,0.7334660589694977
KITTI,oracle,traj,JB,0019,54,0.9889974594116211
KITTI,oracle,traj,JB,0019,55,1.2952763438224792
KITTI,oracle,traj,JB,0019,56,0.7344091534614563
KITTI,oracle,traj,JB,0019,57,0.9276765882968903
KITTI,oracle,traj,JB,0019,58,0.32697874307632446
KITTI,oracle,traj,JB,0019,59,0.5870874226093292
KITTI,oracle,traj,JB,0019,60,0.13296425342559814
KITTI,oracle,traj,JB,0019,61,0.2511988580226898
KITTI,oracle,traj,JB,0019,62,0.6783030033111572
KITTI,oracle,traj,JB,0019,63,0.27888762950897217
KITTI,oracle,traj,JB,0019,64,0.0
KITTI,oracle,traj,JB,0019,65,1.039972871541977
KITTI,oracle,traj,JB,0019,66,0.8279087543487549
KITTI,oracle,traj,JB,0019,67,0.948676586151123
KITTI,oracle,traj,JB,0019,68,1.4265943765640259
KITTI,oracle,traj,JB,0019,69,0.795300304889679
KITTI,oracle,traj,JB,0019,70,0.7289751470088959
KITTI,oracle,traj,JB,0019,71,0.224187433719635
KITTI,oracle,traj,JB,0019,72,0.5009398460388184
KITTI,oracle,traj,JB,0019,73,0.866786390542984
KITTI,oracle,traj,JB,0019,74,0.5241865813732147
KITTI,oracle,traj,JB,0019,75,0.21403354406356812
KITTI,oracle,traj,JB,0019,76,0.6901598572731018
KITTI,oracle,traj,JB,0019,77,0.7841891348361969
KITTI,oracle,traj,JB,0019,78,0.41023117303848267
KITTI,oracle,traj,JB,0019,79,0.2916959524154663
KITTI,oracle,traj,JB,0019,80,0.39221975207328796
KITTI,oracle,traj,JB,0019,81,0.8240334093570709
KITTI,oracle,traj,JB,0019,82,0.8044097125530243
KITTI,oracle,traj,JB,0019,83,1.0644822120666504
KITTI,oracle,traj,JB,0019,84,1.9000657498836517
KITTI,oracle,traj,JB,0019,85,1.1487314999103546
KITTI,oracle,traj,JB,0019,86,1.1209238767623901
KITTI,oracle,traj,JB,0019,87,1.8020435273647308
KITTI,oracle,traj,JB,0019,88,1.9815857112407684
KITTI,oracle,traj,JB,0019,89,1.5244514644145966
KITTI,oracle,traj,JB,0019,90,1.282302051782608
KITTI,oracle,traj,JB,0019,91,1.8013395965099335
KITTI,oracle,traj,JB,0019,92,2.3810730576515198
KITTI,oracle,traj,JB,0019,93,1.620375007390976
KITTI,oracle,traj,JB,0019,94,2.221023052930832
KITTI,oracle,traj,JB,0019,95,1.4744693040847778
KITTI,oracle,traj,JB,0019,96,2.0620245039463043
KITTI,oracle,traj,JB,0019,97,2.1955931186676025
KITTI,oracle,traj,JB,0019,98,1.896428495645523
KITTI,oracle,traj,JB,0019,99,2.0797193348407745
KITTI,oracle,traj,JB,0019,100,2.3031826317310333
KITTI,oracle,traj,JB,0019,101,2.463441789150238
KITTI,oracle,traj,JB,0019,102,2.169053941965103
KITTI,oracle,traj,JB,0019,103,1.9119210839271545
KITTI,oracle,traj,JB,0019,104,3.862033098936081
KITTI,oracle,traj,JB,0019,105,2.920093685388565
KITTI,oracle,traj,JB,0019,106,3.152824193239212
KITTI,oracle,traj,JB,0019,107,2.8118483126163483
KITTI,oracle,traj,JB,0019,108,3.7416672706604004
KITTI,oracle,traj,JB,0019,109,3.3500905632972717
KITTI,oracle,traj,JB,0019,110,3.3981277346611023
KITTI,oracle,traj,JB,0019,111,2.284405142068863
KITTI,oracle,traj,JB,0019,112,2.402231514453888
KITTI,oracle,traj,JB,0019,113,1.1893528997898102
KITTI,oracle,traj,JB,0019,114,1.9199192821979523
KITTI,oracle,traj,JB,0019,115,1.579844892024994
KITTI,oracle,traj,JB,0019,116,2.1589832603931427
KITTI,oracle,traj,JB,0019,117,1.991723358631134
KITTI,oracle,traj,JB,0019,118,1.9753646552562714
KITTI,oracle,traj,JB,0019,119,2.244691640138626
KITTI,oracle,traj,JB,0019,120,1.8569194376468658
KITTI,oracle,traj,JB,0019,121,2.607476085424423
KITTI,oracle,traj,JB,0019,122,2.477890223264694
KITTI,oracle,traj,JB,0019,123,2.3641417026519775
KITTI,oracle,traj,JB,0019,124,1.413112461566925
KITTI,oracle,traj,JB,0019,125,1.3385347425937653
KITTI,oracle,traj,JB,0019,126,1.3197231590747833
KITTI,oracle,traj,JB,0019,127,0.7247852683067322
KITTI,oracle,traj,JB,0019,128,1.2205255925655365
KITTI,oracle,traj,JB,0019,129,1.2165688574314117
KITTI,oracle,traj,JB,0019,130,0.8564997017383575
KITTI,oracle,traj,JB,0019,131,1.6262678802013397
KITTI,oracle,traj,JB,0019,132,1.1659165024757385
KITTI,oracle,traj,JB,0019,133,1.3563831448554993
KITTI,oracle,traj,JB,0019,134,0.8501599729061127
KITTI,oracle,traj,JB,0019,135,0.9495340287685394
KITTI,oracle,traj,JB,0019,136,0.7932144403457642
KITTI,oracle,traj,JB,0019,137,0.549811452627182
KITTI,oracle,traj,JB,0019,138,1.102173775434494
KITTI,oracle,traj,JB,0019,139,1.0660784542560577
KITTI,oracle,traj,JB,0019,140,0.48840707540512085
KITTI,oracle,traj,JB,0019,141,0.9832233786582947
KITTI,oracle,traj,JB,0019,142,1.0895346105098724
KITTI,oracle,traj,JB,0019,143,1.351936012506485
KITTI,oracle,traj,JB,0019,144,1.061337649822235
KITTI,oracle,traj,JB,0019,145,1.191622644662857
KITTI,oracle,traj,JB,0019,146,1.7306786179542542
KITTI,oracle,traj,JB,0019,147,1.3442573547363281
KITTI,oracle,traj,JB,0019,148,1.1141681671142578
KITTI,oracle,traj,JB,0019,149,0.733779102563858
KITTI,oracle,traj,JB,0019,150,1.8798096179962158
KITTI,oracle,traj,JB,0019,151,1.3061164319515228
KITTI,oracle,traj,JB,0019,152,1.745907336473465
KITTI,oracle,traj,JB,0019,153,1.1141638159751892
KITTI,oracle,traj,JB,0019,154,0.6998679339885712
KITTI,oracle,traj,JB,0019,155,1.2364130318164825
KITTI,oracle,traj,JB,0019,156,1.4777645468711853
KITTI,oracle,traj,JB,0019,157,2.458391934633255
KITTI,oracle,traj,JB,0019,158,2.3459012508392334
KITTI,oracle,traj,JB,0019,159,1.7979045808315277
KITTI,oracle,traj,JB,0019,160,1.7771320044994354
KITTI,oracle,traj,JB,0019,161,2.6592613756656647
KITTI,oracle,traj,JB,0019,162,1.4933750629425049
KITTI,oracle,traj,JB,0019,163,2.3276867866516113
KITTI,oracle,traj,JB,0019,164,1.8513002693653107
KITTI,oracle,traj,JB,0019,165,2.760559380054474
KITTI,oracle,traj,JB,0019,166,2.0651092529296875
KITTI,oracle,traj,JB,0019,167,1.7290737628936768
KITTI,oracle,traj,JB,0019,168,1.6382029056549072
KITTI,oracle,traj,JB,0019,169,2.1819320619106293
KITTI,oracle,traj,JB,0019,170,2.1275097727775574
KITTI,oracle,traj,JB,0019,171,1.7316942512989044
KITTI,oracle,traj,JB,0019,172,2.395537257194519
KITTI,oracle,traj,JB,0019,173,2.3733795285224915
KITTI,oracle,traj,JB,0019,174,1.758376806974411
KITTI,oracle,traj,JB,0019,175,1.3801501393318176
KITTI,oracle,traj,JB,0019,176,2.0834580063819885
KITTI,oracle,traj,JB,0019,177,1.6296934187412262
KITTI,oracle,traj,JB,0019,178,1.4966997504234314
KITTI,oracle,traj,JB,0019,179,1.636400192975998
KITTI,oracle,traj,JB,0019,180,1.2406845092773438
KITTI,oracle,traj,JB,0019,181,1.9625831842422485
KITTI,oracle,traj,JB,0019,182,2.8421448469161987
KITTI,oracle,traj,JB,0019,183,2.9648101329803467
KITTI,oracle,traj,JB,0019,184,3.4940165281295776
KITTI,oracle,traj,JB,0019,185,3.419387102127075
KITTI,oracle,traj,JB,0019,186,2.8226245641708374
KITTI,oracle,traj,JB,0019,187,1.7368332147598267
KITTI,oracle,traj,JB,0019,188,3.1431472301483154
KITTI,oracle,traj,JB,0019,189,2.225472629070282
KITTI,oracle,traj,JB,0019,190,2.7480239868164062
KITTI,oracle,traj,JB,0019,191,3.7452941238880157
KITTI,oracle,traj,JB,0019,192,2.2425615191459656
KITTI,oracle,traj,JB,0019,193,2.394189476966858
KITTI,oracle,traj,JB,0019,194,2.9895284175872803
KITTI,oracle,traj,JB,0019,195,3.165939211845398
KITTI,oracle,traj,JB,0019,196,3.422986149787903
KITTI,oracle,traj,JB,0019,197,2.7424747347831726
KITTI,oracle,traj,JB,0019,198,2.6529413163661957
KITTI,oracle,traj,JB,0019,199,3.1271552741527557
KITTI,oracle,traj,JB,0019,200,2.6327865719795227
KITTI,oracle,traj,JB,0019,201,3.012881577014923
KITTI,oracle,traj,JB,0019,202,3.6852596402168274
KITTI,oracle,traj,JB,0019,203,3.3502898514270782
KITTI,oracle,traj,JB,0019,204,3.8877022564411163
KITTI,oracle,traj,JB,0019,205,2.8488655388355255
KITTI,oracle,traj,JB,0019,206,2.1730138063430786
KITTI,oracle,traj,JB,0019,207,3.1869865357875824
KITTI,oracle,traj,JB,0019,208,1.9524975419044495
KITTI,oracle,traj,JB,0019,209,2.299598217010498
KITTI,oracle,traj,JB,0019,210,2.3514702916145325
KITTI,oracle,traj,JB,0019,211,2.4154713451862335
KITTI,oracle,traj,JB,0019,212,3.1506922245025635
KITTI,oracle,traj,JB,0019,213,2.8089583218097687
KITTI,oracle,traj,JB,0019,214,3.7597720623016357
KITTI,oracle,traj,JB,0019,215,2.253769099712372
KITTI,oracle,traj,JB,0019,216,2.872263789176941
KITTI,oracle,traj,JB,0019,217,1.8732120394706726
KITTI,oracle,traj,JB,0019,218,2.3774654865264893
KITTI,oracle,traj,JB,0019,219,2.703483074903488
KITTI,oracle,traj,JB,0019,220,2.474982351064682
KITTI,oracle,traj,JB,0019,221,2.3539630472660065
KITTI,oracle,traj,JB,0019,222,2.0682367384433746
KITTI,oracle,traj,JB,0019,223,2.223565310239792
KITTI,oracle,traj,JB,0019,224,1.757589966058731
KITTI,oracle,traj,JB,0019,225,1.873355209827423
KITTI,oracle,traj,JB,0019,226,2.564239352941513
KITTI,oracle,traj,JB,0019,227,2.662004292011261
KITTI,oracle,traj,JB,0019,228,2.362294912338257
KITTI,oracle,traj,JB,0019,229,2.4335065484046936
KITTI,oracle,traj,JB,0019,230,1.5152280926704407
KITTI,oracle,traj,JB,0019,231,1.4854958057403564
KITTI,oracle,traj,JB,0019,232,1.6191608905792236
KITTI,oracle,traj,JB,0019,233,2.446620434522629
KITTI,oracle,traj,JB,0019,234,2.652264803647995
KITTI,oracle,traj,JB,0019,235,2.584669381380081
KITTI,oracle,traj,JB,0019,236,1.9586408734321594
KITTI,oracle,traj,JB,0019,237,2.6237763464450836
KITTI,oracle,traj,JB,0019,238,1.94441619515419
KITTI,oracle,traj,JB,0019,239,2.2038581669330597
KITTI,oracle,traj,JB,0019,240,1.9040848314762115
KITTI,oracle,traj,JB,0019,241,2.7490524351596832
KITTI,oracle,traj,JB,0019,242,2.281981259584427
KITTI,oracle,traj,JB,0019,243,2.2529286444187164
KITTI,oracle,traj,JB,0019,244,2.9073857963085175
KITTI,oracle,traj,JB,0019,245,2.6045773029327393
KITTI,oracle,traj,JB,0019,246,2.730901539325714
KITTI,oracle,traj,JB,0019,247,2.501070737838745
KITTI,oracle,traj,JB,0019,248,2.5733805894851685
KITTI,oracle,traj,JB,0019,249,3.413069635629654
KITTI,oracle,traj,JB,0019,250,1.6255983710289001
KITTI,oracle,traj,JB,0019,251,2.372246593236923
KITTI,oracle,traj,JB,0019,252,1.926552027463913
KITTI,oracle,traj,JB,0019,253,2.184221625328064
KITTI,oracle,traj,JB,0019,254,2.180435359477997
KITTI,oracle,traj,JB,0019,255,1.2852376699447632
KITTI,oracle,traj,JB,0019,256,1.2742446064949036
KITTI,oracle,traj,JB,0019,257,1.6192459762096405
KITTI,oracle,traj,JB,0019,258,2.016369104385376
KITTI,oracle,traj,JB,0019,259,1.5124466717243195
KITTI,oracle,traj,JB,0019,260,1.7169109582901
KITTI,oracle,traj,JB,0019,261,2.3724730014801025
KITTI,oracle,traj,JB,0019,262,1.3999697268009186
KITTI,oracle,traj,JB,0019,263,1.9306764006614685
KITTI,oracle,traj,JB,0019,264,0.8684684634208679
KITTI,oracle,traj,JB,0019,265,1.0917911529541016
KITTI,oracle,traj,JB,0019,266,1.108457624912262
KITTI,oracle,traj,JB,0019,267,2.0933749675750732
KITTI,oracle,traj,JB,0019,268,0.6956353485584259
KITTI,oracle,traj,JB,0019,269,0.6247116327285767
KITTI,oracle,traj,JB,0019,270,0.24188348650932312
KITTI,oracle,traj,JB,0019,271,0.3929447531700134
KITTI,oracle,traj,JB,0019,272,0.8266887664794922
KITTI,oracle,traj,JB,0019,273,0.5182141065597534
KITTI,oracle,traj,JB,0019,274,0.9669266045093536
KITTI,oracle,traj,JB,0019,275,0.9105435013771057
KITTI,oracle,traj,JB,0019,276,0.6495792269706726
KITTI,oracle,traj,JB,0019,277,0.9095646739006042
KITTI,oracle,traj,JB,0019,278,1.189173012971878
KITTI,oracle,traj,JB,0019,279,1.1610354483127594
KITTI,oracle,traj,JB,0019,280,1.3038543164730072
KITTI,oracle,traj,JB,0019,281,1.1252143681049347
KITTI,oracle,traj,JB,0019,282,0.5946758091449738
KITTI,oracle,traj,JB,0019,283,0.42569562792778015
KITTI,oracle,traj,JB,0019,284,1.0262913703918457
KITTI,oracle,traj,JB,0019,285,1.5202330648899078
KITTI,oracle,traj,JB,0019,286,1.3400700390338898
KITTI,oracle,traj,JB,0019,287,1.4284078478813171
KITTI,oracle,traj,JB,0019,288,0.6704383790493011
KITTI,oracle,traj,JB,0019,289,0.26235154271125793
KITTI,oracle,traj,JB,0019,290,1.0544490218162537
KITTI,oracle,traj,JB,0019,291,0.8529593050479889
KITTI,oracle,traj,JB,0019,292,0.48164814710617065
KITTI,oracle,traj,JB,0019,293,1.1816228330135345
KITTI,oracle,traj,JB,0019,294,0.9366318583488464
KITTI,oracle,traj,JB,0019,295,1.1026962101459503
KITTI,oracle,traj,JB,0019,296,0.6401635110378265
KITTI,oracle,traj,JB,0019,297,1.0284520983695984
KITTI,oracle,traj,JB,0019,298,0.7582364976406097
KITTI,oracle,traj,JB,0019,299,1.1819774508476257
KITTI,oracle,traj,JB,0019,300,0.8190105855464935
KITTI,oracle,traj,JB,0019,301,0.8885749280452728
KITTI,oracle,traj,JB,0019,302,1.568642407655716
KITTI,oracle,traj,JB,0019,303,1.3438472151756287
KITTI,oracle,traj,JB,0019,304,1.5925749838352203
KITTI,oracle,traj,JB,0019,305,1.823165386915207
KITTI,oracle,traj,JB,0019,306,1.0424456000328064
KITTI,oracle,traj,JB,0019,307,1.422142118215561
KITTI,oracle,traj,JB,0019,308,1.2193719148635864
KITTI,oracle,traj,JB,0019,309,0.8234677612781525
KITTI,oracle,traj,JB,0019,310,0.758275717496872
KITTI,oracle,traj,JB,0019,311,0.5351696610450745
KITTI,oracle,traj,JB,0019,312,0.8496210277080536
KITTI,oracle,traj,JB,0019,313,1.8214593529701233
KITTI,oracle,traj,JB,0019,314,0.651250958442688
KITTI,oracle,traj,JB,0019,315,0.7261549830436707
KITTI,oracle,traj,JB,0019,316,0.8683609664440155
KITTI,oracle,traj,JB,0019,317,1.053621917963028
KITTI,oracle,traj,JB,0019,318,1.2646882832050323
KITTI,oracle,traj,JB,0019,319,0.9017471075057983
KITTI,oracle,traj,JB,0019,320,0.8146646320819855
KITTI,oracle,traj,JB,0019,321,0.9690054357051849
KITTI,oracle,traj,JB,0019,322,0.8442379832267761
KITTI,oracle,traj,JB,0019,323,0.6518220603466034
KITTI,oracle,traj,JB,0019,324,1.7879166901111603
KITTI,oracle,traj,JB,0019,325,1.1419092118740082
KITTI,oracle,traj,JB,0019,326,1.5099822282791138
KITTI,oracle,traj,JB,0019,327,1.0151913464069366
KITTI,oracle,traj,JB,0019,328,1.4084330797195435
KITTI,oracle,traj,JB,0019,329,0.21827220916748047
KITTI,oracle,traj,JB,0019,330,0.8394698202610016
KITTI,oracle,traj,JB,0019,331,1.2976586520671844
KITTI,oracle,traj,JB,0019,332,0.9362457394599915
KITTI,oracle,traj,JB,0019,333,1.5295321643352509
KITTI,oracle,traj,JB,0019,334,0.6654755175113678
KITTI,oracle,traj,JB,0019,335,1.063795119524002
KITTI,oracle,traj,JB,0019,336,0.7931440472602844
KITTI,oracle,traj,JB,0019,337,0.9683909118175507
KITTI,oracle,traj,JB,0019,338,0.11676400899887085
KITTI,oracle,traj,JB,0019,339,0.5509010255336761
KITTI,oracle,traj,JB,0019,340,0.8105747103691101
KITTI,oracle,traj,JB,0019,341,0.11299100518226624
KITTI,oracle,traj,JB,0019,342,0.5551822483539581
KITTI,oracle,traj,JB,0019,343,1.0838341116905212
KITTI,oracle,traj,JB,0019,344,0.6423595547676086
KITTI,oracle,traj,JB,0019,345,0.16344544291496277
KITTI,oracle,traj,JB,0019,346,0.8752653002738953
KITTI,oracle,traj,JB,0019,347,0.5678288042545319
KITTI,oracle,traj,JB,0019,348,1.1131541430950165
KITTI,oracle,traj,JB,0019,349,0.0
KITTI,oracle,traj,JB,0019,350,0.4784621000289917
KITTI,oracle,traj,JB,0019,351,0.8987788259983063
KITTI,oracle,traj,JB,0019,352,0.8712588548660278
KITTI,oracle,traj,JB,0019,353,0.35998374223709106
KITTI,oracle,traj,JB,0019,354,0.3447065055370331
KITTI,oracle,traj,JB,0019,355,0.8689247667789459
KITTI,oracle,traj,JB,0019,356,0.7487656474113464
KITTI,oracle,traj,JB,0019,357,0.997422069311142
KITTI,oracle,traj,JB,0019,358,0.9523791968822479
KITTI,oracle,traj,JB,0019,359,1.1452234089374542
KITTI,oracle,traj,JB,0019,360,0.9256671071052551
KITTI,oracle,traj,JB,0019,361,0.8672513365745544
KITTI,oracle,traj,JB,0019,362,0.6546032130718231
KITTI,oracle,traj,JB,0019,363,0.9179679155349731
KITTI,oracle,traj,JB,0019,364,0.8422524929046631
KITTI,oracle,traj,JB,0019,365,0.9116339087486267
KITTI,oracle,traj,JB,0019,366,0.6659021377563477
KITTI,oracle,traj,JB,0019,367,0.8738011121749878
KITTI,oracle,traj,JB,0019,368,1.4131255149841309
KITTI,oracle,traj,JB,0019,369,1.9727939367294312
KITTI,oracle,traj,JB,0019,370,1.0621208548545837
KITTI,oracle,traj,JB,0019,371,0.9709911346435547
KITTI,oracle,traj,JB,0019,372,1.042086511850357
KITTI,oracle,traj,JB,0019,373,0.6866768300533295
KITTI,oracle,traj,JB,0019,374,1.0376804769039154
KITTI,oracle,traj,JB,0019,375,0.9034237861633301
KITTI,oracle,traj,JB,0019,376,1.224079430103302
KITTI,oracle,traj,JB,0019,377,1.1165644228458405
KITTI,oracle,traj,JB,0019,378,0.3174895942211151
KITTI,oracle,traj,JB,0019,379,1.3832544386386871
KITTI,oracle,traj,JB,0019,380,0.8098529875278473
KITTI,oracle,traj,JB,0019,381,1.0482675433158875
KITTI,oracle,traj,JB,0019,382,0.3189612329006195
KITTI,oracle,traj,JB,0019,383,0.9779011905193329
KITTI,oracle,traj,JB,0019,384,0.678021103143692
KITTI,oracle,traj,JB,0019,385,1.2864864766597748
KITTI,oracle,traj,JB,0019,386,0.8665572702884674
KITTI,oracle,traj,JB,0019,387,1.095920890569687
KITTI,oracle,traj,JB,0019,388,1.2771141529083252
KITTI,oracle,traj,JB,0019,389,1.4748799800872803
KITTI,oracle,traj,JB,0019,390,1.4956394731998444
KITTI,oracle,traj,JB,0019,391,1.0961390137672424
KITTI,oracle,traj,JB,0019,392,1.2842861413955688
KITTI,oracle,traj,JB,0019,393,0.2462208867073059
KITTI,oracle,traj,JB,0019,394,1.2439855635166168
KITTI,oracle,traj,JB,0019,395,1.0768067240715027
KITTI,oracle,traj,JB,0019,396,0.4646102786064148
KITTI,oracle,traj,JB,0019,397,1.3020503520965576
KITTI,oracle,traj,JB,0019,398,0.9120846688747406
KITTI,oracle,traj,JB,0019,399,0.9393447041511536
KITTI,oracle,traj,JB,0019,400,1.369873434305191
KITTI,oracle,traj,JB,0019,401,1.30146124958992
KITTI,oracle,traj,JB,0019,402,0.5718294680118561
KITTI,oracle,traj,JB,0019,403,1.128496676683426
KITTI,oracle,traj,JB,0019,404,1.6748007237911224
KITTI,oracle,traj,JB,0019,405,1.0716552138328552
KITTI,oracle,traj,JB,0019,406,0.11636176705360413
KITTI,oracle,traj,JB,0019,407,0.5867382287979126
KITTI,oracle,traj,JB,0019,408,0.7673157453536987
KITTI,oracle,traj,JB,0019,409,1.146081268787384
KITTI,oracle,traj,JB,0019,410,0.37862515449523926
KITTI,oracle,traj,JB,0019,411,1.3396617770195007
KITTI,oracle,traj,JB,0019,412,0.8661521971225739
KITTI,oracle,traj,JB,0019,413,0.821882575750351
KITTI,oracle,traj,JB,0019,414,0.984429121017456
KITTI,oracle,traj,JB,0019,415,1.0577138364315033
KITTI,oracle,traj,JB,0019,416,0.7366226613521576
KITTI,oracle,traj,JB,0019,417,0.5157900750637054
KITTI,oracle,traj,JB,0019,418,1.0693491995334625
KITTI,oracle,traj,JB,0019,419,0.4027766287326813
KITTI,oracle,traj,JB,0019,420,1.4171684980392456
KITTI,oracle,traj,JB,0019,421,0.9608823359012604
KITTI,oracle,traj,JB,0019,422,1.4705075323581696
KITTI,oracle,traj,JB,0019,423,1.0772784352302551
KITTI,oracle,traj,JB,0019,424,0.42203661799430847
KITTI,oracle,traj,JB,0019,425,0.8796099722385406
KITTI,oracle,traj,JB,0019,426,1.0031375586986542
KITTI,oracle,traj,JB,0019,427,1.0594502389431
KITTI,oracle,traj,JB,0019,428,0.9756968319416046
KITTI,oracle,traj,JB,0019,429,0.390561044216156
KITTI,oracle,traj,JB,0019,430,0.7217423021793365
KITTI,oracle,traj,JB,0019,431,1.015516608953476
KITTI,oracle,traj,JB,0019,432,1.5340618193149567
KITTI,oracle,traj,JB,0019,433,1.8684944808483124
KITTI,oracle,traj,JB,0019,434,1.2132992446422577
KITTI,oracle,traj,JB,0019,435,0.8195535242557526
KITTI,oracle,traj,JB,0019,436,0.7156841158866882
KITTI,oracle,traj,JB,0019,437,1.398950219154358
KITTI,oracle,traj,JB,0019,438,1.049293041229248
KITTI,oracle,traj,JB,0019,439,1.488414317369461
KITTI,oracle,traj,JB,0019,440,1.5833030343055725
KITTI,oracle,traj,JB,0019,441,0.7735041677951813
KITTI,oracle,traj,JB,0019,442,0.563667505979538
KITTI,oracle,traj,JB,0019,443,0.4946155250072479
KITTI,oracle,traj,JB,0019,444,0.9718457162380219
KITTI,oracle,traj,JB,0019,445,0.6517458856105804
KITTI,oracle,traj,JB,0019,446,1.4022014439105988
KITTI,oracle,traj,JB,0019,447,0.5426916480064392
KITTI,oracle,traj,JB,0019,448,0.8163248300552368
KITTI,oracle,traj,JB,0019,449,0.4734092354774475
KITTI,oracle,traj,JB,0019,450,0.22815650701522827
KITTI,oracle,traj,JB,0019,451,1.0030820965766907
KITTI,oracle,traj,JB,0019,452,0.40385884046554565
KITTI,oracle,traj,JB,0019,453,0.8976359367370605
KITTI,oracle,traj,JB,0019,454,1.569780021905899
KITTI,oracle,traj,JB,0019,455,0.7228042483329773
KITTI,oracle,traj,JB,0019,456,1.0627532303333282
KITTI,oracle,traj,JB,0019,457,0.8864390552043915
KITTI,oracle,traj,JB,0019,458,0.802210122346878
KITTI,oracle,traj,JB,0019,459,1.2595092952251434
KITTI,oracle,traj,JB,0019,460,0.6029081344604492
KITTI,oracle,traj,JB,0019,461,0.43755441904067993
KITTI,oracle,traj,JB,0019,462,1.3158991038799286
KITTI,oracle,traj,JB,0019,463,1.142356276512146
KITTI,oracle,traj,JB,0019,464,0.41836410760879517
KITTI,oracle,traj,JB,0019,465,0.6585916578769684
KITTI,oracle,traj,JB,0019,466,0.29305142164230347
KITTI,oracle,traj,JB,0019,467,0.7525152862071991
KITTI,oracle,traj,JB,0019,468,1.8023143410682678
KITTI,oracle,traj,JB,0019,469,0.6878162622451782
KITTI,oracle,traj,JB,0019,470,1.4778928756713867
KITTI,oracle,traj,JB,0019,471,1.681443214416504
KITTI,oracle,traj,JB,0019,472,1.372455358505249
KITTI,oracle,traj,JB,0019,473,0.8676237165927887
KITTI,oracle,traj,JB,0019,474,1.6687761545181274
KITTI,oracle,traj,JB,0019,475,1.6202109456062317
KITTI,oracle,traj,JB,0019,476,2.0849473774433136
KITTI,oracle,traj,JB,0019,477,1.428959220647812
KITTI,oracle,traj,JB,0019,478,0.6277391612529755
KITTI,oracle,traj,JB,0019,479,1.3142938613891602
KITTI,oracle,traj,JB,0019,480,1.4123078882694244
KITTI,oracle,traj,JB,0019,481,1.4868022501468658
KITTI,oracle,traj,JB,0019,482,1.1094888746738434
KITTI,oracle,traj,JB,0019,483,1.173309087753296
KITTI,oracle,traj,JB,0019,484,1.0067343711853027
KITTI,oracle,traj,JB,0019,485,1.167946070432663
KITTI,oracle,traj,JB,0019,486,1.7798019647598267
KITTI,oracle,traj,JB,0019,487,1.690779983997345
KITTI,oracle,traj,JB,0019,488,0.6725121140480042
KITTI,oracle,traj,JB,0019,489,0.6306557357311249
KITTI,oracle,traj,JB,0019,490,1.8488068282604218
KITTI,oracle,traj,JB,0019,491,0.9016162157058716
KITTI,oracle,traj,JB,0019,492,1.3364372551441193
KITTI,oracle,traj,JB,0019,493,0.9076462388038635
KITTI,oracle,traj,JB,0019,494,1.719834953546524
KITTI,oracle,traj,JB,0019,495,0.8282797038555145
KITTI,oracle,traj,JB,0019,496,1.4543103575706482
KITTI,oracle,traj,JB,0019,497,1.4367065131664276
KITTI,oracle,traj,JB,0019,498,1.3044695854187012
KITTI,oracle,traj,JB,0019,499,1.59518763422966
KITTI,oracle,traj,JB,0019,500,1.449198454618454
KITTI,oracle,traj,JB,0019,501,1.705915629863739
KITTI,oracle,traj,JB,0019,502,2.2696219384670258
KITTI,oracle,traj,JB,0019,503,1.0410796403884888
KITTI,oracle,traj,JB,0019,504,1.7463476657867432
KITTI,oracle,traj,JB,0019,505,1.6695047318935394
KITTI,oracle,traj,JB,0019,506,1.0773869156837463
KITTI,oracle,traj,JB,0019,507,1.3665924072265625
KITTI,oracle,traj,JB,0019,508,0.8699859380722046
KITTI,oracle,traj,JB,0019,509,0.49959617853164673
KITTI,oracle,traj,JB,0019,510,0.8838756680488586
KITTI,oracle,traj,JB,0019,511,0.4034194350242615
KITTI,oracle,traj,JB,0019,512,0.93105548620224
KITTI,oracle,traj,JB,0019,513,0.8047929406166077
KITTI,oracle,traj,JB,0019,514,1.615597277879715
KITTI,oracle,traj,JB,0019,515,0.885308563709259
KITTI,oracle,traj,JB,0019,516,1.356147289276123
KITTI,oracle,traj,JB,0019,517,0.7330195009708405
KITTI,oracle,traj,JB,0019,518,1.5853064954280853
KITTI,oracle,traj,JB,0019,519,0.7625730931758881
KITTI,oracle,traj,JB,0019,520,0.6893365681171417
KITTI,oracle,traj,JB,0019,521,0.47728028893470764
KITTI,oracle,traj,JB,0019,522,0.5980431735515594
KITTI,oracle,traj,JB,0019,523,0.735368013381958
KITTI,oracle,traj,JB,0019,524,1.7377729713916779
KITTI,oracle,traj,JB,0019,525,1.321635127067566
KITTI,oracle,traj,JB,0019,526,1.4557215571403503
KITTI,oracle,traj,JB,0019,527,0.9954163134098053
KITTI,oracle,traj,JB,0019,528,0.28544747829437256
KITTI,oracle,traj,JB,0019,529,1.1576380729675293
KITTI,oracle,traj,JB,0019,530,1.028044193983078
KITTI,oracle,traj,JB,0019,531,0.9534177482128143
KITTI,oracle,traj,JB,0019,532,0.8935610353946686
KITTI,oracle,traj,JB,0019,533,0.7404592335224152
KITTI,oracle,traj,JB,0019,534,2.083357185125351
KITTI,oracle,traj,JB,0019,535,1.8491440117359161
KITTI,oracle,traj,JB,0019,536,3.216516613960266
KITTI,oracle,traj,JB,0019,537,1.780725508928299
KITTI,oracle,traj,JB,0019,538,1.3773886263370514
KITTI,oracle,traj,JB,0019,539,1.5038284957408905
KITTI,oracle,traj,JB,0019,540,1.1901467740535736
KITTI,oracle,traj,JB,0019,541,1.6160039603710175
KITTI,oracle,traj,JB,0019,542,1.5146199464797974
KITTI,oracle,traj,JB,0019,543,1.804435908794403
KITTI,oracle,traj,JB,0019,544,0.9436951279640198
KITTI,oracle,traj,JB,0019,545,1.4631792604923248
KITTI,oracle,traj,JB,0019,546,1.1008595824241638
KITTI,oracle,traj,JB,0019,547,1.7335155308246613
KITTI,oracle,traj,JB,0019,548,2.0995092391967773
KITTI,oracle,traj,JB,0019,549,1.6504176259040833
KITTI,oracle,traj,JB,0019,550,1.642135739326477
KITTI,oracle,traj,JB,0019,551,1.891243040561676
KITTI,oracle,traj,JB,0019,552,1.3081769347190857
KITTI,oracle,traj,JB,0019,553,2.6945788264274597
KITTI,oracle,traj,JB,0019,554,1.9980856776237488
KITTI,oracle,traj,JB,0019,555,1.3941640853881836
KITTI,oracle,traj,JB,0019,556,2.38059401512146
KITTI,oracle,traj,JB,0019,557,2.685173213481903
KITTI,oracle,traj,JB,0019,558,1.7134274542331696
KITTI,oracle,traj,JB,0019,559,1.3893249332904816
KITTI,oracle,traj,JB,0019,560,1.4877256155014038
KITTI,oracle,traj,JB,0019,561,1.4943719804286957
KITTI,oracle,traj,JB,0019,562,2.4028458893299103
KITTI,oracle,traj,JB,0019,563,2.10134020447731
KITTI,oracle,traj,JB,0019,564,1.6116762161254883
KITTI,oracle,traj,JB,0019,565,1.4685780107975006
KITTI,oracle,traj,JB,0019,566,1.8507772982120514
KITTI,oracle,traj,JB,0019,567,1.4537663161754608
KITTI,oracle,traj,JB,0019,568,0.895532488822937
KITTI,oracle,traj,JB,0019,569,2.1138855516910553
KITTI,oracle,traj,JB,0019,570,1.6232098639011383
KITTI,oracle,traj,JB,0019,571,1.4589214026927948
KITTI,oracle,traj,JB,0019,572,1.1617242693901062
KITTI,oracle,traj,JB,0019,573,1.7164893746376038
KITTI,oracle,traj,JB,0019,574,1.976364552974701
KITTI,oracle,traj,JB,0019,575,2.3981438875198364
KITTI,oracle,traj,JB,0019,576,2.054349899291992
KITTI,oracle,traj,JB,0019,577,0.7141278684139252
KITTI,oracle,traj,JB,0019,578,1.937615692615509
KITTI,oracle,traj,JB,0019,579,1.7743270993232727
KITTI,oracle,traj,JB,0019,580,1.0393045842647552
KITTI,oracle,traj,JB,0019,581,1.5474362671375275
KITTI,oracle,traj,JB,0019,582,0.8946667909622192
KITTI,oracle,traj,JB,0019,583,1.1559046506881714
KITTI,oracle,traj,JB,0019,584,1.3841876685619354
KITTI,oracle,traj,JB,0019,585,0.8081263899803162
KITTI,oracle,traj,JB,0019,586,1.4075786471366882
KITTI,oracle,traj,JB,0019,587,0.26726847887039185
KITTI,oracle,traj,JB,0019,588,0.7513834536075592
KITTI,oracle,traj,JB,0019,589,1.3132547438144684
KITTI,oracle,traj,JB,0019,590,1.2579513788223267
KITTI,oracle,traj,JB,0019,591,1.9835199415683746
KITTI,oracle,traj,JB,0019,592,1.3656843304634094
KITTI,oracle,traj,JB,0019,593,1.6539568901062012
KITTI,oracle,traj,JB,0019,594,1.3304240107536316
KITTI,oracle,traj,JB,0019,595,1.7956633865833282
KITTI,oracle,traj,JB,0019,596,0.917376697063446
KITTI,oracle,traj,JB,0019,597,0.5982498228549957
KITTI,oracle,traj,JB,0019,598,1.4221851825714111
KITTI,oracle,traj,JB,0019,599,1.5093784034252167
KITTI,oracle,traj,JB,0019,600,1.1878971755504608
KITTI,oracle,traj,JB,0019,601,0.937425971031189
KITTI,oracle,traj,JB,0019,602,1.6958221197128296
KITTI,oracle,traj,JB,0019,603,1.0829288363456726
KITTI,oracle,traj,JB,0019,604,0.8358548879623413
KITTI,oracle,traj,JB,0019,605,1.2039800584316254
KITTI,oracle,traj,JB,0019,606,1.2343631088733673
KITTI,oracle,traj,JB,0019,607,1.874452382326126
KITTI,oracle,traj,JB,0019,608,0.978005975484848
KITTI,oracle,traj,JB,0019,609,0.8632107973098755
KITTI,oracle,traj,JB,0019,610,1.8926949799060822
KITTI,oracle,traj,JB,0019,611,1.6187593042850494
KITTI,oracle,traj,JB,0019,612,0.9101661741733551
KITTI,oracle,traj,JB,0019,613,1.2931089103221893
KITTI,oracle,traj,JB,0019,614,1.0893223881721497
KITTI,oracle,traj,JB,0019,615,0.5775319933891296
KITTI,oracle,traj,JB,0019,616,0.6167525053024292
KITTI,oracle,traj,JB,0019,617,0.7974652945995331
KITTI,oracle,traj,JB,0019,618,0.8994858264923096
KITTI,oracle,traj,JB,0019,619,1.8520652055740356
KITTI,oracle,traj,JB,0019,620,1.8667068183422089
KITTI,oracle,traj,JB,0019,621,0.94032222032547
KITTI,oracle,traj,JB,0019,622,0.6869404315948486
KITTI,oracle,traj,JB,0019,623,1.8811887204647064
KITTI,oracle,traj,JB,0019,624,2.065891742706299
KITTI,oracle,traj,JB,0019,625,1.1469512283802032
KITTI,oracle,traj,JB,0019,626,1.573574036359787
KITTI,oracle,traj,JB,0019,627,1.2331666052341461
KITTI,oracle,traj,JB,0019,628,0.920156866312027
KITTI,oracle,traj,JB,0019,629,1.1327748000621796
KITTI,oracle,traj,JB,0019,630,0.20869123935699463
KITTI,oracle,traj,JB,0019,631,0.0
KITTI,oracle,traj,JB,0019,632,1.2133126258850098
KITTI,oracle,traj,JB,0019,633,0.8812572360038757
KITTI,oracle,traj,JB,0019,634,0.6820911169052124
KITTI,oracle,traj,JB,0019,635,0.36794450879096985
KITTI,oracle,traj,JB,0019,636,0.5262494087219238
KITTI,oracle,traj,JB,0019,637,0.5939366519451141
KITTI,oracle,traj,JB,0019,638,0.9019040465354919
KITTI,oracle,traj,JB,0019,639,1.286859780550003
KITTI,oracle,traj,JB,0019,640,0.9843471944332123
KITTI,oracle,traj,JB,0019,641,1.0591523945331573
KITTI,oracle,traj,JB,0019,642,0.18010663986206055
KITTI,oracle,traj,JB,0019,643,0.596476823091507
KITTI,oracle,traj,JB,0019,644,0.9816660583019257
KITTI,oracle,traj,JB,0019,645,0.9275258481502533
KITTI,oracle,traj,JB,0019,646,0.8688873946666718
KITTI,oracle,traj,JB,0019,647,1.3655303120613098
KITTI,oracle,traj,JB,0019,648,0.9585994184017181
KITTI,oracle,traj,JB,0019,649,0.933353453874588
KITTI,oracle,traj,JB,0019,650,0.9747669994831085
KITTI,oracle,traj,JB,0019,651,1.7851195931434631
KITTI,oracle,traj,JB,0019,652,0.8067777156829834
KITTI,oracle,traj,JB,0019,653,0.5051015019416809
KITTI,oracle,traj,JB,0019,654,0.48745420575141907
KITTI,oracle,traj,JB,0019,655,0.4885180592536926
KITTI,oracle,traj,JB,0019,656,1.0476319193840027
KITTI,oracle,traj,JB,0019,657,0.8986234664916992
KITTI,oracle,traj,JB,0019,658,0.4313404858112335
KITTI,oracle,traj,JB,0019,659,1.1054710149765015
KITTI,oracle,traj,JB,0019,660,0.9278290569782257
KITTI,oracle,traj,JB,0019,661,0.9669808447360992
KITTI,oracle,traj,JB,0019,662,1.0188257694244385
KITTI,oracle,traj,JB,0019,663,1.163375049829483
KITTI,oracle,traj,JB,0019,664,0.7894490957260132
KITTI,oracle,traj,JB,0019,665,0.8275284171104431
KITTI,oracle,traj,JB,0019,666,0.30018430948257446
KITTI,oracle,traj,JB,0019,667,0.3668673038482666
KITTI,oracle,traj,JB,0019,668,0.6706973314285278
KITTI,oracle,traj,JB,0019,669,1.7465227544307709
KITTI,oracle,traj,JB,0019,670,1.0089507699012756
KITTI,oracle,traj,JB,0019,671,1.1287863850593567
KITTI,oracle,traj,JB,0019,672,1.4034525752067566
KITTI,oracle,traj,JB,0019,673,0.7889398038387299
KITTI,oracle,traj,JB,0019,674,0.9269125759601593
KITTI,oracle,traj,JB,0019,675,0.3467440903186798
KITTI,oracle,traj,JB,0019,676,0.11838510632514954
KITTI,oracle,traj,JB,0019,677,1.194080412387848
KITTI,oracle,traj,JB,0019,678,0.8176247775554657
KITTI,oracle,traj,JB,0019,679,1.1618778109550476
KITTI,oracle,traj,JB,0019,680,0.5962468385696411
KITTI,oracle,traj,JB,0019,681,0.25912967324256897
KITTI,oracle,traj,JB,0019,682,0.7644119262695312
KITTI,oracle,traj,JB,0019,683,0.6862744092941284
KITTI,oracle,traj,JB,0019,684,0.9901828467845917
KITTI,oracle,traj,JB,0019,685,1.6788436472415924
KITTI,oracle,traj,JB,0019,686,1.0771595239639282
KITTI,oracle,traj,JB,0019,687,0.4693119525909424
KITTI,oracle,traj,JB,0019,688,0.7313391864299774
KITTI,oracle,traj,JB,0019,689,0.7895297706127167
KITTI,oracle,traj,JB,0019,690,1.013914942741394
KITTI,oracle,traj,JB,0019,691,1.074526160955429
KITTI,oracle,traj,JB,0019,692,0.13206613063812256
KITTI,oracle,traj,JB,0019,693,0.38135454058647156
KITTI,oracle,traj,JB,0019,694,0.7682633697986603
KITTI,oracle,traj,JB,0019,695,0.2601461708545685
KITTI,oracle,traj,JB,0019,696,0.36944693326950073
KITTI,oracle,traj,JB,0019,697,1.2565049529075623
KITTI,oracle,traj,JB,0019,698,0.649165004491806
KITTI,oracle,traj,JB,0019,699,0.2164713740348816
KITTI,oracle,traj,JB,0019,700,0.6059126853942871
KITTI,oracle,traj,JB,0019,701,1.0408403277397156
KITTI,oracle,traj,JB,0019,702,1.0316839218139648
KITTI,oracle,traj,JB,0019,703,0.837462991476059
KITTI,oracle,traj,JB,0019,704,0.22431355714797974
KITTI,oracle,traj,JB,0019,705,0.745602160692215
KITTI,oracle,traj,JB,0019,706,0.21651750802993774
KITTI,oracle,traj,JB,0019,707,0.9344628751277924
KITTI,oracle,traj,JB,0019,708,0.9825395047664642
KITTI,oracle,traj,JB,0019,709,0.0
KITTI,oracle,traj,JB,0019,710,0.3070650100708008
KITTI,oracle,traj,JB,0019,711,0.20713457465171814
KITTI,oracle,traj,JB,0019,712,0.3454069495201111
KITTI,oracle,traj,JB,0019,713,0.5787962079048157
KITTI,oracle,traj,JB,0019,714,0.9222415387630463
KITTI,oracle,traj,JB,0019,715,1.2291830778121948
KITTI,oracle,traj,JB,0019,716,1.0164726376533508
KITTI,oracle,traj,JB,0019,717,0.6369638442993164
KITTI,oracle,traj,JB,0019,718,1.1256683766841888
KITTI,oracle,traj,JB,0019,719,1.174435406923294
KITTI,oracle,traj,JB,0019,720,0.8467371761798859
KITTI,oracle,traj,JB,0019,721,1.0923306047916412
KITTI,oracle,traj,JB,0019,722,0.7345160841941833
KITTI,oracle,traj,JB,0019,723,0.9249131977558136
KITTI,oracle,traj,JB,0019,724,0.347153902053833
KITTI,oracle,traj,JB,0019,725,0.5182567536830902
KITTI,oracle,traj,JB,0019,726,0.32641637325286865
KITTI,oracle,traj,JB,0019,727,0.7208547294139862
KITTI,oracle,traj,JB,0019,728,1.0517116785049438
KITTI,oracle,traj,JB,0019,729,0.5734114050865173
KITTI,oracle,traj,JB,0019,730,0.2351083755493164
KITTI,oracle,traj,JB,0019,731,1.2073245346546173
KITTI,oracle,traj,JB,0019,732,0.5457424521446228
KITTI,oracle,traj,JB,0019,733,0.7653919160366058
KITTI,oracle,traj,JB,0019,734,0.7281622290611267
KITTI,oracle,traj,JB,0019,735,0.6773437559604645
KITTI,oracle,traj,JB,0019,736,0.8973020613193512
KITTI,oracle,traj,JB,0019,737,0.6876575350761414
KITTI,oracle,traj,JB,0019,738,0.7845481634140015
KITTI,oracle,traj,JB,0019,739,0.671742856502533
KITTI,oracle,traj,JB,0019,740,0.7843527495861053
KITTI,oracle,traj,JB,0019,741,0.5936169624328613
KITTI,oracle,traj,JB,0019,742,1.4675334990024567
KITTI,oracle,traj,JB,0019,743,0.7954366207122803
KITTI,oracle,traj,JB,0019,744,1.2005341053009033
KITTI,oracle,traj,JB,0019,745,0.6488569676876068
KITTI,oracle,traj,JB,0019,746,0.37603890895843506
KITTI,oracle,traj,JB,0019,747,0.6458629071712494
KITTI,oracle,traj,JB,0019,748,0.1755380630493164
KITTI,oracle,traj,JB,0019,749,0.3820808529853821
KITTI,oracle,traj,JB,0019,750,0.5212305188179016
KITTI,oracle,traj,JB,0019,751,0.6185416281223297
KITTI,oracle,traj,JB,0019,752,0.5655553340911865
KITTI,oracle,traj,JB,0019,753,0.474632203578949
KITTI,oracle,traj,JB,0019,754,0.2519753575325012
KITTI,oracle,traj,JB,0019,755,0.3602190911769867
KITTI,oracle,traj,JB,0019,756,0.8932160139083862
KITTI,oracle,traj,JB,0019,757,0.6979342699050903
KITTI,oracle,traj,JB,0019,758,0.8073866367340088
KITTI,oracle,traj,JB,0019,759,0.9686033725738525
KITTI,oracle,traj,JB,0019,760,1.6700786650180817
KITTI,oracle,traj,JB,0019,761,1.1986612379550934
KITTI,oracle,traj,JB,0019,762,0.9662981033325195
KITTI,oracle,traj,JB,0019,763,0.25912967324256897
KITTI,oracle,traj,JB,0019,764,0.7084978222846985
KITTI,oracle,traj,JB,0019,765,1.1666405200958252
KITTI,oracle,traj,JB,0019,766,1.105564147233963
KITTI,oracle,traj,JB,0019,767,0.9086707830429077
KITTI,oracle,traj,JB,0019,768,0.24364382028579712
KITTI,oracle,traj,JB,0019,769,0.6235454380512238
KITTI,oracle,traj,JB,0019,770,0.7097318172454834
KITTI,oracle,traj,JB,0019,771,1.0639676749706268
KITTI,oracle,traj,JB,0019,772,0.485131174325943
KITTI,oracle,traj,JB,0019,773,1.126706451177597
KITTI,oracle,traj,JB,0019,774,0.866988867521286
KITTI,oracle,traj,JB,0019,775,0.8162669837474823
KITTI,oracle,traj,JB,0019,776,0.8800016045570374
KITTI,oracle,traj,JB,0019,777,1.017529159784317
KITTI,oracle,traj,JB,0019,778,0.5957565307617188
KITTI,oracle,traj,JB,0019,779,0.6281667053699493
KITTI,oracle,traj,JB,0019,780,1.2193132638931274
KITTI,oracle,traj,JB,0019,781,0.6641668379306793
KITTI,oracle,traj,JB,0019,782,0.3401908874511719
KITTI,oracle,traj,JB,0019,783,0.11008787155151367
KITTI,oracle,traj,JB,0019,784,0.3538089990615845
KITTI,oracle,traj,JB,0019,785,0.4875597357749939
KITTI,oracle,traj,JB,0019,786,0.595513641834259
KITTI,oracle,traj,JB,0019,787,0.0
KITTI,oracle,traj,JB,0019,788,0.3631594479084015
KITTI,oracle,traj,JB,0019,789,0.5165508091449738
KITTI,oracle,traj,JB,0019,790,0.43066272139549255
KITTI,oracle,traj,JB,0019,791,0.11201596260070801
KITTI,oracle,traj,JB,0019,792,0.5798150300979614
KITTI,oracle,traj,JB,0019,793,0.41184067726135254
KITTI,oracle,traj,JB,0019,794,0.41584324836730957
KITTI,oracle,traj,JB,0019,795,0.5117480158805847
KITTI,oracle,traj,JB,0019,796,0.37363487482070923
KITTI,oracle,traj,JB,0019,797,0.763826996088028
KITTI,oracle,traj,JB,0019,798,0.523700475692749
KITTI,oracle,traj,JB,0019,799,0.796668142080307
KITTI,oracle,traj,JB,0019,800,0.6901288628578186
KITTI,oracle,traj,JB,0019,801,0.5597547292709351
KITTI,oracle,traj,JB,0019,802,0.9337428212165833
KITTI,oracle,traj,JB,0019,803,0.9352567791938782
KITTI,oracle,traj,JB,0019,804,1.2536625564098358
KITTI,oracle,traj,JB,0019,805,0.813270092010498
KITTI,oracle,traj,JB,0019,806,0.6740238964557648
KITTI,oracle,traj,JB,0019,807,1.0645002126693726
KITTI,oracle,traj,JB,0019,808,0.8025214374065399
KITTI,oracle,traj,JB,0019,809,1.1048147678375244
KITTI,oracle,traj,JB,0019,810,0.7235772609710693
KITTI,oracle,traj,JB,0019,811,1.1629093885421753
KITTI,oracle,traj,JB,0019,812,1.4501769840717316
KITTI,oracle,traj,JB,0019,813,0.8248276114463806
KITTI,oracle,traj,JB,0019,814,2.148090809583664
KITTI,oracle,traj,JB,0019,815,1.5009630024433136
KITTI,oracle,traj,JB,0019,816,1.6929200291633606
KITTI,oracle,traj,JB,0019,817,1.9293229579925537
KITTI,oracle,traj,JB,0019,818,1.4784261286258698
KITTI,oracle,traj,JB,0019,819,0.9759124517440796
KITTI,oracle,traj,JB,0019,820,1.7117896676063538
KITTI,oracle,traj,JB,0019,821,0.5969655513763428
KITTI,oracle,traj,JB,0019,822,0.6511918604373932
KITTI,oracle,traj,JB,0019,823,1.068762868642807
KITTI,oracle,traj,JB,0019,824,1.0634219646453857
KITTI,oracle,traj,JB,0019,825,0.8726901113986969
KITTI,oracle,traj,JB,0019,826,1.016527235507965
KITTI,oracle,traj,JB,0019,827,0.9789532423019409
KITTI,oracle,traj,JB,0019,828,1.0180065631866455
KITTI,oracle,traj,JB,0019,829,0.4021093249320984
KITTI,oracle,traj,JB,0019,830,1.2346228659152985
KITTI,oracle,traj,JB,0019,831,1.7800323963165283
KITTI,oracle,traj,JB,0019,832,1.7522513270378113
KITTI,oracle,traj,JB,0019,833,1.353229582309723
KITTI,oracle,traj,JB,0019,834,1.3733539283275604
KITTI,oracle,traj,JB,0019,835,1.7840959429740906
KITTI,oracle,traj,JB,0019,836,0.9864295423030853
KITTI,oracle,traj,JB,0019,837,0.9665573835372925
KITTI,oracle,traj,JB,0019,838,1.511007845401764
KITTI,oracle,traj,JB,0019,839,1.2142503261566162
KITTI,oracle,traj,JB,0019,840,2.0208878219127655
KITTI,oracle,traj,JB,0019,841,1.9111387133598328
KITTI,oracle,traj,JB,0019,842,0.9998919665813446
KITTI,oracle,traj,JB,0019,843,0.9875515699386597
KITTI,oracle,traj,JB,0019,844,0.803686648607254
KITTI,oracle,traj,JB,0019,845,1.0469574630260468
KITTI,oracle,traj,JB,0019,846,1.1616235077381134
KITTI,oracle,traj,JB,0019,847,0.6734073460102081
KITTI,oracle,traj,JB,0019,848,0.8440881669521332
KITTI,oracle,traj,JB,0019,849,0.8519980907440186
KITTI,oracle,traj,JB,0019,850,1.291621208190918
KITTI,oracle,traj,JB,0019,851,0.35537824034690857
KITTI,oracle,traj,JB,0019,852,0.7098162770271301
KITTI,oracle,traj,JB,0019,853,0.4711553156375885
KITTI,oracle,traj,JB,0019,854,1.3386505544185638
KITTI,oracle,traj,JB,0019,855,0.5908280909061432
KITTI,oracle,traj,JB,0019,856,0.4202072322368622
KITTI,oracle,traj,JB,0019,857,2.0683506429195404
KITTI,oracle,traj,JB,0019,858,1.5388853549957275
KITTI,oracle,traj,JB,0019,859,0.9405126571655273
KITTI,oracle,traj,JB,0019,860,0.8217118978500366
KITTI,oracle,traj,JB,0019,861,0.6343791782855988
KITTI,oracle,traj,JB,0019,862,0.8230104446411133
KITTI,oracle,traj,JB,0019,863,0.9312827885150909
KITTI,oracle,traj,JB,0019,864,1.258582890033722
KITTI,oracle,traj,JB,0019,865,1.0222010910511017
KITTI,oracle,traj,JB,0019,866,1.9648778438568115
KITTI,oracle,traj,JB,0019,867,1.8417298197746277
KITTI,oracle,traj,JB,0019,868,1.541083663702011
KITTI,oracle,traj,JB,0019,869,1.7121988534927368
KITTI,oracle,traj,JB,0019,870,0.5476855337619781
KITTI,oracle,traj,JB,0019,871,0.8746232092380524
KITTI,oracle,traj,JB,0019,872,1.82017582654953
KITTI,oracle,traj,JB,0019,873,1.299887478351593
KITTI,oracle,traj,JB,0019,874,1.6629204452037811
KITTI,oracle,traj,JB,0019,875,1.7003325521945953
KITTI,oracle,traj,JB,0019,876,1.3884322047233582
KITTI,oracle,traj,JB,0019,877,1.5991558134555817
KITTI,oracle,traj,JB,0019,878,1.7712827324867249
KITTI,oracle,traj,JB,0019,879,1.027765840291977
KITTI,oracle,traj,JB,0019,880,1.4551803469657898
KITTI,oracle,traj,JB,0019,881,1.3415261209011078
KITTI,oracle,traj,JB,0019,882,1.913626790046692
KITTI,oracle,traj,JB,0019,883,1.2858442068099976
KITTI,oracle,traj,JB,0019,884,1.634067952632904
KITTI,oracle,traj,JB,0019,885,2.259857565164566
KITTI,oracle,traj,JB,0019,886,2.153587907552719
KITTI,oracle,traj,JB,0019,887,1.6228697001934052
KITTI,oracle,traj,JB,0019,888,1.1022189259529114
KITTI,oracle,traj,JB,0019,889,1.3826214969158173
KITTI,oracle,traj,JB,0019,890,1.4168756306171417
KITTI,oracle,traj,JB,0019,891,0.9210831820964813
KITTI,oracle,traj,JB,0019,892,0.23834776878356934
KITTI,oracle,traj,JB,0019,893,0.9902659952640533
KITTI,oracle,traj,JB,0019,894,0.6887710690498352
KITTI,oracle,traj,JB,0019,895,0.6362771689891815
KITTI,oracle,traj,JB,0019,896,1.1445972919464111
KITTI,oracle,traj,JB,0019,897,0.5989607274532318
KITTI,oracle,traj,JB,0019,898,0.36212530732154846
KITTI,oracle,traj,JB,0019,899,1.2410300970077515
KITTI,oracle,traj,JB,0019,900,0.9905329048633575
KITTI,oracle,traj,JB,0019,901,0.10087859630584717
KITTI,oracle,traj,JB,0019,902,0.15974104404449463
KITTI,oracle,traj,JB,0019,903,0.6360781788825989
KITTI,oracle,traj,JB,0019,904,0.36648333072662354
KITTI,oracle,traj,JB,0019,905,0.5848454535007477
KITTI,oracle,traj,JB,0019,906,0.7301902770996094
KITTI,oracle,traj,JB,0019,907,0.0
KITTI,oracle,traj,JB,0019,908,0.30393362045288086
KITTI,oracle,traj,JB,0019,909,0.0
KITTI,oracle,traj,JB,0019,910,0.21601152420043945
KITTI,oracle,traj,JB,0019,911,0.3056620657444
KITTI,oracle,traj,JB,0019,912,0.7952705025672913
KITTI,oracle,traj,JB,0019,913,0.10818895697593689
KITTI,oracle,traj,JB,0019,914,0.1175721287727356
KITTI,oracle,traj,JB,0019,915,0.13799649477005005
KITTI,oracle,traj,JB,0019,916,0.0
KITTI,oracle,traj,JB,0019,917,0.0
KITTI,oracle,traj,JB,0019,918,0.0
KITTI,oracle,traj,JB,0019,919,0.12984344363212585
KITTI,oracle,traj,JB,0019,920,0.10230469703674316
KITTI,oracle,traj,JB,0019,921,0.0
KITTI,oracle,traj,JB,0019,922,0.3260993957519531
KITTI,oracle,traj,JB,0019,923,0.13846176862716675
KITTI,oracle,traj,JB,0019,924,0.0
KITTI,oracle,traj,JB,0019,925,0.30683279037475586
KITTI,oracle,traj,JB,0019,926,0.23506861925125122
KITTI,oracle,traj,JB,0019,927,0.4161553978919983
KITTI,oracle,traj,JB,0019,928,0.4804908037185669
KITTI,oracle,traj,JB,0019,929,0.20561504364013672
KITTI,oracle,traj,JB,0019,930,0.5163036286830902
KITTI,oracle,traj,JB,0019,931,0.0
KITTI,oracle,traj,JB,0019,932,0.12765264511108398
KITTI,oracle,traj,JB,0019,933,0.23351514339447021
KITTI,oracle,traj,JB,0019,934,0.0
KITTI,oracle,traj,JB,0019,935,0.25947314500808716
KITTI,oracle,traj,JB,0019,936,0.4149496555328369
KITTI,oracle,traj,JB,0019,937,0.41311049461364746
KITTI,oracle,traj,JB,0019,938,0.9289495050907135
KITTI,oracle,traj,JB,0019,939,0.25697606801986694
KITTI,oracle,traj,JB,0019,940,0.3875672519207001
KITTI,oracle,traj,JB,0019,941,0.200557678937912
KITTI,oracle,traj,JB,0019,942,0.5422785878181458
KITTI,oracle,traj,JB,0019,943,0.3622961938381195
KITTI,oracle,traj,JB,0019,944,0.22135066986083984
KITTI,oracle,traj,JB,0019,945,0.14854055643081665
KITTI,oracle,traj,JB,0019,946,0.27208179235458374
KITTI,oracle,traj,JB,0019,947,0.18594717979431152
KITTI,oracle,traj,JB,0019,948,0.5544015765190125
KITTI,oracle,traj,JB,0019,949,0.0
KITTI,oracle,traj,JB,0019,950,0.6015937328338623
KITTI,oracle,traj,JB,0019,951,0.6578737199306488
KITTI,oracle,traj,JB,0019,952,0.6995790004730225
KITTI,oracle,traj,JB,0019,953,0.8561988174915314
KITTI,oracle,traj,JB,0019,954,0.5613337457180023
KITTI,oracle,traj,JB,0019,955,0.7643806040287018
KITTI,oracle,traj,JB,0019,956,0.3313741087913513
KITTI,oracle,traj,JB,0019,957,0.6022269427776337
KITTI,oracle,traj,JB,0019,958,0.4857610762119293
KITTI,oracle,traj,JB,0019,959,0.7280652821063995
KITTI,oracle,traj,JB,0019,960,0.517816960811615
KITTI,oracle,traj,JB,0019,961,0.18952107429504395
KITTI,oracle,traj,JB,0019,962,0.4871375560760498
KITTI,oracle,traj,JB,0019,963,0.6392687857151031
KITTI,oracle,traj,JB,0019,964,0.5733752548694611
KITTI,oracle,traj,JB,0019,965,0.5150649547576904
KITTI,oracle,traj,JB,0019,966,0.3409503102302551
KITTI,oracle,traj,JB,0019,967,0.6692455112934113
KITTI,oracle,traj,JB,0019,968,0.2267836332321167
KITTI,oracle,traj,JB,0019,969,0.7375714480876923
KITTI,oracle,traj,JB,0019,970,0.5433348417282104
KITTI,oracle,traj,JB,0019,971,0.23792991042137146
KITTI,oracle,traj,JB,0019,972,0.5460979342460632
KITTI,oracle,traj,JB,0019,973,0.34502267837524414
KITTI,oracle,traj,JB,0019,974,0.10669058561325073
KITTI,oracle,traj,JB,0019,975,1.051836609840393
KITTI,oracle,traj,JB,0019,976,0.7624653577804565
KITTI,oracle,traj,JB,0019,977,0.7369904220104218
KITTI,oracle,traj,JB,0019,978,0.38876453042030334
KITTI,oracle,traj,JB,0019,979,0.8927615284919739
KITTI,oracle,traj,JB,0019,980,0.5832701921463013
KITTI,oracle,traj,JB,0019,981,0.6336592435836792
KITTI,oracle,traj,JB,0019,982,0.5901439785957336
KITTI,oracle,traj,JB,0019,983,0.10087859630584717
KITTI,oracle,traj,JB,0019,984,0.28140708804130554
KITTI,oracle,traj,JB,0019,985,0.1368389129638672
KITTI,oracle,traj,JB,0019,986,0.26766085624694824
KITTI,oracle,traj,JB,0019,987,0.24436303973197937
KITTI,oracle,traj,JB,0019,988,0.1980641782283783
KITTI,oracle,traj,JB,0019,989,0.5576026439666748
KITTI,oracle,traj,JB,0019,990,0.14854055643081665
KITTI,oracle,traj,JB,0019,991,0.11596071720123291
KITTI,oracle,traj,JB,0019,992,0.2500580847263336
KITTI,oracle,traj,JB,0019,993,0.24191340804100037
KITTI,oracle,traj,JB,0019,994,0.0
KITTI,oracle,traj,JB,0019,995,0.5213958323001862
KITTI,oracle,traj,JB,0019,996,0.0
KITTI,oracle,traj,JB,0019,997,0.103024423122406
KITTI,oracle,traj,JB,0019,998,0.14608722925186157
KITTI,oracle,traj,JB,0019,999,0.0
KITTI,oracle,traj,JB,0019,1000,0.0
KITTI,oracle,traj,JB,0019,1001,0.44002747535705566
KITTI,oracle,traj,JB,0019,1002,0.4394108057022095
KITTI,oracle,traj,JB,0019,1003,0.23617854714393616
KITTI,oracle,traj,JB,0019,1004,0.11476477980613708
KITTI,oracle,traj,JB,0019,1005,0.2681208550930023
KITTI,oracle,traj,JB,0019,1006,0.33968305587768555
KITTI,oracle,traj,JB,0019,1007,0.2759546637535095
KITTI,oracle,traj,JB,0019,1008,0.11240509152412415
KITTI,oracle,traj,JB,0019,1009,0.37298521399497986
KITTI,oracle,traj,JB,0019,1010,0.472489595413208
KITTI,oracle,traj,JB,0019,1011,0.2486705183982849
KITTI,oracle,traj,JB,0019,1012,0.27396994829177856
KITTI,oracle,traj,JB,0019,1013,0.21601152420043945
KITTI,oracle,traj,JB,0019,1014,0.1650540828704834
KITTI,oracle,traj,JB,0019,1015,0.0
KITTI,oracle,traj,JB,0019,1016,0.33203792572021484
KITTI,oracle,traj,JB,0019,1017,0.3177744746208191
KITTI,oracle,traj,JB,0019,1018,0.33119893074035645
KITTI,oracle,traj,JB,0019,1019,0.4498578906059265
KITTI,oracle,traj,JB,0019,1020,0.0
KITTI,oracle,traj,JB,0019,1021,0.0
KITTI,oracle,traj,JB,0019,1022,0.30930665135383606
KITTI,oracle,traj,JB,0019,1023,0.5352903604507446
KITTI,oracle,traj,JB,0019,1024,0.24854964017868042
KITTI,oracle,traj,JB,0019,1025,0.23315134644508362
KITTI,oracle,traj,JB,0019,1026,0.12421301007270813
KITTI,oracle,traj,JB,0019,1027,0.10669058561325073
KITTI,oracle,traj,JB,0019,1028,0.23707666993141174
KITTI,oracle,traj,JB,0019,1029,0.2513493597507477
KITTI,oracle,traj,JB,0019,1030,0.1259227693080902
KITTI,oracle,traj,JB,0019,1031,0.12984344363212585
KITTI,oracle,traj,JB,0019,1032,0.10338595509529114
KITTI,oracle,traj,JB,0019,1033,0.10781264305114746
KITTI,oracle,traj,JB,0019,1034,0.10557883977890015
KITTI,oracle,traj,JB,0019,1035,0.0
KITTI,oracle,traj,JB,0019,1036,0.10669058561325073
KITTI,oracle,traj,JB,0019,1037,0.0
KITTI,oracle,traj,JB,0019,1038,0.0
KITTI,oracle,traj,JB,0019,1039,0.0
KITTI,oracle,traj,JB,0019,1040,0.0
KITTI,oracle,traj,JB,0019,1041,0.11047112941741943
KITTI,oracle,traj,JB,0019,1042,0.0
KITTI,oracle,traj,JB,0019,1043,0.0
KITTI,oracle,traj,JB,0019,1044,0.11008787155151367
KITTI,oracle,traj,JB,0019,1045,0.0
KITTI,oracle,traj,JB,0019,1046,0.2690242826938629
KITTI,oracle,traj,JB,0019,1047,0.0
KITTI,oracle,traj,JB,0019,1048,0.0
KITTI,oracle,traj,JB,0019,1049,0.0
KITTI,oracle,traj,JB,0019,1050,0.0
KITTI,oracle,traj,JB,0019,1051,0.0
KITTI,oracle,traj,JB,0019,1052,0.12549346685409546
KITTI,oracle,traj,JB,0019,1053,0.10230469703674316
KITTI,oracle,traj,JB,0019,1054,0.2355257272720337
KITTI,oracle,traj,JB,0019,1055,0.10194653272628784
KITTI,oracle,traj,JB,0019,1056,0.0
KITTI,oracle,traj,JB,0019,1057,0.0
KITTI,oracle,traj,JB,0019,1058,0.0
KITTI,mono,brake,J,0007,0,0.0
KITTI,mono,brake,J,0007,1,0.0
KITTI,mono,brake,J,0007,2,0.0
KITTI,mono,brake,J,0007,3,0.0
KITTI,mono,brake,J,0007,4,0.0
KITTI,mono,brake,J,0007,5,0.0
KITTI,mono,brake,J,0007,6,0.0
KITTI,mono,brake,J,0007,7,0.0
KITTI,mono,brake,J,0007,8,0.0
KITTI,mono,brake,J,0007,9,0.0
KITTI,mono,brake,J,0007,10,0.20497775077819824
KITTI,mono,brake,J,0007,11,0.0
KITTI,mono,brake,J,0007,12,0.0
KITTI,mono,brake,J,0007,13,0.1581743359565735
KITTI,mono,brake,J,0007,14,0.0
KITTI,mono,brake,J,0007,15,0.0
KITTI,mono,brake,J,0007,16,0.0
KITTI,mono,brake,J,0007,17,0.0
KITTI,mono,brake,J,0007,18,0.0
KITTI,mono,brake,J,0007,19,0.0
KITTI,mono,brake,J,0007,20,0.0
KITTI,mono,brake,J,0007,21,0.0
KITTI,mono,brake,J,0007,22,0.0
KITTI,mono,brake,J,0007,23,0.11201596260070801
KITTI,mono,brake,J,0007,24,0.0
KITTI,mono,brake,J,0007,25,0.0
KITTI,mono,brake,J,0007,26,0.0
KITTI,mono,brake,J,0007,27,0.0
KITTI,mono,brake,J,0007,28,0.14080816507339478
KITTI,mono,brake,J,0007,29,0.0
KITTI,mono,brake,J,0007,30,0.13986563682556152
KITTI,mono,brake,J,0007,31,0.18184363842010498
KITTI,mono,brake,J,0007,32,0.0
KITTI,mono,brake,J,0007,33,0.0
KITTI,mono,brake,J,0007,34,0.14706450700759888
KITTI,mono,brake,J,0007,35,0.0
KITTI,mono,brake,J,0007,36,0.0
KITTI,mono,brake,J,0007,37,0.11596071720123291
KITTI,mono,brake,J,0007,38,0.11436852812767029
KITTI,mono,brake,J,0007,39,0.3802669644355774
KITTI,mono,brake,J,0007,40,0.334330290555954
KITTI,mono,brake,J,0007,41,0.4644872844219208
KITTI,mono,brake,J,0007,42,0.6809357404708862
KITTI,mono,brake,J,0007,43,0.4313710331916809
KITTI,mono,brake,J,0007,44,0.4061695337295532
KITTI,mono,brake,J,0007,45,0.8035043776035309
KITTI,mono,brake,J,0007,46,0.6627523601055145
KITTI,mono,brake,J,0007,47,0.9628340899944305
KITTI,mono,brake,J,0007,48,0.5781808197498322
KITTI,mono,brake,J,0007,49,0.9134163558483124
KITTI,mono,brake,J,0007,50,1.0764526724815369
KITTI,mono,brake,J,0007,51,0.7460718750953674
KITTI,mono,brake,J,0007,52,0.22953522205352783
KITTI,mono,brake,J,0007,53,1.3803727626800537
KITTI,mono,brake,J,0007,54,0.27234363555908203
KITTI,mono,brake,J,0007,55,0.7936327755451202
KITTI,mono,brake,J,0007,56,1.0287556946277618
KITTI,mono,brake,J,0007,57,0.25148850679397583
KITTI,mono,brake,J,0007,58,1.0000285804271698
KITTI,mono,brake,J,0007,59,0.8553231060504913
KITTI,mono,brake,J,0007,60,0.7730955481529236
KITTI,mono,brake,J,0007,61,0.5021573603153229
KITTI,mono,brake,J,0007,62,0.6656480729579926
KITTI,mono,brake,J,0007,63,0.5309429168701172
KITTI,mono,brake,J,0007,64,0.7260363399982452
KITTI,mono,brake,J,0007,65,0.5636443793773651
KITTI,mono,brake,J,0007,66,0.7457497715950012
KITTI,mono,brake,J,0007,67,0.9320670962333679
KITTI,mono,brake,J,0007,68,0.3142792284488678
KITTI,mono,brake,J,0007,69,0.5992282629013062
KITTI,mono,brake,J,0007,70,0.3327285945415497
KITTI,mono,brake,J,0007,71,0.11318689584732056
KITTI,mono,brake,J,0007,72,0.0
KITTI,mono,brake,J,0007,73,0.26136213541030884
KITTI,mono,brake,J,0007,74,0.444778710603714
KITTI,mono,brake,J,0007,75,0.11636176705360413
KITTI,mono,brake,J,0007,76,0.292901873588562
KITTI,mono,brake,J,0007,77,0.0
KITTI,mono,brake,J,0007,78,0.7157485485076904
KITTI,mono,brake,J,0007,79,0.2900106608867645
KITTI,mono,brake,J,0007,80,0.0
KITTI,mono,brake,J,0007,81,1.0841651558876038
KITTI,mono,brake,J,0007,82,0.11596071720123291
KITTI,mono,brake,J,0007,83,0.5882458984851837
KITTI,mono,brake,J,0007,84,0.0
KITTI,mono,brake,J,0007,85,0.3501614034175873
KITTI,mono,brake,J,0007,86,0.15052762627601624
KITTI,mono,brake,J,0007,87,0.7483908236026764
KITTI,mono,brake,J,0007,88,0.0
KITTI,mono,brake,J,0007,89,0.10447734594345093
KITTI,mono,brake,J,0007,90,0.29357200860977173
KITTI,mono,brake,J,0007,91,0.2839958667755127
KITTI,mono,brake,J,0007,92,0.377673864364624
KITTI,mono,brake,J,0007,93,0.4017837643623352
KITTI,mono,brake,J,0007,94,0.32159948348999023
KITTI,mono,brake,J,0007,95,0.2359863519668579
KITTI,mono,brake,J,0007,96,0.5648142993450165
KITTI,mono,brake,J,0007,97,0.1436675786972046
KITTI,mono,brake,J,0007,98,0.4578784108161926
KITTI,mono,brake,J,0007,99,0.17838266491889954
KITTI,mono,brake,J,0007,100,0.39974161982536316
KITTI,mono,brake,J,0007,101,0.21601152420043945
KITTI,mono,brake,J,0007,102,0.27855488657951355
KITTI,mono,brake,J,0007,103,0.13296425342559814
KITTI,mono,brake,J,0007,104,0.518794447183609
KITTI,mono,brake,J,0007,105,0.12336564064025879
KITTI,mono,brake,J,0007,106,0.21403354406356812
KITTI,mono,brake,J,0007,107,0.38902103900909424
KITTI,mono,brake,J,0007,108,0.10521054267883301
KITTI,mono,brake,J,0007,109,0.14128142595291138
KITTI,mono,brake,J,0007,110,0.0
KITTI,mono,brake,J,0007,111,0.140336275100708
KITTI,mono,brake,J,0007,112,0.23370635509490967
KITTI,mono,brake,J,0007,113,0.0
KITTI,mono,brake,J,0007,114,0.11636176705360413
KITTI,mono,brake,J,0007,115,0.0
KITTI,mono,brake,J,0007,116,0.24077460169792175
KITTI,mono,brake,J,0007,117,0.45687758922576904
KITTI,mono,brake,J,0007,118,0.28773272037506104
KITTI,mono,brake,J,0007,119,0.3025844991207123
KITTI,mono,brake,J,0007,120,0.5004289448261261
KITTI,mono,brake,J,0007,121,0.38263943791389465
KITTI,mono,brake,J,0007,122,0.38746312260627747
KITTI,mono,brake,J,0007,123,0.6302006244659424
KITTI,mono,brake,J,0007,124,0.4967189431190491
KITTI,mono,brake,J,0007,125,0.17667162418365479
KITTI,mono,brake,J,0007,126,0.7634098529815674
KITTI,mono,brake,J,0007,127,0.5525665283203125
KITTI,mono,brake,J,0007,128,0.9036956429481506
KITTI,mono,brake,J,0007,129,0.7137734293937683
KITTI,mono,brake,J,0007,130,0.4427020847797394
KITTI,mono,brake,J,0007,131,0.8315463662147522
KITTI,mono,brake,J,0007,132,0.7658828794956207
KITTI,mono,brake,J,0007,133,0.0
KITTI,mono,brake,J,0007,134,0.40182408690452576
KITTI,mono,brake,J,0007,135,0.2967666983604431
KITTI,mono,brake,J,0007,136,0.556531697511673
KITTI,mono,brake,J,0007,137,0.6201359033584595
KITTI,mono,brake,J,0007,138,0.34792032837867737
KITTI,mono,brake,J,0007,139,0.500903457403183
KITTI,mono,brake,J,0007,140,0.4917922019958496
KITTI,mono,brake,J,0007,141,0.8431432247161865
KITTI,mono,brake,J,0007,142,0.7850873470306396
KITTI,mono,brake,J,0007,143,1.0229910016059875
KITTI,mono,brake,J,0007,144,0.9421457052230835
KITTI,mono,brake,J,0007,145,1.4074166119098663
KITTI,mono,brake,J,0007,146,0.4411948025226593
KITTI,mono,brake,J,0007,147,0.10781264305114746
KITTI,mono,brake,J,0007,148,0.8991822600364685
KITTI,mono,brake,J,0007,149,0.40065106749534607
KITTI,mono,brake,J,0007,150,0.49269402027130127
KITTI,mono,brake,J,0007,151,0.9596245884895325
KITTI,mono,brake,J,0007,152,0.5379558205604553
KITTI,mono,brake,J,0007,153,0.708598405122757
KITTI,mono,brake,J,0007,154,0.755848228931427
KITTI,mono,brake,J,0007,155,0.6933274865150452
KITTI,mono,brake,J,0007,156,0.6594686210155487
KITTI,mono,brake,J,0007,157,0.6224795281887054
KITTI,mono,brake,J,0007,158,0.7609433531761169
KITTI,mono,brake,J,0007,159,1.135012835264206
KITTI,mono,brake,J,0007,160,0.2544681131839752
KITTI,mono,brake,J,0007,161,0.4577523171901703
KITTI,mono,brake,J,0007,162,0.41586706042289734
KITTI,mono,brake,J,0007,163,0.36769911646842957
KITTI,mono,brake,J,0007,164,0.23113331198692322
KITTI,mono,brake,J,0007,165,0.34314751625061035
KITTI,mono,brake,J,0007,166,0.7045219540596008
KITTI,mono,brake,J,0007,167,0.4531254470348358
KITTI,mono,brake,J,0007,168,0.40475907921791077
KITTI,mono,brake,J,0007,169,0.5910214483737946
KITTI,mono,brake,J,0007,170,0.5008808374404907
KITTI,mono,brake,J,0007,171,0.23509013652801514
KITTI,mono,brake,J,0007,172,0.7116649448871613
KITTI,mono,brake,J,0007,173,0.5694292783737183
KITTI,mono,brake,J,0007,174,0.31643614172935486
KITTI,mono,brake,J,0007,175,0.5637080371379852
KITTI,mono,brake,J,0007,176,0.9117178022861481
KITTI,mono,brake,J,0007,177,1.267229050397873
KITTI,mono,brake,J,0007,178,0.47961458563804626
KITTI,mono,brake,J,0007,179,0.36855548620224
KITTI,mono,brake,J,0007,180,0.5905683636665344
KITTI,mono,brake,J,0007,181,0.16613352298736572
KITTI,mono,brake,J,0007,182,0.6381003856658936
KITTI,mono,brake,J,0007,183,0.18952107429504395
KITTI,mono,brake,J,0007,184,0.17272931337356567
KITTI,mono,brake,J,0007,185,1.067859798669815
KITTI,mono,brake,J,0007,186,0.5886794924736023
KITTI,mono,brake,J,0007,187,0.5824539363384247
KITTI,mono,brake,J,0007,188,0.48078855872154236
KITTI,mono,brake,J,0007,189,0.4296704828739166
KITTI,mono,brake,J,0007,190,0.0
KITTI,mono,brake,J,0007,191,0.13939636945724487
KITTI,mono,brake,J,0007,192,0.3712921440601349
KITTI,mono,brake,J,0007,193,0.11085560917854309
KITTI,mono,brake,J,0007,194,0.563556969165802
KITTI,mono,brake,J,0007,195,0.17781084775924683
KITTI,mono,brake,J,0007,196,0.0
KITTI,mono,brake,J,0007,197,0.1772405207157135
KITTI,mono,brake,J,0007,198,0.14903530478477478
KITTI,mono,brake,J,0007,199,0.13206613063812256
KITTI,mono,brake,J,0007,200,0.0
KITTI,mono,brake,J,0007,201,0.0
KITTI,mono,brake,J,0007,202,0.18713268637657166
KITTI,mono,brake,J,0007,203,0.0
KITTI,mono,brake,J,0007,204,0.636298656463623
KITTI,mono,brake,J,0007,205,0.0
KITTI,mono,brake,J,0007,206,0.0
KITTI,mono,brake,J,0007,207,0.5695950984954834
KITTI,mono,brake,J,0007,208,0.4269433319568634
KITTI,mono,brake,J,0007,209,0.47002723813056946
KITTI,mono,brake,J,0007,210,0.2708418071269989
KITTI,mono,brake,J,0007,211,0.5342133045196533
KITTI,mono,brake,J,0007,212,0.5313570201396942
KITTI,mono,brake,J,0007,213,0.2805987000465393
KITTI,mono,brake,J,0007,214,0.6244649291038513
KITTI,mono,brake,J,0007,215,0.6746169030666351
KITTI,mono,brake,J,0007,216,0.6159495711326599
KITTI,mono,brake,J,0007,217,0.2186693549156189
KITTI,mono,brake,J,0007,218,0.26205316185951233
KITTI,mono,brake,J,0007,219,0.46034756302833557
KITTI,mono,brake,J,0007,220,0.36715298891067505
KITTI,mono,brake,J,0007,221,0.47354790568351746
KITTI,mono,brake,J,0007,222,0.9488102495670319
KITTI,mono,brake,J,0007,223,0.7430782616138458
KITTI,mono,brake,J,0007,224,0.17838266491889954
KITTI,mono,brake,J,0007,225,0.272360622882843
KITTI,mono,brake,J,0007,226,0.0
KITTI,mono,brake,J,0007,227,0.5327633619308472
KITTI,mono,brake,J,0007,228,0.501989871263504
KITTI,mono,brake,J,0007,229,0.4608640670776367
KITTI,mono,brake,J,0007,230,0.1535491943359375
KITTI,mono,brake,J,0007,231,0.10521054267883301
KITTI,mono,brake,J,0007,232,0.0
KITTI,mono,brake,J,0007,233,0.435564786195755
KITTI,mono,brake,J,0007,234,0.13117322325706482
KITTI,mono,brake,J,0007,235,0.0
KITTI,mono,brake,J,0007,236,0.1520322561264038
KITTI,mono,brake,J,0007,237,0.15921741724014282
KITTI,mono,brake,J,0007,238,0.10856643319129944
KITTI,mono,brake,J,0007,239,0.3517729938030243
KITTI,mono,brake,J,0007,240,0.34517961740493774
KITTI,mono,brake,J,0007,241,0.0
KITTI,mono,brake,J,0007,242,0.2030746340751648
KITTI,mono,brake,J,0007,243,0.0
KITTI,mono,brake,J,0007,244,0.0
KITTI,mono,brake,J,0007,245,0.0
KITTI,mono,brake,J,0007,246,0.19072401523590088
KITTI,mono,brake,J,0007,247,0.0
KITTI,mono,brake,J,0007,248,0.0
KITTI,mono,brake,J,0007,249,0.0
KITTI,mono,brake,J,0007,250,0.0
KITTI,mono,brake,J,0007,251,0.0
KITTI,mono,brake,J,0007,252,0.0
KITTI,mono,brake,J,0007,253,0.0
KITTI,mono,brake,J,0007,254,0.0
KITTI,mono,brake,J,0007,255,0.0
KITTI,mono,brake,J,0007,256,0.14706450700759888
KITTI,mono,brake,J,0007,257,0.0
KITTI,mono,brake,J,0007,258,0.0
KITTI,mono,brake,J,0007,259,0.0
KITTI,mono,brake,J,0007,260,0.0
KITTI,mono,brake,J,0007,261,0.0
KITTI,mono,brake,J,0007,262,0.13614830374717712
KITTI,mono,brake,J,0007,263,0.0
KITTI,mono,brake,J,0007,264,0.0
KITTI,mono,brake,J,0007,265,0.0
KITTI,mono,brake,J,0007,266,0.11124122142791748
KITTI,mono,brake,J,0007,267,0.3679676949977875
KITTI,mono,brake,J,0007,268,0.12896329164505005
KITTI,mono,brake,J,0007,269,0.12984344363212585
KITTI,mono,brake,J,0007,270,0.0
KITTI,mono,brake,J,0007,271,0.45998650789260864
KITTI,mono,brake,J,0007,272,0.1520322561264038
KITTI,mono,brake,J,0007,273,0.3066331446170807
KITTI,mono,brake,J,0007,274,0.6915858387947083
KITTI,mono,brake,J,0007,275,0.5536105632781982
KITTI,mono,brake,J,0007,276,0.167763352394104
KITTI,mono,brake,J,0007,277,0.3065648674964905
KITTI,mono,brake,J,0007,278,0.23169809579849243
KITTI,mono,brake,J,0007,279,0.4169839024543762
KITTI,mono,brake,J,0007,280,0.10631886124610901
KITTI,mono,brake,J,0007,281,0.2808130383491516
KITTI,mono,brake,J,0007,282,0.0
KITTI,mono,brake,J,0007,283,0.11476477980613708
KITTI,mono,brake,J,0007,284,0.0
KITTI,mono,brake,J,0007,285,0.0
KITTI,mono,brake,J,0007,286,0.0
KITTI,mono,brake,J,0007,287,0.0
KITTI,mono,brake,J,0007,288,0.18068420886993408
KITTI,mono,brake,J,0007,289,0.0
KITTI,mono,brake,J,0007,290,0.0
KITTI,mono,brake,J,0007,291,0.140336275100708
KITTI,mono,brake,J,0007,292,0.4186416268348694
KITTI,mono,brake,J,0007,293,0.0
KITTI,mono,brake,J,0007,294,0.41919127106666565
KITTI,mono,brake,J,0007,295,0.0
KITTI,mono,brake,J,0007,296,0.12852513790130615
KITTI,mono,brake,J,0007,297,0.0
KITTI,mono,brake,J,0007,298,0.44621342420578003
KITTI,mono,brake,J,0007,299,0.10123348236083984
KITTI,mono,brake,J,0007,300,0.10631886124610901
KITTI,mono,brake,J,0007,301,0.0
KITTI,mono,brake,J,0007,302,0.16940587759017944
KITTI,mono,brake,J,0007,303,0.0
KITTI,mono,brake,J,0007,304,0.13117322325706482
KITTI,mono,brake,J,0007,305,0.0
KITTI,mono,brake,J,0007,306,0.0
KITTI,mono,brake,J,0007,307,0.0
KITTI,mono,brake,J,0007,308,0.33120453357696533
KITTI,mono,brake,J,0007,309,0.0
KITTI,mono,brake,J,0007,310,0.7655604183673859
KITTI,mono,brake,J,0007,311,0.3892178535461426
KITTI,mono,brake,J,0007,312,0.40117859840393066
KITTI,mono,brake,J,0007,313,0.14223188161849976
KITTI,mono,brake,J,0007,314,0.1755380630493164
KITTI,mono,brake,J,0007,315,0.44848501682281494
KITTI,mono,brake,J,0007,316,0.42509523034095764
KITTI,mono,brake,J,0007,317,0.29502159357070923
KITTI,mono,brake,J,0007,318,0.0
KITTI,mono,brake,J,0007,319,0.927329808473587
KITTI,mono,brake,J,0007,320,0.0
KITTI,mono,brake,J,0007,321,0.1175721287727356
KITTI,mono,brake,J,0007,322,0.0
KITTI,mono,brake,J,0007,323,0.0
KITTI,mono,brake,J,0007,324,0.0
KITTI,mono,brake,J,0007,325,0.0
KITTI,mono,brake,J,0007,326,0.0
KITTI,mono,brake,J,0007,327,0.0
KITTI,mono,brake,J,0007,328,0.0
KITTI,mono,brake,J,0007,329,0.0
KITTI,mono,brake,J,0007,330,0.0
KITTI,mono,brake,J,0007,331,0.0
KITTI,mono,brake,J,0007,332,0.0
KITTI,mono,brake,J,0007,333,0.0
KITTI,mono,brake,J,0007,334,0.0
KITTI,mono,brake,J,0007,335,0.0
KITTI,mono,brake,J,0007,336,0.0
KITTI,mono,brake,J,0007,337,0.30281180143356323
KITTI,mono,brake,J,0007,338,0.0
KITTI,mono,brake,J,0007,339,0.0
KITTI,mono,brake,J,0007,340,0.32761311531066895
KITTI,mono,brake,J,0007,341,0.2950248122215271
KITTI,mono,brake,J,0007,342,0.16940587759017944
KITTI,mono,brake,J,0007,343,0.24508503079414368
KITTI,mono,brake,J,0007,344,0.0
KITTI,mono,brake,J,0007,345,0.2024431824684143
KITTI,mono,brake,J,0007,346,0.4131566882133484
KITTI,mono,brake,J,0007,347,0.40088123083114624
KITTI,mono,brake,J,0007,348,0.5368303954601288
KITTI,mono,brake,J,0007,349,0.17441028356552124
KITTI,mono,brake,J,0007,350,0.2633298337459564
KITTI,mono,brake,J,0007,351,0.0
KITTI,mono,brake,J,0007,352,0.13028541207313538
KITTI,mono,brake,J,0007,353,0.17895588278770447
KITTI,mono,brake,J,0007,354,0.0
KITTI,mono,brake,J,0007,355,0.19072401523590088
KITTI,mono,brake,J,0007,356,0.6081883311271667
KITTI,mono,brake,J,0007,357,0.5851934254169464
KITTI,mono,brake,J,0007,358,0.6168500483036041
KITTI,mono,brake,J,0007,359,0.5276391208171844
KITTI,mono,brake,J,0007,360,0.7572563588619232
KITTI,mono,brake,J,0007,361,0.32450467348098755
KITTI,mono,brake,J,0007,362,0.47169438004493713
KITTI,mono,brake,J,0007,363,0.43334901332855225
KITTI,mono,brake,J,0007,364,0.3671600818634033
KITTI,mono,brake,J,0007,365,0.30018293857574463
KITTI,mono,brake,J,0007,366,0.17895588278770447
KITTI,mono,brake,J,0007,367,0.0
KITTI,mono,brake,J,0007,368,0.34333717823028564
KITTI,mono,brake,J,0007,369,0.6455336511135101
KITTI,mono,brake,J,0007,370,0.0
KITTI,mono,brake,J,0007,371,0.31794872879981995
KITTI,mono,brake,J,0007,372,0.30614668130874634
KITTI,mono,brake,J,0007,373,0.0
KITTI,mono,brake,J,0007,374,0.2018132209777832
KITTI,mono,brake,J,0007,375,0.24744242429733276
KITTI,mono,brake,J,0007,376,0.2187436819076538
KITTI,mono,brake,J,0007,377,0.2276386022567749
KITTI,mono,brake,J,0007,378,0.14511537551879883
KITTI,mono,brake,J,0007,379,0.6192680895328522
KITTI,mono,brake,J,0007,380,0.0
KITTI,mono,brake,J,0007,381,0.3353164792060852
KITTI,mono,brake,J,0007,382,0.43866539001464844
KITTI,mono,brake,J,0007,383,0.3098328709602356
KITTI,mono,brake,J,0007,384,0.2822229266166687
KITTI,mono,brake,J,0007,385,0.13028541207313538
KITTI,mono,brake,J,0007,386,0.6386180222034454
KITTI,mono,brake,J,0007,387,0.2973678708076477
KITTI,mono,brake,J,0007,388,0.664656788110733
KITTI,mono,brake,J,0007,389,0.5754330456256866
KITTI,mono,brake,J,0007,390,0.49875932931900024
KITTI,mono,brake,J,0007,391,0.5963601171970367
KITTI,mono,brake,J,0007,392,0.6430557668209076
KITTI,mono,brake,J,0007,393,0.6027443408966064
KITTI,mono,brake,J,0007,394,0.88131383061409
KITTI,mono,brake,J,0007,395,0.49751871824264526
KITTI,mono,brake,J,0007,396,0.7561239898204803
KITTI,mono,brake,J,0007,397,0.5736400485038757
KITTI,mono,brake,J,0007,398,0.3117978870868683
KITTI,mono,brake,J,0007,399,0.2988928556442261
KITTI,mono,brake,J,0007,400,0.47452911734580994
KITTI,mono,brake,J,0007,401,0.2527519762516022
KITTI,mono,brake,J,0007,402,0.2708403468132019
KITTI,mono,brake,J,0007,403,0.9646777510643005
KITTI,mono,brake,J,0007,404,0.35238906741142273
KITTI,mono,brake,J,0007,405,0.7108059227466583
KITTI,mono,brake,J,0007,406,0.11556088924407959
KITTI,mono,brake,J,0007,407,0.4441181421279907
KITTI,mono,brake,J,0007,408,0.6391246318817139
KITTI,mono,brake,J,0007,409,0.29880860447883606
KITTI,mono,brake,J,0007,410,0.4840790927410126
KITTI,mono,brake,J,0007,411,0.614868700504303
KITTI,mono,brake,J,0007,412,0.9592297375202179
KITTI,mono,brake,J,0007,413,0.5943405330181122
KITTI,mono,brake,J,0007,414,0.0
KITTI,mono,brake,J,0007,415,1.0696208477020264
KITTI,mono,brake,J,0007,416,0.44425949454307556
KITTI,mono,brake,J,0007,417,0.0
KITTI,mono,brake,J,0007,418,0.0
KITTI,mono,brake,J,0007,419,0.15765491127967834
KITTI,mono,brake,J,0007,420,0.10781264305114746
KITTI,mono,brake,J,0007,421,0.10194653272628784
KITTI,mono,brake,J,0007,422,0.4677865207195282
KITTI,mono,brake,J,0007,423,0.0
KITTI,mono,brake,J,0007,424,0.16398024559020996
KITTI,mono,brake,J,0007,425,0.5521349906921387
KITTI,mono,brake,J,0007,426,0.5920712649822235
KITTI,mono,brake,J,0007,427,0.2999768555164337
KITTI,mono,brake,J,0007,428,0.39554208517074585
KITTI,mono,brake,J,0007,429,0.46139398217201233
KITTI,mono,brake,J,0007,430,0.17667162418365479
KITTI,mono,brake,J,0007,431,0.2755928933620453
KITTI,mono,brake,J,0007,432,0.7066171765327454
KITTI,mono,brake,J,0007,433,0.6169301867485046
KITTI,mono,brake,J,0007,434,0.289821982383728
KITTI,mono,brake,J,0007,435,0.3130323886871338
KITTI,mono,brake,J,0007,436,0.35460060834884644
KITTI,mono,brake,J,0007,437,0.16079244017601013
KITTI,mono,brake,J,0007,438,0.43696537613868713
KITTI,mono,brake,J,0007,439,0.5315689742565155
KITTI,mono,brake,J,0007,440,0.5828458666801453
KITTI,mono,brake,J,0007,441,0.1465752124786377
KITTI,mono,brake,J,0007,442,0.6226131319999695
KITTI,mono,brake,J,0007,443,1.0191282033920288
KITTI,mono,brake,J,0007,444,0.8179009258747101
KITTI,mono,brake,J,0007,445,0.7412250339984894
KITTI,mono,brake,J,0007,446,0.5820861160755157
KITTI,mono,brake,J,0007,447,0.7282044887542725
KITTI,mono,brake,J,0007,448,1.2167609333992004
KITTI,mono,brake,J,0007,449,1.0669558644294739
KITTI,mono,brake,J,0007,450,0.6153137981891632
KITTI,mono,brake,J,0007,451,0.29023605585098267
KITTI,mono,brake,J,0007,452,0.5842474699020386
KITTI,mono,brake,J,0007,453,0.7005219161510468
KITTI,mono,brake,J,0007,454,0.5896806418895721
KITTI,mono,brake,J,0007,455,0.3203711211681366
KITTI,mono,brake,J,0007,456,0.11961367726325989
KITTI,mono,brake,J,0007,457,0.30802685022354126
KITTI,mono,brake,J,0007,458,0.638922929763794
KITTI,mono,brake,J,0007,459,0.6126730740070343
KITTI,mono,brake,J,0007,460,0.49990159273147583
KITTI,mono,brake,J,0007,461,0.5710892975330353
KITTI,mono,brake,J,0007,462,0.4957185685634613
KITTI,mono,brake,J,0007,463,0.4265705645084381
KITTI,mono,brake,J,0007,464,0.5626411736011505
KITTI,mono,brake,J,0007,465,0.7078443765640259
KITTI,mono,brake,J,0007,466,0.3935154676437378
KITTI,mono,brake,J,0007,467,0.47654393315315247
KITTI,mono,brake,J,0007,468,0.47765982151031494
KITTI,mono,brake,J,0007,469,0.4266113340854645
KITTI,mono,brake,J,0007,470,0.5637504756450653
KITTI,mono,brake,J,0007,471,0.7643076479434967
KITTI,mono,brake,J,0007,472,0.356300413608551
KITTI,mono,brake,J,0007,473,0.4062535762786865
KITTI,mono,brake,J,0007,474,0.0
KITTI,mono,brake,J,0007,475,0.302900493144989
KITTI,mono,brake,J,0007,476,0.697467029094696
KITTI,mono,brake,J,0007,477,0.2713729441165924
KITTI,mono,brake,J,0007,478,0.2566136121749878
KITTI,mono,brake,J,0007,479,0.34771469235420227
KITTI,mono,brake,J,0007,480,0.9363965094089508
KITTI,mono,brake,J,0007,481,0.6515859067440033
KITTI,mono,brake,J,0007,482,0.34589332342147827
KITTI,mono,brake,J,0007,483,0.12635332345962524
KITTI,mono,brake,J,0007,484,0.46469101309776306
KITTI,mono,brake,J,0007,485,0.27175700664520264
KITTI,mono,brake,J,0007,486,0.0
KITTI,mono,brake,J,0007,487,0.8553324639797211
KITTI,mono,brake,J,0007,488,0.10894504189491272
KITTI,mono,brake,J,0007,489,0.4528319239616394
KITTI,mono,brake,J,0007,490,0.6385390758514404
KITTI,mono,brake,J,0007,491,0.7410648167133331
KITTI,mono,brake,J,0007,492,0.23146826028823853
KITTI,mono,brake,J,0007,493,0.0
KITTI,mono,brake,J,0007,494,0.239349365234375
KITTI,mono,brake,J,0007,495,0.41751399636268616
KITTI,mono,brake,J,0007,496,0.3281678557395935
KITTI,mono,brake,J,0007,497,0.0
KITTI,mono,brake,J,0007,498,0.2206781804561615
KITTI,mono,brake,J,0007,499,0.22815650701522827
KITTI,mono,brake,J,0007,500,0.14608722925186157
KITTI,mono,brake,J,0007,501,0.0
KITTI,mono,brake,J,0007,502,0.15456733107566833
KITTI,mono,brake,J,0007,503,0.13341522216796875
KITTI,mono,brake,J,0007,504,0.0
KITTI,mono,brake,J,0007,505,0.19868534803390503
KITTI,mono,brake,J,0007,506,0.0
KITTI,mono,brake,J,0007,507,0.0
KITTI,mono,brake,J,0007,508,0.0
KITTI,mono,brake,J,0007,509,0.140336275100708
KITTI,mono,brake,J,0007,510,0.0
KITTI,mono,brake,J,0007,511,0.16885694861412048
KITTI,mono,brake,J,0007,512,0.2519265115261078
KITTI,mono,brake,J,0007,513,0.0
KITTI,mono,brake,J,0007,514,0.5445133745670319
KITTI,mono,brake,J,0007,515,0.0
KITTI,mono,brake,J,0007,516,0.29733580350875854
KITTI,mono,brake,J,0007,517,0.3268906772136688
KITTI,mono,brake,J,0007,518,0.30688583850860596
KITTI,mono,brake,J,0007,519,0.12852513790130615
KITTI,mono,brake,J,0007,520,0.19132766127586365
KITTI,mono,brake,J,0007,521,0.0
KITTI,mono,brake,J,0007,522,0.0
KITTI,mono,brake,J,0007,523,0.21099600195884705
KITTI,mono,brake,J,0007,524,0.15765491127967834
KITTI,mono,brake,J,0007,525,0.15974104404449463
KITTI,mono,brake,J,0007,526,0.2011847198009491
KITTI,mono,brake,J,0007,527,0.4169447422027588
KITTI,mono,brake,J,0007,528,0.7906602621078491
KITTI,mono,brake,J,0007,529,0.12896329164505005
KITTI,mono,brake,J,0007,530,0.6135262250900269
KITTI,mono,brake,J,0007,531,0.0
KITTI,mono,brake,J,0007,532,0.0
KITTI,mono,brake,J,0007,533,0.0
KITTI,mono,brake,J,0007,534,0.43036478757858276
KITTI,mono,brake,J,0007,535,0.21732819080352783
KITTI,mono,brake,J,0007,536,0.0
KITTI,mono,brake,J,0007,537,0.0
KITTI,mono,brake,J,0007,538,0.3382262885570526
KITTI,mono,brake,J,0007,539,0.0
KITTI,mono,brake,J,0007,540,0.0
KITTI,mono,brake,J,0007,541,0.1250653862953186
KITTI,mono,brake,J,0007,542,0.0
KITTI,mono,brake,J,0007,543,0.0
KITTI,mono,brake,J,0007,544,0.0
KITTI,mono,brake,J,0007,545,0.0
KITTI,mono,brake,J,0007,546,0.10158944129943848
KITTI,mono,brake,J,0007,547,0.0
KITTI,mono,brake,J,0007,548,0.0
KITTI,mono,brake,J,0007,549,0.0
KITTI,mono,brake,J,0007,550,0.0
KITTI,mono,brake,J,0007,551,0.0
KITTI,mono,brake,J,0007,552,0.0
KITTI,mono,brake,J,0007,553,0.0
KITTI,mono,brake,J,0007,554,0.0
KITTI,mono,brake,J,0007,555,0.11008787155151367
KITTI,mono,brake,J,0007,556,0.0
KITTI,mono,brake,J,0007,557,0.0
KITTI,mono,brake,J,0007,558,0.0
KITTI,mono,brake,J,0007,559,0.0
KITTI,mono,brake,J,0007,560,0.0
KITTI,mono,brake,J,0007,561,0.0
KITTI,mono,brake,J,0007,562,0.0
KITTI,mono,brake,J,0007,563,0.0
KITTI,mono,brake,J,0007,564,0.0
KITTI,mono,brake,J,0007,565,0.0
KITTI,mono,brake,J,0007,566,0.0
KITTI,mono,brake,J,0007,567,0.0
KITTI,mono,brake,J,0007,568,0.0
KITTI,mono,brake,J,0007,569,0.0
KITTI,mono,brake,J,0007,570,0.0
KITTI,mono,brake,J,0007,571,0.0
KITTI,mono,brake,J,0007,572,0.0
KITTI,mono,brake,J,0007,573,0.0
KITTI,mono,brake,J,0007,574,0.0
KITTI,mono,brake,J,0007,575,0.0
KITTI,mono,brake,J,0007,576,0.0
KITTI,mono,brake,J,0007,577,0.0
KITTI,mono,brake,J,0007,578,0.0
KITTI,mono,brake,J,0007,579,0.0
KITTI,mono,brake,J,0007,580,0.0
KITTI,mono,brake,J,0007,581,0.0
KITTI,mono,brake,J,0007,582,0.0
KITTI,mono,brake,J,0007,583,0.0
KITTI,mono,brake,J,0007,584,0.0
KITTI,mono,brake,J,0007,585,0.0
KITTI,mono,brake,J,0007,586,0.0
KITTI,mono,brake,J,0007,587,0.0
KITTI,mono,brake,J,0007,588,0.0
KITTI,mono,brake,J,0007,589,0.0
KITTI,mono,brake,J,0007,590,0.0
KITTI,mono,brake,J,0007,591,0.0
KITTI,mono,brake,J,0007,592,0.0
KITTI,mono,brake,J,0007,593,0.0
KITTI,mono,brake,J,0007,594,0.0
KITTI,mono,brake,J,0007,595,0.0
KITTI,mono,brake,J,0007,596,0.0
KITTI,mono,brake,J,0007,597,0.0
KITTI,mono,brake,J,0007,598,0.0
KITTI,mono,brake,J,0007,599,0.0
KITTI,mono,brake,J,0007,600,0.0
KITTI,mono,brake,J,0007,601,0.0
KITTI,mono,brake,J,0007,602,0.0
KITTI,mono,brake,J,0007,603,0.0
KITTI,mono,brake,J,0007,604,0.0
KITTI,mono,brake,J,0007,605,0.0
KITTI,mono,brake,J,0007,606,0.19375687837600708
KITTI,mono,brake,J,0007,607,0.0
KITTI,mono,brake,J,0007,608,0.24006125330924988
KITTI,mono,brake,J,0007,609,0.2120688259601593
KITTI,mono,brake,J,0007,610,0.15662014484405518
KITTI,mono,brake,J,0007,611,0.0
KITTI,mono,brake,J,0007,612,0.0
KITTI,mono,brake,J,0007,613,0.13296425342559814
KITTI,mono,brake,J,0007,614,0.0
KITTI,mono,brake,J,0007,615,0.0
KITTI,mono,brake,J,0007,616,0.0
KITTI,mono,brake,J,0007,617,0.0
KITTI,mono,brake,J,0007,618,0.17272931337356567
KITTI,mono,brake,J,0007,619,0.0
KITTI,mono,brake,J,0007,620,0.34205207228660583
KITTI,mono,brake,J,0007,621,0.41067811846733093
KITTI,mono,brake,J,0007,622,0.0
KITTI,mono,brake,J,0007,623,0.17441028356552124
KITTI,mono,brake,J,0007,624,0.0
KITTI,mono,brake,J,0007,625,0.0
KITTI,mono,brake,J,0007,626,0.0
KITTI,mono,brake,J,0007,627,0.0
KITTI,mono,brake,J,0007,628,0.16940587759017944
KITTI,mono,brake,J,0007,629,0.258368581533432
KITTI,mono,brake,J,0007,630,0.0
KITTI,mono,brake,J,0007,631,0.30356431007385254
KITTI,mono,brake,J,0007,632,0.10706344246864319
KITTI,mono,brake,J,0007,633,0.2422056496143341
KITTI,mono,brake,J,0007,634,0.188323974609375
KITTI,mono,brake,J,0007,635,0.2107662856578827
KITTI,mono,brake,J,0007,636,0.0
KITTI,mono,brake,J,0007,637,0.0
KITTI,mono,brake,J,0007,638,0.0
KITTI,mono,brake,J,0007,639,0.12852513790130615
KITTI,mono,brake,J,0007,640,0.16885694861412048
KITTI,mono,brake,J,0007,641,0.0
KITTI,mono,brake,J,0007,642,0.0
KITTI,mono,brake,J,0007,643,0.0
KITTI,mono,brake,J,0007,644,0.15869519114494324
KITTI,mono,brake,J,0007,645,0.0
KITTI,mono,brake,J,0007,646,0.0
KITTI,mono,brake,J,0007,647,0.0
KITTI,mono,brake,J,0007,648,0.19744443893432617
KITTI,mono,brake,J,0007,649,0.11879339814186096
KITTI,mono,brake,J,0007,650,0.0
KITTI,mono,brake,J,0007,651,0.1755380630493164
KITTI,mono,brake,J,0007,652,0.0
KITTI,mono,brake,J,0007,653,0.0
KITTI,mono,brake,J,0007,654,0.0
KITTI,mono,brake,J,0007,655,0.239349365234375
KITTI,mono,brake,J,0007,656,0.11162799596786499
KITTI,mono,brake,J,0007,657,0.23348912596702576
KITTI,mono,brake,J,0007,658,0.11436852812767029
KITTI,mono,brake,J,0007,659,0.10158944129943848
KITTI,mono,brake,J,0007,660,0.0
KITTI,mono,brake,J,0007,661,0.0
KITTI,mono,brake,J,0007,662,0.0
KITTI,mono,brake,J,0007,663,0.0
KITTI,mono,brake,J,0007,664,0.0
KITTI,mono,brake,J,0007,665,0.0
KITTI,mono,brake,J,0007,666,0.0
KITTI,mono,brake,J,0007,667,0.10194653272628784
KITTI,mono,brake,J,0007,668,0.1520322561264038
KITTI,mono,brake,J,0007,669,0.2989194989204407
KITTI,mono,brake,J,0007,670,0.10631886124610901
KITTI,mono,brake,J,0007,671,0.5277729332447052
KITTI,mono,brake,J,0007,672,0.1041124165058136
KITTI,mono,brake,J,0007,673,0.11879339814186096
KITTI,mono,brake,J,0007,674,0.16613352298736572
KITTI,mono,brake,J,0007,675,0.16398024559020996
KITTI,mono,brake,J,0007,676,0.35479438304901123
KITTI,mono,brake,J,0007,677,0.4107206463813782
KITTI,mono,brake,J,0007,678,0.5439161658287048
KITTI,mono,brake,J,0007,679,0.3410852253437042
KITTI,mono,brake,J,0007,680,0.6980025172233582
KITTI,mono,brake,J,0007,681,0.3564504384994507
KITTI,mono,brake,J,0007,682,0.3586139678955078
KITTI,mono,brake,J,0007,683,0.14318770170211792
KITTI,mono,brake,J,0007,684,0.0
KITTI,mono,brake,J,0007,685,0.0
KITTI,mono,brake,J,0007,686,0.3680315315723419
KITTI,mono,brake,J,0007,687,0.0
KITTI,mono,brake,J,0007,688,0.1436675786972046
KITTI,mono,brake,J,0007,689,0.11436852812767029
KITTI,mono,brake,J,0007,690,0.0
KITTI,mono,brake,J,0007,691,0.27998578548431396
KITTI,mono,brake,J,0007,692,0.0
KITTI,mono,brake,J,0007,693,0.0
KITTI,mono,brake,J,0007,694,0.0
KITTI,mono,brake,J,0007,695,0.12336564064025879
KITTI,mono,brake,J,0007,696,0.2579556405544281
KITTI,mono,brake,J,0007,697,0.0
KITTI,mono,brake,J,0007,698,0.6694386005401611
KITTI,mono,brake,J,0007,699,0.23231011629104614
KITTI,mono,brake,J,0007,700,0.47576597332954407
KITTI,mono,brake,J,0007,701,0.5333983302116394
KITTI,mono,brake,J,0007,702,0.4650963842868805
KITTI,mono,brake,J,0007,703,0.19072401523590088
KITTI,mono,brake,J,0007,704,0.14511537551879883
KITTI,mono,brake,J,0007,705,0.0
KITTI,mono,brake,J,0007,706,0.18068420886993408
KITTI,mono,brake,J,0007,707,0.12852513790130615
KITTI,mono,brake,J,0007,708,0.0
KITTI,mono,brake,J,0007,709,0.0
KITTI,mono,brake,J,0007,710,0.2852747440338135
KITTI,mono,brake,J,0007,711,0.0
KITTI,mono,brake,J,0007,712,0.28433093428611755
KITTI,mono,brake,J,0007,713,0.3674977123737335
KITTI,mono,brake,J,0007,714,0.13206613063812256
KITTI,mono,brake,J,0007,715,1.052555412054062
KITTI,mono,brake,J,0007,716,0.0
KITTI,mono,brake,J,0007,717,0.2568720281124115
KITTI,mono,brake,J,0007,718,0.11797800660133362
KITTI,mono,brake,J,0007,719,0.12896329164505005
KITTI,mono,brake,J,0007,720,0.18594717979431152
KITTI,mono,brake,J,0007,721,0.12336564064025879
KITTI,mono,brake,J,0007,722,0.15052762627601624
KITTI,mono,brake,J,0007,723,0.283389687538147
KITTI,mono,brake,J,0007,724,0.1175721287727356
KITTI,mono,brake,J,0007,725,0.3949805498123169
KITTI,mono,brake,J,0007,726,0.31194061040878296
KITTI,mono,brake,J,0007,727,0.4817712903022766
KITTI,mono,brake,J,0007,728,0.6079532504081726
KITTI,mono,brake,J,0007,729,0.12808823585510254
KITTI,mono,brake,J,0007,730,0.3540225923061371
KITTI,mono,brake,J,0007,731,0.23731231689453125
KITTI,mono,brake,J,0007,732,0.4288634955883026
KITTI,mono,brake,J,0007,733,0.5865956544876099
KITTI,mono,brake,J,0007,734,0.0
KITTI,mono,brake,J,0007,735,0.6544345319271088
KITTI,mono,brake,J,0007,736,0.33934569358825684
KITTI,mono,brake,J,0007,737,0.5127623677253723
KITTI,mono,brake,J,0007,738,0.35122567415237427
KITTI,mono,brake,J,0007,739,0.33136019110679626
KITTI,mono,brake,J,0007,740,0.4275428354740143
KITTI,mono,brake,J,0007,741,0.568480372428894
KITTI,mono,brake,J,0007,742,0.10521054267883301
KITTI,mono,brake,J,0007,743,0.12549346685409546
KITTI,mono,brake,J,0007,744,0.0
KITTI,mono,brake,J,0007,745,0.4430176913738251
KITTI,mono,brake,J,0007,746,0.19559407234191895
KITTI,mono,brake,J,0007,747,0.0
KITTI,mono,brake,J,0007,748,0.7617657482624054
KITTI,mono,brake,J,0007,749,0.5094250440597534
KITTI,mono,brake,J,0007,750,0.40118104219436646
KITTI,mono,brake,J,0007,751,0.5092749893665314
KITTI,mono,brake,J,0007,752,0.2687990963459015
KITTI,mono,brake,J,0007,753,0.2515418529510498
KITTI,mono,brake,J,0007,754,0.7340916693210602
KITTI,mono,brake,J,0007,755,0.7251948118209839
KITTI,mono,brake,J,0007,756,0.1250653862953186
KITTI,mono,brake,J,0007,757,0.17667162418365479
KITTI,mono,brake,J,0007,758,0.6873733997344971
KITTI,mono,brake,J,0007,759,0.37956398725509644
KITTI,mono,brake,J,0007,760,0.29775503277778625
KITTI,mono,brake,J,0007,761,0.25853490829467773
KITTI,mono,brake,J,0007,762,0.24812647700309753
KITTI,mono,brake,J,0007,763,0.22135066986083984
KITTI,mono,brake,J,0007,764,0.32444795966148376
KITTI,mono,brake,J,0007,765,0.5153181254863739
KITTI,mono,brake,J,0007,766,0.5052533745765686
KITTI,mono,brake,J,0007,767,0.1250653862953186
KITTI,mono,brake,J,0007,768,0.0
KITTI,mono,brake,J,0007,769,0.2146914005279541
KITTI,mono,brake,J,0007,770,0.10669058561325073
KITTI,mono,brake,J,0007,771,0.0
KITTI,mono,brake,J,0007,772,0.11716747283935547
KITTI,mono,brake,J,0007,773,0.1761041283607483
KITTI,mono,brake,J,0007,774,0.113973468542099
KITTI,mono,brake,J,0007,775,0.11516222357749939
KITTI,mono,brake,J,0007,776,0.15304216742515564
KITTI,mono,brake,J,0007,777,0.0
KITTI,mono,brake,J,0007,778,0.18359363079071045
KITTI,mono,brake,J,0007,779,0.15765491127967834
KITTI,mono,brake,J,0007,780,0.0
KITTI,mono,brake,J,0007,781,0.1427091360092163
KITTI,mono,brake,J,0007,782,0.22135066986083984
KITTI,mono,brake,J,0007,783,0.1259227693080902
KITTI,mono,brake,J,0007,784,0.22000709176063538
KITTI,mono,brake,J,0007,785,0.0
KITTI,mono,brake,J,0007,786,0.23509055376052856
KITTI,mono,brake,J,0007,787,0.23370635509490967
KITTI,mono,brake,J,0007,788,0.10818895697593689
KITTI,mono,brake,J,0007,789,0.1475551724433899
KITTI,mono,brake,J,0007,790,0.0
KITTI,mono,brake,J,0007,791,0.17781084775924683
KITTI,mono,brake,J,0007,792,0.3299105763435364
KITTI,mono,brake,J,0007,793,0.14560061693191528
KITTI,mono,brake,J,0007,794,0.1525365114212036
KITTI,mono,brake,J,0007,795,0.0
KITTI,mono,brake,J,0007,796,0.0
KITTI,mono,brake,J,0007,797,0.3882855772972107
KITTI,mono,brake,J,0007,798,0.14080816507339478
KITTI,mono,brake,J,0007,799,0.10894504189491272
KITTI,mono,brake,J,0008,0,0.7799929082393646
KITTI,mono,brake,J,0008,1,0.44920507073402405
KITTI,mono,brake,J,0008,2,0.0
KITTI,mono,brake,J,0008,3,0.19993209838867188
KITTI,mono,brake,J,0008,4,0.1666753888130188
KITTI,mono,brake,J,0008,5,0.9519092738628387
KITTI,mono,brake,J,0008,6,0.2133771777153015
KITTI,mono,brake,J,0008,7,0.35048970580101013
KITTI,mono,brake,J,0008,8,0.22953522205352783
KITTI,mono,brake,J,0008,9,0.2662590444087982
KITTI,mono,brake,J,0008,10,0.0
KITTI,mono,brake,J,0008,11,0.2973678708076477
KITTI,mono,brake,J,0008,12,0.653839647769928
KITTI,mono,brake,J,0008,13,0.4641745984554291
KITTI,mono,brake,J,0008,14,0.23091977834701538
KITTI,mono,brake,J,0008,15,0.4025667905807495
KITTI,mono,brake,J,0008,16,0.12765264511108398
KITTI,mono,brake,J,0008,17,0.0
KITTI,mono,brake,J,0008,18,0.0
KITTI,mono,brake,J,0008,19,0.14223188161849976
KITTI,mono,brake,J,0008,20,0.0
KITTI,mono,brake,J,0008,21,0.0
KITTI,mono,brake,J,0008,22,0.0
KITTI,mono,brake,J,0008,23,0.1520322561264038
KITTI,mono,brake,J,0008,24,0.12896329164505005
KITTI,mono,brake,J,0008,25,0.24364244937896729
KITTI,mono,brake,J,0008,26,0.0
KITTI,mono,brake,J,0008,27,0.0
KITTI,mono,brake,J,0008,28,0.0
KITTI,mono,brake,J,0008,29,0.0
KITTI,mono,brake,J,0008,30,0.0
KITTI,mono,brake,J,0008,31,0.16238003969192505
KITTI,mono,brake,J,0008,32,0.0
KITTI,mono,brake,J,0008,33,0.0
KITTI,mono,brake,J,0008,34,0.0
KITTI,mono,brake,J,0008,35,0.0
KITTI,mono,brake,J,0008,36,0.11838510632514954
KITTI,mono,brake,J,0008,37,0.10158944129943848
KITTI,mono,brake,J,0008,38,0.19559407234191895
KITTI,mono,brake,J,0008,39,0.0
KITTI,mono,brake,J,0008,40,0.0
KITTI,mono,brake,J,0008,41,0.1772405207157135
KITTI,mono,brake,J,0008,42,0.0
KITTI,mono,brake,J,0008,43,0.3180631697177887
KITTI,mono,brake,J,0008,44,0.2240554392337799
KITTI,mono,brake,J,0008,45,0.0
KITTI,mono,brake,J,0008,46,0.0
KITTI,mono,brake,J,0008,47,0.2233770489692688
KITTI,mono,brake,J,0008,48,0.0
KITTI,mono,brake,J,0008,49,0.16995620727539062
KITTI,mono,brake,J,0008,50,0.0
KITTI,mono,brake,J,0008,51,0.0
KITTI,mono,brake,J,0008,52,0.13117322325706482
KITTI,mono,brake,J,0008,53,0.2279166579246521
KITTI,mono,brake,J,0008,54,0.0
KITTI,mono,brake,J,0008,55,0.0
KITTI,mono,brake,J,0008,56,0.0
KITTI,mono,brake,J,0008,57,0.0
KITTI,mono,brake,J,0008,58,0.0
KITTI,mono,brake,J,0008,59,0.0
KITTI,mono,brake,J,0008,60,0.0
KITTI,mono,brake,J,0008,61,0.0
KITTI,mono,brake,J,0008,62,0.1650540828704834
KITTI,mono,brake,J,0008,63,0.13386750221252441
KITTI,mono,brake,J,0008,64,0.22000709176063538
KITTI,mono,brake,J,0008,65,0.0
KITTI,mono,brake,J,0008,66,0.0
KITTI,mono,brake,J,0008,67,0.0
KITTI,mono,brake,J,0008,68,0.0
KITTI,mono,brake,J,0008,69,0.0
KITTI,mono,brake,J,0008,70,0.19132766127586365
KITTI,mono,brake,J,0008,71,0.0
KITTI,mono,brake,J,0008,72,0.0
KITTI,mono,brake,J,0008,73,0.0
KITTI,mono,brake,J,0008,74,0.10447734594345093
KITTI,mono,brake,J,0008,75,0.0
KITTI,mono,brake,J,0008,76,0.0
KITTI,mono,brake,J,0008,77,0.0
KITTI,mono,brake,J,0008,78,0.0
KITTI,mono,brake,J,0008,79,0.0
KITTI,mono,brake,J,0008,80,0.0
KITTI,mono,brake,J,0008,81,0.0
KITTI,mono,brake,J,0008,82,0.0
KITTI,mono,brake,J,0008,83,0.12210386991500854
KITTI,mono,brake,J,0008,84,0.0
KITTI,mono,brake,J,0008,85,0.0
KITTI,mono,brake,J,0008,86,0.2240554392337799
KITTI,mono,brake,J,0008,87,0.0
KITTI,mono,brake,J,0008,88,0.0
KITTI,mono,brake,J,0008,89,0.12168577313423157
KITTI,mono,brake,J,0008,90,0.32838085293769836
KITTI,mono,brake,J,0008,91,0.49892982840538025
KITTI,mono,brake,J,0008,92,0.0
KITTI,mono,brake,J,0008,93,0.13341522216796875
KITTI,mono,brake,J,0008,94,0.2518656551837921
KITTI,mono,brake,J,0008,95,0.16995620727539062
KITTI,mono,brake,J,0008,96,0.44571176171302795
KITTI,mono,brake,J,0008,97,0.2660394310951233
KITTI,mono,brake,J,0008,98,0.4879731237888336
KITTI,mono,brake,J,0008,99,0.29891297221183777
KITTI,mono,brake,J,0008,100,0.29972031712532043
KITTI,mono,brake,J,0008,101,0.32965242862701416
KITTI,mono,brake,J,0008,102,0.2777962386608124
KITTI,mono,brake,J,0008,103,0.12378868460655212
KITTI,mono,brake,J,0008,104,0.14903530478477478
KITTI,mono,brake,J,0008,105,0.11516222357749939
KITTI,mono,brake,J,0008,106,0.23010754585266113
KITTI,mono,brake,J,0008,107,0.0
KITTI,mono,brake,J,0008,108,0.0
KITTI,mono,brake,J,0008,109,0.1561048924922943
KITTI,mono,brake,J,0008,110,0.103748619556427
KITTI,mono,brake,J,0008,111,0.0
KITTI,mono,brake,J,0008,112,0.12808823585510254
KITTI,mono,brake,J,0008,113,0.4731532037258148
KITTI,mono,brake,J,0008,114,0.23231011629104614
KITTI,mono,brake,J,0008,115,0.11085560917854309
KITTI,mono,brake,J,0008,116,0.2265177071094513
KITTI,mono,brake,J,0008,117,0.1225232183933258
KITTI,mono,brake,J,0008,118,0.0
KITTI,mono,brake,J,0008,119,0.2535647451877594
KITTI,mono,brake,J,0008,120,0.21011728048324585
KITTI,mono,brake,J,0008,121,0.0
KITTI,mono,brake,J,0008,122,0.0
KITTI,mono,brake,J,0008,123,0.279779314994812
KITTI,mono,brake,J,0008,124,0.32341715693473816
KITTI,mono,brake,J,0008,125,0.0
KITTI,mono,brake,J,0008,126,0.3859325349330902
KITTI,mono,brake,J,0008,127,0.32054463028907776
KITTI,mono,brake,J,0008,128,0.18359363079071045
KITTI,mono,brake,J,0008,129,0.41338446736335754
KITTI,mono,brake,J,0008,130,0.11879339814186096
KITTI,mono,brake,J,0008,131,0.32780778408050537
KITTI,mono,brake,J,0008,132,0.12043881416320801
KITTI,mono,brake,J,0008,133,0.0
KITTI,mono,brake,J,0008,134,0.0
KITTI,mono,brake,J,0008,135,0.3296147584915161
KITTI,mono,brake,J,0008,136,0.0
KITTI,mono,brake,J,0008,137,0.15456733107566833
KITTI,mono,brake,J,0008,138,0.0
KITTI,mono,brake,J,0008,139,0.0
KITTI,mono,brake,J,0008,140,0.0
KITTI,mono,brake,J,0008,141,0.0
KITTI,mono,brake,J,0008,142,0.2130163311958313
KITTI,mono,brake,J,0008,143,0.2579107880592346
KITTI,mono,brake,J,0008,144,0.0
KITTI,mono,brake,J,0008,145,0.3223196864128113
KITTI,mono,brake,J,0008,146,0.1520322561264038
KITTI,mono,brake,J,0008,147,0.4805877208709717
KITTI,mono,brake,J,0008,148,0.12940272688865662
KITTI,mono,brake,J,0008,149,0.10123348236083984
KITTI,mono,brake,J,0008,150,0.0
KITTI,mono,brake,J,0008,151,0.0
KITTI,mono,brake,J,0008,152,0.41815388202667236
KITTI,mono,brake,J,0008,153,0.4185783267021179
KITTI,mono,brake,J,0008,154,0.4511253535747528
KITTI,mono,brake,J,0008,155,0.21535074710845947
KITTI,mono,brake,J,0008,156,0.417873740196228
KITTI,mono,brake,J,0008,157,0.0
KITTI,mono,brake,J,0008,158,0.8253104090690613
KITTI,mono,brake,J,0008,159,0.23863890767097473
KITTI,mono,brake,J,0008,160,0.41286084055900574
KITTI,mono,brake,J,0008,161,0.9818349182605743
KITTI,mono,brake,J,0008,162,0.8280886709690094
KITTI,mono,brake,J,0008,163,1.2114582061767578
KITTI,mono,brake,J,0008,164,0.9157610833644867
KITTI,mono,brake,J,0008,165,1.0302477478981018
KITTI,mono,brake,J,0008,166,0.2722450792789459
KITTI,mono,brake,J,0008,167,0.6131179630756378
KITTI,mono,brake,J,0008,168,0.8998502492904663
KITTI,mono,brake,J,0008,169,0.6363022923469543
KITTI,mono,brake,J,0008,170,1.2586728632450104
KITTI,mono,brake,J,0008,171,0.3061228394508362
KITTI,mono,brake,J,0008,172,0.3465821146965027
KITTI,mono,brake,J,0008,173,0.44437459111213684
KITTI,mono,brake,J,0008,174,0.29544898867607117
KITTI,mono,brake,J,0008,175,0.7521208822727203
KITTI,mono,brake,J,0008,176,0.5406164526939392
KITTI,mono,brake,J,0008,177,0.8639503419399261
KITTI,mono,brake,J,0008,178,0.27392053604125977
KITTI,mono,brake,J,0008,179,0.336664080619812
KITTI,mono,brake,J,0008,180,0.3789403438568115
KITTI,mono,brake,J,0008,181,0.37079349160194397
KITTI,mono,brake,J,0008,182,0.2773127853870392
KITTI,mono,brake,J,0008,183,0.32665249705314636
KITTI,mono,brake,J,0008,184,0.7972230911254883
KITTI,mono,brake,J,0008,185,0.4353042542934418
KITTI,mono,brake,J,0008,186,0.9002532064914703
KITTI,mono,brake,J,0008,187,1.1708849966526031
KITTI,mono,brake,J,0008,188,0.7184448838233948
KITTI,mono,brake,J,0008,189,0.4983298182487488
KITTI,mono,brake,J,0008,190,0.44634366035461426
KITTI,mono,brake,J,0008,191,0.42576923966407776
KITTI,mono,brake,J,0008,192,0.7644277513027191
KITTI,mono,brake,J,0008,193,0.31855911016464233
KITTI,mono,brake,J,0008,194,0.4689863622188568
KITTI,mono,brake,J,0008,195,0.49948814511299133
KITTI,mono,brake,J,0008,196,0.41602739691734314
KITTI,mono,brake,J,0008,197,0.32990947365760803
KITTI,mono,brake,J,0008,198,0.5195630192756653
KITTI,mono,brake,J,0008,199,0.6620857417583466
KITTI,mono,brake,J,0008,200,0.33867210149765015
KITTI,mono,brake,J,0008,201,0.4539031684398651
KITTI,mono,brake,J,0008,202,0.4175586998462677
KITTI,mono,brake,J,0008,203,0.13028541207313538
KITTI,mono,brake,J,0008,204,0.18242552876472473
KITTI,mono,brake,J,0008,205,0.10894504189491272
KITTI,mono,brake,J,0008,206,0.5943871736526489
KITTI,mono,brake,J,0008,207,0.21898514032363892
KITTI,mono,brake,J,0008,208,0.2848605811595917
KITTI,mono,brake,J,0008,209,0.21167731285095215
KITTI,mono,brake,J,0008,210,0.17895588278770447
KITTI,mono,brake,J,0008,211,0.0
KITTI,mono,brake,J,0008,212,0.0
KITTI,mono,brake,J,0008,213,0.35609880089759827
KITTI,mono,brake,J,0008,214,0.3549151122570038
KITTI,mono,brake,J,0008,215,0.3957368731498718
KITTI,mono,brake,J,0008,216,0.31613898277282715
KITTI,mono,brake,J,0008,217,0.21601152420043945
KITTI,mono,brake,J,0008,218,0.0
KITTI,mono,brake,J,0008,219,0.15152934193611145
KITTI,mono,brake,J,0008,220,0.0
KITTI,mono,brake,J,0008,221,0.2114168107509613
KITTI,mono,brake,J,0008,222,0.1795305609703064
KITTI,mono,brake,J,0008,223,0.11961367726325989
KITTI,mono,brake,J,0008,224,0.32469937205314636
KITTI,mono,brake,J,0008,225,0.3488660454750061
KITTI,mono,brake,J,0008,226,0.0
KITTI,mono,brake,J,0008,227,0.1041124165058136
KITTI,mono,brake,J,0008,228,0.36297157406806946
KITTI,mono,brake,J,0008,229,0.3617630898952484
KITTI,mono,brake,J,0008,230,0.3825284242630005
KITTI,mono,brake,J,0008,231,0.29885756969451904
KITTI,mono,brake,J,0008,232,0.10266399383544922
KITTI,mono,brake,J,0008,233,0.3614772856235504
KITTI,mono,brake,J,0008,234,0.1561048924922943
KITTI,mono,brake,J,0008,235,0.20817893743515015
KITTI,mono,brake,J,0008,236,0.34964314103126526
KITTI,mono,brake,J,0008,237,0.16132020950317383
KITTI,mono,brake,J,0008,238,0.208823561668396
KITTI,mono,brake,J,0008,239,0.0
KITTI,mono,brake,J,0008,240,0.0
KITTI,mono,brake,J,0008,241,0.0
KITTI,mono,brake,J,0008,242,0.36983469128608704
KITTI,mono,brake,J,0008,243,0.22829070687294006
KITTI,mono,brake,J,0008,244,0.22541660070419312
KITTI,mono,brake,J,0008,245,0.3743388056755066
KITTI,mono,brake,J,0008,246,0.13296425342559814
KITTI,mono,brake,J,0008,247,0.1962094008922577
KITTI,mono,brake,J,0008,248,0.103024423122406
KITTI,mono,brake,J,0008,249,0.21601152420043945
KITTI,mono,brake,J,0008,250,0.26250338554382324
KITTI,mono,brake,J,0008,251,0.3533318042755127
KITTI,mono,brake,J,0008,252,0.15921741724014282
KITTI,mono,brake,J,0008,253,0.349835604429245
KITTI,mono,brake,J,0008,254,0.7261882722377777
KITTI,mono,brake,J,0008,255,0.11357957124710083
KITTI,mono,brake,J,0008,256,0.2035425901412964
KITTI,mono,brake,J,0008,257,0.4661175012588501
KITTI,mono,brake,J,0008,258,0.43941476941108704
KITTI,mono,brake,J,0008,259,0.5800365805625916
KITTI,mono,brake,J,0008,260,0.103024423122406
KITTI,mono,brake,J,0008,261,0.3740426301956177
KITTI,mono,brake,J,0008,262,0.17895588278770447
KITTI,mono,brake,J,0008,263,0.24554681777954102
KITTI,mono,brake,J,0008,264,0.32613295316696167
KITTI,mono,brake,J,0008,265,0.2642880082130432
KITTI,mono,brake,J,0008,266,0.12808823585510254
KITTI,mono,brake,J,0008,267,0.1755380630493164
KITTI,mono,brake,J,0008,268,0.289284348487854
KITTI,mono,brake,J,0008,269,0.0
KITTI,mono,brake,J,0008,270,0.11476477980613708
KITTI,mono,brake,J,0008,271,0.0
KITTI,mono,brake,J,0008,272,0.0
KITTI,mono,brake,J,0008,273,0.0
KITTI,mono,brake,J,0008,274,0.13477590680122375
KITTI,mono,brake,J,0008,275,0.11879339814186096
KITTI,mono,brake,J,0008,276,0.0
KITTI,mono,brake,J,0008,277,0.13072866201400757
KITTI,mono,brake,J,0008,278,0.0
KITTI,mono,brake,J,0008,279,0.0
KITTI,mono,brake,J,0008,280,0.3356216549873352
KITTI,mono,brake,J,0008,281,0.16398024559020996
KITTI,mono,brake,J,0008,282,0.2465333640575409
KITTI,mono,brake,J,0008,283,0.1962094008922577
KITTI,mono,brake,J,0008,284,0.23091977834701538
KITTI,mono,brake,J,0008,285,0.11556088924407959
KITTI,mono,brake,J,0008,286,0.11008787155151367
KITTI,mono,brake,J,0008,287,0.23022675514221191
KITTI,mono,brake,J,0008,288,0.12336564064025879
KITTI,mono,brake,J,0008,289,0.0
KITTI,mono,brake,J,0008,290,0.0
KITTI,mono,brake,J,0008,291,0.17838266491889954
KITTI,mono,brake,J,0008,292,0.1259227693080902
KITTI,mono,brake,J,0008,293,0.0
KITTI,mono,brake,J,0008,294,0.0
KITTI,mono,brake,J,0008,295,0.0
KITTI,mono,brake,J,0008,296,0.0
KITTI,mono,brake,J,0008,297,0.27788984775543213
KITTI,mono,brake,J,0008,298,0.0
KITTI,mono,brake,J,0008,299,0.7142994701862335
KITTI,mono,brake,J,0008,300,0.23091977834701538
KITTI,mono,brake,J,0008,301,0.22000709176063538
KITTI,mono,brake,J,0008,302,0.12421301007270813
KITTI,mono,brake,J,0008,303,0.4752686023712158
KITTI,mono,brake,J,0008,304,0.29761213064193726
KITTI,mono,brake,J,0008,305,0.40799328684806824
KITTI,mono,brake,J,0008,306,0.6109219491481781
KITTI,mono,brake,J,0008,307,0.33051276206970215
KITTI,mono,brake,J,0008,308,0.2776768207550049
KITTI,mono,brake,J,0008,309,0.15456733107566833
KITTI,mono,brake,J,0008,310,0.35274291038513184
KITTI,mono,brake,J,0008,311,0.15869519114494324
KITTI,mono,brake,J,0008,312,0.13432103395462036
KITTI,mono,brake,J,0008,313,0.30363285541534424
KITTI,mono,brake,J,0008,314,0.20689404010772705
KITTI,mono,brake,J,0008,315,0.4584622085094452
KITTI,mono,brake,J,0008,316,0.37510228157043457
KITTI,mono,brake,J,0008,317,0.28043052554130554
KITTI,mono,brake,J,0008,318,0.1561048924922943
KITTI,mono,brake,J,0008,319,0.2179974913597107
KITTI,mono,brake,J,0008,320,0.0
KITTI,mono,brake,J,0008,321,0.14706450700759888
KITTI,mono,brake,J,0008,322,0.3948346972465515
KITTI,mono,brake,J,0008,323,0.21272224187850952
KITTI,mono,brake,J,0008,324,0.47804513573646545
KITTI,mono,brake,J,0008,325,0.23524236679077148
KITTI,mono,brake,J,0008,326,0.42695853114128113
KITTI,mono,brake,J,0008,327,0.41101598739624023
KITTI,mono,brake,J,0008,328,0.0
KITTI,mono,brake,J,0008,329,0.1048433780670166
KITTI,mono,brake,J,0008,330,0.6636605560779572
KITTI,mono,brake,J,0008,331,0.2304576337337494
KITTI,mono,brake,J,0008,332,0.0
KITTI,mono,brake,J,0008,333,0.9287827908992767
KITTI,mono,brake,J,0008,334,0.19375687837600708
KITTI,mono,brake,J,0008,335,0.6102234125137329
KITTI,mono,brake,J,0008,336,0.38602951169013977
KITTI,mono,brake,J,0008,337,0.846329540014267
KITTI,mono,brake,J,0008,338,1.0335895121097565
KITTI,mono,brake,J,0008,339,0.8210812211036682
KITTI,mono,brake,J,0008,340,0.47706320881843567
KITTI,mono,brake,J,0008,341,0.4424951672554016
KITTI,mono,brake,J,0008,342,0.2877689301967621
KITTI,mono,brake,J,0008,343,0.12808823585510254
KITTI,mono,brake,J,0008,344,0.2997051477432251
KITTI,mono,brake,J,0008,345,0.407005250453949
KITTI,mono,brake,J,0008,346,0.4568931460380554
KITTI,mono,brake,J,0008,347,0.13161903619766235
KITTI,mono,brake,J,0008,348,0.13939636945724487
KITTI,mono,brake,J,0008,349,0.2604762613773346
KITTI,mono,brake,J,0008,350,0.4254574775695801
KITTI,mono,brake,J,0008,351,0.6043242812156677
KITTI,mono,brake,J,0008,352,0.5557004809379578
KITTI,mono,brake,J,0008,353,0.24707525968551636
KITTI,mono,brake,J,0008,354,0.735447108745575
KITTI,mono,brake,J,0008,355,0.5228602290153503
KITTI,mono,brake,J,0008,356,0.3895355463027954
KITTI,mono,brake,J,0008,357,0.56375652551651
KITTI,mono,brake,J,0008,358,0.5274023413658142
KITTI,mono,brake,J,0008,359,0.26413360238075256
KITTI,mono,brake,J,0008,360,0.0
KITTI,mono,brake,J,0008,361,0.5376569032669067
KITTI,mono,brake,J,0008,362,0.2583402693271637
KITTI,mono,brake,J,0008,363,0.3357064127922058
KITTI,mono,brake,J,0008,364,0.2790590524673462
KITTI,mono,brake,J,0008,365,0.13706976175308228
KITTI,mono,brake,J,0008,366,0.29563868045806885
KITTI,mono,brake,J,0008,367,0.11920291185379028
KITTI,mono,brake,J,0008,368,0.46379610896110535
KITTI,mono,brake,J,0008,369,0.11516222357749939
KITTI,mono,brake,J,0008,370,0.30406585335731506
KITTI,mono,brake,J,0008,371,0.38565412163734436
KITTI,mono,brake,J,0008,372,0.22253990173339844
KITTI,mono,brake,J,0008,373,0.2794061601161957
KITTI,mono,brake,J,0008,374,0.3000733554363251
KITTI,mono,brake,J,0008,375,0.2810148000717163
KITTI,mono,brake,J,0008,376,0.3967822790145874
KITTI,mono,brake,J,0008,377,0.3935154676437378
KITTI,mono,brake,J,0008,378,0.2827516198158264
KITTI,mono,brake,J,0008,379,0.34573784470558167
KITTI,mono,brake,J,0008,380,0.24210891127586365
KITTI,mono,brake,J,0008,381,0.23370635509490967
KITTI,mono,brake,J,0008,382,0.22698235511779785
KITTI,mono,brake,J,0008,383,0.10230469703674316
KITTI,mono,brake,J,0008,384,0.12852513790130615
KITTI,mono,brake,J,0008,385,0.0
KITTI,mono,brake,J,0008,386,0.3662388026714325
KITTI,mono,brake,J,0008,387,0.5415566563606262
KITTI,mono,brake,J,0008,388,0.0
KITTI,mono,brake,J,0008,389,0.2544681131839752
KITTI,mono,brake,J,0009,0,0.0
KITTI,mono,brake,J,0009,1,0.0
KITTI,mono,brake,J,0009,2,0.15052762627601624
KITTI,mono,brake,J,0009,3,0.0
KITTI,mono,brake,J,0009,4,0.0
KITTI,mono,brake,J,0009,5,0.13117322325706482
KITTI,mono,brake,J,0009,6,0.22541660070419312
KITTI,mono,brake,J,0009,7,0.35577264428138733
KITTI,mono,brake,J,0009,8,0.6646793782711029
KITTI,mono,brake,J,0009,9,0.5115050971508026
KITTI,mono,brake,J,0009,10,0.30680039525032043
KITTI,mono,brake,J,0009,11,0.0
KITTI,mono,brake,J,0009,12,0.39956459403038025
KITTI,mono,brake,J,0009,13,0.10338595509529114
KITTI,mono,brake,J,0009,14,0.3425632417201996
KITTI,mono,brake,J,0009,15,0.7342464327812195
KITTI,mono,brake,J,0009,16,0.6312683522701263
KITTI,mono,brake,J,0009,17,0.3037633001804352
KITTI,mono,brake,J,0009,18,0.4206426441669464
KITTI,mono,brake,J,0009,19,0.16184943914413452
KITTI,mono,brake,J,0009,20,0.2186693549156189
KITTI,mono,brake,J,0009,21,0.853634238243103
KITTI,mono,brake,J,0009,22,0.7856290638446808
KITTI,mono,brake,J,0009,23,0.7747803032398224
KITTI,mono,brake,J,0009,24,1.1134149730205536
KITTI,mono,brake,J,0009,25,1.1825174391269684
KITTI,mono,brake,J,0009,26,1.1356097161769867
KITTI,mono,brake,J,0009,27,0.38492342829704285
KITTI,mono,brake,J,0009,28,1.1633380949497223
KITTI,mono,brake,J,0009,29,1.332908034324646
KITTI,mono,brake,J,0009,30,0.9562559127807617
KITTI,mono,brake,J,0009,31,0.43424534797668457
KITTI,mono,brake,J,0009,32,0.6422143280506134
KITTI,mono,brake,J,0009,33,0.587296336889267
KITTI,mono,brake,J,0009,34,0.6833644807338715
KITTI,mono,brake,J,0009,35,0.8312647938728333
KITTI,mono,brake,J,0009,36,0.7003623843193054
KITTI,mono,brake,J,0009,37,1.2037650644779205
KITTI,mono,brake,J,0009,38,0.2227001190185547
KITTI,mono,brake,J,0009,39,0.0
KITTI,mono,brake,J,0009,40,0.8676763772964478
KITTI,mono,brake,J,0009,41,0.6405758857727051
KITTI,mono,brake,J,0009,42,0.21385708451271057
KITTI,mono,brake,J,0009,43,0.13986563682556152
KITTI,mono,brake,J,0009,44,0.6586296558380127
KITTI,mono,brake,J,0009,45,0.8080007433891296
KITTI,mono,brake,J,0009,46,0.9133171439170837
KITTI,mono,brake,J,0009,47,0.42259976267814636
KITTI,mono,brake,J,0009,48,0.849696010351181
KITTI,mono,brake,J,0009,49,1.0194804668426514
KITTI,mono,brake,J,0009,50,1.75787153840065
KITTI,mono,brake,J,0009,51,0.735194206237793
KITTI,mono,brake,J,0009,52,0.3505963683128357
KITTI,mono,brake,J,0009,53,1.308702439069748
KITTI,mono,brake,J,0009,54,1.0781084597110748
KITTI,mono,brake,J,0009,55,0.8951278626918793
KITTI,mono,brake,J,0009,56,0.6419615745544434
KITTI,mono,brake,J,0009,57,0.40014347434043884
KITTI,mono,brake,J,0009,58,0.8869481086730957
KITTI,mono,brake,J,0009,59,0.46487957239151
KITTI,mono,brake,J,0009,60,0.4910881519317627
KITTI,mono,brake,J,0009,61,0.9590269327163696
KITTI,mono,brake,J,0009,62,0.4345129728317261
KITTI,mono,brake,J,0009,63,1.055481880903244
KITTI,mono,brake,J,0009,64,0.10743749141693115
KITTI,mono,brake,J,0009,65,1.0328267514705658
KITTI,mono,brake,J,0009,66,0.8114519119262695
KITTI,mono,brake,J,0009,67,0.6896224617958069
KITTI,mono,brake,J,0009,68,0.5174798667430878
KITTI,mono,brake,J,0009,69,0.34379902482032776
KITTI,mono,brake,J,0009,70,0.6452788412570953
KITTI,mono,brake,J,0009,71,1.1755844354629517
KITTI,mono,brake,J,0009,72,0.6677946150302887
KITTI,mono,brake,J,0009,73,0.37310487031936646
KITTI,mono,brake,J,0009,74,0.309245228767395
KITTI,mono,brake,J,0009,75,0.22541660070419312
KITTI,mono,brake,J,0009,76,0.5724062919616699
KITTI,mono,brake,J,0009,77,0.7355259656906128
KITTI,mono,brake,J,0009,78,0.3524816334247589
KITTI,mono,brake,J,0009,79,0.20370754599571228
KITTI,mono,brake,J,0009,80,0.22213193774223328
KITTI,mono,brake,J,0009,81,0.7409916520118713
KITTI,mono,brake,J,0009,82,0.16830945014953613
KITTI,mono,brake,J,0009,83,0.17328819632530212
KITTI,mono,brake,J,0009,84,0.43528035283088684
KITTI,mono,brake,J,0009,85,0.22135066986083984
KITTI,mono,brake,J,0009,86,0.44871029257774353
KITTI,mono,brake,J,0009,87,0.34178516268730164
KITTI,mono,brake,J,0009,88,0.4642235338687897
KITTI,mono,brake,J,0009,89,0.3317354619503021
KITTI,mono,brake,J,0009,90,0.7349432706832886
KITTI,mono,brake,J,0009,91,0.44664815068244934
KITTI,mono,brake,J,0009,92,0.33423325419425964
KITTI,mono,brake,J,0009,93,0.4514181911945343
KITTI,mono,brake,J,0009,94,0.6277346611022949
KITTI,mono,brake,J,0009,95,0.18359363079071045
KITTI,mono,brake,J,0009,96,0.9660432934761047
KITTI,mono,brake,J,0009,97,0.6104738712310791
KITTI,mono,brake,J,0009,98,1.0836965441703796
KITTI,mono,brake,J,0009,99,1.0592164397239685
KITTI,mono,brake,J,0009,100,0.15921741724014282
KITTI,mono,brake,J,0009,101,0.7693119943141937
KITTI,mono,brake,J,0009,102,0.4114729166030884
KITTI,mono,brake,J,0009,103,0.88324373960495
KITTI,mono,brake,J,0009,104,0.2654177248477936
KITTI,mono,brake,J,0009,105,0.557344526052475
KITTI,mono,brake,J,0009,106,0.99457648396492
KITTI,mono,brake,J,0009,107,0.7307238578796387
KITTI,mono,brake,J,0009,108,0.6641282737255096
KITTI,mono,brake,J,0009,109,1.2683263421058655
KITTI,mono,brake,J,0009,110,0.49544814229011536
KITTI,mono,brake,J,0009,111,0.24609890580177307
KITTI,mono,brake,J,0009,112,0.5611715614795685
KITTI,mono,brake,J,0009,113,0.6722640991210938
KITTI,mono,brake,J,0009,114,0.9432547092437744
KITTI,mono,brake,J,0009,115,0.9576767683029175
KITTI,mono,brake,J,0009,116,0.6303269267082214
KITTI,mono,brake,J,0009,117,1.043606549501419
KITTI,mono,brake,J,0009,118,0.3048825263977051
KITTI,mono,brake,J,0009,119,1.3000347018241882
KITTI,mono,brake,J,0009,120,1.2196062803268433
KITTI,mono,brake,J,0009,121,0.7095988094806671
KITTI,mono,brake,J,0009,122,0.610984206199646
KITTI,mono,brake,J,0009,123,0.37892356514930725
KITTI,mono,brake,J,0009,124,0.5694796741008759
KITTI,mono,brake,J,0009,125,0.2802094519138336
KITTI,mono,brake,J,0009,126,0.10158944129943848
KITTI,mono,brake,J,0009,127,0.0
KITTI,mono,brake,J,0009,128,0.3953744173049927
KITTI,mono,brake,J,0009,129,0.0
KITTI,mono,brake,J,0009,130,0.10557883977890015
KITTI,mono,brake,J,0009,131,0.5482567548751831
KITTI,mono,brake,J,0009,132,0.8300138115882874
KITTI,mono,brake,J,0009,133,1.1831704378128052
KITTI,mono,brake,J,0009,134,0.455485999584198
KITTI,mono,brake,J,0009,135,0.7037492990493774
KITTI,mono,brake,J,0009,136,0.5779776573181152
KITTI,mono,brake,J,0009,137,0.9744849503040314
KITTI,mono,brake,J,0009,138,1.4049111008644104
KITTI,mono,brake,J,0009,139,0.6647375822067261
KITTI,mono,brake,J,0009,140,0.6429862678050995
KITTI,mono,brake,J,0009,141,0.7459729015827179
KITTI,mono,brake,J,0009,142,0.9070190191268921
KITTI,mono,brake,J,0009,143,0.6289687752723694
KITTI,mono,brake,J,0009,144,0.5267260372638702
KITTI,mono,brake,J,0009,145,0.32787829637527466
KITTI,mono,brake,J,0009,146,1.160720407962799
KITTI,mono,brake,J,0009,147,1.0734811425209045
KITTI,mono,brake,J,0009,148,1.494902789592743
KITTI,mono,brake,J,0009,149,0.9185280203819275
KITTI,mono,brake,J,0009,150,0.7853861451148987
KITTI,mono,brake,J,0009,151,0.5841473340988159
KITTI,mono,brake,J,0009,152,0.35434600710868835
KITTI,mono,brake,J,0009,153,0.7507289350032806
KITTI,mono,brake,J,0009,154,0.6666589379310608
KITTI,mono,brake,J,0009,155,0.46057167649269104
KITTI,mono,brake,J,0009,156,0.7630968391895294
KITTI,mono,brake,J,0009,157,0.4583737850189209
KITTI,mono,brake,J,0009,158,0.9972220063209534
KITTI,mono,brake,J,0009,159,0.6550515294075012
KITTI,mono,brake,J,0009,160,0.9255038201808929
KITTI,mono,brake,J,0009,161,1.226639211177826
KITTI,mono,brake,J,0009,162,1.0066925585269928
KITTI,mono,brake,J,0009,163,0.8729959428310394
KITTI,mono,brake,J,0009,164,1.2425771355628967
KITTI,mono,brake,J,0009,165,0.8088155388832092
KITTI,mono,brake,J,0009,166,0.7275146543979645
KITTI,mono,brake,J,0009,167,0.8861283957958221
KITTI,mono,brake,J,0009,168,0.6232664585113525
KITTI,mono,brake,J,0009,169,1.3164042532444
KITTI,mono,brake,J,0009,170,0.8350884914398193
KITTI,mono,brake,J,0009,171,0.6210859715938568
KITTI,mono,brake,J,0009,172,0.8067645728588104
KITTI,mono,brake,J,0009,173,0.6188900768756866
KITTI,mono,brake,J,0009,174,0.7538712024688721
KITTI,mono,brake,J,0009,175,0.5555177330970764
KITTI,mono,brake,J,0009,176,0.3808315098285675
KITTI,mono,brake,J,0009,177,0.48131299018859863
KITTI,mono,brake,J,0009,178,0.3657020330429077
KITTI,mono,brake,J,0009,179,0.8406851887702942
KITTI,mono,brake,J,0009,180,0.9911483824253082
KITTI,mono,brake,J,0009,181,0.5366628766059875
KITTI,mono,brake,J,0009,182,0.7628961205482483
KITTI,mono,brake,J,0009,183,0.7346995174884796
KITTI,mono,brake,J,0009,184,0.9355370700359344
KITTI,mono,brake,J,0009,185,1.1809976398944855
KITTI,mono,brake,J,0009,186,0.6041019558906555
KITTI,mono,brake,J,0009,187,0.7059147655963898
KITTI,mono,brake,J,0009,188,0.7314474880695343
KITTI,mono,brake,J,0009,189,0.44085976481437683
KITTI,mono,brake,J,0009,190,0.6694565117359161
KITTI,mono,brake,J,0009,191,0.5098729133605957
KITTI,mono,brake,J,0009,192,0.6866636574268341
KITTI,mono,brake,J,0009,193,0.8536532521247864
KITTI,mono,brake,J,0009,194,1.1477912366390228
KITTI,mono,brake,J,0009,195,1.4273374676704407
KITTI,mono,brake,J,0009,196,1.6162235736846924
KITTI,mono,brake,J,0009,197,0.7970888912677765
KITTI,mono,brake,J,0009,198,0.2965833246707916
KITTI,mono,brake,J,0009,199,0.41382524371147156
KITTI,mono,brake,J,0009,200,0.25800570845603943
KITTI,mono,brake,J,0009,201,0.4462583363056183
KITTI,mono,brake,J,0009,202,1.2134877443313599
KITTI,mono,brake,J,0009,203,2.104556232690811
KITTI,mono,brake,J,0009,204,2.324725717306137
KITTI,mono,brake,J,0009,205,1.9886594712734222
KITTI,mono,brake,J,0009,206,1.6191825866699219
KITTI,mono,brake,J,0009,207,0.4245028495788574
KITTI,mono,brake,J,0009,208,0.7061163485050201
KITTI,mono,brake,J,0009,209,1.256810873746872
KITTI,mono,brake,J,0009,210,0.6049748659133911
KITTI,mono,brake,J,0009,211,0.48477357625961304
KITTI,mono,brake,J,0009,212,0.9559473693370819
KITTI,mono,brake,J,0009,213,1.3731336295604706
KITTI,mono,brake,J,0009,214,1.358195185661316
KITTI,mono,brake,J,0009,215,0.3777065873146057
KITTI,mono,brake,J,0009,216,1.5441591441631317
KITTI,mono,brake,J,0009,217,0.6500003039836884
KITTI,mono,brake,J,0009,218,0.7675701975822449
KITTI,mono,brake,J,0009,219,2.7479635179042816
KITTI,mono,brake,J,0009,220,1.7417316436767578
KITTI,mono,brake,J,0009,221,0.7602346241474152
KITTI,mono,brake,J,0009,222,1.3076051771640778
KITTI,mono,brake,J,0009,223,1.5150994062423706
KITTI,mono,brake,J,0009,224,1.5159854888916016
KITTI,mono,brake,J,0009,225,1.1693024635314941
KITTI,mono,brake,J,0009,226,1.30003622174263
KITTI,mono,brake,J,0009,227,0.8315021991729736
KITTI,mono,brake,J,0009,228,1.7096876502037048
KITTI,mono,brake,J,0009,229,2.4639990031719208
KITTI,mono,brake,J,0009,230,1.7853496372699738
KITTI,mono,brake,J,0009,231,1.4964598715305328
KITTI,mono,brake,J,0009,232,0.7121665775775909
KITTI,mono,brake,J,0009,233,0.7867729365825653
KITTI,mono,brake,J,0009,234,1.227723240852356
KITTI,mono,brake,J,0009,235,1.5822360217571259
KITTI,mono,brake,J,0009,236,0.8069968819618225
KITTI,mono,brake,J,0009,237,1.0523835122585297
KITTI,mono,brake,J,0009,238,1.1674003899097443
KITTI,mono,brake,J,0009,239,1.7373997867107391
KITTI,mono,brake,J,0009,240,1.645562320947647
KITTI,mono,brake,J,0009,241,1.6670774221420288
KITTI,mono,brake,J,0009,242,1.5644797682762146
KITTI,mono,brake,J,0009,243,0.1352320909500122
KITTI,mono,brake,J,0009,244,0.690746933221817
KITTI,mono,brake,J,0009,245,0.40576258301734924
KITTI,mono,brake,J,0009,246,0.6415923237800598
KITTI,mono,brake,J,0009,247,1.2417822182178497
KITTI,mono,brake,J,0009,248,1.1086292564868927
KITTI,mono,brake,J,0009,249,0.47891420125961304
KITTI,mono,brake,J,0009,250,0.6397204995155334
KITTI,mono,brake,J,0009,251,1.5305311977863312
KITTI,mono,brake,J,0009,252,0.8485755026340485
KITTI,mono,brake,J,0009,253,0.5294089615345001
KITTI,mono,brake,J,0009,254,0.7876363396644592
KITTI,mono,brake,J,0009,255,0.5485842525959015
KITTI,mono,brake,J,0009,256,0.6464858055114746
KITTI,mono,brake,J,0009,257,0.6408062279224396
KITTI,mono,brake,J,0009,258,0.5895972549915314
KITTI,mono,brake,J,0009,259,0.34137630462646484
KITTI,mono,brake,J,0009,260,0.6782305240631104
KITTI,mono,brake,J,0009,261,0.5846782028675079
KITTI,mono,brake,J,0009,262,0.25356703996658325
KITTI,mono,brake,J,0009,263,0.27468666434288025
KITTI,mono,brake,J,0009,264,0.37331557273864746
KITTI,mono,brake,J,0009,265,0.16451644897460938
KITTI,mono,brake,J,0009,266,0.0
KITTI,mono,brake,J,0009,267,0.2173374891281128
KITTI,mono,brake,J,0009,268,0.140336275100708
KITTI,mono,brake,J,0009,269,0.0
KITTI,mono,brake,J,0009,270,0.0
KITTI,mono,brake,J,0009,271,0.0
KITTI,mono,brake,J,0009,272,0.15102779865264893
KITTI,mono,brake,J,0009,273,0.0
KITTI,mono,brake,J,0009,274,0.0
KITTI,mono,brake,J,0009,275,0.0
KITTI,mono,brake,J,0009,276,0.0
KITTI,mono,brake,J,0009,277,0.0
KITTI,mono,brake,J,0009,278,0.0
KITTI,mono,brake,J,0009,279,0.140336275100708
KITTI,mono,brake,J,0009,280,0.0
KITTI,mono,brake,J,0009,281,0.0
KITTI,mono,brake,J,0009,282,0.10970577597618103
KITTI,mono,brake,J,0009,283,0.22541660070419312
KITTI,mono,brake,J,0009,284,0.10970577597618103
KITTI,mono,brake,J,0009,285,0.0
KITTI,mono,brake,J,0009,286,0.0
KITTI,mono,brake,J,0009,287,0.14953139424324036
KITTI,mono,brake,J,0009,288,0.0
KITTI,mono,brake,J,0009,289,0.0
KITTI,mono,brake,J,0009,290,0.0
KITTI,mono,brake,J,0009,291,0.0
KITTI,mono,brake,J,0009,292,0.0
KITTI,mono,brake,J,0009,293,0.0
KITTI,mono,brake,J,0009,294,0.0
KITTI,mono,brake,J,0009,295,0.0
KITTI,mono,brake,J,0009,296,0.0
KITTI,mono,brake,J,0009,297,0.0
KITTI,mono,brake,J,0009,298,0.0
KITTI,mono,brake,J,0009,299,0.0
KITTI,mono,brake,J,0009,300,0.0
KITTI,mono,brake,J,0009,301,0.0
KITTI,mono,brake,J,0009,302,0.13477590680122375
KITTI,mono,brake,J,0009,303,0.0
KITTI,mono,brake,J,0009,304,0.0
KITTI,mono,brake,J,0009,305,0.0
KITTI,mono,brake,J,0009,306,0.0
KITTI,mono,brake,J,0009,307,0.0
KITTI,mono,brake,J,0009,308,0.0
KITTI,mono,brake,J,0009,309,0.0
KITTI,mono,brake,J,0009,310,0.0
KITTI,mono,brake,J,0009,311,0.0
KITTI,mono,brake,J,0009,312,0.0
KITTI,mono,brake,J,0009,313,0.0
KITTI,mono,brake,J,0009,314,0.0
KITTI,mono,brake,J,0009,315,0.0
KITTI,mono,brake,J,0009,316,0.0
KITTI,mono,brake,J,0009,317,0.0
KITTI,mono,brake,J,0009,318,0.0
KITTI,mono,brake,J,0009,319,0.0
KITTI,mono,brake,J,0009,320,0.0
KITTI,mono,brake,J,0009,321,0.0
KITTI,mono,brake,J,0009,322,0.0
KITTI,mono,brake,J,0009,323,0.0
KITTI,mono,brake,J,0009,324,0.0
KITTI,mono,brake,J,0009,325,0.0
KITTI,mono,brake,J,0009,326,0.0
KITTI,mono,brake,J,0009,327,0.0
KITTI,mono,brake,J,0009,328,0.0
KITTI,mono,brake,J,0009,329,0.0
KITTI,mono,brake,J,0009,330,0.0
KITTI,mono,brake,J,0009,331,0.2351083755493164
KITTI,mono,brake,J,0009,332,0.0
KITTI,mono,brake,J,0009,333,0.0
KITTI,mono,brake,J,0009,334,0.0
KITTI,mono,brake,J,0009,335,0.0
KITTI,mono,brake,J,0009,336,0.0
KITTI,mono,brake,J,0009,337,0.0
KITTI,mono,brake,J,0009,338,0.0
KITTI,mono,brake,J,0009,339,0.0
KITTI,mono,brake,J,0009,340,0.1666753888130188
KITTI,mono,brake,J,0009,341,0.13939636945724487
KITTI,mono,brake,J,0009,342,0.0
KITTI,mono,brake,J,0009,343,0.0
KITTI,mono,brake,J,0009,344,0.0
KITTI,mono,brake,J,0009,345,0.0
KITTI,mono,brake,J,0009,346,0.0
KITTI,mono,brake,J,0009,347,0.0
KITTI,mono,brake,J,0009,348,0.0
KITTI,mono,brake,J,0009,349,0.0
KITTI,mono,brake,J,0009,350,0.0
KITTI,mono,brake,J,0009,351,0.0
KITTI,mono,brake,J,0009,352,0.0
KITTI,mono,brake,J,0009,353,0.0
KITTI,mono,brake,J,0009,354,0.0
KITTI,mono,brake,J,0009,355,0.0
KITTI,mono,brake,J,0009,356,0.0
KITTI,mono,brake,J,0009,357,0.0
KITTI,mono,brake,J,0009,358,0.0
KITTI,mono,brake,J,0009,359,0.0
KITTI,mono,brake,J,0009,360,0.0
KITTI,mono,brake,J,0009,361,0.0
KITTI,mono,brake,J,0009,362,0.0
KITTI,mono,brake,J,0009,363,0.0
KITTI,mono,brake,J,0009,364,0.0
KITTI,mono,brake,J,0009,365,0.0
KITTI,mono,brake,J,0009,366,0.0
KITTI,mono,brake,J,0009,367,0.0
KITTI,mono,brake,J,0009,368,0.0
KITTI,mono,brake,J,0009,369,0.0
KITTI,mono,brake,J,0009,370,0.0
KITTI,mono,brake,J,0009,371,0.0
KITTI,mono,brake,J,0009,372,0.0
KITTI,mono,brake,J,0009,373,0.0
KITTI,mono,brake,J,0009,374,0.0
KITTI,mono,brake,J,0009,375,0.0
KITTI,mono,brake,J,0009,376,0.0
KITTI,mono,brake,J,0009,377,0.0
KITTI,mono,brake,J,0009,378,0.0
KITTI,mono,brake,J,0009,379,0.0
KITTI,mono,brake,J,0009,380,0.0
KITTI,mono,brake,J,0009,381,0.0
KITTI,mono,brake,J,0009,382,0.0
KITTI,mono,brake,J,0009,383,0.0
KITTI,mono,brake,J,0009,384,0.0
KITTI,mono,brake,J,0009,385,0.0
KITTI,mono,brake,J,0009,386,0.0
KITTI,mono,brake,J,0009,387,0.15456733107566833
KITTI,mono,brake,J,0009,388,0.0
KITTI,mono,brake,J,0009,389,0.0
KITTI,mono,brake,J,0009,390,0.103024423122406
KITTI,mono,brake,J,0009,391,0.14318770170211792
KITTI,mono,brake,J,0009,392,0.14223188161849976
KITTI,mono,brake,J,0009,393,0.0
KITTI,mono,brake,J,0009,394,0.0
KITTI,mono,brake,J,0009,395,0.2146914005279541
KITTI,mono,brake,J,0009,396,0.15559101104736328
KITTI,mono,brake,J,0009,397,0.0
KITTI,mono,brake,J,0009,398,0.11879339814186096
KITTI,mono,brake,J,0009,399,0.0
KITTI,mono,brake,J,0009,400,0.20370754599571228
KITTI,mono,brake,J,0009,401,0.10557883977890015
KITTI,mono,brake,J,0009,402,0.11838510632514954
KITTI,mono,brake,J,0009,403,0.0
KITTI,mono,brake,J,0009,404,0.0
KITTI,mono,brake,J,0009,405,0.0
KITTI,mono,brake,J,0009,406,0.0
KITTI,mono,brake,J,0009,407,0.0
KITTI,mono,brake,J,0009,408,0.0
KITTI,mono,brake,J,0009,409,0.0
KITTI,mono,brake,J,0009,410,0.0
KITTI,mono,brake,J,0009,411,0.0
KITTI,mono,brake,J,0009,412,0.0
KITTI,mono,brake,J,0009,413,0.0
KITTI,mono,brake,J,0009,414,0.0
KITTI,mono,brake,J,0009,415,0.0
KITTI,mono,brake,J,0009,416,0.0
KITTI,mono,brake,J,0009,417,0.0
KITTI,mono,brake,J,0009,418,0.0
KITTI,mono,brake,J,0009,419,0.0
KITTI,mono,brake,J,0009,420,0.0
KITTI,mono,brake,J,0009,421,0.0
KITTI,mono,brake,J,0009,422,0.0
KITTI,mono,brake,J,0009,423,0.0
KITTI,mono,brake,J,0009,424,0.0
KITTI,mono,brake,J,0009,425,0.0
KITTI,mono,brake,J,0009,426,0.0
KITTI,mono,brake,J,0009,427,0.0
KITTI,mono,brake,J,0009,428,0.0
KITTI,mono,brake,J,0009,429,0.0
KITTI,mono,brake,J,0009,430,0.0
KITTI,mono,brake,J,0009,431,0.0
KITTI,mono,brake,J,0009,432,0.0
KITTI,mono,brake,J,0009,433,0.0
KITTI,mono,brake,J,0009,434,0.0
KITTI,mono,brake,J,0009,435,0.0
KITTI,mono,brake,J,0009,436,0.0
KITTI,mono,brake,J,0009,437,0.0
KITTI,mono,brake,J,0009,438,0.0
KITTI,mono,brake,J,0009,439,0.0
KITTI,mono,brake,J,0009,440,0.0
KITTI,mono,brake,J,0009,441,0.0
KITTI,mono,brake,J,0009,442,0.0
KITTI,mono,brake,J,0009,443,0.0
KITTI,mono,brake,J,0009,444,0.0
KITTI,mono,brake,J,0009,445,0.0
KITTI,mono,brake,J,0009,446,0.0
KITTI,mono,brake,J,0009,447,0.0
KITTI,mono,brake,J,0009,448,0.0
KITTI,mono,brake,J,0009,449,0.0
KITTI,mono,brake,J,0009,450,0.0
KITTI,mono,brake,J,0009,451,0.0
KITTI,mono,brake,J,0009,452,0.0
KITTI,mono,brake,J,0009,453,0.0
KITTI,mono,brake,J,0009,454,0.0
KITTI,mono,brake,J,0009,455,0.0
KITTI,mono,brake,J,0009,456,0.0
KITTI,mono,brake,J,0009,457,0.13117322325706482
KITTI,mono,brake,J,0009,458,0.0
KITTI,mono,brake,J,0009,459,0.0
KITTI,mono,brake,J,0009,460,0.13477590680122375
KITTI,mono,brake,J,0009,461,0.0
KITTI,mono,brake,J,0009,462,0.0
KITTI,mono,brake,J,0009,463,0.0
KITTI,mono,brake,J,0009,464,0.0
KITTI,mono,brake,J,0009,465,0.0
KITTI,mono,brake,J,0009,466,0.0
KITTI,mono,brake,J,0009,467,0.0
KITTI,mono,brake,J,0009,468,0.0
KITTI,mono,brake,J,0009,469,0.0
KITTI,mono,brake,J,0009,470,0.0
KITTI,mono,brake,J,0009,471,0.0
KITTI,mono,brake,J,0009,472,0.0
KITTI,mono,brake,J,0009,473,0.0
KITTI,mono,brake,J,0009,474,0.0
KITTI,mono,brake,J,0009,475,0.0
KITTI,mono,brake,J,0009,476,0.0
KITTI,mono,brake,J,0009,477,0.0
KITTI,mono,brake,J,0009,478,0.0
KITTI,mono,brake,J,0009,479,0.0
KITTI,mono,brake,J,0009,480,0.0
KITTI,mono,brake,J,0009,481,0.0
KITTI,mono,brake,J,0009,482,0.0
KITTI,mono,brake,J,0009,483,0.0
KITTI,mono,brake,J,0009,484,0.0
KITTI,mono,brake,J,0009,485,0.0
KITTI,mono,brake,J,0009,486,0.0
KITTI,mono,brake,J,0009,487,0.0
KITTI,mono,brake,J,0009,488,0.13028541207313538
KITTI,mono,brake,J,0009,489,0.0
KITTI,mono,brake,J,0009,490,0.0
KITTI,mono,brake,J,0009,491,0.0
KITTI,mono,brake,J,0009,492,0.0
KITTI,mono,brake,J,0009,493,0.0
KITTI,mono,brake,J,0009,494,0.0
KITTI,mono,brake,J,0009,495,0.0
KITTI,mono,brake,J,0009,496,0.0
KITTI,mono,brake,J,0009,497,0.0
KITTI,mono,brake,J,0009,498,0.0
KITTI,mono,brake,J,0009,499,0.0
KITTI,mono,brake,J,0009,500,0.0
KITTI,mono,brake,J,0009,501,0.0
KITTI,mono,brake,J,0009,502,0.0
KITTI,mono,brake,J,0009,503,0.0
KITTI,mono,brake,J,0009,504,0.0
KITTI,mono,brake,J,0009,505,0.0
KITTI,mono,brake,J,0009,506,0.0
KITTI,mono,brake,J,0009,507,0.12940272688865662
KITTI,mono,brake,J,0009,508,0.0
KITTI,mono,brake,J,0009,509,0.0
KITTI,mono,brake,J,0009,510,0.11920291185379028
KITTI,mono,brake,J,0009,511,0.1225232183933258
KITTI,mono,brake,J,0009,512,0.0
KITTI,mono,brake,J,0009,513,0.0
KITTI,mono,brake,J,0009,514,0.0
KITTI,mono,brake,J,0009,515,0.0
KITTI,mono,brake,J,0009,516,0.0
KITTI,mono,brake,J,0009,517,0.0
KITTI,mono,brake,J,0009,518,0.0
KITTI,mono,brake,J,0009,519,0.0
KITTI,mono,brake,J,0009,520,0.0
KITTI,mono,brake,J,0009,521,0.0
KITTI,mono,brake,J,0009,522,0.0
KITTI,mono,brake,J,0009,523,0.0
KITTI,mono,brake,J,0009,524,0.0
KITTI,mono,brake,J,0009,525,0.0
KITTI,mono,brake,J,0009,526,0.0
KITTI,mono,brake,J,0009,527,0.0
KITTI,mono,brake,J,0009,528,0.0
KITTI,mono,brake,J,0009,529,0.0
KITTI,mono,brake,J,0009,530,0.0
KITTI,mono,brake,J,0009,531,0.0
KITTI,mono,brake,J,0009,532,0.0
KITTI,mono,brake,J,0009,533,0.0
KITTI,mono,brake,J,0009,534,0.0
KITTI,mono,brake,J,0009,535,0.0
KITTI,mono,brake,J,0009,536,0.0
KITTI,mono,brake,J,0009,537,0.0
KITTI,mono,brake,J,0009,538,0.0
KITTI,mono,brake,J,0009,539,0.0
KITTI,mono,brake,J,0009,540,0.0
KITTI,mono,brake,J,0009,541,0.0
KITTI,mono,brake,J,0009,542,0.0
KITTI,mono,brake,J,0009,543,0.0
KITTI,mono,brake,J,0009,544,0.11676400899887085
KITTI,mono,brake,J,0009,545,0.1581743359565735
KITTI,mono,brake,J,0009,546,0.0
KITTI,mono,brake,J,0009,547,0.0
KITTI,mono,brake,J,0009,548,0.23651623725891113
KITTI,mono,brake,J,0009,549,0.15713685750961304
KITTI,mono,brake,J,0009,550,0.0
KITTI,mono,brake,J,0009,551,0.0
KITTI,mono,brake,J,0009,552,0.0
KITTI,mono,brake,J,0009,553,0.0
KITTI,mono,brake,J,0009,554,0.0
KITTI,mono,brake,J,0009,555,0.11279541254043579
KITTI,mono,brake,J,0009,556,0.0
KITTI,mono,brake,J,0009,557,0.0
KITTI,mono,brake,J,0009,558,0.0
KITTI,mono,brake,J,0009,559,0.0
KITTI,mono,brake,J,0009,560,0.0
KITTI,mono,brake,J,0009,561,0.0
KITTI,mono,brake,J,0009,562,0.0
KITTI,mono,brake,J,0009,563,0.0
KITTI,mono,brake,J,0009,564,0.0
KITTI,mono,brake,J,0009,565,0.0
KITTI,mono,brake,J,0009,566,0.0
KITTI,mono,brake,J,0009,567,0.0
KITTI,mono,brake,J,0009,568,0.0
KITTI,mono,brake,J,0009,569,0.0
KITTI,mono,brake,J,0009,570,0.0
KITTI,mono,brake,J,0009,571,0.0
KITTI,mono,brake,J,0009,572,0.0
KITTI,mono,brake,J,0009,573,0.0
KITTI,mono,brake,J,0009,574,0.0
KITTI,mono,brake,J,0009,575,0.0
KITTI,mono,brake,J,0009,576,0.0
KITTI,mono,brake,J,0009,577,0.0
KITTI,mono,brake,J,0009,578,0.0
KITTI,mono,brake,J,0009,579,0.0
KITTI,mono,brake,J,0009,580,0.1250653862953186
KITTI,mono,brake,J,0009,581,0.0
KITTI,mono,brake,J,0009,582,0.13296425342559814
KITTI,mono,brake,J,0009,583,0.0
KITTI,mono,brake,J,0009,584,0.0
KITTI,mono,brake,J,0009,585,0.0
KITTI,mono,brake,J,0009,586,0.1520322561264038
KITTI,mono,brake,J,0009,587,0.0
KITTI,mono,brake,J,0009,588,0.0
KITTI,mono,brake,J,0009,589,0.0
KITTI,mono,brake,J,0009,590,0.10970577597618103
KITTI,mono,brake,J,0009,591,0.0
KITTI,mono,brake,J,0009,592,0.0
KITTI,mono,brake,J,0009,593,0.0
KITTI,mono,brake,J,0009,594,0.0
KITTI,mono,brake,J,0009,595,0.0
KITTI,mono,brake,J,0009,596,0.0
KITTI,mono,brake,J,0009,597,0.0
KITTI,mono,brake,J,0009,598,0.0
KITTI,mono,brake,J,0009,599,0.0
KITTI,mono,brake,J,0009,600,0.13846176862716675
KITTI,mono,brake,J,0009,601,0.184767484664917
KITTI,mono,brake,J,0009,602,0.167763352394104
KITTI,mono,brake,J,0009,603,0.14706450700759888
KITTI,mono,brake,J,0009,604,0.0
KITTI,mono,brake,J,0009,605,0.0
KITTI,mono,brake,J,0009,606,0.0
KITTI,mono,brake,J,0009,607,0.0
KITTI,mono,brake,J,0009,608,0.0
KITTI,mono,brake,J,0009,609,0.0
KITTI,mono,brake,J,0009,610,0.0
KITTI,mono,brake,J,0009,611,0.0
KITTI,mono,brake,J,0009,612,0.0
KITTI,mono,brake,J,0009,613,0.0
KITTI,mono,brake,J,0009,614,0.0
KITTI,mono,brake,J,0009,615,0.10158944129943848
KITTI,mono,brake,J,0009,616,0.0
KITTI,mono,brake,J,0009,617,0.0
KITTI,mono,brake,J,0009,618,0.0
KITTI,mono,brake,J,0009,619,0.0
KITTI,mono,brake,J,0009,620,0.0
KITTI,mono,brake,J,0009,621,0.0
KITTI,mono,brake,J,0009,622,0.0
KITTI,mono,brake,J,0009,623,0.0
KITTI,mono,brake,J,0009,624,0.0
KITTI,mono,brake,J,0009,625,0.0
KITTI,mono,brake,J,0009,626,0.0
KITTI,mono,brake,J,0009,627,0.0
KITTI,mono,brake,J,0009,628,0.0
KITTI,mono,brake,J,0009,629,0.0
KITTI,mono,brake,J,0009,630,0.0
KITTI,mono,brake,J,0009,631,0.0
KITTI,mono,brake,J,0009,632,0.0
KITTI,mono,brake,J,0009,633,0.0
KITTI,mono,brake,J,0009,634,0.0
KITTI,mono,brake,J,0009,635,0.0
KITTI,mono,brake,J,0009,636,0.0
KITTI,mono,brake,J,0009,637,0.1259227693080902
KITTI,mono,brake,J,0009,638,0.1705079972743988
KITTI,mono,brake,J,0009,639,0.3236480951309204
KITTI,mono,brake,J,0009,640,0.3302522897720337
KITTI,mono,brake,J,0009,641,0.1540575623512268
KITTI,mono,brake,J,0009,642,0.18713268637657166
KITTI,mono,brake,J,0009,643,0.10818895697593689
KITTI,mono,brake,J,0009,644,0.22135066986083984
KITTI,mono,brake,J,0009,645,0.20625382661819458
KITTI,mono,brake,J,0009,646,0.0
KITTI,mono,brake,J,0009,647,0.36359816789627075
KITTI,mono,brake,J,0009,648,0.2120688259601593
KITTI,mono,brake,J,0009,649,0.4959806203842163
KITTI,mono,brake,J,0009,650,0.34948527812957764
KITTI,mono,brake,J,0009,651,0.0
KITTI,mono,brake,J,0009,652,0.0
KITTI,mono,brake,J,0009,653,0.16398024559020996
KITTI,mono,brake,J,0009,654,0.26500204205513
KITTI,mono,brake,J,0009,655,0.0
KITTI,mono,brake,J,0009,656,0.0
KITTI,mono,brake,J,0009,657,0.0
KITTI,mono,brake,J,0009,658,0.0
KITTI,mono,brake,J,0009,659,0.0
KITTI,mono,brake,J,0009,660,0.17895588278770447
KITTI,mono,brake,J,0009,661,0.2448522448539734
KITTI,mono,brake,J,0009,662,0.0
KITTI,mono,brake,J,0009,663,0.0
KITTI,mono,brake,J,0009,664,0.0
KITTI,mono,brake,J,0009,665,0.0
KITTI,mono,brake,J,0009,666,0.31179890036582947
KITTI,mono,brake,J,0009,667,0.12126889824867249
KITTI,mono,brake,J,0009,668,0.26412495970726013
KITTI,mono,brake,J,0009,669,0.16026604175567627
KITTI,mono,brake,J,0009,670,0.31207162141799927
KITTI,mono,brake,J,0009,671,0.0
KITTI,mono,brake,J,0009,672,0.11476477980613708
KITTI,mono,brake,J,0009,673,0.3091987371444702
KITTI,mono,brake,J,0009,674,0.4086880683898926
KITTI,mono,brake,J,0009,675,0.0
KITTI,mono,brake,J,0009,676,0.0
KITTI,mono,brake,J,0009,677,0.3067112863063812
KITTI,mono,brake,J,0009,678,0.0
KITTI,mono,brake,J,0009,679,0.22541660070419312
KITTI,mono,brake,J,0009,680,0.14128142595291138
KITTI,mono,brake,J,0009,681,0.0
KITTI,mono,brake,J,0009,682,0.0
KITTI,mono,brake,J,0009,683,0.0
KITTI,mono,brake,J,0009,684,0.0
KITTI,mono,brake,J,0009,685,0.0
KITTI,mono,brake,J,0009,686,0.19436779618263245
KITTI,mono,brake,J,0009,687,0.13117322325706482
KITTI,mono,brake,J,0009,688,0.11124122142791748
KITTI,mono,brake,J,0009,689,0.0
KITTI,mono,brake,J,0009,690,0.0
KITTI,mono,brake,J,0009,691,0.0
KITTI,mono,brake,J,0009,692,0.0
KITTI,mono,brake,J,0009,693,0.0
KITTI,mono,brake,J,0009,694,0.0
KITTI,mono,brake,J,0009,695,0.0
KITTI,mono,brake,J,0009,696,0.0
KITTI,mono,brake,J,0009,697,0.20561504364013672
KITTI,mono,brake,J,0009,698,0.19682621955871582
KITTI,mono,brake,J,0009,699,0.0
KITTI,mono,brake,J,0009,700,0.0
KITTI,mono,brake,J,0009,701,0.0
KITTI,mono,brake,J,0009,702,0.0
KITTI,mono,brake,J,0009,703,0.0
KITTI,mono,brake,J,0009,704,0.0
KITTI,mono,brake,J,0009,705,0.1520322561264038
KITTI,mono,brake,J,0009,706,0.2539135813713074
KITTI,mono,brake,J,0009,707,0.0
KITTI,mono,brake,J,0009,708,0.24798744916915894
KITTI,mono,brake,J,0009,709,0.0
KITTI,mono,brake,J,0009,710,0.10669058561325073
KITTI,mono,brake,J,0009,711,0.33763501048088074
KITTI,mono,brake,J,0009,712,0.5337026119232178
KITTI,mono,brake,J,0009,713,0.2240554392337799
KITTI,mono,brake,J,0009,714,0.11476477980613708
KITTI,mono,brake,J,0009,715,0.11920291185379028
KITTI,mono,brake,J,0009,716,0.0
KITTI,mono,brake,J,0009,717,0.17667162418365479
KITTI,mono,brake,J,0009,718,0.14318770170211792
KITTI,mono,brake,J,0009,719,0.13477590680122375
KITTI,mono,brake,J,0009,720,0.34147655963897705
KITTI,mono,brake,J,0009,721,0.20817893743515015
KITTI,mono,brake,J,0009,722,0.23651623725891113
KITTI,mono,brake,J,0009,723,0.1540575623512268
KITTI,mono,brake,J,0009,724,0.0
KITTI,mono,brake,J,0009,725,0.12085321545600891
KITTI,mono,brake,J,0009,726,0.1441488265991211
KITTI,mono,brake,J,0009,727,0.26236698031425476
KITTI,mono,brake,J,0009,728,0.6677443981170654
KITTI,mono,brake,J,0009,729,0.0
KITTI,mono,brake,J,0009,730,0.3071597218513489
KITTI,mono,brake,J,0009,731,0.2725428640842438
KITTI,mono,brake,J,0009,732,0.2961910367012024
KITTI,mono,brake,J,0009,733,0.17441028356552124
KITTI,mono,brake,J,0009,734,0.19314736127853394
KITTI,mono,brake,J,0009,735,0.1550784707069397
KITTI,mono,brake,J,0009,736,0.14318770170211792
KITTI,mono,brake,J,0009,737,0.0
KITTI,mono,brake,J,0009,738,0.18594717979431152
KITTI,mono,brake,J,0009,739,0.1980641782283783
KITTI,mono,brake,J,0009,740,0.20817893743515015
KITTI,mono,brake,J,0009,741,0.4236098527908325
KITTI,mono,brake,J,0009,742,0.2146914005279541
KITTI,mono,brake,J,0009,743,0.11357957124710083
KITTI,mono,brake,J,0009,744,0.31122761964797974
KITTI,mono,brake,J,0009,745,0.4093055725097656
KITTI,mono,brake,J,0009,746,0.20817893743515015
KITTI,mono,brake,J,0009,747,0.32325783371925354
KITTI,mono,brake,J,0009,748,0.18892180919647217
KITTI,mono,brake,J,0009,749,0.0
KITTI,mono,brake,J,0009,750,0.0
KITTI,mono,brake,J,0009,751,0.1520322561264038
KITTI,mono,brake,J,0009,752,0.16344544291496277
KITTI,mono,brake,J,0009,753,0.0
KITTI,mono,brake,J,0009,754,0.0
KITTI,mono,brake,J,0009,755,0.0
KITTI,mono,brake,J,0009,756,0.20625382661819458
KITTI,mono,brake,J,0009,757,0.0
KITTI,mono,brake,J,0009,758,0.0
KITTI,mono,brake,J,0009,759,0.0
KITTI,mono,brake,J,0009,760,0.1465752124786377
KITTI,mono,brake,J,0009,761,0.15052762627601624
KITTI,mono,brake,J,0009,762,0.1919327974319458
KITTI,mono,brake,J,0009,763,0.0
KITTI,mono,brake,J,0009,764,0.0
KITTI,mono,brake,J,0009,765,0.0
KITTI,mono,brake,J,0009,766,0.0
KITTI,mono,brake,J,0009,767,0.0
KITTI,mono,brake,J,0009,768,0.0
KITTI,mono,brake,J,0009,769,0.19559407234191895
KITTI,mono,brake,J,0009,770,0.2030746340751648
KITTI,mono,brake,J,0009,771,0.0
KITTI,mono,brake,J,0009,772,0.0
KITTI,mono,brake,J,0009,773,0.0
KITTI,mono,brake,J,0009,774,0.0
KITTI,mono,brake,J,0009,775,0.1755380630493164
KITTI,mono,brake,J,0009,776,0.0
KITTI,mono,brake,J,0009,777,0.239349365234375
KITTI,mono,brake,J,0009,778,0.18952107429504395
KITTI,mono,brake,J,0009,779,0.0
KITTI,mono,brake,J,0009,780,0.184767484664917
KITTI,mono,brake,J,0009,781,0.0
KITTI,mono,brake,J,0009,782,0.2838565707206726
KITTI,mono,brake,J,0009,783,0.0
KITTI,mono,brake,J,0009,784,0.0
KITTI,mono,brake,J,0009,785,0.0
KITTI,mono,brake,J,0009,786,0.0
KITTI,mono,brake,J,0009,787,0.0
KITTI,mono,brake,J,0009,788,0.0
KITTI,mono,brake,J,0009,789,0.10087859630584717
KITTI,mono,brake,J,0009,790,0.0
KITTI,mono,brake,J,0009,791,0.1175721287727356
KITTI,mono,brake,J,0009,792,0.11676400899887085
KITTI,mono,brake,J,0009,793,0.0
KITTI,mono,brake,J,0009,794,0.0
KITTI,mono,brake,J,0009,795,0.0
KITTI,mono,brake,J,0009,796,0.11047112941741943
KITTI,mono,brake,J,0009,797,0.18010663986206055
KITTI,mono,brake,J,0009,798,0.0
KITTI,mono,brake,J,0009,799,0.22000709176063538
KITTI,mono,brake,J,0009,800,0.11201596260070801
KITTI,mono,brake,J,0009,801,0.21191483736038208
KITTI,mono,brake,J,0009,802,0.36104318499565125
KITTI,mono,brake,J,0017,0,0.6754862070083618
KITTI,mono,brake,J,0017,1,0.23347792029380798
KITTI,mono,brake,J,0017,2,0.685329258441925
KITTI,mono,brake,J,0017,3,0.9662855267524719
KITTI,mono,brake,J,0017,4,1.083242028951645
KITTI,mono,brake,J,0017,5,0.9659454226493835
KITTI,mono,brake,J,0017,6,1.070834904909134
KITTI,mono,brake,J,0017,7,1.008653312921524
KITTI,mono,brake,J,0017,8,0.5529864132404327
KITTI,mono,brake,J,0017,9,0.5302484333515167
KITTI,mono,brake,J,0017,10,0.8158968389034271
KITTI,mono,brake,J,0017,11,0.517357587814331
KITTI,mono,brake,J,0017,12,1.1732755303382874
KITTI,mono,brake,J,0017,13,0.8858511447906494
KITTI,mono,brake,J,0017,14,1.2645985186100006
KITTI,mono,brake,J,0017,15,1.0936065912246704
KITTI,mono,brake,J,0017,16,0.6314162313938141
KITTI,mono,brake,J,0017,17,1.4975823760032654
KITTI,mono,brake,J,0017,18,1.535431981086731
KITTI,mono,brake,J,0017,19,1.2868384420871735
KITTI,mono,brake,J,0017,20,1.5866024792194366
KITTI,mono,brake,J,0017,21,1.6383476555347443
KITTI,mono,brake,J,0017,22,1.1607098579406738
KITTI,mono,brake,J,0017,23,1.345785230398178
KITTI,mono,brake,J,0017,24,0.3968620300292969
KITTI,mono,brake,J,0017,25,0.49787455797195435
KITTI,mono,brake,J,0017,26,0.7037124037742615
KITTI,mono,brake,J,0017,27,0.304054856300354
KITTI,mono,brake,J,0017,28,0.4623863697052002
KITTI,mono,brake,J,0017,29,0.6308322250843048
KITTI,mono,brake,J,0017,30,0.42620617151260376
KITTI,mono,brake,J,0017,31,0.4598497152328491
KITTI,mono,brake,J,0017,32,0.0
KITTI,mono,brake,J,0017,33,0.13386750221252441
KITTI,mono,brake,J,0017,34,0.1441488265991211
KITTI,mono,brake,J,0017,35,0.9424436390399933
KITTI,mono,brake,J,0017,36,0.4336734116077423
KITTI,mono,brake,J,0017,37,0.5788089036941528
KITTI,mono,brake,J,0017,38,0.12168577313423157
KITTI,mono,brake,J,0017,39,0.21693623065948486
KITTI,mono,brake,J,0017,40,0.29628798365592957
KITTI,mono,brake,J,0017,41,0.4910575747489929
KITTI,mono,brake,J,0017,42,0.574842780828476
KITTI,mono,brake,J,0017,43,0.24749267101287842
KITTI,mono,brake,J,0017,44,0.8088472783565521
KITTI,mono,brake,J,0017,45,0.6713104844093323
KITTI,mono,brake,J,0017,46,0.8369801938533783
KITTI,mono,brake,J,0017,47,0.8754358887672424
KITTI,mono,brake,J,0017,48,0.5260370671749115
KITTI,mono,brake,J,0017,49,0.103748619556427
KITTI,mono,brake,J,0017,50,0.8999357223510742
KITTI,mono,brake,J,0017,51,2.2630071938037872
KITTI,mono,brake,J,0017,52,1.4110394418239594
KITTI,mono,brake,J,0017,53,1.7123388946056366
KITTI,mono,brake,J,0017,54,1.233151525259018
KITTI,mono,brake,J,0017,55,1.4589396119117737
KITTI,mono,brake,J,0017,56,1.8981930315494537
KITTI,mono,brake,J,0017,57,0.9955644011497498
KITTI,mono,brake,J,0017,58,0.5549657940864563
KITTI,mono,brake,J,0017,59,0.6082743406295776
KITTI,mono,brake,J,0017,60,1.4609868228435516
KITTI,mono,brake,J,0017,61,1.2860165238380432
KITTI,mono,brake,J,0017,62,1.2437498569488525
KITTI,mono,brake,J,0017,63,0.8896957635879517
KITTI,mono,brake,J,0017,64,1.2639555037021637
KITTI,mono,brake,J,0017,65,0.49802467226982117
KITTI,mono,brake,J,0017,66,0.8953585624694824
KITTI,mono,brake,J,0017,67,0.5900768637657166
KITTI,mono,brake,J,0017,68,0.5340635776519775
KITTI,mono,brake,J,0017,69,0.6057031750679016
KITTI,mono,brake,J,0017,70,0.7658826112747192
KITTI,mono,brake,J,0017,71,0.9414110481739044
KITTI,mono,brake,J,0017,72,0.8007796406745911
KITTI,mono,brake,J,0017,73,0.7003200352191925
KITTI,mono,brake,J,0017,74,0.49453067779541016
KITTI,mono,brake,J,0017,75,0.3953568935394287
KITTI,mono,brake,J,0017,76,0.544598251581192
KITTI,mono,brake,J,0017,77,0.39811810851097107
KITTI,mono,brake,J,0017,78,0.4174126982688904
KITTI,mono,brake,J,0017,79,0.6213325560092926
KITTI,mono,brake,J,0017,80,0.5181127190589905
KITTI,mono,brake,J,0017,81,0.8569888472557068
KITTI,mono,brake,J,0017,82,0.9999783635139465
KITTI,mono,brake,J,0017,83,0.5614599585533142
KITTI,mono,brake,J,0017,84,0.5353584587574005
KITTI,mono,brake,J,0017,85,0.4435690641403198
KITTI,mono,brake,J,0017,86,0.5504240393638611
KITTI,mono,brake,J,0017,87,0.537246435880661
KITTI,mono,brake,J,0017,88,0.5788404643535614
KITTI,mono,brake,J,0017,89,0.5974364280700684
KITTI,mono,brake,J,0017,90,0.662804901599884
KITTI,mono,brake,J,0017,91,0.7842955887317657
KITTI,mono,brake,J,0017,92,1.0055989623069763
KITTI,mono,brake,J,0017,93,0.44829660654067993
KITTI,mono,brake,J,0017,94,0.4891450107097626
KITTI,mono,brake,J,0017,95,0.5579843521118164
KITTI,mono,brake,J,0017,96,0.7460563778877258
KITTI,mono,brake,J,0017,97,0.4234165847301483
KITTI,mono,brake,J,0017,98,0.7118214070796967
KITTI,mono,brake,J,0017,99,0.7626504898071289
KITTI,mono,brake,J,0017,100,0.7811674773693085
KITTI,mono,brake,J,0017,101,0.6703912615776062
KITTI,mono,brake,J,0017,102,0.5709592998027802
KITTI,mono,brake,J,0017,103,0.7321570217609406
KITTI,mono,brake,J,0017,104,0.5380347073078156
KITTI,mono,brake,J,0017,105,0.7031591236591339
KITTI,mono,brake,J,0017,106,0.7424611151218414
KITTI,mono,brake,J,0017,107,0.3993171155452728
KITTI,mono,brake,J,0017,108,0.4520522654056549
KITTI,mono,brake,J,0017,109,0.40684813261032104
KITTI,mono,brake,J,0017,110,0.5911506712436676
KITTI,mono,brake,J,0017,111,0.8346694111824036
KITTI,mono,brake,J,0017,112,0.7398251593112946
KITTI,mono,brake,J,0017,113,0.2141372263431549
KITTI,mono,brake,J,0017,114,0.22746312618255615
KITTI,mono,brake,J,0017,115,0.5522621273994446
KITTI,mono,brake,J,0017,116,0.7203883826732635
KITTI,mono,brake,J,0017,117,0.4936155378818512
KITTI,mono,brake,J,0017,118,0.5052683353424072
KITTI,mono,brake,J,0017,119,0.5562390685081482
KITTI,mono,brake,J,0017,120,1.115116149187088
KITTI,mono,brake,J,0017,121,0.8465933799743652
KITTI,mono,brake,J,0017,122,0.8421682715415955
KITTI,mono,brake,J,0017,123,1.0063285529613495
KITTI,mono,brake,J,0017,124,0.619917094707489
KITTI,mono,brake,J,0017,125,0.8590756952762604
KITTI,mono,brake,J,0017,126,0.9904232025146484
KITTI,mono,brake,J,0017,127,0.6950459778308868
KITTI,mono,brake,J,0017,128,0.7718623280525208
KITTI,mono,brake,J,0017,129,0.9405743479728699
KITTI,mono,brake,J,0017,130,0.7066202759742737
KITTI,mono,brake,J,0017,131,0.7994101643562317
KITTI,mono,brake,J,0017,132,0.8651142120361328
KITTI,mono,brake,J,0017,133,0.981520801782608
KITTI,mono,brake,J,0017,134,0.8385117053985596
KITTI,mono,brake,J,0017,135,0.9520832002162933
KITTI,mono,brake,J,0017,136,0.6379076242446899
KITTI,mono,brake,J,0017,137,0.7728956043720245
KITTI,mono,brake,J,0017,138,0.9979249835014343
KITTI,mono,brake,J,0017,139,0.5900022685527802
KITTI,mono,brake,J,0017,140,0.7212141752243042
KITTI,mono,brake,J,0017,141,0.8060392439365387
KITTI,mono,brake,J,0017,142,1.067821741104126
KITTI,mono,brake,J,0017,143,1.2298615872859955
KITTI,mono,brake,J,0017,144,0.9600871503353119
KITTI,mono,brake,J,0018,0,0.0
KITTI,mono,brake,J,0018,1,0.0
KITTI,mono,brake,J,0018,2,0.0
KITTI,mono,brake,J,0018,3,0.0
KITTI,mono,brake,J,0018,4,0.0
KITTI,mono,brake,J,0018,5,0.0
KITTI,mono,brake,J,0018,6,0.0
KITTI,mono,brake,J,0018,7,0.120025634765625
KITTI,mono,brake,J,0018,8,0.0
KITTI,mono,brake,J,0018,9,0.11201596260070801
KITTI,mono,brake,J,0018,10,0.0
KITTI,mono,brake,J,0018,11,0.1352320909500122
KITTI,mono,brake,J,0018,12,0.2429233193397522
KITTI,mono,brake,J,0018,13,0.0
KITTI,mono,brake,J,0018,14,0.0
KITTI,mono,brake,J,0018,15,0.0
KITTI,mono,brake,J,0018,16,0.0
KITTI,mono,brake,J,0018,17,0.0
KITTI,mono,brake,J,0018,18,0.0
KITTI,mono,brake,J,0018,19,0.0
KITTI,mono,brake,J,0018,20,0.0
KITTI,mono,brake,J,0018,21,0.0
KITTI,mono,brake,J,0018,22,0.0
KITTI,mono,brake,J,0018,23,0.0
KITTI,mono,brake,J,0018,24,0.15102779865264893
KITTI,mono,brake,J,0018,25,0.0
KITTI,mono,brake,J,0018,26,0.0
KITTI,mono,brake,J,0018,27,0.0
KITTI,mono,brake,J,0018,28,0.0
KITTI,mono,brake,J,0018,29,0.0
KITTI,mono,brake,J,0018,30,0.0
KITTI,mono,brake,J,0018,31,0.0
KITTI,mono,brake,J,0018,32,0.13432103395462036
KITTI,mono,brake,J,0018,33,0.0
KITTI,mono,brake,J,0018,34,0.14560061693191528
KITTI,mono,brake,J,0018,35,0.2917407751083374
KITTI,mono,brake,J,0018,36,0.2409561574459076
KITTI,mono,brake,J,0018,37,0.3241214156150818
KITTI,mono,brake,J,0018,38,0.11124122142791748
KITTI,mono,brake,J,0018,39,0.0
KITTI,mono,brake,J,0018,40,0.11636176705360413
KITTI,mono,brake,J,0018,41,0.13296425342559814
KITTI,mono,brake,J,0018,42,0.0
KITTI,mono,brake,J,0018,43,0.24264097213745117
KITTI,mono,brake,J,0018,44,0.0
KITTI,mono,brake,J,0018,45,0.0
KITTI,mono,brake,J,0018,46,0.0
KITTI,mono,brake,J,0018,47,0.0
KITTI,mono,brake,J,0018,48,0.0
KITTI,mono,brake,J,0018,49,0.0
KITTI,mono,brake,J,0018,50,0.0
KITTI,mono,brake,J,0018,51,0.2133771777153015
KITTI,mono,brake,J,0018,52,0.1755380630493164
KITTI,mono,brake,J,0018,53,0.14608722925186157
KITTI,mono,brake,J,0018,54,0.103024423122406
KITTI,mono,brake,J,0018,55,0.5482088625431061
KITTI,mono,brake,J,0018,56,0.15869519114494324
KITTI,mono,brake,J,0018,57,0.4459715187549591
KITTI,mono,brake,J,0018,58,0.0
KITTI,mono,brake,J,0018,59,0.5676691830158234
KITTI,mono,brake,J,0018,60,0.41161152720451355
KITTI,mono,brake,J,0018,61,0.1427091360092163
KITTI,mono,brake,J,0018,62,0.13432103395462036
KITTI,mono,brake,J,0018,63,0.0
KITTI,mono,brake,J,0018,64,0.3811986744403839
KITTI,mono,brake,J,0018,65,0.46454769372940063
KITTI,mono,brake,J,0018,66,0.34748727083206177
KITTI,mono,brake,J,0018,67,0.13341522216796875
KITTI,mono,brake,J,0018,68,0.20817893743515015
KITTI,mono,brake,J,0018,69,0.17838266491889954
KITTI,mono,brake,J,0018,70,0.4295487701892853
KITTI,mono,brake,J,0018,71,0.16184943914413452
KITTI,mono,brake,J,0018,72,0.28318363428115845
KITTI,mono,brake,J,0018,73,0.23249763250350952
KITTI,mono,brake,J,0018,74,0.2146914005279541
KITTI,mono,brake,J,0018,75,0.34217363595962524
KITTI,mono,brake,J,0018,76,0.29312488436698914
KITTI,mono,brake,J,0018,77,0.37859949469566345
KITTI,mono,brake,J,0018,78,0.4705888032913208
KITTI,mono,brake,J,0018,79,0.4890747666358948
KITTI,mono,brake,J,0018,80,0.6032696962356567
KITTI,mono,brake,J,0018,81,0.2451748549938202
KITTI,mono,brake,J,0018,82,0.12808823585510254
KITTI,mono,brake,J,0018,83,0.1525365114212036
KITTI,mono,brake,J,0018,84,0.3425353765487671
KITTI,mono,brake,J,0018,85,0.4938446283340454
KITTI,mono,brake,J,0018,86,0.10894504189491272
KITTI,mono,brake,J,0018,87,0.10158944129943848
KITTI,mono,brake,J,0018,88,0.10521054267883301
KITTI,mono,brake,J,0018,89,0.6495895981788635
KITTI,mono,brake,J,0018,90,0.7438107430934906
KITTI,mono,brake,J,0018,91,0.2146914005279541
KITTI,mono,brake,J,0018,92,0.49868735671043396
KITTI,mono,brake,J,0018,93,0.5000995993614197
KITTI,mono,brake,J,0018,94,0.44529497623443604
KITTI,mono,brake,J,0018,95,0.11636176705360413
KITTI,mono,brake,J,0018,96,0.2240554392337799
KITTI,mono,brake,J,0018,97,0.13296425342559814
KITTI,mono,brake,J,0018,98,0.13660842180252075
KITTI,mono,brake,J,0018,99,0.0
KITTI,mono,brake,J,0018,100,0.0
KITTI,mono,brake,J,0018,101,0.21601152420043945
KITTI,mono,brake,J,0018,102,0.36252641677856445
KITTI,mono,brake,J,0018,103,0.3904218077659607
KITTI,mono,brake,J,0018,104,0.5314878523349762
KITTI,mono,brake,J,0018,105,0.3087082505226135
KITTI,mono,brake,J,0018,106,0.4267217814922333
KITTI,mono,brake,J,0018,107,0.17895588278770447
KITTI,mono,brake,J,0018,108,0.0
KITTI,mono,brake,J,0018,109,0.0
KITTI,mono,brake,J,0018,110,0.20817893743515015
KITTI,mono,brake,J,0018,111,0.4044819474220276
KITTI,mono,brake,J,0018,112,0.34718093276023865
KITTI,mono,brake,J,0018,113,0.14128142595291138
KITTI,mono,brake,J,0018,114,0.0
KITTI,mono,brake,J,0018,115,0.0
KITTI,mono,brake,J,0018,116,0.0
KITTI,mono,brake,J,0018,117,0.0
KITTI,mono,brake,J,0018,118,0.1949802041053772
KITTI,mono,brake,J,0018,119,0.17838266491889954
KITTI,mono,brake,J,0018,120,0.208823561668396
KITTI,mono,brake,J,0018,121,0.0
KITTI,mono,brake,J,0018,122,0.3195885121822357
KITTI,mono,brake,J,0018,123,0.13706976175308228
KITTI,mono,brake,J,0018,124,0.12808823585510254
KITTI,mono,brake,J,0018,125,0.23792991042137146
KITTI,mono,brake,J,0018,126,0.14463144540786743
KITTI,mono,brake,J,0018,127,0.0
KITTI,mono,brake,J,0018,128,0.0
KITTI,mono,brake,J,0018,129,0.0
KITTI,mono,brake,J,0018,130,0.10017222166061401
KITTI,mono,brake,J,0018,131,0.11716747283935547
KITTI,mono,brake,J,0018,132,0.13986563682556152
KITTI,mono,brake,J,0018,133,0.2527381479740143
KITTI,mono,brake,J,0018,134,0.12421301007270813
KITTI,mono,brake,J,0018,135,0.25723132491111755
KITTI,mono,brake,J,0018,136,0.12896329164505005
KITTI,mono,brake,J,0018,137,0.13939636945724487
KITTI,mono,brake,J,0018,138,0.12085321545600891
KITTI,mono,brake,J,0018,139,0.10594826936721802
KITTI,mono,brake,J,0018,140,0.33848026394844055
KITTI,mono,brake,J,0018,141,0.49022185802459717
KITTI,mono,brake,J,0018,142,0.10266399383544922
KITTI,mono,brake,J,0018,143,0.1581743359565735
KITTI,mono,brake,J,0018,144,0.3005127012729645
KITTI,mono,brake,J,0018,145,0.40328115224838257
KITTI,mono,brake,J,0018,146,0.26988664269447327
KITTI,mono,brake,J,0018,147,0.20689404010772705
KITTI,mono,brake,J,0018,148,0.30360543727874756
KITTI,mono,brake,J,0018,149,0.17384850978851318
KITTI,mono,brake,J,0018,150,0.2850485146045685
KITTI,mono,brake,J,0018,151,0.19993209838867188
KITTI,mono,brake,J,0018,152,0.5733436048030853
KITTI,mono,brake,J,0018,153,0.0
KITTI,mono,brake,J,0018,154,0.0
KITTI,mono,brake,J,0018,155,0.0
KITTI,mono,brake,J,0018,156,0.15713685750961304
KITTI,mono,brake,J,0018,157,0.0
KITTI,mono,brake,J,0018,158,0.0
KITTI,mono,brake,J,0018,159,0.38334208726882935
KITTI,mono,brake,J,0018,160,0.752989798784256
KITTI,mono,brake,J,0018,161,0.7891816794872284
KITTI,mono,brake,J,0018,162,0.4924297630786896
KITTI,mono,brake,J,0018,163,0.9160422682762146
KITTI,mono,brake,J,0018,164,0.18242552876472473
KITTI,mono,brake,J,0018,165,0.35761865973472595
KITTI,mono,brake,J,0018,166,0.17441028356552124
KITTI,mono,brake,J,0018,167,0.22953522205352783
KITTI,mono,brake,J,0018,168,0.4092702865600586
KITTI,mono,brake,J,0018,169,0.30953001976013184
KITTI,mono,brake,J,0018,170,0.3438991904258728
KITTI,mono,brake,J,0018,171,0.2890940308570862
KITTI,mono,brake,J,0018,172,0.20247691869735718
KITTI,mono,brake,J,0018,173,0.30909016728401184
KITTI,mono,brake,J,0018,174,0.16238003969192505
KITTI,mono,brake,J,0018,175,0.11676400899887085
KITTI,mono,brake,J,0018,176,0.37705084681510925
KITTI,mono,brake,J,0018,177,0.5819643139839172
KITTI,mono,brake,J,0018,178,0.65914586186409
KITTI,mono,brake,J,0018,179,0.5395863652229309
KITTI,mono,brake,J,0018,180,0.7888935804367065
KITTI,mono,brake,J,0018,181,0.11124122142791748
KITTI,mono,brake,J,0018,182,0.5832844376564026
KITTI,mono,brake,J,0018,183,0.578824371099472
KITTI,mono,brake,J,0018,184,0.5155647397041321
KITTI,mono,brake,J,0018,185,0.602739006280899
KITTI,mono,brake,J,0018,186,0.5490067303180695
KITTI,mono,brake,J,0018,187,0.4557930827140808
KITTI,mono,brake,J,0018,188,0.4201098680496216
KITTI,mono,brake,J,0018,189,0.13706976175308228
KITTI,mono,brake,J,0018,190,0.5432614982128143
KITTI,mono,brake,J,0018,191,0.30330324172973633
KITTI,mono,brake,J,0018,192,0.1465752124786377
KITTI,mono,brake,J,0018,193,0.3282712697982788
KITTI,mono,brake,J,0018,194,0.2675144672393799
KITTI,mono,brake,J,0018,195,0.10230469703674316
KITTI,mono,brake,J,0018,196,0.6407884061336517
KITTI,mono,brake,J,0018,197,0.2557768225669861
KITTI,mono,brake,J,0018,198,0.2562809884548187
KITTI,mono,brake,J,0018,199,0.3290455639362335
KITTI,mono,brake,J,0018,200,0.5149521231651306
KITTI,mono,brake,J,0018,201,0.2114168107509613
KITTI,mono,brake,J,0018,202,0.2267836332321167
KITTI,mono,brake,J,0018,203,0.35720232129096985
KITTI,mono,brake,J,0018,204,0.25172877311706543
KITTI,mono,brake,J,0018,205,0.5489922165870667
KITTI,mono,brake,J,0018,206,0.24145960807800293
KITTI,mono,brake,J,0018,207,0.775333046913147
KITTI,mono,brake,J,0018,208,0.27271968126296997
KITTI,mono,brake,J,0018,209,0.0
KITTI,mono,brake,J,0018,210,0.5020690858364105
KITTI,mono,brake,J,0018,211,0.3678545355796814
KITTI,mono,brake,J,0018,212,0.24991390109062195
KITTI,mono,brake,J,0018,213,0.0
KITTI,mono,brake,J,0018,214,0.20817893743515015
KITTI,mono,brake,J,0018,215,0.0
KITTI,mono,brake,J,0018,216,0.0
KITTI,mono,brake,J,0018,217,0.188323974609375
KITTI,mono,brake,J,0018,218,0.113973468542099
KITTI,mono,brake,J,0018,219,0.29933464527130127
KITTI,mono,brake,J,0018,220,0.1716158390045166
KITTI,mono,brake,J,0018,221,0.22953522205352783
KITTI,mono,brake,J,0018,222,0.18242552876472473
KITTI,mono,brake,J,0018,223,0.3886330723762512
KITTI,mono,brake,J,0018,224,0.2351083755493164
KITTI,mono,brake,J,0018,225,0.18892180919647217
KITTI,mono,brake,J,0018,226,0.35988306999206543
KITTI,mono,brake,J,0018,227,0.18010663986206055
KITTI,mono,brake,J,0018,228,0.2240554392337799
KITTI,mono,brake,J,0018,229,0.0
KITTI,mono,brake,J,0018,230,0.0
KITTI,mono,brake,J,0018,231,0.0
KITTI,mono,brake,J,0018,232,0.0
KITTI,mono,brake,J,0018,233,0.24364244937896729
KITTI,mono,brake,J,0018,234,0.12043881416320801
KITTI,mono,brake,J,0018,235,0.5354969203472137
KITTI,mono,brake,J,0018,236,0.0
KITTI,mono,brake,J,0018,237,0.5679406523704529
KITTI,mono,brake,J,0018,238,0.0
KITTI,mono,brake,J,0018,239,0.1259227693080902
KITTI,mono,brake,J,0018,240,0.17781084775924683
KITTI,mono,brake,J,0018,241,0.23512879014015198
KITTI,mono,brake,J,0018,242,0.14854055643081665
KITTI,mono,brake,J,0018,243,0.2133771777153015
KITTI,mono,brake,J,0018,244,0.4369913935661316
KITTI,mono,brake,J,0018,245,0.0
KITTI,mono,brake,J,0018,246,0.18713268637657166
KITTI,mono,brake,J,0018,247,0.22135066986083984
KITTI,mono,brake,J,0018,248,0.1980641782283783
KITTI,mono,brake,J,0018,249,0.4104965031147003
KITTI,mono,brake,J,0018,250,0.3565231263637543
KITTI,mono,brake,J,0018,251,0.8159428536891937
KITTI,mono,brake,J,0018,252,1.2624003887176514
KITTI,mono,brake,J,0018,253,0.33802658319473267
KITTI,mono,brake,J,0018,254,0.1795305609703064
KITTI,mono,brake,J,0018,255,0.35332390666007996
KITTI,mono,brake,J,0018,256,0.28379926085472107
KITTI,mono,brake,J,0018,257,0.44941768050193787
KITTI,mono,brake,J,0018,258,0.7146106064319611
KITTI,mono,brake,J,0018,259,0.444537490606308
KITTI,mono,brake,J,0018,260,0.7479323744773865
KITTI,mono,brake,J,0018,261,0.3935225009918213
KITTI,mono,brake,J,0018,262,0.3954542577266693
KITTI,mono,brake,J,0018,263,0.15713685750961304
KITTI,mono,brake,J,0018,264,0.38076910376548767
KITTI,mono,brake,J,0018,265,0.677604079246521
KITTI,mono,brake,J,0018,266,0.5173527300357819
KITTI,mono,brake,J,0018,267,0.38686642050743103
KITTI,mono,brake,J,0018,268,0.4875295162200928
KITTI,mono,brake,J,0018,269,0.46960362792015076
KITTI,mono,brake,J,0018,270,0.21481305360794067
KITTI,mono,brake,J,0018,271,0.4813278913497925
KITTI,mono,brake,J,0018,272,0.184767484664917
KITTI,mono,brake,J,0018,273,0.103748619556427
KITTI,mono,brake,J,0018,274,0.0
KITTI,mono,brake,J,0018,275,0.24364244937896729
KITTI,mono,brake,J,0018,276,0.0
KITTI,mono,brake,J,0018,277,0.12852513790130615
KITTI,mono,brake,J,0018,278,0.0
KITTI,mono,brake,J,0018,279,0.24944725632667542
KITTI,mono,brake,J,0018,280,0.10894504189491272
KITTI,mono,brake,J,0018,281,0.14511537551879883
KITTI,mono,brake,J,0018,282,0.15713685750961304
KITTI,mono,brake,J,0018,283,0.0
KITTI,mono,brake,J,0018,284,0.1772405207157135
KITTI,mono,brake,J,0018,285,0.12085321545600891
KITTI,mono,brake,J,0018,286,0.0
KITTI,mono,brake,J,0018,287,0.17781084775924683
KITTI,mono,brake,J,0018,288,0.16344544291496277
KITTI,mono,brake,J,0018,289,0.0
KITTI,mono,brake,J,0018,290,0.33403679728507996
KITTI,mono,brake,J,0018,291,0.0
KITTI,mono,brake,J,0018,292,0.41447240114212036
KITTI,mono,brake,J,0018,293,0.1250653862953186
KITTI,mono,brake,J,0018,294,0.23651623725891113
KITTI,mono,brake,J,0018,295,0.43619194626808167
KITTI,mono,brake,J,0018,296,0.6256816387176514
KITTI,mono,brake,J,0018,297,0.38454023003578186
KITTI,mono,brake,J,0018,298,0.1175721287727356
KITTI,mono,brake,J,0018,299,0.0
KITTI,mono,brake,J,0018,300,0.3799785077571869
KITTI,mono,brake,J,0018,301,0.6474441289901733
KITTI,mono,brake,J,0018,302,1.0779615342617035
KITTI,mono,brake,J,0018,303,0.26301655173301697
KITTI,mono,brake,J,0018,304,0.0
KITTI,mono,brake,J,0018,305,0.40535107254981995
KITTI,mono,brake,J,0018,306,0.3573647439479828
KITTI,mono,brake,J,0018,307,0.7951540648937225
KITTI,mono,brake,J,0018,308,0.42057788372039795
KITTI,mono,brake,J,0018,309,0.15921741724014282
KITTI,mono,brake,J,0018,310,0.2812562882900238
KITTI,mono,brake,J,0018,311,0.10594826936721802
KITTI,mono,brake,J,0018,312,0.0
KITTI,mono,brake,J,0018,313,0.4929376542568207
KITTI,mono,brake,J,0018,314,0.9517633616924286
KITTI,mono,brake,J,0018,315,0.5841688513755798
KITTI,mono,brake,J,0018,316,0.38632479310035706
KITTI,mono,brake,J,0018,317,0.42204931378364563
KITTI,mono,brake,J,0018,318,0.11279541254043579
KITTI,mono,brake,J,0018,319,0.11596071720123291
KITTI,mono,brake,J,0018,320,0.16940587759017944
KITTI,mono,brake,J,0018,321,0.5480072200298309
KITTI,mono,brake,J,0018,322,0.0
KITTI,mono,brake,J,0018,323,0.2576028108596802
KITTI,mono,brake,J,0018,324,0.48064255714416504
KITTI,mono,brake,J,0018,325,0.48974916338920593
KITTI,mono,brake,J,0018,326,0.30951741337776184
KITTI,mono,brake,J,0018,327,0.0
KITTI,mono,brake,J,0018,328,0.0
KITTI,mono,brake,J,0018,329,0.11476477980613708
KITTI,mono,brake,J,0018,330,0.22000709176063538
KITTI,mono,brake,J,0018,331,0.2995487451553345
KITTI,mono,brake,J,0018,332,0.24944725632667542
KITTI,mono,brake,J,0018,333,0.2980695962905884
KITTI,mono,brake,J,0018,334,0.3945469856262207
KITTI,mono,brake,J,0018,335,0.22135066986083984
KITTI,mono,brake,J,0018,336,0.13706976175308228
KITTI,mono,brake,J,0018,337,0.11124122142791748
KITTI,mono,brake,J,0018,338,0.6428470015525818
KITTI,mono,brake,J,0019,0,0.9037844836711884
KITTI,mono,brake,J,0019,1,1.0111854374408722
KITTI,mono,brake,J,0019,2,0.8425473570823669
KITTI,mono,brake,J,0019,3,0.8738915026187897
KITTI,mono,brake,J,0019,4,0.9429084360599518
KITTI,mono,brake,J,0019,5,0.9576545059680939
KITTI,mono,brake,J,0019,6,1.3395312130451202
KITTI,mono,brake,J,0019,7,1.3024223148822784
KITTI,mono,brake,J,0019,8,0.845336377620697
KITTI,mono,brake,J,0019,9,0.7259840369224548
KITTI,mono,brake,J,0019,10,0.9703843593597412
KITTI,mono,brake,J,0019,11,0.8348260521888733
KITTI,mono,brake,J,0019,12,0.4310486316680908
KITTI,mono,brake,J,0019,13,0.9999980628490448
KITTI,mono,brake,J,0019,14,0.9785583913326263
KITTI,mono,brake,J,0019,15,0.5929940640926361
KITTI,mono,brake,J,0019,16,0.7415842413902283
KITTI,mono,brake,J,0019,17,0.9607556462287903
KITTI,mono,brake,J,0019,18,1.3846044540405273
KITTI,mono,brake,J,0019,19,1.6131623685359955
KITTI,mono,brake,J,0019,20,0.7855382263660431
KITTI,mono,brake,J,0019,21,0.889726847410202
KITTI,mono,brake,J,0019,22,0.389350950717926
KITTI,mono,brake,J,0019,23,0.44713813066482544
KITTI,mono,brake,J,0019,24,0.7526837885379791
KITTI,mono,brake,J,0019,25,0.37384963035583496
KITTI,mono,brake,J,0019,26,0.8145221471786499
KITTI,mono,brake,J,0019,27,1.2501772940158844
KITTI,mono,brake,J,0019,28,0.9426963925361633
KITTI,mono,brake,J,0019,29,0.3438647985458374
KITTI,mono,brake,J,0019,30,0.8771452903747559
KITTI,mono,brake,J,0019,31,0.6707007884979248
KITTI,mono,brake,J,0019,32,1.439795047044754
KITTI,mono,brake,J,0019,33,0.9077824354171753
KITTI,mono,brake,J,0019,34,0.6205941140651703
KITTI,mono,brake,J,0019,35,0.24963662028312683
KITTI,mono,brake,J,0019,36,0.5646117627620697
KITTI,mono,brake,J,0019,37,0.7296596765518188
KITTI,mono,brake,J,0019,38,1.4343547821044922
KITTI,mono,brake,J,0019,39,0.7766321003437042
KITTI,mono,brake,J,0019,40,0.5310932099819183
KITTI,mono,brake,J,0019,41,0.9716768562793732
KITTI,mono,brake,J,0019,42,0.9819355905056
KITTI,mono,brake,J,0019,43,0.6518785953521729
KITTI,mono,brake,J,0019,44,1.2316197752952576
KITTI,mono,brake,J,0019,45,0.5343682765960693
KITTI,mono,brake,J,0019,46,0.336132287979126
KITTI,mono,brake,J,0019,47,0.39029455184936523
KITTI,mono,brake,J,0019,48,0.5203494429588318
KITTI,mono,brake,J,0019,49,0.4508729577064514
KITTI,mono,brake,J,0019,50,0.6207300126552582
KITTI,mono,brake,J,0019,51,0.6365323066711426
KITTI,mono,brake,J,0019,52,0.9835838973522186
KITTI,mono,brake,J,0019,53,0.7334660589694977
KITTI,mono,brake,J,0019,54,0.9889974594116211
KITTI,mono,brake,J,0019,55,1.2952763438224792
KITTI,mono,brake,J,0019,56,0.7344091534614563
KITTI,mono,brake,J,0019,57,0.9276765882968903
KITTI,mono,brake,J,0019,58,0.32697874307632446
KITTI,mono,brake,J,0019,59,0.5870874226093292
KITTI,mono,brake,J,0019,60,0.13296425342559814
KITTI,mono,brake,J,0019,61,0.2511988580226898
KITTI,mono,brake,J,0019,62,0.6783030033111572
KITTI,mono,brake,J,0019,63,0.27888762950897217
KITTI,mono,brake,J,0019,64,0.0
KITTI,mono,brake,J,0019,65,1.039972871541977
KITTI,mono,brake,J,0019,66,0.8279087543487549
KITTI,mono,brake,J,0019,67,0.948676586151123
KITTI,mono,brake,J,0019,68,1.4265943765640259
KITTI,mono,brake,J,0019,69,0.795300304889679
KITTI,mono,brake,J,0019,70,0.7289751470088959
KITTI,mono,brake,J,0019,71,0.224187433719635
KITTI,mono,brake,J,0019,72,0.5009398460388184
KITTI,mono,brake,J,0019,73,0.866786390542984
KITTI,mono,brake,J,0019,74,0.5241865813732147
KITTI,mono,brake,J,0019,75,0.21403354406356812
KITTI,mono,brake,J,0019,76,0.6901598572731018
KITTI,mono,brake,J,0019,77,0.7841891348361969
KITTI,mono,brake,J,0019,78,0.41023117303848267
KITTI,mono,brake,J,0019,79,0.2916959524154663
KITTI,mono,brake,J,0019,80,0.39221975207328796
KITTI,mono,brake,J,0019,81,0.8240334093570709
KITTI,mono,brake,J,0019,82,0.8044097125530243
KITTI,mono,brake,J,0019,83,1.0644822120666504
KITTI,mono,brake,J,0019,84,1.9000657498836517
KITTI,mono,brake,J,0019,85,1.1487314999103546
KITTI,mono,brake,J,0019,86,1.1209238767623901
KITTI,mono,brake,J,0019,87,1.8020435273647308
KITTI,mono,brake,J,0019,88,1.9815857112407684
KITTI,mono,brake,J,0019,89,1.5244514644145966
KITTI,mono,brake,J,0019,90,1.282302051782608
KITTI,mono,brake,J,0019,91,1.8013395965099335
KITTI,mono,brake,J,0019,92,2.3810730576515198
KITTI,mono,brake,J,0019,93,1.620375007390976
KITTI,mono,brake,J,0019,94,2.221023052930832
KITTI,mono,brake,J,0019,95,1.4744693040847778
KITTI,mono,brake,J,0019,96,2.0620245039463043
KITTI,mono,brake,J,0019,97,2.1955931186676025
KITTI,mono,brake,J,0019,98,1.896428495645523
KITTI,mono,brake,J,0019,99,2.0797193348407745
KITTI,mono,brake,J,0019,100,2.3031826317310333
KITTI,mono,brake,J,0019,101,2.463441789150238
KITTI,mono,brake,J,0019,102,2.169053941965103
KITTI,mono,brake,J,0019,103,1.9119210839271545
KITTI,mono,brake,J,0019,104,3.862033098936081
KITTI,mono,brake,J,0019,105,2.920093685388565
KITTI,mono,brake,J,0019,106,3.152824193239212
KITTI,mono,brake,J,0019,107,2.8118483126163483
KITTI,mono,brake,J,0019,108,3.7416672706604004
KITTI,mono,brake,J,0019,109,3.3500905632972717
KITTI,mono,brake,J,0019,110,3.3981277346611023
KITTI,mono,brake,J,0019,111,2.284405142068863
KITTI,mono,brake,J,0019,112,2.402231514453888
KITTI,mono,brake,J,0019,113,1.1893528997898102
KITTI,mono,brake,J,0019,114,1.9199192821979523
KITTI,mono,brake,J,0019,115,1.579844892024994
KITTI,mono,brake,J,0019,116,2.1589832603931427
KITTI,mono,brake,J,0019,117,1.991723358631134
KITTI,mono,brake,J,0019,118,1.9753646552562714
KITTI,mono,brake,J,0019,119,2.244691640138626
KITTI,mono,brake,J,0019,120,1.8569194376468658
KITTI,mono,brake,J,0019,121,2.607476085424423
KITTI,mono,brake,J,0019,122,2.477890223264694
KITTI,mono,brake,J,0019,123,2.3641417026519775
KITTI,mono,brake,J,0019,124,1.413112461566925
KITTI,mono,brake,J,0019,125,1.3385347425937653
KITTI,mono,brake,J,0019,126,1.3197231590747833
KITTI,mono,brake,J,0019,127,0.7247852683067322
KITTI,mono,brake,J,0019,128,1.2205255925655365
KITTI,mono,brake,J,0019,129,1.2165688574314117
KITTI,mono,brake,J,0019,130,0.8564997017383575
KITTI,mono,brake,J,0019,131,1.6262678802013397
KITTI,mono,brake,J,0019,132,1.1659165024757385
KITTI,mono,brake,J,0019,133,1.3563831448554993
KITTI,mono,brake,J,0019,134,0.8501599729061127
KITTI,mono,brake,J,0019,135,0.9495340287685394
KITTI,mono,brake,J,0019,136,0.7932144403457642
KITTI,mono,brake,J,0019,137,0.549811452627182
KITTI,mono,brake,J,0019,138,1.102173775434494
KITTI,mono,brake,J,0019,139,1.0660784542560577
KITTI,mono,brake,J,0019,140,0.48840707540512085
KITTI,mono,brake,J,0019,141,0.9832233786582947
KITTI,mono,brake,J,0019,142,1.0895346105098724
KITTI,mono,brake,J,0019,143,1.351936012506485
KITTI,mono,brake,J,0019,144,1.061337649822235
KITTI,mono,brake,J,0019,145,1.191622644662857
KITTI,mono,brake,J,0019,146,1.7306786179542542
KITTI,mono,brake,J,0019,147,1.3442573547363281
KITTI,mono,brake,J,0019,148,1.1141681671142578
KITTI,mono,brake,J,0019,149,0.733779102563858
KITTI,mono,brake,J,0019,150,1.8798096179962158
KITTI,mono,brake,J,0019,151,1.3061164319515228
KITTI,mono,brake,J,0019,152,1.745907336473465
KITTI,mono,brake,J,0019,153,1.1141638159751892
KITTI,mono,brake,J,0019,154,0.6998679339885712
KITTI,mono,brake,J,0019,155,1.2364130318164825
KITTI,mono,brake,J,0019,156,1.4777645468711853
KITTI,mono,brake,J,0019,157,2.458391934633255
KITTI,mono,brake,J,0019,158,2.3459012508392334
KITTI,mono,brake,J,0019,159,1.7979045808315277
KITTI,mono,brake,J,0019,160,1.7771320044994354
KITTI,mono,brake,J,0019,161,2.6592613756656647
KITTI,mono,brake,J,0019,162,1.4933750629425049
KITTI,mono,brake,J,0019,163,2.3276867866516113
KITTI,mono,brake,J,0019,164,1.8513002693653107
KITTI,mono,brake,J,0019,165,2.760559380054474
KITTI,mono,brake,J,0019,166,2.0651092529296875
KITTI,mono,brake,J,0019,167,1.7290737628936768
KITTI,mono,brake,J,0019,168,1.6382029056549072
KITTI,mono,brake,J,0019,169,2.1819320619106293
KITTI,mono,brake,J,0019,170,2.1275097727775574
KITTI,mono,brake,J,0019,171,1.7316942512989044
KITTI,mono,brake,J,0019,172,2.395537257194519
KITTI,mono,brake,J,0019,173,2.3733795285224915
KITTI,mono,brake,J,0019,174,1.758376806974411
KITTI,mono,brake,J,0019,175,1.3801501393318176
KITTI,mono,brake,J,0019,176,2.0834580063819885
KITTI,mono,brake,J,0019,177,1.6296934187412262
KITTI,mono,brake,J,0019,178,1.4966997504234314
KITTI,mono,brake,J,0019,179,1.636400192975998
KITTI,mono,brake,J,0019,180,1.2406845092773438
KITTI,mono,brake,J,0019,181,1.9625831842422485
KITTI,mono,brake,J,0019,182,2.8421448469161987
KITTI,mono,brake,J,0019,183,2.9648101329803467
KITTI,mono,brake,J,0019,184,3.4940165281295776
KITTI,mono,brake,J,0019,185,3.419387102127075
KITTI,mono,brake,J,0019,186,2.8226245641708374
KITTI,mono,brake,J,0019,187,1.7368332147598267
KITTI,mono,brake,J,0019,188,3.1431472301483154
KITTI,mono,brake,J,0019,189,2.225472629070282
KITTI,mono,brake,J,0019,190,2.7480239868164062
KITTI,mono,brake,J,0019,191,3.7452941238880157
KITTI,mono,brake,J,0019,192,2.2425615191459656
KITTI,mono,brake,J,0019,193,2.394189476966858
KITTI,mono,brake,J,0019,194,2.9895284175872803
KITTI,mono,brake,J,0019,195,3.165939211845398
KITTI,mono,brake,J,0019,196,3.422986149787903
KITTI,mono,brake,J,0019,197,2.7424747347831726
KITTI,mono,brake,J,0019,198,2.6529413163661957
KITTI,mono,brake,J,0019,199,3.1271552741527557
KITTI,mono,brake,J,0019,200,2.6327865719795227
KITTI,mono,brake,J,0019,201,3.012881577014923
KITTI,mono,brake,J,0019,202,3.6852596402168274
KITTI,mono,brake,J,0019,203,3.3502898514270782
KITTI,mono,brake,J,0019,204,3.8877022564411163
KITTI,mono,brake,J,0019,205,2.8488655388355255
KITTI,mono,brake,J,0019,206,2.1730138063430786
KITTI,mono,brake,J,0019,207,3.1869865357875824
KITTI,mono,brake,J,0019,208,1.9524975419044495
KITTI,mono,brake,J,0019,209,2.299598217010498
KITTI,mono,brake,J,0019,210,2.3514702916145325
KITTI,mono,brake,J,0019,211,2.4154713451862335
KITTI,mono,brake,J,0019,212,3.1506922245025635
KITTI,mono,brake,J,0019,213,2.8089583218097687
KITTI,mono,brake,J,0019,214,3.7597720623016357
KITTI,mono,brake,J,0019,215,2.253769099712372
KITTI,mono,brake,J,0019,216,2.872263789176941
KITTI,mono,brake,J,0019,217,1.8732120394706726
KITTI,mono,brake,J,0019,218,2.3774654865264893
KITTI,mono,brake,J,0019,219,2.703483074903488
KITTI,mono,brake,J,0019,220,2.474982351064682
KITTI,mono,brake,J,0019,221,2.3539630472660065
KITTI,mono,brake,J,0019,222,2.0682367384433746
KITTI,mono,brake,J,0019,223,2.223565310239792
KITTI,mono,brake,J,0019,224,1.757589966058731
KITTI,mono,brake,J,0019,225,1.873355209827423
KITTI,mono,brake,J,0019,226,2.564239352941513
KITTI,mono,brake,J,0019,227,2.662004292011261
KITTI,mono,brake,J,0019,228,2.362294912338257
KITTI,mono,brake,J,0019,229,2.4335065484046936
KITTI,mono,brake,J,0019,230,1.5152280926704407
KITTI,mono,brake,J,0019,231,1.4854958057403564
KITTI,mono,brake,J,0019,232,1.6191608905792236
KITTI,mono,brake,J,0019,233,2.446620434522629
KITTI,mono,brake,J,0019,234,2.652264803647995
KITTI,mono,brake,J,0019,235,2.584669381380081
KITTI,mono,brake,J,0019,236,1.9586408734321594
KITTI,mono,brake,J,0019,237,2.6237763464450836
KITTI,mono,brake,J,0019,238,1.94441619515419
KITTI,mono,brake,J,0019,239,2.2038581669330597
KITTI,mono,brake,J,0019,240,1.9040848314762115
KITTI,mono,brake,J,0019,241,2.7490524351596832
KITTI,mono,brake,J,0019,242,2.281981259584427
KITTI,mono,brake,J,0019,243,2.2529286444187164
KITTI,mono,brake,J,0019,244,2.9073857963085175
KITTI,mono,brake,J,0019,245,2.6045773029327393
KITTI,mono,brake,J,0019,246,2.730901539325714
KITTI,mono,brake,J,0019,247,2.501070737838745
KITTI,mono,brake,J,0019,248,2.5733805894851685
KITTI,mono,brake,J,0019,249,3.413069635629654
KITTI,mono,brake,J,0019,250,1.6255983710289001
KITTI,mono,brake,J,0019,251,2.372246593236923
KITTI,mono,brake,J,0019,252,1.926552027463913
KITTI,mono,brake,J,0019,253,2.184221625328064
KITTI,mono,brake,J,0019,254,2.180435359477997
KITTI,mono,brake,J,0019,255,1.2852376699447632
KITTI,mono,brake,J,0019,256,1.2742446064949036
KITTI,mono,brake,J,0019,257,1.6192459762096405
KITTI,mono,brake,J,0019,258,2.016369104385376
KITTI,mono,brake,J,0019,259,1.5124466717243195
KITTI,mono,brake,J,0019,260,1.7169109582901
KITTI,mono,brake,J,0019,261,2.3724730014801025
KITTI,mono,brake,J,0019,262,1.3999697268009186
KITTI,mono,brake,J,0019,263,1.9306764006614685
KITTI,mono,brake,J,0019,264,0.8684684634208679
KITTI,mono,brake,J,0019,265,1.0917911529541016
KITTI,mono,brake,J,0019,266,1.108457624912262
KITTI,mono,brake,J,0019,267,2.0933749675750732
KITTI,mono,brake,J,0019,268,0.6956353485584259
KITTI,mono,brake,J,0019,269,0.6247116327285767
KITTI,mono,brake,J,0019,270,0.24188348650932312
KITTI,mono,brake,J,0019,271,0.3929447531700134
KITTI,mono,brake,J,0019,272,0.8266887664794922
KITTI,mono,brake,J,0019,273,0.5182141065597534
KITTI,mono,brake,J,0019,274,0.9669266045093536
KITTI,mono,brake,J,0019,275,0.9105435013771057
KITTI,mono,brake,J,0019,276,0.6495792269706726
KITTI,mono,brake,J,0019,277,0.9095646739006042
KITTI,mono,brake,J,0019,278,1.189173012971878
KITTI,mono,brake,J,0019,279,1.1610354483127594
KITTI,mono,brake,J,0019,280,1.3038543164730072
KITTI,mono,brake,J,0019,281,1.1252143681049347
KITTI,mono,brake,J,0019,282,0.5946758091449738
KITTI,mono,brake,J,0019,283,0.42569562792778015
KITTI,mono,brake,J,0019,284,1.0262913703918457
KITTI,mono,brake,J,0019,285,1.5202330648899078
KITTI,mono,brake,J,0019,286,1.3400700390338898
KITTI,mono,brake,J,0019,287,1.4284078478813171
KITTI,mono,brake,J,0019,288,0.6704383790493011
KITTI,mono,brake,J,0019,289,0.26235154271125793
KITTI,mono,brake,J,0019,290,1.0544490218162537
KITTI,mono,brake,J,0019,291,0.8529593050479889
KITTI,mono,brake,J,0019,292,0.48164814710617065
KITTI,mono,brake,J,0019,293,1.1816228330135345
KITTI,mono,brake,J,0019,294,0.9366318583488464
KITTI,mono,brake,J,0019,295,1.1026962101459503
KITTI,mono,brake,J,0019,296,0.6401635110378265
KITTI,mono,brake,J,0019,297,1.0284520983695984
KITTI,mono,brake,J,0019,298,0.7582364976406097
KITTI,mono,brake,J,0019,299,1.1819774508476257
KITTI,mono,brake,J,0019,300,0.8190105855464935
KITTI,mono,brake,J,0019,301,0.8885749280452728
KITTI,mono,brake,J,0019,302,1.568642407655716
KITTI,mono,brake,J,0019,303,1.3438472151756287
KITTI,mono,brake,J,0019,304,1.5925749838352203
KITTI,mono,brake,J,0019,305,1.823165386915207
KITTI,mono,brake,J,0019,306,1.0424456000328064
KITTI,mono,brake,J,0019,307,1.422142118215561
KITTI,mono,brake,J,0019,308,1.2193719148635864
KITTI,mono,brake,J,0019,309,0.8234677612781525
KITTI,mono,brake,J,0019,310,0.758275717496872
KITTI,mono,brake,J,0019,311,0.5351696610450745
KITTI,mono,brake,J,0019,312,0.8496210277080536
KITTI,mono,brake,J,0019,313,1.8214593529701233
KITTI,mono,brake,J,0019,314,0.651250958442688
KITTI,mono,brake,J,0019,315,0.7261549830436707
KITTI,mono,brake,J,0019,316,0.8683609664440155
KITTI,mono,brake,J,0019,317,1.053621917963028
KITTI,mono,brake,J,0019,318,1.2646882832050323
KITTI,mono,brake,J,0019,319,0.9017471075057983
KITTI,mono,brake,J,0019,320,0.8146646320819855
KITTI,mono,brake,J,0019,321,0.9690054357051849
KITTI,mono,brake,J,0019,322,0.8442379832267761
KITTI,mono,brake,J,0019,323,0.6518220603466034
KITTI,mono,brake,J,0019,324,1.7879166901111603
KITTI,mono,brake,J,0019,325,1.1419092118740082
KITTI,mono,brake,J,0019,326,1.5099822282791138
KITTI,mono,brake,J,0019,327,1.0151913464069366
KITTI,mono,brake,J,0019,328,1.4084330797195435
KITTI,mono,brake,J,0019,329,0.21827220916748047
KITTI,mono,brake,J,0019,330,0.8394698202610016
KITTI,mono,brake,J,0019,331,1.2976586520671844
KITTI,mono,brake,J,0019,332,0.9362457394599915
KITTI,mono,brake,J,0019,333,1.5295321643352509
KITTI,mono,brake,J,0019,334,0.6654755175113678
KITTI,mono,brake,J,0019,335,1.063795119524002
KITTI,mono,brake,J,0019,336,0.7931440472602844
KITTI,mono,brake,J,0019,337,0.9683909118175507
KITTI,mono,brake,J,0019,338,0.11676400899887085
KITTI,mono,brake,J,0019,339,0.5509010255336761
KITTI,mono,brake,J,0019,340,0.8105747103691101
KITTI,mono,brake,J,0019,341,0.11299100518226624
KITTI,mono,brake,J,0019,342,0.5551822483539581
KITTI,mono,brake,J,0019,343,1.0838341116905212
KITTI,mono,brake,J,0019,344,0.6423595547676086
KITTI,mono,brake,J,0019,345,0.16344544291496277
KITTI,mono,brake,J,0019,346,0.8752653002738953
KITTI,mono,brake,J,0019,347,0.5678288042545319
KITTI,mono,brake,J,0019,348,1.1131541430950165
KITTI,mono,brake,J,0019,349,0.0
KITTI,mono,brake,J,0019,350,0.4784621000289917
KITTI,mono,brake,J,0019,351,0.8987788259983063
KITTI,mono,brake,J,0019,352,0.8712588548660278
KITTI,mono,brake,J,0019,353,0.35998374223709106
KITTI,mono,brake,J,0019,354,0.3447065055370331
KITTI,mono,brake,J,0019,355,0.8689247667789459
KITTI,mono,brake,J,0019,356,0.7487656474113464
KITTI,mono,brake,J,0019,357,0.997422069311142
KITTI,mono,brake,J,0019,358,0.9523791968822479
KITTI,mono,brake,J,0019,359,1.1452234089374542
KITTI,mono,brake,J,0019,360,0.9256671071052551
KITTI,mono,brake,J,0019,361,0.8672513365745544
KITTI,mono,brake,J,0019,362,0.6546032130718231
KITTI,mono,brake,J,0019,363,0.9179679155349731
KITTI,mono,brake,J,0019,364,0.8422524929046631
KITTI,mono,brake,J,0019,365,0.9116339087486267
KITTI,mono,brake,J,0019,366,0.6659021377563477
KITTI,mono,brake,J,0019,367,0.8738011121749878
KITTI,mono,brake,J,0019,368,1.4131255149841309
KITTI,mono,brake,J,0019,369,1.9727939367294312
KITTI,mono,brake,J,0019,370,1.0621208548545837
KITTI,mono,brake,J,0019,371,0.9709911346435547
KITTI,mono,brake,J,0019,372,1.042086511850357
KITTI,mono,brake,J,0019,373,0.6866768300533295
KITTI,mono,brake,J,0019,374,1.0376804769039154
KITTI,mono,brake,J,0019,375,0.9034237861633301
KITTI,mono,brake,J,0019,376,1.224079430103302
KITTI,mono,brake,J,0019,377,1.1165644228458405
KITTI,mono,brake,J,0019,378,0.3174895942211151
KITTI,mono,brake,J,0019,379,1.3832544386386871
KITTI,mono,brake,J,0019,380,0.8098529875278473
KITTI,mono,brake,J,0019,381,1.0482675433158875
KITTI,mono,brake,J,0019,382,0.3189612329006195
KITTI,mono,brake,J,0019,383,0.9779011905193329
KITTI,mono,brake,J,0019,384,0.678021103143692
KITTI,mono,brake,J,0019,385,1.2864864766597748
KITTI,mono,brake,J,0019,386,0.8665572702884674
KITTI,mono,brake,J,0019,387,1.095920890569687
KITTI,mono,brake,J,0019,388,1.2771141529083252
KITTI,mono,brake,J,0019,389,1.4748799800872803
KITTI,mono,brake,J,0019,390,1.4956394731998444
KITTI,mono,brake,J,0019,391,1.0961390137672424
KITTI,mono,brake,J,0019,392,1.2842861413955688
KITTI,mono,brake,J,0019,393,0.2462208867073059
KITTI,mono,brake,J,0019,394,1.2439855635166168
KITTI,mono,brake,J,0019,395,1.0768067240715027
KITTI,mono,brake,J,0019,396,0.4646102786064148
KITTI,mono,brake,J,0019,397,1.3020503520965576
KITTI,mono,brake,J,0019,398,0.9120846688747406
KITTI,mono,brake,J,0019,399,0.9393447041511536
KITTI,mono,brake,J,0019,400,1.369873434305191
KITTI,mono,brake,J,0019,401,1.30146124958992
KITTI,mono,brake,J,0019,402,0.5718294680118561
KITTI,mono,brake,J,0019,403,1.128496676683426
KITTI,mono,brake,J,0019,404,1.6748007237911224
KITTI,mono,brake,J,0019,405,1.0716552138328552
KITTI,mono,brake,J,0019,406,0.11636176705360413
KITTI,mono,brake,J,0019,407,0.5867382287979126
KITTI,mono,brake,J,0019,408,0.7673157453536987
KITTI,mono,brake,J,0019,409,1.146081268787384
KITTI,mono,brake,J,0019,410,0.37862515449523926
KITTI,mono,brake,J,0019,411,1.3396617770195007
KITTI,mono,brake,J,0019,412,0.8661521971225739
KITTI,mono,brake,J,0019,413,0.821882575750351
KITTI,mono,brake,J,0019,414,0.984429121017456
KITTI,mono,brake,J,0019,415,1.0577138364315033
KITTI,mono,brake,J,0019,416,0.7366226613521576
KITTI,mono,brake,J,0019,417,0.5157900750637054
KITTI,mono,brake,J,0019,418,1.0693491995334625
KITTI,mono,brake,J,0019,419,0.4027766287326813
KITTI,mono,brake,J,0019,420,1.4171684980392456
KITTI,mono,brake,J,0019,421,0.9608823359012604
KITTI,mono,brake,J,0019,422,1.4705075323581696
KITTI,mono,brake,J,0019,423,1.0772784352302551
KITTI,mono,brake,J,0019,424,0.42203661799430847
KITTI,mono,brake,J,0019,425,0.8796099722385406
KITTI,mono,brake,J,0019,426,1.0031375586986542
KITTI,mono,brake,J,0019,427,1.0594502389431
KITTI,mono,brake,J,0019,428,0.9756968319416046
KITTI,mono,brake,J,0019,429,0.390561044216156
KITTI,mono,brake,J,0019,430,0.7217423021793365
KITTI,mono,brake,J,0019,431,1.015516608953476
KITTI,mono,brake,J,0019,432,1.5340618193149567
KITTI,mono,brake,J,0019,433,1.8684944808483124
KITTI,mono,brake,J,0019,434,1.2132992446422577
KITTI,mono,brake,J,0019,435,0.8195535242557526
KITTI,mono,brake,J,0019,436,0.7156841158866882
KITTI,mono,brake,J,0019,437,1.398950219154358
KITTI,mono,brake,J,0019,438,1.049293041229248
KITTI,mono,brake,J,0019,439,1.488414317369461
KITTI,mono,brake,J,0019,440,1.5833030343055725
KITTI,mono,brake,J,0019,441,0.7735041677951813
KITTI,mono,brake,J,0019,442,0.563667505979538
KITTI,mono,brake,J,0019,443,0.4946155250072479
KITTI,mono,brake,J,0019,444,0.9718457162380219
KITTI,mono,brake,J,0019,445,0.6517458856105804
KITTI,mono,brake,J,0019,446,1.4022014439105988
KITTI,mono,brake,J,0019,447,0.5426916480064392
KITTI,mono,brake,J,0019,448,0.8163248300552368
KITTI,mono,brake,J,0019,449,0.4734092354774475
KITTI,mono,brake,J,0019,450,0.22815650701522827
KITTI,mono,brake,J,0019,451,1.0030820965766907
KITTI,mono,brake,J,0019,452,0.40385884046554565
KITTI,mono,brake,J,0019,453,0.8976359367370605
KITTI,mono,brake,J,0019,454,1.569780021905899
KITTI,mono,brake,J,0019,455,0.7228042483329773
KITTI,mono,brake,J,0019,456,1.0627532303333282
KITTI,mono,brake,J,0019,457,0.8864390552043915
KITTI,mono,brake,J,0019,458,0.802210122346878
KITTI,mono,brake,J,0019,459,1.2595092952251434
KITTI,mono,brake,J,0019,460,0.6029081344604492
KITTI,mono,brake,J,0019,461,0.43755441904067993
KITTI,mono,brake,J,0019,462,1.3158991038799286
KITTI,mono,brake,J,0019,463,1.142356276512146
KITTI,mono,brake,J,0019,464,0.41836410760879517
KITTI,mono,brake,J,0019,465,0.6585916578769684
KITTI,mono,brake,J,0019,466,0.29305142164230347
KITTI,mono,brake,J,0019,467,0.7525152862071991
KITTI,mono,brake,J,0019,468,1.8023143410682678
KITTI,mono,brake,J,0019,469,0.6878162622451782
KITTI,mono,brake,J,0019,470,1.4778928756713867
KITTI,mono,brake,J,0019,471,1.681443214416504
KITTI,mono,brake,J,0019,472,1.372455358505249
KITTI,mono,brake,J,0019,473,0.8676237165927887
KITTI,mono,brake,J,0019,474,1.6687761545181274
KITTI,mono,brake,J,0019,475,1.6202109456062317
KITTI,mono,brake,J,0019,476,2.0849473774433136
KITTI,mono,brake,J,0019,477,1.428959220647812
KITTI,mono,brake,J,0019,478,0.6277391612529755
KITTI,mono,brake,J,0019,479,1.3142938613891602
KITTI,mono,brake,J,0019,480,1.4123078882694244
KITTI,mono,brake,J,0019,481,1.4868022501468658
KITTI,mono,brake,J,0019,482,1.1094888746738434
KITTI,mono,brake,J,0019,483,1.173309087753296
KITTI,mono,brake,J,0019,484,1.0067343711853027
KITTI,mono,brake,J,0019,485,1.167946070432663
KITTI,mono,brake,J,0019,486,1.7798019647598267
KITTI,mono,brake,J,0019,487,1.690779983997345
KITTI,mono,brake,J,0019,488,0.6725121140480042
KITTI,mono,brake,J,0019,489,0.6306557357311249
KITTI,mono,brake,J,0019,490,1.8488068282604218
KITTI,mono,brake,J,0019,491,0.9016162157058716
KITTI,mono,brake,J,0019,492,1.3364372551441193
KITTI,mono,brake,J,0019,493,0.9076462388038635
KITTI,mono,brake,J,0019,494,1.719834953546524
KITTI,mono,brake,J,0019,495,0.8282797038555145
KITTI,mono,brake,J,0019,496,1.4543103575706482
KITTI,mono,brake,J,0019,497,1.4367065131664276
KITTI,mono,brake,J,0019,498,1.3044695854187012
KITTI,mono,brake,J,0019,499,1.59518763422966
KITTI,mono,brake,J,0019,500,1.449198454618454
KITTI,mono,brake,J,0019,501,1.705915629863739
KITTI,mono,brake,J,0019,502,2.2696219384670258
KITTI,mono,brake,J,0019,503,1.0410796403884888
KITTI,mono,brake,J,0019,504,1.7463476657867432
KITTI,mono,brake,J,0019,505,1.6695047318935394
KITTI,mono,brake,J,0019,506,1.0773869156837463
KITTI,mono,brake,J,0019,507,1.3665924072265625
KITTI,mono,brake,J,0019,508,0.8699859380722046
KITTI,mono,brake,J,0019,509,0.49959617853164673
KITTI,mono,brake,J,0019,510,0.8838756680488586
KITTI,mono,brake,J,0019,511,0.4034194350242615
KITTI,mono,brake,J,0019,512,0.93105548620224
KITTI,mono,brake,J,0019,513,0.8047929406166077
KITTI,mono,brake,J,0019,514,1.615597277879715
KITTI,mono,brake,J,0019,515,0.885308563709259
KITTI,mono,brake,J,0019,516,1.356147289276123
KITTI,mono,brake,J,0019,517,0.7330195009708405
KITTI,mono,brake,J,0019,518,1.5853064954280853
KITTI,mono,brake,J,0019,519,0.7625730931758881
KITTI,mono,brake,J,0019,520,0.6893365681171417
KITTI,mono,brake,J,0019,521,0.47728028893470764
KITTI,mono,brake,J,0019,522,0.5980431735515594
KITTI,mono,brake,J,0019,523,0.735368013381958
KITTI,mono,brake,J,0019,524,1.7377729713916779
KITTI,mono,brake,J,0019,525,1.321635127067566
KITTI,mono,brake,J,0019,526,1.4557215571403503
KITTI,mono,brake,J,0019,527,0.9954163134098053
KITTI,mono,brake,J,0019,528,0.28544747829437256
KITTI,mono,brake,J,0019,529,1.1576380729675293
KITTI,mono,brake,J,0019,530,1.028044193983078
KITTI,mono,brake,J,0019,531,0.9534177482128143
KITTI,mono,brake,J,0019,532,0.8935610353946686
KITTI,mono,brake,J,0019,533,0.7404592335224152
KITTI,mono,brake,J,0019,534,2.083357185125351
KITTI,mono,brake,J,0019,535,1.8491440117359161
KITTI,mono,brake,J,0019,536,3.216516613960266
KITTI,mono,brake,J,0019,537,1.780725508928299
KITTI,mono,brake,J,0019,538,1.3773886263370514
KITTI,mono,brake,J,0019,539,1.5038284957408905
KITTI,mono,brake,J,0019,540,1.1901467740535736
KITTI,mono,brake,J,0019,541,1.6160039603710175
KITTI,mono,brake,J,0019,542,1.5146199464797974
KITTI,mono,brake,J,0019,543,1.804435908794403
KITTI,mono,brake,J,0019,544,0.9436951279640198
KITTI,mono,brake,J,0019,545,1.4631792604923248
KITTI,mono,brake,J,0019,546,1.1008595824241638
KITTI,mono,brake,J,0019,547,1.7335155308246613
KITTI,mono,brake,J,0019,548,2.0995092391967773
KITTI,mono,brake,J,0019,549,1.6504176259040833
KITTI,mono,brake,J,0019,550,1.642135739326477
KITTI,mono,brake,J,0019,551,1.891243040561676
KITTI,mono,brake,J,0019,552,1.3081769347190857
KITTI,mono,brake,J,0019,553,2.6945788264274597
KITTI,mono,brake,J,0019,554,1.9980856776237488
KITTI,mono,brake,J,0019,555,1.3941640853881836
KITTI,mono,brake,J,0019,556,2.38059401512146
KITTI,mono,brake,J,0019,557,2.685173213481903
KITTI,mono,brake,J,0019,558,1.7134274542331696
KITTI,mono,brake,J,0019,559,1.3893249332904816
KITTI,mono,brake,J,0019,560,1.4877256155014038
KITTI,mono,brake,J,0019,561,1.4943719804286957
KITTI,mono,brake,J,0019,562,2.4028458893299103
KITTI,mono,brake,J,0019,563,2.10134020447731
KITTI,mono,brake,J,0019,564,1.6116762161254883
KITTI,mono,brake,J,0019,565,1.4685780107975006
KITTI,mono,brake,J,0019,566,1.8507772982120514
KITTI,mono,brake,J,0019,567,1.4537663161754608
KITTI,mono,brake,J,0019,568,0.895532488822937
KITTI,mono,brake,J,0019,569,2.1138855516910553
KITTI,mono,brake,J,0019,570,1.6232098639011383
KITTI,mono,brake,J,0019,571,1.4589214026927948
KITTI,mono,brake,J,0019,572,1.1617242693901062
KITTI,mono,brake,J,0019,573,1.7164893746376038
KITTI,mono,brake,J,0019,574,1.976364552974701
KITTI,mono,brake,J,0019,575,2.3981438875198364
KITTI,mono,brake,J,0019,576,2.054349899291992
KITTI,mono,brake,J,0019,577,0.7141278684139252
KITTI,mono,brake,J,0019,578,1.937615692615509
KITTI,mono,brake,J,0019,579,1.7743270993232727
KITTI,mono,brake,J,0019,580,1.0393045842647552
KITTI,mono,brake,J,0019,581,1.5474362671375275
KITTI,mono,brake,J,0019,582,0.8946667909622192
KITTI,mono,brake,J,0019,583,1.1559046506881714
KITTI,mono,brake,J,0019,584,1.3841876685619354
KITTI,mono,brake,J,0019,585,0.8081263899803162
KITTI,mono,brake,J,0019,586,1.4075786471366882
KITTI,mono,brake,J,0019,587,0.26726847887039185
KITTI,mono,brake,J,0019,588,0.7513834536075592
KITTI,mono,brake,J,0019,589,1.3132547438144684
KITTI,mono,brake,J,0019,590,1.2579513788223267
KITTI,mono,brake,J,0019,591,1.9835199415683746
KITTI,mono,brake,J,0019,592,1.3656843304634094
KITTI,mono,brake,J,0019,593,1.6539568901062012
KITTI,mono,brake,J,0019,594,1.3304240107536316
KITTI,mono,brake,J,0019,595,1.7956633865833282
KITTI,mono,brake,J,0019,596,0.917376697063446
KITTI,mono,brake,J,0019,597,0.5982498228549957
KITTI,mono,brake,J,0019,598,1.4221851825714111
KITTI,mono,brake,J,0019,599,1.5093784034252167
KITTI,mono,brake,J,0019,600,1.1878971755504608
KITTI,mono,brake,J,0019,601,0.937425971031189
KITTI,mono,brake,J,0019,602,1.6958221197128296
KITTI,mono,brake,J,0019,603,1.0829288363456726
KITTI,mono,brake,J,0019,604,0.8358548879623413
KITTI,mono,brake,J,0019,605,1.2039800584316254
KITTI,mono,brake,J,0019,606,1.2343631088733673
KITTI,mono,brake,J,0019,607,1.874452382326126
KITTI,mono,brake,J,0019,608,0.978005975484848
KITTI,mono,brake,J,0019,609,0.8632107973098755
KITTI,mono,brake,J,0019,610,1.8926949799060822
KITTI,mono,brake,J,0019,611,1.6187593042850494
KITTI,mono,brake,J,0019,612,0.9101661741733551
KITTI,mono,brake,J,0019,613,1.2931089103221893
KITTI,mono,brake,J,0019,614,1.0893223881721497
KITTI,mono,brake,J,0019,615,0.5775319933891296
KITTI,mono,brake,J,0019,616,0.6167525053024292
KITTI,mono,brake,J,0019,617,0.7974652945995331
KITTI,mono,brake,J,0019,618,0.8994858264923096
KITTI,mono,brake,J,0019,619,1.8520652055740356
KITTI,mono,brake,J,0019,620,1.8667068183422089
KITTI,mono,brake,J,0019,621,0.94032222032547
KITTI,mono,brake,J,0019,622,0.6869404315948486
KITTI,mono,brake,J,0019,623,1.8811887204647064
KITTI,mono,brake,J,0019,624,2.065891742706299
KITTI,mono,brake,J,0019,625,1.1469512283802032
KITTI,mono,brake,J,0019,626,1.573574036359787
KITTI,mono,brake,J,0019,627,1.2331666052341461
KITTI,mono,brake,J,0019,628,0.920156866312027
KITTI,mono,brake,J,0019,629,1.1327748000621796
KITTI,mono,brake,J,0019,630,0.20869123935699463
KITTI,mono,brake,J,0019,631,0.0
KITTI,mono,brake,J,0019,632,1.2133126258850098
KITTI,mono,brake,J,0019,633,0.8812572360038757
KITTI,mono,brake,J,0019,634,0.6820911169052124
KITTI,mono,brake,J,0019,635,0.36794450879096985
KITTI,mono,brake,J,0019,636,0.5262494087219238
KITTI,mono,brake,J,0019,637,0.5939366519451141
KITTI,mono,brake,J,0019,638,0.9019040465354919
KITTI,mono,brake,J,0019,639,1.286859780550003
KITTI,mono,brake,J,0019,640,0.9843471944332123
KITTI,mono,brake,J,0019,641,1.0591523945331573
KITTI,mono,brake,J,0019,642,0.18010663986206055
KITTI,mono,brake,J,0019,643,0.596476823091507
KITTI,mono,brake,J,0019,644,0.9816660583019257
KITTI,mono,brake,J,0019,645,0.9275258481502533
KITTI,mono,brake,J,0019,646,0.8688873946666718
KITTI,mono,brake,J,0019,647,1.3655303120613098
KITTI,mono,brake,J,0019,648,0.9585994184017181
KITTI,mono,brake,J,0019,649,0.933353453874588
KITTI,mono,brake,J,0019,650,0.9747669994831085
KITTI,mono,brake,J,0019,651,1.7851195931434631
KITTI,mono,brake,J,0019,652,0.8067777156829834
KITTI,mono,brake,J,0019,653,0.5051015019416809
KITTI,mono,brake,J,0019,654,0.48745420575141907
KITTI,mono,brake,J,0019,655,0.4885180592536926
KITTI,mono,brake,J,0019,656,1.0476319193840027
KITTI,mono,brake,J,0019,657,0.8986234664916992
KITTI,mono,brake,J,0019,658,0.4313404858112335
KITTI,mono,brake,J,0019,659,1.1054710149765015
KITTI,mono,brake,J,0019,660,0.9278290569782257
KITTI,mono,brake,J,0019,661,0.9669808447360992
KITTI,mono,brake,J,0019,662,1.0188257694244385
KITTI,mono,brake,J,0019,663,1.163375049829483
KITTI,mono,brake,J,0019,664,0.7894490957260132
KITTI,mono,brake,J,0019,665,0.8275284171104431
KITTI,mono,brake,J,0019,666,0.30018430948257446
KITTI,mono,brake,J,0019,667,0.3668673038482666
KITTI,mono,brake,J,0019,668,0.6706973314285278
KITTI,mono,brake,J,0019,669,1.7465227544307709
KITTI,mono,brake,J,0019,670,1.0089507699012756
KITTI,mono,brake,J,0019,671,1.1287863850593567
KITTI,mono,brake,J,0019,672,1.4034525752067566
KITTI,mono,brake,J,0019,673,0.7889398038387299
KITTI,mono,brake,J,0019,674,0.9269125759601593
KITTI,mono,brake,J,0019,675,0.3467440903186798
KITTI,mono,brake,J,0019,676,0.11838510632514954
KITTI,mono,brake,J,0019,677,1.194080412387848
KITTI,mono,brake,J,0019,678,0.8176247775554657
KITTI,mono,brake,J,0019,679,1.1618778109550476
KITTI,mono,brake,J,0019,680,0.5962468385696411
KITTI,mono,brake,J,0019,681,0.25912967324256897
KITTI,mono,brake,J,0019,682,0.7644119262695312
KITTI,mono,brake,J,0019,683,0.6862744092941284
KITTI,mono,brake,J,0019,684,0.9901828467845917
KITTI,mono,brake,J,0019,685,1.6788436472415924
KITTI,mono,brake,J,0019,686,1.0771595239639282
KITTI,mono,brake,J,0019,687,0.4693119525909424
KITTI,mono,brake,J,0019,688,0.7313391864299774
KITTI,mono,brake,J,0019,689,0.7895297706127167
KITTI,mono,brake,J,0019,690,1.013914942741394
KITTI,mono,brake,J,0019,691,1.074526160955429
KITTI,mono,brake,J,0019,692,0.13206613063812256
KITTI,mono,brake,J,0019,693,0.38135454058647156
KITTI,mono,brake,J,0019,694,0.7682633697986603
KITTI,mono,brake,J,0019,695,0.2601461708545685
KITTI,mono,brake,J,0019,696,0.36944693326950073
KITTI,mono,brake,J,0019,697,1.2565049529075623
KITTI,mono,brake,J,0019,698,0.649165004491806
KITTI,mono,brake,J,0019,699,0.2164713740348816
KITTI,mono,brake,J,0019,700,0.6059126853942871
KITTI,mono,brake,J,0019,701,1.0408403277397156
KITTI,mono,brake,J,0019,702,1.0316839218139648
KITTI,mono,brake,J,0019,703,0.837462991476059
KITTI,mono,brake,J,0019,704,0.22431355714797974
KITTI,mono,brake,J,0019,705,0.745602160692215
KITTI,mono,brake,J,0019,706,0.21651750802993774
KITTI,mono,brake,J,0019,707,0.9344628751277924
KITTI,mono,brake,J,0019,708,0.9825395047664642
KITTI,mono,brake,J,0019,709,0.0
KITTI,mono,brake,J,0019,710,0.3070650100708008
KITTI,mono,brake,J,0019,711,0.20713457465171814
KITTI,mono,brake,J,0019,712,0.3454069495201111
KITTI,mono,brake,J,0019,713,0.5787962079048157
KITTI,mono,brake,J,0019,714,0.9222415387630463
KITTI,mono,brake,J,0019,715,1.2291830778121948
KITTI,mono,brake,J,0019,716,1.0164726376533508
KITTI,mono,brake,J,0019,717,0.6369638442993164
KITTI,mono,brake,J,0019,718,1.1256683766841888
KITTI,mono,brake,J,0019,719,1.174435406923294
KITTI,mono,brake,J,0019,720,0.8467371761798859
KITTI,mono,brake,J,0019,721,1.0923306047916412
KITTI,mono,brake,J,0019,722,0.7345160841941833
KITTI,mono,brake,J,0019,723,0.9249131977558136
KITTI,mono,brake,J,0019,724,0.347153902053833
KITTI,mono,brake,J,0019,725,0.5182567536830902
KITTI,mono,brake,J,0019,726,0.32641637325286865
KITTI,mono,brake,J,0019,727,0.7208547294139862
KITTI,mono,brake,J,0019,728,1.0517116785049438
KITTI,mono,brake,J,0019,729,0.5734114050865173
KITTI,mono,brake,J,0019,730,0.2351083755493164
KITTI,mono,brake,J,0019,731,1.2073245346546173
KITTI,mono,brake,J,0019,732,0.5457424521446228
KITTI,mono,brake,J,0019,733,0.7653919160366058
KITTI,mono,brake,J,0019,734,0.7281622290611267
KITTI,mono,brake,J,0019,735,0.6773437559604645
KITTI,mono,brake,J,0019,736,0.8973020613193512
KITTI,mono,brake,J,0019,737,0.6876575350761414
KITTI,mono,brake,J,0019,738,0.7845481634140015
KITTI,mono,brake,J,0019,739,0.671742856502533
KITTI,mono,brake,J,0019,740,0.7843527495861053
KITTI,mono,brake,J,0019,741,0.5936169624328613
KITTI,mono,brake,J,0019,742,1.4675334990024567
KITTI,mono,brake,J,0019,743,0.7954366207122803
KITTI,mono,brake,J,0019,744,1.2005341053009033
KITTI,mono,brake,J,0019,745,0.6488569676876068
KITTI,mono,brake,J,0019,746,0.37603890895843506
KITTI,mono,brake,J,0019,747,0.6458629071712494
KITTI,mono,brake,J,0019,748,0.1755380630493164
KITTI,mono,brake,J,0019,749,0.3820808529853821
KITTI,mono,brake,J,0019,750,0.5212305188179016
KITTI,mono,brake,J,0019,751,0.6185416281223297
KITTI,mono,brake,J,0019,752,0.5655553340911865
KITTI,mono,brake,J,0019,753,0.474632203578949
KITTI,mono,brake,J,0019,754,0.2519753575325012
KITTI,mono,brake,J,0019,755,0.3602190911769867
KITTI,mono,brake,J,0019,756,0.8932160139083862
KITTI,mono,brake,J,0019,757,0.6979342699050903
KITTI,mono,brake,J,0019,758,0.8073866367340088
KITTI,mono,brake,J,0019,759,0.9686033725738525
KITTI,mono,brake,J,0019,760,1.6700786650180817
KITTI,mono,brake,J,0019,761,1.1986612379550934
KITTI,mono,brake,J,0019,762,0.9662981033325195
KITTI,mono,brake,J,0019,763,0.25912967324256897
KITTI,mono,brake,J,0019,764,0.7084978222846985
KITTI,mono,brake,J,0019,765,1.1666405200958252
KITTI,mono,brake,J,0019,766,1.105564147233963
KITTI,mono,brake,J,0019,767,0.9086707830429077
KITTI,mono,brake,J,0019,768,0.24364382028579712
KITTI,mono,brake,J,0019,769,0.6235454380512238
KITTI,mono,brake,J,0019,770,0.7097318172454834
KITTI,mono,brake,J,0019,771,1.0639676749706268
KITTI,mono,brake,J,0019,772,0.485131174325943
KITTI,mono,brake,J,0019,773,1.126706451177597
KITTI,mono,brake,J,0019,774,0.866988867521286
KITTI,mono,brake,J,0019,775,0.8162669837474823
KITTI,mono,brake,J,0019,776,0.8800016045570374
KITTI,mono,brake,J,0019,777,1.017529159784317
KITTI,mono,brake,J,0019,778,0.5957565307617188
KITTI,mono,brake,J,0019,779,0.6281667053699493
KITTI,mono,brake,J,0019,780,1.2193132638931274
KITTI,mono,brake,J,0019,781,0.6641668379306793
KITTI,mono,brake,J,0019,782,0.3401908874511719
KITTI,mono,brake,J,0019,783,0.11008787155151367
KITTI,mono,brake,J,0019,784,0.3538089990615845
KITTI,mono,brake,J,0019,785,0.4875597357749939
KITTI,mono,brake,J,0019,786,0.595513641834259
KITTI,mono,brake,J,0019,787,0.0
KITTI,mono,brake,J,0019,788,0.3631594479084015
KITTI,mono,brake,J,0019,789,0.5165508091449738
KITTI,mono,brake,J,0019,790,0.43066272139549255
KITTI,mono,brake,J,0019,791,0.11201596260070801
KITTI,mono,brake,J,0019,792,0.5798150300979614
KITTI,mono,brake,J,0019,793,0.41184067726135254
KITTI,mono,brake,J,0019,794,0.41584324836730957
KITTI,mono,brake,J,0019,795,0.5117480158805847
KITTI,mono,brake,J,0019,796,0.37363487482070923
KITTI,mono,brake,J,0019,797,0.763826996088028
KITTI,mono,brake,J,0019,798,0.523700475692749
KITTI,mono,brake,J,0019,799,0.796668142080307
KITTI,mono,brake,J,0019,800,0.6901288628578186
KITTI,mono,brake,J,0019,801,0.5597547292709351
KITTI,mono,brake,J,0019,802,0.9337428212165833
KITTI,mono,brake,J,0019,803,0.9352567791938782
KITTI,mono,brake,J,0019,804,1.2536625564098358
KITTI,mono,brake,J,0019,805,0.813270092010498
KITTI,mono,brake,J,0019,806,0.6740238964557648
KITTI,mono,brake,J,0019,807,1.0645002126693726
KITTI,mono,brake,J,0019,808,0.8025214374065399
KITTI,mono,brake,J,0019,809,1.1048147678375244
KITTI,mono,brake,J,0019,810,0.7235772609710693
KITTI,mono,brake,J,0019,811,1.1629093885421753
KITTI,mono,brake,J,0019,812,1.4501769840717316
KITTI,mono,brake,J,0019,813,0.8248276114463806
KITTI,mono,brake,J,0019,814,2.148090809583664
KITTI,mono,brake,J,0019,815,1.5009630024433136
KITTI,mono,brake,J,0019,816,1.6929200291633606
KITTI,mono,brake,J,0019,817,1.9293229579925537
KITTI,mono,brake,J,0019,818,1.4784261286258698
KITTI,mono,brake,J,0019,819,0.9759124517440796
KITTI,mono,brake,J,0019,820,1.7117896676063538
KITTI,mono,brake,J,0019,821,0.5969655513763428
KITTI,mono,brake,J,0019,822,0.6511918604373932
KITTI,mono,brake,J,0019,823,1.068762868642807
KITTI,mono,brake,J,0019,824,1.0634219646453857
KITTI,mono,brake,J,0019,825,0.8726901113986969
KITTI,mono,brake,J,0019,826,1.016527235507965
KITTI,mono,brake,J,0019,827,0.9789532423019409
KITTI,mono,brake,J,0019,828,1.0180065631866455
KITTI,mono,brake,J,0019,829,0.4021093249320984
KITTI,mono,brake,J,0019,830,1.2346228659152985
KITTI,mono,brake,J,0019,831,1.7800323963165283
KITTI,mono,brake,J,0019,832,1.7522513270378113
KITTI,mono,brake,J,0019,833,1.353229582309723
KITTI,mono,brake,J,0019,834,1.3733539283275604
KITTI,mono,brake,J,0019,835,1.7840959429740906
KITTI,mono,brake,J,0019,836,0.9864295423030853
KITTI,mono,brake,J,0019,837,0.9665573835372925
KITTI,mono,brake,J,0019,838,1.511007845401764
KITTI,mono,brake,J,0019,839,1.2142503261566162
KITTI,mono,brake,J,0019,840,2.0208878219127655
KITTI,mono,brake,J,0019,841,1.9111387133598328
KITTI,mono,brake,J,0019,842,0.9998919665813446
KITTI,mono,brake,J,0019,843,0.9875515699386597
KITTI,mono,brake,J,0019,844,0.803686648607254
KITTI,mono,brake,J,0019,845,1.0469574630260468
KITTI,mono,brake,J,0019,846,1.1616235077381134
KITTI,mono,brake,J,0019,847,0.6734073460102081
KITTI,mono,brake,J,0019,848,0.8440881669521332
KITTI,mono,brake,J,0019,849,0.8519980907440186
KITTI,mono,brake,J,0019,850,1.291621208190918
KITTI,mono,brake,J,0019,851,0.35537824034690857
KITTI,mono,brake,J,0019,852,0.7098162770271301
KITTI,mono,brake,J,0019,853,0.4711553156375885
KITTI,mono,brake,J,0019,854,1.3386505544185638
KITTI,mono,brake,J,0019,855,0.5908280909061432
KITTI,mono,brake,J,0019,856,0.4202072322368622
KITTI,mono,brake,J,0019,857,2.0683506429195404
KITTI,mono,brake,J,0019,858,1.5388853549957275
KITTI,mono,brake,J,0019,859,0.9405126571655273
KITTI,mono,brake,J,0019,860,0.8217118978500366
KITTI,mono,brake,J,0019,861,0.6343791782855988
KITTI,mono,brake,J,0019,862,0.8230104446411133
KITTI,mono,brake,J,0019,863,0.9312827885150909
KITTI,mono,brake,J,0019,864,1.258582890033722
KITTI,mono,brake,J,0019,865,1.0222010910511017
KITTI,mono,brake,J,0019,866,1.9648778438568115
KITTI,mono,brake,J,0019,867,1.8417298197746277
KITTI,mono,brake,J,0019,868,1.541083663702011
KITTI,mono,brake,J,0019,869,1.7121988534927368
KITTI,mono,brake,J,0019,870,0.5476855337619781
KITTI,mono,brake,J,0019,871,0.8746232092380524
KITTI,mono,brake,J,0019,872,1.82017582654953
KITTI,mono,brake,J,0019,873,1.299887478351593
KITTI,mono,brake,J,0019,874,1.6629204452037811
KITTI,mono,brake,J,0019,875,1.7003325521945953
KITTI,mono,brake,J,0019,876,1.3884322047233582
KITTI,mono,brake,J,0019,877,1.5991558134555817
KITTI,mono,brake,J,0019,878,1.7712827324867249
KITTI,mono,brake,J,0019,879,1.027765840291977
KITTI,mono,brake,J,0019,880,1.4551803469657898
KITTI,mono,brake,J,0019,881,1.3415261209011078
KITTI,mono,brake,J,0019,882,1.913626790046692
KITTI,mono,brake,J,0019,883,1.2858442068099976
KITTI,mono,brake,J,0019,884,1.634067952632904
KITTI,mono,brake,J,0019,885,2.259857565164566
KITTI,mono,brake,J,0019,886,2.153587907552719
KITTI,mono,brake,J,0019,887,1.6228697001934052
KITTI,mono,brake,J,0019,888,1.1022189259529114
KITTI,mono,brake,J,0019,889,1.3826214969158173
KITTI,mono,brake,J,0019,890,1.4168756306171417
KITTI,mono,brake,J,0019,891,0.9210831820964813
KITTI,mono,brake,J,0019,892,0.23834776878356934
KITTI,mono,brake,J,0019,893,0.9902659952640533
KITTI,mono,brake,J,0019,894,0.6887710690498352
KITTI,mono,brake,J,0019,895,0.6362771689891815
KITTI,mono,brake,J,0019,896,1.1445972919464111
KITTI,mono,brake,J,0019,897,0.5989607274532318
KITTI,mono,brake,J,0019,898,0.36212530732154846
KITTI,mono,brake,J,0019,899,1.2410300970077515
KITTI,mono,brake,J,0019,900,0.9905329048633575
KITTI,mono,brake,J,0019,901,0.10087859630584717
KITTI,mono,brake,J,0019,902,0.15974104404449463
KITTI,mono,brake,J,0019,903,0.6360781788825989
KITTI,mono,brake,J,0019,904,0.36648333072662354
KITTI,mono,brake,J,0019,905,0.5848454535007477
KITTI,mono,brake,J,0019,906,0.7301902770996094
KITTI,mono,brake,J,0019,907,0.0
KITTI,mono,brake,J,0019,908,0.30393362045288086
KITTI,mono,brake,J,0019,909,0.0
KITTI,mono,brake,J,0019,910,0.21601152420043945
KITTI,mono,brake,J,0019,911,0.3056620657444
KITTI,mono,brake,J,0019,912,0.7952705025672913
KITTI,mono,brake,J,0019,913,0.10818895697593689
KITTI,mono,brake,J,0019,914,0.1175721287727356
KITTI,mono,brake,J,0019,915,0.13799649477005005
KITTI,mono,brake,J,0019,916,0.0
KITTI,mono,brake,J,0019,917,0.0
KITTI,mono,brake,J,0019,918,0.0
KITTI,mono,brake,J,0019,919,0.12984344363212585
KITTI,mono,brake,J,0019,920,0.10230469703674316
KITTI,mono,brake,J,0019,921,0.0
KITTI,mono,brake,J,0019,922,0.3260993957519531
KITTI,mono,brake,J,0019,923,0.13846176862716675
KITTI,mono,brake,J,0019,924,0.0
KITTI,mono,brake,J,0019,925,0.30683279037475586
KITTI,mono,brake,J,0019,926,0.23506861925125122
KITTI,mono,brake,J,0019,927,0.4161553978919983
KITTI,mono,brake,J,0019,928,0.4804908037185669
KITTI,mono,brake,J,0019,929,0.20561504364013672
KITTI,mono,brake,J,0019,930,0.5163036286830902
KITTI,mono,brake,J,0019,931,0.0
KITTI,mono,brake,J,0019,932,0.12765264511108398
KITTI,mono,brake,J,0019,933,0.23351514339447021
KITTI,mono,brake,J,0019,934,0.0
KITTI,mono,brake,J,0019,935,0.25947314500808716
KITTI,mono,brake,J,0019,936,0.4149496555328369
KITTI,mono,brake,J,0019,937,0.41311049461364746
KITTI,mono,brake,J,0019,938,0.9289495050907135
KITTI,mono,brake,J,0019,939,0.25697606801986694
KITTI,mono,brake,J,0019,940,0.3875672519207001
KITTI,mono,brake,J,0019,941,0.200557678937912
KITTI,mono,brake,J,0019,942,0.5422785878181458
KITTI,mono,brake,J,0019,943,0.3622961938381195
KITTI,mono,brake,J,0019,944,0.22135066986083984
KITTI,mono,brake,J,0019,945,0.14854055643081665
KITTI,mono,brake,J,0019,946,0.27208179235458374
KITTI,mono,brake,J,0019,947,0.18594717979431152
KITTI,mono,brake,J,0019,948,0.5544015765190125
KITTI,mono,brake,J,0019,949,0.0
KITTI,mono,brake,J,0019,950,0.6015937328338623
KITTI,mono,brake,J,0019,951,0.6578737199306488
KITTI,mono,brake,J,0019,952,0.6995790004730225
KITTI,mono,brake,J,0019,953,0.8561988174915314
KITTI,mono,brake,J,0019,954,0.5613337457180023
KITTI,mono,brake,J,0019,955,0.7643806040287018
KITTI,mono,brake,J,0019,956,0.3313741087913513
KITTI,mono,brake,J,0019,957,0.6022269427776337
KITTI,mono,brake,J,0019,958,0.4857610762119293
KITTI,mono,brake,J,0019,959,0.7280652821063995
KITTI,mono,brake,J,0019,960,0.517816960811615
KITTI,mono,brake,J,0019,961,0.18952107429504395
KITTI,mono,brake,J,0019,962,0.4871375560760498
KITTI,mono,brake,J,0019,963,0.6392687857151031
KITTI,mono,brake,J,0019,964,0.5733752548694611
KITTI,mono,brake,J,0019,965,0.5150649547576904
KITTI,mono,brake,J,0019,966,0.3409503102302551
KITTI,mono,brake,J,0019,967,0.6692455112934113
KITTI,mono,brake,J,0019,968,0.2267836332321167
KITTI,mono,brake,J,0019,969,0.7375714480876923
KITTI,mono,brake,J,0019,970,0.5433348417282104
KITTI,mono,brake,J,0019,971,0.23792991042137146
KITTI,mono,brake,J,0019,972,0.5460979342460632
KITTI,mono,brake,J,0019,973,0.34502267837524414
KITTI,mono,brake,J,0019,974,0.10669058561325073
KITTI,mono,brake,J,0019,975,1.051836609840393
KITTI,mono,brake,J,0019,976,0.7624653577804565
KITTI,mono,brake,J,0019,977,0.7369904220104218
KITTI,mono,brake,J,0019,978,0.38876453042030334
KITTI,mono,brake,J,0019,979,0.8927615284919739
KITTI,mono,brake,J,0019,980,0.5832701921463013
KITTI,mono,brake,J,0019,981,0.6336592435836792
KITTI,mono,brake,J,0019,982,0.5901439785957336
KITTI,mono,brake,J,0019,983,0.10087859630584717
KITTI,mono,brake,J,0019,984,0.28140708804130554
KITTI,mono,brake,J,0019,985,0.1368389129638672
KITTI,mono,brake,J,0019,986,0.26766085624694824
KITTI,mono,brake,J,0019,987,0.24436303973197937
KITTI,mono,brake,J,0019,988,0.1980641782283783
KITTI,mono,brake,J,0019,989,0.5576026439666748
KITTI,mono,brake,J,0019,990,0.14854055643081665
KITTI,mono,brake,J,0019,991,0.11596071720123291
KITTI,mono,brake,J,0019,992,0.2500580847263336
KITTI,mono,brake,J,0019,993,0.24191340804100037
KITTI,mono,brake,J,0019,994,0.0
KITTI,mono,brake,J,0019,995,0.5213958323001862
KITTI,mono,brake,J,0019,996,0.0
KITTI,mono,brake,J,0019,997,0.103024423122406
KITTI,mono,brake,J,0019,998,0.14608722925186157
KITTI,mono,brake,J,0019,999,0.0
KITTI,mono,brake,J,0019,1000,0.0
KITTI,mono,brake,J,0019,1001,0.44002747535705566
KITTI,mono,brake,J,0019,1002,0.4394108057022095
KITTI,mono,brake,J,0019,1003,0.23617854714393616
KITTI,mono,brake,J,0019,1004,0.11476477980613708
KITTI,mono,brake,J,0019,1005,0.2681208550930023
KITTI,mono,brake,J,0019,1006,0.33968305587768555
KITTI,mono,brake,J,0019,1007,0.2759546637535095
KITTI,mono,brake,J,0019,1008,0.11240509152412415
KITTI,mono,brake,J,0019,1009,0.37298521399497986
KITTI,mono,brake,J,0019,1010,0.472489595413208
KITTI,mono,brake,J,0019,1011,0.2486705183982849
KITTI,mono,brake,J,0019,1012,0.27396994829177856
KITTI,mono,brake,J,0019,1013,0.21601152420043945
KITTI,mono,brake,J,0019,1014,0.1650540828704834
KITTI,mono,brake,J,0019,1015,0.0
KITTI,mono,brake,J,0019,1016,0.33203792572021484
KITTI,mono,brake,J,0019,1017,0.3177744746208191
KITTI,mono,brake,J,0019,1018,0.33119893074035645
KITTI,mono,brake,J,0019,1019,0.4498578906059265
KITTI,mono,brake,J,0019,1020,0.0
KITTI,mono,brake,J,0019,1021,0.0
KITTI,mono,brake,J,0019,1022,0.30930665135383606
KITTI,mono,brake,J,0019,1023,0.5352903604507446
KITTI,mono,brake,J,0019,1024,0.24854964017868042
KITTI,mono,brake,J,0019,1025,0.23315134644508362
KITTI,mono,brake,J,0019,1026,0.12421301007270813
KITTI,mono,brake,J,0019,1027,0.10669058561325073
KITTI,mono,brake,J,0019,1028,0.23707666993141174
KITTI,mono,brake,J,0019,1029,0.2513493597507477
KITTI,mono,brake,J,0019,1030,0.1259227693080902
KITTI,mono,brake,J,0019,1031,0.12984344363212585
KITTI,mono,brake,J,0019,1032,0.10338595509529114
KITTI,mono,brake,J,0019,1033,0.10781264305114746
KITTI,mono,brake,J,0019,1034,0.10557883977890015
KITTI,mono,brake,J,0019,1035,0.0
KITTI,mono,brake,J,0019,1036,0.10669058561325073
KITTI,mono,brake,J,0019,1037,0.0
KITTI,mono,brake,J,0019,1038,0.0
KITTI,mono,brake,J,0019,1039,0.0
KITTI,mono,brake,J,0019,1040,0.0
KITTI,mono,brake,J,0019,1041,0.11047112941741943
KITTI,mono,brake,J,0019,1042,0.0
KITTI,mono,brake,J,0019,1043,0.0
KITTI,mono,brake,J,0019,1044,0.11008787155151367
KITTI,mono,brake,J,0019,1045,0.0
KITTI,mono,brake,J,0019,1046,0.2690242826938629
KITTI,mono,brake,J,0019,1047,0.0
KITTI,mono,brake,J,0019,1048,0.0
KITTI,mono,brake,J,0019,1049,0.0
KITTI,mono,brake,J,0019,1050,0.0
KITTI,mono,brake,J,0019,1051,0.0
KITTI,mono,brake,J,0019,1052,0.12549346685409546
KITTI,mono,brake,J,0019,1053,0.10230469703674316
KITTI,mono,brake,J,0019,1054,0.2355257272720337
KITTI,mono,brake,J,0019,1055,0.10194653272628784
KITTI,mono,brake,J,0019,1056,0.0
KITTI,mono,brake,J,0019,1057,0.0
KITTI,mono,brake,J,0019,1058,0.0
KITTI,mono,traj,JB,0007,0,0.0
KITTI,mono,traj,JB,0007,1,0.0
KITTI,mono,traj,JB,0007,2,0.0
KITTI,mono,traj,JB,0007,3,0.0
KITTI,mono,traj,JB,0007,4,0.0
KITTI,mono,traj,JB,0007,5,0.0
KITTI,mono,traj,JB,0007,6,0.0
KITTI,mono,traj,JB,0007,7,0.0
KITTI,mono,traj,JB,0007,8,0.0
KITTI,mono,traj,JB,0007,9,0.0
KITTI,mono,traj,JB,0007,10,0.20497775077819824
KITTI,mono,traj,JB,0007,11,0.0
KITTI,mono,traj,JB,0007,12,0.0
KITTI,mono,traj,JB,0007,13,0.1581743359565735
KITTI,mono,traj,JB,0007,14,0.0
KITTI,mono,traj,JB,0007,15,0.0
KITTI,mono,traj,JB,0007,16,0.0
KITTI,mono,traj,JB,0007,17,0.0
KITTI,mono,traj,JB,0007,18,0.0
KITTI,mono,traj,JB,0007,19,0.0
KITTI,mono,traj,JB,0007,20,0.0
KITTI,mono,traj,JB,0007,21,0.0
KITTI,mono,traj,JB,0007,22,0.0
KITTI,mono,traj,JB,0007,23,0.11201596260070801
KITTI,mono,traj,JB,0007,24,0.0
KITTI,mono,traj,JB,0007,25,0.0
KITTI,mono,traj,JB,0007,26,0.0
KITTI,mono,traj,JB,0007,27,0.0
KITTI,mono,traj,JB,0007,28,0.14080816507339478
KITTI,mono,traj,JB,0007,29,0.0
KITTI,mono,traj,JB,0007,30,0.13986563682556152
KITTI,mono,traj,JB,0007,31,0.18184363842010498
KITTI,mono,traj,JB,0007,32,0.0
KITTI,mono,traj,JB,0007,33,0.0
KITTI,mono,traj,JB,0007,34,0.14706450700759888
KITTI,mono,traj,JB,0007,35,0.0
KITTI,mono,traj,JB,0007,36,0.0
KITTI,mono,traj,JB,0007,37,0.11596071720123291
KITTI,mono,traj,JB,0007,38,0.11436852812767029
KITTI,mono,traj,JB,0007,39,0.3802669644355774
KITTI,mono,traj,JB,0007,40,0.334330290555954
KITTI,mono,traj,JB,0007,41,0.4644872844219208
KITTI,mono,traj,JB,0007,42,0.6809357404708862
KITTI,mono,traj,JB,0007,43,0.4313710331916809
KITTI,mono,traj,JB,0007,44,0.4061695337295532
KITTI,mono,traj,JB,0007,45,0.8035043776035309
KITTI,mono,traj,JB,0007,46,0.6627523601055145
KITTI,mono,traj,JB,0007,47,0.9628340899944305
KITTI,mono,traj,JB,0007,48,0.5781808197498322
KITTI,mono,traj,JB,0007,49,0.9134163558483124
KITTI,mono,traj,JB,0007,50,1.0764526724815369
KITTI,mono,traj,JB,0007,51,0.7460718750953674
KITTI,mono,traj,JB,0007,52,0.22953522205352783
KITTI,mono,traj,JB,0007,53,1.3803727626800537
KITTI,mono,traj,JB,0007,54,0.27234363555908203
KITTI,mono,traj,JB,0007,55,0.7936327755451202
KITTI,mono,traj,JB,0007,56,1.0287556946277618
KITTI,mono,traj,JB,0007,57,0.25148850679397583
KITTI,mono,traj,JB,0007,58,1.0000285804271698
KITTI,mono,traj,JB,0007,59,0.8553231060504913
KITTI,mono,traj,JB,0007,60,0.7730955481529236
KITTI,mono,traj,JB,0007,61,0.5021573603153229
KITTI,mono,traj,JB,0007,62,0.6656480729579926
KITTI,mono,traj,JB,0007,63,0.5309429168701172
KITTI,mono,traj,JB,0007,64,0.7260363399982452
KITTI,mono,traj,JB,0007,65,0.5636443793773651
KITTI,mono,traj,JB,0007,66,0.7457497715950012
KITTI,mono,traj,JB,0007,67,0.9320670962333679
KITTI,mono,traj,JB,0007,68,0.3142792284488678
KITTI,mono,traj,JB,0007,69,0.5992282629013062
KITTI,mono,traj,JB,0007,70,0.3327285945415497
KITTI,mono,traj,JB,0007,71,0.11318689584732056
KITTI,mono,traj,JB,0007,72,0.0
KITTI,mono,traj,JB,0007,73,0.26136213541030884
KITTI,mono,traj,JB,0007,74,0.444778710603714
KITTI,mono,traj,JB,0007,75,0.11636176705360413
KITTI,mono,traj,JB,0007,76,0.292901873588562
KITTI,mono,traj,JB,0007,77,0.0
KITTI,mono,traj,JB,0007,78,0.7157485485076904
KITTI,mono,traj,JB,0007,79,0.2900106608867645
KITTI,mono,traj,JB,0007,80,0.0
KITTI,mono,traj,JB,0007,81,1.0841651558876038
KITTI,mono,traj,JB,0007,82,0.11596071720123291
KITTI,mono,traj,JB,0007,83,0.5882458984851837
KITTI,mono,traj,JB,0007,84,0.0
KITTI,mono,traj,JB,0007,85,0.3501614034175873
KITTI,mono,traj,JB,0007,86,0.15052762627601624
KITTI,mono,traj,JB,0007,87,0.7483908236026764
KITTI,mono,traj,JB,0007,88,0.0
KITTI,mono,traj,JB,0007,89,0.10447734594345093
KITTI,mono,traj,JB,0007,90,0.29357200860977173
KITTI,mono,traj,JB,0007,91,0.2839958667755127
KITTI,mono,traj,JB,0007,92,0.377673864364624
KITTI,mono,traj,JB,0007,93,0.4017837643623352
KITTI,mono,traj,JB,0007,94,0.32159948348999023
KITTI,mono,traj,JB,0007,95,0.2359863519668579
KITTI,mono,traj,JB,0007,96,0.5648142993450165
KITTI,mono,traj,JB,0007,97,0.1436675786972046
KITTI,mono,traj,JB,0007,98,0.4578784108161926
KITTI,mono,traj,JB,0007,99,0.17838266491889954
KITTI,mono,traj,JB,0007,100,0.39974161982536316
KITTI,mono,traj,JB,0007,101,0.21601152420043945
KITTI,mono,traj,JB,0007,102,0.27855488657951355
KITTI,mono,traj,JB,0007,103,0.13296425342559814
KITTI,mono,traj,JB,0007,104,0.518794447183609
KITTI,mono,traj,JB,0007,105,0.12336564064025879
KITTI,mono,traj,JB,0007,106,0.21403354406356812
KITTI,mono,traj,JB,0007,107,0.38902103900909424
KITTI,mono,traj,JB,0007,108,0.10521054267883301
KITTI,mono,traj,JB,0007,109,0.14128142595291138
KITTI,mono,traj,JB,0007,110,0.0
KITTI,mono,traj,JB,0007,111,0.140336275100708
KITTI,mono,traj,JB,0007,112,0.23370635509490967
KITTI,mono,traj,JB,0007,113,0.0
KITTI,mono,traj,JB,0007,114,0.11636176705360413
KITTI,mono,traj,JB,0007,115,0.0
KITTI,mono,traj,JB,0007,116,0.24077460169792175
KITTI,mono,traj,JB,0007,117,0.45687758922576904
KITTI,mono,traj,JB,0007,118,0.28773272037506104
KITTI,mono,traj,JB,0007,119,0.3025844991207123
KITTI,mono,traj,JB,0007,120,0.5004289448261261
KITTI,mono,traj,JB,0007,121,0.38263943791389465
KITTI,mono,traj,JB,0007,122,0.38746312260627747
KITTI,mono,traj,JB,0007,123,0.6302006244659424
KITTI,mono,traj,JB,0007,124,0.4967189431190491
KITTI,mono,traj,JB,0007,125,0.17667162418365479
KITTI,mono,traj,JB,0007,126,0.7634098529815674
KITTI,mono,traj,JB,0007,127,0.5525665283203125
KITTI,mono,traj,JB,0007,128,0.9036956429481506
KITTI,mono,traj,JB,0007,129,0.7137734293937683
KITTI,mono,traj,JB,0007,130,0.4427020847797394
KITTI,mono,traj,JB,0007,131,0.8315463662147522
KITTI,mono,traj,JB,0007,132,0.7658828794956207
KITTI,mono,traj,JB,0007,133,0.0
KITTI,mono,traj,JB,0007,134,0.40182408690452576
KITTI,mono,traj,JB,0007,135,0.2967666983604431
KITTI,mono,traj,JB,0007,136,0.556531697511673
KITTI,mono,traj,JB,0007,137,0.6201359033584595
KITTI,mono,traj,JB,0007,138,0.34792032837867737
KITTI,mono,traj,JB,0007,139,0.500903457403183
KITTI,mono,traj,JB,0007,140,0.4917922019958496
KITTI,mono,traj,JB,0007,141,0.8431432247161865
KITTI,mono,traj,JB,0007,142,0.7850873470306396
KITTI,mono,traj,JB,0007,143,1.0229910016059875
KITTI,mono,traj,JB,0007,144,0.9421457052230835
KITTI,mono,traj,JB,0007,145,1.4074166119098663
KITTI,mono,traj,JB,0007,146,0.4411948025226593
KITTI,mono,traj,JB,0007,147,0.10781264305114746
KITTI,mono,traj,JB,0007,148,0.8991822600364685
KITTI,mono,traj,JB,0007,149,0.40065106749534607
KITTI,mono,traj,JB,0007,150,0.49269402027130127
KITTI,mono,traj,JB,0007,151,0.9596245884895325
KITTI,mono,traj,JB,0007,152,0.5379558205604553
KITTI,mono,traj,JB,0007,153,0.708598405122757
KITTI,mono,traj,JB,0007,154,0.755848228931427
KITTI,mono,traj,JB,0007,155,0.6933274865150452
KITTI,mono,traj,JB,0007,156,0.6594686210155487
KITTI,mono,traj,JB,0007,157,0.6224795281887054
KITTI,mono,traj,JB,0007,158,0.7609433531761169
KITTI,mono,traj,JB,0007,159,1.135012835264206
KITTI,mono,traj,JB,0007,160,0.2544681131839752
KITTI,mono,traj,JB,0007,161,0.4577523171901703
KITTI,mono,traj,JB,0007,162,0.41586706042289734
KITTI,mono,traj,JB,0007,163,0.36769911646842957
KITTI,mono,traj,JB,0007,164,0.23113331198692322
KITTI,mono,traj,JB,0007,165,0.34314751625061035
KITTI,mono,traj,JB,0007,166,0.7045219540596008
KITTI,mono,traj,JB,0007,167,0.4531254470348358
KITTI,mono,traj,JB,0007,168,0.40475907921791077
KITTI,mono,traj,JB,0007,169,0.5910214483737946
KITTI,mono,traj,JB,0007,170,0.5008808374404907
KITTI,mono,traj,JB,0007,171,0.23509013652801514
KITTI,mono,traj,JB,0007,172,0.7116649448871613
KITTI,mono,traj,JB,0007,173,0.5694292783737183
KITTI,mono,traj,JB,0007,174,0.31643614172935486
KITTI,mono,traj,JB,0007,175,0.5637080371379852
KITTI,mono,traj,JB,0007,176,0.9117178022861481
KITTI,mono,traj,JB,0007,177,1.267229050397873
KITTI,mono,traj,JB,0007,178,0.47961458563804626
KITTI,mono,traj,JB,0007,179,0.36855548620224
KITTI,mono,traj,JB,0007,180,0.5905683636665344
KITTI,mono,traj,JB,0007,181,0.16613352298736572
KITTI,mono,traj,JB,0007,182,0.6381003856658936
KITTI,mono,traj,JB,0007,183,0.18952107429504395
KITTI,mono,traj,JB,0007,184,0.17272931337356567
KITTI,mono,traj,JB,0007,185,1.067859798669815
KITTI,mono,traj,JB,0007,186,0.5886794924736023
KITTI,mono,traj,JB,0007,187,0.5824539363384247
KITTI,mono,traj,JB,0007,188,0.48078855872154236
KITTI,mono,traj,JB,0007,189,0.4296704828739166
KITTI,mono,traj,JB,0007,190,0.0
KITTI,mono,traj,JB,0007,191,0.13939636945724487
KITTI,mono,traj,JB,0007,192,0.3712921440601349
KITTI,mono,traj,JB,0007,193,0.11085560917854309
KITTI,mono,traj,JB,0007,194,0.563556969165802
KITTI,mono,traj,JB,0007,195,0.17781084775924683
KITTI,mono,traj,JB,0007,196,0.0
KITTI,mono,traj,JB,0007,197,0.1772405207157135
KITTI,mono,traj,JB,0007,198,0.14903530478477478
KITTI,mono,traj,JB,0007,199,0.13206613063812256
KITTI,mono,traj,JB,0007,200,0.0
KITTI,mono,traj,JB,0007,201,0.0
KITTI,mono,traj,JB,0007,202,0.18713268637657166
KITTI,mono,traj,JB,0007,203,0.0
KITTI,mono,traj,JB,0007,204,0.636298656463623
KITTI,mono,traj,JB,0007,205,0.0
KITTI,mono,traj,JB,0007,206,0.0
KITTI,mono,traj,JB,0007,207,0.5695950984954834
KITTI,mono,traj,JB,0007,208,0.4269433319568634
KITTI,mono,traj,JB,0007,209,0.47002723813056946
KITTI,mono,traj,JB,0007,210,0.2708418071269989
KITTI,mono,traj,JB,0007,211,0.5342133045196533
KITTI,mono,traj,JB,0007,212,0.5313570201396942
KITTI,mono,traj,JB,0007,213,0.2805987000465393
KITTI,mono,traj,JB,0007,214,0.6244649291038513
KITTI,mono,traj,JB,0007,215,0.6746169030666351
KITTI,mono,traj,JB,0007,216,0.6159495711326599
KITTI,mono,traj,JB,0007,217,0.2186693549156189
KITTI,mono,traj,JB,0007,218,0.26205316185951233
KITTI,mono,traj,JB,0007,219,0.46034756302833557
KITTI,mono,traj,JB,0007,220,0.36715298891067505
KITTI,mono,traj,JB,0007,221,0.47354790568351746
KITTI,mono,traj,JB,0007,222,0.9488102495670319
KITTI,mono,traj,JB,0007,223,0.7430782616138458
KITTI,mono,traj,JB,0007,224,0.17838266491889954
KITTI,mono,traj,JB,0007,225,0.272360622882843
KITTI,mono,traj,JB,0007,226,0.0
KITTI,mono,traj,JB,0007,227,0.5327633619308472
KITTI,mono,traj,JB,0007,228,0.501989871263504
KITTI,mono,traj,JB,0007,229,0.4608640670776367
KITTI,mono,traj,JB,0007,230,0.1535491943359375
KITTI,mono,traj,JB,0007,231,0.10521054267883301
KITTI,mono,traj,JB,0007,232,0.0
KITTI,mono,traj,JB,0007,233,0.435564786195755
KITTI,mono,traj,JB,0007,234,0.13117322325706482
KITTI,mono,traj,JB,0007,235,0.0
KITTI,mono,traj,JB,0007,236,0.1520322561264038
KITTI,mono,traj,JB,0007,237,0.15921741724014282
KITTI,mono,traj,JB,0007,238,0.10856643319129944
KITTI,mono,traj,JB,0007,239,0.3517729938030243
KITTI,mono,traj,JB,0007,240,0.34517961740493774
KITTI,mono,traj,JB,0007,241,0.0
KITTI,mono,traj,JB,0007,242,0.2030746340751648
KITTI,mono,traj,JB,0007,243,0.0
KITTI,mono,traj,JB,0007,244,0.0
KITTI,mono,traj,JB,0007,245,0.0
KITTI,mono,traj,JB,0007,246,0.19072401523590088
KITTI,mono,traj,JB,0007,247,0.0
KITTI,mono,traj,JB,0007,248,0.0
KITTI,mono,traj,JB,0007,249,0.0
KITTI,mono,traj,JB,0007,250,0.0
KITTI,mono,traj,JB,0007,251,0.0
KITTI,mono,traj,JB,0007,252,0.0
KITTI,mono,traj,JB,0007,253,0.0
KITTI,mono,traj,JB,0007,254,0.0
KITTI,mono,traj,JB,0007,255,0.0
KITTI,mono,traj,JB,0007,256,0.14706450700759888
KITTI,mono,traj,JB,0007,257,0.0
KITTI,mono,traj,JB,0007,258,0.0
KITTI,mono,traj,JB,0007,259,0.0
KITTI,mono,traj,JB,0007,260,0.0
KITTI,mono,traj,JB,0007,261,0.0
KITTI,mono,traj,JB,0007,262,0.13614830374717712
KITTI,mono,traj,JB,0007,263,0.0
KITTI,mono,traj,JB,0007,264,0.0
KITTI,mono,traj,JB,0007,265,0.0
KITTI,mono,traj,JB,0007,266,0.11124122142791748
KITTI,mono,traj,JB,0007,267,0.3679676949977875
KITTI,mono,traj,JB,0007,268,0.12896329164505005
KITTI,mono,traj,JB,0007,269,0.12984344363212585
KITTI,mono,traj,JB,0007,270,0.0
KITTI,mono,traj,JB,0007,271,0.45998650789260864
KITTI,mono,traj,JB,0007,272,0.1520322561264038
KITTI,mono,traj,JB,0007,273,0.3066331446170807
KITTI,mono,traj,JB,0007,274,0.6915858387947083
KITTI,mono,traj,JB,0007,275,0.5536105632781982
KITTI,mono,traj,JB,0007,276,0.167763352394104
KITTI,mono,traj,JB,0007,277,0.3065648674964905
KITTI,mono,traj,JB,0007,278,0.23169809579849243
KITTI,mono,traj,JB,0007,279,0.4169839024543762
KITTI,mono,traj,JB,0007,280,0.10631886124610901
KITTI,mono,traj,JB,0007,281,0.2808130383491516
KITTI,mono,traj,JB,0007,282,0.0
KITTI,mono,traj,JB,0007,283,0.11476477980613708
KITTI,mono,traj,JB,0007,284,0.0
KITTI,mono,traj,JB,0007,285,0.0
KITTI,mono,traj,JB,0007,286,0.0
KITTI,mono,traj,JB,0007,287,0.0
KITTI,mono,traj,JB,0007,288,0.18068420886993408
KITTI,mono,traj,JB,0007,289,0.0
KITTI,mono,traj,JB,0007,290,0.0
KITTI,mono,traj,JB,0007,291,0.140336275100708
KITTI,mono,traj,JB,0007,292,0.4186416268348694
KITTI,mono,traj,JB,0007,293,0.0
KITTI,mono,traj,JB,0007,294,0.41919127106666565
KITTI,mono,traj,JB,0007,295,0.0
KITTI,mono,traj,JB,0007,296,0.12852513790130615
KITTI,mono,traj,JB,0007,297,0.0
KITTI,mono,traj,JB,0007,298,0.44621342420578003
KITTI,mono,traj,JB,0007,299,0.10123348236083984
KITTI,mono,traj,JB,0007,300,0.10631886124610901
KITTI,mono,traj,JB,0007,301,0.0
KITTI,mono,traj,JB,0007,302,0.16940587759017944
KITTI,mono,traj,JB,0007,303,0.0
KITTI,mono,traj,JB,0007,304,0.13117322325706482
KITTI,mono,traj,JB,0007,305,0.0
KITTI,mono,traj,JB,0007,306,0.0
KITTI,mono,traj,JB,0007,307,0.0
KITTI,mono,traj,JB,0007,308,0.33120453357696533
KITTI,mono,traj,JB,0007,309,0.0
KITTI,mono,traj,JB,0007,310,0.7655604183673859
KITTI,mono,traj,JB,0007,311,0.3892178535461426
KITTI,mono,traj,JB,0007,312,0.40117859840393066
KITTI,mono,traj,JB,0007,313,0.14223188161849976
KITTI,mono,traj,JB,0007,314,0.1755380630493164
KITTI,mono,traj,JB,0007,315,0.44848501682281494
KITTI,mono,traj,JB,0007,316,0.42509523034095764
KITTI,mono,traj,JB,0007,317,0.29502159357070923
KITTI,mono,traj,JB,0007,318,0.0
KITTI,mono,traj,JB,0007,319,0.927329808473587
KITTI,mono,traj,JB,0007,320,0.0
KITTI,mono,traj,JB,0007,321,0.1175721287727356
KITTI,mono,traj,JB,0007,322,0.0
KITTI,mono,traj,JB,0007,323,0.0
KITTI,mono,traj,JB,0007,324,0.0
KITTI,mono,traj,JB,0007,325,0.0
KITTI,mono,traj,JB,0007,326,0.0
KITTI,mono,traj,JB,0007,327,0.0
KITTI,mono,traj,JB,0007,328,0.0
KITTI,mono,traj,JB,0007,329,0.0
KITTI,mono,traj,JB,0007,330,0.0
KITTI,mono,traj,JB,0007,331,0.0
KITTI,mono,traj,JB,0007,332,0.0
KITTI,mono,traj,JB,0007,333,0.0
KITTI,mono,traj,JB,0007,334,0.0
KITTI,mono,traj,JB,0007,335,0.0
KITTI,mono,traj,JB,0007,336,0.0
KITTI,mono,traj,JB,0007,337,0.30281180143356323
KITTI,mono,traj,JB,0007,338,0.0
KITTI,mono,traj,JB,0007,339,0.0
KITTI,mono,traj,JB,0007,340,0.32761311531066895
KITTI,mono,traj,JB,0007,341,0.2950248122215271
KITTI,mono,traj,JB,0007,342,0.16940587759017944
KITTI,mono,traj,JB,0007,343,0.24508503079414368
KITTI,mono,traj,JB,0007,344,0.0
KITTI,mono,traj,JB,0007,345,0.2024431824684143
KITTI,mono,traj,JB,0007,346,0.4131566882133484
KITTI,mono,traj,JB,0007,347,0.40088123083114624
KITTI,mono,traj,JB,0007,348,0.5368303954601288
KITTI,mono,traj,JB,0007,349,0.17441028356552124
KITTI,mono,traj,JB,0007,350,0.2633298337459564
KITTI,mono,traj,JB,0007,351,0.0
KITTI,mono,traj,JB,0007,352,0.13028541207313538
KITTI,mono,traj,JB,0007,353,0.17895588278770447
KITTI,mono,traj,JB,0007,354,0.0
KITTI,mono,traj,JB,0007,355,0.19072401523590088
KITTI,mono,traj,JB,0007,356,0.6081883311271667
KITTI,mono,traj,JB,0007,357,0.5851934254169464
KITTI,mono,traj,JB,0007,358,0.6168500483036041
KITTI,mono,traj,JB,0007,359,0.5276391208171844
KITTI,mono,traj,JB,0007,360,0.7572563588619232
KITTI,mono,traj,JB,0007,361,0.32450467348098755
KITTI,mono,traj,JB,0007,362,0.47169438004493713
KITTI,mono,traj,JB,0007,363,0.43334901332855225
KITTI,mono,traj,JB,0007,364,0.3671600818634033
KITTI,mono,traj,JB,0007,365,0.30018293857574463
KITTI,mono,traj,JB,0007,366,0.17895588278770447
KITTI,mono,traj,JB,0007,367,0.0
KITTI,mono,traj,JB,0007,368,0.34333717823028564
KITTI,mono,traj,JB,0007,369,0.6455336511135101
KITTI,mono,traj,JB,0007,370,0.0
KITTI,mono,traj,JB,0007,371,0.31794872879981995
KITTI,mono,traj,JB,0007,372,0.30614668130874634
KITTI,mono,traj,JB,0007,373,0.0
KITTI,mono,traj,JB,0007,374,0.2018132209777832
KITTI,mono,traj,JB,0007,375,0.24744242429733276
KITTI,mono,traj,JB,0007,376,0.2187436819076538
KITTI,mono,traj,JB,0007,377,0.2276386022567749
KITTI,mono,traj,JB,0007,378,0.14511537551879883
KITTI,mono,traj,JB,0007,379,0.6192680895328522
KITTI,mono,traj,JB,0007,380,0.0
KITTI,mono,traj,JB,0007,381,0.3353164792060852
KITTI,mono,traj,JB,0007,382,0.43866539001464844
KITTI,mono,traj,JB,0007,383,0.3098328709602356
KITTI,mono,traj,JB,0007,384,0.2822229266166687
KITTI,mono,traj,JB,0007,385,0.13028541207313538
KITTI,mono,traj,JB,0007,386,0.6386180222034454
KITTI,mono,traj,JB,0007,387,0.2973678708076477
KITTI,mono,traj,JB,0007,388,0.664656788110733
KITTI,mono,traj,JB,0007,389,0.5754330456256866
KITTI,mono,traj,JB,0007,390,0.49875932931900024
KITTI,mono,traj,JB,0007,391,0.5963601171970367
KITTI,mono,traj,JB,0007,392,0.6430557668209076
KITTI,mono,traj,JB,0007,393,0.6027443408966064
KITTI,mono,traj,JB,0007,394,0.88131383061409
KITTI,mono,traj,JB,0007,395,0.49751871824264526
KITTI,mono,traj,JB,0007,396,0.7561239898204803
KITTI,mono,traj,JB,0007,397,0.5736400485038757
KITTI,mono,traj,JB,0007,398,0.3117978870868683
KITTI,mono,traj,JB,0007,399,0.2988928556442261
KITTI,mono,traj,JB,0007,400,0.47452911734580994
KITTI,mono,traj,JB,0007,401,0.2527519762516022
KITTI,mono,traj,JB,0007,402,0.2708403468132019
KITTI,mono,traj,JB,0007,403,0.9646777510643005
KITTI,mono,traj,JB,0007,404,0.35238906741142273
KITTI,mono,traj,JB,0007,405,0.7108059227466583
KITTI,mono,traj,JB,0007,406,0.11556088924407959
KITTI,mono,traj,JB,0007,407,0.4441181421279907
KITTI,mono,traj,JB,0007,408,0.6391246318817139
KITTI,mono,traj,JB,0007,409,0.29880860447883606
KITTI,mono,traj,JB,0007,410,0.4840790927410126
KITTI,mono,traj,JB,0007,411,0.614868700504303
KITTI,mono,traj,JB,0007,412,0.9592297375202179
KITTI,mono,traj,JB,0007,413,0.5943405330181122
KITTI,mono,traj,JB,0007,414,0.0
KITTI,mono,traj,JB,0007,415,1.0696208477020264
KITTI,mono,traj,JB,0007,416,0.44425949454307556
KITTI,mono,traj,JB,0007,417,0.0
KITTI,mono,traj,JB,0007,418,0.0
KITTI,mono,traj,JB,0007,419,0.15765491127967834
KITTI,mono,traj,JB,0007,420,0.10781264305114746
KITTI,mono,traj,JB,0007,421,0.10194653272628784
KITTI,mono,traj,JB,0007,422,0.4677865207195282
KITTI,mono,traj,JB,0007,423,0.0
KITTI,mono,traj,JB,0007,424,0.16398024559020996
KITTI,mono,traj,JB,0007,425,0.5521349906921387
KITTI,mono,traj,JB,0007,426,0.5920712649822235
KITTI,mono,traj,JB,0007,427,0.2999768555164337
KITTI,mono,traj,JB,0007,428,0.39554208517074585
KITTI,mono,traj,JB,0007,429,0.46139398217201233
KITTI,mono,traj,JB,0007,430,0.17667162418365479
KITTI,mono,traj,JB,0007,431,0.2755928933620453
KITTI,mono,traj,JB,0007,432,0.7066171765327454
KITTI,mono,traj,JB,0007,433,0.6169301867485046
KITTI,mono,traj,JB,0007,434,0.289821982383728
KITTI,mono,traj,JB,0007,435,0.3130323886871338
KITTI,mono,traj,JB,0007,436,0.35460060834884644
KITTI,mono,traj,JB,0007,437,0.16079244017601013
KITTI,mono,traj,JB,0007,438,0.43696537613868713
KITTI,mono,traj,JB,0007,439,0.5315689742565155
KITTI,mono,traj,JB,0007,440,0.5828458666801453
KITTI,mono,traj,JB,0007,441,0.1465752124786377
KITTI,mono,traj,JB,0007,442,0.6226131319999695
KITTI,mono,traj,JB,0007,443,1.0191282033920288
KITTI,mono,traj,JB,0007,444,0.8179009258747101
KITTI,mono,traj,JB,0007,445,0.7412250339984894
KITTI,mono,traj,JB,0007,446,0.5820861160755157
KITTI,mono,traj,JB,0007,447,0.7282044887542725
KITTI,mono,traj,JB,0007,448,1.2167609333992004
KITTI,mono,traj,JB,0007,449,1.0669558644294739
KITTI,mono,traj,JB,0007,450,0.6153137981891632
KITTI,mono,traj,JB,0007,451,0.29023605585098267
KITTI,mono,traj,JB,0007,452,0.5842474699020386
KITTI,mono,traj,JB,0007,453,0.7005219161510468
KITTI,mono,traj,JB,0007,454,0.5896806418895721
KITTI,mono,traj,JB,0007,455,0.3203711211681366
KITTI,mono,traj,JB,0007,456,0.11961367726325989
KITTI,mono,traj,JB,0007,457,0.30802685022354126
KITTI,mono,traj,JB,0007,458,0.638922929763794
KITTI,mono,traj,JB,0007,459,0.6126730740070343
KITTI,mono,traj,JB,0007,460,0.49990159273147583
KITTI,mono,traj,JB,0007,461,0.5710892975330353
KITTI,mono,traj,JB,0007,462,0.4957185685634613
KITTI,mono,traj,JB,0007,463,0.4265705645084381
KITTI,mono,traj,JB,0007,464,0.5626411736011505
KITTI,mono,traj,JB,0007,465,0.7078443765640259
KITTI,mono,traj,JB,0007,466,0.3935154676437378
KITTI,mono,traj,JB,0007,467,0.47654393315315247
KITTI,mono,traj,JB,0007,468,0.47765982151031494
KITTI,mono,traj,JB,0007,469,0.4266113340854645
KITTI,mono,traj,JB,0007,470,0.5637504756450653
KITTI,mono,traj,JB,0007,471,0.7643076479434967
KITTI,mono,traj,JB,0007,472,0.356300413608551
KITTI,mono,traj,JB,0007,473,0.4062535762786865
KITTI,mono,traj,JB,0007,474,0.0
KITTI,mono,traj,JB,0007,475,0.302900493144989
KITTI,mono,traj,JB,0007,476,0.697467029094696
KITTI,mono,traj,JB,0007,477,0.2713729441165924
KITTI,mono,traj,JB,0007,478,0.2566136121749878
KITTI,mono,traj,JB,0007,479,0.34771469235420227
KITTI,mono,traj,JB,0007,480,0.9363965094089508
KITTI,mono,traj,JB,0007,481,0.6515859067440033
KITTI,mono,traj,JB,0007,482,0.34589332342147827
KITTI,mono,traj,JB,0007,483,0.12635332345962524
KITTI,mono,traj,JB,0007,484,0.46469101309776306
KITTI,mono,traj,JB,0007,485,0.27175700664520264
KITTI,mono,traj,JB,0007,486,0.0
KITTI,mono,traj,JB,0007,487,0.8553324639797211
KITTI,mono,traj,JB,0007,488,0.10894504189491272
KITTI,mono,traj,JB,0007,489,0.4528319239616394
KITTI,mono,traj,JB,0007,490,0.6385390758514404
KITTI,mono,traj,JB,0007,491,0.7410648167133331
KITTI,mono,traj,JB,0007,492,0.23146826028823853
KITTI,mono,traj,JB,0007,493,0.0
KITTI,mono,traj,JB,0007,494,0.239349365234375
KITTI,mono,traj,JB,0007,495,0.41751399636268616
KITTI,mono,traj,JB,0007,496,0.3281678557395935
KITTI,mono,traj,JB,0007,497,0.0
KITTI,mono,traj,JB,0007,498,0.2206781804561615
KITTI,mono,traj,JB,0007,499,0.22815650701522827
KITTI,mono,traj,JB,0007,500,0.14608722925186157
KITTI,mono,traj,JB,0007,501,0.0
KITTI,mono,traj,JB,0007,502,0.15456733107566833
KITTI,mono,traj,JB,0007,503,0.13341522216796875
KITTI,mono,traj,JB,0007,504,0.0
KITTI,mono,traj,JB,0007,505,0.19868534803390503
KITTI,mono,traj,JB,0007,506,0.0
KITTI,mono,traj,JB,0007,507,0.0
KITTI,mono,traj,JB,0007,508,0.0
KITTI,mono,traj,JB,0007,509,0.140336275100708
KITTI,mono,traj,JB,0007,510,0.0
KITTI,mono,traj,JB,0007,511,0.16885694861412048
KITTI,mono,traj,JB,0007,512,0.2519265115261078
KITTI,mono,traj,JB,0007,513,0.0
KITTI,mono,traj,JB,0007,514,0.5445133745670319
KITTI,mono,traj,JB,0007,515,0.0
KITTI,mono,traj,JB,0007,516,0.29733580350875854
KITTI,mono,traj,JB,0007,517,0.3268906772136688
KITTI,mono,traj,JB,0007,518,0.30688583850860596
KITTI,mono,traj,JB,0007,519,0.12852513790130615
KITTI,mono,traj,JB,0007,520,0.19132766127586365
KITTI,mono,traj,JB,0007,521,0.0
KITTI,mono,traj,JB,0007,522,0.0
KITTI,mono,traj,JB,0007,523,0.21099600195884705
KITTI,mono,traj,JB,0007,524,0.15765491127967834
KITTI,mono,traj,JB,0007,525,0.15974104404449463
KITTI,mono,traj,JB,0007,526,0.2011847198009491
KITTI,mono,traj,JB,0007,527,0.4169447422027588
KITTI,mono,traj,JB,0007,528,0.7906602621078491
KITTI,mono,traj,JB,0007,529,0.12896329164505005
KITTI,mono,traj,JB,0007,530,0.6135262250900269
KITTI,mono,traj,JB,0007,531,0.0
KITTI,mono,traj,JB,0007,532,0.0
KITTI,mono,traj,JB,0007,533,0.0
KITTI,mono,traj,JB,0007,534,0.43036478757858276
KITTI,mono,traj,JB,0007,535,0.21732819080352783
KITTI,mono,traj,JB,0007,536,0.0
KITTI,mono,traj,JB,0007,537,0.0
KITTI,mono,traj,JB,0007,538,0.3382262885570526
KITTI,mono,traj,JB,0007,539,0.0
KITTI,mono,traj,JB,0007,540,0.0
KITTI,mono,traj,JB,0007,541,0.1250653862953186
KITTI,mono,traj,JB,0007,542,0.0
KITTI,mono,traj,JB,0007,543,0.0
KITTI,mono,traj,JB,0007,544,0.0
KITTI,mono,traj,JB,0007,545,0.0
KITTI,mono,traj,JB,0007,546,0.10158944129943848
KITTI,mono,traj,JB,0007,547,0.0
KITTI,mono,traj,JB,0007,548,0.0
KITTI,mono,traj,JB,0007,549,0.0
KITTI,mono,traj,JB,0007,550,0.0
KITTI,mono,traj,JB,0007,551,0.0
KITTI,mono,traj,JB,0007,552,0.0
KITTI,mono,traj,JB,0007,553,0.0
KITTI,mono,traj,JB,0007,554,0.0
KITTI,mono,traj,JB,0007,555,0.11008787155151367
KITTI,mono,traj,JB,0007,556,0.0
KITTI,mono,traj,JB,0007,557,0.0
KITTI,mono,traj,JB,0007,558,0.0
KITTI,mono,traj,JB,0007,559,0.0
KITTI,mono,traj,JB,0007,560,0.0
KITTI,mono,traj,JB,0007,561,0.0
KITTI,mono,traj,JB,0007,562,0.0
KITTI,mono,traj,JB,0007,563,0.0
KITTI,mono,traj,JB,0007,564,0.0
KITTI,mono,traj,JB,0007,565,0.0
KITTI,mono,traj,JB,0007,566,0.0
KITTI,mono,traj,JB,0007,567,0.0
KITTI,mono,traj,JB,0007,568,0.0
KITTI,mono,traj,JB,0007,569,0.0
KITTI,mono,traj,JB,0007,570,0.0
KITTI,mono,traj,JB,0007,571,0.0
KITTI,mono,traj,JB,0007,572,0.0
KITTI,mono,traj,JB,0007,573,0.0
KITTI,mono,traj,JB,0007,574,0.0
KITTI,mono,traj,JB,0007,575,0.0
KITTI,mono,traj,JB,0007,576,0.0
KITTI,mono,traj,JB,0007,577,0.0
KITTI,mono,traj,JB,0007,578,0.0
KITTI,mono,traj,JB,0007,579,0.0
KITTI,mono,traj,JB,0007,580,0.0
KITTI,mono,traj,JB,0007,581,0.0
KITTI,mono,traj,JB,0007,582,0.0
KITTI,mono,traj,JB,0007,583,0.0
KITTI,mono,traj,JB,0007,584,0.0
KITTI,mono,traj,JB,0007,585,0.0
KITTI,mono,traj,JB,0007,586,0.0
KITTI,mono,traj,JB,0007,587,0.0
KITTI,mono,traj,JB,0007,588,0.0
KITTI,mono,traj,JB,0007,589,0.0
KITTI,mono,traj,JB,0007,590,0.0
KITTI,mono,traj,JB,0007,591,0.0
KITTI,mono,traj,JB,0007,592,0.0
KITTI,mono,traj,JB,0007,593,0.0
KITTI,mono,traj,JB,0007,594,0.0
KITTI,mono,traj,JB,0007,595,0.0
KITTI,mono,traj,JB,0007,596,0.0
KITTI,mono,traj,JB,0007,597,0.0
KITTI,mono,traj,JB,0007,598,0.0
KITTI,mono,traj,JB,0007,599,0.0
KITTI,mono,traj,JB,0007,600,0.0
KITTI,mono,traj,JB,0007,601,0.0
KITTI,mono,traj,JB,0007,602,0.0
KITTI,mono,traj,JB,0007,603,0.0
KITTI,mono,traj,JB,0007,604,0.0
KITTI,mono,traj,JB,0007,605,0.0
KITTI,mono,traj,JB,0007,606,0.19375687837600708
KITTI,mono,traj,JB,0007,607,0.0
KITTI,mono,traj,JB,0007,608,0.24006125330924988
KITTI,mono,traj,JB,0007,609,0.2120688259601593
KITTI,mono,traj,JB,0007,610,0.15662014484405518
KITTI,mono,traj,JB,0007,611,0.0
KITTI,mono,traj,JB,0007,612,0.0
KITTI,mono,traj,JB,0007,613,0.13296425342559814
KITTI,mono,traj,JB,0007,614,0.0
KITTI,mono,traj,JB,0007,615,0.0
KITTI,mono,traj,JB,0007,616,0.0
KITTI,mono,traj,JB,0007,617,0.0
KITTI,mono,traj,JB,0007,618,0.17272931337356567
KITTI,mono,traj,JB,0007,619,0.0
KITTI,mono,traj,JB,0007,620,0.34205207228660583
KITTI,mono,traj,JB,0007,621,0.41067811846733093
KITTI,mono,traj,JB,0007,622,0.0
KITTI,mono,traj,JB,0007,623,0.17441028356552124
KITTI,mono,traj,JB,0007,624,0.0
KITTI,mono,traj,JB,0007,625,0.0
KITTI,mono,traj,JB,0007,626,0.0
KITTI,mono,traj,JB,0007,627,0.0
KITTI,mono,traj,JB,0007,628,0.16940587759017944
KITTI,mono,traj,JB,0007,629,0.258368581533432
KITTI,mono,traj,JB,0007,630,0.0
KITTI,mono,traj,JB,0007,631,0.30356431007385254
KITTI,mono,traj,JB,0007,632,0.10706344246864319
KITTI,mono,traj,JB,0007,633,0.2422056496143341
KITTI,mono,traj,JB,0007,634,0.188323974609375
KITTI,mono,traj,JB,0007,635,0.2107662856578827
KITTI,mono,traj,JB,0007,636,0.0
KITTI,mono,traj,JB,0007,637,0.0
KITTI,mono,traj,JB,0007,638,0.0
KITTI,mono,traj,JB,0007,639,0.12852513790130615
KITTI,mono,traj,JB,0007,640,0.16885694861412048
KITTI,mono,traj,JB,0007,641,0.0
KITTI,mono,traj,JB,0007,642,0.0
KITTI,mono,traj,JB,0007,643,0.0
KITTI,mono,traj,JB,0007,644,0.15869519114494324
KITTI,mono,traj,JB,0007,645,0.0
KITTI,mono,traj,JB,0007,646,0.0
KITTI,mono,traj,JB,0007,647,0.0
KITTI,mono,traj,JB,0007,648,0.19744443893432617
KITTI,mono,traj,JB,0007,649,0.11879339814186096
KITTI,mono,traj,JB,0007,650,0.0
KITTI,mono,traj,JB,0007,651,0.1755380630493164
KITTI,mono,traj,JB,0007,652,0.0
KITTI,mono,traj,JB,0007,653,0.0
KITTI,mono,traj,JB,0007,654,0.0
KITTI,mono,traj,JB,0007,655,0.239349365234375
KITTI,mono,traj,JB,0007,656,0.11162799596786499
KITTI,mono,traj,JB,0007,657,0.23348912596702576
KITTI,mono,traj,JB,0007,658,0.11436852812767029
KITTI,mono,traj,JB,0007,659,0.10158944129943848
KITTI,mono,traj,JB,0007,660,0.0
KITTI,mono,traj,JB,0007,661,0.0
KITTI,mono,traj,JB,0007,662,0.0
KITTI,mono,traj,JB,0007,663,0.0
KITTI,mono,traj,JB,0007,664,0.0
KITTI,mono,traj,JB,0007,665,0.0
KITTI,mono,traj,JB,0007,666,0.0
KITTI,mono,traj,JB,0007,667,0.10194653272628784
KITTI,mono,traj,JB,0007,668,0.1520322561264038
KITTI,mono,traj,JB,0007,669,0.2989194989204407
KITTI,mono,traj,JB,0007,670,0.10631886124610901
KITTI,mono,traj,JB,0007,671,0.5277729332447052
KITTI,mono,traj,JB,0007,672,0.1041124165058136
KITTI,mono,traj,JB,0007,673,0.11879339814186096
KITTI,mono,traj,JB,0007,674,0.16613352298736572
KITTI,mono,traj,JB,0007,675,0.16398024559020996
KITTI,mono,traj,JB,0007,676,0.35479438304901123
KITTI,mono,traj,JB,0007,677,0.4107206463813782
KITTI,mono,traj,JB,0007,678,0.5439161658287048
KITTI,mono,traj,JB,0007,679,0.3410852253437042
KITTI,mono,traj,JB,0007,680,0.6980025172233582
KITTI,mono,traj,JB,0007,681,0.3564504384994507
KITTI,mono,traj,JB,0007,682,0.3586139678955078
KITTI,mono,traj,JB,0007,683,0.14318770170211792
KITTI,mono,traj,JB,0007,684,0.0
KITTI,mono,traj,JB,0007,685,0.0
KITTI,mono,traj,JB,0007,686,0.3680315315723419
KITTI,mono,traj,JB,0007,687,0.0
KITTI,mono,traj,JB,0007,688,0.1436675786972046
KITTI,mono,traj,JB,0007,689,0.11436852812767029
KITTI,mono,traj,JB,0007,690,0.0
KITTI,mono,traj,JB,0007,691,0.27998578548431396
KITTI,mono,traj,JB,0007,692,0.0
KITTI,mono,traj,JB,0007,693,0.0
KITTI,mono,traj,JB,0007,694,0.0
KITTI,mono,traj,JB,0007,695,0.12336564064025879
KITTI,mono,traj,JB,0007,696,0.2579556405544281
KITTI,mono,traj,JB,0007,697,0.0
KITTI,mono,traj,JB,0007,698,0.6694386005401611
KITTI,mono,traj,JB,0007,699,0.23231011629104614
KITTI,mono,traj,JB,0007,700,0.47576597332954407
KITTI,mono,traj,JB,0007,701,0.5333983302116394
KITTI,mono,traj,JB,0007,702,0.4650963842868805
KITTI,mono,traj,JB,0007,703,0.19072401523590088
KITTI,mono,traj,JB,0007,704,0.14511537551879883
KITTI,mono,traj,JB,0007,705,0.0
KITTI,mono,traj,JB,0007,706,0.18068420886993408
KITTI,mono,traj,JB,0007,707,0.12852513790130615
KITTI,mono,traj,JB,0007,708,0.0
KITTI,mono,traj,JB,0007,709,0.0
KITTI,mono,traj,JB,0007,710,0.2852747440338135
KITTI,mono,traj,JB,0007,711,0.0
KITTI,mono,traj,JB,0007,712,0.28433093428611755
KITTI,mono,traj,JB,0007,713,0.3674977123737335
KITTI,mono,traj,JB,0007,714,0.13206613063812256
KITTI,mono,traj,JB,0007,715,1.052555412054062
KITTI,mono,traj,JB,0007,716,0.0
KITTI,mono,traj,JB,0007,717,0.2568720281124115
KITTI,mono,traj,JB,0007,718,0.11797800660133362
KITTI,mono,traj,JB,0007,719,0.12896329164505005
KITTI,mono,traj,JB,0007,720,0.18594717979431152
KITTI,mono,traj,JB,0007,721,0.12336564064025879
KITTI,mono,traj,JB,0007,722,0.15052762627601624
KITTI,mono,traj,JB,0007,723,0.283389687538147
KITTI,mono,traj,JB,0007,724,0.1175721287727356
KITTI,mono,traj,JB,0007,725,0.3949805498123169
KITTI,mono,traj,JB,0007,726,0.31194061040878296
KITTI,mono,traj,JB,0007,727,0.4817712903022766
KITTI,mono,traj,JB,0007,728,0.6079532504081726
KITTI,mono,traj,JB,0007,729,0.12808823585510254
KITTI,mono,traj,JB,0007,730,0.3540225923061371
KITTI,mono,traj,JB,0007,731,0.23731231689453125
KITTI,mono,traj,JB,0007,732,0.4288634955883026
KITTI,mono,traj,JB,0007,733,0.5865956544876099
KITTI,mono,traj,JB,0007,734,0.0
KITTI,mono,traj,JB,0007,735,0.6544345319271088
KITTI,mono,traj,JB,0007,736,0.33934569358825684
KITTI,mono,traj,JB,0007,737,0.5127623677253723
KITTI,mono,traj,JB,0007,738,0.35122567415237427
KITTI,mono,traj,JB,0007,739,0.33136019110679626
KITTI,mono,traj,JB,0007,740,0.4275428354740143
KITTI,mono,traj,JB,0007,741,0.568480372428894
KITTI,mono,traj,JB,0007,742,0.10521054267883301
KITTI,mono,traj,JB,0007,743,0.12549346685409546
KITTI,mono,traj,JB,0007,744,0.0
KITTI,mono,traj,JB,0007,745,0.4430176913738251
KITTI,mono,traj,JB,0007,746,0.19559407234191895
KITTI,mono,traj,JB,0007,747,0.0
KITTI,mono,traj,JB,0007,748,0.7617657482624054
KITTI,mono,traj,JB,0007,749,0.5094250440597534
KITTI,mono,traj,JB,0007,750,0.40118104219436646
KITTI,mono,traj,JB,0007,751,0.5092749893665314
KITTI,mono,traj,JB,0007,752,0.2687990963459015
KITTI,mono,traj,JB,0007,753,0.2515418529510498
KITTI,mono,traj,JB,0007,754,0.7340916693210602
KITTI,mono,traj,JB,0007,755,0.7251948118209839
KITTI,mono,traj,JB,0007,756,0.1250653862953186
KITTI,mono,traj,JB,0007,757,0.17667162418365479
KITTI,mono,traj,JB,0007,758,0.6873733997344971
KITTI,mono,traj,JB,0007,759,0.37956398725509644
KITTI,mono,traj,JB,0007,760,0.29775503277778625
KITTI,mono,traj,JB,0007,761,0.25853490829467773
KITTI,mono,traj,JB,0007,762,0.24812647700309753
KITTI,mono,traj,JB,0007,763,0.22135066986083984
KITTI,mono,traj,JB,0007,764,0.32444795966148376
KITTI,mono,traj,JB,0007,765,0.5153181254863739
KITTI,mono,traj,JB,0007,766,0.5052533745765686
KITTI,mono,traj,JB,0007,767,0.1250653862953186
KITTI,mono,traj,JB,0007,768,0.0
KITTI,mono,traj,JB,0007,769,0.2146914005279541
KITTI,mono,traj,JB,0007,770,0.10669058561325073
KITTI,mono,traj,JB,0007,771,0.0
KITTI,mono,traj,JB,0007,772,0.11716747283935547
KITTI,mono,traj,JB,0007,773,0.1761041283607483
KITTI,mono,traj,JB,0007,774,0.113973468542099
KITTI,mono,traj,JB,0007,775,0.11516222357749939
KITTI,mono,traj,JB,0007,776,0.15304216742515564
KITTI,mono,traj,JB,0007,777,0.0
KITTI,mono,traj,JB,0007,778,0.18359363079071045
KITTI,mono,traj,JB,0007,779,0.15765491127967834
KITTI,mono,traj,JB,0007,780,0.0
KITTI,mono,traj,JB,0007,781,0.1427091360092163
KITTI,mono,traj,JB,0007,782,0.22135066986083984
KITTI,mono,traj,JB,0007,783,0.1259227693080902
KITTI,mono,traj,JB,0007,784,0.22000709176063538
KITTI,mono,traj,JB,0007,785,0.0
KITTI,mono,traj,JB,0007,786,0.23509055376052856
KITTI,mono,traj,JB,0007,787,0.23370635509490967
KITTI,mono,traj,JB,0007,788,0.10818895697593689
KITTI,mono,traj,JB,0007,789,0.1475551724433899
KITTI,mono,traj,JB,0007,790,0.0
KITTI,mono,traj,JB,0007,791,0.17781084775924683
KITTI,mono,traj,JB,0007,792,0.3299105763435364
KITTI,mono,traj,JB,0007,793,0.14560061693191528
KITTI,mono,traj,JB,0007,794,0.1525365114212036
KITTI,mono,traj,JB,0007,795,0.0
KITTI,mono,traj,JB,0007,796,0.0
KITTI,mono,traj,JB,0007,797,0.3882855772972107
KITTI,mono,traj,JB,0007,798,0.14080816507339478
KITTI,mono,traj,JB,0007,799,0.10894504189491272
KITTI,mono,traj,JB,0008,0,0.7799929082393646
KITTI,mono,traj,JB,0008,1,0.44920507073402405
KITTI,mono,traj,JB,0008,2,0.0
KITTI,mono,traj,JB,0008,3,0.19993209838867188
KITTI,mono,traj,JB,0008,4,0.1666753888130188
KITTI,mono,traj,JB,0008,5,0.9519092738628387
KITTI,mono,traj,JB,0008,6,0.2133771777153015
KITTI,mono,traj,JB,0008,7,0.35048970580101013
KITTI,mono,traj,JB,0008,8,0.22953522205352783
KITTI,mono,traj,JB,0008,9,0.2662590444087982
KITTI,mono,traj,JB,0008,10,0.0
KITTI,mono,traj,JB,0008,11,0.2973678708076477
KITTI,mono,traj,JB,0008,12,0.653839647769928
KITTI,mono,traj,JB,0008,13,0.4641745984554291
KITTI,mono,traj,JB,0008,14,0.23091977834701538
KITTI,mono,traj,JB,0008,15,0.4025667905807495
KITTI,mono,traj,JB,0008,16,0.12765264511108398
KITTI,mono,traj,JB,0008,17,0.0
KITTI,mono,traj,JB,0008,18,0.0
KITTI,mono,traj,JB,0008,19,0.14223188161849976
KITTI,mono,traj,JB,0008,20,0.0
KITTI,mono,traj,JB,0008,21,0.0
KITTI,mono,traj,JB,0008,22,0.0
KITTI,mono,traj,JB,0008,23,0.1520322561264038
KITTI,mono,traj,JB,0008,24,0.12896329164505005
KITTI,mono,traj,JB,0008,25,0.24364244937896729
KITTI,mono,traj,JB,0008,26,0.0
KITTI,mono,traj,JB,0008,27,0.0
KITTI,mono,traj,JB,0008,28,0.0
KITTI,mono,traj,JB,0008,29,0.0
KITTI,mono,traj,JB,0008,30,0.0
KITTI,mono,traj,JB,0008,31,0.16238003969192505
KITTI,mono,traj,JB,0008,32,0.0
KITTI,mono,traj,JB,0008,33,0.0
KITTI,mono,traj,JB,0008,34,0.0
KITTI,mono,traj,JB,0008,35,0.0
KITTI,mono,traj,JB,0008,36,0.11838510632514954
KITTI,mono,traj,JB,0008,37,0.10158944129943848
KITTI,mono,traj,JB,0008,38,0.19559407234191895
KITTI,mono,traj,JB,0008,39,0.0
KITTI,mono,traj,JB,0008,40,0.0
KITTI,mono,traj,JB,0008,41,0.1772405207157135
KITTI,mono,traj,JB,0008,42,0.0
KITTI,mono,traj,JB,0008,43,0.3180631697177887
KITTI,mono,traj,JB,0008,44,0.2240554392337799
KITTI,mono,traj,JB,0008,45,0.0
KITTI,mono,traj,JB,0008,46,0.0
KITTI,mono,traj,JB,0008,47,0.2233770489692688
KITTI,mono,traj,JB,0008,48,0.0
KITTI,mono,traj,JB,0008,49,0.16995620727539062
KITTI,mono,traj,JB,0008,50,0.0
KITTI,mono,traj,JB,0008,51,0.0
KITTI,mono,traj,JB,0008,52,0.13117322325706482
KITTI,mono,traj,JB,0008,53,0.2279166579246521
KITTI,mono,traj,JB,0008,54,0.0
KITTI,mono,traj,JB,0008,55,0.0
KITTI,mono,traj,JB,0008,56,0.0
KITTI,mono,traj,JB,0008,57,0.0
KITTI,mono,traj,JB,0008,58,0.0
KITTI,mono,traj,JB,0008,59,0.0
KITTI,mono,traj,JB,0008,60,0.0
KITTI,mono,traj,JB,0008,61,0.0
KITTI,mono,traj,JB,0008,62,0.1650540828704834
KITTI,mono,traj,JB,0008,63,0.13386750221252441
KITTI,mono,traj,JB,0008,64,0.22000709176063538
KITTI,mono,traj,JB,0008,65,0.0
KITTI,mono,traj,JB,0008,66,0.0
KITTI,mono,traj,JB,0008,67,0.0
KITTI,mono,traj,JB,0008,68,0.0
KITTI,mono,traj,JB,0008,69,0.0
KITTI,mono,traj,JB,0008,70,0.19132766127586365
KITTI,mono,traj,JB,0008,71,0.0
KITTI,mono,traj,JB,0008,72,0.0
KITTI,mono,traj,JB,0008,73,0.0
KITTI,mono,traj,JB,0008,74,0.10447734594345093
KITTI,mono,traj,JB,0008,75,0.0
KITTI,mono,traj,JB,0008,76,0.0
KITTI,mono,traj,JB,0008,77,0.0
KITTI,mono,traj,JB,0008,78,0.0
KITTI,mono,traj,JB,0008,79,0.0
KITTI,mono,traj,JB,0008,80,0.0
KITTI,mono,traj,JB,0008,81,0.0
KITTI,mono,traj,JB,0008,82,0.0
KITTI,mono,traj,JB,0008,83,0.12210386991500854
KITTI,mono,traj,JB,0008,84,0.0
KITTI,mono,traj,JB,0008,85,0.0
KITTI,mono,traj,JB,0008,86,0.2240554392337799
KITTI,mono,traj,JB,0008,87,0.0
KITTI,mono,traj,JB,0008,88,0.0
KITTI,mono,traj,JB,0008,89,0.12168577313423157
KITTI,mono,traj,JB,0008,90,0.32838085293769836
KITTI,mono,traj,JB,0008,91,0.49892982840538025
KITTI,mono,traj,JB,0008,92,0.0
KITTI,mono,traj,JB,0008,93,0.13341522216796875
KITTI,mono,traj,JB,0008,94,0.2518656551837921
KITTI,mono,traj,JB,0008,95,0.16995620727539062
KITTI,mono,traj,JB,0008,96,0.44571176171302795
KITTI,mono,traj,JB,0008,97,0.2660394310951233
KITTI,mono,traj,JB,0008,98,0.4879731237888336
KITTI,mono,traj,JB,0008,99,0.29891297221183777
KITTI,mono,traj,JB,0008,100,0.29972031712532043
KITTI,mono,traj,JB,0008,101,0.32965242862701416
KITTI,mono,traj,JB,0008,102,0.2777962386608124
KITTI,mono,traj,JB,0008,103,0.12378868460655212
KITTI,mono,traj,JB,0008,104,0.14903530478477478
KITTI,mono,traj,JB,0008,105,0.11516222357749939
KITTI,mono,traj,JB,0008,106,0.23010754585266113
KITTI,mono,traj,JB,0008,107,0.0
KITTI,mono,traj,JB,0008,108,0.0
KITTI,mono,traj,JB,0008,109,0.1561048924922943
KITTI,mono,traj,JB,0008,110,0.103748619556427
KITTI,mono,traj,JB,0008,111,0.0
KITTI,mono,traj,JB,0008,112,0.12808823585510254
KITTI,mono,traj,JB,0008,113,0.4731532037258148
KITTI,mono,traj,JB,0008,114,0.23231011629104614
KITTI,mono,traj,JB,0008,115,0.11085560917854309
KITTI,mono,traj,JB,0008,116,0.2265177071094513
KITTI,mono,traj,JB,0008,117,0.1225232183933258
KITTI,mono,traj,JB,0008,118,0.0
KITTI,mono,traj,JB,0008,119,0.2535647451877594
KITTI,mono,traj,JB,0008,120,0.21011728048324585
KITTI,mono,traj,JB,0008,121,0.0
KITTI,mono,traj,JB,0008,122,0.0
KITTI,mono,traj,JB,0008,123,0.279779314994812
KITTI,mono,traj,JB,0008,124,0.32341715693473816
KITTI,mono,traj,JB,0008,125,0.0
KITTI,mono,traj,JB,0008,126,0.3859325349330902
KITTI,mono,traj,JB,0008,127,0.32054463028907776
KITTI,mono,traj,JB,0008,128,0.18359363079071045
KITTI,mono,traj,JB,0008,129,0.41338446736335754
KITTI,mono,traj,JB,0008,130,0.11879339814186096
KITTI,mono,traj,JB,0008,131,0.32780778408050537
KITTI,mono,traj,JB,0008,132,0.12043881416320801
KITTI,mono,traj,JB,0008,133,0.0
KITTI,mono,traj,JB,0008,134,0.0
KITTI,mono,traj,JB,0008,135,0.3296147584915161
KITTI,mono,traj,JB,0008,136,0.0
KITTI,mono,traj,JB,0008,137,0.15456733107566833
KITTI,mono,traj,JB,0008,138,0.0
KITTI,mono,traj,JB,0008,139,0.0
KITTI,mono,traj,JB,0008,140,0.0
KITTI,mono,traj,JB,0008,141,0.0
KITTI,mono,traj,JB,0008,142,0.2130163311958313
KITTI,mono,traj,JB,0008,143,0.2579107880592346
KITTI,mono,traj,JB,0008,144,0.0
KITTI,mono,traj,JB,0008,145,0.3223196864128113
KITTI,mono,traj,JB,0008,146,0.1520322561264038
KITTI,mono,traj,JB,0008,147,0.4805877208709717
KITTI,mono,traj,JB,0008,148,0.12940272688865662
KITTI,mono,traj,JB,0008,149,0.10123348236083984
KITTI,mono,traj,JB,0008,150,0.0
KITTI,mono,traj,JB,0008,151,0.0
KITTI,mono,traj,JB,0008,152,0.41815388202667236
KITTI,mono,traj,JB,0008,153,0.4185783267021179
KITTI,mono,traj,JB,0008,154,0.4511253535747528
KITTI,mono,traj,JB,0008,155,0.21535074710845947
KITTI,mono,traj,JB,0008,156,0.417873740196228
KITTI,mono,traj,JB,0008,157,0.0
KITTI,mono,traj,JB,0008,158,0.8253104090690613
KITTI,mono,traj,JB,0008,159,0.23863890767097473
KITTI,mono,traj,JB,0008,160,0.41286084055900574
KITTI,mono,traj,JB,0008,161,0.9818349182605743
KITTI,mono,traj,JB,0008,162,0.8280886709690094
KITTI,mono,traj,JB,0008,163,1.2114582061767578
KITTI,mono,traj,JB,0008,164,0.9157610833644867
KITTI,mono,traj,JB,0008,165,1.0302477478981018
KITTI,mono,traj,JB,0008,166,0.2722450792789459
KITTI,mono,traj,JB,0008,167,0.6131179630756378
KITTI,mono,traj,JB,0008,168,0.8998502492904663
KITTI,mono,traj,JB,0008,169,0.6363022923469543
KITTI,mono,traj,JB,0008,170,1.2586728632450104
KITTI,mono,traj,JB,0008,171,0.3061228394508362
KITTI,mono,traj,JB,0008,172,0.3465821146965027
KITTI,mono,traj,JB,0008,173,0.44437459111213684
KITTI,mono,traj,JB,0008,174,0.29544898867607117
KITTI,mono,traj,JB,0008,175,0.7521208822727203
KITTI,mono,traj,JB,0008,176,0.5406164526939392
KITTI,mono,traj,JB,0008,177,0.8639503419399261
KITTI,mono,traj,JB,0008,178,0.27392053604125977
KITTI,mono,traj,JB,0008,179,0.336664080619812
KITTI,mono,traj,JB,0008,180,0.3789403438568115
KITTI,mono,traj,JB,0008,181,0.37079349160194397
KITTI,mono,traj,JB,0008,182,0.2773127853870392
KITTI,mono,traj,JB,0008,183,0.32665249705314636
KITTI,mono,traj,JB,0008,184,0.7972230911254883
KITTI,mono,traj,JB,0008,185,0.4353042542934418
KITTI,mono,traj,JB,0008,186,0.9002532064914703
KITTI,mono,traj,JB,0008,187,1.1708849966526031
KITTI,mono,traj,JB,0008,188,0.7184448838233948
KITTI,mono,traj,JB,0008,189,0.4983298182487488
KITTI,mono,traj,JB,0008,190,0.44634366035461426
KITTI,mono,traj,JB,0008,191,0.42576923966407776
KITTI,mono,traj,JB,0008,192,0.7644277513027191
KITTI,mono,traj,JB,0008,193,0.31855911016464233
KITTI,mono,traj,JB,0008,194,0.4689863622188568
KITTI,mono,traj,JB,0008,195,0.49948814511299133
KITTI,mono,traj,JB,0008,196,0.41602739691734314
KITTI,mono,traj,JB,0008,197,0.32990947365760803
KITTI,mono,traj,JB,0008,198,0.5195630192756653
KITTI,mono,traj,JB,0008,199,0.6620857417583466
KITTI,mono,traj,JB,0008,200,0.33867210149765015
KITTI,mono,traj,JB,0008,201,0.4539031684398651
KITTI,mono,traj,JB,0008,202,0.4175586998462677
KITTI,mono,traj,JB,0008,203,0.13028541207313538
KITTI,mono,traj,JB,0008,204,0.18242552876472473
KITTI,mono,traj,JB,0008,205,0.10894504189491272
KITTI,mono,traj,JB,0008,206,0.5943871736526489
KITTI,mono,traj,JB,0008,207,0.21898514032363892
KITTI,mono,traj,JB,0008,208,0.2848605811595917
KITTI,mono,traj,JB,0008,209,0.21167731285095215
KITTI,mono,traj,JB,0008,210,0.17895588278770447
KITTI,mono,traj,JB,0008,211,0.0
KITTI,mono,traj,JB,0008,212,0.0
KITTI,mono,traj,JB,0008,213,0.35609880089759827
KITTI,mono,traj,JB,0008,214,0.3549151122570038
KITTI,mono,traj,JB,0008,215,0.3957368731498718
KITTI,mono,traj,JB,0008,216,0.31613898277282715
KITTI,mono,traj,JB,0008,217,0.21601152420043945
KITTI,mono,traj,JB,0008,218,0.0
KITTI,mono,traj,JB,0008,219,0.15152934193611145
KITTI,mono,traj,JB,0008,220,0.0
KITTI,mono,traj,JB,0008,221,0.2114168107509613
KITTI,mono,traj,JB,0008,222,0.1795305609703064
KITTI,mono,traj,JB,0008,223,0.11961367726325989
KITTI,mono,traj,JB,0008,224,0.32469937205314636
KITTI,mono,traj,JB,0008,225,0.3488660454750061
KITTI,mono,traj,JB,0008,226,0.0
KITTI,mono,traj,JB,0008,227,0.1041124165058136
KITTI,mono,traj,JB,0008,228,0.36297157406806946
KITTI,mono,traj,JB,0008,229,0.3617630898952484
KITTI,mono,traj,JB,0008,230,0.3825284242630005
KITTI,mono,traj,JB,0008,231,0.29885756969451904
KITTI,mono,traj,JB,0008,232,0.10266399383544922
KITTI,mono,traj,JB,0008,233,0.3614772856235504
KITTI,mono,traj,JB,0008,234,0.1561048924922943
KITTI,mono,traj,JB,0008,235,0.20817893743515015
KITTI,mono,traj,JB,0008,236,0.34964314103126526
KITTI,mono,traj,JB,0008,237,0.16132020950317383
KITTI,mono,traj,JB,0008,238,0.208823561668396
KITTI,mono,traj,JB,0008,239,0.0
KITTI,mono,traj,JB,0008,240,0.0
KITTI,mono,traj,JB,0008,241,0.0
KITTI,mono,traj,JB,0008,242,0.36983469128608704
KITTI,mono,traj,JB,0008,243,0.22829070687294006
KITTI,mono,traj,JB,0008,244,0.22541660070419312
KITTI,mono,traj,JB,0008,245,0.3743388056755066
KITTI,mono,traj,JB,0008,246,0.13296425342559814
KITTI,mono,traj,JB,0008,247,0.1962094008922577
KITTI,mono,traj,JB,0008,248,0.103024423122406
KITTI,mono,traj,JB,0008,249,0.21601152420043945
KITTI,mono,traj,JB,0008,250,0.26250338554382324
KITTI,mono,traj,JB,0008,251,0.3533318042755127
KITTI,mono,traj,JB,0008,252,0.15921741724014282
KITTI,mono,traj,JB,0008,253,0.349835604429245
KITTI,mono,traj,JB,0008,254,0.7261882722377777
KITTI,mono,traj,JB,0008,255,0.11357957124710083
KITTI,mono,traj,JB,0008,256,0.2035425901412964
KITTI,mono,traj,JB,0008,257,0.4661175012588501
KITTI,mono,traj,JB,0008,258,0.43941476941108704
KITTI,mono,traj,JB,0008,259,0.5800365805625916
KITTI,mono,traj,JB,0008,260,0.103024423122406
KITTI,mono,traj,JB,0008,261,0.3740426301956177
KITTI,mono,traj,JB,0008,262,0.17895588278770447
KITTI,mono,traj,JB,0008,263,0.24554681777954102
KITTI,mono,traj,JB,0008,264,0.32613295316696167
KITTI,mono,traj,JB,0008,265,0.2642880082130432
KITTI,mono,traj,JB,0008,266,0.12808823585510254
KITTI,mono,traj,JB,0008,267,0.1755380630493164
KITTI,mono,traj,JB,0008,268,0.289284348487854
KITTI,mono,traj,JB,0008,269,0.0
KITTI,mono,traj,JB,0008,270,0.11476477980613708
KITTI,mono,traj,JB,0008,271,0.0
KITTI,mono,traj,JB,0008,272,0.0
KITTI,mono,traj,JB,0008,273,0.0
KITTI,mono,traj,JB,0008,274,0.13477590680122375
KITTI,mono,traj,JB,0008,275,0.11879339814186096
KITTI,mono,traj,JB,0008,276,0.0
KITTI,mono,traj,JB,0008,277,0.13072866201400757
KITTI,mono,traj,JB,0008,278,0.0
KITTI,mono,traj,JB,0008,279,0.0
KITTI,mono,traj,JB,0008,280,0.3356216549873352
KITTI,mono,traj,JB,0008,281,0.16398024559020996
KITTI,mono,traj,JB,0008,282,0.2465333640575409
KITTI,mono,traj,JB,0008,283,0.1962094008922577
KITTI,mono,traj,JB,0008,284,0.23091977834701538
KITTI,mono,traj,JB,0008,285,0.11556088924407959
KITTI,mono,traj,JB,0008,286,0.11008787155151367
KITTI,mono,traj,JB,0008,287,0.23022675514221191
KITTI,mono,traj,JB,0008,288,0.12336564064025879
KITTI,mono,traj,JB,0008,289,0.0
KITTI,mono,traj,JB,0008,290,0.0
KITTI,mono,traj,JB,0008,291,0.17838266491889954
KITTI,mono,traj,JB,0008,292,0.1259227693080902
KITTI,mono,traj,JB,0008,293,0.0
KITTI,mono,traj,JB,0008,294,0.0
KITTI,mono,traj,JB,0008,295,0.0
KITTI,mono,traj,JB,0008,296,0.0
KITTI,mono,traj,JB,0008,297,0.27788984775543213
KITTI,mono,traj,JB,0008,298,0.0
KITTI,mono,traj,JB,0008,299,0.7142994701862335
KITTI,mono,traj,JB,0008,300,0.23091977834701538
KITTI,mono,traj,JB,0008,301,0.22000709176063538
KITTI,mono,traj,JB,0008,302,0.12421301007270813
KITTI,mono,traj,JB,0008,303,0.4752686023712158
KITTI,mono,traj,JB,0008,304,0.29761213064193726
KITTI,mono,traj,JB,0008,305,0.40799328684806824
KITTI,mono,traj,JB,0008,306,0.6109219491481781
KITTI,mono,traj,JB,0008,307,0.33051276206970215
KITTI,mono,traj,JB,0008,308,0.2776768207550049
KITTI,mono,traj,JB,0008,309,0.15456733107566833
KITTI,mono,traj,JB,0008,310,0.35274291038513184
KITTI,mono,traj,JB,0008,311,0.15869519114494324
KITTI,mono,traj,JB,0008,312,0.13432103395462036
KITTI,mono,traj,JB,0008,313,0.30363285541534424
KITTI,mono,traj,JB,0008,314,0.20689404010772705
KITTI,mono,traj,JB,0008,315,0.4584622085094452
KITTI,mono,traj,JB,0008,316,0.37510228157043457
KITTI,mono,traj,JB,0008,317,0.28043052554130554
KITTI,mono,traj,JB,0008,318,0.1561048924922943
KITTI,mono,traj,JB,0008,319,0.2179974913597107
KITTI,mono,traj,JB,0008,320,0.0
KITTI,mono,traj,JB,0008,321,0.14706450700759888
KITTI,mono,traj,JB,0008,322,0.3948346972465515
KITTI,mono,traj,JB,0008,323,0.21272224187850952
KITTI,mono,traj,JB,0008,324,0.47804513573646545
KITTI,mono,traj,JB,0008,325,0.23524236679077148
KITTI,mono,traj,JB,0008,326,0.42695853114128113
KITTI,mono,traj,JB,0008,327,0.41101598739624023
KITTI,mono,traj,JB,0008,328,0.0
KITTI,mono,traj,JB,0008,329,0.1048433780670166
KITTI,mono,traj,JB,0008,330,0.6636605560779572
KITTI,mono,traj,JB,0008,331,0.2304576337337494
KITTI,mono,traj,JB,0008,332,0.0
KITTI,mono,traj,JB,0008,333,0.9287827908992767
KITTI,mono,traj,JB,0008,334,0.19375687837600708
KITTI,mono,traj,JB,0008,335,0.6102234125137329
KITTI,mono,traj,JB,0008,336,0.38602951169013977
KITTI,mono,traj,JB,0008,337,0.846329540014267
KITTI,mono,traj,JB,0008,338,1.0335895121097565
KITTI,mono,traj,JB,0008,339,0.8210812211036682
KITTI,mono,traj,JB,0008,340,0.47706320881843567
KITTI,mono,traj,JB,0008,341,0.4424951672554016
KITTI,mono,traj,JB,0008,342,0.2877689301967621
KITTI,mono,traj,JB,0008,343,0.12808823585510254
KITTI,mono,traj,JB,0008,344,0.2997051477432251
KITTI,mono,traj,JB,0008,345,0.407005250453949
KITTI,mono,traj,JB,0008,346,0.4568931460380554
KITTI,mono,traj,JB,0008,347,0.13161903619766235
KITTI,mono,traj,JB,0008,348,0.13939636945724487
KITTI,mono,traj,JB,0008,349,0.2604762613773346
KITTI,mono,traj,JB,0008,350,0.4254574775695801
KITTI,mono,traj,JB,0008,351,0.6043242812156677
KITTI,mono,traj,JB,0008,352,0.5557004809379578
KITTI,mono,traj,JB,0008,353,0.24707525968551636
KITTI,mono,traj,JB,0008,354,0.735447108745575
KITTI,mono,traj,JB,0008,355,0.5228602290153503
KITTI,mono,traj,JB,0008,356,0.3895355463027954
KITTI,mono,traj,JB,0008,357,0.56375652551651
KITTI,mono,traj,JB,0008,358,0.5274023413658142
KITTI,mono,traj,JB,0008,359,0.26413360238075256
KITTI,mono,traj,JB,0008,360,0.0
KITTI,mono,traj,JB,0008,361,0.5376569032669067
KITTI,mono,traj,JB,0008,362,0.2583402693271637
KITTI,mono,traj,JB,0008,363,0.3357064127922058
KITTI,mono,traj,JB,0008,364,0.2790590524673462
KITTI,mono,traj,JB,0008,365,0.13706976175308228
KITTI,mono,traj,JB,0008,366,0.29563868045806885
KITTI,mono,traj,JB,0008,367,0.11920291185379028
KITTI,mono,traj,JB,0008,368,0.46379610896110535
KITTI,mono,traj,JB,0008,369,0.11516222357749939
KITTI,mono,traj,JB,0008,370,0.30406585335731506
KITTI,mono,traj,JB,0008,371,0.38565412163734436
KITTI,mono,traj,JB,0008,372,0.22253990173339844
KITTI,mono,traj,JB,0008,373,0.2794061601161957
KITTI,mono,traj,JB,0008,374,0.3000733554363251
KITTI,mono,traj,JB,0008,375,0.2810148000717163
KITTI,mono,traj,JB,0008,376,0.3967822790145874
KITTI,mono,traj,JB,0008,377,0.3935154676437378
KITTI,mono,traj,JB,0008,378,0.2827516198158264
KITTI,mono,traj,JB,0008,379,0.34573784470558167
KITTI,mono,traj,JB,0008,380,0.24210891127586365
KITTI,mono,traj,JB,0008,381,0.23370635509490967
KITTI,mono,traj,JB,0008,382,0.22698235511779785
KITTI,mono,traj,JB,0008,383,0.10230469703674316
KITTI,mono,traj,JB,0008,384,0.12852513790130615
KITTI,mono,traj,JB,0008,385,0.0
KITTI,mono,traj,JB,0008,386,0.3662388026714325
KITTI,mono,traj,JB,0008,387,0.5415566563606262
KITTI,mono,traj,JB,0008,388,0.0
KITTI,mono,traj,JB,0008,389,0.2544681131839752
KITTI,mono,traj,JB,0009,0,0.0
KITTI,mono,traj,JB,0009,1,0.0
KITTI,mono,traj,JB,0009,2,0.15052762627601624
KITTI,mono,traj,JB,0009,3,0.0
KITTI,mono,traj,JB,0009,4,0.0
KITTI,mono,traj,JB,0009,5,0.13117322325706482
KITTI,mono,traj,JB,0009,6,0.22541660070419312
KITTI,mono,traj,JB,0009,7,0.35577264428138733
KITTI,mono,traj,JB,0009,8,0.6646793782711029
KITTI,mono,traj,JB,0009,9,0.5115050971508026
KITTI,mono,traj,JB,0009,10,0.30680039525032043
KITTI,mono,traj,JB,0009,11,0.0
KITTI,mono,traj,JB,0009,12,0.39956459403038025
KITTI,mono,traj,JB,0009,13,0.10338595509529114
KITTI,mono,traj,JB,0009,14,0.3425632417201996
KITTI,mono,traj,JB,0009,15,0.7342464327812195
KITTI,mono,traj,JB,0009,16,0.6312683522701263
KITTI,mono,traj,JB,0009,17,0.3037633001804352
KITTI,mono,traj,JB,0009,18,0.4206426441669464
KITTI,mono,traj,JB,0009,19,0.16184943914413452
KITTI,mono,traj,JB,0009,20,0.2186693549156189
KITTI,mono,traj,JB,0009,21,0.853634238243103
KITTI,mono,traj,JB,0009,22,0.7856290638446808
KITTI,mono,traj,JB,0009,23,0.7747803032398224
KITTI,mono,traj,JB,0009,24,1.1134149730205536
KITTI,mono,traj,JB,0009,25,1.1825174391269684
KITTI,mono,traj,JB,0009,26,1.1356097161769867
KITTI,mono,traj,JB,0009,27,0.38492342829704285
KITTI,mono,traj,JB,0009,28,1.1633380949497223
KITTI,mono,traj,JB,0009,29,1.332908034324646
KITTI,mono,traj,JB,0009,30,0.9562559127807617
KITTI,mono,traj,JB,0009,31,0.43424534797668457
KITTI,mono,traj,JB,0009,32,0.6422143280506134
KITTI,mono,traj,JB,0009,33,0.587296336889267
KITTI,mono,traj,JB,0009,34,0.6833644807338715
KITTI,mono,traj,JB,0009,35,0.8312647938728333
KITTI,mono,traj,JB,0009,36,0.7003623843193054
KITTI,mono,traj,JB,0009,37,1.2037650644779205
KITTI,mono,traj,JB,0009,38,0.2227001190185547
KITTI,mono,traj,JB,0009,39,0.0
KITTI,mono,traj,JB,0009,40,0.8676763772964478
KITTI,mono,traj,JB,0009,41,0.6405758857727051
KITTI,mono,traj,JB,0009,42,0.21385708451271057
KITTI,mono,traj,JB,0009,43,0.13986563682556152
KITTI,mono,traj,JB,0009,44,0.6586296558380127
KITTI,mono,traj,JB,0009,45,0.8080007433891296
KITTI,mono,traj,JB,0009,46,0.9133171439170837
KITTI,mono,traj,JB,0009,47,0.42259976267814636
KITTI,mono,traj,JB,0009,48,0.849696010351181
KITTI,mono,traj,JB,0009,49,1.0194804668426514
KITTI,mono,traj,JB,0009,50,1.75787153840065
KITTI,mono,traj,JB,0009,51,0.735194206237793
KITTI,mono,traj,JB,0009,52,0.3505963683128357
KITTI,mono,traj,JB,0009,53,1.308702439069748
KITTI,mono,traj,JB,0009,54,1.0781084597110748
KITTI,mono,traj,JB,0009,55,0.8951278626918793
KITTI,mono,traj,JB,0009,56,0.6419615745544434
KITTI,mono,traj,JB,0009,57,0.40014347434043884
KITTI,mono,traj,JB,0009,58,0.8869481086730957
KITTI,mono,traj,JB,0009,59,0.46487957239151
KITTI,mono,traj,JB,0009,60,0.4910881519317627
KITTI,mono,traj,JB,0009,61,0.9590269327163696
KITTI,mono,traj,JB,0009,62,0.4345129728317261
KITTI,mono,traj,JB,0009,63,1.055481880903244
KITTI,mono,traj,JB,0009,64,0.10743749141693115
KITTI,mono,traj,JB,0009,65,1.0328267514705658
KITTI,mono,traj,JB,0009,66,0.8114519119262695
KITTI,mono,traj,JB,0009,67,0.6896224617958069
KITTI,mono,traj,JB,0009,68,0.5174798667430878
KITTI,mono,traj,JB,0009,69,0.34379902482032776
KITTI,mono,traj,JB,0009,70,0.6452788412570953
KITTI,mono,traj,JB,0009,71,1.1755844354629517
KITTI,mono,traj,JB,0009,72,0.6677946150302887
KITTI,mono,traj,JB,0009,73,0.37310487031936646
KITTI,mono,traj,JB,0009,74,0.309245228767395
KITTI,mono,traj,JB,0009,75,0.22541660070419312
KITTI,mono,traj,JB,0009,76,0.5724062919616699
KITTI,mono,traj,JB,0009,77,0.7355259656906128
KITTI,mono,traj,JB,0009,78,0.3524816334247589
KITTI,mono,traj,JB,0009,79,0.20370754599571228
KITTI,mono,traj,JB,0009,80,0.22213193774223328
KITTI,mono,traj,JB,0009,81,0.7409916520118713
KITTI,mono,traj,JB,0009,82,0.16830945014953613
KITTI,mono,traj,JB,0009,83,0.17328819632530212
KITTI,mono,traj,JB,0009,84,0.43528035283088684
KITTI,mono,traj,JB,0009,85,0.22135066986083984
KITTI,mono,traj,JB,0009,86,0.44871029257774353
KITTI,mono,traj,JB,0009,87,0.34178516268730164
KITTI,mono,traj,JB,0009,88,0.4642235338687897
KITTI,mono,traj,JB,0009,89,0.3317354619503021
KITTI,mono,traj,JB,0009,90,0.7349432706832886
KITTI,mono,traj,JB,0009,91,0.44664815068244934
KITTI,mono,traj,JB,0009,92,0.33423325419425964
KITTI,mono,traj,JB,0009,93,0.4514181911945343
KITTI,mono,traj,JB,0009,94,0.6277346611022949
KITTI,mono,traj,JB,0009,95,0.18359363079071045
KITTI,mono,traj,JB,0009,96,0.9660432934761047
KITTI,mono,traj,JB,0009,97,0.6104738712310791
KITTI,mono,traj,JB,0009,98,1.0836965441703796
KITTI,mono,traj,JB,0009,99,1.0592164397239685
KITTI,mono,traj,JB,0009,100,0.15921741724014282
KITTI,mono,traj,JB,0009,101,0.7693119943141937
KITTI,mono,traj,JB,0009,102,0.4114729166030884
KITTI,mono,traj,JB,0009,103,0.88324373960495
KITTI,mono,traj,JB,0009,104,0.2654177248477936
KITTI,mono,traj,JB,0009,105,0.557344526052475
KITTI,mono,traj,JB,0009,106,0.99457648396492
KITTI,mono,traj,JB,0009,107,0.7307238578796387
KITTI,mono,traj,JB,0009,108,0.6641282737255096
KITTI,mono,traj,JB,0009,109,1.2683263421058655
KITTI,mono,traj,JB,0009,110,0.49544814229011536
KITTI,mono,traj,JB,0009,111,0.24609890580177307
KITTI,mono,traj,JB,0009,112,0.5611715614795685
KITTI,mono,traj,JB,0009,113,0.6722640991210938
KITTI,mono,traj,JB,0009,114,0.9432547092437744
KITTI,mono,traj,JB,0009,115,0.9576767683029175
KITTI,mono,traj,JB,0009,116,0.6303269267082214
KITTI,mono,traj,JB,0009,117,1.043606549501419
KITTI,mono,traj,JB,0009,118,0.3048825263977051
KITTI,mono,traj,JB,0009,119,1.3000347018241882
KITTI,mono,traj,JB,0009,120,1.2196062803268433
KITTI,mono,traj,JB,0009,121,0.7095988094806671
KITTI,mono,traj,JB,0009,122,0.610984206199646
KITTI,mono,traj,JB,0009,123,0.37892356514930725
KITTI,mono,traj,JB,0009,124,0.5694796741008759
KITTI,mono,traj,JB,0009,125,0.2802094519138336
KITTI,mono,traj,JB,0009,126,0.10158944129943848
KITTI,mono,traj,JB,0009,127,0.0
KITTI,mono,traj,JB,0009,128,0.3953744173049927
KITTI,mono,traj,JB,0009,129,0.0
KITTI,mono,traj,JB,0009,130,0.10557883977890015
KITTI,mono,traj,JB,0009,131,0.5482567548751831
KITTI,mono,traj,JB,0009,132,0.8300138115882874
KITTI,mono,traj,JB,0009,133,1.1831704378128052
KITTI,mono,traj,JB,0009,134,0.455485999584198
KITTI,mono,traj,JB,0009,135,0.7037492990493774
KITTI,mono,traj,JB,0009,136,0.5779776573181152
KITTI,mono,traj,JB,0009,137,0.9744849503040314
KITTI,mono,traj,JB,0009,138,1.4049111008644104
KITTI,mono,traj,JB,0009,139,0.6647375822067261
KITTI,mono,traj,JB,0009,140,0.6429862678050995
KITTI,mono,traj,JB,0009,141,0.7459729015827179
KITTI,mono,traj,JB,0009,142,0.9070190191268921
KITTI,mono,traj,JB,0009,143,0.6289687752723694
KITTI,mono,traj,JB,0009,144,0.5267260372638702
KITTI,mono,traj,JB,0009,145,0.32787829637527466
KITTI,mono,traj,JB,0009,146,1.160720407962799
KITTI,mono,traj,JB,0009,147,1.0734811425209045
KITTI,mono,traj,JB,0009,148,1.494902789592743
KITTI,mono,traj,JB,0009,149,0.9185280203819275
KITTI,mono,traj,JB,0009,150,0.7853861451148987
KITTI,mono,traj,JB,0009,151,0.5841473340988159
KITTI,mono,traj,JB,0009,152,0.35434600710868835
KITTI,mono,traj,JB,0009,153,0.7507289350032806
KITTI,mono,traj,JB,0009,154,0.6666589379310608
KITTI,mono,traj,JB,0009,155,0.46057167649269104
KITTI,mono,traj,JB,0009,156,0.7630968391895294
KITTI,mono,traj,JB,0009,157,0.4583737850189209
KITTI,mono,traj,JB,0009,158,0.9972220063209534
KITTI,mono,traj,JB,0009,159,0.6550515294075012
KITTI,mono,traj,JB,0009,160,0.9255038201808929
KITTI,mono,traj,JB,0009,161,1.226639211177826
KITTI,mono,traj,JB,0009,162,1.0066925585269928
KITTI,mono,traj,JB,0009,163,0.8729959428310394
KITTI,mono,traj,JB,0009,164,1.2425771355628967
KITTI,mono,traj,JB,0009,165,0.8088155388832092
KITTI,mono,traj,JB,0009,166,0.7275146543979645
KITTI,mono,traj,JB,0009,167,0.8861283957958221
KITTI,mono,traj,JB,0009,168,0.6232664585113525
KITTI,mono,traj,JB,0009,169,1.3164042532444
KITTI,mono,traj,JB,0009,170,0.8350884914398193
KITTI,mono,traj,JB,0009,171,0.6210859715938568
KITTI,mono,traj,JB,0009,172,0.8067645728588104
KITTI,mono,traj,JB,0009,173,0.6188900768756866
KITTI,mono,traj,JB,0009,174,0.7538712024688721
KITTI,mono,traj,JB,0009,175,0.5555177330970764
KITTI,mono,traj,JB,0009,176,0.3808315098285675
KITTI,mono,traj,JB,0009,177,0.48131299018859863
KITTI,mono,traj,JB,0009,178,0.3657020330429077
KITTI,mono,traj,JB,0009,179,0.8406851887702942
KITTI,mono,traj,JB,0009,180,0.9911483824253082
KITTI,mono,traj,JB,0009,181,0.5366628766059875
KITTI,mono,traj,JB,0009,182,0.7628961205482483
KITTI,mono,traj,JB,0009,183,0.7346995174884796
KITTI,mono,traj,JB,0009,184,0.9355370700359344
KITTI,mono,traj,JB,0009,185,1.1809976398944855
KITTI,mono,traj,JB,0009,186,0.6041019558906555
KITTI,mono,traj,JB,0009,187,0.7059147655963898
KITTI,mono,traj,JB,0009,188,0.7314474880695343
KITTI,mono,traj,JB,0009,189,0.44085976481437683
KITTI,mono,traj,JB,0009,190,0.6694565117359161
KITTI,mono,traj,JB,0009,191,0.5098729133605957
KITTI,mono,traj,JB,0009,192,0.6866636574268341
KITTI,mono,traj,JB,0009,193,0.8536532521247864
KITTI,mono,traj,JB,0009,194,1.1477912366390228
KITTI,mono,traj,JB,0009,195,1.4273374676704407
KITTI,mono,traj,JB,0009,196,1.6162235736846924
KITTI,mono,traj,JB,0009,197,0.7970888912677765
KITTI,mono,traj,JB,0009,198,0.2965833246707916
KITTI,mono,traj,JB,0009,199,0.41382524371147156
KITTI,mono,traj,JB,0009,200,0.25800570845603943
KITTI,mono,traj,JB,0009,201,0.4462583363056183
KITTI,mono,traj,JB,0009,202,1.2134877443313599
KITTI,mono,traj,JB,0009,203,2.104556232690811
KITTI,mono,traj,JB,0009,204,2.324725717306137
KITTI,mono,traj,JB,0009,205,1.9886594712734222
KITTI,mono,traj,JB,0009,206,1.6191825866699219
KITTI,mono,traj,JB,0009,207,0.4245028495788574
KITTI,mono,traj,JB,0009,208,0.7061163485050201
KITTI,mono,traj,JB,0009,209,1.256810873746872
KITTI,mono,traj,JB,0009,210,0.6049748659133911
KITTI,mono,traj,JB,0009,211,0.48477357625961304
KITTI,mono,traj,JB,0009,212,0.9559473693370819
KITTI,mono,traj,JB,0009,213,1.3731336295604706
KITTI,mono,traj,JB,0009,214,1.358195185661316
KITTI,mono,traj,JB,0009,215,0.3777065873146057
KITTI,mono,traj,JB,0009,216,1.5441591441631317
KITTI,mono,traj,JB,0009,217,0.6500003039836884
KITTI,mono,traj,JB,0009,218,0.7675701975822449
KITTI,mono,traj,JB,0009,219,2.7479635179042816
KITTI,mono,traj,JB,0009,220,1.7417316436767578
KITTI,mono,traj,JB,0009,221,0.7602346241474152
KITTI,mono,traj,JB,0009,222,1.3076051771640778
KITTI,mono,traj,JB,0009,223,1.5150994062423706
KITTI,mono,traj,JB,0009,224,1.5159854888916016
KITTI,mono,traj,JB,0009,225,1.1693024635314941
KITTI,mono,traj,JB,0009,226,1.30003622174263
KITTI,mono,traj,JB,0009,227,0.8315021991729736
KITTI,mono,traj,JB,0009,228,1.7096876502037048
KITTI,mono,traj,JB,0009,229,2.4639990031719208
KITTI,mono,traj,JB,0009,230,1.7853496372699738
KITTI,mono,traj,JB,0009,231,1.4964598715305328
KITTI,mono,traj,JB,0009,232,0.7121665775775909
KITTI,mono,traj,JB,0009,233,0.7867729365825653
KITTI,mono,traj,JB,0009,234,1.227723240852356
KITTI,mono,traj,JB,0009,235,1.5822360217571259
KITTI,mono,traj,JB,0009,236,0.8069968819618225
KITTI,mono,traj,JB,0009,237,1.0523835122585297
KITTI,mono,traj,JB,0009,238,1.1674003899097443
KITTI,mono,traj,JB,0009,239,1.7373997867107391
KITTI,mono,traj,JB,0009,240,1.645562320947647
KITTI,mono,traj,JB,0009,241,1.6670774221420288
KITTI,mono,traj,JB,0009,242,1.5644797682762146
KITTI,mono,traj,JB,0009,243,0.1352320909500122
KITTI,mono,traj,JB,0009,244,0.690746933221817
KITTI,mono,traj,JB,0009,245,0.40576258301734924
KITTI,mono,traj,JB,0009,246,0.6415923237800598
KITTI,mono,traj,JB,0009,247,1.2417822182178497
KITTI,mono,traj,JB,0009,248,1.1086292564868927
KITTI,mono,traj,JB,0009,249,0.47891420125961304
KITTI,mono,traj,JB,0009,250,0.6397204995155334
KITTI,mono,traj,JB,0009,251,1.5305311977863312
KITTI,mono,traj,JB,0009,252,0.8485755026340485
KITTI,mono,traj,JB,0009,253,0.5294089615345001
KITTI,mono,traj,JB,0009,254,0.7876363396644592
KITTI,mono,traj,JB,0009,255,0.5485842525959015
KITTI,mono,traj,JB,0009,256,0.6464858055114746
KITTI,mono,traj,JB,0009,257,0.6408062279224396
KITTI,mono,traj,JB,0009,258,0.5895972549915314
KITTI,mono,traj,JB,0009,259,0.34137630462646484
KITTI,mono,traj,JB,0009,260,0.6782305240631104
KITTI,mono,traj,JB,0009,261,0.5846782028675079
KITTI,mono,traj,JB,0009,262,0.25356703996658325
KITTI,mono,traj,JB,0009,263,0.27468666434288025
KITTI,mono,traj,JB,0009,264,0.37331557273864746
KITTI,mono,traj,JB,0009,265,0.16451644897460938
KITTI,mono,traj,JB,0009,266,0.0
KITTI,mono,traj,JB,0009,267,0.2173374891281128
KITTI,mono,traj,JB,0009,268,0.140336275100708
KITTI,mono,traj,JB,0009,269,0.0
KITTI,mono,traj,JB,0009,270,0.0
KITTI,mono,traj,JB,0009,271,0.0
KITTI,mono,traj,JB,0009,272,0.15102779865264893
KITTI,mono,traj,JB,0009,273,0.0
KITTI,mono,traj,JB,0009,274,0.0
KITTI,mono,traj,JB,0009,275,0.0
KITTI,mono,traj,JB,0009,276,0.0
KITTI,mono,traj,JB,0009,277,0.0
KITTI,mono,traj,JB,0009,278,0.0
KITTI,mono,traj,JB,0009,279,0.140336275100708
KITTI,mono,traj,JB,0009,280,0.0
KITTI,mono,traj,JB,0009,281,0.0
KITTI,mono,traj,JB,0009,282,0.10970577597618103
KITTI,mono,traj,JB,0009,283,0.22541660070419312
KITTI,mono,traj,JB,0009,284,0.10970577597618103
KITTI,mono,traj,JB,0009,285,0.0
KITTI,mono,traj,JB,0009,286,0.0
KITTI,mono,traj,JB,0009,287,0.14953139424324036
KITTI,mono,traj,JB,0009,288,0.0
KITTI,mono,traj,JB,0009,289,0.0
KITTI,mono,traj,JB,0009,290,0.0
KITTI,mono,traj,JB,0009,291,0.0
KITTI,mono,traj,JB,0009,292,0.0
KITTI,mono,traj,JB,0009,293,0.0
KITTI,mono,traj,JB,0009,294,0.0
KITTI,mono,traj,JB,0009,295,0.0
KITTI,mono,traj,JB,0009,296,0.0
KITTI,mono,traj,JB,0009,297,0.0
KITTI,mono,traj,JB,0009,298,0.0
KITTI,mono,traj,JB,0009,299,0.0
KITTI,mono,traj,JB,0009,300,0.0
KITTI,mono,traj,JB,0009,301,0.0
KITTI,mono,traj,JB,0009,302,0.13477590680122375
KITTI,mono,traj,JB,0009,303,0.0
KITTI,mono,traj,JB,0009,304,0.0
KITTI,mono,traj,JB,0009,305,0.0
KITTI,mono,traj,JB,0009,306,0.0
KITTI,mono,traj,JB,0009,307,0.0
KITTI,mono,traj,JB,0009,308,0.0
KITTI,mono,traj,JB,0009,309,0.0
KITTI,mono,traj,JB,0009,310,0.0
KITTI,mono,traj,JB,0009,311,0.0
KITTI,mono,traj,JB,0009,312,0.0
KITTI,mono,traj,JB,0009,313,0.0
KITTI,mono,traj,JB,0009,314,0.0
KITTI,mono,traj,JB,0009,315,0.0
KITTI,mono,traj,JB,0009,316,0.0
KITTI,mono,traj,JB,0009,317,0.0
KITTI,mono,traj,JB,0009,318,0.0
KITTI,mono,traj,JB,0009,319,0.0
KITTI,mono,traj,JB,0009,320,0.0
KITTI,mono,traj,JB,0009,321,0.0
KITTI,mono,traj,JB,0009,322,0.0
KITTI,mono,traj,JB,0009,323,0.0
KITTI,mono,traj,JB,0009,324,0.0
KITTI,mono,traj,JB,0009,325,0.0
KITTI,mono,traj,JB,0009,326,0.0
KITTI,mono,traj,JB,0009,327,0.0
KITTI,mono,traj,JB,0009,328,0.0
KITTI,mono,traj,JB,0009,329,0.0
KITTI,mono,traj,JB,0009,330,0.0
KITTI,mono,traj,JB,0009,331,0.2351083755493164
KITTI,mono,traj,JB,0009,332,0.0
KITTI,mono,traj,JB,0009,333,0.0
KITTI,mono,traj,JB,0009,334,0.0
KITTI,mono,traj,JB,0009,335,0.0
KITTI,mono,traj,JB,0009,336,0.0
KITTI,mono,traj,JB,0009,337,0.0
KITTI,mono,traj,JB,0009,338,0.0
KITTI,mono,traj,JB,0009,339,0.0
KITTI,mono,traj,JB,0009,340,0.1666753888130188
KITTI,mono,traj,JB,0009,341,0.13939636945724487
KITTI,mono,traj,JB,0009,342,0.0
KITTI,mono,traj,JB,0009,343,0.0
KITTI,mono,traj,JB,0009,344,0.0
KITTI,mono,traj,JB,0009,345,0.0
KITTI,mono,traj,JB,0009,346,0.0
KITTI,mono,traj,JB,0009,347,0.0
KITTI,mono,traj,JB,0009,348,0.0
KITTI,mono,traj,JB,0009,349,0.0
KITTI,mono,traj,JB,0009,350,0.0
KITTI,mono,traj,JB,0009,351,0.0
KITTI,mono,traj,JB,0009,352,0.0
KITTI,mono,traj,JB,0009,353,0.0
KITTI,mono,traj,JB,0009,354,0.0
KITTI,mono,traj,JB,0009,355,0.0
KITTI,mono,traj,JB,0009,356,0.0
KITTI,mono,traj,JB,0009,357,0.0
KITTI,mono,traj,JB,0009,358,0.0
KITTI,mono,traj,JB,0009,359,0.0
KITTI,mono,traj,JB,0009,360,0.0
KITTI,mono,traj,JB,0009,361,0.0
KITTI,mono,traj,JB,0009,362,0.0
KITTI,mono,traj,JB,0009,363,0.0
KITTI,mono,traj,JB,0009,364,0.0
KITTI,mono,traj,JB,0009,365,0.0
KITTI,mono,traj,JB,0009,366,0.0
KITTI,mono,traj,JB,0009,367,0.0
KITTI,mono,traj,JB,0009,368,0.0
KITTI,mono,traj,JB,0009,369,0.0
KITTI,mono,traj,JB,0009,370,0.0
KITTI,mono,traj,JB,0009,371,0.0
KITTI,mono,traj,JB,0009,372,0.0
KITTI,mono,traj,JB,0009,373,0.0
KITTI,mono,traj,JB,0009,374,0.0
KITTI,mono,traj,JB,0009,375,0.0
KITTI,mono,traj,JB,0009,376,0.0
KITTI,mono,traj,JB,0009,377,0.0
KITTI,mono,traj,JB,0009,378,0.0
KITTI,mono,traj,JB,0009,379,0.0
KITTI,mono,traj,JB,0009,380,0.0
KITTI,mono,traj,JB,0009,381,0.0
KITTI,mono,traj,JB,0009,382,0.0
KITTI,mono,traj,JB,0009,383,0.0
KITTI,mono,traj,JB,0009,384,0.0
KITTI,mono,traj,JB,0009,385,0.0
KITTI,mono,traj,JB,0009,386,0.0
KITTI,mono,traj,JB,0009,387,0.15456733107566833
KITTI,mono,traj,JB,0009,388,0.0
KITTI,mono,traj,JB,0009,389,0.0
KITTI,mono,traj,JB,0009,390,0.103024423122406
KITTI,mono,traj,JB,0009,391,0.14318770170211792
KITTI,mono,traj,JB,0009,392,0.14223188161849976
KITTI,mono,traj,JB,0009,393,0.0
KITTI,mono,traj,JB,0009,394,0.0
KITTI,mono,traj,JB,0009,395,0.2146914005279541
KITTI,mono,traj,JB,0009,396,0.15559101104736328
KITTI,mono,traj,JB,0009,397,0.0
KITTI,mono,traj,JB,0009,398,0.11879339814186096
KITTI,mono,traj,JB,0009,399,0.0
KITTI,mono,traj,JB,0009,400,0.20370754599571228
KITTI,mono,traj,JB,0009,401,0.10557883977890015
KITTI,mono,traj,JB,0009,402,0.11838510632514954
KITTI,mono,traj,JB,0009,403,0.0
KITTI,mono,traj,JB,0009,404,0.0
KITTI,mono,traj,JB,0009,405,0.0
KITTI,mono,traj,JB,0009,406,0.0
KITTI,mono,traj,JB,0009,407,0.0
KITTI,mono,traj,JB,0009,408,0.0
KITTI,mono,traj,JB,0009,409,0.0
KITTI,mono,traj,JB,0009,410,0.0
KITTI,mono,traj,JB,0009,411,0.0
KITTI,mono,traj,JB,0009,412,0.0
KITTI,mono,traj,JB,0009,413,0.0
KITTI,mono,traj,JB,0009,414,0.0
KITTI,mono,traj,JB,0009,415,0.0
KITTI,mono,traj,JB,0009,416,0.0
KITTI,mono,traj,JB,0009,417,0.0
KITTI,mono,traj,JB,0009,418,0.0
KITTI,mono,traj,JB,0009,419,0.0
KITTI,mono,traj,JB,0009,420,0.0
KITTI,mono,traj,JB,0009,421,0.0
KITTI,mono,traj,JB,0009,422,0.0
KITTI,mono,traj,JB,0009,423,0.0
KITTI,mono,traj,JB,0009,424,0.0
KITTI,mono,traj,JB,0009,425,0.0
KITTI,mono,traj,JB,0009,426,0.0
KITTI,mono,traj,JB,0009,427,0.0
KITTI,mono,traj,JB,0009,428,0.0
KITTI,mono,traj,JB,0009,429,0.0
KITTI,mono,traj,JB,0009,430,0.0
KITTI,mono,traj,JB,0009,431,0.0
KITTI,mono,traj,JB,0009,432,0.0
KITTI,mono,traj,JB,0009,433,0.0
KITTI,mono,traj,JB,0009,434,0.0
KITTI,mono,traj,JB,0009,435,0.0
KITTI,mono,traj,JB,0009,436,0.0
KITTI,mono,traj,JB,0009,437,0.0
KITTI,mono,traj,JB,0009,438,0.0
KITTI,mono,traj,JB,0009,439,0.0
KITTI,mono,traj,JB,0009,440,0.0
KITTI,mono,traj,JB,0009,441,0.0
KITTI,mono,traj,JB,0009,442,0.0
KITTI,mono,traj,JB,0009,443,0.0
KITTI,mono,traj,JB,0009,444,0.0
KITTI,mono,traj,JB,0009,445,0.0
KITTI,mono,traj,JB,0009,446,0.0
KITTI,mono,traj,JB,0009,447,0.0
KITTI,mono,traj,JB,0009,448,0.0
KITTI,mono,traj,JB,0009,449,0.0
KITTI,mono,traj,JB,0009,450,0.0
KITTI,mono,traj,JB,0009,451,0.0
KITTI,mono,traj,JB,0009,452,0.0
KITTI,mono,traj,JB,0009,453,0.0
KITTI,mono,traj,JB,0009,454,0.0
KITTI,mono,traj,JB,0009,455,0.0
KITTI,mono,traj,JB,0009,456,0.0
KITTI,mono,traj,JB,0009,457,0.13117322325706482
KITTI,mono,traj,JB,0009,458,0.0
KITTI,mono,traj,JB,0009,459,0.0
KITTI,mono,traj,JB,0009,460,0.13477590680122375
KITTI,mono,traj,JB,0009,461,0.0
KITTI,mono,traj,JB,0009,462,0.0
KITTI,mono,traj,JB,0009,463,0.0
KITTI,mono,traj,JB,0009,464,0.0
KITTI,mono,traj,JB,0009,465,0.0
KITTI,mono,traj,JB,0009,466,0.0
KITTI,mono,traj,JB,0009,467,0.0
KITTI,mono,traj,JB,0009,468,0.0
KITTI,mono,traj,JB,0009,469,0.0
KITTI,mono,traj,JB,0009,470,0.0
KITTI,mono,traj,JB,0009,471,0.0
KITTI,mono,traj,JB,0009,472,0.0
KITTI,mono,traj,JB,0009,473,0.0
KITTI,mono,traj,JB,0009,474,0.0
KITTI,mono,traj,JB,0009,475,0.0
KITTI,mono,traj,JB,0009,476,0.0
KITTI,mono,traj,JB,0009,477,0.0
KITTI,mono,traj,JB,0009,478,0.0
KITTI,mono,traj,JB,0009,479,0.0
KITTI,mono,traj,JB,0009,480,0.0
KITTI,mono,traj,JB,0009,481,0.0
KITTI,mono,traj,JB,0009,482,0.0
KITTI,mono,traj,JB,0009,483,0.0
KITTI,mono,traj,JB,0009,484,0.0
KITTI,mono,traj,JB,0009,485,0.0
KITTI,mono,traj,JB,0009,486,0.0
KITTI,mono,traj,JB,0009,487,0.0
KITTI,mono,traj,JB,0009,488,0.13028541207313538
KITTI,mono,traj,JB,0009,489,0.0
KITTI,mono,traj,JB,0009,490,0.0
KITTI,mono,traj,JB,0009,491,0.0
KITTI,mono,traj,JB,0009,492,0.0
KITTI,mono,traj,JB,0009,493,0.0
KITTI,mono,traj,JB,0009,494,0.0
KITTI,mono,traj,JB,0009,495,0.0
KITTI,mono,traj,JB,0009,496,0.0
KITTI,mono,traj,JB,0009,497,0.0
KITTI,mono,traj,JB,0009,498,0.0
KITTI,mono,traj,JB,0009,499,0.0
KITTI,mono,traj,JB,0009,500,0.0
KITTI,mono,traj,JB,0009,501,0.0
KITTI,mono,traj,JB,0009,502,0.0
KITTI,mono,traj,JB,0009,503,0.0
KITTI,mono,traj,JB,0009,504,0.0
KITTI,mono,traj,JB,0009,505,0.0
KITTI,mono,traj,JB,0009,506,0.0
KITTI,mono,traj,JB,0009,507,0.12940272688865662
KITTI,mono,traj,JB,0009,508,0.0
KITTI,mono,traj,JB,0009,509,0.0
KITTI,mono,traj,JB,0009,510,0.11920291185379028
KITTI,mono,traj,JB,0009,511,0.1225232183933258
KITTI,mono,traj,JB,0009,512,0.0
KITTI,mono,traj,JB,0009,513,0.0
KITTI,mono,traj,JB,0009,514,0.0
KITTI,mono,traj,JB,0009,515,0.0
KITTI,mono,traj,JB,0009,516,0.0
KITTI,mono,traj,JB,0009,517,0.0
KITTI,mono,traj,JB,0009,518,0.0
KITTI,mono,traj,JB,0009,519,0.0
KITTI,mono,traj,JB,0009,520,0.0
KITTI,mono,traj,JB,0009,521,0.0
KITTI,mono,traj,JB,0009,522,0.0
KITTI,mono,traj,JB,0009,523,0.0
KITTI,mono,traj,JB,0009,524,0.0
KITTI,mono,traj,JB,0009,525,0.0
KITTI,mono,traj,JB,0009,526,0.0
KITTI,mono,traj,JB,0009,527,0.0
KITTI,mono,traj,JB,0009,528,0.0
KITTI,mono,traj,JB,0009,529,0.0
KITTI,mono,traj,JB,0009,530,0.0
KITTI,mono,traj,JB,0009,531,0.0
KITTI,mono,traj,JB,0009,532,0.0
KITTI,mono,traj,JB,0009,533,0.0
KITTI,mono,traj,JB,0009,534,0.0
KITTI,mono,traj,JB,0009,535,0.0
KITTI,mono,traj,JB,0009,536,0.0
KITTI,mono,traj,JB,0009,537,0.0
KITTI,mono,traj,JB,0009,538,0.0
KITTI,mono,traj,JB,0009,539,0.0
KITTI,mono,traj,JB,0009,540,0.0
KITTI,mono,traj,JB,0009,541,0.0
KITTI,mono,traj,JB,0009,542,0.0
KITTI,mono,traj,JB,0009,543,0.0
KITTI,mono,traj,JB,0009,544,0.11676400899887085
KITTI,mono,traj,JB,0009,545,0.1581743359565735
KITTI,mono,traj,JB,0009,546,0.0
KITTI,mono,traj,JB,0009,547,0.0
KITTI,mono,traj,JB,0009,548,0.23651623725891113
KITTI,mono,traj,JB,0009,549,0.15713685750961304
KITTI,mono,traj,JB,0009,550,0.0
KITTI,mono,traj,JB,0009,551,0.0
KITTI,mono,traj,JB,0009,552,0.0
KITTI,mono,traj,JB,0009,553,0.0
KITTI,mono,traj,JB,0009,554,0.0
KITTI,mono,traj,JB,0009,555,0.11279541254043579
KITTI,mono,traj,JB,0009,556,0.0
KITTI,mono,traj,JB,0009,557,0.0
KITTI,mono,traj,JB,0009,558,0.0
KITTI,mono,traj,JB,0009,559,0.0
KITTI,mono,traj,JB,0009,560,0.0
KITTI,mono,traj,JB,0009,561,0.0
KITTI,mono,traj,JB,0009,562,0.0
KITTI,mono,traj,JB,0009,563,0.0
KITTI,mono,traj,JB,0009,564,0.0
KITTI,mono,traj,JB,0009,565,0.0
KITTI,mono,traj,JB,0009,566,0.0
KITTI,mono,traj,JB,0009,567,0.0
KITTI,mono,traj,JB,0009,568,0.0
KITTI,mono,traj,JB,0009,569,0.0
KITTI,mono,traj,JB,0009,570,0.0
KITTI,mono,traj,JB,0009,571,0.0
KITTI,mono,traj,JB,0009,572,0.0
KITTI,mono,traj,JB,0009,573,0.0
KITTI,mono,traj,JB,0009,574,0.0
KITTI,mono,traj,JB,0009,575,0.0
KITTI,mono,traj,JB,0009,576,0.0
KITTI,mono,traj,JB,0009,577,0.0
KITTI,mono,traj,JB,0009,578,0.0
KITTI,mono,traj,JB,0009,579,0.0
KITTI,mono,traj,JB,0009,580,0.1250653862953186
KITTI,mono,traj,JB,0009,581,0.0
KITTI,mono,traj,JB,0009,582,0.13296425342559814
KITTI,mono,traj,JB,0009,583,0.0
KITTI,mono,traj,JB,0009,584,0.0
KITTI,mono,traj,JB,0009,585,0.0
KITTI,mono,traj,JB,0009,586,0.1520322561264038
KITTI,mono,traj,JB,0009,587,0.0
KITTI,mono,traj,JB,0009,588,0.0
KITTI,mono,traj,JB,0009,589,0.0
KITTI,mono,traj,JB,0009,590,0.10970577597618103
KITTI,mono,traj,JB,0009,591,0.0
KITTI,mono,traj,JB,0009,592,0.0
KITTI,mono,traj,JB,0009,593,0.0
KITTI,mono,traj,JB,0009,594,0.0
KITTI,mono,traj,JB,0009,595,0.0
KITTI,mono,traj,JB,0009,596,0.0
KITTI,mono,traj,JB,0009,597,0.0
KITTI,mono,traj,JB,0009,598,0.0
KITTI,mono,traj,JB,0009,599,0.0
KITTI,mono,traj,JB,0009,600,0.13846176862716675
KITTI,mono,traj,JB,0009,601,0.184767484664917
KITTI,mono,traj,JB,0009,602,0.167763352394104
KITTI,mono,traj,JB,0009,603,0.14706450700759888
KITTI,mono,traj,JB,0009,604,0.0
KITTI,mono,traj,JB,0009,605,0.0
KITTI,mono,traj,JB,0009,606,0.0
KITTI,mono,traj,JB,0009,607,0.0
KITTI,mono,traj,JB,0009,608,0.0
KITTI,mono,traj,JB,0009,609,0.0
KITTI,mono,traj,JB,0009,610,0.0
KITTI,mono,traj,JB,0009,611,0.0
KITTI,mono,traj,JB,0009,612,0.0
KITTI,mono,traj,JB,0009,613,0.0
KITTI,mono,traj,JB,0009,614,0.0
KITTI,mono,traj,JB,0009,615,0.10158944129943848
KITTI,mono,traj,JB,0009,616,0.0
KITTI,mono,traj,JB,0009,617,0.0
KITTI,mono,traj,JB,0009,618,0.0
KITTI,mono,traj,JB,0009,619,0.0
KITTI,mono,traj,JB,0009,620,0.0
KITTI,mono,traj,JB,0009,621,0.0
KITTI,mono,traj,JB,0009,622,0.0
KITTI,mono,traj,JB,0009,623,0.0
KITTI,mono,traj,JB,0009,624,0.0
KITTI,mono,traj,JB,0009,625,0.0
KITTI,mono,traj,JB,0009,626,0.0
KITTI,mono,traj,JB,0009,627,0.0
KITTI,mono,traj,JB,0009,628,0.0
KITTI,mono,traj,JB,0009,629,0.0
KITTI,mono,traj,JB,0009,630,0.0
KITTI,mono,traj,JB,0009,631,0.0
KITTI,mono,traj,JB,0009,632,0.0
KITTI,mono,traj,JB,0009,633,0.0
KITTI,mono,traj,JB,0009,634,0.0
KITTI,mono,traj,JB,0009,635,0.0
KITTI,mono,traj,JB,0009,636,0.0
KITTI,mono,traj,JB,0009,637,0.1259227693080902
KITTI,mono,traj,JB,0009,638,0.1705079972743988
KITTI,mono,traj,JB,0009,639,0.3236480951309204
KITTI,mono,traj,JB,0009,640,0.3302522897720337
KITTI,mono,traj,JB,0009,641,0.1540575623512268
KITTI,mono,traj,JB,0009,642,0.18713268637657166
KITTI,mono,traj,JB,0009,643,0.10818895697593689
KITTI,mono,traj,JB,0009,644,0.22135066986083984
KITTI,mono,traj,JB,0009,645,0.20625382661819458
KITTI,mono,traj,JB,0009,646,0.0
KITTI,mono,traj,JB,0009,647,0.36359816789627075
KITTI,mono,traj,JB,0009,648,0.2120688259601593
KITTI,mono,traj,JB,0009,649,0.4959806203842163
KITTI,mono,traj,JB,0009,650,0.34948527812957764
KITTI,mono,traj,JB,0009,651,0.0
KITTI,mono,traj,JB,0009,652,0.0
KITTI,mono,traj,JB,0009,653,0.16398024559020996
KITTI,mono,traj,JB,0009,654,0.26500204205513
KITTI,mono,traj,JB,0009,655,0.0
KITTI,mono,traj,JB,0009,656,0.0
KITTI,mono,traj,JB,0009,657,0.0
KITTI,mono,traj,JB,0009,658,0.0
KITTI,mono,traj,JB,0009,659,0.0
KITTI,mono,traj,JB,0009,660,0.17895588278770447
KITTI,mono,traj,JB,0009,661,0.2448522448539734
KITTI,mono,traj,JB,0009,662,0.0
KITTI,mono,traj,JB,0009,663,0.0
KITTI,mono,traj,JB,0009,664,0.0
KITTI,mono,traj,JB,0009,665,0.0
KITTI,mono,traj,JB,0009,666,0.31179890036582947
KITTI,mono,traj,JB,0009,667,0.12126889824867249
KITTI,mono,traj,JB,0009,668,0.26412495970726013
KITTI,mono,traj,JB,0009,669,0.16026604175567627
KITTI,mono,traj,JB,0009,670,0.31207162141799927
KITTI,mono,traj,JB,0009,671,0.0
KITTI,mono,traj,JB,0009,672,0.11476477980613708
KITTI,mono,traj,JB,0009,673,0.3091987371444702
KITTI,mono,traj,JB,0009,674,0.4086880683898926
KITTI,mono,traj,JB,0009,675,0.0
KITTI,mono,traj,JB,0009,676,0.0
KITTI,mono,traj,JB,0009,677,0.3067112863063812
KITTI,mono,traj,JB,0009,678,0.0
KITTI,mono,traj,JB,0009,679,0.22541660070419312
KITTI,mono,traj,JB,0009,680,0.14128142595291138
KITTI,mono,traj,JB,0009,681,0.0
KITTI,mono,traj,JB,0009,682,0.0
KITTI,mono,traj,JB,0009,683,0.0
KITTI,mono,traj,JB,0009,684,0.0
KITTI,mono,traj,JB,0009,685,0.0
KITTI,mono,traj,JB,0009,686,0.19436779618263245
KITTI,mono,traj,JB,0009,687,0.13117322325706482
KITTI,mono,traj,JB,0009,688,0.11124122142791748
KITTI,mono,traj,JB,0009,689,0.0
KITTI,mono,traj,JB,0009,690,0.0
KITTI,mono,traj,JB,0009,691,0.0
KITTI,mono,traj,JB,0009,692,0.0
KITTI,mono,traj,JB,0009,693,0.0
KITTI,mono,traj,JB,0009,694,0.0
KITTI,mono,traj,JB,0009,695,0.0
KITTI,mono,traj,JB,0009,696,0.0
KITTI,mono,traj,JB,0009,697,0.20561504364013672
KITTI,mono,traj,JB,0009,698,0.19682621955871582
KITTI,mono,traj,JB,0009,699,0.0
KITTI,mono,traj,JB,0009,700,0.0
KITTI,mono,traj,JB,0009,701,0.0
KITTI,mono,traj,JB,0009,702,0.0
KITTI,mono,traj,JB,0009,703,0.0
KITTI,mono,traj,JB,0009,704,0.0
KITTI,mono,traj,JB,0009,705,0.1520322561264038
KITTI,mono,traj,JB,0009,706,0.2539135813713074
KITTI,mono,traj,JB,0009,707,0.0
KITTI,mono,traj,JB,0009,708,0.24798744916915894
KITTI,mono,traj,JB,0009,709,0.0
KITTI,mono,traj,JB,0009,710,0.10669058561325073
KITTI,mono,traj,JB,0009,711,0.33763501048088074
KITTI,mono,traj,JB,0009,712,0.5337026119232178
KITTI,mono,traj,JB,0009,713,0.2240554392337799
KITTI,mono,traj,JB,0009,714,0.11476477980613708
KITTI,mono,traj,JB,0009,715,0.11920291185379028
KITTI,mono,traj,JB,0009,716,0.0
KITTI,mono,traj,JB,0009,717,0.17667162418365479
KITTI,mono,traj,JB,0009,718,0.14318770170211792
KITTI,mono,traj,JB,0009,719,0.13477590680122375
KITTI,mono,traj,JB,0009,720,0.34147655963897705
KITTI,mono,traj,JB,0009,721,0.20817893743515015
KITTI,mono,traj,JB,0009,722,0.23651623725891113
KITTI,mono,traj,JB,0009,723,0.1540575623512268
KITTI,mono,traj,JB,0009,724,0.0
KITTI,mono,traj,JB,0009,725,0.12085321545600891
KITTI,mono,traj,JB,0009,726,0.1441488265991211
KITTI,mono,traj,JB,0009,727,0.26236698031425476
KITTI,mono,traj,JB,0009,728,0.6677443981170654
KITTI,mono,traj,JB,0009,729,0.0
KITTI,mono,traj,JB,0009,730,0.3071597218513489
KITTI,mono,traj,JB,0009,731,0.2725428640842438
KITTI,mono,traj,JB,0009,732,0.2961910367012024
KITTI,mono,traj,JB,0009,733,0.17441028356552124
KITTI,mono,traj,JB,0009,734,0.19314736127853394
KITTI,mono,traj,JB,0009,735,0.1550784707069397
KITTI,mono,traj,JB,0009,736,0.14318770170211792
KITTI,mono,traj,JB,0009,737,0.0
KITTI,mono,traj,JB,0009,738,0.18594717979431152
KITTI,mono,traj,JB,0009,739,0.1980641782283783
KITTI,mono,traj,JB,0009,740,0.20817893743515015
KITTI,mono,traj,JB,0009,741,0.4236098527908325
KITTI,mono,traj,JB,0009,742,0.2146914005279541
KITTI,mono,traj,JB,0009,743,0.11357957124710083
KITTI,mono,traj,JB,0009,744,0.31122761964797974
KITTI,mono,traj,JB,0009,745,0.4093055725097656
KITTI,mono,traj,JB,0009,746,0.20817893743515015
KITTI,mono,traj,JB,0009,747,0.32325783371925354
KITTI,mono,traj,JB,0009,748,0.18892180919647217
KITTI,mono,traj,JB,0009,749,0.0
KITTI,mono,traj,JB,0009,750,0.0
KITTI,mono,traj,JB,0009,751,0.1520322561264038
KITTI,mono,traj,JB,0009,752,0.16344544291496277
KITTI,mono,traj,JB,0009,753,0.0
KITTI,mono,traj,JB,0009,754,0.0
KITTI,mono,traj,JB,0009,755,0.0
KITTI,mono,traj,JB,0009,756,0.20625382661819458
KITTI,mono,traj,JB,0009,757,0.0
KITTI,mono,traj,JB,0009,758,0.0
KITTI,mono,traj,JB,0009,759,0.0
KITTI,mono,traj,JB,0009,760,0.1465752124786377
KITTI,mono,traj,JB,0009,761,0.15052762627601624
KITTI,mono,traj,JB,0009,762,0.1919327974319458
KITTI,mono,traj,JB,0009,763,0.0
KITTI,mono,traj,JB,0009,764,0.0
KITTI,mono,traj,JB,0009,765,0.0
KITTI,mono,traj,JB,0009,766,0.0
KITTI,mono,traj,JB,0009,767,0.0
KITTI,mono,traj,JB,0009,768,0.0
KITTI,mono,traj,JB,0009,769,0.19559407234191895
KITTI,mono,traj,JB,0009,770,0.2030746340751648
KITTI,mono,traj,JB,0009,771,0.0
KITTI,mono,traj,JB,0009,772,0.0
KITTI,mono,traj,JB,0009,773,0.0
KITTI,mono,traj,JB,0009,774,0.0
KITTI,mono,traj,JB,0009,775,0.1755380630493164
KITTI,mono,traj,JB,0009,776,0.0
KITTI,mono,traj,JB,0009,777,0.239349365234375
KITTI,mono,traj,JB,0009,778,0.18952107429504395
KITTI,mono,traj,JB,0009,779,0.0
KITTI,mono,traj,JB,0009,780,0.184767484664917
KITTI,mono,traj,JB,0009,781,0.0
KITTI,mono,traj,JB,0009,782,0.2838565707206726
KITTI,mono,traj,JB,0009,783,0.0
KITTI,mono,traj,JB,0009,784,0.0
KITTI,mono,traj,JB,0009,785,0.0
KITTI,mono,traj,JB,0009,786,0.0
KITTI,mono,traj,JB,0009,787,0.0
KITTI,mono,traj,JB,0009,788,0.0
KITTI,mono,traj,JB,0009,789,0.10087859630584717
KITTI,mono,traj,JB,0009,790,0.0
KITTI,mono,traj,JB,0009,791,0.1175721287727356
KITTI,mono,traj,JB,0009,792,0.11676400899887085
KITTI,mono,traj,JB,0009,793,0.0
KITTI,mono,traj,JB,0009,794,0.0
KITTI,mono,traj,JB,0009,795,0.0
KITTI,mono,traj,JB,0009,796,0.11047112941741943
KITTI,mono,traj,JB,0009,797,0.18010663986206055
KITTI,mono,traj,JB,0009,798,0.0
KITTI,mono,traj,JB,0009,799,0.22000709176063538
KITTI,mono,traj,JB,0009,800,0.11201596260070801
KITTI,mono,traj,JB,0009,801,0.21191483736038208
KITTI,mono,traj,JB,0009,802,0.36104318499565125
KITTI,mono,traj,JB,0017,0,0.6754862070083618
KITTI,mono,traj,JB,0017,1,0.23347792029380798
KITTI,mono,traj,JB,0017,2,0.685329258441925
KITTI,mono,traj,JB,0017,3,0.9662855267524719
KITTI,mono,traj,JB,0017,4,1.083242028951645
KITTI,mono,traj,JB,0017,5,0.9659454226493835
KITTI,mono,traj,JB,0017,6,1.070834904909134
KITTI,mono,traj,JB,0017,7,1.008653312921524
KITTI,mono,traj,JB,0017,8,0.5529864132404327
KITTI,mono,traj,JB,0017,9,0.5302484333515167
KITTI,mono,traj,JB,0017,10,0.8158968389034271
KITTI,mono,traj,JB,0017,11,0.517357587814331
KITTI,mono,traj,JB,0017,12,1.1732755303382874
KITTI,mono,traj,JB,0017,13,0.8858511447906494
KITTI,mono,traj,JB,0017,14,1.2645985186100006
KITTI,mono,traj,JB,0017,15,1.0936065912246704
KITTI,mono,traj,JB,0017,16,0.6314162313938141
KITTI,mono,traj,JB,0017,17,1.4975823760032654
KITTI,mono,traj,JB,0017,18,1.535431981086731
KITTI,mono,traj,JB,0017,19,1.2868384420871735
KITTI,mono,traj,JB,0017,20,1.5866024792194366
KITTI,mono,traj,JB,0017,21,1.6383476555347443
KITTI,mono,traj,JB,0017,22,1.1607098579406738
KITTI,mono,traj,JB,0017,23,1.345785230398178
KITTI,mono,traj,JB,0017,24,0.3968620300292969
KITTI,mono,traj,JB,0017,25,0.49787455797195435
KITTI,mono,traj,JB,0017,26,0.7037124037742615
KITTI,mono,traj,JB,0017,27,0.304054856300354
KITTI,mono,traj,JB,0017,28,0.4623863697052002
KITTI,mono,traj,JB,0017,29,0.6308322250843048
KITTI,mono,traj,JB,0017,30,0.42620617151260376
KITTI,mono,traj,JB,0017,31,0.4598497152328491
KITTI,mono,traj,JB,0017,32,0.0
KITTI,mono,traj,JB,0017,33,0.13386750221252441
KITTI,mono,traj,JB,0017,34,0.1441488265991211
KITTI,mono,traj,JB,0017,35,0.9424436390399933
KITTI,mono,traj,JB,0017,36,0.4336734116077423
KITTI,mono,traj,JB,0017,37,0.5788089036941528
KITTI,mono,traj,JB,0017,38,0.12168577313423157
KITTI,mono,traj,JB,0017,39,0.21693623065948486
KITTI,mono,traj,JB,0017,40,0.29628798365592957
KITTI,mono,traj,JB,0017,41,0.4910575747489929
KITTI,mono,traj,JB,0017,42,0.574842780828476
KITTI,mono,traj,JB,0017,43,0.24749267101287842
KITTI,mono,traj,JB,0017,44,0.8088472783565521
KITTI,mono,traj,JB,0017,45,0.6713104844093323
KITTI,mono,traj,JB,0017,46,0.8369801938533783
KITTI,mono,traj,JB,0017,47,0.8754358887672424
KITTI,mono,traj,JB,0017,48,0.5260370671749115
KITTI,mono,traj,JB,0017,49,0.103748619556427
KITTI,mono,traj,JB,0017,50,0.8999357223510742
KITTI,mono,traj,JB,0017,51,2.2630071938037872
KITTI,mono,traj,JB,0017,52,1.4110394418239594
KITTI,mono,traj,JB,0017,53,1.7123388946056366
KITTI,mono,traj,JB,0017,54,1.233151525259018
KITTI,mono,traj,JB,0017,55,1.4589396119117737
KITTI,mono,traj,JB,0017,56,1.8981930315494537
KITTI,mono,traj,JB,0017,57,0.9955644011497498
KITTI,mono,traj,JB,0017,58,0.5549657940864563
KITTI,mono,traj,JB,0017,59,0.6082743406295776
KITTI,mono,traj,JB,0017,60,1.4609868228435516
KITTI,mono,traj,JB,0017,61,1.2860165238380432
KITTI,mono,traj,JB,0017,62,1.2437498569488525
KITTI,mono,traj,JB,0017,63,0.8896957635879517
KITTI,mono,traj,JB,0017,64,1.2639555037021637
KITTI,mono,traj,JB,0017,65,0.49802467226982117
KITTI,mono,traj,JB,0017,66,0.8953585624694824
KITTI,mono,traj,JB,0017,67,0.5900768637657166
KITTI,mono,traj,JB,0017,68,0.5340635776519775
KITTI,mono,traj,JB,0017,69,0.6057031750679016
KITTI,mono,traj,JB,0017,70,0.7658826112747192
KITTI,mono,traj,JB,0017,71,0.9414110481739044
KITTI,mono,traj,JB,0017,72,0.8007796406745911
KITTI,mono,traj,JB,0017,73,0.7003200352191925
KITTI,mono,traj,JB,0017,74,0.49453067779541016
KITTI,mono,traj,JB,0017,75,0.3953568935394287
KITTI,mono,traj,JB,0017,76,0.544598251581192
KITTI,mono,traj,JB,0017,77,0.39811810851097107
KITTI,mono,traj,JB,0017,78,0.4174126982688904
KITTI,mono,traj,JB,0017,79,0.6213325560092926
KITTI,mono,traj,JB,0017,80,0.5181127190589905
KITTI,mono,traj,JB,0017,81,0.8569888472557068
KITTI,mono,traj,JB,0017,82,0.9999783635139465
KITTI,mono,traj,JB,0017,83,0.5614599585533142
KITTI,mono,traj,JB,0017,84,0.5353584587574005
KITTI,mono,traj,JB,0017,85,0.4435690641403198
KITTI,mono,traj,JB,0017,86,0.5504240393638611
KITTI,mono,traj,JB,0017,87,0.537246435880661
KITTI,mono,traj,JB,0017,88,0.5788404643535614
KITTI,mono,traj,JB,0017,89,0.5974364280700684
KITTI,mono,traj,JB,0017,90,0.662804901599884
KITTI,mono,traj,JB,0017,91,0.7842955887317657
KITTI,mono,traj,JB,0017,92,1.0055989623069763
KITTI,mono,traj,JB,0017,93,0.44829660654067993
KITTI,mono,traj,JB,0017,94,0.4891450107097626
KITTI,mono,traj,JB,0017,95,0.5579843521118164
KITTI,mono,traj,JB,0017,96,0.7460563778877258
KITTI,mono,traj,JB,0017,97,0.4234165847301483
KITTI,mono,traj,JB,0017,98,0.7118214070796967
KITTI,mono,traj,JB,0017,99,0.7626504898071289
KITTI,mono,traj,JB,0017,100,0.7811674773693085
KITTI,mono,traj,JB,0017,101,0.6703912615776062
KITTI,mono,traj,JB,0017,102,0.5709592998027802
KITTI,mono,traj,JB,0017,103,0.7321570217609406
KITTI,mono,traj,JB,0017,104,0.5380347073078156
KITTI,mono,traj,JB,0017,105,0.7031591236591339
KITTI,mono,traj,JB,0017,106,0.7424611151218414
KITTI,mono,traj,JB,0017,107,0.3993171155452728
KITTI,mono,traj,JB,0017,108,0.4520522654056549
KITTI,mono,traj,JB,0017,109,0.40684813261032104
KITTI,mono,traj,JB,0017,110,0.5911506712436676
KITTI,mono,traj,JB,0017,111,0.8346694111824036
KITTI,mono,traj,JB,0017,112,0.7398251593112946
KITTI,mono,traj,JB,0017,113,0.2141372263431549
KITTI,mono,traj,JB,0017,114,0.22746312618255615
KITTI,mono,traj,JB,0017,115,0.5522621273994446
KITTI,mono,traj,JB,0017,116,0.7203883826732635
KITTI,mono,traj,JB,0017,117,0.4936155378818512
KITTI,mono,traj,JB,0017,118,0.5052683353424072
KITTI,mono,traj,JB,0017,119,0.5562390685081482
KITTI,mono,traj,JB,0017,120,1.115116149187088
KITTI,mono,traj,JB,0017,121,0.8465933799743652
KITTI,mono,traj,JB,0017,122,0.8421682715415955
KITTI,mono,traj,JB,0017,123,1.0063285529613495
KITTI,mono,traj,JB,0017,124,0.619917094707489
KITTI,mono,traj,JB,0017,125,0.8590756952762604
KITTI,mono,traj,JB,0017,126,0.9904232025146484
KITTI,mono,traj,JB,0017,127,0.6950459778308868
KITTI,mono,traj,JB,0017,128,0.7718623280525208
KITTI,mono,traj,JB,0017,129,0.9405743479728699
KITTI,mono,traj,JB,0017,130,0.7066202759742737
KITTI,mono,traj,JB,0017,131,0.7994101643562317
KITTI,mono,traj,JB,0017,132,0.8651142120361328
KITTI,mono,traj,JB,0017,133,0.981520801782608
KITTI,mono,traj,JB,0017,134,0.8385117053985596
KITTI,mono,traj,JB,0017,135,0.9520832002162933
KITTI,mono,traj,JB,0017,136,0.6379076242446899
KITTI,mono,traj,JB,0017,137,0.7728956043720245
KITTI,mono,traj,JB,0017,138,0.9979249835014343
KITTI,mono,traj,JB,0017,139,0.5900022685527802
KITTI,mono,traj,JB,0017,140,0.7212141752243042
KITTI,mono,traj,JB,0017,141,0.8060392439365387
KITTI,mono,traj,JB,0017,142,1.067821741104126
KITTI,mono,traj,JB,0017,143,1.2298615872859955
KITTI,mono,traj,JB,0017,144,0.9600871503353119
KITTI,mono,traj,JB,0018,0,0.0
KITTI,mono,traj,JB,0018,1,0.0
KITTI,mono,traj,JB,0018,2,0.0
KITTI,mono,traj,JB,0018,3,0.0
KITTI,mono,traj,JB,0018,4,0.0
KITTI,mono,traj,JB,0018,5,0.0
KITTI,mono,traj,JB,0018,6,0.0
KITTI,mono,traj,JB,0018,7,0.120025634765625
KITTI,mono,traj,JB,0018,8,0.0
KITTI,mono,traj,JB,0018,9,0.11201596260070801
KITTI,mono,traj,JB,0018,10,0.0
KITTI,mono,traj,JB,0018,11,0.1352320909500122
KITTI,mono,traj,JB,0018,12,0.2429233193397522
KITTI,mono,traj,JB,0018,13,0.0
KITTI,mono,traj,JB,0018,14,0.0
KITTI,mono,traj,JB,0018,15,0.0
KITTI,mono,traj,JB,0018,16,0.0
KITTI,mono,traj,JB,0018,17,0.0
KITTI,mono,traj,JB,0018,18,0.0
KITTI,mono,traj,JB,0018,19,0.0
KITTI,mono,traj,JB,0018,20,0.0
KITTI,mono,traj,JB,0018,21,0.0
KITTI,mono,traj,JB,0018,22,0.0
KITTI,mono,traj,JB,0018,23,0.0
KITTI,mono,traj,JB,0018,24,0.15102779865264893
KITTI,mono,traj,JB,0018,25,0.0
KITTI,mono,traj,JB,0018,26,0.0
KITTI,mono,traj,JB,0018,27,0.0
KITTI,mono,traj,JB,0018,28,0.0
KITTI,mono,traj,JB,0018,29,0.0
KITTI,mono,traj,JB,0018,30,0.0
KITTI,mono,traj,JB,0018,31,0.0
KITTI,mono,traj,JB,0018,32,0.13432103395462036
KITTI,mono,traj,JB,0018,33,0.0
KITTI,mono,traj,JB,0018,34,0.14560061693191528
KITTI,mono,traj,JB,0018,35,0.2917407751083374
KITTI,mono,traj,JB,0018,36,0.2409561574459076
KITTI,mono,traj,JB,0018,37,0.3241214156150818
KITTI,mono,traj,JB,0018,38,0.11124122142791748
KITTI,mono,traj,JB,0018,39,0.0
KITTI,mono,traj,JB,0018,40,0.11636176705360413
KITTI,mono,traj,JB,0018,41,0.13296425342559814
KITTI,mono,traj,JB,0018,42,0.0
KITTI,mono,traj,JB,0018,43,0.24264097213745117
KITTI,mono,traj,JB,0018,44,0.0
KITTI,mono,traj,JB,0018,45,0.0
KITTI,mono,traj,JB,0018,46,0.0
KITTI,mono,traj,JB,0018,47,0.0
KITTI,mono,traj,JB,0018,48,0.0
KITTI,mono,traj,JB,0018,49,0.0
KITTI,mono,traj,JB,0018,50,0.0
KITTI,mono,traj,JB,0018,51,0.2133771777153015
KITTI,mono,traj,JB,0018,52,0.1755380630493164
KITTI,mono,traj,JB,0018,53,0.14608722925186157
KITTI,mono,traj,JB,0018,54,0.103024423122406
KITTI,mono,traj,JB,0018,55,0.5482088625431061
KITTI,mono,traj,JB,0018,56,0.15869519114494324
KITTI,mono,traj,JB,0018,57,0.4459715187549591
KITTI,mono,traj,JB,0018,58,0.0
KITTI,mono,traj,JB,0018,59,0.5676691830158234
KITTI,mono,traj,JB,0018,60,0.41161152720451355
KITTI,mono,traj,JB,0018,61,0.1427091360092163
KITTI,mono,traj,JB,0018,62,0.13432103395462036
KITTI,mono,traj,JB,0018,63,0.0
KITTI,mono,traj,JB,0018,64,0.3811986744403839
KITTI,mono,traj,JB,0018,65,0.46454769372940063
KITTI,mono,traj,JB,0018,66,0.34748727083206177
KITTI,mono,traj,JB,0018,67,0.13341522216796875
KITTI,mono,traj,JB,0018,68,0.20817893743515015
KITTI,mono,traj,JB,0018,69,0.17838266491889954
KITTI,mono,traj,JB,0018,70,0.4295487701892853
KITTI,mono,traj,JB,0018,71,0.16184943914413452
KITTI,mono,traj,JB,0018,72,0.28318363428115845
KITTI,mono,traj,JB,0018,73,0.23249763250350952
KITTI,mono,traj,JB,0018,74,0.2146914005279541
KITTI,mono,traj,JB,0018,75,0.34217363595962524
KITTI,mono,traj,JB,0018,76,0.29312488436698914
KITTI,mono,traj,JB,0018,77,0.37859949469566345
KITTI,mono,traj,JB,0018,78,0.4705888032913208
KITTI,mono,traj,JB,0018,79,0.4890747666358948
KITTI,mono,traj,JB,0018,80,0.6032696962356567
KITTI,mono,traj,JB,0018,81,0.2451748549938202
KITTI,mono,traj,JB,0018,82,0.12808823585510254
KITTI,mono,traj,JB,0018,83,0.1525365114212036
KITTI,mono,traj,JB,0018,84,0.3425353765487671
KITTI,mono,traj,JB,0018,85,0.4938446283340454
KITTI,mono,traj,JB,0018,86,0.10894504189491272
KITTI,mono,traj,JB,0018,87,0.10158944129943848
KITTI,mono,traj,JB,0018,88,0.10521054267883301
KITTI,mono,traj,JB,0018,89,0.6495895981788635
KITTI,mono,traj,JB,0018,90,0.7438107430934906
KITTI,mono,traj,JB,0018,91,0.2146914005279541
KITTI,mono,traj,JB,0018,92,0.49868735671043396
KITTI,mono,traj,JB,0018,93,0.5000995993614197
KITTI,mono,traj,JB,0018,94,0.44529497623443604
KITTI,mono,traj,JB,0018,95,0.11636176705360413
KITTI,mono,traj,JB,0018,96,0.2240554392337799
KITTI,mono,traj,JB,0018,97,0.13296425342559814
KITTI,mono,traj,JB,0018,98,0.13660842180252075
KITTI,mono,traj,JB,0018,99,0.0
KITTI,mono,traj,JB,0018,100,0.0
KITTI,mono,traj,JB,0018,101,0.21601152420043945
KITTI,mono,traj,JB,0018,102,0.36252641677856445
KITTI,mono,traj,JB,0018,103,0.3904218077659607
KITTI,mono,traj,JB,0018,104,0.5314878523349762
KITTI,mono,traj,JB,0018,105,0.3087082505226135
KITTI,mono,traj,JB,0018,106,0.4267217814922333
KITTI,mono,traj,JB,0018,107,0.17895588278770447
KITTI,mono,traj,JB,0018,108,0.0
KITTI,mono,traj,JB,0018,109,0.0
KITTI,mono,traj,JB,0018,110,0.20817893743515015
KITTI,mono,traj,JB,0018,111,0.4044819474220276
KITTI,mono,traj,JB,0018,112,0.34718093276023865
KITTI,mono,traj,JB,0018,113,0.14128142595291138
KITTI,mono,traj,JB,0018,114,0.0
KITTI,mono,traj,JB,0018,115,0.0
KITTI,mono,traj,JB,0018,116,0.0
KITTI,mono,traj,JB,0018,117,0.0
KITTI,mono,traj,JB,0018,118,0.1949802041053772
KITTI,mono,traj,JB,0018,119,0.17838266491889954
KITTI,mono,traj,JB,0018,120,0.208823561668396
KITTI,mono,traj,JB,0018,121,0.0
KITTI,mono,traj,JB,0018,122,0.3195885121822357
KITTI,mono,traj,JB,0018,123,0.13706976175308228
KITTI,mono,traj,JB,0018,124,0.12808823585510254
KITTI,mono,traj,JB,0018,125,0.23792991042137146
KITTI,mono,traj,JB,0018,126,0.14463144540786743
KITTI,mono,traj,JB,0018,127,0.0
KITTI,mono,traj,JB,0018,128,0.0
KITTI,mono,traj,JB,0018,129,0.0
KITTI,mono,traj,JB,0018,130,0.10017222166061401
KITTI,mono,traj,JB,0018,131,0.11716747283935547
KITTI,mono,traj,JB,0018,132,0.13986563682556152
KITTI,mono,traj,JB,0018,133,0.2527381479740143
KITTI,mono,traj,JB,0018,134,0.12421301007270813
KITTI,mono,traj,JB,0018,135,0.25723132491111755
KITTI,mono,traj,JB,0018,136,0.12896329164505005
KITTI,mono,traj,JB,0018,137,0.13939636945724487
KITTI,mono,traj,JB,0018,138,0.12085321545600891
KITTI,mono,traj,JB,0018,139,0.10594826936721802
KITTI,mono,traj,JB,0018,140,0.33848026394844055
KITTI,mono,traj,JB,0018,141,0.49022185802459717
KITTI,mono,traj,JB,0018,142,0.10266399383544922
KITTI,mono,traj,JB,0018,143,0.1581743359565735
KITTI,mono,traj,JB,0018,144,0.3005127012729645
KITTI,mono,traj,JB,0018,145,0.40328115224838257
KITTI,mono,traj,JB,0018,146,0.26988664269447327
KITTI,mono,traj,JB,0018,147,0.20689404010772705
KITTI,mono,traj,JB,0018,148,0.30360543727874756
KITTI,mono,traj,JB,0018,149,0.17384850978851318
KITTI,mono,traj,JB,0018,150,0.2850485146045685
KITTI,mono,traj,JB,0018,151,0.19993209838867188
KITTI,mono,traj,JB,0018,152,0.5733436048030853
KITTI,mono,traj,JB,0018,153,0.0
KITTI,mono,traj,JB,0018,154,0.0
KITTI,mono,traj,JB,0018,155,0.0
KITTI,mono,traj,JB,0018,156,0.15713685750961304
KITTI,mono,traj,JB,0018,157,0.0
KITTI,mono,traj,JB,0018,158,0.0
KITTI,mono,traj,JB,0018,159,0.38334208726882935
KITTI,mono,traj,JB,0018,160,0.752989798784256
KITTI,mono,traj,JB,0018,161,0.7891816794872284
KITTI,mono,traj,JB,0018,162,0.4924297630786896
KITTI,mono,traj,JB,0018,163,0.9160422682762146
KITTI,mono,traj,JB,0018,164,0.18242552876472473
KITTI,mono,traj,JB,0018,165,0.35761865973472595
KITTI,mono,traj,JB,0018,166,0.17441028356552124
KITTI,mono,traj,JB,0018,167,0.22953522205352783
KITTI,mono,traj,JB,0018,168,0.4092702865600586
KITTI,mono,traj,JB,0018,169,0.30953001976013184
KITTI,mono,traj,JB,0018,170,0.3438991904258728
KITTI,mono,traj,JB,0018,171,0.2890940308570862
KITTI,mono,traj,JB,0018,172,0.20247691869735718
KITTI,mono,traj,JB,0018,173,0.30909016728401184
KITTI,mono,traj,JB,0018,174,0.16238003969192505
KITTI,mono,traj,JB,0018,175,0.11676400899887085
KITTI,mono,traj,JB,0018,176,0.37705084681510925
KITTI,mono,traj,JB,0018,177,0.5819643139839172
KITTI,mono,traj,JB,0018,178,0.65914586186409
KITTI,mono,traj,JB,0018,179,0.5395863652229309
KITTI,mono,traj,JB,0018,180,0.7888935804367065
KITTI,mono,traj,JB,0018,181,0.11124122142791748
KITTI,mono,traj,JB,0018,182,0.5832844376564026
KITTI,mono,traj,JB,0018,183,0.578824371099472
KITTI,mono,traj,JB,0018,184,0.5155647397041321
KITTI,mono,traj,JB,0018,185,0.602739006280899
KITTI,mono,traj,JB,0018,186,0.5490067303180695
KITTI,mono,traj,JB,0018,187,0.4557930827140808
KITTI,mono,traj,JB,0018,188,0.4201098680496216
KITTI,mono,traj,JB,0018,189,0.13706976175308228
KITTI,mono,traj,JB,0018,190,0.5432614982128143
KITTI,mono,traj,JB,0018,191,0.30330324172973633
KITTI,mono,traj,JB,0018,192,0.1465752124786377
KITTI,mono,traj,JB,0018,193,0.3282712697982788
KITTI,mono,traj,JB,0018,194,0.2675144672393799
KITTI,mono,traj,JB,0018,195,0.10230469703674316
KITTI,mono,traj,JB,0018,196,0.6407884061336517
KITTI,mono,traj,JB,0018,197,0.2557768225669861
KITTI,mono,traj,JB,0018,198,0.2562809884548187
KITTI,mono,traj,JB,0018,199,0.3290455639362335
KITTI,mono,traj,JB,0018,200,0.5149521231651306
KITTI,mono,traj,JB,0018,201,0.2114168107509613
KITTI,mono,traj,JB,0018,202,0.2267836332321167
KITTI,mono,traj,JB,0018,203,0.35720232129096985
KITTI,mono,traj,JB,0018,204,0.25172877311706543
KITTI,mono,traj,JB,0018,205,0.5489922165870667
KITTI,mono,traj,JB,0018,206,0.24145960807800293
KITTI,mono,traj,JB,0018,207,0.775333046913147
KITTI,mono,traj,JB,0018,208,0.27271968126296997
KITTI,mono,traj,JB,0018,209,0.0
KITTI,mono,traj,JB,0018,210,0.5020690858364105
KITTI,mono,traj,JB,0018,211,0.3678545355796814
KITTI,mono,traj,JB,0018,212,0.24991390109062195
KITTI,mono,traj,JB,0018,213,0.0
KITTI,mono,traj,JB,0018,214,0.20817893743515015
KITTI,mono,traj,JB,0018,215,0.0
KITTI,mono,traj,JB,0018,216,0.0
KITTI,mono,traj,JB,0018,217,0.188323974609375
KITTI,mono,traj,JB,0018,218,0.113973468542099
KITTI,mono,traj,JB,0018,219,0.29933464527130127
KITTI,mono,traj,JB,0018,220,0.1716158390045166
KITTI,mono,traj,JB,0018,221,0.22953522205352783
KITTI,mono,traj,JB,0018,222,0.18242552876472473
KITTI,mono,traj,JB,0018,223,0.3886330723762512
KITTI,mono,traj,JB,0018,224,0.2351083755493164
KITTI,mono,traj,JB,0018,225,0.18892180919647217
KITTI,mono,traj,JB,0018,226,0.35988306999206543
KITTI,mono,traj,JB,0018,227,0.18010663986206055
KITTI,mono,traj,JB,0018,228,0.2240554392337799
KITTI,mono,traj,JB,0018,229,0.0
KITTI,mono,traj,JB,0018,230,0.0
KITTI,mono,traj,JB,0018,231,0.0
KITTI,mono,traj,JB,0018,232,0.0
KITTI,mono,traj,JB,0018,233,0.24364244937896729
KITTI,mono,traj,JB,0018,234,0.12043881416320801
KITTI,mono,traj,JB,0018,235,0.5354969203472137
KITTI,mono,traj,JB,0018,236,0.0
KITTI,mono,traj,JB,0018,237,0.5679406523704529
KITTI,mono,traj,JB,0018,238,0.0
KITTI,mono,traj,JB,0018,239,0.1259227693080902
KITTI,mono,traj,JB,0018,240,0.17781084775924683
KITTI,mono,traj,JB,0018,241,0.23512879014015198
KITTI,mono,traj,JB,0018,242,0.14854055643081665
KITTI,mono,traj,JB,0018,243,0.2133771777153015
KITTI,mono,traj,JB,0018,244,0.4369913935661316
KITTI,mono,traj,JB,0018,245,0.0
KITTI,mono,traj,JB,0018,246,0.18713268637657166
KITTI,mono,traj,JB,0018,247,0.22135066986083984
KITTI,mono,traj,JB,0018,248,0.1980641782283783
KITTI,mono,traj,JB,0018,249,0.4104965031147003
KITTI,mono,traj,JB,0018,250,0.3565231263637543
KITTI,mono,traj,JB,0018,251,0.8159428536891937
KITTI,mono,traj,JB,0018,252,1.2624003887176514
KITTI,mono,traj,JB,0018,253,0.33802658319473267
KITTI,mono,traj,JB,0018,254,0.1795305609703064
KITTI,mono,traj,JB,0018,255,0.35332390666007996
KITTI,mono,traj,JB,0018,256,0.28379926085472107
KITTI,mono,traj,JB,0018,257,0.44941768050193787
KITTI,mono,traj,JB,0018,258,0.7146106064319611
KITTI,mono,traj,JB,0018,259,0.444537490606308
KITTI,mono,traj,JB,0018,260,0.7479323744773865
KITTI,mono,traj,JB,0018,261,0.3935225009918213
KITTI,mono,traj,JB,0018,262,0.3954542577266693
KITTI,mono,traj,JB,0018,263,0.15713685750961304
KITTI,mono,traj,JB,0018,264,0.38076910376548767
KITTI,mono,traj,JB,0018,265,0.677604079246521
KITTI,mono,traj,JB,0018,266,0.5173527300357819
KITTI,mono,traj,JB,0018,267,0.38686642050743103
KITTI,mono,traj,JB,0018,268,0.4875295162200928
KITTI,mono,traj,JB,0018,269,0.46960362792015076
KITTI,mono,traj,JB,0018,270,0.21481305360794067
KITTI,mono,traj,JB,0018,271,0.4813278913497925
KITTI,mono,traj,JB,0018,272,0.184767484664917
KITTI,mono,traj,JB,0018,273,0.103748619556427
KITTI,mono,traj,JB,0018,274,0.0
KITTI,mono,traj,JB,0018,275,0.24364244937896729
KITTI,mono,traj,JB,0018,276,0.0
KITTI,mono,traj,JB,0018,277,0.12852513790130615
KITTI,mono,traj,JB,0018,278,0.0
KITTI,mono,traj,JB,0018,279,0.24944725632667542
KITTI,mono,traj,JB,0018,280,0.10894504189491272
KITTI,mono,traj,JB,0018,281,0.14511537551879883
KITTI,mono,traj,JB,0018,282,0.15713685750961304
KITTI,mono,traj,JB,0018,283,0.0
KITTI,mono,traj,JB,0018,284,0.1772405207157135
KITTI,mono,traj,JB,0018,285,0.12085321545600891
KITTI,mono,traj,JB,0018,286,0.0
KITTI,mono,traj,JB,0018,287,0.17781084775924683
KITTI,mono,traj,JB,0018,288,0.16344544291496277
KITTI,mono,traj,JB,0018,289,0.0
KITTI,mono,traj,JB,0018,290,0.33403679728507996
KITTI,mono,traj,JB,0018,291,0.0
KITTI,mono,traj,JB,0018,292,0.41447240114212036
KITTI,mono,traj,JB,0018,293,0.1250653862953186
KITTI,mono,traj,JB,0018,294,0.23651623725891113
KITTI,mono,traj,JB,0018,295,0.43619194626808167
KITTI,mono,traj,JB,0018,296,0.6256816387176514
KITTI,mono,traj,JB,0018,297,0.38454023003578186
KITTI,mono,traj,JB,0018,298,0.1175721287727356
KITTI,mono,traj,JB,0018,299,0.0
KITTI,mono,traj,JB,0018,300,0.3799785077571869
KITTI,mono,traj,JB,0018,301,0.6474441289901733
KITTI,mono,traj,JB,0018,302,1.0779615342617035
KITTI,mono,traj,JB,0018,303,0.26301655173301697
KITTI,mono,traj,JB,0018,304,0.0
KITTI,mono,traj,JB,0018,305,0.40535107254981995
KITTI,mono,traj,JB,0018,306,0.3573647439479828
KITTI,mono,traj,JB,0018,307,0.7951540648937225
KITTI,mono,traj,JB,0018,308,0.42057788372039795
KITTI,mono,traj,JB,0018,309,0.15921741724014282
KITTI,mono,traj,JB,0018,310,0.2812562882900238
KITTI,mono,traj,JB,0018,311,0.10594826936721802
KITTI,mono,traj,JB,0018,312,0.0
KITTI,mono,traj,JB,0018,313,0.4929376542568207
KITTI,mono,traj,JB,0018,314,0.9517633616924286
KITTI,mono,traj,JB,0018,315,0.5841688513755798
KITTI,mono,traj,JB,0018,316,0.38632479310035706
KITTI,mono,traj,JB,0018,317,0.42204931378364563
KITTI,mono,traj,JB,0018,318,0.11279541254043579
KITTI,mono,traj,JB,0018,319,0.11596071720123291
KITTI,mono,traj,JB,0018,320,0.16940587759017944
KITTI,mono,traj,JB,0018,321,0.5480072200298309
KITTI,mono,traj,JB,0018,322,0.0
KITTI,mono,traj,JB,0018,323,0.2576028108596802
KITTI,mono,traj,JB,0018,324,0.48064255714416504
KITTI,mono,traj,JB,0018,325,0.48974916338920593
KITTI,mono,traj,JB,0018,326,0.30951741337776184
KITTI,mono,traj,JB,0018,327,0.0
KITTI,mono,traj,JB,0018,328,0.0
KITTI,mono,traj,JB,0018,329,0.11476477980613708
KITTI,mono,traj,JB,0018,330,0.22000709176063538
KITTI,mono,traj,JB,0018,331,0.2995487451553345
KITTI,mono,traj,JB,0018,332,0.24944725632667542
KITTI,mono,traj,JB,0018,333,0.2980695962905884
KITTI,mono,traj,JB,0018,334,0.3945469856262207
KITTI,mono,traj,JB,0018,335,0.22135066986083984
KITTI,mono,traj,JB,0018,336,0.13706976175308228
KITTI,mono,traj,JB,0018,337,0.11124122142791748
KITTI,mono,traj,JB,0018,338,0.6428470015525818
KITTI,mono,traj,JB,0019,0,0.9037844836711884
KITTI,mono,traj,JB,0019,1,1.0111854374408722
KITTI,mono,traj,JB,0019,2,0.8425473570823669
KITTI,mono,traj,JB,0019,3,0.8738915026187897
KITTI,mono,traj,JB,0019,4,0.9429084360599518
KITTI,mono,traj,JB,0019,5,0.9576545059680939
KITTI,mono,traj,JB,0019,6,1.3395312130451202
KITTI,mono,traj,JB,0019,7,1.3024223148822784
KITTI,mono,traj,JB,0019,8,0.845336377620697
KITTI,mono,traj,JB,0019,9,0.7259840369224548
KITTI,mono,traj,JB,0019,10,0.9703843593597412
KITTI,mono,traj,JB,0019,11,0.8348260521888733
KITTI,mono,traj,JB,0019,12,0.4310486316680908
KITTI,mono,traj,JB,0019,13,0.9999980628490448
KITTI,mono,traj,JB,0019,14,0.9785583913326263
KITTI,mono,traj,JB,0019,15,0.5929940640926361
KITTI,mono,traj,JB,0019,16,0.7415842413902283
KITTI,mono,traj,JB,0019,17,0.9607556462287903
KITTI,mono,traj,JB,0019,18,1.3846044540405273
KITTI,mono,traj,JB,0019,19,1.6131623685359955
KITTI,mono,traj,JB,0019,20,0.7855382263660431
KITTI,mono,traj,JB,0019,21,0.889726847410202
KITTI,mono,traj,JB,0019,22,0.389350950717926
KITTI,mono,traj,JB,0019,23,0.44713813066482544
KITTI,mono,traj,JB,0019,24,0.7526837885379791
KITTI,mono,traj,JB,0019,25,0.37384963035583496
KITTI,mono,traj,JB,0019,26,0.8145221471786499
KITTI,mono,traj,JB,0019,27,1.2501772940158844
KITTI,mono,traj,JB,0019,28,0.9426963925361633
KITTI,mono,traj,JB,0019,29,0.3438647985458374
KITTI,mono,traj,JB,0019,30,0.8771452903747559
KITTI,mono,traj,JB,0019,31,0.6707007884979248
KITTI,mono,traj,JB,0019,32,1.439795047044754
KITTI,mono,traj,JB,0019,33,0.9077824354171753
KITTI,mono,traj,JB,0019,34,0.6205941140651703
KITTI,mono,traj,JB,0019,35,0.24963662028312683
KITTI,mono,traj,JB,0019,36,0.5646117627620697
KITTI,mono,traj,JB,0019,37,0.7296596765518188
KITTI,mono,traj,JB,0019,38,1.4343547821044922
KITTI,mono,traj,JB,0019,39,0.7766321003437042
KITTI,mono,traj,JB,0019,40,0.5310932099819183
KITTI,mono,traj,JB,0019,41,0.9716768562793732
KITTI,mono,traj,JB,0019,42,0.9819355905056
KITTI,mono,traj,JB,0019,43,0.6518785953521729
KITTI,mono,traj,JB,0019,44,1.2316197752952576
KITTI,mono,traj,JB,0019,45,0.5343682765960693
KITTI,mono,traj,JB,0019,46,0.336132287979126
KITTI,mono,traj,JB,0019,47,0.39029455184936523
KITTI,mono,traj,JB,0019,48,0.5203494429588318
KITTI,mono,traj,JB,0019,49,0.4508729577064514
KITTI,mono,traj,JB,0019,50,0.6207300126552582
KITTI,mono,traj,JB,0019,51,0.6365323066711426
KITTI,mono,traj,JB,0019,52,0.9835838973522186
KITTI,mono,traj,JB,0019,53,0.7334660589694977
KITTI,mono,traj,JB,0019,54,0.9889974594116211
KITTI,mono,traj,JB,0019,55,1.2952763438224792
KITTI,mono,traj,JB,0019,56,0.7344091534614563
KITTI,mono,traj,JB,0019,57,0.9276765882968903
KITTI,mono,traj,JB,0019,58,0.32697874307632446
KITTI,mono,traj,JB,0019,59,0.5870874226093292
KITTI,mono,traj,JB,0019,60,0.13296425342559814
KITTI,mono,traj,JB,0019,61,0.2511988580226898
KITTI,mono,traj,JB,0019,62,0.6783030033111572
KITTI,mono,traj,JB,0019,63,0.27888762950897217
KITTI,mono,traj,JB,0019,64,0.0
KITTI,mono,traj,JB,0019,65,1.039972871541977
KITTI,mono,traj,JB,0019,66,0.8279087543487549
KITTI,mono,traj,JB,0019,67,0.948676586151123
KITTI,mono,traj,JB,0019,68,1.4265943765640259
KITTI,mono,traj,JB,0019,69,0.795300304889679
KITTI,mono,traj,JB,0019,70,0.7289751470088959
KITTI,mono,traj,JB,0019,71,0.224187433719635
KITTI,mono,traj,JB,0019,72,0.5009398460388184
KITTI,mono,traj,JB,0019,73,0.866786390542984
KITTI,mono,traj,JB,0019,74,0.5241865813732147
KITTI,mono,traj,JB,0019,75,0.21403354406356812
KITTI,mono,traj,JB,0019,76,0.6901598572731018
KITTI,mono,traj,JB,0019,77,0.7841891348361969
KITTI,mono,traj,JB,0019,78,0.41023117303848267
KITTI,mono,traj,JB,0019,79,0.2916959524154663
KITTI,mono,traj,JB,0019,80,0.39221975207328796
KITTI,mono,traj,JB,0019,81,0.8240334093570709
KITTI,mono,traj,JB,0019,82,0.8044097125530243
KITTI,mono,traj,JB,0019,83,1.0644822120666504
KITTI,mono,traj,JB,0019,84,1.9000657498836517
KITTI,mono,traj,JB,0019,85,1.1487314999103546
KITTI,mono,traj,JB,0019,86,1.1209238767623901
KITTI,mono,traj,JB,0019,87,1.8020435273647308
KITTI,mono,traj,JB,0019,88,1.9815857112407684
KITTI,mono,traj,JB,0019,89,1.5244514644145966
KITTI,mono,traj,JB,0019,90,1.282302051782608
KITTI,mono,traj,JB,0019,91,1.8013395965099335
KITTI,mono,traj,JB,0019,92,2.3810730576515198
KITTI,mono,traj,JB,0019,93,1.620375007390976
KITTI,mono,traj,JB,0019,94,2.221023052930832
KITTI,mono,traj,JB,0019,95,1.4744693040847778
KITTI,mono,traj,JB,0019,96,2.0620245039463043
KITTI,mono,traj,JB,0019,97,2.1955931186676025
KITTI,mono,traj,JB,0019,98,1.896428495645523
KITTI,mono,traj,JB,0019,99,2.0797193348407745
KITTI,mono,traj,JB,0019,100,2.3031826317310333
KITTI,mono,traj,JB,0019,101,2.463441789150238
KITTI,mono,traj,JB,0019,102,2.169053941965103
KITTI,mono,traj,JB,0019,103,1.9119210839271545
KITTI,mono,traj,JB,0019,104,3.862033098936081
KITTI,mono,traj,JB,0019,105,2.920093685388565
KITTI,mono,traj,JB,0019,106,3.152824193239212
KITTI,mono,traj,JB,0019,107,2.8118483126163483
KITTI,mono,traj,JB,0019,108,3.7416672706604004
KITTI,mono,traj,JB,0019,109,3.3500905632972717
KITTI,mono,traj,JB,0019,110,3.3981277346611023
KITTI,mono,traj,JB,0019,111,2.284405142068863
KITTI,mono,traj,JB,0019,112,2.402231514453888
KITTI,mono,traj,JB,0019,113,1.1893528997898102
KITTI,mono,traj,JB,0019,114,1.9199192821979523
KITTI,mono,traj,JB,0019,115,1.579844892024994
KITTI,mono,traj,JB,0019,116,2.1589832603931427
KITTI,mono,traj,JB,0019,117,1.991723358631134
KITTI,mono,traj,JB,0019,118,1.9753646552562714
KITTI,mono,traj,JB,0019,119,2.244691640138626
KITTI,mono,traj,JB,0019,120,1.8569194376468658
KITTI,mono,traj,JB,0019,121,2.607476085424423
KITTI,mono,traj,JB,0019,122,2.477890223264694
KITTI,mono,traj,JB,0019,123,2.3641417026519775
KITTI,mono,traj,JB,0019,124,1.413112461566925
KITTI,mono,traj,JB,0019,125,1.3385347425937653
KITTI,mono,traj,JB,0019,126,1.3197231590747833
KITTI,mono,traj,JB,0019,127,0.7247852683067322
KITTI,mono,traj,JB,0019,128,1.2205255925655365
KITTI,mono,traj,JB,0019,129,1.2165688574314117
KITTI,mono,traj,JB,0019,130,0.8564997017383575
KITTI,mono,traj,JB,0019,131,1.6262678802013397
KITTI,mono,traj,JB,0019,132,1.1659165024757385
KITTI,mono,traj,JB,0019,133,1.3563831448554993
KITTI,mono,traj,JB,0019,134,0.8501599729061127
KITTI,mono,traj,JB,0019,135,0.9495340287685394
KITTI,mono,traj,JB,0019,136,0.7932144403457642
KITTI,mono,traj,JB,0019,137,0.549811452627182
KITTI,mono,traj,JB,0019,138,1.102173775434494
KITTI,mono,traj,JB,0019,139,1.0660784542560577
KITTI,mono,traj,JB,0019,140,0.48840707540512085
KITTI,mono,traj,JB,0019,141,0.9832233786582947
KITTI,mono,traj,JB,0019,142,1.0895346105098724
KITTI,mono,traj,JB,0019,143,1.351936012506485
KITTI,mono,traj,JB,0019,144,1.061337649822235
KITTI,mono,traj,JB,0019,145,1.191622644662857
KITTI,mono,traj,JB,0019,146,1.7306786179542542
KITTI,mono,traj,JB,0019,147,1.3442573547363281
KITTI,mono,traj,JB,0019,148,1.1141681671142578
KITTI,mono,traj,JB,0019,149,0.733779102563858
KITTI,mono,traj,JB,0019,150,1.8798096179962158
KITTI,mono,traj,JB,0019,151,1.3061164319515228
KITTI,mono,traj,JB,0019,152,1.745907336473465
KITTI,mono,traj,JB,0019,153,1.1141638159751892
KITTI,mono,traj,JB,0019,154,0.6998679339885712
KITTI,mono,traj,JB,0019,155,1.2364130318164825
KITTI,mono,traj,JB,0019,156,1.4777645468711853
KITTI,mono,traj,JB,0019,157,2.458391934633255
KITTI,mono,traj,JB,0019,158,2.3459012508392334
KITTI,mono,traj,JB,0019,159,1.7979045808315277
KITTI,mono,traj,JB,0019,160,1.7771320044994354
KITTI,mono,traj,JB,0019,161,2.6592613756656647
KITTI,mono,traj,JB,0019,162,1.4933750629425049
KITTI,mono,traj,JB,0019,163,2.3276867866516113
KITTI,mono,traj,JB,0019,164,1.8513002693653107
KITTI,mono,traj,JB,0019,165,2.760559380054474
KITTI,mono,traj,JB,0019,166,2.0651092529296875
KITTI,mono,traj,JB,0019,167,1.7290737628936768
KITTI,mono,traj,JB,0019,168,1.6382029056549072
KITTI,mono,traj,JB,0019,169,2.1819320619106293
KITTI,mono,traj,JB,0019,170,2.1275097727775574
KITTI,mono,traj,JB,0019,171,1.7316942512989044
KITTI,mono,traj,JB,0019,172,2.395537257194519
KITTI,mono,traj,JB,0019,173,2.3733795285224915
KITTI,mono,traj,JB,0019,174,1.758376806974411
KITTI,mono,traj,JB,0019,175,1.3801501393318176
KITTI,mono,traj,JB,0019,176,2.0834580063819885
KITTI,mono,traj,JB,0019,177,1.6296934187412262
KITTI,mono,traj,JB,0019,178,1.4966997504234314
KITTI,mono,traj,JB,0019,179,1.636400192975998
KITTI,mono,traj,JB,0019,180,1.2406845092773438
KITTI,mono,traj,JB,0019,181,1.9625831842422485
KITTI,mono,traj,JB,0019,182,2.8421448469161987
KITTI,mono,traj,JB,0019,183,2.9648101329803467
KITTI,mono,traj,JB,0019,184,3.4940165281295776
KITTI,mono,traj,JB,0019,185,3.419387102127075
KITTI,mono,traj,JB,0019,186,2.8226245641708374
KITTI,mono,traj,JB,0019,187,1.7368332147598267
KITTI,mono,traj,JB,0019,188,3.1431472301483154
KITTI,mono,traj,JB,0019,189,2.225472629070282
KITTI,mono,traj,JB,0019,190,2.7480239868164062
KITTI,mono,traj,JB,0019,191,3.7452941238880157
KITTI,mono,traj,JB,0019,192,2.2425615191459656
KITTI,mono,traj,JB,0019,193,2.394189476966858
KITTI,mono,traj,JB,0019,194,2.9895284175872803
KITTI,mono,traj,JB,0019,195,3.165939211845398
KITTI,mono,traj,JB,0019,196,3.422986149787903
KITTI,mono,traj,JB,0019,197,2.7424747347831726
KITTI,mono,traj,JB,0019,198,2.6529413163661957
KITTI,mono,traj,JB,0019,199,3.1271552741527557
KITTI,mono,traj,JB,0019,200,2.6327865719795227
KITTI,mono,traj,JB,0019,201,3.012881577014923
KITTI,mono,traj,JB,0019,202,3.6852596402168274
KITTI,mono,traj,JB,0019,203,3.3502898514270782
KITTI,mono,traj,JB,0019,204,3.8877022564411163
KITTI,mono,traj,JB,0019,205,2.8488655388355255
KITTI,mono,traj,JB,0019,206,2.1730138063430786
KITTI,mono,traj,JB,0019,207,3.1869865357875824
KITTI,mono,traj,JB,0019,208,1.9524975419044495
KITTI,mono,traj,JB,0019,209,2.299598217010498
KITTI,mono,traj,JB,0019,210,2.3514702916145325
KITTI,mono,traj,JB,0019,211,2.4154713451862335
KITTI,mono,traj,JB,0019,212,3.1506922245025635
KITTI,mono,traj,JB,0019,213,2.8089583218097687
KITTI,mono,traj,JB,0019,214,3.7597720623016357
KITTI,mono,traj,JB,0019,215,2.253769099712372
KITTI,mono,traj,JB,0019,216,2.872263789176941
KITTI,mono,traj,JB,0019,217,1.8732120394706726
KITTI,mono,traj,JB,0019,218,2.3774654865264893
KITTI,mono,traj,JB,0019,219,2.703483074903488
KITTI,mono,traj,JB,0019,220,2.474982351064682
KITTI,mono,traj,JB,0019,221,2.3539630472660065
KITTI,mono,traj,JB,0019,222,2.0682367384433746
KITTI,mono,traj,JB,0019,223,2.223565310239792
KITTI,mono,traj,JB,0019,224,1.757589966058731
KITTI,mono,traj,JB,0019,225,1.873355209827423
KITTI,mono,traj,JB,0019,226,2.564239352941513
KITTI,mono,traj,JB,0019,227,2.662004292011261
KITTI,mono,traj,JB,0019,228,2.362294912338257
KITTI,mono,traj,JB,0019,229,2.4335065484046936
KITTI,mono,traj,JB,0019,230,1.5152280926704407
KITTI,mono,traj,JB,0019,231,1.4854958057403564
KITTI,mono,traj,JB,0019,232,1.6191608905792236
KITTI,mono,traj,JB,0019,233,2.446620434522629
KITTI,mono,traj,JB,0019,234,2.652264803647995
KITTI,mono,traj,JB,0019,235,2.584669381380081
KITTI,mono,traj,JB,0019,236,1.9586408734321594
KITTI,mono,traj,JB,0019,237,2.6237763464450836
KITTI,mono,traj,JB,0019,238,1.94441619515419
KITTI,mono,traj,JB,0019,239,2.2038581669330597
KITTI,mono,traj,JB,0019,240,1.9040848314762115
KITTI,mono,traj,JB,0019,241,2.7490524351596832
KITTI,mono,traj,JB,0019,242,2.281981259584427
KITTI,mono,traj,JB,0019,243,2.2529286444187164
KITTI,mono,traj,JB,0019,244,2.9073857963085175
KITTI,mono,traj,JB,0019,245,2.6045773029327393
KITTI,mono,traj,JB,0019,246,2.730901539325714
KITTI,mono,traj,JB,0019,247,2.501070737838745
KITTI,mono,traj,JB,0019,248,2.5733805894851685
KITTI,mono,traj,JB,0019,249,3.413069635629654
KITTI,mono,traj,JB,0019,250,1.6255983710289001
KITTI,mono,traj,JB,0019,251,2.372246593236923
KITTI,mono,traj,JB,0019,252,1.926552027463913
KITTI,mono,traj,JB,0019,253,2.184221625328064
KITTI,mono,traj,JB,0019,254,2.180435359477997
KITTI,mono,traj,JB,0019,255,1.2852376699447632
KITTI,mono,traj,JB,0019,256,1.2742446064949036
KITTI,mono,traj,JB,0019,257,1.6192459762096405
KITTI,mono,traj,JB,0019,258,2.016369104385376
KITTI,mono,traj,JB,0019,259,1.5124466717243195
KITTI,mono,traj,JB,0019,260,1.7169109582901
KITTI,mono,traj,JB,0019,261,2.3724730014801025
KITTI,mono,traj,JB,0019,262,1.3999697268009186
KITTI,mono,traj,JB,0019,263,1.9306764006614685
KITTI,mono,traj,JB,0019,264,0.8684684634208679
KITTI,mono,traj,JB,0019,265,1.0917911529541016
KITTI,mono,traj,JB,0019,266,1.108457624912262
KITTI,mono,traj,JB,0019,267,2.0933749675750732
KITTI,mono,traj,JB,0019,268,0.6956353485584259
KITTI,mono,traj,JB,0019,269,0.6247116327285767
KITTI,mono,traj,JB,0019,270,0.24188348650932312
KITTI,mono,traj,JB,0019,271,0.3929447531700134
KITTI,mono,traj,JB,0019,272,0.8266887664794922
KITTI,mono,traj,JB,0019,273,0.5182141065597534
KITTI,mono,traj,JB,0019,274,0.9669266045093536
KITTI,mono,traj,JB,0019,275,0.9105435013771057
KITTI,mono,traj,JB,0019,276,0.6495792269706726
KITTI,mono,traj,JB,0019,277,0.9095646739006042
KITTI,mono,traj,JB,0019,278,1.189173012971878
KITTI,mono,traj,JB,0019,279,1.1610354483127594
KITTI,mono,traj,JB,0019,280,1.3038543164730072
KITTI,mono,traj,JB,0019,281,1.1252143681049347
KITTI,mono,traj,JB,0019,282,0.5946758091449738
KITTI,mono,traj,JB,0019,283,0.42569562792778015
KITTI,mono,traj,JB,0019,284,1.0262913703918457
KITTI,mono,traj,JB,0019,285,1.5202330648899078
KITTI,mono,traj,JB,0019,286,1.3400700390338898
KITTI,mono,traj,JB,0019,287,1.4284078478813171
KITTI,mono,traj,JB,0019,288,0.6704383790493011
KITTI,mono,traj,JB,0019,289,0.26235154271125793
KITTI,mono,traj,JB,0019,290,1.0544490218162537
KITTI,mono,traj,JB,0019,291,0.8529593050479889
KITTI,mono,traj,JB,0019,292,0.48164814710617065
KITTI,mono,traj,JB,0019,293,1.1816228330135345
KITTI,mono,traj,JB,0019,294,0.9366318583488464
KITTI,mono,traj,JB,0019,295,1.1026962101459503
KITTI,mono,traj,JB,0019,296,0.6401635110378265
KITTI,mono,traj,JB,0019,297,1.0284520983695984
KITTI,mono,traj,JB,0019,298,0.7582364976406097
KITTI,mono,traj,JB,0019,299,1.1819774508476257
KITTI,mono,traj,JB,0019,300,0.8190105855464935
KITTI,mono,traj,JB,0019,301,0.8885749280452728
KITTI,mono,traj,JB,0019,302,1.568642407655716
KITTI,mono,traj,JB,0019,303,1.3438472151756287
KITTI,mono,traj,JB,0019,304,1.5925749838352203
KITTI,mono,traj,JB,0019,305,1.823165386915207
KITTI,mono,traj,JB,0019,306,1.0424456000328064
KITTI,mono,traj,JB,0019,307,1.422142118215561
KITTI,mono,traj,JB,0019,308,1.2193719148635864
KITTI,mono,traj,JB,0019,309,0.8234677612781525
KITTI,mono,traj,JB,0019,310,0.758275717496872
KITTI,mono,traj,JB,0019,311,0.5351696610450745
KITTI,mono,traj,JB,0019,312,0.8496210277080536
KITTI,mono,traj,JB,0019,313,1.8214593529701233
KITTI,mono,traj,JB,0019,314,0.651250958442688
KITTI,mono,traj,JB,0019,315,0.7261549830436707
KITTI,mono,traj,JB,0019,316,0.8683609664440155
KITTI,mono,traj,JB,0019,317,1.053621917963028
KITTI,mono,traj,JB,0019,318,1.2646882832050323
KITTI,mono,traj,JB,0019,319,0.9017471075057983
KITTI,mono,traj,JB,0019,320,0.8146646320819855
KITTI,mono,traj,JB,0019,321,0.9690054357051849
KITTI,mono,traj,JB,0019,322,0.8442379832267761
KITTI,mono,traj,JB,0019,323,0.6518220603466034
KITTI,mono,traj,JB,0019,324,1.7879166901111603
KITTI,mono,traj,JB,0019,325,1.1419092118740082
KITTI,mono,traj,JB,0019,326,1.5099822282791138
KITTI,mono,traj,JB,0019,327,1.0151913464069366
KITTI,mono,traj,JB,0019,328,1.4084330797195435
KITTI,mono,traj,JB,0019,329,0.21827220916748047
KITTI,mono,traj,JB,0019,330,0.8394698202610016
KITTI,mono,traj,JB,0019,331,1.2976586520671844
KITTI,mono,traj,JB,0019,332,0.9362457394599915
KITTI,mono,traj,JB,0019,333,1.5295321643352509
KITTI,mono,traj,JB,0019,334,0.6654755175113678
KITTI,mono,traj,JB,0019,335,1.063795119524002
KITTI,mono,traj,JB,0019,336,0.7931440472602844
KITTI,mono,traj,JB,0019,337,0.9683909118175507
KITTI,mono,traj,JB,0019,338,0.11676400899887085
KITTI,mono,traj,JB,0019,339,0.5509010255336761
KITTI,mono,traj,JB,0019,340,0.8105747103691101
KITTI,mono,traj,JB,0019,341,0.11299100518226624
KITTI,mono,traj,JB,0019,342,0.5551822483539581
KITTI,mono,traj,JB,0019,343,1.0838341116905212
KITTI,mono,traj,JB,0019,344,0.6423595547676086
KITTI,mono,traj,JB,0019,345,0.16344544291496277
KITTI,mono,traj,JB,0019,346,0.8752653002738953
KITTI,mono,traj,JB,0019,347,0.5678288042545319
KITTI,mono,traj,JB,0019,348,1.1131541430950165
KITTI,mono,traj,JB,0019,349,0.0
KITTI,mono,traj,JB,0019,350,0.4784621000289917
KITTI,mono,traj,JB,0019,351,0.8987788259983063
KITTI,mono,traj,JB,0019,352,0.8712588548660278
KITTI,mono,traj,JB,0019,353,0.35998374223709106
KITTI,mono,traj,JB,0019,354,0.3447065055370331
KITTI,mono,traj,JB,0019,355,0.8689247667789459
KITTI,mono,traj,JB,0019,356,0.7487656474113464
KITTI,mono,traj,JB,0019,357,0.997422069311142
KITTI,mono,traj,JB,0019,358,0.9523791968822479
KITTI,mono,traj,JB,0019,359,1.1452234089374542
KITTI,mono,traj,JB,0019,360,0.9256671071052551
KITTI,mono,traj,JB,0019,361,0.8672513365745544
KITTI,mono,traj,JB,0019,362,0.6546032130718231
KITTI,mono,traj,JB,0019,363,0.9179679155349731
KITTI,mono,traj,JB,0019,364,0.8422524929046631
KITTI,mono,traj,JB,0019,365,0.9116339087486267
KITTI,mono,traj,JB,0019,366,0.6659021377563477
KITTI,mono,traj,JB,0019,367,0.8738011121749878
KITTI,mono,traj,JB,0019,368,1.4131255149841309
KITTI,mono,traj,JB,0019,369,1.9727939367294312
KITTI,mono,traj,JB,0019,370,1.0621208548545837
KITTI,mono,traj,JB,0019,371,0.9709911346435547
KITTI,mono,traj,JB,0019,372,1.042086511850357
KITTI,mono,traj,JB,0019,373,0.6866768300533295
KITTI,mono,traj,JB,0019,374,1.0376804769039154
KITTI,mono,traj,JB,0019,375,0.9034237861633301
KITTI,mono,traj,JB,0019,376,1.224079430103302
KITTI,mono,traj,JB,0019,377,1.1165644228458405
KITTI,mono,traj,JB,0019,378,0.3174895942211151
KITTI,mono,traj,JB,0019,379,1.3832544386386871
KITTI,mono,traj,JB,0019,380,0.8098529875278473
KITTI,mono,traj,JB,0019,381,1.0482675433158875
KITTI,mono,traj,JB,0019,382,0.3189612329006195
KITTI,mono,traj,JB,0019,383,0.9779011905193329
KITTI,mono,traj,JB,0019,384,0.678021103143692
KITTI,mono,traj,JB,0019,385,1.2864864766597748
KITTI,mono,traj,JB,0019,386,0.8665572702884674
KITTI,mono,traj,JB,0019,387,1.095920890569687
KITTI,mono,traj,JB,0019,388,1.2771141529083252
KITTI,mono,traj,JB,0019,389,1.4748799800872803
KITTI,mono,traj,JB,0019,390,1.4956394731998444
KITTI,mono,traj,JB,0019,391,1.0961390137672424
KITTI,mono,traj,JB,0019,392,1.2842861413955688
KITTI,mono,traj,JB,0019,393,0.2462208867073059
KITTI,mono,traj,JB,0019,394,1.2439855635166168
KITTI,mono,traj,JB,0019,395,1.0768067240715027
KITTI,mono,traj,JB,0019,396,0.4646102786064148
KITTI,mono,traj,JB,0019,397,1.3020503520965576
KITTI,mono,traj,JB,0019,398,0.9120846688747406
KITTI,mono,traj,JB,0019,399,0.9393447041511536
KITTI,mono,traj,JB,0019,400,1.369873434305191
KITTI,mono,traj,JB,0019,401,1.30146124958992
KITTI,mono,traj,JB,0019,402,0.5718294680118561
KITTI,mono,traj,JB,0019,403,1.128496676683426
KITTI,mono,traj,JB,0019,404,1.6748007237911224
KITTI,mono,traj,JB,0019,405,1.0716552138328552
KITTI,mono,traj,JB,0019,406,0.11636176705360413
KITTI,mono,traj,JB,0019,407,0.5867382287979126
KITTI,mono,traj,JB,0019,408,0.7673157453536987
KITTI,mono,traj,JB,0019,409,1.146081268787384
KITTI,mono,traj,JB,0019,410,0.37862515449523926
KITTI,mono,traj,JB,0019,411,1.3396617770195007
KITTI,mono,traj,JB,0019,412,0.8661521971225739
KITTI,mono,traj,JB,0019,413,0.821882575750351
KITTI,mono,traj,JB,0019,414,0.984429121017456
KITTI,mono,traj,JB,0019,415,1.0577138364315033
KITTI,mono,traj,JB,0019,416,0.7366226613521576
KITTI,mono,traj,JB,0019,417,0.5157900750637054
KITTI,mono,traj,JB,0019,418,1.0693491995334625
KITTI,mono,traj,JB,0019,419,0.4027766287326813
KITTI,mono,traj,JB,0019,420,1.4171684980392456
KITTI,mono,traj,JB,0019,421,0.9608823359012604
KITTI,mono,traj,JB,0019,422,1.4705075323581696
KITTI,mono,traj,JB,0019,423,1.0772784352302551
KITTI,mono,traj,JB,0019,424,0.42203661799430847
KITTI,mono,traj,JB,0019,425,0.8796099722385406
KITTI,mono,traj,JB,0019,426,1.0031375586986542
KITTI,mono,traj,JB,0019,427,1.0594502389431
KITTI,mono,traj,JB,0019,428,0.9756968319416046
KITTI,mono,traj,JB,0019,429,0.390561044216156
KITTI,mono,traj,JB,0019,430,0.7217423021793365
KITTI,mono,traj,JB,0019,431,1.015516608953476
KITTI,mono,traj,JB,0019,432,1.5340618193149567
KITTI,mono,traj,JB,0019,433,1.8684944808483124
KITTI,mono,traj,JB,0019,434,1.2132992446422577
KITTI,mono,traj,JB,0019,435,0.8195535242557526
KITTI,mono,traj,JB,0019,436,0.7156841158866882
KITTI,mono,traj,JB,0019,437,1.398950219154358
KITTI,mono,traj,JB,0019,438,1.049293041229248
KITTI,mono,traj,JB,0019,439,1.488414317369461
KITTI,mono,traj,JB,0019,440,1.5833030343055725
KITTI,mono,traj,JB,0019,441,0.7735041677951813
KITTI,mono,traj,JB,0019,442,0.563667505979538
KITTI,mono,traj,JB,0019,443,0.4946155250072479
KITTI,mono,traj,JB,0019,444,0.9718457162380219
KITTI,mono,traj,JB,0019,445,0.6517458856105804
KITTI,mono,traj,JB,0019,446,1.4022014439105988
KITTI,mono,traj,JB,0019,447,0.5426916480064392
KITTI,mono,traj,JB,0019,448,0.8163248300552368
KITTI,mono,traj,JB,0019,449,0.4734092354774475
KITTI,mono,traj,JB,0019,450,0.22815650701522827
KITTI,mono,traj,JB,0019,451,1.0030820965766907
KITTI,mono,traj,JB,0019,452,0.40385884046554565
KITTI,mono,traj,JB,0019,453,0.8976359367370605
KITTI,mono,traj,JB,0019,454,1.569780021905899
KITTI,mono,traj,JB,0019,455,0.7228042483329773
KITTI,mono,traj,JB,0019,456,1.0627532303333282
KITTI,mono,traj,JB,0019,457,0.8864390552043915
KITTI,mono,traj,JB,0019,458,0.802210122346878
KITTI,mono,traj,JB,0019,459,1.2595092952251434
KITTI,mono,traj,JB,0019,460,0.6029081344604492
KITTI,mono,traj,JB,0019,461,0.43755441904067993
KITTI,mono,traj,JB,0019,462,1.3158991038799286
KITTI,mono,traj,JB,0019,463,1.142356276512146
KITTI,mono,traj,JB,0019,464,0.41836410760879517
KITTI,mono,traj,JB,0019,465,0.6585916578769684
KITTI,mono,traj,JB,0019,466,0.29305142164230347
KITTI,mono,traj,JB,0019,467,0.7525152862071991
KITTI,mono,traj,JB,0019,468,1.8023143410682678
KITTI,mono,traj,JB,0019,469,0.6878162622451782
KITTI,mono,traj,JB,0019,470,1.4778928756713867
KITTI,mono,traj,JB,0019,471,1.681443214416504
KITTI,mono,traj,JB,0019,472,1.372455358505249
KITTI,mono,traj,JB,0019,473,0.8676237165927887
KITTI,mono,traj,JB,0019,474,1.6687761545181274
KITTI,mono,traj,JB,0019,475,1.6202109456062317
KITTI,mono,traj,JB,0019,476,2.0849473774433136
KITTI,mono,traj,JB,0019,477,1.428959220647812
KITTI,mono,traj,JB,0019,478,0.6277391612529755
KITTI,mono,traj,JB,0019,479,1.3142938613891602
KITTI,mono,traj,JB,0019,480,1.4123078882694244
KITTI,mono,traj,JB,0019,481,1.4868022501468658
KITTI,mono,traj,JB,0019,482,1.1094888746738434
KITTI,mono,traj,JB,0019,483,1.173309087753296
KITTI,mono,traj,JB,0019,484,1.0067343711853027
KITTI,mono,traj,JB,0019,485,1.167946070432663
KITTI,mono,traj,JB,0019,486,1.7798019647598267
KITTI,mono,traj,JB,0019,487,1.690779983997345
KITTI,mono,traj,JB,0019,488,0.6725121140480042
KITTI,mono,traj,JB,0019,489,0.6306557357311249
KITTI,mono,traj,JB,0019,490,1.8488068282604218
KITTI,mono,traj,JB,0019,491,0.9016162157058716
KITTI,mono,traj,JB,0019,492,1.3364372551441193
KITTI,mono,traj,JB,0019,493,0.9076462388038635
KITTI,mono,traj,JB,0019,494,1.719834953546524
KITTI,mono,traj,JB,0019,495,0.8282797038555145
KITTI,mono,traj,JB,0019,496,1.4543103575706482
KITTI,mono,traj,JB,0019,497,1.4367065131664276
KITTI,mono,traj,JB,0019,498,1.3044695854187012
KITTI,mono,traj,JB,0019,499,1.59518763422966
KITTI,mono,traj,JB,0019,500,1.449198454618454
KITTI,mono,traj,JB,0019,501,1.705915629863739
KITTI,mono,traj,JB,0019,502,2.2696219384670258
KITTI,mono,traj,JB,0019,503,1.0410796403884888
KITTI,mono,traj,JB,0019,504,1.7463476657867432
KITTI,mono,traj,JB,0019,505,1.6695047318935394
KITTI,mono,traj,JB,0019,506,1.0773869156837463
KITTI,mono,traj,JB,0019,507,1.3665924072265625
KITTI,mono,traj,JB,0019,508,0.8699859380722046
KITTI,mono,traj,JB,0019,509,0.49959617853164673
KITTI,mono,traj,JB,0019,510,0.8838756680488586
KITTI,mono,traj,JB,0019,511,0.4034194350242615
KITTI,mono,traj,JB,0019,512,0.93105548620224
KITTI,mono,traj,JB,0019,513,0.8047929406166077
KITTI,mono,traj,JB,0019,514,1.615597277879715
KITTI,mono,traj,JB,0019,515,0.885308563709259
KITTI,mono,traj,JB,0019,516,1.356147289276123
KITTI,mono,traj,JB,0019,517,0.7330195009708405
KITTI,mono,traj,JB,0019,518,1.5853064954280853
KITTI,mono,traj,JB,0019,519,0.7625730931758881
KITTI,mono,traj,JB,0019,520,0.6893365681171417
KITTI,mono,traj,JB,0019,521,0.47728028893470764
KITTI,mono,traj,JB,0019,522,0.5980431735515594
KITTI,mono,traj,JB,0019,523,0.735368013381958
KITTI,mono,traj,JB,0019,524,1.7377729713916779
KITTI,mono,traj,JB,0019,525,1.321635127067566
KITTI,mono,traj,JB,0019,526,1.4557215571403503
KITTI,mono,traj,JB,0019,527,0.9954163134098053
KITTI,mono,traj,JB,0019,528,0.28544747829437256
KITTI,mono,traj,JB,0019,529,1.1576380729675293
KITTI,mono,traj,JB,0019,530,1.028044193983078
KITTI,mono,traj,JB,0019,531,0.9534177482128143
KITTI,mono,traj,JB,0019,532,0.8935610353946686
KITTI,mono,traj,JB,0019,533,0.7404592335224152
KITTI,mono,traj,JB,0019,534,2.083357185125351
KITTI,mono,traj,JB,0019,535,1.8491440117359161
KITTI,mono,traj,JB,0019,536,3.216516613960266
KITTI,mono,traj,JB,0019,537,1.780725508928299
KITTI,mono,traj,JB,0019,538,1.3773886263370514
KITTI,mono,traj,JB,0019,539,1.5038284957408905
KITTI,mono,traj,JB,0019,540,1.1901467740535736
KITTI,mono,traj,JB,0019,541,1.6160039603710175
KITTI,mono,traj,JB,0019,542,1.5146199464797974
KITTI,mono,traj,JB,0019,543,1.804435908794403
KITTI,mono,traj,JB,0019,544,0.9436951279640198
KITTI,mono,traj,JB,0019,545,1.4631792604923248
KITTI,mono,traj,JB,0019,546,1.1008595824241638
KITTI,mono,traj,JB,0019,547,1.7335155308246613
KITTI,mono,traj,JB,0019,548,2.0995092391967773
KITTI,mono,traj,JB,0019,549,1.6504176259040833
KITTI,mono,traj,JB,0019,550,1.642135739326477
KITTI,mono,traj,JB,0019,551,1.891243040561676
KITTI,mono,traj,JB,0019,552,1.3081769347190857
KITTI,mono,traj,JB,0019,553,2.6945788264274597
KITTI,mono,traj,JB,0019,554,1.9980856776237488
KITTI,mono,traj,JB,0019,555,1.3941640853881836
KITTI,mono,traj,JB,0019,556,2.38059401512146
KITTI,mono,traj,JB,0019,557,2.685173213481903
KITTI,mono,traj,JB,0019,558,1.7134274542331696
KITTI,mono,traj,JB,0019,559,1.3893249332904816
KITTI,mono,traj,JB,0019,560,1.4877256155014038
KITTI,mono,traj,JB,0019,561,1.4943719804286957
KITTI,mono,traj,JB,0019,562,2.4028458893299103
KITTI,mono,traj,JB,0019,563,2.10134020447731
KITTI,mono,traj,JB,0019,564,1.6116762161254883
KITTI,mono,traj,JB,0019,565,1.4685780107975006
KITTI,mono,traj,JB,0019,566,1.8507772982120514
KITTI,mono,traj,JB,0019,567,1.4537663161754608
KITTI,mono,traj,JB,0019,568,0.895532488822937
KITTI,mono,traj,JB,0019,569,2.1138855516910553
KITTI,mono,traj,JB,0019,570,1.6232098639011383
KITTI,mono,traj,JB,0019,571,1.4589214026927948
KITTI,mono,traj,JB,0019,572,1.1617242693901062
KITTI,mono,traj,JB,0019,573,1.7164893746376038
KITTI,mono,traj,JB,0019,574,1.976364552974701
KITTI,mono,traj,JB,0019,575,2.3981438875198364
KITTI,mono,traj,JB,0019,576,2.054349899291992
KITTI,mono,traj,JB,0019,577,0.7141278684139252
KITTI,mono,traj,JB,0019,578,1.937615692615509
KITTI,mono,traj,JB,0019,579,1.7743270993232727
KITTI,mono,traj,JB,0019,580,1.0393045842647552
KITTI,mono,traj,JB,0019,581,1.5474362671375275
KITTI,mono,traj,JB,0019,582,0.8946667909622192
KITTI,mono,traj,JB,0019,583,1.1559046506881714
KITTI,mono,traj,JB,0019,584,1.3841876685619354
KITTI,mono,traj,JB,0019,585,0.8081263899803162
KITTI,mono,traj,JB,0019,586,1.4075786471366882
KITTI,mono,traj,JB,0019,587,0.26726847887039185
KITTI,mono,traj,JB,0019,588,0.7513834536075592
KITTI,mono,traj,JB,0019,589,1.3132547438144684
KITTI,mono,traj,JB,0019,590,1.2579513788223267
KITTI,mono,traj,JB,0019,591,1.9835199415683746
KITTI,mono,traj,JB,0019,592,1.3656843304634094
KITTI,mono,traj,JB,0019,593,1.6539568901062012
KITTI,mono,traj,JB,0019,594,1.3304240107536316
KITTI,mono,traj,JB,0019,595,1.7956633865833282
KITTI,mono,traj,JB,0019,596,0.917376697063446
KITTI,mono,traj,JB,0019,597,0.5982498228549957
KITTI,mono,traj,JB,0019,598,1.4221851825714111
KITTI,mono,traj,JB,0019,599,1.5093784034252167
KITTI,mono,traj,JB,0019,600,1.1878971755504608
KITTI,mono,traj,JB,0019,601,0.937425971031189
KITTI,mono,traj,JB,0019,602,1.6958221197128296
KITTI,mono,traj,JB,0019,603,1.0829288363456726
KITTI,mono,traj,JB,0019,604,0.8358548879623413
KITTI,mono,traj,JB,0019,605,1.2039800584316254
KITTI,mono,traj,JB,0019,606,1.2343631088733673
KITTI,mono,traj,JB,0019,607,1.874452382326126
KITTI,mono,traj,JB,0019,608,0.978005975484848
KITTI,mono,traj,JB,0019,609,0.8632107973098755
KITTI,mono,traj,JB,0019,610,1.8926949799060822
KITTI,mono,traj,JB,0019,611,1.6187593042850494
KITTI,mono,traj,JB,0019,612,0.9101661741733551
KITTI,mono,traj,JB,0019,613,1.2931089103221893
KITTI,mono,traj,JB,0019,614,1.0893223881721497
KITTI,mono,traj,JB,0019,615,0.5775319933891296
KITTI,mono,traj,JB,0019,616,0.6167525053024292
KITTI,mono,traj,JB,0019,617,0.7974652945995331
KITTI,mono,traj,JB,0019,618,0.8994858264923096
KITTI,mono,traj,JB,0019,619,1.8520652055740356
KITTI,mono,traj,JB,0019,620,1.8667068183422089
KITTI,mono,traj,JB,0019,621,0.94032222032547
KITTI,mono,traj,JB,0019,622,0.6869404315948486
KITTI,mono,traj,JB,0019,623,1.8811887204647064
KITTI,mono,traj,JB,0019,624,2.065891742706299
KITTI,mono,traj,JB,0019,625,1.1469512283802032
KITTI,mono,traj,JB,0019,626,1.573574036359787
KITTI,mono,traj,JB,0019,627,1.2331666052341461
KITTI,mono,traj,JB,0019,628,0.920156866312027
KITTI,mono,traj,JB,0019,629,1.1327748000621796
KITTI,mono,traj,JB,0019,630,0.20869123935699463
KITTI,mono,traj,JB,0019,631,0.0
KITTI,mono,traj,JB,0019,632,1.2133126258850098
KITTI,mono,traj,JB,0019,633,0.8812572360038757
KITTI,mono,traj,JB,0019,634,0.6820911169052124
KITTI,mono,traj,JB,0019,635,0.36794450879096985
KITTI,mono,traj,JB,0019,636,0.5262494087219238
KITTI,mono,traj,JB,0019,637,0.5939366519451141
KITTI,mono,traj,JB,0019,638,0.9019040465354919
KITTI,mono,traj,JB,0019,639,1.286859780550003
KITTI,mono,traj,JB,0019,640,0.9843471944332123
KITTI,mono,traj,JB,0019,641,1.0591523945331573
KITTI,mono,traj,JB,0019,642,0.18010663986206055
KITTI,mono,traj,JB,0019,643,0.596476823091507
KITTI,mono,traj,JB,0019,644,0.9816660583019257
KITTI,mono,traj,JB,0019,645,0.9275258481502533
KITTI,mono,traj,JB,0019,646,0.8688873946666718
KITTI,mono,traj,JB,0019,647,1.3655303120613098
KITTI,mono,traj,JB,0019,648,0.9585994184017181
KITTI,mono,traj,JB,0019,649,0.933353453874588
KITTI,mono,traj,JB,0019,650,0.9747669994831085
KITTI,mono,traj,JB,0019,651,1.7851195931434631
KITTI,mono,traj,JB,0019,652,0.8067777156829834
KITTI,mono,traj,JB,0019,653,0.5051015019416809
KITTI,mono,traj,JB,0019,654,0.48745420575141907
KITTI,mono,traj,JB,0019,655,0.4885180592536926
KITTI,mono,traj,JB,0019,656,1.0476319193840027
KITTI,mono,traj,JB,0019,657,0.8986234664916992
KITTI,mono,traj,JB,0019,658,0.4313404858112335
KITTI,mono,traj,JB,0019,659,1.1054710149765015
KITTI,mono,traj,JB,0019,660,0.9278290569782257
KITTI,mono,traj,JB,0019,661,0.9669808447360992
KITTI,mono,traj,JB,0019,662,1.0188257694244385
KITTI,mono,traj,JB,0019,663,1.163375049829483
KITTI,mono,traj,JB,0019,664,0.7894490957260132
KITTI,mono,traj,JB,0019,665,0.8275284171104431
KITTI,mono,traj,JB,0019,666,0.30018430948257446
KITTI,mono,traj,JB,0019,667,0.3668673038482666
KITTI,mono,traj,JB,0019,668,0.6706973314285278
KITTI,mono,traj,JB,0019,669,1.7465227544307709
KITTI,mono,traj,JB,0019,670,1.0089507699012756
KITTI,mono,traj,JB,0019,671,1.1287863850593567
KITTI,mono,traj,JB,0019,672,1.4034525752067566
KITTI,mono,traj,JB,0019,673,0.7889398038387299
KITTI,mono,traj,JB,0019,674,0.9269125759601593
KITTI,mono,traj,JB,0019,675,0.3467440903186798
KITTI,mono,traj,JB,0019,676,0.11838510632514954
KITTI,mono,traj,JB,0019,677,1.194080412387848
KITTI,mono,traj,JB,0019,678,0.8176247775554657
KITTI,mono,traj,JB,0019,679,1.1618778109550476
KITTI,mono,traj,JB,0019,680,0.5962468385696411
KITTI,mono,traj,JB,0019,681,0.25912967324256897
KITTI,mono,traj,JB,0019,682,0.7644119262695312
KITTI,mono,traj,JB,0019,683,0.6862744092941284
KITTI,mono,traj,JB,0019,684,0.9901828467845917
KITTI,mono,traj,JB,0019,685,1.6788436472415924
KITTI,mono,traj,JB,0019,686,1.0771595239639282
KITTI,mono,traj,JB,0019,687,0.4693119525909424
KITTI,mono,traj,JB,0019,688,0.7313391864299774
KITTI,mono,traj,JB,0019,689,0.7895297706127167
KITTI,mono,traj,JB,0019,690,1.013914942741394
KITTI,mono,traj,JB,0019,691,1.074526160955429
KITTI,mono,traj,JB,0019,692,0.13206613063812256
KITTI,mono,traj,JB,0019,693,0.38135454058647156
KITTI,mono,traj,JB,0019,694,0.7682633697986603
KITTI,mono,traj,JB,0019,695,0.2601461708545685
KITTI,mono,traj,JB,0019,696,0.36944693326950073
KITTI,mono,traj,JB,0019,697,1.2565049529075623
KITTI,mono,traj,JB,0019,698,0.649165004491806
KITTI,mono,traj,JB,0019,699,0.2164713740348816
KITTI,mono,traj,JB,0019,700,0.6059126853942871
KITTI,mono,traj,JB,0019,701,1.0408403277397156
KITTI,mono,traj,JB,0019,702,1.0316839218139648
KITTI,mono,traj,JB,0019,703,0.837462991476059
KITTI,mono,traj,JB,0019,704,0.22431355714797974
KITTI,mono,traj,JB,0019,705,0.745602160692215
KITTI,mono,traj,JB,0019,706,0.21651750802993774
KITTI,mono,traj,JB,0019,707,0.9344628751277924
KITTI,mono,traj,JB,0019,708,0.9825395047664642
KITTI,mono,traj,JB,0019,709,0.0
KITTI,mono,traj,JB,0019,710,0.3070650100708008
KITTI,mono,traj,JB,0019,711,0.20713457465171814
KITTI,mono,traj,JB,0019,712,0.3454069495201111
KITTI,mono,traj,JB,0019,713,0.5787962079048157
KITTI,mono,traj,JB,0019,714,0.9222415387630463
KITTI,mono,traj,JB,0019,715,1.2291830778121948
KITTI,mono,traj,JB,0019,716,1.0164726376533508
KITTI,mono,traj,JB,0019,717,0.6369638442993164
KITTI,mono,traj,JB,0019,718,1.1256683766841888
KITTI,mono,traj,JB,0019,719,1.174435406923294
KITTI,mono,traj,JB,0019,720,0.8467371761798859
KITTI,mono,traj,JB,0019,721,1.0923306047916412
KITTI,mono,traj,JB,0019,722,0.7345160841941833
KITTI,mono,traj,JB,0019,723,0.9249131977558136
KITTI,mono,traj,JB,0019,724,0.347153902053833
KITTI,mono,traj,JB,0019,725,0.5182567536830902
KITTI,mono,traj,JB,0019,726,0.32641637325286865
KITTI,mono,traj,JB,0019,727,0.7208547294139862
KITTI,mono,traj,JB,0019,728,1.0517116785049438
KITTI,mono,traj,JB,0019,729,0.5734114050865173
KITTI,mono,traj,JB,0019,730,0.2351083755493164
KITTI,mono,traj,JB,0019,731,1.2073245346546173
KITTI,mono,traj,JB,0019,732,0.5457424521446228
KITTI,mono,traj,JB,0019,733,0.7653919160366058
KITTI,mono,traj,JB,0019,734,0.7281622290611267
KITTI,mono,traj,JB,0019,735,0.6773437559604645
KITTI,mono,traj,JB,0019,736,0.8973020613193512
KITTI,mono,traj,JB,0019,737,0.6876575350761414
KITTI,mono,traj,JB,0019,738,0.7845481634140015
KITTI,mono,traj,JB,0019,739,0.671742856502533
KITTI,mono,traj,JB,0019,740,0.7843527495861053
KITTI,mono,traj,JB,0019,741,0.5936169624328613
KITTI,mono,traj,JB,0019,742,1.4675334990024567
KITTI,mono,traj,JB,0019,743,0.7954366207122803
KITTI,mono,traj,JB,0019,744,1.2005341053009033
KITTI,mono,traj,JB,0019,745,0.6488569676876068
KITTI,mono,traj,JB,0019,746,0.37603890895843506
KITTI,mono,traj,JB,0019,747,0.6458629071712494
KITTI,mono,traj,JB,0019,748,0.1755380630493164
KITTI,mono,traj,JB,0019,749,0.3820808529853821
KITTI,mono,traj,JB,0019,750,0.5212305188179016
KITTI,mono,traj,JB,0019,751,0.6185416281223297
KITTI,mono,traj,JB,0019,752,0.5655553340911865
KITTI,mono,traj,JB,0019,753,0.474632203578949
KITTI,mono,traj,JB,0019,754,0.2519753575325012
KITTI,mono,traj,JB,0019,755,0.3602190911769867
KITTI,mono,traj,JB,0019,756,0.8932160139083862
KITTI,mono,traj,JB,0019,757,0.6979342699050903
KITTI,mono,traj,JB,0019,758,0.8073866367340088
KITTI,mono,traj,JB,0019,759,0.9686033725738525
KITTI,mono,traj,JB,0019,760,1.6700786650180817
KITTI,mono,traj,JB,0019,761,1.1986612379550934
KITTI,mono,traj,JB,0019,762,0.9662981033325195
KITTI,mono,traj,JB,0019,763,0.25912967324256897
KITTI,mono,traj,JB,0019,764,0.7084978222846985
KITTI,mono,traj,JB,0019,765,1.1666405200958252
KITTI,mono,traj,JB,0019,766,1.105564147233963
KITTI,mono,traj,JB,0019,767,0.9086707830429077
KITTI,mono,traj,JB,0019,768,0.24364382028579712
KITTI,mono,traj,JB,0019,769,0.6235454380512238
KITTI,mono,traj,JB,0019,770,0.7097318172454834
KITTI,mono,traj,JB,0019,771,1.0639676749706268
KITTI,mono,traj,JB,0019,772,0.485131174325943
KITTI,mono,traj,JB,0019,773,1.126706451177597
KITTI,mono,traj,JB,0019,774,0.866988867521286
KITTI,mono,traj,JB,0019,775,0.8162669837474823
KITTI,mono,traj,JB,0019,776,0.8800016045570374
KITTI,mono,traj,JB,0019,777,1.017529159784317
KITTI,mono,traj,JB,0019,778,0.5957565307617188
KITTI,mono,traj,JB,0019,779,0.6281667053699493
KITTI,mono,traj,JB,0019,780,1.2193132638931274
KITTI,mono,traj,JB,0019,781,0.6641668379306793
KITTI,mono,traj,JB,0019,782,0.3401908874511719
KITTI,mono,traj,JB,0019,783,0.11008787155151367
KITTI,mono,traj,JB,0019,784,0.3538089990615845
KITTI,mono,traj,JB,0019,785,0.4875597357749939
KITTI,mono,traj,JB,0019,786,0.595513641834259
KITTI,mono,traj,JB,0019,787,0.0
KITTI,mono,traj,JB,0019,788,0.3631594479084015
KITTI,mono,traj,JB,0019,789,0.5165508091449738
KITTI,mono,traj,JB,0019,790,0.43066272139549255
KITTI,mono,traj,JB,0019,791,0.11201596260070801
KITTI,mono,traj,JB,0019,792,0.5798150300979614
KITTI,mono,traj,JB,0019,793,0.41184067726135254
KITTI,mono,traj,JB,0019,794,0.41584324836730957
KITTI,mono,traj,JB,0019,795,0.5117480158805847
KITTI,mono,traj,JB,0019,796,0.37363487482070923
KITTI,mono,traj,JB,0019,797,0.763826996088028
KITTI,mono,traj,JB,0019,798,0.523700475692749
KITTI,mono,traj,JB,0019,799,0.796668142080307
KITTI,mono,traj,JB,0019,800,0.6901288628578186
KITTI,mono,traj,JB,0019,801,0.5597547292709351
KITTI,mono,traj,JB,0019,802,0.9337428212165833
KITTI,mono,traj,JB,0019,803,0.9352567791938782
KITTI,mono,traj,JB,0019,804,1.2536625564098358
KITTI,mono,traj,JB,0019,805,0.813270092010498
KITTI,mono,traj,JB,0019,806,0.6740238964557648
KITTI,mono,traj,JB,0019,807,1.0645002126693726
KITTI,mono,traj,JB,0019,808,0.8025214374065399
KITTI,mono,traj,JB,0019,809,1.1048147678375244
KITTI,mono,traj,JB,0019,810,0.7235772609710693
KITTI,mono,traj,JB,0019,811,1.1629093885421753
KITTI,mono,traj,JB,0019,812,1.4501769840717316
KITTI,mono,traj,JB,0019,813,0.8248276114463806
KITTI,mono,traj,JB,0019,814,2.148090809583664
KITTI,mono,traj,JB,0019,815,1.5009630024433136
KITTI,mono,traj,JB,0019,816,1.6929200291633606
KITTI,mono,traj,JB,0019,817,1.9293229579925537
KITTI,mono,traj,JB,0019,818,1.4784261286258698
KITTI,mono,traj,JB,0019,819,0.9759124517440796
KITTI,mono,traj,JB,0019,820,1.7117896676063538
KITTI,mono,traj,JB,0019,821,0.5969655513763428
KITTI,mono,traj,JB,0019,822,0.6511918604373932
KITTI,mono,traj,JB,0019,823,1.068762868642807
KITTI,mono,traj,JB,0019,824,1.0634219646453857
KITTI,mono,traj,JB,0019,825,0.8726901113986969
KITTI,mono,traj,JB,0019,826,1.016527235507965
KITTI,mono,traj,JB,0019,827,0.9789532423019409
KITTI,mono,traj,JB,0019,828,1.0180065631866455
KITTI,mono,traj,JB,0019,829,0.4021093249320984
KITTI,mono,traj,JB,0019,830,1.2346228659152985
KITTI,mono,traj,JB,0019,831,1.7800323963165283
KITTI,mono,traj,JB,0019,832,1.7522513270378113
KITTI,mono,traj,JB,0019,833,1.353229582309723
KITTI,mono,traj,JB,0019,834,1.3733539283275604
KITTI,mono,traj,JB,0019,835,1.7840959429740906
KITTI,mono,traj,JB,0019,836,0.9864295423030853
KITTI,mono,traj,JB,0019,837,0.9665573835372925
KITTI,mono,traj,JB,0019,838,1.511007845401764
KITTI,mono,traj,JB,0019,839,1.2142503261566162
KITTI,mono,traj,JB,0019,840,2.0208878219127655
KITTI,mono,traj,JB,0019,841,1.9111387133598328
KITTI,mono,traj,JB,0019,842,0.9998919665813446
KITTI,mono,traj,JB,0019,843,0.9875515699386597
KITTI,mono,traj,JB,0019,844,0.803686648607254
KITTI,mono,traj,JB,0019,845,1.0469574630260468
KITTI,mono,traj,JB,0019,846,1.1616235077381134
KITTI,mono,traj,JB,0019,847,0.6734073460102081
KITTI,mono,traj,JB,0019,848,0.8440881669521332
KITTI,mono,traj,JB,0019,849,0.8519980907440186
KITTI,mono,traj,JB,0019,850,1.291621208190918
KITTI,mono,traj,JB,0019,851,0.35537824034690857
KITTI,mono,traj,JB,0019,852,0.7098162770271301
KITTI,mono,traj,JB,0019,853,0.4711553156375885
KITTI,mono,traj,JB,0019,854,1.3386505544185638
KITTI,mono,traj,JB,0019,855,0.5908280909061432
KITTI,mono,traj,JB,0019,856,0.4202072322368622
KITTI,mono,traj,JB,0019,857,2.0683506429195404
KITTI,mono,traj,JB,0019,858,1.5388853549957275
KITTI,mono,traj,JB,0019,859,0.9405126571655273
KITTI,mono,traj,JB,0019,860,0.8217118978500366
KITTI,mono,traj,JB,0019,861,0.6343791782855988
KITTI,mono,traj,JB,0019,862,0.8230104446411133
KITTI,mono,traj,JB,0019,863,0.9312827885150909
KITTI,mono,traj,JB,0019,864,1.258582890033722
KITTI,mono,traj,JB,0019,865,1.0222010910511017
KITTI,mono,traj,JB,0019,866,1.9648778438568115
KITTI,mono,traj,JB,0019,867,1.8417298197746277
KITTI,mono,traj,JB,0019,868,1.541083663702011
KITTI,mono,traj,JB,0019,869,1.7121988534927368
KITTI,mono,traj,JB,0019,870,0.5476855337619781
KITTI,mono,traj,JB,0019,871,0.8746232092380524
KITTI,mono,traj,JB,0019,872,1.82017582654953
KITTI,mono,traj,JB,0019,873,1.299887478351593
KITTI,mono,traj,JB,0019,874,1.6629204452037811
KITTI,mono,traj,JB,0019,875,1.7003325521945953
KITTI,mono,traj,JB,0019,876,1.3884322047233582
KITTI,mono,traj,JB,0019,877,1.5991558134555817
KITTI,mono,traj,JB,0019,878,1.7712827324867249
KITTI,mono,traj,JB,0019,879,1.027765840291977
KITTI,mono,traj,JB,0019,880,1.4551803469657898
KITTI,mono,traj,JB,0019,881,1.3415261209011078
KITTI,mono,traj,JB,0019,882,1.913626790046692
KITTI,mono,traj,JB,0019,883,1.2858442068099976
KITTI,mono,traj,JB,0019,884,1.634067952632904
KITTI,mono,traj,JB,0019,885,2.259857565164566
KITTI,mono,traj,JB,0019,886,2.153587907552719
KITTI,mono,traj,JB,0019,887,1.6228697001934052
KITTI,mono,traj,JB,0019,888,1.1022189259529114
KITTI,mono,traj,JB,0019,889,1.3826214969158173
KITTI,mono,traj,JB,0019,890,1.4168756306171417
KITTI,mono,traj,JB,0019,891,0.9210831820964813
KITTI,mono,traj,JB,0019,892,0.23834776878356934
KITTI,mono,traj,JB,0019,893,0.9902659952640533
KITTI,mono,traj,JB,0019,894,0.6887710690498352
KITTI,mono,traj,JB,0019,895,0.6362771689891815
KITTI,mono,traj,JB,0019,896,1.1445972919464111
KITTI,mono,traj,JB,0019,897,0.5989607274532318
KITTI,mono,traj,JB,0019,898,0.36212530732154846
KITTI,mono,traj,JB,0019,899,1.2410300970077515
KITTI,mono,traj,JB,0019,900,0.9905329048633575
KITTI,mono,traj,JB,0019,901,0.10087859630584717
KITTI,mono,traj,JB,0019,902,0.15974104404449463
KITTI,mono,traj,JB,0019,903,0.6360781788825989
KITTI,mono,traj,JB,0019,904,0.36648333072662354
KITTI,mono,traj,JB,0019,905,0.5848454535007477
KITTI,mono,traj,JB,0019,906,0.7301902770996094
KITTI,mono,traj,JB,0019,907,0.0
KITTI,mono,traj,JB,0019,908,0.30393362045288086
KITTI,mono,traj,JB,0019,909,0.0
KITTI,mono,traj,JB,0019,910,0.21601152420043945
KITTI,mono,traj,JB,0019,911,0.3056620657444
KITTI,mono,traj,JB,0019,912,0.7952705025672913
KITTI,mono,traj,JB,0019,913,0.10818895697593689
KITTI,mono,traj,JB,0019,914,0.1175721287727356
KITTI,mono,traj,JB,0019,915,0.13799649477005005
KITTI,mono,traj,JB,0019,916,0.0
KITTI,mono,traj,JB,0019,917,0.0
KITTI,mono,traj,JB,0019,918,0.0
KITTI,mono,traj,JB,0019,919,0.12984344363212585
KITTI,mono,traj,JB,0019,920,0.10230469703674316
KITTI,mono,traj,JB,0019,921,0.0
KITTI,mono,traj,JB,0019,922,0.3260993957519531
KITTI,mono,traj,JB,0019,923,0.13846176862716675
KITTI,mono,traj,JB,0019,924,0.0
KITTI,mono,traj,JB,0019,925,0.30683279037475586
KITTI,mono,traj,JB,0019,926,0.23506861925125122
KITTI,mono,traj,JB,0019,927,0.4161553978919983
KITTI,mono,traj,JB,0019,928,0.4804908037185669
KITTI,mono,traj,JB,0019,929,0.20561504364013672
KITTI,mono,traj,JB,0019,930,0.5163036286830902
KITTI,mono,traj,JB,0019,931,0.0
KITTI,mono,traj,JB,0019,932,0.12765264511108398
KITTI,mono,traj,JB,0019,933,0.23351514339447021
KITTI,mono,traj,JB,0019,934,0.0
KITTI,mono,traj,JB,0019,935,0.25947314500808716
KITTI,mono,traj,JB,0019,936,0.4149496555328369
KITTI,mono,traj,JB,0019,937,0.41311049461364746
KITTI,mono,traj,JB,0019,938,0.9289495050907135
KITTI,mono,traj,JB,0019,939,0.25697606801986694
KITTI,mono,traj,JB,0019,940,0.3875672519207001
KITTI,mono,traj,JB,0019,941,0.200557678937912
KITTI,mono,traj,JB,0019,942,0.5422785878181458
KITTI,mono,traj,JB,0019,943,0.3622961938381195
KITTI,mono,traj,JB,0019,944,0.22135066986083984
KITTI,mono,traj,JB,0019,945,0.14854055643081665
KITTI,mono,traj,JB,0019,946,0.27208179235458374
KITTI,mono,traj,JB,0019,947,0.18594717979431152
KITTI,mono,traj,JB,0019,948,0.5544015765190125
KITTI,mono,traj,JB,0019,949,0.0
KITTI,mono,traj,JB,0019,950,0.6015937328338623
KITTI,mono,traj,JB,0019,951,0.6578737199306488
KITTI,mono,traj,JB,0019,952,0.6995790004730225
KITTI,mono,traj,JB,0019,953,0.8561988174915314
KITTI,mono,traj,JB,0019,954,0.5613337457180023
KITTI,mono,traj,JB,0019,955,0.7643806040287018
KITTI,mono,traj,JB,0019,956,0.3313741087913513
KITTI,mono,traj,JB,0019,957,0.6022269427776337
KITTI,mono,traj,JB,0019,958,0.4857610762119293
KITTI,mono,traj,JB,0019,959,0.7280652821063995
KITTI,mono,traj,JB,0019,960,0.517816960811615
KITTI,mono,traj,JB,0019,961,0.18952107429504395
KITTI,mono,traj,JB,0019,962,0.4871375560760498
KITTI,mono,traj,JB,0019,963,0.6392687857151031
KITTI,mono,traj,JB,0019,964,0.5733752548694611
KITTI,mono,traj,JB,0019,965,0.5150649547576904
KITTI,mono,traj,JB,0019,966,0.3409503102302551
KITTI,mono,traj,JB,0019,967,0.6692455112934113
KITTI,mono,traj,JB,0019,968,0.2267836332321167
KITTI,mono,traj,JB,0019,969,0.7375714480876923
KITTI,mono,traj,JB,0019,970,0.5433348417282104
KITTI,mono,traj,JB,0019,971,0.23792991042137146
KITTI,mono,traj,JB,0019,972,0.5460979342460632
KITTI,mono,traj,JB,0019,973,0.34502267837524414
KITTI,mono,traj,JB,0019,974,0.10669058561325073
KITTI,mono,traj,JB,0019,975,1.051836609840393
KITTI,mono,traj,JB,0019,976,0.7624653577804565
KITTI,mono,traj,JB,0019,977,0.7369904220104218
KITTI,mono,traj,JB,0019,978,0.38876453042030334
KITTI,mono,traj,JB,0019,979,0.8927615284919739
KITTI,mono,traj,JB,0019,980,0.5832701921463013
KITTI,mono,traj,JB,0019,981,0.6336592435836792
KITTI,mono,traj,JB,0019,982,0.5901439785957336
KITTI,mono,traj,JB,0019,983,0.10087859630584717
KITTI,mono,traj,JB,0019,984,0.28140708804130554
KITTI,mono,traj,JB,0019,985,0.1368389129638672
KITTI,mono,traj,JB,0019,986,0.26766085624694824
KITTI,mono,traj,JB,0019,987,0.24436303973197937
KITTI,mono,traj,JB,0019,988,0.1980641782283783
KITTI,mono,traj,JB,0019,989,0.5576026439666748
KITTI,mono,traj,JB,0019,990,0.14854055643081665
KITTI,mono,traj,JB,0019,991,0.11596071720123291
KITTI,mono,traj,JB,0019,992,0.2500580847263336
KITTI,mono,traj,JB,0019,993,0.24191340804100037
KITTI,mono,traj,JB,0019,994,0.0
KITTI,mono,traj,JB,0019,995,0.5213958323001862
KITTI,mono,traj,JB,0019,996,0.0
KITTI,mono,traj,JB,0019,997,0.103024423122406
KITTI,mono,traj,JB,0019,998,0.14608722925186157
KITTI,mono,traj,JB,0019,999,0.0
KITTI,mono,traj,JB,0019,1000,0.0
KITTI,mono,traj,JB,0019,1001,0.44002747535705566
KITTI,mono,traj,JB,0019,1002,0.4394108057022095
KITTI,mono,traj,JB,0019,1003,0.23617854714393616
KITTI,mono,traj,JB,0019,1004,0.11476477980613708
KITTI,mono,traj,JB,0019,1005,0.2681208550930023
KITTI,mono,traj,JB,0019,1006,0.33968305587768555
KITTI,mono,traj,JB,0019,1007,0.2759546637535095
KITTI,mono,traj,JB,0019,1008,0.11240509152412415
KITTI,mono,traj,JB,0019,1009,0.37298521399497986
KITTI,mono,traj,JB,0019,1010,0.472489595413208
KITTI,mono,traj,JB,0019,1011,0.2486705183982849
KITTI,mono,traj,JB,0019,1012,0.27396994829177856
KITTI,mono,traj,JB,0019,1013,0.21601152420043945
KITTI,mono,traj,JB,0019,1014,0.1650540828704834
KITTI,mono,traj,JB,0019,1015,0.0
KITTI,mono,traj,JB,0019,1016,0.33203792572021484
KITTI,mono,traj,JB,0019,1017,0.3177744746208191
KITTI,mono,traj,JB,0019,1018,0.33119893074035645
KITTI,mono,traj,JB,0019,1019,0.4498578906059265
KITTI,mono,traj,JB,0019,1020,0.0
KITTI,mono,traj,JB,0019,1021,0.0
KITTI,mono,traj,JB,0019,1022,0.30930665135383606
KITTI,mono,traj,JB,0019,1023,0.5352903604507446
KITTI,mono,traj,JB,0019,1024,0.24854964017868042
KITTI,mono,traj,JB,0019,1025,0.23315134644508362
KITTI,mono,traj,JB,0019,1026,0.12421301007270813
KITTI,mono,traj,JB,0019,1027,0.10669058561325073
KITTI,mono,traj,JB,0019,1028,0.23707666993141174
KITTI,mono,traj,JB,0019,1029,0.2513493597507477
KITTI,mono,traj,JB,0019,1030,0.1259227693080902
KITTI,mono,traj,JB,0019,1031,0.12984344363212585
KITTI,mono,traj,JB,0019,1032,0.10338595509529114
KITTI,mono,traj,JB,0019,1033,0.10781264305114746
KITTI,mono,traj,JB,0019,1034,0.10557883977890015
KITTI,mono,traj,JB,0019,1035,0.0
KITTI,mono,traj,JB,0019,1036,0.10669058561325073
KITTI,mono,traj,JB,0019,1037,0.0
KITTI,mono,traj,JB,0019,1038,0.0
KITTI,mono,traj,JB,0019,1039,0.0
KITTI,mono,traj,JB,0019,1040,0.0
KITTI,mono,traj,JB,0019,1041,0.11047112941741943
KITTI,mono,traj,JB,0019,1042,0.0
KITTI,mono,traj,JB,0019,1043,0.0
KITTI,mono,traj,JB,0019,1044,0.11008787155151367
KITTI,mono,traj,JB,0019,1045,0.0
KITTI,mono,traj,JB,0019,1046,0.2690242826938629
KITTI,mono,traj,JB,0019,1047,0.0
KITTI,mono,traj,JB,0019,1048,0.0
KITTI,mono,traj,JB,0019,1049,0.0
KITTI,mono,traj,JB,0019,1050,0.0
KITTI,mono,traj,JB,0019,1051,0.0
KITTI,mono,traj,JB,0019,1052,0.12549346685409546
KITTI,mono,traj,JB,0019,1053,0.10230469703674316
KITTI,mono,traj,JB,0019,1054,0.2355257272720337
KITTI,mono,traj,JB,0019,1055,0.10194653272628784
KITTI,mono,traj,JB,0019,1056,0.0
KITTI,mono,traj,JB,0019,1057,0.0
KITTI,mono,traj,JB,0019,1058,0.0
nuScenes,oracle,brake,J,scene-0002,0,0.87255859375
nuScenes,oracle,brake,J,scene-0002,1,0.96453857421875
nuScenes,oracle,brake,J,scene-0002,2,0.2978515625
nuScenes,oracle,brake,J,scene-0002,3,0.0
nuScenes,oracle,brake,J,scene-0002,4,0.26507568359375
nuScenes,oracle,brake,J,scene-0002,5,0.22406005859375
nuScenes,oracle,brake,J,scene-0002,6,0.4337158203125
nuScenes,oracle,brake,J,scene-0002,7,0.65924072265625
nuScenes,oracle,brake,J,scene-0002,8,0.3475341796875
nuScenes,oracle,brake,J,scene-0002,9,0.2081298828125
nuScenes,oracle,brake,J,scene-0002,10,0.1778564453125
nuScenes,oracle,brake,J,scene-0002,11,0.27593994140625
nuScenes,oracle,brake,J,scene-0002,12,0.4818115234375
nuScenes,oracle,brake,J,scene-0002,13,0.3028564453125
nuScenes,oracle,brake,J,scene-0002,14,0.3619384765625
nuScenes,oracle,brake,J,scene-0002,15,0.52197265625
nuScenes,oracle,brake,J,scene-0002,16,0.1251220703125
nuScenes,oracle,brake,J,scene-0002,17,0.1514892578125
nuScenes,oracle,brake,J,scene-0002,18,0.1441650390625
nuScenes,oracle,brake,J,scene-0002,19,0.0
nuScenes,oracle,brake,J,scene-0002,20,0.0
nuScenes,oracle,brake,J,scene-0002,21,0.1041259765625
nuScenes,oracle,brake,J,scene-0002,22,0.1285400390625
nuScenes,oracle,brake,J,scene-0002,23,0.132080078125
nuScenes,oracle,brake,J,scene-0002,24,0.0
nuScenes,oracle,brake,J,scene-0002,25,0.0
nuScenes,oracle,brake,J,scene-0002,26,0.0
nuScenes,oracle,brake,J,scene-0002,27,0.96331787109375
nuScenes,oracle,brake,J,scene-0002,28,0.2802734375
nuScenes,oracle,brake,J,scene-0002,29,0.12548828125
nuScenes,oracle,brake,J,scene-0002,30,0.0
nuScenes,oracle,brake,J,scene-0002,31,0.175537109375
nuScenes,oracle,brake,J,scene-0002,32,0.384521484375
nuScenes,oracle,brake,J,scene-0002,33,0.0
nuScenes,oracle,brake,J,scene-0002,34,0.0
nuScenes,oracle,brake,J,scene-0002,35,0.0
nuScenes,oracle,brake,J,scene-0002,36,0.0
nuScenes,oracle,brake,J,scene-0002,37,0.1607666015625
nuScenes,oracle,brake,J,scene-0002,38,0.10821533203125
nuScenes,oracle,brake,J,scene-0002,39,0.0
nuScenes,oracle,brake,J,scene-0003,0,0.39501953125
nuScenes,oracle,brake,J,scene-0003,1,0.288330078125
nuScenes,oracle,brake,J,scene-0003,2,0.1925048828125
nuScenes,oracle,brake,J,scene-0003,3,0.48388671875
nuScenes,oracle,brake,J,scene-0003,4,0.2508544921875
nuScenes,oracle,brake,J,scene-0003,5,0.671142578125
nuScenes,oracle,brake,J,scene-0003,6,0.7762451171875
nuScenes,oracle,brake,J,scene-0003,7,0.61175537109375
nuScenes,oracle,brake,J,scene-0003,8,0.29205322265625
nuScenes,oracle,brake,J,scene-0003,9,0.8675537109375
nuScenes,oracle,brake,J,scene-0003,10,0.8748779296875
nuScenes,oracle,brake,J,scene-0003,11,0.501953125
nuScenes,oracle,brake,J,scene-0003,12,0.3743896484375
nuScenes,oracle,brake,J,scene-0003,13,0.3575439453125
nuScenes,oracle,brake,J,scene-0003,14,0.1263427734375
nuScenes,oracle,brake,J,scene-0003,15,0.5777587890625
nuScenes,oracle,brake,J,scene-0003,16,0.8748779296875
nuScenes,oracle,brake,J,scene-0003,17,0.1634521484375
nuScenes,oracle,brake,J,scene-0003,18,1.0001220703125
nuScenes,oracle,brake,J,scene-0003,19,0.6573486328125
nuScenes,oracle,brake,J,scene-0003,20,0.11126708984375
nuScenes,oracle,brake,J,scene-0003,21,0.0
nuScenes,oracle,brake,J,scene-0003,22,0.2371826171875
nuScenes,oracle,brake,J,scene-0003,23,0.314697265625
nuScenes,oracle,brake,J,scene-0003,24,0.3450927734375
nuScenes,oracle,brake,J,scene-0003,25,0.3096923828125
nuScenes,oracle,brake,J,scene-0003,26,0.55755615234375
nuScenes,oracle,brake,J,scene-0003,27,0.0
nuScenes,oracle,brake,J,scene-0003,28,0.2628173828125
nuScenes,oracle,brake,J,scene-0003,29,0.356689453125
nuScenes,oracle,brake,J,scene-0003,30,0.1307373046875
nuScenes,oracle,brake,J,scene-0003,31,0.58233642578125
nuScenes,oracle,brake,J,scene-0003,32,0.87200927734375
nuScenes,oracle,brake,J,scene-0003,33,0.1422119140625
nuScenes,oracle,brake,J,scene-0003,34,0.424560546875
nuScenes,oracle,brake,J,scene-0003,35,0.62353515625
nuScenes,oracle,brake,J,scene-0003,36,0.0
nuScenes,oracle,brake,J,scene-0003,37,0.11798095703125
nuScenes,oracle,brake,J,scene-0003,38,0.0
nuScenes,oracle,brake,J,scene-0003,39,0.47637939453125
nuScenes,oracle,brake,J,scene-0004,0,1.0303955078125
nuScenes,oracle,brake,J,scene-0004,1,0.689697265625
nuScenes,oracle,brake,J,scene-0004,2,0.46112060546875
nuScenes,oracle,brake,J,scene-0004,3,0.4827880859375
nuScenes,oracle,brake,J,scene-0004,4,0.0
nuScenes,oracle,brake,J,scene-0004,5,0.3380126953125
nuScenes,oracle,brake,J,scene-0004,6,1.619384765625
nuScenes,oracle,brake,J,scene-0004,7,0.8853759765625
nuScenes,oracle,brake,J,scene-0004,8,0.8515625
nuScenes,oracle,brake,J,scene-0004,9,1.329345703125
nuScenes,oracle,brake,J,scene-0004,10,1.1649169921875
nuScenes,oracle,brake,J,scene-0004,11,0.5816650390625
nuScenes,oracle,brake,J,scene-0004,12,0.30487060546875
nuScenes,oracle,brake,J,scene-0004,13,0.2960205078125
nuScenes,oracle,brake,J,scene-0004,14,0.12335205078125
nuScenes,oracle,brake,J,scene-0004,15,0.0
nuScenes,oracle,brake,J,scene-0004,16,0.6920166015625
nuScenes,oracle,brake,J,scene-0004,17,0.0
nuScenes,oracle,brake,J,scene-0004,18,0.10821533203125
nuScenes,oracle,brake,J,scene-0004,19,0.67254638671875
nuScenes,oracle,brake,J,scene-0004,20,0.0
nuScenes,oracle,brake,J,scene-0004,21,0.0
nuScenes,oracle,brake,J,scene-0004,22,0.0
nuScenes,oracle,brake,J,scene-0004,23,0.0
nuScenes,oracle,brake,J,scene-0004,24,0.7606201171875
nuScenes,oracle,brake,J,scene-0004,25,0.0
nuScenes,oracle,brake,J,scene-0004,26,0.4781494140625
nuScenes,oracle,brake,J,scene-0004,27,0.3443603515625
nuScenes,oracle,brake,J,scene-0004,28,0.30126953125
nuScenes,oracle,brake,J,scene-0004,29,0.556640625
nuScenes,oracle,brake,J,scene-0004,30,0.29754638671875
nuScenes,oracle,brake,J,scene-0004,31,0.50506591796875
nuScenes,oracle,brake,J,scene-0004,32,0.0
nuScenes,oracle,brake,J,scene-0004,33,0.0
nuScenes,oracle,brake,J,scene-0004,34,0.42041015625
nuScenes,oracle,brake,J,scene-0004,35,0.0
nuScenes,oracle,brake,J,scene-0004,36,0.0
nuScenes,oracle,brake,J,scene-0004,37,0.0
nuScenes,oracle,brake,J,scene-0004,38,0.1436767578125
nuScenes,oracle,brake,J,scene-0004,39,0.0
nuScenes,oracle,brake,J,scene-0012,0,0.23828125
nuScenes,oracle,brake,J,scene-0012,1,0.1044921875
nuScenes,oracle,brake,J,scene-0012,2,0.0
nuScenes,oracle,brake,J,scene-0012,3,0.1375732421875
nuScenes,oracle,brake,J,scene-0012,4,0.1365966796875
nuScenes,oracle,brake,J,scene-0012,5,0.0
nuScenes,oracle,brake,J,scene-0012,6,0.1456298828125
nuScenes,oracle,brake,J,scene-0012,7,0.92718505859375
nuScenes,oracle,brake,J,scene-0012,8,1.02301025390625
nuScenes,oracle,brake,J,scene-0012,9,0.6240234375
nuScenes,oracle,brake,J,scene-0012,10,0.0
nuScenes,oracle,brake,J,scene-0012,11,0.3465576171875
nuScenes,oracle,brake,J,scene-0012,12,0.1187744140625
nuScenes,oracle,brake,J,scene-0012,13,0.1761474609375
nuScenes,oracle,brake,J,scene-0012,14,0.0
nuScenes,oracle,brake,J,scene-0012,15,0.0
nuScenes,oracle,brake,J,scene-0012,16,0.0
nuScenes,oracle,brake,J,scene-0012,17,0.0
nuScenes,oracle,brake,J,scene-0012,18,0.0
nuScenes,oracle,brake,J,scene-0012,19,0.0
nuScenes,oracle,brake,J,scene-0012,20,0.0
nuScenes,oracle,brake,J,scene-0012,21,0.0
nuScenes,oracle,brake,J,scene-0012,22,0.0
nuScenes,oracle,brake,J,scene-0012,23,0.0
nuScenes,oracle,brake,J,scene-0012,24,0.0
nuScenes,oracle,brake,J,scene-0012,25,0.219970703125
nuScenes,oracle,brake,J,scene-0012,26,0.0
nuScenes,oracle,brake,J,scene-0012,27,0.0
nuScenes,oracle,brake,J,scene-0012,28,0.0
nuScenes,oracle,brake,J,scene-0012,29,0.0
nuScenes,oracle,brake,J,scene-0012,30,0.0
nuScenes,oracle,brake,J,scene-0012,31,0.0
nuScenes,oracle,brake,J,scene-0012,32,0.0
nuScenes,oracle,brake,J,scene-0012,33,0.0
nuScenes,oracle,brake,J,scene-0012,34,0.0
nuScenes,oracle,brake,J,scene-0012,35,0.1246337890625
nuScenes,oracle,brake,J,scene-0012,36,0.21343994140625
nuScenes,oracle,brake,J,scene-0012,37,0.2017822265625
nuScenes,oracle,brake,J,scene-0012,38,0.44110107421875
nuScenes,oracle,brake,J,scene-0012,39,0.127685546875
nuScenes,oracle,brake,J,scene-0013,0,0.0
nuScenes,oracle,brake,J,scene-0013,1,0.2120361328125
nuScenes,oracle,brake,J,scene-0013,2,0.19189453125
nuScenes,oracle,brake,J,scene-0013,3,0.31549072265625
nuScenes,oracle,brake,J,scene-0013,4,0.37255859375
nuScenes,oracle,brake,J,scene-0013,5,0.1519775390625
nuScenes,oracle,brake,J,scene-0013,6,0.202392578125
nuScenes,oracle,brake,J,scene-0013,7,0.6778564453125
nuScenes,oracle,brake,J,scene-0013,8,0.5615234375
nuScenes,oracle,brake,J,scene-0013,9,0.24072265625
nuScenes,oracle,brake,J,scene-0013,10,0.3050537109375
nuScenes,oracle,brake,J,scene-0013,11,0.8487548828125
nuScenes,oracle,brake,J,scene-0013,12,0.95953369140625
nuScenes,oracle,brake,J,scene-0013,13,0.5335693359375
nuScenes,oracle,brake,J,scene-0013,14,0.3887939453125
nuScenes,oracle,brake,J,scene-0013,15,0.4652099609375
nuScenes,oracle,brake,J,scene-0013,16,0.6187744140625
nuScenes,oracle,brake,J,scene-0013,17,0.55450439453125
nuScenes,oracle,brake,J,scene-0013,18,0.4263916015625
nuScenes,oracle,brake,J,scene-0013,19,0.25921630859375
nuScenes,oracle,brake,J,scene-0013,20,0.3070068359375
nuScenes,oracle,brake,J,scene-0013,21,0.178955078125
nuScenes,oracle,brake,J,scene-0013,22,0.155029296875
nuScenes,oracle,brake,J,scene-0013,23,0.0
nuScenes,oracle,brake,J,scene-0013,24,0.0
nuScenes,oracle,brake,J,scene-0013,25,0.0
nuScenes,oracle,brake,J,scene-0013,26,0.0
nuScenes,oracle,brake,J,scene-0013,27,0.0
nuScenes,oracle,brake,J,scene-0013,28,0.0
nuScenes,oracle,brake,J,scene-0013,29,0.0
nuScenes,oracle,brake,J,scene-0013,30,0.0
nuScenes,oracle,brake,J,scene-0013,31,0.275146484375
nuScenes,oracle,brake,J,scene-0013,32,0.213134765625
nuScenes,oracle,brake,J,scene-0013,33,0.93853759765625
nuScenes,oracle,brake,J,scene-0013,34,0.2322998046875
nuScenes,oracle,brake,J,scene-0013,35,0.261962890625
nuScenes,oracle,brake,J,scene-0013,36,0.54327392578125
nuScenes,oracle,brake,J,scene-0013,37,0.307373046875
nuScenes,oracle,brake,J,scene-0013,38,0.537353515625
nuScenes,oracle,brake,J,scene-0013,39,0.2381591796875
nuScenes,oracle,brake,J,scene-0014,0,0.132080078125
nuScenes,oracle,brake,J,scene-0014,1,0.22869873046875
nuScenes,oracle,brake,J,scene-0014,2,0.0
nuScenes,oracle,brake,J,scene-0014,3,0.0
nuScenes,oracle,brake,J,scene-0014,4,0.0
nuScenes,oracle,brake,J,scene-0014,5,0.0
nuScenes,oracle,brake,J,scene-0014,6,0.0
nuScenes,oracle,brake,J,scene-0014,7,0.0
nuScenes,oracle,brake,J,scene-0014,8,0.0
nuScenes,oracle,brake,J,scene-0014,9,0.0
nuScenes,oracle,brake,J,scene-0014,10,0.0
nuScenes,oracle,brake,J,scene-0014,11,0.0
nuScenes,oracle,brake,J,scene-0014,12,0.0
nuScenes,oracle,brake,J,scene-0014,13,0.0
nuScenes,oracle,brake,J,scene-0014,14,0.1285400390625
nuScenes,oracle,brake,J,scene-0014,15,0.11199951171875
nuScenes,oracle,brake,J,scene-0014,16,0.3521728515625
nuScenes,oracle,brake,J,scene-0014,17,0.0
nuScenes,oracle,brake,J,scene-0014,18,0.0
nuScenes,oracle,brake,J,scene-0014,19,0.1461181640625
nuScenes,oracle,brake,J,scene-0014,20,0.0
nuScenes,oracle,brake,J,scene-0014,21,0.0
nuScenes,oracle,brake,J,scene-0014,22,0.0
nuScenes,oracle,brake,J,scene-0014,23,0.1431884765625
nuScenes,oracle,brake,J,scene-0014,24,0.0
nuScenes,oracle,brake,J,scene-0014,25,0.0
nuScenes,oracle,brake,J,scene-0014,26,0.0
nuScenes,oracle,brake,J,scene-0014,27,0.11126708984375
nuScenes,oracle,brake,J,scene-0014,28,0.1456298828125
nuScenes,oracle,brake,J,scene-0014,29,0.29180908203125
nuScenes,oracle,brake,J,scene-0014,30,0.2294921875
nuScenes,oracle,brake,J,scene-0014,31,0.0
nuScenes,oracle,brake,J,scene-0014,32,0.0
nuScenes,oracle,brake,J,scene-0014,33,0.0
nuScenes,oracle,brake,J,scene-0014,34,0.0
nuScenes,oracle,brake,J,scene-0014,35,0.154541015625
nuScenes,oracle,brake,J,scene-0014,36,0.0
nuScenes,oracle,brake,J,scene-0014,37,0.0
nuScenes,oracle,brake,J,scene-0014,38,0.1175537109375
nuScenes,oracle,brake,J,scene-0014,39,0.0
nuScenes,oracle,brake,J,scene-0022,0,0.1143798828125
nuScenes,oracle,brake,J,scene-0022,1,0.74432373046875
nuScenes,oracle,brake,J,scene-0022,2,0.1912841796875
nuScenes,oracle,brake,J,scene-0022,3,0.181884765625
nuScenes,oracle,brake,J,scene-0022,4,0.1859130859375
nuScenes,oracle,brake,J,scene-0022,5,0.0
nuScenes,oracle,brake,J,scene-0022,6,0.51739501953125
nuScenes,oracle,brake,J,scene-0022,7,0.25421142578125
nuScenes,oracle,brake,J,scene-0022,8,0.0
nuScenes,oracle,brake,J,scene-0022,9,0.7137451171875
nuScenes,oracle,brake,J,scene-0022,10,0.272216796875
nuScenes,oracle,brake,J,scene-0022,11,0.7806396484375
nuScenes,oracle,brake,J,scene-0022,12,0.1571044921875
nuScenes,oracle,brake,J,scene-0022,13,0.10015869140625
nuScenes,oracle,brake,J,scene-0022,14,0.0
nuScenes,oracle,brake,J,scene-0022,15,0.1217041015625
nuScenes,oracle,brake,J,scene-0022,16,0.230224609375
nuScenes,oracle,brake,J,scene-0022,17,0.0
nuScenes,oracle,brake,J,scene-0022,18,0.1566162109375
nuScenes,oracle,brake,J,scene-0022,19,0.3038330078125
nuScenes,oracle,brake,J,scene-0022,20,0.69415283203125
nuScenes,oracle,brake,J,scene-0022,21,0.4422607421875
nuScenes,oracle,brake,J,scene-0022,22,0.2283935546875
nuScenes,oracle,brake,J,scene-0022,23,0.10821533203125
nuScenes,oracle,brake,J,scene-0022,24,0.16455078125
nuScenes,oracle,brake,J,scene-0022,25,0.0
nuScenes,oracle,brake,J,scene-0022,26,0.132080078125
nuScenes,oracle,brake,J,scene-0022,27,0.0
nuScenes,oracle,brake,J,scene-0022,28,0.3792724609375
nuScenes,oracle,brake,J,scene-0022,29,0.22149658203125
nuScenes,oracle,brake,J,scene-0022,30,0.31005859375
nuScenes,oracle,brake,J,scene-0022,31,0.0
nuScenes,oracle,brake,J,scene-0022,32,0.0
nuScenes,oracle,brake,J,scene-0022,33,0.0
nuScenes,oracle,brake,J,scene-0022,34,0.0
nuScenes,oracle,brake,J,scene-0022,35,0.127685546875
nuScenes,oracle,brake,J,scene-0022,36,0.1470947265625
nuScenes,oracle,brake,J,scene-0022,37,0.2037353515625
nuScenes,oracle,brake,J,scene-0022,38,0.0
nuScenes,oracle,brake,J,scene-0022,39,0.153076171875
nuScenes,oracle,brake,J,scene-0023,0,0.0
nuScenes,oracle,brake,J,scene-0023,1,0.0
nuScenes,oracle,brake,J,scene-0023,2,0.1375732421875
nuScenes,oracle,brake,J,scene-0023,3,0.0
nuScenes,oracle,brake,J,scene-0023,4,0.0
nuScenes,oracle,brake,J,scene-0023,5,0.0
nuScenes,oracle,brake,J,scene-0023,6,0.0
nuScenes,oracle,brake,J,scene-0023,7,0.0
nuScenes,oracle,brake,J,scene-0023,8,0.0
nuScenes,oracle,brake,J,scene-0023,9,0.182373046875
nuScenes,oracle,brake,J,scene-0023,10,0.0
nuScenes,oracle,brake,J,scene-0023,11,0.0
nuScenes,oracle,brake,J,scene-0023,12,0.0
nuScenes,oracle,brake,J,scene-0023,13,0.1842041015625
nuScenes,oracle,brake,J,scene-0023,14,0.153076171875
nuScenes,oracle,brake,J,scene-0023,15,0.1973876953125
nuScenes,oracle,brake,J,scene-0023,16,0.5257568359375
nuScenes,oracle,brake,J,scene-0023,17,0.3790283203125
nuScenes,oracle,brake,J,scene-0023,18,0.2322998046875
nuScenes,oracle,brake,J,scene-0023,19,0.0
nuScenes,oracle,brake,J,scene-0023,20,0.199951171875
nuScenes,oracle,brake,J,scene-0023,21,0.0
nuScenes,oracle,brake,J,scene-0023,22,0.0
nuScenes,oracle,brake,J,scene-0023,23,0.0
nuScenes,oracle,brake,J,scene-0023,24,0.1412353515625
nuScenes,oracle,brake,J,scene-0023,25,0.0
nuScenes,oracle,brake,J,scene-0023,26,0.0
nuScenes,oracle,brake,J,scene-0023,27,0.0
nuScenes,oracle,brake,J,scene-0023,28,0.0
nuScenes,oracle,brake,J,scene-0023,29,0.0
nuScenes,oracle,brake,J,scene-0023,30,0.0
nuScenes,oracle,brake,J,scene-0023,31,0.216064453125
nuScenes,oracle,brake,J,scene-0023,32,0.0
nuScenes,oracle,brake,J,scene-0023,33,0.0
nuScenes,oracle,brake,J,scene-0023,34,0.2486572265625
nuScenes,oracle,brake,J,scene-0023,35,0.3282470703125
nuScenes,oracle,brake,J,scene-0023,36,0.3895263671875
nuScenes,oracle,brake,J,scene-0023,37,0.0
nuScenes,oracle,brake,J,scene-0023,38,0.0
nuScenes,oracle,brake,J,scene-0023,39,0.0
nuScenes,oracle,brake,J,scene-0024,0,0.418212890625
nuScenes,oracle,brake,J,scene-0024,1,0.23968505859375
nuScenes,oracle,brake,J,scene-0024,2,0.8638916015625
nuScenes,oracle,brake,J,scene-0024,3,0.22967529296875
nuScenes,oracle,brake,J,scene-0024,4,0.5172119140625
nuScenes,oracle,brake,J,scene-0024,5,0.4710693359375
nuScenes,oracle,brake,J,scene-0024,6,0.0
nuScenes,oracle,brake,J,scene-0024,7,0.45892333984375
nuScenes,oracle,brake,J,scene-0024,8,0.1895751953125
nuScenes,oracle,brake,J,scene-0024,9,0.0
nuScenes,oracle,brake,J,scene-0024,10,0.36962890625
nuScenes,oracle,brake,J,scene-0024,11,0.1019287109375
nuScenes,oracle,brake,J,scene-0024,12,0.37091064453125
nuScenes,oracle,brake,J,scene-0024,13,0.4879150390625
nuScenes,oracle,brake,J,scene-0024,14,0.0
nuScenes,oracle,brake,J,scene-0024,15,0.63201904296875
nuScenes,oracle,brake,J,scene-0024,16,0.28564453125
nuScenes,oracle,brake,J,scene-0024,17,0.455810546875
nuScenes,oracle,brake,J,scene-0024,18,0.265380859375
nuScenes,oracle,brake,J,scene-0024,19,0.41302490234375
nuScenes,oracle,brake,J,scene-0024,20,0.2081298828125
nuScenes,oracle,brake,J,scene-0024,21,0.3028564453125
nuScenes,oracle,brake,J,scene-0024,22,0.5791015625
nuScenes,oracle,brake,J,scene-0024,23,0.0
nuScenes,oracle,brake,J,scene-0024,24,0.3609619140625
nuScenes,oracle,brake,J,scene-0024,25,0.4669189453125
nuScenes,oracle,brake,J,scene-0024,26,0.139892578125
nuScenes,oracle,brake,J,scene-0024,27,0.0
nuScenes,oracle,brake,J,scene-0024,28,0.0
nuScenes,oracle,brake,J,scene-0024,29,0.204345703125
nuScenes,oracle,brake,J,scene-0024,30,0.2901611328125
nuScenes,oracle,brake,J,scene-0024,31,0.39501953125
nuScenes,oracle,brake,J,scene-0024,32,0.171630859375
nuScenes,oracle,brake,J,scene-0024,33,0.12420654296875
nuScenes,oracle,brake,J,scene-0024,34,0.0
nuScenes,oracle,brake,J,scene-0024,35,0.107421875
nuScenes,oracle,brake,J,scene-0024,36,0.0
nuScenes,oracle,brake,J,scene-0024,37,0.0
nuScenes,oracle,brake,J,scene-0024,38,0.0
nuScenes,oracle,brake,J,scene-0024,39,0.0
nuScenes,oracle,brake,J,scene-0032,0,0.0
nuScenes,oracle,brake,J,scene-0032,1,0.2127685546875
nuScenes,oracle,brake,J,scene-0032,2,0.0
nuScenes,oracle,brake,J,scene-0032,3,0.0
nuScenes,oracle,brake,J,scene-0032,4,0.23760986328125
nuScenes,oracle,brake,J,scene-0032,5,0.6202392578125
nuScenes,oracle,brake,J,scene-0032,6,0.47528076171875
nuScenes,oracle,brake,J,scene-0032,7,0.0
nuScenes,oracle,brake,J,scene-0032,8,0.0
nuScenes,oracle,brake,J,scene-0032,9,0.2213134765625
nuScenes,oracle,brake,J,scene-0032,10,0.0
nuScenes,oracle,brake,J,scene-0032,11,0.3115234375
nuScenes,oracle,brake,J,scene-0032,12,0.0
nuScenes,oracle,brake,J,scene-0032,13,0.0
nuScenes,oracle,brake,J,scene-0032,14,0.10302734375
nuScenes,oracle,brake,J,scene-0032,15,0.0
nuScenes,oracle,brake,J,scene-0032,16,0.0
nuScenes,oracle,brake,J,scene-0032,17,0.0
nuScenes,oracle,brake,J,scene-0032,18,0.0
nuScenes,oracle,brake,J,scene-0032,19,0.0
nuScenes,oracle,brake,J,scene-0032,20,0.0
nuScenes,oracle,brake,J,scene-0032,21,0.20208740234375
nuScenes,oracle,brake,J,scene-0032,22,0.0
nuScenes,oracle,brake,J,scene-0032,23,0.0
nuScenes,oracle,brake,J,scene-0032,24,0.0
nuScenes,oracle,brake,J,scene-0032,25,0.0
nuScenes,oracle,brake,J,scene-0032,26,0.0
nuScenes,oracle,brake,J,scene-0032,27,0.0
nuScenes,oracle,brake,J,scene-0032,28,0.0
nuScenes,oracle,brake,J,scene-0032,29,0.0
nuScenes,oracle,brake,J,scene-0032,30,0.0
nuScenes,oracle,brake,J,scene-0032,31,0.0
nuScenes,oracle,brake,J,scene-0032,32,0.0
nuScenes,oracle,brake,J,scene-0032,33,0.0
nuScenes,oracle,brake,J,scene-0032,34,0.3836669921875
nuScenes,oracle,brake,J,scene-0032,35,0.12188720703125
nuScenes,oracle,brake,J,scene-0032,36,0.0
nuScenes,oracle,brake,J,scene-0032,37,0.0
nuScenes,oracle,brake,J,scene-0032,38,0.0
nuScenes,oracle,brake,J,scene-0032,39,0.0
nuScenes,oracle,brake,J,scene-0033,0,0.11199951171875
nuScenes,oracle,brake,J,scene-0033,1,0.1263427734375
nuScenes,oracle,brake,J,scene-0033,2,0.41845703125
nuScenes,oracle,brake,J,scene-0033,3,0.0
nuScenes,oracle,brake,J,scene-0033,4,0.11920166015625
nuScenes,oracle,brake,J,scene-0033,5,0.118408203125
nuScenes,oracle,brake,J,scene-0033,6,0.12890625
nuScenes,oracle,brake,J,scene-0033,7,0.21685791015625
nuScenes,oracle,brake,J,scene-0033,8,0.0
nuScenes,oracle,brake,J,scene-0033,9,0.0
nuScenes,oracle,brake,J,scene-0033,10,0.423828125
nuScenes,oracle,brake,J,scene-0033,11,0.529296875
nuScenes,oracle,brake,J,scene-0033,12,0.50927734375
nuScenes,oracle,brake,J,scene-0033,13,0.206298828125
nuScenes,oracle,brake,J,scene-0033,14,0.1055908203125
nuScenes,oracle,brake,J,scene-0033,15,0.120849609375
nuScenes,oracle,brake,J,scene-0033,16,0.0
nuScenes,oracle,brake,J,scene-0033,17,0.3446044921875
nuScenes,oracle,brake,J,scene-0033,18,0.1033935546875
nuScenes,oracle,brake,J,scene-0033,19,0.0
nuScenes,oracle,brake,J,scene-0033,20,0.0
nuScenes,oracle,brake,J,scene-0033,21,0.2239990234375
nuScenes,oracle,brake,J,scene-0033,22,0.1259765625
nuScenes,oracle,brake,J,scene-0033,23,0.26470947265625
nuScenes,oracle,brake,J,scene-0033,24,0.22119140625
nuScenes,oracle,brake,J,scene-0033,25,0.52587890625
nuScenes,oracle,brake,J,scene-0033,26,0.2427978515625
nuScenes,oracle,brake,J,scene-0033,27,0.24365234375
nuScenes,oracle,brake,J,scene-0033,28,0.178955078125
nuScenes,oracle,brake,J,scene-0033,29,0.0
nuScenes,oracle,brake,J,scene-0033,30,0.0
nuScenes,oracle,brake,J,scene-0033,31,0.0
nuScenes,oracle,brake,J,scene-0033,32,0.0
nuScenes,oracle,brake,J,scene-0033,33,0.178955078125
nuScenes,oracle,brake,J,scene-0033,34,0.0
nuScenes,oracle,brake,J,scene-0033,35,0.0
nuScenes,oracle,brake,J,scene-0033,36,0.0
nuScenes,oracle,brake,J,scene-0033,37,0.0
nuScenes,oracle,brake,J,scene-0033,38,0.1044921875
nuScenes,oracle,brake,J,scene-0033,39,0.1707763671875
nuScenes,oracle,brake,J,scene-0034,0,0.0
nuScenes,oracle,brake,J,scene-0034,1,0.0
nuScenes,oracle,brake,J,scene-0034,2,0.0
nuScenes,oracle,brake,J,scene-0034,3,0.0
nuScenes,oracle,brake,J,scene-0034,4,0.0
nuScenes,oracle,brake,J,scene-0034,5,0.0
nuScenes,oracle,brake,J,scene-0034,6,0.0
nuScenes,oracle,brake,J,scene-0034,7,0.0
nuScenes,oracle,brake,J,scene-0034,8,0.0
nuScenes,oracle,brake,J,scene-0034,9,0.0
nuScenes,oracle,brake,J,scene-0034,10,0.0
nuScenes,oracle,brake,J,scene-0034,11,0.0
nuScenes,oracle,brake,J,scene-0034,12,0.3017578125
nuScenes,oracle,brake,J,scene-0034,13,0.5726318359375
nuScenes,oracle,brake,J,scene-0034,14,0.26806640625
nuScenes,oracle,brake,J,scene-0034,15,0.4095458984375
nuScenes,oracle,brake,J,scene-0034,16,0.5697021484375
nuScenes,oracle,brake,J,scene-0034,17,0.293212890625
nuScenes,oracle,brake,J,scene-0034,18,0.22265625
nuScenes,oracle,brake,J,scene-0034,19,0.0
nuScenes,oracle,brake,J,scene-0034,20,0.1883544921875
nuScenes,oracle,brake,J,scene-0034,21,0.0
nuScenes,oracle,brake,J,scene-0034,22,0.18896484375
nuScenes,oracle,brake,J,scene-0034,23,0.1312255859375
nuScenes,oracle,brake,J,scene-0034,24,0.0
nuScenes,oracle,brake,J,scene-0034,25,0.0
nuScenes,oracle,brake,J,scene-0034,26,0.0
nuScenes,oracle,brake,J,scene-0034,27,0.0
nuScenes,oracle,brake,J,scene-0034,28,0.0
nuScenes,oracle,brake,J,scene-0034,29,0.0
nuScenes,oracle,brake,J,scene-0034,30,0.175537109375
nuScenes,oracle,brake,J,scene-0034,31,0.0
nuScenes,oracle,brake,J,scene-0034,32,0.0
nuScenes,oracle,brake,J,scene-0034,33,0.0
nuScenes,oracle,brake,J,scene-0034,34,0.0
nuScenes,oracle,brake,J,scene-0034,35,0.138427734375
nuScenes,oracle,brake,J,scene-0034,36,0.0
nuScenes,oracle,brake,J,scene-0034,37,0.0
nuScenes,oracle,brake,J,scene-0034,38,0.0
nuScenes,oracle,brake,J,scene-0044,0,0.26263427734375
nuScenes,oracle,brake,J,scene-0044,1,0.0
nuScenes,oracle,brake,J,scene-0044,2,0.0
nuScenes,oracle,brake,J,scene-0044,3,0.3892822265625
nuScenes,oracle,brake,J,scene-0044,4,0.3304443359375
nuScenes,oracle,brake,J,scene-0044,5,0.2493896484375
nuScenes,oracle,brake,J,scene-0044,6,0.2421875
nuScenes,oracle,brake,J,scene-0044,7,0.2421875
nuScenes,oracle,brake,J,scene-0044,8,0.0
nuScenes,oracle,brake,J,scene-0044,9,0.5699462890625
nuScenes,oracle,brake,J,scene-0044,10,0.510498046875
nuScenes,oracle,brake,J,scene-0044,11,0.0
nuScenes,oracle,brake,J,scene-0044,12,0.0
nuScenes,oracle,brake,J,scene-0044,13,0.0
nuScenes,oracle,brake,J,scene-0044,14,0.0
nuScenes,oracle,brake,J,scene-0044,15,0.0
nuScenes,oracle,brake,J,scene-0044,16,0.1470947265625
nuScenes,oracle,brake,J,scene-0044,17,0.1470947265625
nuScenes,oracle,brake,J,scene-0044,18,0.48980712890625
nuScenes,oracle,brake,J,scene-0044,19,0.291259765625
nuScenes,oracle,brake,J,scene-0044,20,0.504638671875
nuScenes,oracle,brake,J,scene-0044,21,0.804443359375
nuScenes,oracle,brake,J,scene-0044,22,0.0
nuScenes,oracle,brake,J,scene-0044,23,0.0
nuScenes,oracle,brake,J,scene-0044,24,0.0
nuScenes,oracle,brake,J,scene-0044,25,0.1187744140625
nuScenes,oracle,brake,J,scene-0044,26,0.1505126953125
nuScenes,oracle,brake,J,scene-0044,27,0.0
nuScenes,oracle,brake,J,scene-0044,28,0.0
nuScenes,oracle,brake,J,scene-0044,29,0.0
nuScenes,oracle,brake,J,scene-0044,30,0.0
nuScenes,oracle,brake,J,scene-0044,31,0.0
nuScenes,oracle,brake,J,scene-0044,32,0.0
nuScenes,oracle,brake,J,scene-0044,33,0.0
nuScenes,oracle,brake,J,scene-0044,34,0.0
nuScenes,oracle,brake,J,scene-0044,35,0.0
nuScenes,oracle,brake,J,scene-0044,36,0.123779296875
nuScenes,oracle,brake,J,scene-0044,37,0.0
nuScenes,oracle,brake,J,scene-0044,38,0.4417724609375
nuScenes,oracle,brake,J,scene-0044,39,0.0
nuScenes,oracle,brake,J,scene-0045,0,1.320556640625
nuScenes,oracle,brake,J,scene-0045,1,1.07049560546875
nuScenes,oracle,brake,J,scene-0045,2,0.4278564453125
nuScenes,oracle,brake,J,scene-0045,3,0.5771484375
nuScenes,oracle,brake,J,scene-0045,4,0.7325439453125
nuScenes,oracle,brake,J,scene-0045,5,0.28857421875
nuScenes,oracle,brake,J,scene-0045,6,0.1441650390625
nuScenes,oracle,brake,J,scene-0045,7,0.769775390625
nuScenes,oracle,brake,J,scene-0045,8,0.67291259765625
nuScenes,oracle,brake,J,scene-0045,9,0.43487548828125
nuScenes,oracle,brake,J,scene-0045,10,0.896240234375
nuScenes,oracle,brake,J,scene-0045,11,0.33123779296875
nuScenes,oracle,brake,J,scene-0045,12,0.46435546875
nuScenes,oracle,brake,J,scene-0045,13,1.00384521484375
nuScenes,oracle,brake,J,scene-0045,14,0.231689453125
nuScenes,oracle,brake,J,scene-0045,15,0.118408203125
nuScenes,oracle,brake,J,scene-0045,16,0.0
nuScenes,oracle,brake,J,scene-0045,17,0.317138671875
nuScenes,oracle,brake,J,scene-0045,18,0.59259033203125
nuScenes,oracle,brake,J,scene-0045,19,0.60498046875
nuScenes,oracle,brake,J,scene-0045,20,0.3465576171875
nuScenes,oracle,brake,J,scene-0045,21,0.31964111328125
nuScenes,oracle,brake,J,scene-0045,22,0.2442626953125
nuScenes,oracle,brake,J,scene-0045,23,0.6546630859375
nuScenes,oracle,brake,J,scene-0045,24,0.28033447265625
nuScenes,oracle,brake,J,scene-0045,25,0.1357421875
nuScenes,oracle,brake,J,scene-0045,26,0.3577880859375
nuScenes,oracle,brake,J,scene-0045,27,0.11199951171875
nuScenes,oracle,brake,J,scene-0045,28,0.81964111328125
nuScenes,oracle,brake,J,scene-0045,29,0.1033935546875
nuScenes,oracle,brake,J,scene-0045,30,0.4010009765625
nuScenes,oracle,brake,J,scene-0045,31,0.40582275390625
nuScenes,oracle,brake,J,scene-0045,32,0.203125
nuScenes,oracle,brake,J,scene-0045,33,0.1422119140625
nuScenes,oracle,brake,J,scene-0045,34,0.36956787109375
nuScenes,oracle,brake,J,scene-0045,35,0.442626953125
nuScenes,oracle,brake,J,scene-0045,36,0.120849609375
nuScenes,oracle,brake,J,scene-0045,37,0.1688232421875
nuScenes,oracle,brake,J,scene-0045,38,0.27850341796875
nuScenes,oracle,brake,J,scene-0046,0,0.0
nuScenes,oracle,brake,J,scene-0046,1,0.1033935546875
nuScenes,oracle,brake,J,scene-0046,2,0.11474609375
nuScenes,oracle,brake,J,scene-0046,3,0.582763671875
nuScenes,oracle,brake,J,scene-0046,4,0.4224853515625
nuScenes,oracle,brake,J,scene-0046,5,0.86822509765625
nuScenes,oracle,brake,J,scene-0046,6,0.8507080078125
nuScenes,oracle,brake,J,scene-0046,7,1.42205810546875
nuScenes,oracle,brake,J,scene-0046,8,0.754150390625
nuScenes,oracle,brake,J,scene-0046,9,0.89697265625
nuScenes,oracle,brake,J,scene-0046,10,0.55364990234375
nuScenes,oracle,brake,J,scene-0046,11,0.869384765625
nuScenes,oracle,brake,J,scene-0046,12,1.04815673828125
nuScenes,oracle,brake,J,scene-0046,13,0.945556640625
nuScenes,oracle,brake,J,scene-0046,14,0.669677734375
nuScenes,oracle,brake,J,scene-0046,15,2.51763916015625
nuScenes,oracle,brake,J,scene-0046,16,0.8564453125
nuScenes,oracle,brake,J,scene-0046,17,1.5745849609375
nuScenes,oracle,brake,J,scene-0046,18,1.714111328125
nuScenes,oracle,brake,J,scene-0046,19,0.99420166015625
nuScenes,oracle,brake,J,scene-0046,20,0.520751953125
nuScenes,oracle,brake,J,scene-0046,21,1.2032470703125
nuScenes,oracle,brake,J,scene-0046,22,1.38812255859375
nuScenes,oracle,brake,J,scene-0046,23,0.880615234375
nuScenes,oracle,brake,J,scene-0046,24,1.17919921875
nuScenes,oracle,brake,J,scene-0046,25,0.5650634765625
nuScenes,oracle,brake,J,scene-0046,26,0.20751953125
nuScenes,oracle,brake,J,scene-0046,27,0.1650390625
nuScenes,oracle,brake,J,scene-0046,28,0.46044921875
nuScenes,oracle,brake,J,scene-0046,29,0.5238037109375
nuScenes,oracle,brake,J,scene-0046,30,0.66082763671875
nuScenes,oracle,brake,J,scene-0046,31,0.6036376953125
nuScenes,oracle,brake,J,scene-0046,32,0.3836669921875
nuScenes,oracle,brake,J,scene-0046,33,0.7545166015625
nuScenes,oracle,brake,J,scene-0046,34,1.03936767578125
nuScenes,oracle,brake,J,scene-0046,35,0.9443359375
nuScenes,oracle,brake,J,scene-0046,36,1.03277587890625
nuScenes,oracle,brake,J,scene-0046,37,1.05731201171875
nuScenes,oracle,brake,J,scene-0046,38,0.26312255859375
nuScenes,oracle,brake,J,scene-0054,0,0.0
nuScenes,oracle,brake,J,scene-0054,1,0.0
nuScenes,oracle,brake,J,scene-0054,2,0.0
nuScenes,oracle,brake,J,scene-0054,3,0.0
nuScenes,oracle,brake,J,scene-0054,4,0.1744384765625
nuScenes,oracle,brake,J,scene-0054,5,0.0
nuScenes,oracle,brake,J,scene-0054,6,0.0
nuScenes,oracle,brake,J,scene-0054,7,0.0
nuScenes,oracle,brake,J,scene-0054,8,0.0
nuScenes,oracle,brake,J,scene-0054,9,0.158203125
nuScenes,oracle,brake,J,scene-0054,10,0.4305419921875
nuScenes,oracle,brake,J,scene-0054,11,0.71673583984375
nuScenes,oracle,brake,J,scene-0054,12,0.173828125
nuScenes,oracle,brake,J,scene-0054,13,0.265869140625
nuScenes,oracle,brake,J,scene-0054,14,0.0
nuScenes,oracle,brake,J,scene-0054,15,0.49169921875
nuScenes,oracle,brake,J,scene-0054,16,0.1591796875
nuScenes,oracle,brake,J,scene-0054,17,0.6549072265625
nuScenes,oracle,brake,J,scene-0054,18,0.236083984375
nuScenes,oracle,brake,J,scene-0054,19,0.4771728515625
nuScenes,oracle,brake,J,scene-0054,20,0.4053955078125
nuScenes,oracle,brake,J,scene-0054,21,0.132568359375
nuScenes,oracle,brake,J,scene-0054,22,0.139892578125
nuScenes,oracle,brake,J,scene-0054,23,0.91015625
nuScenes,oracle,brake,J,scene-0054,24,0.6611328125
nuScenes,oracle,brake,J,scene-0054,25,0.2100830078125
nuScenes,oracle,brake,J,scene-0054,26,0.385009765625
nuScenes,oracle,brake,J,scene-0054,27,0.94036865234375
nuScenes,oracle,brake,J,scene-0054,28,0.619384765625
nuScenes,oracle,brake,J,scene-0054,29,0.44329833984375
nuScenes,oracle,brake,J,scene-0054,30,0.83709716796875
nuScenes,oracle,brake,J,scene-0054,31,0.13427734375
nuScenes,oracle,brake,J,scene-0054,32,0.2451171875
nuScenes,oracle,brake,J,scene-0054,33,0.3209228515625
nuScenes,oracle,brake,J,scene-0054,34,0.2486572265625
nuScenes,oracle,brake,J,scene-0054,35,0.1795654296875
nuScenes,oracle,brake,J,scene-0054,36,0.2281494140625
nuScenes,oracle,brake,J,scene-0054,37,0.0
nuScenes,oracle,brake,J,scene-0054,38,0.0
nuScenes,oracle,brake,J,scene-0055,0,0.499755859375
nuScenes,oracle,brake,J,scene-0055,1,0.3040771484375
nuScenes,oracle,brake,J,scene-0055,2,0.292724609375
nuScenes,oracle,brake,J,scene-0055,3,1.121337890625
nuScenes,oracle,brake,J,scene-0055,4,0.7884521484375
nuScenes,oracle,brake,J,scene-0055,5,1.9068603515625
nuScenes,oracle,brake,J,scene-0055,6,0.2572021484375
nuScenes,oracle,brake,J,scene-0055,7,0.30810546875
nuScenes,oracle,brake,J,scene-0055,8,0.0
nuScenes,oracle,brake,J,scene-0055,9,0.0
nuScenes,oracle,brake,J,scene-0055,10,0.0
nuScenes,oracle,brake,J,scene-0055,11,0.0
nuScenes,oracle,brake,J,scene-0055,12,0.0
nuScenes,oracle,brake,J,scene-0055,13,0.0
nuScenes,oracle,brake,J,scene-0055,14,0.0
nuScenes,oracle,brake,J,scene-0055,15,0.0
nuScenes,oracle,brake,J,scene-0055,16,0.0
nuScenes,oracle,brake,J,scene-0055,17,0.0
nuScenes,oracle,brake,J,scene-0055,18,0.1441650390625
nuScenes,oracle,brake,J,scene-0055,19,0.1510009765625
nuScenes,oracle,brake,J,scene-0055,20,0.0
nuScenes,oracle,brake,J,scene-0055,21,0.1431884765625
nuScenes,oracle,brake,J,scene-0055,22,0.106689453125
nuScenes,oracle,brake,J,scene-0055,23,0.1329345703125
nuScenes,oracle,brake,J,scene-0055,24,0.0
nuScenes,oracle,brake,J,scene-0055,25,0.0
nuScenes,oracle,brake,J,scene-0055,26,0.0
nuScenes,oracle,brake,J,scene-0055,27,0.0
nuScenes,oracle,brake,J,scene-0055,28,0.0
nuScenes,oracle,brake,J,scene-0055,29,0.1871337890625
nuScenes,oracle,brake,J,scene-0055,30,0.0
nuScenes,oracle,brake,J,scene-0055,31,0.10931396484375
nuScenes,oracle,brake,J,scene-0055,32,0.175537109375
nuScenes,oracle,brake,J,scene-0055,33,0.1334228515625
nuScenes,oracle,brake,J,scene-0055,34,0.5430908203125
nuScenes,oracle,brake,J,scene-0055,35,1.14227294921875
nuScenes,oracle,brake,J,scene-0055,36,0.7208251953125
nuScenes,oracle,brake,J,scene-0055,37,0.1705322265625
nuScenes,oracle,brake,J,scene-0055,38,0.0
nuScenes,oracle,brake,J,scene-0055,39,0.0
nuScenes,oracle,brake,J,scene-0056,0,0.1263427734375
nuScenes,oracle,brake,J,scene-0056,1,0.0
nuScenes,oracle,brake,J,scene-0056,2,0.0
nuScenes,oracle,brake,J,scene-0056,3,0.0
nuScenes,oracle,brake,J,scene-0056,4,0.0
nuScenes,oracle,brake,J,scene-0056,5,0.0
nuScenes,oracle,brake,J,scene-0056,6,0.0
nuScenes,oracle,brake,J,scene-0056,7,0.0
nuScenes,oracle,brake,J,scene-0056,8,0.201171875
nuScenes,oracle,brake,J,scene-0056,9,0.359130859375
nuScenes,oracle,brake,J,scene-0056,10,0.3106689453125
nuScenes,oracle,brake,J,scene-0056,11,0.0
nuScenes,oracle,brake,J,scene-0056,12,0.606689453125
nuScenes,oracle,brake,J,scene-0056,13,0.52349853515625
nuScenes,oracle,brake,J,scene-0056,14,0.5013427734375
nuScenes,oracle,brake,J,scene-0056,15,0.0
nuScenes,oracle,brake,J,scene-0056,16,0.0
nuScenes,oracle,brake,J,scene-0056,17,0.0
nuScenes,oracle,brake,J,scene-0056,18,0.0
nuScenes,oracle,brake,J,scene-0056,19,0.0
nuScenes,oracle,brake,J,scene-0056,20,0.0
nuScenes,oracle,brake,J,scene-0056,21,0.0
nuScenes,oracle,brake,J,scene-0056,22,0.2789306640625
nuScenes,oracle,brake,J,scene-0056,23,0.0
nuScenes,oracle,brake,J,scene-0056,24,0.17333984375
nuScenes,oracle,brake,J,scene-0056,25,0.0
nuScenes,oracle,brake,J,scene-0056,26,0.0
nuScenes,oracle,brake,J,scene-0056,27,0.3232421875
nuScenes,oracle,brake,J,scene-0056,28,0.23748779296875
nuScenes,oracle,brake,J,scene-0056,29,0.0
nuScenes,oracle,brake,J,scene-0056,30,0.204345703125
nuScenes,oracle,brake,J,scene-0056,31,0.0
nuScenes,oracle,brake,J,scene-0056,32,0.1591796875
nuScenes,oracle,brake,J,scene-0056,33,0.0
nuScenes,oracle,brake,J,scene-0056,34,0.175537109375
nuScenes,oracle,brake,J,scene-0056,35,0.2081298828125
nuScenes,oracle,brake,J,scene-0056,36,0.359619140625
nuScenes,oracle,brake,J,scene-0056,37,0.45135498046875
nuScenes,oracle,brake,J,scene-0056,38,0.0
nuScenes,oracle,brake,J,scene-0056,39,0.0
nuScenes,oracle,brake,J,scene-0056,40,0.69610595703125
nuScenes,oracle,brake,J,scene-0069,0,0.1026611328125
nuScenes,oracle,brake,J,scene-0069,1,0.120849609375
nuScenes,oracle,brake,J,scene-0069,2,0.2467041015625
nuScenes,oracle,brake,J,scene-0069,3,0.1063232421875
nuScenes,oracle,brake,J,scene-0069,4,0.216064453125
nuScenes,oracle,brake,J,scene-0069,5,0.0
nuScenes,oracle,brake,J,scene-0069,6,0.35870361328125
nuScenes,oracle,brake,J,scene-0069,7,0.48388671875
nuScenes,oracle,brake,J,scene-0069,8,1.1632080078125
nuScenes,oracle,brake,J,scene-0069,9,0.408935546875
nuScenes,oracle,brake,J,scene-0069,10,0.67388916015625
nuScenes,oracle,brake,J,scene-0069,11,0.356201171875
nuScenes,oracle,brake,J,scene-0069,12,0.5638427734375
nuScenes,oracle,brake,J,scene-0069,13,0.22637939453125
nuScenes,oracle,brake,J,scene-0069,14,1.20172119140625
nuScenes,oracle,brake,J,scene-0069,15,0.36181640625
nuScenes,oracle,brake,J,scene-0069,16,0.6160888671875
nuScenes,oracle,brake,J,scene-0069,17,0.0
nuScenes,oracle,brake,J,scene-0069,18,0.26953125
nuScenes,oracle,brake,J,scene-0069,19,0.23095703125
nuScenes,oracle,brake,J,scene-0069,20,0.0
nuScenes,oracle,brake,J,scene-0069,21,0.10015869140625
nuScenes,oracle,brake,J,scene-0069,22,0.3138427734375
nuScenes,oracle,brake,J,scene-0069,23,0.0
nuScenes,oracle,brake,J,scene-0069,24,0.327392578125
nuScenes,oracle,brake,J,scene-0069,25,0.0
nuScenes,oracle,brake,J,scene-0069,26,0.0
nuScenes,oracle,brake,J,scene-0069,27,0.1688232421875
nuScenes,oracle,brake,J,scene-0069,28,0.0
nuScenes,oracle,brake,J,scene-0069,29,0.1993408203125
nuScenes,oracle,brake,J,scene-0069,30,0.1556396484375
nuScenes,oracle,brake,J,scene-0069,31,0.0
nuScenes,oracle,brake,J,scene-0069,32,0.1246337890625
nuScenes,oracle,brake,J,scene-0069,33,0.0
nuScenes,oracle,brake,J,scene-0069,34,0.10858154296875
nuScenes,oracle,brake,J,scene-0069,35,0.3385009765625
nuScenes,oracle,brake,J,scene-0069,36,0.91168212890625
nuScenes,oracle,brake,J,scene-0069,37,0.4505615234375
nuScenes,oracle,brake,J,scene-0069,38,0.1063232421875
nuScenes,oracle,brake,J,scene-0069,39,0.4053955078125
nuScenes,oracle,brake,J,scene-0070,0,0.183837890625
nuScenes,oracle,brake,J,scene-0070,1,0.139404296875
nuScenes,oracle,brake,J,scene-0070,2,0.2354736328125
nuScenes,oracle,brake,J,scene-0070,3,0.0
nuScenes,oracle,brake,J,scene-0070,4,0.0
nuScenes,oracle,brake,J,scene-0070,5,0.4857177734375
nuScenes,oracle,brake,J,scene-0070,6,0.37579345703125
nuScenes,oracle,brake,J,scene-0070,7,0.0
nuScenes,oracle,brake,J,scene-0070,8,0.11798095703125
nuScenes,oracle,brake,J,scene-0070,9,0.46881103515625
nuScenes,oracle,brake,J,scene-0070,10,0.2435302734375
nuScenes,oracle,brake,J,scene-0070,11,0.8677978515625
nuScenes,oracle,brake,J,scene-0070,12,0.474365234375
nuScenes,oracle,brake,J,scene-0070,13,0.0
nuScenes,oracle,brake,J,scene-0070,14,0.24993896484375
nuScenes,oracle,brake,J,scene-0070,15,0.2353515625
nuScenes,oracle,brake,J,scene-0070,16,0.4844970703125
nuScenes,oracle,brake,J,scene-0070,17,0.4283447265625
nuScenes,oracle,brake,J,scene-0070,18,0.3739013671875
nuScenes,oracle,brake,J,scene-0070,19,0.3133544921875
nuScenes,oracle,brake,J,scene-0070,20,0.1329345703125
nuScenes,oracle,brake,J,scene-0070,21,0.272216796875
nuScenes,oracle,brake,J,scene-0070,22,0.5645751953125
nuScenes,oracle,brake,J,scene-0070,23,0.551025390625
nuScenes,oracle,brake,J,scene-0070,24,0.941650390625
nuScenes,oracle,brake,J,scene-0070,25,0.3055419921875
nuScenes,oracle,brake,J,scene-0070,26,0.0
nuScenes,oracle,brake,J,scene-0070,27,0.37640380859375
nuScenes,oracle,brake,J,scene-0070,28,0.0
nuScenes,oracle,brake,J,scene-0070,29,0.0
nuScenes,oracle,brake,J,scene-0070,30,0.0
nuScenes,oracle,brake,J,scene-0070,31,0.0
nuScenes,oracle,brake,J,scene-0070,32,0.24658203125
nuScenes,oracle,brake,J,scene-0070,33,0.1566162109375
nuScenes,oracle,brake,J,scene-0070,34,0.0
nuScenes,oracle,brake,J,scene-0070,35,0.0
nuScenes,oracle,brake,J,scene-0070,36,0.0
nuScenes,oracle,brake,J,scene-0070,37,0.66845703125
nuScenes,oracle,brake,J,scene-0070,38,0.8701171875
nuScenes,oracle,brake,J,scene-0070,39,0.4583740234375
nuScenes,oracle,brake,J,scene-0071,0,0.24298095703125
nuScenes,oracle,brake,J,scene-0071,1,0.61944580078125
nuScenes,oracle,brake,J,scene-0071,2,0.9613037109375
nuScenes,oracle,brake,J,scene-0071,3,0.63726806640625
nuScenes,oracle,brake,J,scene-0071,4,0.8358154296875
nuScenes,oracle,brake,J,scene-0071,5,1.13970947265625
nuScenes,oracle,brake,J,scene-0071,6,0.92620849609375
nuScenes,oracle,brake,J,scene-0071,7,1.01300048828125
nuScenes,oracle,brake,J,scene-0071,8,0.54290771484375
nuScenes,oracle,brake,J,scene-0071,9,1.25323486328125
nuScenes,oracle,brake,J,scene-0071,10,0.7314453125
nuScenes,oracle,brake,J,scene-0071,11,0.9652099609375
nuScenes,oracle,brake,J,scene-0071,12,0.7833251953125
nuScenes,oracle,brake,J,scene-0071,13,0.23114013671875
nuScenes,oracle,brake,J,scene-0071,14,0.57611083984375
nuScenes,oracle,brake,J,scene-0071,15,0.891357421875
nuScenes,oracle,brake,J,scene-0071,16,0.55535888671875
nuScenes,oracle,brake,J,scene-0071,17,0.4307861328125
nuScenes,oracle,brake,J,scene-0071,18,0.6875
nuScenes,oracle,brake,J,scene-0071,19,0.8089599609375
nuScenes,oracle,brake,J,scene-0071,20,0.68292236328125
nuScenes,oracle,brake,J,scene-0071,21,0.39398193359375
nuScenes,oracle,brake,J,scene-0071,22,0.87420654296875
nuScenes,oracle,brake,J,scene-0071,23,1.68621826171875
nuScenes,oracle,brake,J,scene-0071,24,1.2705078125
nuScenes,oracle,brake,J,scene-0071,25,0.968994140625
nuScenes,oracle,brake,J,scene-0071,26,1.262451171875
nuScenes,oracle,brake,J,scene-0071,27,1.37139892578125
nuScenes,oracle,brake,J,scene-0071,28,0.801025390625
nuScenes,oracle,brake,J,scene-0071,29,0.536865234375
nuScenes,oracle,brake,J,scene-0071,30,0.2982177734375
nuScenes,oracle,brake,J,scene-0071,31,0.976318359375
nuScenes,oracle,brake,J,scene-0071,32,0.4251708984375
nuScenes,oracle,brake,J,scene-0071,33,0.17333984375
nuScenes,oracle,brake,J,scene-0071,34,0.535888671875
nuScenes,oracle,brake,J,scene-0071,35,0.0
nuScenes,oracle,brake,J,scene-0071,36,0.23291015625
nuScenes,oracle,brake,J,scene-0071,37,0.0
nuScenes,oracle,brake,J,scene-0071,38,0.0
nuScenes,oracle,brake,J,scene-0071,39,0.1104736328125
nuScenes,oracle,brake,J,scene-0094,0,0.1041259765625
nuScenes,oracle,brake,J,scene-0094,1,0.21453857421875
nuScenes,oracle,brake,J,scene-0094,2,0.23095703125
nuScenes,oracle,brake,J,scene-0094,3,0.1044921875
nuScenes,oracle,brake,J,scene-0094,4,0.10894775390625
nuScenes,oracle,brake,J,scene-0094,5,0.5113525390625
nuScenes,oracle,brake,J,scene-0094,6,0.31439208984375
nuScenes,oracle,brake,J,scene-0094,7,0.1495361328125
nuScenes,oracle,brake,J,scene-0094,8,0.139892578125
nuScenes,oracle,brake,J,scene-0094,9,0.300048828125
nuScenes,oracle,brake,J,scene-0094,10,0.8038330078125
nuScenes,oracle,brake,J,scene-0094,11,0.40325927734375
nuScenes,oracle,brake,J,scene-0094,12,0.4810791015625
nuScenes,oracle,brake,J,scene-0094,13,0.421630859375
nuScenes,oracle,brake,J,scene-0094,14,0.371337890625
nuScenes,oracle,brake,J,scene-0094,15,0.8153076171875
nuScenes,oracle,brake,J,scene-0094,16,0.6710205078125
nuScenes,oracle,brake,J,scene-0094,17,0.1187744140625
nuScenes,oracle,brake,J,scene-0094,18,0.634033203125
nuScenes,oracle,brake,J,scene-0094,19,1.0830078125
nuScenes,oracle,brake,J,scene-0094,20,0.4990234375
nuScenes,oracle,brake,J,scene-0094,21,0.44073486328125
nuScenes,oracle,brake,J,scene-0094,22,0.255126953125
nuScenes,oracle,brake,J,scene-0094,23,0.6846923828125
nuScenes,oracle,brake,J,scene-0094,24,0.83782958984375
nuScenes,oracle,brake,J,scene-0094,25,0.4189453125
nuScenes,oracle,brake,J,scene-0094,26,0.6922607421875
nuScenes,oracle,brake,J,scene-0094,27,0.99493408203125
nuScenes,oracle,brake,J,scene-0094,28,0.5863037109375
nuScenes,oracle,brake,J,scene-0094,29,1.47979736328125
nuScenes,oracle,brake,J,scene-0094,30,0.96405029296875
nuScenes,oracle,brake,J,scene-0094,31,1.01531982421875
nuScenes,oracle,brake,J,scene-0094,32,0.7220458984375
nuScenes,oracle,brake,J,scene-0094,33,1.16876220703125
nuScenes,oracle,brake,J,scene-0094,34,1.36444091796875
nuScenes,oracle,brake,J,scene-0094,35,0.8289794921875
nuScenes,oracle,brake,J,scene-0094,36,1.49627685546875
nuScenes,oracle,brake,J,scene-0094,37,0.9332275390625
nuScenes,oracle,brake,J,scene-0094,38,1.2249755859375
nuScenes,oracle,brake,J,scene-0094,39,0.3817138671875
nuScenes,oracle,brake,J,scene-0095,0,1.1375732421875
nuScenes,oracle,brake,J,scene-0095,1,0.75604248046875
nuScenes,oracle,brake,J,scene-0095,2,1.04302978515625
nuScenes,oracle,brake,J,scene-0095,3,0.33074951171875
nuScenes,oracle,brake,J,scene-0095,4,0.0
nuScenes,oracle,brake,J,scene-0095,5,0.49945068359375
nuScenes,oracle,brake,J,scene-0095,6,0.85491943359375
nuScenes,oracle,brake,J,scene-0095,7,0.18359375
nuScenes,oracle,brake,J,scene-0095,8,0.71795654296875
nuScenes,oracle,brake,J,scene-0095,9,0.55975341796875
nuScenes,oracle,brake,J,scene-0095,10,0.68182373046875
nuScenes,oracle,brake,J,scene-0095,11,0.97515869140625
nuScenes,oracle,brake,J,scene-0095,12,0.58837890625
nuScenes,oracle,brake,J,scene-0095,13,0.5111083984375
nuScenes,oracle,brake,J,scene-0095,14,0.9935302734375
nuScenes,oracle,brake,J,scene-0095,15,0.95098876953125
nuScenes,oracle,brake,J,scene-0095,16,0.9859619140625
nuScenes,oracle,brake,J,scene-0095,17,0.88702392578125
nuScenes,oracle,brake,J,scene-0095,18,0.5369873046875
nuScenes,oracle,brake,J,scene-0095,19,0.91827392578125
nuScenes,oracle,brake,J,scene-0095,20,0.36669921875
nuScenes,oracle,brake,J,scene-0095,21,0.2254638671875
nuScenes,oracle,brake,J,scene-0095,22,1.026611328125
nuScenes,oracle,brake,J,scene-0095,23,0.71295166015625
nuScenes,oracle,brake,J,scene-0095,24,0.95849609375
nuScenes,oracle,brake,J,scene-0095,25,0.8106689453125
nuScenes,oracle,brake,J,scene-0095,26,0.3656005859375
nuScenes,oracle,brake,J,scene-0095,27,0.57916259765625
nuScenes,oracle,brake,J,scene-0095,28,0.103759765625
nuScenes,oracle,brake,J,scene-0095,29,0.33251953125
nuScenes,oracle,brake,J,scene-0095,30,0.4599609375
nuScenes,oracle,brake,J,scene-0095,31,0.64227294921875
nuScenes,oracle,brake,J,scene-0095,32,0.566650390625
nuScenes,oracle,brake,J,scene-0095,33,0.5908203125
nuScenes,oracle,brake,J,scene-0095,34,0.19677734375
nuScenes,oracle,brake,J,scene-0095,35,0.0
nuScenes,oracle,brake,J,scene-0095,36,0.441162109375
nuScenes,oracle,brake,J,scene-0095,37,0.5970458984375
nuScenes,oracle,brake,J,scene-0095,38,0.5692138671875
nuScenes,oracle,brake,J,scene-0096,0,0.237548828125
nuScenes,oracle,brake,J,scene-0096,1,0.6239013671875
nuScenes,oracle,brake,J,scene-0096,2,0.6741943359375
nuScenes,oracle,brake,J,scene-0096,3,0.0
nuScenes,oracle,brake,J,scene-0096,4,0.3968505859375
nuScenes,oracle,brake,J,scene-0096,5,0.8465576171875
nuScenes,oracle,brake,J,scene-0096,6,0.0
nuScenes,oracle,brake,J,scene-0096,7,0.641357421875
nuScenes,oracle,brake,J,scene-0096,8,0.59051513671875
nuScenes,oracle,brake,J,scene-0096,9,0.6650390625
nuScenes,oracle,brake,J,scene-0096,10,0.52032470703125
nuScenes,oracle,brake,J,scene-0096,11,0.3541259765625
nuScenes,oracle,brake,J,scene-0096,12,0.640380859375
nuScenes,oracle,brake,J,scene-0096,13,0.47412109375
nuScenes,oracle,brake,J,scene-0096,14,0.2493896484375
nuScenes,oracle,brake,J,scene-0096,15,0.1361083984375
nuScenes,oracle,brake,J,scene-0096,16,0.41552734375
nuScenes,oracle,brake,J,scene-0096,17,0.891357421875
nuScenes,oracle,brake,J,scene-0096,18,0.53955078125
nuScenes,oracle,brake,J,scene-0096,19,0.6923828125
nuScenes,oracle,brake,J,scene-0096,20,0.3111572265625
nuScenes,oracle,brake,J,scene-0096,21,0.882080078125
nuScenes,oracle,brake,J,scene-0096,22,0.1339111328125
nuScenes,oracle,brake,J,scene-0096,23,0.233154296875
nuScenes,oracle,brake,J,scene-0096,24,0.35662841796875
nuScenes,oracle,brake,J,scene-0096,25,1.05126953125
nuScenes,oracle,brake,J,scene-0096,26,0.99658203125
nuScenes,oracle,brake,J,scene-0096,27,0.7403564453125
nuScenes,oracle,brake,J,scene-0096,28,0.5703125
nuScenes,oracle,brake,J,scene-0096,29,0.6329345703125
nuScenes,oracle,brake,J,scene-0096,30,0.3424072265625
nuScenes,oracle,brake,J,scene-0096,31,0.314208984375
nuScenes,oracle,brake,J,scene-0096,32,0.34820556640625
nuScenes,oracle,brake,J,scene-0096,33,0.1285400390625
nuScenes,oracle,brake,J,scene-0096,34,0.1480712890625
nuScenes,oracle,brake,J,scene-0096,35,0.127197265625
nuScenes,oracle,brake,J,scene-0096,36,0.22454833984375
nuScenes,oracle,brake,J,scene-0096,37,0.0
nuScenes,oracle,brake,J,scene-0096,38,0.401123046875
nuScenes,oracle,plan_ade,JC_ade,scene-0002,0,0.87255859375
nuScenes,oracle,plan_ade,JC_ade,scene-0002,1,0.96453857421875
nuScenes,oracle,plan_ade,JC_ade,scene-0002,2,0.2978515625
nuScenes,oracle,plan_ade,JC_ade,scene-0002,3,0.0
nuScenes,oracle,plan_ade,JC_ade,scene-0002,4,0.26507568359375
nuScenes,oracle,plan_ade,JC_ade,scene-0002,5,0.22406005859375
nuScenes,oracle,plan_ade,JC_ade,scene-0002,6,0.4337158203125
nuScenes,oracle,plan_ade,JC_ade,scene-0002,7,0.65924072265625
nuScenes,oracle,plan_ade,JC_ade,scene-0002,8,0.3475341796875
nuScenes,oracle,plan_ade,JC_ade,scene-0002,9,0.2081298828125
nuScenes,oracle,plan_ade,JC_ade,scene-0002,10,0.1778564453125
nuScenes,oracle,plan_ade,JC_ade,scene-0002,11,0.27593994140625
nuScenes,oracle,plan_ade,JC_ade,scene-0002,12,0.4818115234375
nuScenes,oracle,plan_ade,JC_ade,scene-0002,13,0.3028564453125
nuScenes,oracle,plan_ade,JC_ade,scene-0002,14,0.3619384765625
nuScenes,oracle,plan_ade,JC_ade,scene-0002,15,0.52197265625
nuScenes,oracle,plan_ade,JC_ade,scene-0002,16,0.1251220703125
nuScenes,oracle,plan_ade,JC_ade,scene-0002,17,0.1514892578125
nuScenes,oracle,plan_ade,JC_ade,scene-0002,18,0.1441650390625
nuScenes,oracle,plan_ade,JC_ade,scene-0002,19,0.0
nuScenes,oracle,plan_ade,JC_ade,scene-0002,20,0.0
nuScenes,oracle,plan_ade,JC_ade,scene-0002,21,0.1041259765625
nuScenes,oracle,plan_ade,JC_ade,scene-0002,22,0.1285400390625
nuScenes,oracle,plan_ade,JC_ade,scene-0002,23,0.132080078125
nuScenes,oracle,plan_ade,JC_ade,scene-0002,24,0.0
nuScenes,oracle,plan_ade,JC_ade,scene-0002,25,0.0
nuScenes,oracle,plan_ade,JC_ade,scene-0002,26,0.0
nuScenes,oracle,plan_ade,JC_ade,scene-0002,27,0.96331787109375
nuScenes,oracle,plan_ade,JC_ade,scene-0002,28,0.2802734375
nuScenes,oracle,plan_ade,JC_ade,scene-0002,29,0.12548828125
nuScenes,oracle,plan_ade,JC_ade,scene-0002,30,0.0
nuScenes,oracle,plan_ade,JC_ade,scene-0002,31,0.175537109375
nuScenes,oracle,plan_ade,JC_ade,scene-0003,0,0.39501953125
nuScenes,oracle,plan_ade,JC_ade,scene-0003,1,0.288330078125
nuScenes,oracle,plan_ade,JC_ade,scene-0003,2,0.1925048828125
nuScenes,oracle,plan_ade,JC_ade,scene-0003,3,0.48388671875
nuScenes,oracle,plan_ade,JC_ade,scene-0003,4,0.2508544921875
nuScenes,oracle,plan_ade,JC_ade,scene-0003,5,0.671142578125
nuScenes,oracle,plan_ade,JC_ade,scene-0003,6,0.7762451171875
nuScenes,oracle,plan_ade,JC_ade,scene-0003,7,0.61175537109375
nuScenes,oracle,plan_ade,JC_ade,scene-0003,8,0.29205322265625
nuScenes,oracle,plan_ade,JC_ade,scene-0003,9,0.8675537109375
nuScenes,oracle,plan_ade,JC_ade,scene-0003,10,0.8748779296875
nuScenes,oracle,plan_ade,JC_ade,scene-0003,11,0.501953125
nuScenes,oracle,plan_ade,JC_ade,scene-0003,12,0.3743896484375
nuScenes,oracle,plan_ade,JC_ade,scene-0003,13,0.3575439453125
nuScenes,oracle,plan_ade,JC_ade,scene-0003,14,0.1263427734375
nuScenes,oracle,plan_ade,JC_ade,scene-0003,15,0.5777587890625
nuScenes,oracle,plan_ade,JC_ade,scene-0003,16,0.8748779296875
nuScenes,oracle,plan_ade,JC_ade,scene-0003,17,0.1634521484375
nuScenes,oracle,plan_ade,JC_ade,scene-0003,18,1.0001220703125
nuScenes,oracle,plan_ade,JC_ade,scene-0003,19,0.6573486328125
nuScenes,oracle,plan_ade,JC_ade,scene-0003,20,0.11126708984375
nuScenes,oracle,plan_ade,JC_ade,scene-0003,21,0.0
nuScenes,oracle,plan_ade,JC_ade,scene-0003,22,0.2371826171875
nuScenes,oracle,plan_ade,JC_ade,scene-0003,23,0.314697265625
nuScenes,oracle,plan_ade,JC_ade,scene-0003,24,0.3450927734375
nuScenes,oracle,plan_ade,JC_ade,scene-0003,25,0.3096923828125
nuScenes,oracle,plan_ade,JC_ade,scene-0003,26,0.55755615234375
nuScenes,oracle,plan_ade,JC_ade,scene-0003,27,0.0
nuScenes,oracle,plan_ade,JC_ade,scene-0003,28,0.2628173828125
nuScenes,oracle,plan_ade,JC_ade,scene-0003,29,0.356689453125
nuScenes,oracle,plan_ade,JC_ade,scene-0003,30,0.1307373046875
nuScenes,oracle,plan_ade,JC_ade,scene-0004,0,1.0303955078125
nuScenes,oracle,plan_ade,JC_ade,scene-0004,1,0.689697265625
nuScenes,oracle,plan_ade,JC_ade,scene-0004,2,0.46112060546875
nuScenes,oracle,plan_ade,JC_ade,scene-0004,3,0.4827880859375
nuScenes,oracle,plan_ade,JC_ade,scene-0004,4,0.0
nuScenes,oracle,plan_ade,JC_ade,scene-0004,5,0.3380126953125
nuScenes,oracle,plan_ade,JC_ade,scene-0004,6,1.619384765625
nuScenes,oracle,plan_ade,JC_ade,scene-0004,7,0.8853759765625
nuScenes,oracle,plan_ade,JC_ade,scene-0004,8,0.8515625
nuScenes,oracle,plan_ade,JC_ade,scene-0004,9,1.329345703125
nuScenes,oracle,plan_ade,JC_ade,scene-0004,10,1.1649169921875
nuScenes,oracle,plan_ade,JC_ade,scene-0004,11,0.5816650390625
nuScenes,oracle,plan_ade,JC_ade,scene-0004,12,0.30487060546875
nuScenes,oracle,plan_ade,JC_ade,scene-0004,13,0.2960205078125
nuScenes,oracle,plan_ade,JC_ade,scene-0004,14,0.12335205078125
nuScenes,oracle,plan_ade,JC_ade,scene-0004,15,0.0
nuScenes,oracle,plan_ade,JC_ade,scene-0004,16,0.6920166015625
nuScenes,oracle,plan_ade,JC_ade,scene-0004,17,0.0
nuScenes,oracle,plan_ade,JC_ade,scene-0004,18,0.10821533203125
nuScenes,oracle,plan_ade,JC_ade,scene-0004,19,0.67254638671875
nuScenes,oracle,plan_ade,JC_ade,scene-0004,20,0.0
nuScenes,oracle,plan_ade,JC_ade,scene-0004,21,0.0
nuScenes,oracle,plan_ade,JC_ade,scene-0004,22,0.0
nuScenes,oracle,plan_ade,JC_ade,scene-0004,23,0.0
nuScenes,oracle,plan_ade,JC_ade,scene-0004,24,0.7606201171875
nuScenes,oracle,plan_ade,JC_ade,scene-0004,25,0.0
nuScenes,oracle,plan_ade,JC_ade,scene-0004,26,0.4781494140625
nuScenes,oracle,plan_ade,JC_ade,scene-0004,27,0.3443603515625
nuScenes,oracle,plan_ade,JC_ade,scene-0004,28,0.30126953125
nuScenes,oracle,plan_ade,JC_ade,scene-0004,29,0.556640625
nuScenes,oracle,plan_ade,JC_ade,scene-0004,30,0.29754638671875
nuScenes,oracle,plan_ade,JC_ade,scene-0004,31,0.50506591796875
nuScenes,oracle,plan_ade,JC_ade,scene-0012,0,0.23828125
nuScenes,oracle,plan_ade,JC_ade,scene-0012,1,0.1044921875
nuScenes,oracle,plan_ade,JC_ade,scene-0012,2,0.0
nuScenes,oracle,plan_ade,JC_ade,scene-0012,3,0.1375732421875
nuScenes,oracle,plan_ade,JC_ade,scene-0012,4,0.1365966796875
nuScenes,oracle,plan_ade,JC_ade,scene-0012,5,0.0
nuScenes,oracle,plan_ade,JC_ade,scene-0012,6,0.1456298828125
nuScenes,oracle,plan_ade,JC_ade,scene-0012,7,0.92718505859375
nuScenes,oracle,plan_ade,JC_ade,scene-0012,8,1.02301025390625
nuScenes,oracle,plan_ade,JC_ade,scene-0012,9,0.6240234375
nuScenes,oracle,plan_ade,JC_ade,scene-0012,10,0.0
nuScenes,oracle,plan_ade,JC_ade,scene-0012,11,0.3465576171875
nuScenes,oracle,plan_ade,JC_ade,scene-0012,12,0.1187744140625
nuScenes,oracle,plan_ade,JC_ade,scene-0012,13,0.1761474609375
nuScenes,oracle,plan_ade,JC_ade,scene-0012,14,0.0
nuScenes,oracle,plan_ade,JC_ade,scene-0012,15,0.0
nuScenes,oracle,plan_ade,JC_ade,scene-0012,16,0.0
nuScenes,oracle,plan_ade,JC_ade,scene-0012,17,0.0
nuScenes,oracle,plan_ade,JC_ade,scene-0012,18,0.0
nuScenes,oracle,plan_ade,JC_ade,scene-0012,19,0.0
nuScenes,oracle,plan_ade,JC_ade,scene-0012,20,0.0
nuScenes,oracle,plan_ade,JC_ade,scene-0012,21,0.0
nuScenes,oracle,plan_ade,JC_ade,scene-0012,22,0.0
nuScenes,oracle,plan_ade,JC_ade,scene-0012,23,0.0
nuScenes,oracle,plan_ade,JC_ade,scene-0012,24,0.0
nuScenes,oracle,plan_ade,JC_ade,scene-0012,25,0.219970703125
nuScenes,oracle,plan_ade,JC_ade,scene-0012,26,0.0
nuScenes,oracle,plan_ade,JC_ade,scene-0012,27,0.0
nuScenes,oracle,plan_ade,JC_ade,scene-0012,28,0.0
nuScenes,oracle,plan_ade,JC_ade,scene-0012,29,0.0
nuScenes,oracle,plan_ade,JC_ade,scene-0012,30,0.0
nuScenes,oracle,plan_ade,JC_ade,scene-0013,0,0.0
nuScenes,oracle,plan_ade,JC_ade,scene-0013,1,0.2120361328125
nuScenes,oracle,plan_ade,JC_ade,scene-0013,2,0.19189453125
nuScenes,oracle,plan_ade,JC_ade,scene-0013,3,0.31549072265625
nuScenes,oracle,plan_ade,JC_ade,scene-0013,4,0.37255859375
nuScenes,oracle,plan_ade,JC_ade,scene-0013,5,0.1519775390625
nuScenes,oracle,plan_ade,JC_ade,scene-0013,6,0.202392578125
nuScenes,oracle,plan_ade,JC_ade,scene-0013,7,0.6778564453125
nuScenes,oracle,plan_ade,JC_ade,scene-0013,8,0.5615234375
nuScenes,oracle,plan_ade,JC_ade,scene-0013,9,0.24072265625
nuScenes,oracle,plan_ade,JC_ade,scene-0013,10,0.3050537109375
nuScenes,oracle,plan_ade,JC_ade,scene-0013,11,0.8487548828125
nuScenes,oracle,plan_ade,JC_ade,scene-0013,12,0.95953369140625
nuScenes,oracle,plan_ade,JC_ade,scene-0013,13,0.5335693359375
nuScenes,oracle,plan_ade,JC_ade,scene-0013,14,0.3887939453125
nuScenes,oracle,plan_ade,JC_ade,scene-0013,15,0.4652099609375
nuScenes,oracle,plan_ade,JC_ade,scene-0013,16,0.6187744140625
nuScenes,oracle,plan_ade,JC_ade,scene-0013,17,0.55450439453125
nuScenes,oracle,plan_ade,JC_ade,scene-0013,18,0.4263916015625
nuScenes,oracle,plan_ade,JC_ade,scene-0013,19,0.25921630859375
nuScenes,oracle,plan_ade,JC_ade,scene-0013,20,0.3070068359375
nuScenes,oracle,plan_ade,JC_ade,scene-0013,21,0.178955078125
nuScenes,oracle,plan_ade,JC_ade,scene-0013,22,0.155029296875
nuScenes,oracle,plan_ade,JC_ade,scene-0013,23,0.0
nuScenes,oracle,plan_ade,JC_ade,scene-0013,24,0.0
nuScenes,oracle,plan_ade,JC_ade,scene-0013,25,0.0
nuScenes,oracle,plan_ade,JC_ade,scene-0013,26,0.0
nuScenes,oracle,plan_ade,JC_ade,scene-0013,27,0.0
nuScenes,oracle,plan_ade,JC_ade,scene-0013,28,0.0
nuScenes,oracle,plan_ade,JC_ade,scene-0013,29,0.0
nuScenes,oracle,plan_ade,JC_ade,scene-0013,30,0.0
nuScenes,oracle,plan_ade,JC_ade,scene-0013,31,0.275146484375
nuScenes,oracle,plan_ade,JC_ade,scene-0014,0,0.132080078125
nuScenes,oracle,plan_ade,JC_ade,scene-0014,1,0.22869873046875
nuScenes,oracle,plan_ade,JC_ade,scene-0014,2,0.0
nuScenes,oracle,plan_ade,JC_ade,scene-0014,3,0.0
nuScenes,oracle,plan_ade,JC_ade,scene-0014,4,0.0
nuScenes,oracle,plan_ade,JC_ade,scene-0014,5,0.0
nuScenes,oracle,plan_ade,JC_ade,scene-0014,6,0.0
nuScenes,oracle,plan_ade,JC_ade,scene-0014,7,0.0
nuScenes,oracle,plan_ade,JC_ade,scene-0014,8,0.0
nuScenes,oracle,plan_ade,JC_ade,scene-0014,9,0.0
nuScenes,oracle,plan_ade,JC_ade,scene-0014,10,0.0
nuScenes,oracle,plan_ade,JC_ade,scene-0014,11,0.0
nuScenes,oracle,plan_ade,JC_ade,scene-0014,12,0.0
nuScenes,oracle,plan_ade,JC_ade,scene-0014,13,0.0
nuScenes,oracle,plan_ade,JC_ade,scene-0014,14,0.1285400390625
nuScenes,oracle,plan_ade,JC_ade,scene-0014,15,0.11199951171875
nuScenes,oracle,plan_ade,JC_ade,scene-0014,16,0.3521728515625
nuScenes,oracle,plan_ade,JC_ade,scene-0014,17,0.0
nuScenes,oracle,plan_ade,JC_ade,scene-0014,18,0.0
nuScenes,oracle,plan_ade,JC_ade,scene-0014,19,0.1461181640625
nuScenes,oracle,plan_ade,JC_ade,scene-0014,20,0.0
nuScenes,oracle,plan_ade,JC_ade,scene-0014,21,0.0
nuScenes,oracle,plan_ade,JC_ade,scene-0014,22,0.0
nuScenes,oracle,plan_ade,JC_ade,scene-0014,23,0.1431884765625
nuScenes,oracle,plan_ade,JC_ade,scene-0014,24,0.0
nuScenes,oracle,plan_ade,JC_ade,scene-0014,25,0.0
nuScenes,oracle,plan_ade,JC_ade,scene-0014,26,0.0
nuScenes,oracle,plan_ade,JC_ade,scene-0014,27,0.11126708984375
nuScenes,oracle,plan_ade,JC_ade,scene-0014,28,0.1456298828125
nuScenes,oracle,plan_ade,JC_ade,scene-0014,29,0.29180908203125
nuScenes,oracle,plan_ade,JC_ade,scene-0014,30,0.2294921875
nuScenes,oracle,plan_ade,JC_ade,scene-0014,31,0.0
nuScenes,oracle,plan_ade,JC_ade,scene-0022,0,0.1143798828125
nuScenes,oracle,plan_ade,JC_ade,scene-0022,1,0.74432373046875
nuScenes,oracle,plan_ade,JC_ade,scene-0022,2,0.1912841796875
nuScenes,oracle,plan_ade,JC_ade,scene-0022,3,0.181884765625
nuScenes,oracle,plan_ade,JC_ade,scene-0022,4,0.1859130859375
nuScenes,oracle,plan_ade,JC_ade,scene-0022,5,0.0
nuScenes,oracle,plan_ade,JC_ade,scene-0022,6,0.51739501953125
nuScenes,oracle,plan_ade,JC_ade,scene-0022,7,0.25421142578125
nuScenes,oracle,plan_ade,JC_ade,scene-0022,8,0.0
nuScenes,oracle,plan_ade,JC_ade,scene-0022,9,0.7137451171875
nuScenes,oracle,plan_ade,JC_ade,scene-0022,10,0.272216796875
nuScenes,oracle,plan_ade,JC_ade,scene-0022,11,0.7806396484375
nuScenes,oracle,plan_ade,JC_ade,scene-0022,12,0.1571044921875
nuScenes,oracle,plan_ade,JC_ade,scene-0022,13,0.10015869140625
nuScenes,oracle,plan_ade,JC_ade,scene-0022,14,0.0
nuScenes,oracle,plan_ade,JC_ade,scene-0022,15,0.1217041015625
nuScenes,oracle,plan_ade,JC_ade,scene-0022,16,0.230224609375
nuScenes,oracle,plan_ade,JC_ade,scene-0022,17,0.0
nuScenes,oracle,plan_ade,JC_ade,scene-0022,18,0.1566162109375
nuScenes,oracle,plan_ade,JC_ade,scene-0022,19,0.3038330078125
nuScenes,oracle,plan_ade,JC_ade,scene-0022,20,0.69415283203125
nuScenes,oracle,plan_ade,JC_ade,scene-0022,21,0.4422607421875
nuScenes,oracle,plan_ade,JC_ade,scene-0022,22,0.2283935546875
nuScenes,oracle,plan_ade,JC_ade,scene-0022,23,0.10821533203125
nuScenes,oracle,plan_ade,JC_ade,scene-0022,24,0.16455078125
nuScenes,oracle,plan_ade,JC_ade,scene-0022,25,0.0
nuScenes,oracle,plan_ade,JC_ade,scene-0022,26,0.132080078125
nuScenes,oracle,plan_ade,JC_ade,scene-0022,27,0.0
nuScenes,oracle,plan_ade,JC_ade,scene-0022,28,0.3792724609375
nuScenes,oracle,plan_ade,JC_ade,scene-0022,29,0.22149658203125
nuScenes,oracle,plan_ade,JC_ade,scene-0022,30,0.31005859375
nuScenes,oracle,plan_ade,JC_ade,scene-0022,31,0.0
nuScenes,oracle,plan_ade,JC_ade,scene-0023,0,0.0
nuScenes,oracle,plan_ade,JC_ade,scene-0023,1,0.0
nuScenes,oracle,plan_ade,JC_ade,scene-0023,2,0.1375732421875
nuScenes,oracle,plan_ade,JC_ade,scene-0023,3,0.0
nuScenes,oracle,plan_ade,JC_ade,scene-0023,4,0.0
nuScenes,oracle,plan_ade,JC_ade,scene-0023,5,0.0
nuScenes,oracle,plan_ade,JC_ade,scene-0023,6,0.0
nuScenes,oracle,plan_ade,JC_ade,scene-0023,7,0.0
nuScenes,oracle,plan_ade,JC_ade,scene-0023,8,0.0
nuScenes,oracle,plan_ade,JC_ade,scene-0023,9,0.182373046875
nuScenes,oracle,plan_ade,JC_ade,scene-0023,10,0.0
nuScenes,oracle,plan_ade,JC_ade,scene-0023,11,0.0
nuScenes,oracle,plan_ade,JC_ade,scene-0023,12,0.0
nuScenes,oracle,plan_ade,JC_ade,scene-0023,13,0.1842041015625
nuScenes,oracle,plan_ade,JC_ade,scene-0023,14,0.153076171875
nuScenes,oracle,plan_ade,JC_ade,scene-0023,15,0.1973876953125
nuScenes,oracle,plan_ade,JC_ade,scene-0023,16,0.5257568359375
nuScenes,oracle,plan_ade,JC_ade,scene-0023,17,0.3790283203125
nuScenes,oracle,plan_ade,JC_ade,scene-0023,18,0.2322998046875
nuScenes,oracle,plan_ade,JC_ade,scene-0023,19,0.0
nuScenes,oracle,plan_ade,JC_ade,scene-0023,20,0.199951171875
nuScenes,oracle,plan_ade,JC_ade,scene-0023,21,0.0
nuScenes,oracle,plan_ade,JC_ade,scene-0023,22,0.0
nuScenes,oracle,plan_ade,JC_ade,scene-0023,23,0.0
nuScenes,oracle,plan_ade,JC_ade,scene-0023,24,0.1412353515625
nuScenes,oracle,plan_ade,JC_ade,scene-0023,25,0.0
nuScenes,oracle,plan_ade,JC_ade,scene-0023,26,0.0
nuScenes,oracle,plan_ade,JC_ade,scene-0023,27,0.0
nuScenes,oracle,plan_ade,JC_ade,scene-0023,28,0.0
nuScenes,oracle,plan_ade,JC_ade,scene-0023,29,0.0
nuScenes,oracle,plan_ade,JC_ade,scene-0023,30,0.0
nuScenes,oracle,plan_ade,JC_ade,scene-0023,31,0.216064453125
nuScenes,oracle,plan_ade,JC_ade,scene-0024,0,0.418212890625
nuScenes,oracle,plan_ade,JC_ade,scene-0024,1,0.23968505859375
nuScenes,oracle,plan_ade,JC_ade,scene-0024,2,0.8638916015625
nuScenes,oracle,plan_ade,JC_ade,scene-0024,3,0.22967529296875
nuScenes,oracle,plan_ade,JC_ade,scene-0024,4,0.5172119140625
nuScenes,oracle,plan_ade,JC_ade,scene-0024,5,0.4710693359375
nuScenes,oracle,plan_ade,JC_ade,scene-0024,6,0.0
nuScenes,oracle,plan_ade,JC_ade,scene-0024,7,0.45892333984375
nuScenes,oracle,plan_ade,JC_ade,scene-0024,8,0.1895751953125
nuScenes,oracle,plan_ade,JC_ade,scene-0024,9,0.0
nuScenes,oracle,plan_ade,JC_ade,scene-0024,10,0.36962890625
nuScenes,oracle,plan_ade,JC_ade,scene-0024,11,0.1019287109375
nuScenes,oracle,plan_ade,JC_ade,scene-0024,12,0.37091064453125
nuScenes,oracle,plan_ade,JC_ade,scene-0024,13,0.4879150390625
nuScenes,oracle,plan_ade,JC_ade,scene-0024,14,0.0
nuScenes,oracle,plan_ade,JC_ade,scene-0024,15,0.63201904296875
nuScenes,oracle,plan_ade,JC_ade,scene-0024,16,0.28564453125
nuScenes,oracle,plan_ade,JC_ade,scene-0024,17,0.455810546875
nuScenes,oracle,plan_ade,JC_ade,scene-0024,18,0.265380859375
nuScenes,oracle,plan_ade,JC_ade,scene-0024,19,0.41302490234375
nuScenes,oracle,plan_ade,JC_ade,scene-0024,20,0.2081298828125
nuScenes,oracle,plan_ade,JC_ade,scene-0024,21,0.3028564453125
nuScenes,oracle,plan_ade,JC_ade,scene-0024,22,0.5791015625
nuScenes,oracle,plan_ade,JC_ade,scene-0024,23,0.0
nuScenes,oracle,plan_ade,JC_ade,scene-0024,24,0.3609619140625
nuScenes,oracle,plan_ade,JC_ade,scene-0024,25,0.4669189453125
nuScenes,oracle,plan_ade,JC_ade,scene-0024,26,0.139892578125
nuScenes,oracle,plan_ade,JC_ade,scene-0024,27,0.0
nuScenes,oracle,plan_ade,JC_ade,scene-0024,28,0.0
nuScenes,oracle,plan_ade,JC_ade,scene-0024,29,0.204345703125
nuScenes,oracle,plan_ade,JC_ade,scene-0024,30,0.2901611328125
nuScenes,oracle,plan_ade,JC_ade,scene-0032,0,0.0
nuScenes,oracle,plan_ade,JC_ade,scene-0032,1,0.2127685546875
nuScenes,oracle,plan_ade,JC_ade,scene-0032,2,0.0
nuScenes,oracle,plan_ade,JC_ade,scene-0032,3,0.0
nuScenes,oracle,plan_ade,JC_ade,scene-0032,4,0.23760986328125
nuScenes,oracle,plan_ade,JC_ade,scene-0032,5,0.6202392578125
nuScenes,oracle,plan_ade,JC_ade,scene-0032,6,0.47528076171875
nuScenes,oracle,plan_ade,JC_ade,scene-0032,7,0.0
nuScenes,oracle,plan_ade,JC_ade,scene-0032,8,0.0
nuScenes,oracle,plan_ade,JC_ade,scene-0032,9,0.2213134765625
nuScenes,oracle,plan_ade,JC_ade,scene-0032,10,0.0
nuScenes,oracle,plan_ade,JC_ade,scene-0032,11,0.3115234375
nuScenes,oracle,plan_ade,JC_ade,scene-0032,12,0.0
nuScenes,oracle,plan_ade,JC_ade,scene-0032,13,0.0
nuScenes,oracle,plan_ade,JC_ade,scene-0032,14,0.10302734375
nuScenes,oracle,plan_ade,JC_ade,scene-0032,15,0.0
nuScenes,oracle,plan_ade,JC_ade,scene-0032,16,0.0
nuScenes,oracle,plan_ade,JC_ade,scene-0032,17,0.0
nuScenes,oracle,plan_ade,JC_ade,scene-0032,18,0.0
nuScenes,oracle,plan_ade,JC_ade,scene-0032,19,0.0
nuScenes,oracle,plan_ade,JC_ade,scene-0032,20,0.0
nuScenes,oracle,plan_ade,JC_ade,scene-0032,21,0.20208740234375
nuScenes,oracle,plan_ade,JC_ade,scene-0032,22,0.0
nuScenes,oracle,plan_ade,JC_ade,scene-0032,23,0.0
nuScenes,oracle,plan_ade,JC_ade,scene-0032,24,0.0
nuScenes,oracle,plan_ade,JC_ade,scene-0032,25,0.0
nuScenes,oracle,plan_ade,JC_ade,scene-0032,26,0.0
nuScenes,oracle,plan_ade,JC_ade,scene-0032,27,0.0
nuScenes,oracle,plan_ade,JC_ade,scene-0032,28,0.0
nuScenes,oracle,plan_ade,JC_ade,scene-0032,29,0.0
nuScenes,oracle,plan_ade,JC_ade,scene-0032,30,0.0
nuScenes,oracle,plan_ade,JC_ade,scene-0032,31,0.0
nuScenes,oracle,plan_ade,JC_ade,scene-0033,0,0.11199951171875
nuScenes,oracle,plan_ade,JC_ade,scene-0033,1,0.1263427734375
nuScenes,oracle,plan_ade,JC_ade,scene-0033,2,0.41845703125
nuScenes,oracle,plan_ade,JC_ade,scene-0033,3,0.0
nuScenes,oracle,plan_ade,JC_ade,scene-0033,4,0.11920166015625
nuScenes,oracle,plan_ade,JC_ade,scene-0033,5,0.118408203125
nuScenes,oracle,plan_ade,JC_ade,scene-0033,6,0.12890625
nuScenes,oracle,plan_ade,JC_ade,scene-0033,7,0.21685791015625
nuScenes,oracle,plan_ade,JC_ade,scene-0033,8,0.0
nuScenes,oracle,plan_ade,JC_ade,scene-0033,9,0.0
nuScenes,oracle,plan_ade,JC_ade,scene-0033,10,0.423828125
nuScenes,oracle,plan_ade,JC_ade,scene-0033,11,0.529296875
nuScenes,oracle,plan_ade,JC_ade,scene-0033,12,0.50927734375
nuScenes,oracle,plan_ade,JC_ade,scene-0033,13,0.206298828125
nuScenes,oracle,plan_ade,JC_ade,scene-0033,14,0.1055908203125
nuScenes,oracle,plan_ade,JC_ade,scene-0033,15,0.120849609375
nuScenes,oracle,plan_ade,JC_ade,scene-0033,16,0.0
nuScenes,oracle,plan_ade,JC_ade,scene-0033,17,0.3446044921875
nuScenes,oracle,plan_ade,JC_ade,scene-0033,18,0.1033935546875
nuScenes,oracle,plan_ade,JC_ade,scene-0033,19,0.0
nuScenes,oracle,plan_ade,JC_ade,scene-0033,20,0.0
nuScenes,oracle,plan_ade,JC_ade,scene-0033,21,0.2239990234375
nuScenes,oracle,plan_ade,JC_ade,scene-0033,22,0.1259765625
nuScenes,oracle,plan_ade,JC_ade,scene-0033,23,0.26470947265625
nuScenes,oracle,plan_ade,JC_ade,scene-0033,24,0.22119140625
nuScenes,oracle,plan_ade,JC_ade,scene-0033,25,0.52587890625
nuScenes,oracle,plan_ade,JC_ade,scene-0033,26,0.2427978515625
nuScenes,oracle,plan_ade,JC_ade,scene-0033,27,0.24365234375
nuScenes,oracle,plan_ade,JC_ade,scene-0033,28,0.178955078125
nuScenes,oracle,plan_ade,JC_ade,scene-0033,29,0.0
nuScenes,oracle,plan_ade,JC_ade,scene-0033,30,0.0
nuScenes,oracle,plan_ade,JC_ade,scene-0033,31,0.0
nuScenes,oracle,plan_ade,JC_ade,scene-0034,0,0.0
nuScenes,oracle,plan_ade,JC_ade,scene-0034,1,0.0
nuScenes,oracle,plan_ade,JC_ade,scene-0034,2,0.0
nuScenes,oracle,plan_ade,JC_ade,scene-0034,3,0.0
nuScenes,oracle,plan_ade,JC_ade,scene-0034,4,0.0
nuScenes,oracle,plan_ade,JC_ade,scene-0034,5,0.0
nuScenes,oracle,plan_ade,JC_ade,scene-0034,6,0.0
nuScenes,oracle,plan_ade,JC_ade,scene-0034,7,0.0
nuScenes,oracle,plan_ade,JC_ade,scene-0034,8,0.0
nuScenes,oracle,plan_ade,JC_ade,scene-0034,9,0.0
nuScenes,oracle,plan_ade,JC_ade,scene-0034,10,0.0
nuScenes,oracle,plan_ade,JC_ade,scene-0034,11,0.0
nuScenes,oracle,plan_ade,JC_ade,scene-0034,12,0.3017578125
nuScenes,oracle,plan_ade,JC_ade,scene-0034,13,0.5726318359375
nuScenes,oracle,plan_ade,JC_ade,scene-0034,14,0.26806640625
nuScenes,oracle,plan_ade,JC_ade,scene-0034,15,0.4095458984375
nuScenes,oracle,plan_ade,JC_ade,scene-0034,16,0.5697021484375
nuScenes,oracle,plan_ade,JC_ade,scene-0034,17,0.293212890625
nuScenes,oracle,plan_ade,JC_ade,scene-0034,18,0.22265625
nuScenes,oracle,plan_ade,JC_ade,scene-0034,19,0.0
nuScenes,oracle,plan_ade,JC_ade,scene-0034,20,0.1883544921875
nuScenes,oracle,plan_ade,JC_ade,scene-0034,21,0.0
nuScenes,oracle,plan_ade,JC_ade,scene-0034,22,0.18896484375
nuScenes,oracle,plan_ade,JC_ade,scene-0034,23,0.1312255859375
nuScenes,oracle,plan_ade,JC_ade,scene-0034,24,0.0
nuScenes,oracle,plan_ade,JC_ade,scene-0034,25,0.0
nuScenes,oracle,plan_ade,JC_ade,scene-0034,26,0.0
nuScenes,oracle,plan_ade,JC_ade,scene-0034,27,0.0
nuScenes,oracle,plan_ade,JC_ade,scene-0034,28,0.0
nuScenes,oracle,plan_ade,JC_ade,scene-0034,29,0.0
nuScenes,oracle,plan_ade,JC_ade,scene-0034,30,0.175537109375
nuScenes,oracle,plan_ade,JC_ade,scene-0044,0,0.26263427734375
nuScenes,oracle,plan_ade,JC_ade,scene-0044,1,0.0
nuScenes,oracle,plan_ade,JC_ade,scene-0044,2,0.0
nuScenes,oracle,plan_ade,JC_ade,scene-0044,3,0.3892822265625
nuScenes,oracle,plan_ade,JC_ade,scene-0044,4,0.3304443359375
nuScenes,oracle,plan_ade,JC_ade,scene-0044,5,0.2493896484375
nuScenes,oracle,plan_ade,JC_ade,scene-0044,6,0.2421875
nuScenes,oracle,plan_ade,JC_ade,scene-0044,7,0.2421875
nuScenes,oracle,plan_ade,JC_ade,scene-0044,8,0.0
nuScenes,oracle,plan_ade,JC_ade,scene-0044,9,0.5699462890625
nuScenes,oracle,plan_ade,JC_ade,scene-0044,10,0.510498046875
nuScenes,oracle,plan_ade,JC_ade,scene-0044,11,0.0
nuScenes,oracle,plan_ade,JC_ade,scene-0044,12,0.0
nuScenes,oracle,plan_ade,JC_ade,scene-0044,13,0.0
nuScenes,oracle,plan_ade,JC_ade,scene-0044,14,0.0
nuScenes,oracle,plan_ade,JC_ade,scene-0044,15,0.0
nuScenes,oracle,plan_ade,JC_ade,scene-0044,16,0.1470947265625
nuScenes,oracle,plan_ade,JC_ade,scene-0044,17,0.1470947265625
nuScenes,oracle,plan_ade,JC_ade,scene-0044,18,0.48980712890625
nuScenes,oracle,plan_ade,JC_ade,scene-0044,19,0.291259765625
nuScenes,oracle,plan_ade,JC_ade,scene-0044,20,0.504638671875
nuScenes,oracle,plan_ade,JC_ade,scene-0044,21,0.804443359375
nuScenes,oracle,plan_ade,JC_ade,scene-0044,22,0.0
nuScenes,oracle,plan_ade,JC_ade,scene-0044,23,0.0
nuScenes,oracle,plan_ade,JC_ade,scene-0044,24,0.0
nuScenes,oracle,plan_ade,JC_ade,scene-0044,25,0.1187744140625
nuScenes,oracle,plan_ade,JC_ade,scene-0044,26,0.1505126953125
nuScenes,oracle,plan_ade,JC_ade,scene-0044,27,0.0
nuScenes,oracle,plan_ade,JC_ade,scene-0044,28,0.0
nuScenes,oracle,plan_ade,JC_ade,scene-0044,29,0.0
nuScenes,oracle,plan_ade,JC_ade,scene-0044,30,0.0
nuScenes,oracle,plan_ade,JC_ade,scene-0045,0,1.320556640625
nuScenes,oracle,plan_ade,JC_ade,scene-0045,1,1.07049560546875
nuScenes,oracle,plan_ade,JC_ade,scene-0045,2,0.4278564453125
nuScenes,oracle,plan_ade,JC_ade,scene-0045,3,0.5771484375
nuScenes,oracle,plan_ade,JC_ade,scene-0045,4,0.7325439453125
nuScenes,oracle,plan_ade,JC_ade,scene-0045,5,0.28857421875
nuScenes,oracle,plan_ade,JC_ade,scene-0045,6,0.1441650390625
nuScenes,oracle,plan_ade,JC_ade,scene-0045,7,0.769775390625
nuScenes,oracle,plan_ade,JC_ade,scene-0045,8,0.67291259765625
nuScenes,oracle,plan_ade,JC_ade,scene-0045,9,0.43487548828125
nuScenes,oracle,plan_ade,JC_ade,scene-0045,10,0.896240234375
nuScenes,oracle,plan_ade,JC_ade,scene-0045,11,0.33123779296875
nuScenes,oracle,plan_ade,JC_ade,scene-0045,12,0.46435546875
nuScenes,oracle,plan_ade,JC_ade,scene-0045,13,1.00384521484375
nuScenes,oracle,plan_ade,JC_ade,scene-0045,14,0.231689453125
nuScenes,oracle,plan_ade,JC_ade,scene-0045,15,0.118408203125
nuScenes,oracle,plan_ade,JC_ade,scene-0045,16,0.0
nuScenes,oracle,plan_ade,JC_ade,scene-0045,17,0.317138671875
nuScenes,oracle,plan_ade,JC_ade,scene-0045,18,0.59259033203125
nuScenes,oracle,plan_ade,JC_ade,scene-0045,19,0.60498046875
nuScenes,oracle,plan_ade,JC_ade,scene-0045,20,0.3465576171875
nuScenes,oracle,plan_ade,JC_ade,scene-0045,21,0.31964111328125
nuScenes,oracle,plan_ade,JC_ade,scene-0045,22,0.2442626953125
nuScenes,oracle,plan_ade,JC_ade,scene-0045,23,0.6546630859375
nuScenes,oracle,plan_ade,JC_ade,scene-0045,24,0.28033447265625
nuScenes,oracle,plan_ade,JC_ade,scene-0045,25,0.1357421875
nuScenes,oracle,plan_ade,JC_ade,scene-0045,26,0.3577880859375
nuScenes,oracle,plan_ade,JC_ade,scene-0045,27,0.11199951171875
nuScenes,oracle,plan_ade,JC_ade,scene-0045,28,0.81964111328125
nuScenes,oracle,plan_ade,JC_ade,scene-0045,29,0.1033935546875
nuScenes,oracle,plan_ade,JC_ade,scene-0046,0,0.0
nuScenes,oracle,plan_ade,JC_ade,scene-0046,1,0.1033935546875
nuScenes,oracle,plan_ade,JC_ade,scene-0046,2,0.11474609375
nuScenes,oracle,plan_ade,JC_ade,scene-0046,3,0.582763671875
nuScenes,oracle,plan_ade,JC_ade,scene-0046,4,0.4224853515625
nuScenes,oracle,plan_ade,JC_ade,scene-0046,5,0.86822509765625
nuScenes,oracle,plan_ade,JC_ade,scene-0046,6,0.8507080078125
nuScenes,oracle,plan_ade,JC_ade,scene-0046,7,1.42205810546875
nuScenes,oracle,plan_ade,JC_ade,scene-0046,8,0.754150390625
nuScenes,oracle,plan_ade,JC_ade,scene-0046,9,0.89697265625
nuScenes,oracle,plan_ade,JC_ade,scene-0046,10,0.55364990234375
nuScenes,oracle,plan_ade,JC_ade,scene-0046,11,0.869384765625
nuScenes,oracle,plan_ade,JC_ade,scene-0046,12,1.04815673828125
nuScenes,oracle,plan_ade,JC_ade,scene-0046,13,0.945556640625
nuScenes,oracle,plan_ade,JC_ade,scene-0046,14,0.669677734375
nuScenes,oracle,plan_ade,JC_ade,scene-0046,15,2.51763916015625
nuScenes,oracle,plan_ade,JC_ade,scene-0046,16,0.8564453125
nuScenes,oracle,plan_ade,JC_ade,scene-0046,17,1.5745849609375
nuScenes,oracle,plan_ade,JC_ade,scene-0046,18,1.714111328125
nuScenes,oracle,plan_ade,JC_ade,scene-0046,19,0.99420166015625
nuScenes,oracle,plan_ade,JC_ade,scene-0046,20,0.520751953125
nuScenes,oracle,plan_ade,JC_ade,scene-0046,21,1.2032470703125
nuScenes,oracle,plan_ade,JC_ade,scene-0046,22,1.38812255859375
nuScenes,oracle,plan_ade,JC_ade,scene-0046,23,0.880615234375
nuScenes,oracle,plan_ade,JC_ade,scene-0046,24,1.17919921875
nuScenes,oracle,plan_ade,JC_ade,scene-0046,25,0.5650634765625
nuScenes,oracle,plan_ade,JC_ade,scene-0046,26,0.20751953125
nuScenes,oracle,plan_ade,JC_ade,scene-0046,27,0.1650390625
nuScenes,oracle,plan_ade,JC_ade,scene-0046,28,0.46044921875
nuScenes,oracle,plan_ade,JC_ade,scene-0046,29,0.5238037109375
nuScenes,oracle,plan_ade,JC_ade,scene-0054,0,0.0
nuScenes,oracle,plan_ade,JC_ade,scene-0054,1,0.0
nuScenes,oracle,plan_ade,JC_ade,scene-0054,2,0.0
nuScenes,oracle,plan_ade,JC_ade,scene-0054,3,0.0
nuScenes,oracle,plan_ade,JC_ade,scene-0054,4,0.1744384765625
nuScenes,oracle,plan_ade,JC_ade,scene-0054,5,0.0
nuScenes,oracle,plan_ade,JC_ade,scene-0054,6,0.0
nuScenes,oracle,plan_ade,JC_ade,scene-0054,7,0.0
nuScenes,oracle,plan_ade,JC_ade,scene-0054,8,0.0
nuScenes,oracle,plan_ade,JC_ade,scene-0054,9,0.158203125
nuScenes,oracle,plan_ade,JC_ade,scene-0054,10,0.4305419921875
nuScenes,oracle,plan_ade,JC_ade,scene-0054,11,0.71673583984375
nuScenes,oracle,plan_ade,JC_ade,scene-0054,12,0.173828125
nuScenes,oracle,plan_ade,JC_ade,scene-0054,13,0.265869140625
nuScenes,oracle,plan_ade,JC_ade,scene-0054,14,0.0
nuScenes,oracle,plan_ade,JC_ade,scene-0054,15,0.49169921875
nuScenes,oracle,plan_ade,JC_ade,scene-0054,16,0.1591796875
nuScenes,oracle,plan_ade,JC_ade,scene-0054,17,0.6549072265625
nuScenes,oracle,plan_ade,JC_ade,scene-0054,18,0.236083984375
nuScenes,oracle,plan_ade,JC_ade,scene-0054,19,0.4771728515625
nuScenes,oracle,plan_ade,JC_ade,scene-0054,20,0.4053955078125
nuScenes,oracle,plan_ade,JC_ade,scene-0054,21,0.132568359375
nuScenes,oracle,plan_ade,JC_ade,scene-0054,22,0.139892578125
nuScenes,oracle,plan_ade,JC_ade,scene-0054,23,0.91015625
nuScenes,oracle,plan_ade,JC_ade,scene-0054,24,0.6611328125
nuScenes,oracle,plan_ade,JC_ade,scene-0054,25,0.2100830078125
nuScenes,oracle,plan_ade,JC_ade,scene-0054,26,0.385009765625
nuScenes,oracle,plan_ade,JC_ade,scene-0054,27,0.94036865234375
nuScenes,oracle,plan_ade,JC_ade,scene-0054,28,0.619384765625
nuScenes,oracle,plan_ade,JC_ade,scene-0054,29,0.44329833984375
nuScenes,oracle,plan_ade,JC_ade,scene-0054,30,0.83709716796875
nuScenes,oracle,plan_ade,JC_ade,scene-0055,0,0.499755859375
nuScenes,oracle,plan_ade,JC_ade,scene-0055,1,0.3040771484375
nuScenes,oracle,plan_ade,JC_ade,scene-0055,2,0.292724609375
nuScenes,oracle,plan_ade,JC_ade,scene-0055,3,1.121337890625
nuScenes,oracle,plan_ade,JC_ade,scene-0055,4,0.7884521484375
nuScenes,oracle,plan_ade,JC_ade,scene-0055,5,1.9068603515625
nuScenes,oracle,plan_ade,JC_ade,scene-0055,6,0.2572021484375
nuScenes,oracle,plan_ade,JC_ade,scene-0055,7,0.30810546875
nuScenes,oracle,plan_ade,JC_ade,scene-0055,8,0.0
nuScenes,oracle,plan_ade,JC_ade,scene-0055,9,0.0
nuScenes,oracle,plan_ade,JC_ade,scene-0055,10,0.0
nuScenes,oracle,plan_ade,JC_ade,scene-0055,11,0.0
nuScenes,oracle,plan_ade,JC_ade,scene-0055,12,0.0
nuScenes,oracle,plan_ade,JC_ade,scene-0055,13,0.0
nuScenes,oracle,plan_ade,JC_ade,scene-0055,14,0.0
nuScenes,oracle,plan_ade,JC_ade,scene-0055,15,0.0
nuScenes,oracle,plan_ade,JC_ade,scene-0055,16,0.0
nuScenes,oracle,plan_ade,JC_ade,scene-0055,17,0.0
nuScenes,oracle,plan_ade,JC_ade,scene-0055,18,0.1441650390625
nuScenes,oracle,plan_ade,JC_ade,scene-0055,19,0.1510009765625
nuScenes,oracle,plan_ade,JC_ade,scene-0055,20,0.0
nuScenes,oracle,plan_ade,JC_ade,scene-0055,21,0.1431884765625
nuScenes,oracle,plan_ade,JC_ade,scene-0055,22,0.106689453125
nuScenes,oracle,plan_ade,JC_ade,scene-0055,23,0.1329345703125
nuScenes,oracle,plan_ade,JC_ade,scene-0055,24,0.0
nuScenes,oracle,plan_ade,JC_ade,scene-0055,25,0.0
nuScenes,oracle,plan_ade,JC_ade,scene-0055,26,0.0
nuScenes,oracle,plan_ade,JC_ade,scene-0055,27,0.0
nuScenes,oracle,plan_ade,JC_ade,scene-0055,28,0.0
nuScenes,oracle,plan_ade,JC_ade,scene-0055,29,0.1871337890625
nuScenes,oracle,plan_ade,JC_ade,scene-0055,30,0.0
nuScenes,oracle,plan_ade,JC_ade,scene-0056,0,0.1263427734375
nuScenes,oracle,plan_ade,JC_ade,scene-0056,1,0.0
nuScenes,oracle,plan_ade,JC_ade,scene-0056,2,0.0
nuScenes,oracle,plan_ade,JC_ade,scene-0056,3,0.0
nuScenes,oracle,plan_ade,JC_ade,scene-0056,4,0.0
nuScenes,oracle,plan_ade,JC_ade,scene-0056,5,0.0
nuScenes,oracle,plan_ade,JC_ade,scene-0056,6,0.0
nuScenes,oracle,plan_ade,JC_ade,scene-0056,7,0.0
nuScenes,oracle,plan_ade,JC_ade,scene-0056,8,0.201171875
nuScenes,oracle,plan_ade,JC_ade,scene-0056,9,0.359130859375
nuScenes,oracle,plan_ade,JC_ade,scene-0056,10,0.3106689453125
nuScenes,oracle,plan_ade,JC_ade,scene-0056,11,0.0
nuScenes,oracle,plan_ade,JC_ade,scene-0056,12,0.606689453125
nuScenes,oracle,plan_ade,JC_ade,scene-0056,13,0.52349853515625
nuScenes,oracle,plan_ade,JC_ade,scene-0056,14,0.5013427734375
nuScenes,oracle,plan_ade,JC_ade,scene-0056,15,0.0
nuScenes,oracle,plan_ade,JC_ade,scene-0056,16,0.0
nuScenes,oracle,plan_ade,JC_ade,scene-0056,17,0.0
nuScenes,oracle,plan_ade,JC_ade,scene-0056,18,0.0
nuScenes,oracle,plan_ade,JC_ade,scene-0056,19,0.0
nuScenes,oracle,plan_ade,JC_ade,scene-0056,20,0.0
nuScenes,oracle,plan_ade,JC_ade,scene-0056,21,0.0
nuScenes,oracle,plan_ade,JC_ade,scene-0056,22,0.2789306640625
nuScenes,oracle,plan_ade,JC_ade,scene-0056,23,0.0
nuScenes,oracle,plan_ade,JC_ade,scene-0056,24,0.17333984375
nuScenes,oracle,plan_ade,JC_ade,scene-0056,25,0.0
nuScenes,oracle,plan_ade,JC_ade,scene-0056,26,0.0
nuScenes,oracle,plan_ade,JC_ade,scene-0056,27,0.3232421875
nuScenes,oracle,plan_ade,JC_ade,scene-0056,28,0.23748779296875
nuScenes,oracle,plan_ade,JC_ade,scene-0056,29,0.0
nuScenes,oracle,plan_ade,JC_ade,scene-0056,30,0.204345703125
nuScenes,oracle,plan_ade,JC_ade,scene-0056,31,0.0
nuScenes,oracle,plan_ade,JC_ade,scene-0069,0,0.1026611328125
nuScenes,oracle,plan_ade,JC_ade,scene-0069,1,0.120849609375
nuScenes,oracle,plan_ade,JC_ade,scene-0069,2,0.2467041015625
nuScenes,oracle,plan_ade,JC_ade,scene-0069,3,0.1063232421875
nuScenes,oracle,plan_ade,JC_ade,scene-0069,4,0.216064453125
nuScenes,oracle,plan_ade,JC_ade,scene-0069,5,0.0
nuScenes,oracle,plan_ade,JC_ade,scene-0069,6,0.35870361328125
nuScenes,oracle,plan_ade,JC_ade,scene-0069,7,0.48388671875
nuScenes,oracle,plan_ade,JC_ade,scene-0069,8,1.1632080078125
nuScenes,oracle,plan_ade,JC_ade,scene-0069,9,0.408935546875
nuScenes,oracle,plan_ade,JC_ade,scene-0069,10,0.67388916015625
nuScenes,oracle,plan_ade,JC_ade,scene-0069,11,0.356201171875
nuScenes,oracle,plan_ade,JC_ade,scene-0069,12,0.5638427734375
nuScenes,oracle,plan_ade,JC_ade,scene-0069,13,0.22637939453125
nuScenes,oracle,plan_ade,JC_ade,scene-0069,14,1.20172119140625
nuScenes,oracle,plan_ade,JC_ade,scene-0069,15,0.36181640625
nuScenes,oracle,plan_ade,JC_ade,scene-0069,16,0.6160888671875
nuScenes,oracle,plan_ade,JC_ade,scene-0069,17,0.0
nuScenes,oracle,plan_ade,JC_ade,scene-0069,18,0.26953125
nuScenes,oracle,plan_ade,JC_ade,scene-0069,19,0.23095703125
nuScenes,oracle,plan_ade,JC_ade,scene-0069,20,0.0
nuScenes,oracle,plan_ade,JC_ade,scene-0069,21,0.10015869140625
nuScenes,oracle,plan_ade,JC_ade,scene-0069,22,0.3138427734375
nuScenes,oracle,plan_ade,JC_ade,scene-0069,23,0.0
nuScenes,oracle,plan_ade,JC_ade,scene-0069,24,0.327392578125
nuScenes,oracle,plan_ade,JC_ade,scene-0069,25,0.0
nuScenes,oracle,plan_ade,JC_ade,scene-0069,26,0.0
nuScenes,oracle,plan_ade,JC_ade,scene-0069,27,0.1688232421875
nuScenes,oracle,plan_ade,JC_ade,scene-0069,28,0.0
nuScenes,oracle,plan_ade,JC_ade,scene-0069,29,0.1993408203125
nuScenes,oracle,plan_ade,JC_ade,scene-0069,30,0.1556396484375
nuScenes,oracle,plan_ade,JC_ade,scene-0069,31,0.0
nuScenes,oracle,plan_ade,JC_ade,scene-0070,0,0.183837890625
nuScenes,oracle,plan_ade,JC_ade,scene-0070,1,0.139404296875
nuScenes,oracle,plan_ade,JC_ade,scene-0070,2,0.2354736328125
nuScenes,oracle,plan_ade,JC_ade,scene-0070,3,0.0
nuScenes,oracle,plan_ade,JC_ade,scene-0070,4,0.0
nuScenes,oracle,plan_ade,JC_ade,scene-0070,5,0.4857177734375
nuScenes,oracle,plan_ade,JC_ade,scene-0070,6,0.37579345703125
nuScenes,oracle,plan_ade,JC_ade,scene-0070,7,0.0
nuScenes,oracle,plan_ade,JC_ade,scene-0070,8,0.11798095703125
nuScenes,oracle,plan_ade,JC_ade,scene-0070,9,0.46881103515625
nuScenes,oracle,plan_ade,JC_ade,scene-0070,10,0.2435302734375
nuScenes,oracle,plan_ade,JC_ade,scene-0070,11,0.8677978515625
nuScenes,oracle,plan_ade,JC_ade,scene-0070,12,0.474365234375
nuScenes,oracle,plan_ade,JC_ade,scene-0070,13,0.0
nuScenes,oracle,plan_ade,JC_ade,scene-0070,14,0.24993896484375
nuScenes,oracle,plan_ade,JC_ade,scene-0070,15,0.2353515625
nuScenes,oracle,plan_ade,JC_ade,scene-0070,16,0.4844970703125
nuScenes,oracle,plan_ade,JC_ade,scene-0070,17,0.4283447265625
nuScenes,oracle,plan_ade,JC_ade,scene-0070,18,0.3739013671875
nuScenes,oracle,plan_ade,JC_ade,scene-0070,19,0.3133544921875
nuScenes,oracle,plan_ade,JC_ade,scene-0070,20,0.1329345703125
nuScenes,oracle,plan_ade,JC_ade,scene-0070,21,0.272216796875
nuScenes,oracle,plan_ade,JC_ade,scene-0070,22,0.5645751953125
nuScenes,oracle,plan_ade,JC_ade,scene-0070,23,0.551025390625
nuScenes,oracle,plan_ade,JC_ade,scene-0070,24,0.941650390625
nuScenes,oracle,plan_ade,JC_ade,scene-0070,25,0.3055419921875
nuScenes,oracle,plan_ade,JC_ade,scene-0070,26,0.0
nuScenes,oracle,plan_ade,JC_ade,scene-0070,27,0.37640380859375
nuScenes,oracle,plan_ade,JC_ade,scene-0070,28,0.0
nuScenes,oracle,plan_ade,JC_ade,scene-0070,29,0.0
nuScenes,oracle,plan_ade,JC_ade,scene-0070,30,0.0
nuScenes,oracle,plan_ade,JC_ade,scene-0070,31,0.0
nuScenes,oracle,plan_ade,JC_ade,scene-0071,0,0.24298095703125
nuScenes,oracle,plan_ade,JC_ade,scene-0071,1,0.61944580078125
nuScenes,oracle,plan_ade,JC_ade,scene-0071,2,0.9613037109375
nuScenes,oracle,plan_ade,JC_ade,scene-0071,3,0.63726806640625
nuScenes,oracle,plan_ade,JC_ade,scene-0071,4,0.8358154296875
nuScenes,oracle,plan_ade,JC_ade,scene-0071,5,1.13970947265625
nuScenes,oracle,plan_ade,JC_ade,scene-0071,6,0.92620849609375
nuScenes,oracle,plan_ade,JC_ade,scene-0071,7,1.01300048828125
nuScenes,oracle,plan_ade,JC_ade,scene-0071,8,0.54290771484375
nuScenes,oracle,plan_ade,JC_ade,scene-0071,9,1.25323486328125
nuScenes,oracle,plan_ade,JC_ade,scene-0071,10,0.7314453125
nuScenes,oracle,plan_ade,JC_ade,scene-0071,11,0.9652099609375
nuScenes,oracle,plan_ade,JC_ade,scene-0071,12,0.7833251953125
nuScenes,oracle,plan_ade,JC_ade,scene-0071,13,0.23114013671875
nuScenes,oracle,plan_ade,JC_ade,scene-0071,14,0.57611083984375
nuScenes,oracle,plan_ade,JC_ade,scene-0071,15,0.891357421875
nuScenes,oracle,plan_ade,JC_ade,scene-0071,16,0.55535888671875
nuScenes,oracle,plan_ade,JC_ade,scene-0071,17,0.4307861328125
nuScenes,oracle,plan_ade,JC_ade,scene-0071,18,0.6875
nuScenes,oracle,plan_ade,JC_ade,scene-0071,19,0.8089599609375
nuScenes,oracle,plan_ade,JC_ade,scene-0071,20,0.68292236328125
nuScenes,oracle,plan_ade,JC_ade,scene-0071,21,0.39398193359375
nuScenes,oracle,plan_ade,JC_ade,scene-0071,22,0.87420654296875
nuScenes,oracle,plan_ade,JC_ade,scene-0071,23,1.68621826171875
nuScenes,oracle,plan_ade,JC_ade,scene-0071,24,1.2705078125
nuScenes,oracle,plan_ade,JC_ade,scene-0071,25,0.968994140625
nuScenes,oracle,plan_ade,JC_ade,scene-0071,26,1.262451171875
nuScenes,oracle,plan_ade,JC_ade,scene-0071,27,1.37139892578125
nuScenes,oracle,plan_ade,JC_ade,scene-0071,28,0.801025390625
nuScenes,oracle,plan_ade,JC_ade,scene-0071,29,0.536865234375
nuScenes,oracle,plan_ade,JC_ade,scene-0071,30,0.2982177734375
nuScenes,oracle,plan_ade,JC_ade,scene-0094,0,0.1041259765625
nuScenes,oracle,plan_ade,JC_ade,scene-0094,1,0.21453857421875
nuScenes,oracle,plan_ade,JC_ade,scene-0094,2,0.23095703125
nuScenes,oracle,plan_ade,JC_ade,scene-0094,3,0.1044921875
nuScenes,oracle,plan_ade,JC_ade,scene-0094,4,0.10894775390625
nuScenes,oracle,plan_ade,JC_ade,scene-0094,5,0.5113525390625
nuScenes,oracle,plan_ade,JC_ade,scene-0094,6,0.31439208984375
nuScenes,oracle,plan_ade,JC_ade,scene-0094,7,0.1495361328125
nuScenes,oracle,plan_ade,JC_ade,scene-0094,8,0.139892578125
nuScenes,oracle,plan_ade,JC_ade,scene-0094,9,0.300048828125
nuScenes,oracle,plan_ade,JC_ade,scene-0094,10,0.8038330078125
nuScenes,oracle,plan_ade,JC_ade,scene-0094,11,0.40325927734375
nuScenes,oracle,plan_ade,JC_ade,scene-0094,12,0.4810791015625
nuScenes,oracle,plan_ade,JC_ade,scene-0094,13,0.421630859375
nuScenes,oracle,plan_ade,JC_ade,scene-0094,14,0.371337890625
nuScenes,oracle,plan_ade,JC_ade,scene-0094,15,0.8153076171875
nuScenes,oracle,plan_ade,JC_ade,scene-0094,16,0.6710205078125
nuScenes,oracle,plan_ade,JC_ade,scene-0094,17,0.1187744140625
nuScenes,oracle,plan_ade,JC_ade,scene-0094,18,0.634033203125
nuScenes,oracle,plan_ade,JC_ade,scene-0094,19,1.0830078125
nuScenes,oracle,plan_ade,JC_ade,scene-0094,20,0.4990234375
nuScenes,oracle,plan_ade,JC_ade,scene-0094,21,0.44073486328125
nuScenes,oracle,plan_ade,JC_ade,scene-0094,22,0.255126953125
nuScenes,oracle,plan_ade,JC_ade,scene-0094,23,0.6846923828125
nuScenes,oracle,plan_ade,JC_ade,scene-0094,24,0.83782958984375
nuScenes,oracle,plan_ade,JC_ade,scene-0094,25,0.4189453125
nuScenes,oracle,plan_ade,JC_ade,scene-0094,26,0.6922607421875
nuScenes,oracle,plan_ade,JC_ade,scene-0094,27,0.99493408203125
nuScenes,oracle,plan_ade,JC_ade,scene-0094,28,0.5863037109375
nuScenes,oracle,plan_ade,JC_ade,scene-0094,29,1.47979736328125
nuScenes,oracle,plan_ade,JC_ade,scene-0094,30,0.96405029296875
nuScenes,oracle,plan_ade,JC_ade,scene-0094,31,1.01531982421875
nuScenes,oracle,plan_ade,JC_ade,scene-0095,0,1.1375732421875
nuScenes,oracle,plan_ade,JC_ade,scene-0095,1,0.75604248046875
nuScenes,oracle,plan_ade,JC_ade,scene-0095,2,1.04302978515625
nuScenes,oracle,plan_ade,JC_ade,scene-0095,3,0.33074951171875
nuScenes,oracle,plan_ade,JC_ade,scene-0095,4,0.0
nuScenes,oracle,plan_ade,JC_ade,scene-0095,5,0.49945068359375
nuScenes,oracle,plan_ade,JC_ade,scene-0095,6,0.85491943359375
nuScenes,oracle,plan_ade,JC_ade,scene-0095,7,0.18359375
nuScenes,oracle,plan_ade,JC_ade,scene-0095,8,0.71795654296875
nuScenes,oracle,plan_ade,JC_ade,scene-0095,9,0.55975341796875
nuScenes,oracle,plan_ade,JC_ade,scene-0095,10,0.68182373046875
nuScenes,oracle,plan_ade,JC_ade,scene-0095,11,0.97515869140625
nuScenes,oracle,plan_ade,JC_ade,scene-0095,12,0.58837890625
nuScenes,oracle,plan_ade,JC_ade,scene-0095,13,0.5111083984375
nuScenes,oracle,plan_ade,JC_ade,scene-0095,14,0.9935302734375
nuScenes,oracle,plan_ade,JC_ade,scene-0095,15,0.95098876953125
nuScenes,oracle,plan_ade,JC_ade,scene-0095,16,0.9859619140625
nuScenes,oracle,plan_ade,JC_ade,scene-0095,17,0.88702392578125
nuScenes,oracle,plan_ade,JC_ade,scene-0095,18,0.5369873046875
nuScenes,oracle,plan_ade,JC_ade,scene-0095,19,0.91827392578125
nuScenes,oracle,plan_ade,JC_ade,scene-0095,20,0.36669921875
nuScenes,oracle,plan_ade,JC_ade,scene-0095,21,0.2254638671875
nuScenes,oracle,plan_ade,JC_ade,scene-0095,22,1.026611328125
nuScenes,oracle,plan_ade,JC_ade,scene-0095,23,0.71295166015625
nuScenes,oracle,plan_ade,JC_ade,scene-0095,24,0.95849609375
nuScenes,oracle,plan_ade,JC_ade,scene-0095,25,0.8106689453125
nuScenes,oracle,plan_ade,JC_ade,scene-0095,26,0.3656005859375
nuScenes,oracle,plan_ade,JC_ade,scene-0095,27,0.57916259765625
nuScenes,oracle,plan_ade,JC_ade,scene-0095,28,0.103759765625
nuScenes,oracle,plan_ade,JC_ade,scene-0095,29,0.33251953125
nuScenes,oracle,plan_ade,JC_ade,scene-0096,0,0.237548828125
nuScenes,oracle,plan_ade,JC_ade,scene-0096,1,0.6239013671875
nuScenes,oracle,plan_ade,JC_ade,scene-0096,2,0.6741943359375
nuScenes,oracle,plan_ade,JC_ade,scene-0096,3,0.0
nuScenes,oracle,plan_ade,JC_ade,scene-0096,4,0.3968505859375
nuScenes,oracle,plan_ade,JC_ade,scene-0096,5,0.8465576171875
nuScenes,oracle,plan_ade,JC_ade,scene-0096,6,0.0
nuScenes,oracle,plan_ade,JC_ade,scene-0096,7,0.641357421875
nuScenes,oracle,plan_ade,JC_ade,scene-0096,8,0.59051513671875
nuScenes,oracle,plan_ade,JC_ade,scene-0096,9,0.6650390625
nuScenes,oracle,plan_ade,JC_ade,scene-0096,10,0.52032470703125
nuScenes,oracle,plan_ade,JC_ade,scene-0096,11,0.3541259765625
nuScenes,oracle,plan_ade,JC_ade,scene-0096,12,0.640380859375
nuScenes,oracle,plan_ade,JC_ade,scene-0096,13,0.47412109375
nuScenes,oracle,plan_ade,JC_ade,scene-0096,14,0.2493896484375
nuScenes,oracle,plan_ade,JC_ade,scene-0096,15,0.1361083984375
nuScenes,oracle,plan_ade,JC_ade,scene-0096,16,0.41552734375
nuScenes,oracle,plan_ade,JC_ade,scene-0096,17,0.891357421875
nuScenes,oracle,plan_ade,JC_ade,scene-0096,18,0.53955078125
nuScenes,oracle,plan_ade,JC_ade,scene-0096,19,0.6923828125
nuScenes,oracle,plan_ade,JC_ade,scene-0096,20,0.3111572265625
nuScenes,oracle,plan_ade,JC_ade,scene-0096,21,0.882080078125
nuScenes,oracle,plan_ade,JC_ade,scene-0096,22,0.1339111328125
nuScenes,oracle,plan_ade,JC_ade,scene-0096,23,0.233154296875
nuScenes,oracle,plan_ade,JC_ade,scene-0096,24,0.35662841796875
nuScenes,oracle,plan_ade,JC_ade,scene-0096,25,1.05126953125
nuScenes,oracle,plan_ade,JC_ade,scene-0096,26,0.99658203125
nuScenes,oracle,plan_ade,JC_ade,scene-0096,27,0.7403564453125
nuScenes,oracle,plan_ade,JC_ade,scene-0096,28,0.5703125
nuScenes,oracle,plan_ade,JC_ade,scene-0096,29,0.6329345703125
nuScenes,oracle,plan_fde,JC_fde,scene-0002,0,0.87255859375
nuScenes,oracle,plan_fde,JC_fde,scene-0002,1,0.96453857421875
nuScenes,oracle,plan_fde,JC_fde,scene-0002,2,0.2978515625
nuScenes,oracle,plan_fde,JC_fde,scene-0002,3,0.0
nuScenes,oracle,plan_fde,JC_fde,scene-0002,4,0.26507568359375
nuScenes,oracle,plan_fde,JC_fde,scene-0002,5,0.22406005859375
nuScenes,oracle,plan_fde,JC_fde,scene-0002,6,0.4337158203125
nuScenes,oracle,plan_fde,JC_fde,scene-0002,7,0.65924072265625
nuScenes,oracle,plan_fde,JC_fde,scene-0002,8,0.3475341796875
nuScenes,oracle,plan_fde,JC_fde,scene-0002,9,0.2081298828125
nuScenes,oracle,plan_fde,JC_fde,scene-0002,10,0.1778564453125
nuScenes,oracle,plan_fde,JC_fde,scene-0002,11,0.27593994140625
nuScenes,oracle,plan_fde,JC_fde,scene-0002,12,0.4818115234375
nuScenes,oracle,plan_fde,JC_fde,scene-0002,13,0.3028564453125
nuScenes,oracle,plan_fde,JC_fde,scene-0002,14,0.3619384765625
nuScenes,oracle,plan_fde,JC_fde,scene-0002,15,0.52197265625
nuScenes,oracle,plan_fde,JC_fde,scene-0002,16,0.1251220703125
nuScenes,oracle,plan_fde,JC_fde,scene-0002,17,0.1514892578125
nuScenes,oracle,plan_fde,JC_fde,scene-0002,18,0.1441650390625
nuScenes,oracle,plan_fde,JC_fde,scene-0002,19,0.0
nuScenes,oracle,plan_fde,JC_fde,scene-0002,20,0.0
nuScenes,oracle,plan_fde,JC_fde,scene-0002,21,0.1041259765625
nuScenes,oracle,plan_fde,JC_fde,scene-0002,22,0.1285400390625
nuScenes,oracle,plan_fde,JC_fde,scene-0002,23,0.132080078125
nuScenes,oracle,plan_fde,JC_fde,scene-0002,24,0.0
nuScenes,oracle,plan_fde,JC_fde,scene-0002,25,0.0
nuScenes,oracle,plan_fde,JC_fde,scene-0002,26,0.0
nuScenes,oracle,plan_fde,JC_fde,scene-0002,27,0.96331787109375
nuScenes,oracle,plan_fde,JC_fde,scene-0002,28,0.2802734375
nuScenes,oracle,plan_fde,JC_fde,scene-0002,29,0.12548828125
nuScenes,oracle,plan_fde,JC_fde,scene-0002,30,0.0
nuScenes,oracle,plan_fde,JC_fde,scene-0002,31,0.175537109375
nuScenes,oracle,plan_fde,JC_fde,scene-0003,0,0.39501953125
nuScenes,oracle,plan_fde,JC_fde,scene-0003,1,0.288330078125
nuScenes,oracle,plan_fde,JC_fde,scene-0003,2,0.1925048828125
nuScenes,oracle,plan_fde,JC_fde,scene-0003,3,0.48388671875
nuScenes,oracle,plan_fde,JC_fde,scene-0003,4,0.2508544921875
nuScenes,oracle,plan_fde,JC_fde,scene-0003,5,0.671142578125
nuScenes,oracle,plan_fde,JC_fde,scene-0003,6,0.7762451171875
nuScenes,oracle,plan_fde,JC_fde,scene-0003,7,0.61175537109375
nuScenes,oracle,plan_fde,JC_fde,scene-0003,8,0.29205322265625
nuScenes,oracle,plan_fde,JC_fde,scene-0003,9,0.8675537109375
nuScenes,oracle,plan_fde,JC_fde,scene-0003,10,0.8748779296875
nuScenes,oracle,plan_fde,JC_fde,scene-0003,11,0.501953125
nuScenes,oracle,plan_fde,JC_fde,scene-0003,12,0.3743896484375
nuScenes,oracle,plan_fde,JC_fde,scene-0003,13,0.3575439453125
nuScenes,oracle,plan_fde,JC_fde,scene-0003,14,0.1263427734375
nuScenes,oracle,plan_fde,JC_fde,scene-0003,15,0.5777587890625
nuScenes,oracle,plan_fde,JC_fde,scene-0003,16,0.8748779296875
nuScenes,oracle,plan_fde,JC_fde,scene-0003,17,0.1634521484375
nuScenes,oracle,plan_fde,JC_fde,scene-0003,18,1.0001220703125
nuScenes,oracle,plan_fde,JC_fde,scene-0003,19,0.6573486328125
nuScenes,oracle,plan_fde,JC_fde,scene-0003,20,0.11126708984375
nuScenes,oracle,plan_fde,JC_fde,scene-0003,21,0.0
nuScenes,oracle,plan_fde,JC_fde,scene-0003,22,0.2371826171875
nuScenes,oracle,plan_fde,JC_fde,scene-0003,23,0.314697265625
nuScenes,oracle,plan_fde,JC_fde,scene-0003,24,0.3450927734375
nuScenes,oracle,plan_fde,JC_fde,scene-0003,25,0.3096923828125
nuScenes,oracle,plan_fde,JC_fde,scene-0003,26,0.55755615234375
nuScenes,oracle,plan_fde,JC_fde,scene-0003,27,0.0
nuScenes,oracle,plan_fde,JC_fde,scene-0003,28,0.2628173828125
nuScenes,oracle,plan_fde,JC_fde,scene-0003,29,0.356689453125
nuScenes,oracle,plan_fde,JC_fde,scene-0003,30,0.1307373046875
nuScenes,oracle,plan_fde,JC_fde,scene-0004,0,1.0303955078125
nuScenes,oracle,plan_fde,JC_fde,scene-0004,1,0.689697265625
nuScenes,oracle,plan_fde,JC_fde,scene-0004,2,0.46112060546875
nuScenes,oracle,plan_fde,JC_fde,scene-0004,3,0.4827880859375
nuScenes,oracle,plan_fde,JC_fde,scene-0004,4,0.0
nuScenes,oracle,plan_fde,JC_fde,scene-0004,5,0.3380126953125
nuScenes,oracle,plan_fde,JC_fde,scene-0004,6,1.619384765625
nuScenes,oracle,plan_fde,JC_fde,scene-0004,7,0.8853759765625
nuScenes,oracle,plan_fde,JC_fde,scene-0004,8,0.8515625
nuScenes,oracle,plan_fde,JC_fde,scene-0004,9,1.329345703125
nuScenes,oracle,plan_fde,JC_fde,scene-0004,10,1.1649169921875
nuScenes,oracle,plan_fde,JC_fde,scene-0004,11,0.5816650390625
nuScenes,oracle,plan_fde,JC_fde,scene-0004,12,0.30487060546875
nuScenes,oracle,plan_fde,JC_fde,scene-0004,13,0.2960205078125
nuScenes,oracle,plan_fde,JC_fde,scene-0004,14,0.12335205078125
nuScenes,oracle,plan_fde,JC_fde,scene-0004,15,0.0
nuScenes,oracle,plan_fde,JC_fde,scene-0004,16,0.6920166015625
nuScenes,oracle,plan_fde,JC_fde,scene-0004,17,0.0
nuScenes,oracle,plan_fde,JC_fde,scene-0004,18,0.10821533203125
nuScenes,oracle,plan_fde,JC_fde,scene-0004,19,0.67254638671875
nuScenes,oracle,plan_fde,JC_fde,scene-0004,20,0.0
nuScenes,oracle,plan_fde,JC_fde,scene-0004,21,0.0
nuScenes,oracle,plan_fde,JC_fde,scene-0004,22,0.0
nuScenes,oracle,plan_fde,JC_fde,scene-0004,23,0.0
nuScenes,oracle,plan_fde,JC_fde,scene-0004,24,0.7606201171875
nuScenes,oracle,plan_fde,JC_fde,scene-0004,25,0.0
nuScenes,oracle,plan_fde,JC_fde,scene-0004,26,0.4781494140625
nuScenes,oracle,plan_fde,JC_fde,scene-0004,27,0.3443603515625
nuScenes,oracle,plan_fde,JC_fde,scene-0004,28,0.30126953125
nuScenes,oracle,plan_fde,JC_fde,scene-0004,29,0.556640625
nuScenes,oracle,plan_fde,JC_fde,scene-0004,30,0.29754638671875
nuScenes,oracle,plan_fde,JC_fde,scene-0004,31,0.50506591796875
nuScenes,oracle,plan_fde,JC_fde,scene-0012,0,0.23828125
nuScenes,oracle,plan_fde,JC_fde,scene-0012,1,0.1044921875
nuScenes,oracle,plan_fde,JC_fde,scene-0012,2,0.0
nuScenes,oracle,plan_fde,JC_fde,scene-0012,3,0.1375732421875
nuScenes,oracle,plan_fde,JC_fde,scene-0012,4,0.1365966796875
nuScenes,oracle,plan_fde,JC_fde,scene-0012,5,0.0
nuScenes,oracle,plan_fde,JC_fde,scene-0012,6,0.1456298828125
nuScenes,oracle,plan_fde,JC_fde,scene-0012,7,0.92718505859375
nuScenes,oracle,plan_fde,JC_fde,scene-0012,8,1.02301025390625
nuScenes,oracle,plan_fde,JC_fde,scene-0012,9,0.6240234375
nuScenes,oracle,plan_fde,JC_fde,scene-0012,10,0.0
nuScenes,oracle,plan_fde,JC_fde,scene-0012,11,0.3465576171875
nuScenes,oracle,plan_fde,JC_fde,scene-0012,12,0.1187744140625
nuScenes,oracle,plan_fde,JC_fde,scene-0012,13,0.1761474609375
nuScenes,oracle,plan_fde,JC_fde,scene-0012,14,0.0
nuScenes,oracle,plan_fde,JC_fde,scene-0012,15,0.0
nuScenes,oracle,plan_fde,JC_fde,scene-0012,16,0.0
nuScenes,oracle,plan_fde,JC_fde,scene-0012,17,0.0
nuScenes,oracle,plan_fde,JC_fde,scene-0012,18,0.0
nuScenes,oracle,plan_fde,JC_fde,scene-0012,19,0.0
nuScenes,oracle,plan_fde,JC_fde,scene-0012,20,0.0
nuScenes,oracle,plan_fde,JC_fde,scene-0012,21,0.0
nuScenes,oracle,plan_fde,JC_fde,scene-0012,22,0.0
nuScenes,oracle,plan_fde,JC_fde,scene-0012,23,0.0
nuScenes,oracle,plan_fde,JC_fde,scene-0012,24,0.0
nuScenes,oracle,plan_fde,JC_fde,scene-0012,25,0.219970703125
nuScenes,oracle,plan_fde,JC_fde,scene-0012,26,0.0
nuScenes,oracle,plan_fde,JC_fde,scene-0012,27,0.0
nuScenes,oracle,plan_fde,JC_fde,scene-0012,28,0.0
nuScenes,oracle,plan_fde,JC_fde,scene-0012,29,0.0
nuScenes,oracle,plan_fde,JC_fde,scene-0012,30,0.0
nuScenes,oracle,plan_fde,JC_fde,scene-0013,0,0.0
nuScenes,oracle,plan_fde,JC_fde,scene-0013,1,0.2120361328125
nuScenes,oracle,plan_fde,JC_fde,scene-0013,2,0.19189453125
nuScenes,oracle,plan_fde,JC_fde,scene-0013,3,0.31549072265625
nuScenes,oracle,plan_fde,JC_fde,scene-0013,4,0.37255859375
nuScenes,oracle,plan_fde,JC_fde,scene-0013,5,0.1519775390625
nuScenes,oracle,plan_fde,JC_fde,scene-0013,6,0.202392578125
nuScenes,oracle,plan_fde,JC_fde,scene-0013,7,0.6778564453125
nuScenes,oracle,plan_fde,JC_fde,scene-0013,8,0.5615234375
nuScenes,oracle,plan_fde,JC_fde,scene-0013,9,0.24072265625
nuScenes,oracle,plan_fde,JC_fde,scene-0013,10,0.3050537109375
nuScenes,oracle,plan_fde,JC_fde,scene-0013,11,0.8487548828125
nuScenes,oracle,plan_fde,JC_fde,scene-0013,12,0.95953369140625
nuScenes,oracle,plan_fde,JC_fde,scene-0013,13,0.5335693359375
nuScenes,oracle,plan_fde,JC_fde,scene-0013,14,0.3887939453125
nuScenes,oracle,plan_fde,JC_fde,scene-0013,15,0.4652099609375
nuScenes,oracle,plan_fde,JC_fde,scene-0013,16,0.6187744140625
nuScenes,oracle,plan_fde,JC_fde,scene-0013,17,0.55450439453125
nuScenes,oracle,plan_fde,JC_fde,scene-0013,18,0.4263916015625
nuScenes,oracle,plan_fde,JC_fde,scene-0013,19,0.25921630859375
nuScenes,oracle,plan_fde,JC_fde,scene-0013,20,0.3070068359375
nuScenes,oracle,plan_fde,JC_fde,scene-0013,21,0.178955078125
nuScenes,oracle,plan_fde,JC_fde,scene-0013,22,0.155029296875
nuScenes,oracle,plan_fde,JC_fde,scene-0013,23,0.0
nuScenes,oracle,plan_fde,JC_fde,scene-0013,24,0.0
nuScenes,oracle,plan_fde,JC_fde,scene-0013,25,0.0
nuScenes,oracle,plan_fde,JC_fde,scene-0013,26,0.0
nuScenes,oracle,plan_fde,JC_fde,scene-0013,27,0.0
nuScenes,oracle,plan_fde,JC_fde,scene-0013,28,0.0
nuScenes,oracle,plan_fde,JC_fde,scene-0013,29,0.0
nuScenes,oracle,plan_fde,JC_fde,scene-0013,30,0.0
nuScenes,oracle,plan_fde,JC_fde,scene-0013,31,0.275146484375
nuScenes,oracle,plan_fde,JC_fde,scene-0014,0,0.132080078125
nuScenes,oracle,plan_fde,JC_fde,scene-0014,1,0.22869873046875
nuScenes,oracle,plan_fde,JC_fde,scene-0014,2,0.0
nuScenes,oracle,plan_fde,JC_fde,scene-0014,3,0.0
nuScenes,oracle,plan_fde,JC_fde,scene-0014,4,0.0
nuScenes,oracle,plan_fde,JC_fde,scene-0014,5,0.0
nuScenes,oracle,plan_fde,JC_fde,scene-0014,6,0.0
nuScenes,oracle,plan_fde,JC_fde,scene-0014,7,0.0
nuScenes,oracle,plan_fde,JC_fde,scene-0014,8,0.0
nuScenes,oracle,plan_fde,JC_fde,scene-0014,9,0.0
nuScenes,oracle,plan_fde,JC_fde,scene-0014,10,0.0
nuScenes,oracle,plan_fde,JC_fde,scene-0014,11,0.0
nuScenes,oracle,plan_fde,JC_fde,scene-0014,12,0.0
nuScenes,oracle,plan_fde,JC_fde,scene-0014,13,0.0
nuScenes,oracle,plan_fde,JC_fde,scene-0014,14,0.1285400390625
nuScenes,oracle,plan_fde,JC_fde,scene-0014,15,0.11199951171875
nuScenes,oracle,plan_fde,JC_fde,scene-0014,16,0.3521728515625
nuScenes,oracle,plan_fde,JC_fde,scene-0014,17,0.0
nuScenes,oracle,plan_fde,JC_fde,scene-0014,18,0.0
nuScenes,oracle,plan_fde,JC_fde,scene-0014,19,0.1461181640625
nuScenes,oracle,plan_fde,JC_fde,scene-0014,20,0.0
nuScenes,oracle,plan_fde,JC_fde,scene-0014,21,0.0
nuScenes,oracle,plan_fde,JC_fde,scene-0014,22,0.0
nuScenes,oracle,plan_fde,JC_fde,scene-0014,23,0.1431884765625
nuScenes,oracle,plan_fde,JC_fde,scene-0014,24,0.0
nuScenes,oracle,plan_fde,JC_fde,scene-0014,25,0.0
nuScenes,oracle,plan_fde,JC_fde,scene-0014,26,0.0
nuScenes,oracle,plan_fde,JC_fde,scene-0014,27,0.11126708984375
nuScenes,oracle,plan_fde,JC_fde,scene-0014,28,0.1456298828125
nuScenes,oracle,plan_fde,JC_fde,scene-0014,29,0.29180908203125
nuScenes,oracle,plan_fde,JC_fde,scene-0014,30,0.2294921875
nuScenes,oracle,plan_fde,JC_fde,scene-0014,31,0.0
nuScenes,oracle,plan_fde,JC_fde,scene-0022,0,0.1143798828125
nuScenes,oracle,plan_fde,JC_fde,scene-0022,1,0.74432373046875
nuScenes,oracle,plan_fde,JC_fde,scene-0022,2,0.1912841796875
nuScenes,oracle,plan_fde,JC_fde,scene-0022,3,0.181884765625
nuScenes,oracle,plan_fde,JC_fde,scene-0022,4,0.1859130859375
nuScenes,oracle,plan_fde,JC_fde,scene-0022,5,0.0
nuScenes,oracle,plan_fde,JC_fde,scene-0022,6,0.51739501953125
nuScenes,oracle,plan_fde,JC_fde,scene-0022,7,0.25421142578125
nuScenes,oracle,plan_fde,JC_fde,scene-0022,8,0.0
nuScenes,oracle,plan_fde,JC_fde,scene-0022,9,0.7137451171875
nuScenes,oracle,plan_fde,JC_fde,scene-0022,10,0.272216796875
nuScenes,oracle,plan_fde,JC_fde,scene-0022,11,0.7806396484375
nuScenes,oracle,plan_fde,JC_fde,scene-0022,12,0.1571044921875
nuScenes,oracle,plan_fde,JC_fde,scene-0022,13,0.10015869140625
nuScenes,oracle,plan_fde,JC_fde,scene-0022,14,0.0
nuScenes,oracle,plan_fde,JC_fde,scene-0022,15,0.1217041015625
nuScenes,oracle,plan_fde,JC_fde,scene-0022,16,0.230224609375
nuScenes,oracle,plan_fde,JC_fde,scene-0022,17,0.0
nuScenes,oracle,plan_fde,JC_fde,scene-0022,18,0.1566162109375
nuScenes,oracle,plan_fde,JC_fde,scene-0022,19,0.3038330078125
nuScenes,oracle,plan_fde,JC_fde,scene-0022,20,0.69415283203125
nuScenes,oracle,plan_fde,JC_fde,scene-0022,21,0.4422607421875
nuScenes,oracle,plan_fde,JC_fde,scene-0022,22,0.2283935546875
nuScenes,oracle,plan_fde,JC_fde,scene-0022,23,0.10821533203125
nuScenes,oracle,plan_fde,JC_fde,scene-0022,24,0.16455078125
nuScenes,oracle,plan_fde,JC_fde,scene-0022,25,0.0
nuScenes,oracle,plan_fde,JC_fde,scene-0022,26,0.132080078125
nuScenes,oracle,plan_fde,JC_fde,scene-0022,27,0.0
nuScenes,oracle,plan_fde,JC_fde,scene-0022,28,0.3792724609375
nuScenes,oracle,plan_fde,JC_fde,scene-0022,29,0.22149658203125
nuScenes,oracle,plan_fde,JC_fde,scene-0022,30,0.31005859375
nuScenes,oracle,plan_fde,JC_fde,scene-0022,31,0.0
nuScenes,oracle,plan_fde,JC_fde,scene-0023,0,0.0
nuScenes,oracle,plan_fde,JC_fde,scene-0023,1,0.0
nuScenes,oracle,plan_fde,JC_fde,scene-0023,2,0.1375732421875
nuScenes,oracle,plan_fde,JC_fde,scene-0023,3,0.0
nuScenes,oracle,plan_fde,JC_fde,scene-0023,4,0.0
nuScenes,oracle,plan_fde,JC_fde,scene-0023,5,0.0
nuScenes,oracle,plan_fde,JC_fde,scene-0023,6,0.0
nuScenes,oracle,plan_fde,JC_fde,scene-0023,7,0.0
nuScenes,oracle,plan_fde,JC_fde,scene-0023,8,0.0
nuScenes,oracle,plan_fde,JC_fde,scene-0023,9,0.182373046875
nuScenes,oracle,plan_fde,JC_fde,scene-0023,10,0.0
nuScenes,oracle,plan_fde,JC_fde,scene-0023,11,0.0
nuScenes,oracle,plan_fde,JC_fde,scene-0023,12,0.0
nuScenes,oracle,plan_fde,JC_fde,scene-0023,13,0.1842041015625
nuScenes,oracle,plan_fde,JC_fde,scene-0023,14,0.153076171875
nuScenes,oracle,plan_fde,JC_fde,scene-0023,15,0.1973876953125
nuScenes,oracle,plan_fde,JC_fde,scene-0023,16,0.5257568359375
nuScenes,oracle,plan_fde,JC_fde,scene-0023,17,0.3790283203125
nuScenes,oracle,plan_fde,JC_fde,scene-0023,18,0.2322998046875
nuScenes,oracle,plan_fde,JC_fde,scene-0023,19,0.0
nuScenes,oracle,plan_fde,JC_fde,scene-0023,20,0.199951171875
nuScenes,oracle,plan_fde,JC_fde,scene-0023,21,0.0
nuScenes,oracle,plan_fde,JC_fde,scene-0023,22,0.0
nuScenes,oracle,plan_fde,JC_fde,scene-0023,23,0.0
nuScenes,oracle,plan_fde,JC_fde,scene-0023,24,0.1412353515625
nuScenes,oracle,plan_fde,JC_fde,scene-0023,25,0.0
nuScenes,oracle,plan_fde,JC_fde,scene-0023,26,0.0
nuScenes,oracle,plan_fde,JC_fde,scene-0023,27,0.0
nuScenes,oracle,plan_fde,JC_fde,scene-0023,28,0.0
nuScenes,oracle,plan_fde,JC_fde,scene-0023,29,0.0
nuScenes,oracle,plan_fde,JC_fde,scene-0023,30,0.0
nuScenes,oracle,plan_fde,JC_fde,scene-0023,31,0.216064453125
nuScenes,oracle,plan_fde,JC_fde,scene-0024,0,0.418212890625
nuScenes,oracle,plan_fde,JC_fde,scene-0024,1,0.23968505859375
nuScenes,oracle,plan_fde,JC_fde,scene-0024,2,0.8638916015625
nuScenes,oracle,plan_fde,JC_fde,scene-0024,3,0.22967529296875
nuScenes,oracle,plan_fde,JC_fde,scene-0024,4,0.5172119140625
nuScenes,oracle,plan_fde,JC_fde,scene-0024,5,0.4710693359375
nuScenes,oracle,plan_fde,JC_fde,scene-0024,6,0.0
nuScenes,oracle,plan_fde,JC_fde,scene-0024,7,0.45892333984375
nuScenes,oracle,plan_fde,JC_fde,scene-0024,8,0.1895751953125
nuScenes,oracle,plan_fde,JC_fde,scene-0024,9,0.0
nuScenes,oracle,plan_fde,JC_fde,scene-0024,10,0.36962890625
nuScenes,oracle,plan_fde,JC_fde,scene-0024,11,0.1019287109375
nuScenes,oracle,plan_fde,JC_fde,scene-0024,12,0.37091064453125
nuScenes,oracle,plan_fde,JC_fde,scene-0024,13,0.4879150390625
nuScenes,oracle,plan_fde,JC_fde,scene-0024,14,0.0
nuScenes,oracle,plan_fde,JC_fde,scene-0024,15,0.63201904296875
nuScenes,oracle,plan_fde,JC_fde,scene-0024,16,0.28564453125
nuScenes,oracle,plan_fde,JC_fde,scene-0024,17,0.455810546875
nuScenes,oracle,plan_fde,JC_fde,scene-0024,18,0.265380859375
nuScenes,oracle,plan_fde,JC_fde,scene-0024,19,0.41302490234375
nuScenes,oracle,plan_fde,JC_fde,scene-0024,20,0.2081298828125
nuScenes,oracle,plan_fde,JC_fde,scene-0024,21,0.3028564453125
nuScenes,oracle,plan_fde,JC_fde,scene-0024,22,0.5791015625
nuScenes,oracle,plan_fde,JC_fde,scene-0024,23,0.0
nuScenes,oracle,plan_fde,JC_fde,scene-0024,24,0.3609619140625
nuScenes,oracle,plan_fde,JC_fde,scene-0024,25,0.4669189453125
nuScenes,oracle,plan_fde,JC_fde,scene-0024,26,0.139892578125
nuScenes,oracle,plan_fde,JC_fde,scene-0024,27,0.0
nuScenes,oracle,plan_fde,JC_fde,scene-0024,28,0.0
nuScenes,oracle,plan_fde,JC_fde,scene-0024,29,0.204345703125
nuScenes,oracle,plan_fde,JC_fde,scene-0024,30,0.2901611328125
nuScenes,oracle,plan_fde,JC_fde,scene-0032,0,0.0
nuScenes,oracle,plan_fde,JC_fde,scene-0032,1,0.2127685546875
nuScenes,oracle,plan_fde,JC_fde,scene-0032,2,0.0
nuScenes,oracle,plan_fde,JC_fde,scene-0032,3,0.0
nuScenes,oracle,plan_fde,JC_fde,scene-0032,4,0.23760986328125
nuScenes,oracle,plan_fde,JC_fde,scene-0032,5,0.6202392578125
nuScenes,oracle,plan_fde,JC_fde,scene-0032,6,0.47528076171875
nuScenes,oracle,plan_fde,JC_fde,scene-0032,7,0.0
nuScenes,oracle,plan_fde,JC_fde,scene-0032,8,0.0
nuScenes,oracle,plan_fde,JC_fde,scene-0032,9,0.2213134765625
nuScenes,oracle,plan_fde,JC_fde,scene-0032,10,0.0
nuScenes,oracle,plan_fde,JC_fde,scene-0032,11,0.3115234375
nuScenes,oracle,plan_fde,JC_fde,scene-0032,12,0.0
nuScenes,oracle,plan_fde,JC_fde,scene-0032,13,0.0
nuScenes,oracle,plan_fde,JC_fde,scene-0032,14,0.10302734375
nuScenes,oracle,plan_fde,JC_fde,scene-0032,15,0.0
nuScenes,oracle,plan_fde,JC_fde,scene-0032,16,0.0
nuScenes,oracle,plan_fde,JC_fde,scene-0032,17,0.0
nuScenes,oracle,plan_fde,JC_fde,scene-0032,18,0.0
nuScenes,oracle,plan_fde,JC_fde,scene-0032,19,0.0
nuScenes,oracle,plan_fde,JC_fde,scene-0032,20,0.0
nuScenes,oracle,plan_fde,JC_fde,scene-0032,21,0.20208740234375
nuScenes,oracle,plan_fde,JC_fde,scene-0032,22,0.0
nuScenes,oracle,plan_fde,JC_fde,scene-0032,23,0.0
nuScenes,oracle,plan_fde,JC_fde,scene-0032,24,0.0
nuScenes,oracle,plan_fde,JC_fde,scene-0032,25,0.0
nuScenes,oracle,plan_fde,JC_fde,scene-0032,26,0.0
nuScenes,oracle,plan_fde,JC_fde,scene-0032,27,0.0
nuScenes,oracle,plan_fde,JC_fde,scene-0032,28,0.0
nuScenes,oracle,plan_fde,JC_fde,scene-0032,29,0.0
nuScenes,oracle,plan_fde,JC_fde,scene-0032,30,0.0
nuScenes,oracle,plan_fde,JC_fde,scene-0032,31,0.0
nuScenes,oracle,plan_fde,JC_fde,scene-0033,0,0.11199951171875
nuScenes,oracle,plan_fde,JC_fde,scene-0033,1,0.1263427734375
nuScenes,oracle,plan_fde,JC_fde,scene-0033,2,0.41845703125
nuScenes,oracle,plan_fde,JC_fde,scene-0033,3,0.0
nuScenes,oracle,plan_fde,JC_fde,scene-0033,4,0.11920166015625
nuScenes,oracle,plan_fde,JC_fde,scene-0033,5,0.118408203125
nuScenes,oracle,plan_fde,JC_fde,scene-0033,6,0.12890625
nuScenes,oracle,plan_fde,JC_fde,scene-0033,7,0.21685791015625
nuScenes,oracle,plan_fde,JC_fde,scene-0033,8,0.0
nuScenes,oracle,plan_fde,JC_fde,scene-0033,9,0.0
nuScenes,oracle,plan_fde,JC_fde,scene-0033,10,0.423828125
nuScenes,oracle,plan_fde,JC_fde,scene-0033,11,0.529296875
nuScenes,oracle,plan_fde,JC_fde,scene-0033,12,0.50927734375
nuScenes,oracle,plan_fde,JC_fde,scene-0033,13,0.206298828125
nuScenes,oracle,plan_fde,JC_fde,scene-0033,14,0.1055908203125
nuScenes,oracle,plan_fde,JC_fde,scene-0033,15,0.120849609375
nuScenes,oracle,plan_fde,JC_fde,scene-0033,16,0.0
nuScenes,oracle,plan_fde,JC_fde,scene-0033,17,0.3446044921875
nuScenes,oracle,plan_fde,JC_fde,scene-0033,18,0.1033935546875
nuScenes,oracle,plan_fde,JC_fde,scene-0033,19,0.0
nuScenes,oracle,plan_fde,JC_fde,scene-0033,20,0.0
nuScenes,oracle,plan_fde,JC_fde,scene-0033,21,0.2239990234375
nuScenes,oracle,plan_fde,JC_fde,scene-0033,22,0.1259765625
nuScenes,oracle,plan_fde,JC_fde,scene-0033,23,0.26470947265625
nuScenes,oracle,plan_fde,JC_fde,scene-0033,24,0.22119140625
nuScenes,oracle,plan_fde,JC_fde,scene-0033,25,0.52587890625
nuScenes,oracle,plan_fde,JC_fde,scene-0033,26,0.2427978515625
nuScenes,oracle,plan_fde,JC_fde,scene-0033,27,0.24365234375
nuScenes,oracle,plan_fde,JC_fde,scene-0033,28,0.178955078125
nuScenes,oracle,plan_fde,JC_fde,scene-0033,29,0.0
nuScenes,oracle,plan_fde,JC_fde,scene-0033,30,0.0
nuScenes,oracle,plan_fde,JC_fde,scene-0033,31,0.0
nuScenes,oracle,plan_fde,JC_fde,scene-0034,0,0.0
nuScenes,oracle,plan_fde,JC_fde,scene-0034,1,0.0
nuScenes,oracle,plan_fde,JC_fde,scene-0034,2,0.0
nuScenes,oracle,plan_fde,JC_fde,scene-0034,3,0.0
nuScenes,oracle,plan_fde,JC_fde,scene-0034,4,0.0
nuScenes,oracle,plan_fde,JC_fde,scene-0034,5,0.0
nuScenes,oracle,plan_fde,JC_fde,scene-0034,6,0.0
nuScenes,oracle,plan_fde,JC_fde,scene-0034,7,0.0
nuScenes,oracle,plan_fde,JC_fde,scene-0034,8,0.0
nuScenes,oracle,plan_fde,JC_fde,scene-0034,9,0.0
nuScenes,oracle,plan_fde,JC_fde,scene-0034,10,0.0
nuScenes,oracle,plan_fde,JC_fde,scene-0034,11,0.0
nuScenes,oracle,plan_fde,JC_fde,scene-0034,12,0.3017578125
nuScenes,oracle,plan_fde,JC_fde,scene-0034,13,0.5726318359375
nuScenes,oracle,plan_fde,JC_fde,scene-0034,14,0.26806640625
nuScenes,oracle,plan_fde,JC_fde,scene-0034,15,0.4095458984375
nuScenes,oracle,plan_fde,JC_fde,scene-0034,16,0.5697021484375
nuScenes,oracle,plan_fde,JC_fde,scene-0034,17,0.293212890625
nuScenes,oracle,plan_fde,JC_fde,scene-0034,18,0.22265625
nuScenes,oracle,plan_fde,JC_fde,scene-0034,19,0.0
nuScenes,oracle,plan_fde,JC_fde,scene-0034,20,0.1883544921875
nuScenes,oracle,plan_fde,JC_fde,scene-0034,21,0.0
nuScenes,oracle,plan_fde,JC_fde,scene-0034,22,0.18896484375
nuScenes,oracle,plan_fde,JC_fde,scene-0034,23,0.1312255859375
nuScenes,oracle,plan_fde,JC_fde,scene-0034,24,0.0
nuScenes,oracle,plan_fde,JC_fde,scene-0034,25,0.0
nuScenes,oracle,plan_fde,JC_fde,scene-0034,26,0.0
nuScenes,oracle,plan_fde,JC_fde,scene-0034,27,0.0
nuScenes,oracle,plan_fde,JC_fde,scene-0034,28,0.0
nuScenes,oracle,plan_fde,JC_fde,scene-0034,29,0.0
nuScenes,oracle,plan_fde,JC_fde,scene-0034,30,0.175537109375
nuScenes,oracle,plan_fde,JC_fde,scene-0044,0,0.26263427734375
nuScenes,oracle,plan_fde,JC_fde,scene-0044,1,0.0
nuScenes,oracle,plan_fde,JC_fde,scene-0044,2,0.0
nuScenes,oracle,plan_fde,JC_fde,scene-0044,3,0.3892822265625
nuScenes,oracle,plan_fde,JC_fde,scene-0044,4,0.3304443359375
nuScenes,oracle,plan_fde,JC_fde,scene-0044,5,0.2493896484375
nuScenes,oracle,plan_fde,JC_fde,scene-0044,6,0.2421875
nuScenes,oracle,plan_fde,JC_fde,scene-0044,7,0.2421875
nuScenes,oracle,plan_fde,JC_fde,scene-0044,8,0.0
nuScenes,oracle,plan_fde,JC_fde,scene-0044,9,0.5699462890625
nuScenes,oracle,plan_fde,JC_fde,scene-0044,10,0.510498046875
nuScenes,oracle,plan_fde,JC_fde,scene-0044,11,0.0
nuScenes,oracle,plan_fde,JC_fde,scene-0044,12,0.0
nuScenes,oracle,plan_fde,JC_fde,scene-0044,13,0.0
nuScenes,oracle,plan_fde,JC_fde,scene-0044,14,0.0
nuScenes,oracle,plan_fde,JC_fde,scene-0044,15,0.0
nuScenes,oracle,plan_fde,JC_fde,scene-0044,16,0.1470947265625
nuScenes,oracle,plan_fde,JC_fde,scene-0044,17,0.1470947265625
nuScenes,oracle,plan_fde,JC_fde,scene-0044,18,0.48980712890625
nuScenes,oracle,plan_fde,JC_fde,scene-0044,19,0.291259765625
nuScenes,oracle,plan_fde,JC_fde,scene-0044,20,0.504638671875
nuScenes,oracle,plan_fde,JC_fde,scene-0044,21,0.804443359375
nuScenes,oracle,plan_fde,JC_fde,scene-0044,22,0.0
nuScenes,oracle,plan_fde,JC_fde,scene-0044,23,0.0
nuScenes,oracle,plan_fde,JC_fde,scene-0044,24,0.0
nuScenes,oracle,plan_fde,JC_fde,scene-0044,25,0.1187744140625
nuScenes,oracle,plan_fde,JC_fde,scene-0044,26,0.1505126953125
nuScenes,oracle,plan_fde,JC_fde,scene-0044,27,0.0
nuScenes,oracle,plan_fde,JC_fde,scene-0044,28,0.0
nuScenes,oracle,plan_fde,JC_fde,scene-0044,29,0.0
nuScenes,oracle,plan_fde,JC_fde,scene-0044,30,0.0
nuScenes,oracle,plan_fde,JC_fde,scene-0045,0,1.320556640625
nuScenes,oracle,plan_fde,JC_fde,scene-0045,1,1.07049560546875
nuScenes,oracle,plan_fde,JC_fde,scene-0045,2,0.4278564453125
nuScenes,oracle,plan_fde,JC_fde,scene-0045,3,0.5771484375
nuScenes,oracle,plan_fde,JC_fde,scene-0045,4,0.7325439453125
nuScenes,oracle,plan_fde,JC_fde,scene-0045,5,0.28857421875
nuScenes,oracle,plan_fde,JC_fde,scene-0045,6,0.1441650390625
nuScenes,oracle,plan_fde,JC_fde,scene-0045,7,0.769775390625
nuScenes,oracle,plan_fde,JC_fde,scene-0045,8,0.67291259765625
nuScenes,oracle,plan_fde,JC_fde,scene-0045,9,0.43487548828125
nuScenes,oracle,plan_fde,JC_fde,scene-0045,10,0.896240234375
nuScenes,oracle,plan_fde,JC_fde,scene-0045,11,0.33123779296875
nuScenes,oracle,plan_fde,JC_fde,scene-0045,12,0.46435546875
nuScenes,oracle,plan_fde,JC_fde,scene-0045,13,1.00384521484375
nuScenes,oracle,plan_fde,JC_fde,scene-0045,14,0.231689453125
nuScenes,oracle,plan_fde,JC_fde,scene-0045,15,0.118408203125
nuScenes,oracle,plan_fde,JC_fde,scene-0045,16,0.0
nuScenes,oracle,plan_fde,JC_fde,scene-0045,17,0.317138671875
nuScenes,oracle,plan_fde,JC_fde,scene-0045,18,0.59259033203125
nuScenes,oracle,plan_fde,JC_fde,scene-0045,19,0.60498046875
nuScenes,oracle,plan_fde,JC_fde,scene-0045,20,0.3465576171875
nuScenes,oracle,plan_fde,JC_fde,scene-0045,21,0.31964111328125
nuScenes,oracle,plan_fde,JC_fde,scene-0045,22,0.2442626953125
nuScenes,oracle,plan_fde,JC_fde,scene-0045,23,0.6546630859375
nuScenes,oracle,plan_fde,JC_fde,scene-0045,24,0.28033447265625
nuScenes,oracle,plan_fde,JC_fde,scene-0045,25,0.1357421875
nuScenes,oracle,plan_fde,JC_fde,scene-0045,26,0.3577880859375
nuScenes,oracle,plan_fde,JC_fde,scene-0045,27,0.11199951171875
nuScenes,oracle,plan_fde,JC_fde,scene-0045,28,0.81964111328125
nuScenes,oracle,plan_fde,JC_fde,scene-0045,29,0.1033935546875
nuScenes,oracle,plan_fde,JC_fde,scene-0046,0,0.0
nuScenes,oracle,plan_fde,JC_fde,scene-0046,1,0.1033935546875
nuScenes,oracle,plan_fde,JC_fde,scene-0046,2,0.11474609375
nuScenes,oracle,plan_fde,JC_fde,scene-0046,3,0.582763671875
nuScenes,oracle,plan_fde,JC_fde,scene-0046,4,0.4224853515625
nuScenes,oracle,plan_fde,JC_fde,scene-0046,5,0.86822509765625
nuScenes,oracle,plan_fde,JC_fde,scene-0046,6,0.8507080078125
nuScenes,oracle,plan_fde,JC_fde,scene-0046,7,1.42205810546875
nuScenes,oracle,plan_fde,JC_fde,scene-0046,8,0.754150390625
nuScenes,oracle,plan_fde,JC_fde,scene-0046,9,0.89697265625
nuScenes,oracle,plan_fde,JC_fde,scene-0046,10,0.55364990234375
nuScenes,oracle,plan_fde,JC_fde,scene-0046,11,0.869384765625
nuScenes,oracle,plan_fde,JC_fde,scene-0046,12,1.04815673828125
nuScenes,oracle,plan_fde,JC_fde,scene-0046,13,0.945556640625
nuScenes,oracle,plan_fde,JC_fde,scene-0046,14,0.669677734375
nuScenes,oracle,plan_fde,JC_fde,scene-0046,15,2.51763916015625
nuScenes,oracle,plan_fde,JC_fde,scene-0046,16,0.8564453125
nuScenes,oracle,plan_fde,JC_fde,scene-0046,17,1.5745849609375
nuScenes,oracle,plan_fde,JC_fde,scene-0046,18,1.714111328125
nuScenes,oracle,plan_fde,JC_fde,scene-0046,19,0.99420166015625
nuScenes,oracle,plan_fde,JC_fde,scene-0046,20,0.520751953125
nuScenes,oracle,plan_fde,JC_fde,scene-0046,21,1.2032470703125
nuScenes,oracle,plan_fde,JC_fde,scene-0046,22,1.38812255859375
nuScenes,oracle,plan_fde,JC_fde,scene-0046,23,0.880615234375
nuScenes,oracle,plan_fde,JC_fde,scene-0046,24,1.17919921875
nuScenes,oracle,plan_fde,JC_fde,scene-0046,25,0.5650634765625
nuScenes,oracle,plan_fde,JC_fde,scene-0046,26,0.20751953125
nuScenes,oracle,plan_fde,JC_fde,scene-0046,27,0.1650390625
nuScenes,oracle,plan_fde,JC_fde,scene-0046,28,0.46044921875
nuScenes,oracle,plan_fde,JC_fde,scene-0046,29,0.5238037109375
nuScenes,oracle,plan_fde,JC_fde,scene-0054,0,0.0
nuScenes,oracle,plan_fde,JC_fde,scene-0054,1,0.0
nuScenes,oracle,plan_fde,JC_fde,scene-0054,2,0.0
nuScenes,oracle,plan_fde,JC_fde,scene-0054,3,0.0
nuScenes,oracle,plan_fde,JC_fde,scene-0054,4,0.1744384765625
nuScenes,oracle,plan_fde,JC_fde,scene-0054,5,0.0
nuScenes,oracle,plan_fde,JC_fde,scene-0054,6,0.0
nuScenes,oracle,plan_fde,JC_fde,scene-0054,7,0.0
nuScenes,oracle,plan_fde,JC_fde,scene-0054,8,0.0
nuScenes,oracle,plan_fde,JC_fde,scene-0054,9,0.158203125
nuScenes,oracle,plan_fde,JC_fde,scene-0054,10,0.4305419921875
nuScenes,oracle,plan_fde,JC_fde,scene-0054,11,0.71673583984375
nuScenes,oracle,plan_fde,JC_fde,scene-0054,12,0.173828125
nuScenes,oracle,plan_fde,JC_fde,scene-0054,13,0.265869140625
nuScenes,oracle,plan_fde,JC_fde,scene-0054,14,0.0
nuScenes,oracle,plan_fde,JC_fde,scene-0054,15,0.49169921875
nuScenes,oracle,plan_fde,JC_fde,scene-0054,16,0.1591796875
nuScenes,oracle,plan_fde,JC_fde,scene-0054,17,0.6549072265625
nuScenes,oracle,plan_fde,JC_fde,scene-0054,18,0.236083984375
nuScenes,oracle,plan_fde,JC_fde,scene-0054,19,0.4771728515625
nuScenes,oracle,plan_fde,JC_fde,scene-0054,20,0.4053955078125
nuScenes,oracle,plan_fde,JC_fde,scene-0054,21,0.132568359375
nuScenes,oracle,plan_fde,JC_fde,scene-0054,22,0.139892578125
nuScenes,oracle,plan_fde,JC_fde,scene-0054,23,0.91015625
nuScenes,oracle,plan_fde,JC_fde,scene-0054,24,0.6611328125
nuScenes,oracle,plan_fde,JC_fde,scene-0054,25,0.2100830078125
nuScenes,oracle,plan_fde,JC_fde,scene-0054,26,0.385009765625
nuScenes,oracle,plan_fde,JC_fde,scene-0054,27,0.94036865234375
nuScenes,oracle,plan_fde,JC_fde,scene-0054,28,0.619384765625
nuScenes,oracle,plan_fde,JC_fde,scene-0054,29,0.44329833984375
nuScenes,oracle,plan_fde,JC_fde,scene-0054,30,0.83709716796875
nuScenes,oracle,plan_fde,JC_fde,scene-0055,0,0.499755859375
nuScenes,oracle,plan_fde,JC_fde,scene-0055,1,0.3040771484375
nuScenes,oracle,plan_fde,JC_fde,scene-0055,2,0.292724609375
nuScenes,oracle,plan_fde,JC_fde,scene-0055,3,1.121337890625
nuScenes,oracle,plan_fde,JC_fde,scene-0055,4,0.7884521484375
nuScenes,oracle,plan_fde,JC_fde,scene-0055,5,1.9068603515625
nuScenes,oracle,plan_fde,JC_fde,scene-0055,6,0.2572021484375
nuScenes,oracle,plan_fde,JC_fde,scene-0055,7,0.30810546875
nuScenes,oracle,plan_fde,JC_fde,scene-0055,8,0.0
nuScenes,oracle,plan_fde,JC_fde,scene-0055,9,0.0
nuScenes,oracle,plan_fde,JC_fde,scene-0055,10,0.0
nuScenes,oracle,plan_fde,JC_fde,scene-0055,11,0.0
nuScenes,oracle,plan_fde,JC_fde,scene-0055,12,0.0
nuScenes,oracle,plan_fde,JC_fde,scene-0055,13,0.0
nuScenes,oracle,plan_fde,JC_fde,scene-0055,14,0.0
nuScenes,oracle,plan_fde,JC_fde,scene-0055,15,0.0
nuScenes,oracle,plan_fde,JC_fde,scene-0055,16,0.0
nuScenes,oracle,plan_fde,JC_fde,scene-0055,17,0.0
nuScenes,oracle,plan_fde,JC_fde,scene-0055,18,0.1441650390625
nuScenes,oracle,plan_fde,JC_fde,scene-0055,19,0.1510009765625
nuScenes,oracle,plan_fde,JC_fde,scene-0055,20,0.0
nuScenes,oracle,plan_fde,JC_fde,scene-0055,21,0.1431884765625
nuScenes,oracle,plan_fde,JC_fde,scene-0055,22,0.106689453125
nuScenes,oracle,plan_fde,JC_fde,scene-0055,23,0.1329345703125
nuScenes,oracle,plan_fde,JC_fde,scene-0055,24,0.0
nuScenes,oracle,plan_fde,JC_fde,scene-0055,25,0.0
nuScenes,oracle,plan_fde,JC_fde,scene-0055,26,0.0
nuScenes,oracle,plan_fde,JC_fde,scene-0055,27,0.0
nuScenes,oracle,plan_fde,JC_fde,scene-0055,28,0.0
nuScenes,oracle,plan_fde,JC_fde,scene-0055,29,0.1871337890625
nuScenes,oracle,plan_fde,JC_fde,scene-0055,30,0.0
nuScenes,oracle,plan_fde,JC_fde,scene-0056,0,0.1263427734375
nuScenes,oracle,plan_fde,JC_fde,scene-0056,1,0.0
nuScenes,oracle,plan_fde,JC_fde,scene-0056,2,0.0
nuScenes,oracle,plan_fde,JC_fde,scene-0056,3,0.0
nuScenes,oracle,plan_fde,JC_fde,scene-0056,4,0.0
nuScenes,oracle,plan_fde,JC_fde,scene-0056,5,0.0
nuScenes,oracle,plan_fde,JC_fde,scene-0056,6,0.0
nuScenes,oracle,plan_fde,JC_fde,scene-0056,7,0.0
nuScenes,oracle,plan_fde,JC_fde,scene-0056,8,0.201171875
nuScenes,oracle,plan_fde,JC_fde,scene-0056,9,0.359130859375
nuScenes,oracle,plan_fde,JC_fde,scene-0056,10,0.3106689453125
nuScenes,oracle,plan_fde,JC_fde,scene-0056,11,0.0
nuScenes,oracle,plan_fde,JC_fde,scene-0056,12,0.606689453125
nuScenes,oracle,plan_fde,JC_fde,scene-0056,13,0.52349853515625
nuScenes,oracle,plan_fde,JC_fde,scene-0056,14,0.5013427734375
nuScenes,oracle,plan_fde,JC_fde,scene-0056,15,0.0
nuScenes,oracle,plan_fde,JC_fde,scene-0056,16,0.0
nuScenes,oracle,plan_fde,JC_fde,scene-0056,17,0.0
nuScenes,oracle,plan_fde,JC_fde,scene-0056,18,0.0
nuScenes,oracle,plan_fde,JC_fde,scene-0056,19,0.0
nuScenes,oracle,plan_fde,JC_fde,scene-0056,20,0.0
nuScenes,oracle,plan_fde,JC_fde,scene-0056,21,0.0
nuScenes,oracle,plan_fde,JC_fde,scene-0056,22,0.2789306640625
nuScenes,oracle,plan_fde,JC_fde,scene-0056,23,0.0
nuScenes,oracle,plan_fde,JC_fde,scene-0056,24,0.17333984375
nuScenes,oracle,plan_fde,JC_fde,scene-0056,25,0.0
nuScenes,oracle,plan_fde,JC_fde,scene-0056,26,0.0
nuScenes,oracle,plan_fde,JC_fde,scene-0056,27,0.3232421875
nuScenes,oracle,plan_fde,JC_fde,scene-0056,28,0.23748779296875
nuScenes,oracle,plan_fde,JC_fde,scene-0056,29,0.0
nuScenes,oracle,plan_fde,JC_fde,scene-0056,30,0.204345703125
nuScenes,oracle,plan_fde,JC_fde,scene-0056,31,0.0
nuScenes,oracle,plan_fde,JC_fde,scene-0069,0,0.1026611328125
nuScenes,oracle,plan_fde,JC_fde,scene-0069,1,0.120849609375
nuScenes,oracle,plan_fde,JC_fde,scene-0069,2,0.2467041015625
nuScenes,oracle,plan_fde,JC_fde,scene-0069,3,0.1063232421875
nuScenes,oracle,plan_fde,JC_fde,scene-0069,4,0.216064453125
nuScenes,oracle,plan_fde,JC_fde,scene-0069,5,0.0
nuScenes,oracle,plan_fde,JC_fde,scene-0069,6,0.35870361328125
nuScenes,oracle,plan_fde,JC_fde,scene-0069,7,0.48388671875
nuScenes,oracle,plan_fde,JC_fde,scene-0069,8,1.1632080078125
nuScenes,oracle,plan_fde,JC_fde,scene-0069,9,0.408935546875
nuScenes,oracle,plan_fde,JC_fde,scene-0069,10,0.67388916015625
nuScenes,oracle,plan_fde,JC_fde,scene-0069,11,0.356201171875
nuScenes,oracle,plan_fde,JC_fde,scene-0069,12,0.5638427734375
nuScenes,oracle,plan_fde,JC_fde,scene-0069,13,0.22637939453125
nuScenes,oracle,plan_fde,JC_fde,scene-0069,14,1.20172119140625
nuScenes,oracle,plan_fde,JC_fde,scene-0069,15,0.36181640625
nuScenes,oracle,plan_fde,JC_fde,scene-0069,16,0.6160888671875
nuScenes,oracle,plan_fde,JC_fde,scene-0069,17,0.0
nuScenes,oracle,plan_fde,JC_fde,scene-0069,18,0.26953125
nuScenes,oracle,plan_fde,JC_fde,scene-0069,19,0.23095703125
nuScenes,oracle,plan_fde,JC_fde,scene-0069,20,0.0
nuScenes,oracle,plan_fde,JC_fde,scene-0069,21,0.10015869140625
nuScenes,oracle,plan_fde,JC_fde,scene-0069,22,0.3138427734375
nuScenes,oracle,plan_fde,JC_fde,scene-0069,23,0.0
nuScenes,oracle,plan_fde,JC_fde,scene-0069,24,0.327392578125
nuScenes,oracle,plan_fde,JC_fde,scene-0069,25,0.0
nuScenes,oracle,plan_fde,JC_fde,scene-0069,26,0.0
nuScenes,oracle,plan_fde,JC_fde,scene-0069,27,0.1688232421875
nuScenes,oracle,plan_fde,JC_fde,scene-0069,28,0.0
nuScenes,oracle,plan_fde,JC_fde,scene-0069,29,0.1993408203125
nuScenes,oracle,plan_fde,JC_fde,scene-0069,30,0.1556396484375
nuScenes,oracle,plan_fde,JC_fde,scene-0069,31,0.0
nuScenes,oracle,plan_fde,JC_fde,scene-0070,0,0.183837890625
nuScenes,oracle,plan_fde,JC_fde,scene-0070,1,0.139404296875
nuScenes,oracle,plan_fde,JC_fde,scene-0070,2,0.2354736328125
nuScenes,oracle,plan_fde,JC_fde,scene-0070,3,0.0
nuScenes,oracle,plan_fde,JC_fde,scene-0070,4,0.0
nuScenes,oracle,plan_fde,JC_fde,scene-0070,5,0.4857177734375
nuScenes,oracle,plan_fde,JC_fde,scene-0070,6,0.37579345703125
nuScenes,oracle,plan_fde,JC_fde,scene-0070,7,0.0
nuScenes,oracle,plan_fde,JC_fde,scene-0070,8,0.11798095703125
nuScenes,oracle,plan_fde,JC_fde,scene-0070,9,0.46881103515625
nuScenes,oracle,plan_fde,JC_fde,scene-0070,10,0.2435302734375
nuScenes,oracle,plan_fde,JC_fde,scene-0070,11,0.8677978515625
nuScenes,oracle,plan_fde,JC_fde,scene-0070,12,0.474365234375
nuScenes,oracle,plan_fde,JC_fde,scene-0070,13,0.0
nuScenes,oracle,plan_fde,JC_fde,scene-0070,14,0.24993896484375
nuScenes,oracle,plan_fde,JC_fde,scene-0070,15,0.2353515625
nuScenes,oracle,plan_fde,JC_fde,scene-0070,16,0.4844970703125
nuScenes,oracle,plan_fde,JC_fde,scene-0070,17,0.4283447265625
nuScenes,oracle,plan_fde,JC_fde,scene-0070,18,0.3739013671875
nuScenes,oracle,plan_fde,JC_fde,scene-0070,19,0.3133544921875
nuScenes,oracle,plan_fde,JC_fde,scene-0070,20,0.1329345703125
nuScenes,oracle,plan_fde,JC_fde,scene-0070,21,0.272216796875
nuScenes,oracle,plan_fde,JC_fde,scene-0070,22,0.5645751953125
nuScenes,oracle,plan_fde,JC_fde,scene-0070,23,0.551025390625
nuScenes,oracle,plan_fde,JC_fde,scene-0070,24,0.941650390625
nuScenes,oracle,plan_fde,JC_fde,scene-0070,25,0.3055419921875
nuScenes,oracle,plan_fde,JC_fde,scene-0070,26,0.0
nuScenes,oracle,plan_fde,JC_fde,scene-0070,27,0.37640380859375
nuScenes,oracle,plan_fde,JC_fde,scene-0070,28,0.0
nuScenes,oracle,plan_fde,JC_fde,scene-0070,29,0.0
nuScenes,oracle,plan_fde,JC_fde,scene-0070,30,0.0
nuScenes,oracle,plan_fde,JC_fde,scene-0070,31,0.0
nuScenes,oracle,plan_fde,JC_fde,scene-0071,0,0.24298095703125
nuScenes,oracle,plan_fde,JC_fde,scene-0071,1,0.61944580078125
nuScenes,oracle,plan_fde,JC_fde,scene-0071,2,0.9613037109375
nuScenes,oracle,plan_fde,JC_fde,scene-0071,3,0.63726806640625
nuScenes,oracle,plan_fde,JC_fde,scene-0071,4,0.8358154296875
nuScenes,oracle,plan_fde,JC_fde,scene-0071,5,1.13970947265625
nuScenes,oracle,plan_fde,JC_fde,scene-0071,6,0.92620849609375
nuScenes,oracle,plan_fde,JC_fde,scene-0071,7,1.01300048828125
nuScenes,oracle,plan_fde,JC_fde,scene-0071,8,0.54290771484375
nuScenes,oracle,plan_fde,JC_fde,scene-0071,9,1.25323486328125
nuScenes,oracle,plan_fde,JC_fde,scene-0071,10,0.7314453125
nuScenes,oracle,plan_fde,JC_fde,scene-0071,11,0.9652099609375
nuScenes,oracle,plan_fde,JC_fde,scene-0071,12,0.7833251953125
nuScenes,oracle,plan_fde,JC_fde,scene-0071,13,0.23114013671875
nuScenes,oracle,plan_fde,JC_fde,scene-0071,14,0.57611083984375
nuScenes,oracle,plan_fde,JC_fde,scene-0071,15,0.891357421875
nuScenes,oracle,plan_fde,JC_fde,scene-0071,16,0.55535888671875
nuScenes,oracle,plan_fde,JC_fde,scene-0071,17,0.4307861328125
nuScenes,oracle,plan_fde,JC_fde,scene-0071,18,0.6875
nuScenes,oracle,plan_fde,JC_fde,scene-0071,19,0.8089599609375
nuScenes,oracle,plan_fde,JC_fde,scene-0071,20,0.68292236328125
nuScenes,oracle,plan_fde,JC_fde,scene-0071,21,0.39398193359375
nuScenes,oracle,plan_fde,JC_fde,scene-0071,22,0.87420654296875
nuScenes,oracle,plan_fde,JC_fde,scene-0071,23,1.68621826171875
nuScenes,oracle,plan_fde,JC_fde,scene-0071,24,1.2705078125
nuScenes,oracle,plan_fde,JC_fde,scene-0071,25,0.968994140625
nuScenes,oracle,plan_fde,JC_fde,scene-0071,26,1.262451171875
nuScenes,oracle,plan_fde,JC_fde,scene-0071,27,1.37139892578125
nuScenes,oracle,plan_fde,JC_fde,scene-0071,28,0.801025390625
nuScenes,oracle,plan_fde,JC_fde,scene-0071,29,0.536865234375
nuScenes,oracle,plan_fde,JC_fde,scene-0071,30,0.2982177734375
nuScenes,oracle,plan_fde,JC_fde,scene-0094,0,0.1041259765625
nuScenes,oracle,plan_fde,JC_fde,scene-0094,1,0.21453857421875
nuScenes,oracle,plan_fde,JC_fde,scene-0094,2,0.23095703125
nuScenes,oracle,plan_fde,JC_fde,scene-0094,3,0.1044921875
nuScenes,oracle,plan_fde,JC_fde,scene-0094,4,0.10894775390625
nuScenes,oracle,plan_fde,JC_fde,scene-0094,5,0.5113525390625
nuScenes,oracle,plan_fde,JC_fde,scene-0094,6,0.31439208984375
nuScenes,oracle,plan_fde,JC_fde,scene-0094,7,0.1495361328125
nuScenes,oracle,plan_fde,JC_fde,scene-0094,8,0.139892578125
nuScenes,oracle,plan_fde,JC_fde,scene-0094,9,0.300048828125
nuScenes,oracle,plan_fde,JC_fde,scene-0094,10,0.8038330078125
nuScenes,oracle,plan_fde,JC_fde,scene-0094,11,0.40325927734375
nuScenes,oracle,plan_fde,JC_fde,scene-0094,12,0.4810791015625
nuScenes,oracle,plan_fde,JC_fde,scene-0094,13,0.421630859375
nuScenes,oracle,plan_fde,JC_fde,scene-0094,14,0.371337890625
nuScenes,oracle,plan_fde,JC_fde,scene-0094,15,0.8153076171875
nuScenes,oracle,plan_fde,JC_fde,scene-0094,16,0.6710205078125
nuScenes,oracle,plan_fde,JC_fde,scene-0094,17,0.1187744140625
nuScenes,oracle,plan_fde,JC_fde,scene-0094,18,0.634033203125
nuScenes,oracle,plan_fde,JC_fde,scene-0094,19,1.0830078125
nuScenes,oracle,plan_fde,JC_fde,scene-0094,20,0.4990234375
nuScenes,oracle,plan_fde,JC_fde,scene-0094,21,0.44073486328125
nuScenes,oracle,plan_fde,JC_fde,scene-0094,22,0.255126953125
nuScenes,oracle,plan_fde,JC_fde,scene-0094,23,0.6846923828125
nuScenes,oracle,plan_fde,JC_fde,scene-0094,24,0.83782958984375
nuScenes,oracle,plan_fde,JC_fde,scene-0094,25,0.4189453125
nuScenes,oracle,plan_fde,JC_fde,scene-0094,26,0.6922607421875
nuScenes,oracle,plan_fde,JC_fde,scene-0094,27,0.99493408203125
nuScenes,oracle,plan_fde,JC_fde,scene-0094,28,0.5863037109375
nuScenes,oracle,plan_fde,JC_fde,scene-0094,29,1.47979736328125
nuScenes,oracle,plan_fde,JC_fde,scene-0094,30,0.96405029296875
nuScenes,oracle,plan_fde,JC_fde,scene-0094,31,1.01531982421875
nuScenes,oracle,plan_fde,JC_fde,scene-0095,0,1.1375732421875
nuScenes,oracle,plan_fde,JC_fde,scene-0095,1,0.75604248046875
nuScenes,oracle,plan_fde,JC_fde,scene-0095,2,1.04302978515625
nuScenes,oracle,plan_fde,JC_fde,scene-0095,3,0.33074951171875
nuScenes,oracle,plan_fde,JC_fde,scene-0095,4,0.0
nuScenes,oracle,plan_fde,JC_fde,scene-0095,5,0.49945068359375
nuScenes,oracle,plan_fde,JC_fde,scene-0095,6,0.85491943359375
nuScenes,oracle,plan_fde,JC_fde,scene-0095,7,0.18359375
nuScenes,oracle,plan_fde,JC_fde,scene-0095,8,0.71795654296875
nuScenes,oracle,plan_fde,JC_fde,scene-0095,9,0.55975341796875
nuScenes,oracle,plan_fde,JC_fde,scene-0095,10,0.68182373046875
nuScenes,oracle,plan_fde,JC_fde,scene-0095,11,0.97515869140625
nuScenes,oracle,plan_fde,JC_fde,scene-0095,12,0.58837890625
nuScenes,oracle,plan_fde,JC_fde,scene-0095,13,0.5111083984375
nuScenes,oracle,plan_fde,JC_fde,scene-0095,14,0.9935302734375
nuScenes,oracle,plan_fde,JC_fde,scene-0095,15,0.95098876953125
nuScenes,oracle,plan_fde,JC_fde,scene-0095,16,0.9859619140625
nuScenes,oracle,plan_fde,JC_fde,scene-0095,17,0.88702392578125
nuScenes,oracle,plan_fde,JC_fde,scene-0095,18,0.5369873046875
nuScenes,oracle,plan_fde,JC_fde,scene-0095,19,0.91827392578125
nuScenes,oracle,plan_fde,JC_fde,scene-0095,20,0.36669921875
nuScenes,oracle,plan_fde,JC_fde,scene-0095,21,0.2254638671875
nuScenes,oracle,plan_fde,JC_fde,scene-0095,22,1.026611328125
nuScenes,oracle,plan_fde,JC_fde,scene-0095,23,0.71295166015625
nuScenes,oracle,plan_fde,JC_fde,scene-0095,24,0.95849609375
nuScenes,oracle,plan_fde,JC_fde,scene-0095,25,0.8106689453125
nuScenes,oracle,plan_fde,JC_fde,scene-0095,26,0.3656005859375
nuScenes,oracle,plan_fde,JC_fde,scene-0095,27,0.57916259765625
nuScenes,oracle,plan_fde,JC_fde,scene-0095,28,0.103759765625
nuScenes,oracle,plan_fde,JC_fde,scene-0095,29,0.33251953125
nuScenes,oracle,plan_fde,JC_fde,scene-0096,0,0.237548828125
nuScenes,oracle,plan_fde,JC_fde,scene-0096,1,0.6239013671875
nuScenes,oracle,plan_fde,JC_fde,scene-0096,2,0.6741943359375
nuScenes,oracle,plan_fde,JC_fde,scene-0096,3,0.0
nuScenes,oracle,plan_fde,JC_fde,scene-0096,4,0.3968505859375
nuScenes,oracle,plan_fde,JC_fde,scene-0096,5,0.8465576171875
nuScenes,oracle,plan_fde,JC_fde,scene-0096,6,0.0
nuScenes,oracle,plan_fde,JC_fde,scene-0096,7,0.641357421875
nuScenes,oracle,plan_fde,JC_fde,scene-0096,8,0.59051513671875
nuScenes,oracle,plan_fde,JC_fde,scene-0096,9,0.6650390625
nuScenes,oracle,plan_fde,JC_fde,scene-0096,10,0.52032470703125
nuScenes,oracle,plan_fde,JC_fde,scene-0096,11,0.3541259765625
nuScenes,oracle,plan_fde,JC_fde,scene-0096,12,0.640380859375
nuScenes,oracle,plan_fde,JC_fde,scene-0096,13,0.47412109375
nuScenes,oracle,plan_fde,JC_fde,scene-0096,14,0.2493896484375
nuScenes,oracle,plan_fde,JC_fde,scene-0096,15,0.1361083984375
nuScenes,oracle,plan_fde,JC_fde,scene-0096,16,0.41552734375
nuScenes,oracle,plan_fde,JC_fde,scene-0096,17,0.891357421875
nuScenes,oracle,plan_fde,JC_fde,scene-0096,18,0.53955078125
nuScenes,oracle,plan_fde,JC_fde,scene-0096,19,0.6923828125
nuScenes,oracle,plan_fde,JC_fde,scene-0096,20,0.3111572265625
nuScenes,oracle,plan_fde,JC_fde,scene-0096,21,0.882080078125
nuScenes,oracle,plan_fde,JC_fde,scene-0096,22,0.1339111328125
nuScenes,oracle,plan_fde,JC_fde,scene-0096,23,0.233154296875
nuScenes,oracle,plan_fde,JC_fde,scene-0096,24,0.35662841796875
nuScenes,oracle,plan_fde,JC_fde,scene-0096,25,1.05126953125
nuScenes,oracle,plan_fde,JC_fde,scene-0096,26,0.99658203125
nuScenes,oracle,plan_fde,JC_fde,scene-0096,27,0.7403564453125
nuScenes,oracle,plan_fde,JC_fde,scene-0096,28,0.5703125
nuScenes,oracle,plan_fde,JC_fde,scene-0096,29,0.6329345703125
nuScenes,mono,brake,J,scene-0002,0,0.87255859375
nuScenes,mono,brake,J,scene-0002,1,0.96453857421875
nuScenes,mono,brake,J,scene-0002,2,0.2978515625
nuScenes,mono,brake,J,scene-0002,3,0.0
nuScenes,mono,brake,J,scene-0002,4,0.26507568359375
nuScenes,mono,brake,J,scene-0002,5,0.22406005859375
nuScenes,mono,brake,J,scene-0002,6,0.4337158203125
nuScenes,mono,brake,J,scene-0002,7,0.65924072265625
nuScenes,mono,brake,J,scene-0002,8,0.3475341796875
nuScenes,mono,brake,J,scene-0002,9,0.2081298828125
nuScenes,mono,brake,J,scene-0002,10,0.1778564453125
nuScenes,mono,brake,J,scene-0002,11,0.27593994140625
nuScenes,mono,brake,J,scene-0002,12,0.4818115234375
nuScenes,mono,brake,J,scene-0002,13,0.3028564453125
nuScenes,mono,brake,J,scene-0002,14,0.3619384765625
nuScenes,mono,brake,J,scene-0002,15,0.52197265625
nuScenes,mono,brake,J,scene-0002,16,0.1251220703125
nuScenes,mono,brake,J,scene-0002,17,0.1514892578125
nuScenes,mono,brake,J,scene-0002,18,0.1441650390625
nuScenes,mono,brake,J,scene-0002,19,0.0
nuScenes,mono,brake,J,scene-0002,20,0.0
nuScenes,mono,brake,J,scene-0002,21,0.1041259765625
nuScenes,mono,brake,J,scene-0002,22,0.1285400390625
nuScenes,mono,brake,J,scene-0002,23,0.132080078125
nuScenes,mono,brake,J,scene-0002,24,0.0
nuScenes,mono,brake,J,scene-0002,25,0.0
nuScenes,mono,brake,J,scene-0002,26,0.0
nuScenes,mono,brake,J,scene-0002,27,0.96331787109375
nuScenes,mono,brake,J,scene-0002,28,0.2802734375
nuScenes,mono,brake,J,scene-0002,29,0.12548828125
nuScenes,mono,brake,J,scene-0002,30,0.0
nuScenes,mono,brake,J,scene-0002,31,0.175537109375
nuScenes,mono,brake,J,scene-0002,32,0.384521484375
nuScenes,mono,brake,J,scene-0002,33,0.0
nuScenes,mono,brake,J,scene-0002,34,0.0
nuScenes,mono,brake,J,scene-0002,35,0.0
nuScenes,mono,brake,J,scene-0002,36,0.0
nuScenes,mono,brake,J,scene-0002,37,0.1607666015625
nuScenes,mono,brake,J,scene-0002,38,0.10821533203125
nuScenes,mono,brake,J,scene-0002,39,0.0
nuScenes,mono,brake,J,scene-0003,0,0.39501953125
nuScenes,mono,brake,J,scene-0003,1,0.288330078125
nuScenes,mono,brake,J,scene-0003,2,0.1925048828125
nuScenes,mono,brake,J,scene-0003,3,0.48388671875
nuScenes,mono,brake,J,scene-0003,4,0.2508544921875
nuScenes,mono,brake,J,scene-0003,5,0.671142578125
nuScenes,mono,brake,J,scene-0003,6,0.7762451171875
nuScenes,mono,brake,J,scene-0003,7,0.61175537109375
nuScenes,mono,brake,J,scene-0003,8,0.29205322265625
nuScenes,mono,brake,J,scene-0003,9,0.8675537109375
nuScenes,mono,brake,J,scene-0003,10,0.8748779296875
nuScenes,mono,brake,J,scene-0003,11,0.501953125
nuScenes,mono,brake,J,scene-0003,12,0.3743896484375
nuScenes,mono,brake,J,scene-0003,13,0.3575439453125
nuScenes,mono,brake,J,scene-0003,14,0.1263427734375
nuScenes,mono,brake,J,scene-0003,15,0.5777587890625
nuScenes,mono,brake,J,scene-0003,16,0.8748779296875
nuScenes,mono,brake,J,scene-0003,17,0.1634521484375
nuScenes,mono,brake,J,scene-0003,18,1.0001220703125
nuScenes,mono,brake,J,scene-0003,19,0.6573486328125
nuScenes,mono,brake,J,scene-0003,20,0.11126708984375
nuScenes,mono,brake,J,scene-0003,21,0.0
nuScenes,mono,brake,J,scene-0003,22,0.2371826171875
nuScenes,mono,brake,J,scene-0003,23,0.314697265625
nuScenes,mono,brake,J,scene-0003,24,0.3450927734375
nuScenes,mono,brake,J,scene-0003,25,0.3096923828125
nuScenes,mono,brake,J,scene-0003,26,0.55755615234375
nuScenes,mono,brake,J,scene-0003,27,0.0
nuScenes,mono,brake,J,scene-0003,28,0.2628173828125
nuScenes,mono,brake,J,scene-0003,29,0.356689453125
nuScenes,mono,brake,J,scene-0003,30,0.1307373046875
nuScenes,mono,brake,J,scene-0003,31,0.58233642578125
nuScenes,mono,brake,J,scene-0003,32,0.87200927734375
nuScenes,mono,brake,J,scene-0003,33,0.1422119140625
nuScenes,mono,brake,J,scene-0003,34,0.424560546875
nuScenes,mono,brake,J,scene-0003,35,0.62353515625
nuScenes,mono,brake,J,scene-0003,36,0.0
nuScenes,mono,brake,J,scene-0003,37,0.11798095703125
nuScenes,mono,brake,J,scene-0003,38,0.0
nuScenes,mono,brake,J,scene-0003,39,0.47637939453125
nuScenes,mono,brake,J,scene-0004,0,1.0303955078125
nuScenes,mono,brake,J,scene-0004,1,0.689697265625
nuScenes,mono,brake,J,scene-0004,2,0.46112060546875
nuScenes,mono,brake,J,scene-0004,3,0.4827880859375
nuScenes,mono,brake,J,scene-0004,4,0.0
nuScenes,mono,brake,J,scene-0004,5,0.3380126953125
nuScenes,mono,brake,J,scene-0004,6,1.619384765625
nuScenes,mono,brake,J,scene-0004,7,0.8853759765625
nuScenes,mono,brake,J,scene-0004,8,0.8515625
nuScenes,mono,brake,J,scene-0004,9,1.329345703125
nuScenes,mono,brake,J,scene-0004,10,1.1649169921875
nuScenes,mono,brake,J,scene-0004,11,0.5816650390625
nuScenes,mono,brake,J,scene-0004,12,0.30487060546875
nuScenes,mono,brake,J,scene-0004,13,0.2960205078125
nuScenes,mono,brake,J,scene-0004,14,0.12335205078125
nuScenes,mono,brake,J,scene-0004,15,0.0
nuScenes,mono,brake,J,scene-0004,16,0.6920166015625
nuScenes,mono,brake,J,scene-0004,17,0.0
nuScenes,mono,brake,J,scene-0004,18,0.10821533203125
nuScenes,mono,brake,J,scene-0004,19,0.67254638671875
nuScenes,mono,brake,J,scene-0004,20,0.0
nuScenes,mono,brake,J,scene-0004,21,0.0
nuScenes,mono,brake,J,scene-0004,22,0.0
nuScenes,mono,brake,J,scene-0004,23,0.0
nuScenes,mono,brake,J,scene-0004,24,0.7606201171875
nuScenes,mono,brake,J,scene-0004,25,0.0
nuScenes,mono,brake,J,scene-0004,26,0.4781494140625
nuScenes,mono,brake,J,scene-0004,27,0.3443603515625
nuScenes,mono,brake,J,scene-0004,28,0.30126953125
nuScenes,mono,brake,J,scene-0004,29,0.556640625
nuScenes,mono,brake,J,scene-0004,30,0.29754638671875
nuScenes,mono,brake,J,scene-0004,31,0.50506591796875
nuScenes,mono,brake,J,scene-0004,32,0.0
nuScenes,mono,brake,J,scene-0004,33,0.0
nuScenes,mono,brake,J,scene-0004,34,0.42041015625
nuScenes,mono,brake,J,scene-0004,35,0.0
nuScenes,mono,brake,J,scene-0004,36,0.0
nuScenes,mono,brake,J,scene-0004,37,0.0
nuScenes,mono,brake,J,scene-0004,38,0.1436767578125
nuScenes,mono,brake,J,scene-0004,39,0.0
nuScenes,mono,brake,J,scene-0012,0,0.23828125
nuScenes,mono,brake,J,scene-0012,1,0.1044921875
nuScenes,mono,brake,J,scene-0012,2,0.0
nuScenes,mono,brake,J,scene-0012,3,0.1375732421875
nuScenes,mono,brake,J,scene-0012,4,0.1365966796875
nuScenes,mono,brake,J,scene-0012,5,0.0
nuScenes,mono,brake,J,scene-0012,6,0.1456298828125
nuScenes,mono,brake,J,scene-0012,7,0.92718505859375
nuScenes,mono,brake,J,scene-0012,8,1.02301025390625
nuScenes,mono,brake,J,scene-0012,9,0.6240234375
nuScenes,mono,brake,J,scene-0012,10,0.0
nuScenes,mono,brake,J,scene-0012,11,0.3465576171875
nuScenes,mono,brake,J,scene-0012,12,0.1187744140625
nuScenes,mono,brake,J,scene-0012,13,0.1761474609375
nuScenes,mono,brake,J,scene-0012,14,0.0
nuScenes,mono,brake,J,scene-0012,15,0.0
nuScenes,mono,brake,J,scene-0012,16,0.0
nuScenes,mono,brake,J,scene-0012,17,0.0
nuScenes,mono,brake,J,scene-0012,18,0.0
nuScenes,mono,brake,J,scene-0012,19,0.0
nuScenes,mono,brake,J,scene-0012,20,0.0
nuScenes,mono,brake,J,scene-0012,21,0.0
nuScenes,mono,brake,J,scene-0012,22,0.0
nuScenes,mono,brake,J,scene-0012,23,0.0
nuScenes,mono,brake,J,scene-0012,24,0.0
nuScenes,mono,brake,J,scene-0012,25,0.219970703125
nuScenes,mono,brake,J,scene-0012,26,0.0
nuScenes,mono,brake,J,scene-0012,27,0.0
nuScenes,mono,brake,J,scene-0012,28,0.0
nuScenes,mono,brake,J,scene-0012,29,0.0
nuScenes,mono,brake,J,scene-0012,30,0.0
nuScenes,mono,brake,J,scene-0012,31,0.0
nuScenes,mono,brake,J,scene-0012,32,0.0
nuScenes,mono,brake,J,scene-0012,33,0.0
nuScenes,mono,brake,J,scene-0012,34,0.0
nuScenes,mono,brake,J,scene-0012,35,0.1246337890625
nuScenes,mono,brake,J,scene-0012,36,0.21343994140625
nuScenes,mono,brake,J,scene-0012,37,0.2017822265625
nuScenes,mono,brake,J,scene-0012,38,0.44110107421875
nuScenes,mono,brake,J,scene-0012,39,0.127685546875
nuScenes,mono,brake,J,scene-0013,0,0.0
nuScenes,mono,brake,J,scene-0013,1,0.2120361328125
nuScenes,mono,brake,J,scene-0013,2,0.19189453125
nuScenes,mono,brake,J,scene-0013,3,0.31549072265625
nuScenes,mono,brake,J,scene-0013,4,0.37255859375
nuScenes,mono,brake,J,scene-0013,5,0.1519775390625
nuScenes,mono,brake,J,scene-0013,6,0.202392578125
nuScenes,mono,brake,J,scene-0013,7,0.6778564453125
nuScenes,mono,brake,J,scene-0013,8,0.5615234375
nuScenes,mono,brake,J,scene-0013,9,0.24072265625
nuScenes,mono,brake,J,scene-0013,10,0.3050537109375
nuScenes,mono,brake,J,scene-0013,11,0.8487548828125
nuScenes,mono,brake,J,scene-0013,12,0.95953369140625
nuScenes,mono,brake,J,scene-0013,13,0.5335693359375
nuScenes,mono,brake,J,scene-0013,14,0.3887939453125
nuScenes,mono,brake,J,scene-0013,15,0.4652099609375
nuScenes,mono,brake,J,scene-0013,16,0.6187744140625
nuScenes,mono,brake,J,scene-0013,17,0.55450439453125
nuScenes,mono,brake,J,scene-0013,18,0.4263916015625
nuScenes,mono,brake,J,scene-0013,19,0.25921630859375
nuScenes,mono,brake,J,scene-0013,20,0.3070068359375
nuScenes,mono,brake,J,scene-0013,21,0.178955078125
nuScenes,mono,brake,J,scene-0013,22,0.155029296875
nuScenes,mono,brake,J,scene-0013,23,0.0
nuScenes,mono,brake,J,scene-0013,24,0.0
nuScenes,mono,brake,J,scene-0013,25,0.0
nuScenes,mono,brake,J,scene-0013,26,0.0
nuScenes,mono,brake,J,scene-0013,27,0.0
nuScenes,mono,brake,J,scene-0013,28,0.0
nuScenes,mono,brake,J,scene-0013,29,0.0
nuScenes,mono,brake,J,scene-0013,30,0.0
nuScenes,mono,brake,J,scene-0013,31,0.275146484375
nuScenes,mono,brake,J,scene-0013,32,0.213134765625
nuScenes,mono,brake,J,scene-0013,33,0.93853759765625
nuScenes,mono,brake,J,scene-0013,34,0.2322998046875
nuScenes,mono,brake,J,scene-0013,35,0.261962890625
nuScenes,mono,brake,J,scene-0013,36,0.54327392578125
nuScenes,mono,brake,J,scene-0013,37,0.307373046875
nuScenes,mono,brake,J,scene-0013,38,0.537353515625
nuScenes,mono,brake,J,scene-0013,39,0.2381591796875
nuScenes,mono,brake,J,scene-0014,0,0.132080078125
nuScenes,mono,brake,J,scene-0014,1,0.22869873046875
nuScenes,mono,brake,J,scene-0014,2,0.0
nuScenes,mono,brake,J,scene-0014,3,0.0
nuScenes,mono,brake,J,scene-0014,4,0.0
nuScenes,mono,brake,J,scene-0014,5,0.0
nuScenes,mono,brake,J,scene-0014,6,0.0
nuScenes,mono,brake,J,scene-0014,7,0.0
nuScenes,mono,brake,J,scene-0014,8,0.0
nuScenes,mono,brake,J,scene-0014,9,0.0
nuScenes,mono,brake,J,scene-0014,10,0.0
nuScenes,mono,brake,J,scene-0014,11,0.0
nuScenes,mono,brake,J,scene-0014,12,0.0
nuScenes,mono,brake,J,scene-0014,13,0.0
nuScenes,mono,brake,J,scene-0014,14,0.1285400390625
nuScenes,mono,brake,J,scene-0014,15,0.11199951171875
nuScenes,mono,brake,J,scene-0014,16,0.3521728515625
nuScenes,mono,brake,J,scene-0014,17,0.0
nuScenes,mono,brake,J,scene-0014,18,0.0
nuScenes,mono,brake,J,scene-0014,19,0.1461181640625
nuScenes,mono,brake,J,scene-0014,20,0.0
nuScenes,mono,brake,J,scene-0014,21,0.0
nuScenes,mono,brake,J,scene-0014,22,0.0
nuScenes,mono,brake,J,scene-0014,23,0.1431884765625
nuScenes,mono,brake,J,scene-0014,24,0.0
nuScenes,mono,brake,J,scene-0014,25,0.0
nuScenes,mono,brake,J,scene-0014,26,0.0
nuScenes,mono,brake,J,scene-0014,27,0.11126708984375
nuScenes,mono,brake,J,scene-0014,28,0.1456298828125
nuScenes,mono,brake,J,scene-0014,29,0.29180908203125
nuScenes,mono,brake,J,scene-0014,30,0.2294921875
nuScenes,mono,brake,J,scene-0014,31,0.0
nuScenes,mono,brake,J,scene-0014,32,0.0
nuScenes,mono,brake,J,scene-0014,33,0.0
nuScenes,mono,brake,J,scene-0014,34,0.0
nuScenes,mono,brake,J,scene-0014,35,0.154541015625
nuScenes,mono,brake,J,scene-0014,36,0.0
nuScenes,mono,brake,J,scene-0014,37,0.0
nuScenes,mono,brake,J,scene-0014,38,0.1175537109375
nuScenes,mono,brake,J,scene-0014,39,0.0
nuScenes,mono,brake,J,scene-0022,0,0.1143798828125
nuScenes,mono,brake,J,scene-0022,1,0.74432373046875
nuScenes,mono,brake,J,scene-0022,2,0.1912841796875
nuScenes,mono,brake,J,scene-0022,3,0.181884765625
nuScenes,mono,brake,J,scene-0022,4,0.1859130859375
nuScenes,mono,brake,J,scene-0022,5,0.0
nuScenes,mono,brake,J,scene-0022,6,0.51739501953125
nuScenes,mono,brake,J,scene-0022,7,0.25421142578125
nuScenes,mono,brake,J,scene-0022,8,0.0
nuScenes,mono,brake,J,scene-0022,9,0.7137451171875
nuScenes,mono,brake,J,scene-0022,10,0.272216796875
nuScenes,mono,brake,J,scene-0022,11,0.7806396484375
nuScenes,mono,brake,J,scene-0022,12,0.1571044921875
nuScenes,mono,brake,J,scene-0022,13,0.10015869140625
nuScenes,mono,brake,J,scene-0022,14,0.0
nuScenes,mono,brake,J,scene-0022,15,0.1217041015625
nuScenes,mono,brake,J,scene-0022,16,0.230224609375
nuScenes,mono,brake,J,scene-0022,17,0.0
nuScenes,mono,brake,J,scene-0022,18,0.1566162109375
nuScenes,mono,brake,J,scene-0022,19,0.3038330078125
nuScenes,mono,brake,J,scene-0022,20,0.69415283203125
nuScenes,mono,brake,J,scene-0022,21,0.4422607421875
nuScenes,mono,brake,J,scene-0022,22,0.2283935546875
nuScenes,mono,brake,J,scene-0022,23,0.10821533203125
nuScenes,mono,brake,J,scene-0022,24,0.16455078125
nuScenes,mono,brake,J,scene-0022,25,0.0
nuScenes,mono,brake,J,scene-0022,26,0.132080078125
nuScenes,mono,brake,J,scene-0022,27,0.0
nuScenes,mono,brake,J,scene-0022,28,0.3792724609375
nuScenes,mono,brake,J,scene-0022,29,0.22149658203125
nuScenes,mono,brake,J,scene-0022,30,0.31005859375
nuScenes,mono,brake,J,scene-0022,31,0.0
nuScenes,mono,brake,J,scene-0022,32,0.0
nuScenes,mono,brake,J,scene-0022,33,0.0
nuScenes,mono,brake,J,scene-0022,34,0.0
nuScenes,mono,brake,J,scene-0022,35,0.127685546875
nuScenes,mono,brake,J,scene-0022,36,0.1470947265625
nuScenes,mono,brake,J,scene-0022,37,0.2037353515625
nuScenes,mono,brake,J,scene-0022,38,0.0
nuScenes,mono,brake,J,scene-0022,39,0.153076171875
nuScenes,mono,brake,J,scene-0023,0,0.0
nuScenes,mono,brake,J,scene-0023,1,0.0
nuScenes,mono,brake,J,scene-0023,2,0.1375732421875
nuScenes,mono,brake,J,scene-0023,3,0.0
nuScenes,mono,brake,J,scene-0023,4,0.0
nuScenes,mono,brake,J,scene-0023,5,0.0
nuScenes,mono,brake,J,scene-0023,6,0.0
nuScenes,mono,brake,J,scene-0023,7,0.0
nuScenes,mono,brake,J,scene-0023,8,0.0
nuScenes,mono,brake,J,scene-0023,9,0.182373046875
nuScenes,mono,brake,J,scene-0023,10,0.0
nuScenes,mono,brake,J,scene-0023,11,0.0
nuScenes,mono,brake,J,scene-0023,12,0.0
nuScenes,mono,brake,J,scene-0023,13,0.1842041015625
nuScenes,mono,brake,J,scene-0023,14,0.153076171875
nuScenes,mono,brake,J,scene-0023,15,0.1973876953125
nuScenes,mono,brake,J,scene-0023,16,0.5257568359375
nuScenes,mono,brake,J,scene-0023,17,0.3790283203125
nuScenes,mono,brake,J,scene-0023,18,0.2322998046875
nuScenes,mono,brake,J,scene-0023,19,0.0
nuScenes,mono,brake,J,scene-0023,20,0.199951171875
nuScenes,mono,brake,J,scene-0023,21,0.0
nuScenes,mono,brake,J,scene-0023,22,0.0
nuScenes,mono,brake,J,scene-0023,23,0.0
nuScenes,mono,brake,J,scene-0023,24,0.1412353515625
nuScenes,mono,brake,J,scene-0023,25,0.0
nuScenes,mono,brake,J,scene-0023,26,0.0
nuScenes,mono,brake,J,scene-0023,27,0.0
nuScenes,mono,brake,J,scene-0023,28,0.0
nuScenes,mono,brake,J,scene-0023,29,0.0
nuScenes,mono,brake,J,scene-0023,30,0.0
nuScenes,mono,brake,J,scene-0023,31,0.216064453125
nuScenes,mono,brake,J,scene-0023,32,0.0
nuScenes,mono,brake,J,scene-0023,33,0.0
nuScenes,mono,brake,J,scene-0023,34,0.2486572265625
nuScenes,mono,brake,J,scene-0023,35,0.3282470703125
nuScenes,mono,brake,J,scene-0023,36,0.3895263671875
nuScenes,mono,brake,J,scene-0023,37,0.0
nuScenes,mono,brake,J,scene-0023,38,0.0
nuScenes,mono,brake,J,scene-0023,39,0.0
nuScenes,mono,brake,J,scene-0024,0,0.418212890625
nuScenes,mono,brake,J,scene-0024,1,0.23968505859375
nuScenes,mono,brake,J,scene-0024,2,0.8638916015625
nuScenes,mono,brake,J,scene-0024,3,0.22967529296875
nuScenes,mono,brake,J,scene-0024,4,0.5172119140625
nuScenes,mono,brake,J,scene-0024,5,0.4710693359375
nuScenes,mono,brake,J,scene-0024,6,0.0
nuScenes,mono,brake,J,scene-0024,7,0.45892333984375
nuScenes,mono,brake,J,scene-0024,8,0.1895751953125
nuScenes,mono,brake,J,scene-0024,9,0.0
nuScenes,mono,brake,J,scene-0024,10,0.36962890625
nuScenes,mono,brake,J,scene-0024,11,0.1019287109375
nuScenes,mono,brake,J,scene-0024,12,0.37091064453125
nuScenes,mono,brake,J,scene-0024,13,0.4879150390625
nuScenes,mono,brake,J,scene-0024,14,0.0
nuScenes,mono,brake,J,scene-0024,15,0.63201904296875
nuScenes,mono,brake,J,scene-0024,16,0.28564453125
nuScenes,mono,brake,J,scene-0024,17,0.455810546875
nuScenes,mono,brake,J,scene-0024,18,0.265380859375
nuScenes,mono,brake,J,scene-0024,19,0.41302490234375
nuScenes,mono,brake,J,scene-0024,20,0.2081298828125
nuScenes,mono,brake,J,scene-0024,21,0.3028564453125
nuScenes,mono,brake,J,scene-0024,22,0.5791015625
nuScenes,mono,brake,J,scene-0024,23,0.0
nuScenes,mono,brake,J,scene-0024,24,0.3609619140625
nuScenes,mono,brake,J,scene-0024,25,0.4669189453125
nuScenes,mono,brake,J,scene-0024,26,0.139892578125
nuScenes,mono,brake,J,scene-0024,27,0.0
nuScenes,mono,brake,J,scene-0024,28,0.0
nuScenes,mono,brake,J,scene-0024,29,0.204345703125
nuScenes,mono,brake,J,scene-0024,30,0.2901611328125
nuScenes,mono,brake,J,scene-0024,31,0.39501953125
nuScenes,mono,brake,J,scene-0024,32,0.171630859375
nuScenes,mono,brake,J,scene-0024,33,0.12420654296875
nuScenes,mono,brake,J,scene-0024,34,0.0
nuScenes,mono,brake,J,scene-0024,35,0.107421875
nuScenes,mono,brake,J,scene-0024,36,0.0
nuScenes,mono,brake,J,scene-0024,37,0.0
nuScenes,mono,brake,J,scene-0024,38,0.0
nuScenes,mono,brake,J,scene-0024,39,0.0
nuScenes,mono,brake,J,scene-0032,0,0.0
nuScenes,mono,brake,J,scene-0032,1,0.2127685546875
nuScenes,mono,brake,J,scene-0032,2,0.0
nuScenes,mono,brake,J,scene-0032,3,0.0
nuScenes,mono,brake,J,scene-0032,4,0.23760986328125
nuScenes,mono,brake,J,scene-0032,5,0.6202392578125
nuScenes,mono,brake,J,scene-0032,6,0.47528076171875
nuScenes,mono,brake,J,scene-0032,7,0.0
nuScenes,mono,brake,J,scene-0032,8,0.0
nuScenes,mono,brake,J,scene-0032,9,0.2213134765625
nuScenes,mono,brake,J,scene-0032,10,0.0
nuScenes,mono,brake,J,scene-0032,11,0.3115234375
nuScenes,mono,brake,J,scene-0032,12,0.0
nuScenes,mono,brake,J,scene-0032,13,0.0
nuScenes,mono,brake,J,scene-0032,14,0.10302734375
nuScenes,mono,brake,J,scene-0032,15,0.0
nuScenes,mono,brake,J,scene-0032,16,0.0
nuScenes,mono,brake,J,scene-0032,17,0.0
nuScenes,mono,brake,J,scene-0032,18,0.0
nuScenes,mono,brake,J,scene-0032,19,0.0
nuScenes,mono,brake,J,scene-0032,20,0.0
nuScenes,mono,brake,J,scene-0032,21,0.20208740234375
nuScenes,mono,brake,J,scene-0032,22,0.0
nuScenes,mono,brake,J,scene-0032,23,0.0
nuScenes,mono,brake,J,scene-0032,24,0.0
nuScenes,mono,brake,J,scene-0032,25,0.0
nuScenes,mono,brake,J,scene-0032,26,0.0
nuScenes,mono,brake,J,scene-0032,27,0.0
nuScenes,mono,brake,J,scene-0032,28,0.0
nuScenes,mono,brake,J,scene-0032,29,0.0
nuScenes,mono,brake,J,scene-0032,30,0.0
nuScenes,mono,brake,J,scene-0032,31,0.0
nuScenes,mono,brake,J,scene-0032,32,0.0
nuScenes,mono,brake,J,scene-0032,33,0.0
nuScenes,mono,brake,J,scene-0032,34,0.3836669921875
nuScenes,mono,brake,J,scene-0032,35,0.12188720703125
nuScenes,mono,brake,J,scene-0032,36,0.0
nuScenes,mono,brake,J,scene-0032,37,0.0
nuScenes,mono,brake,J,scene-0032,38,0.0
nuScenes,mono,brake,J,scene-0032,39,0.0
nuScenes,mono,brake,J,scene-0033,0,0.11199951171875
nuScenes,mono,brake,J,scene-0033,1,0.1263427734375
nuScenes,mono,brake,J,scene-0033,2,0.41845703125
nuScenes,mono,brake,J,scene-0033,3,0.0
nuScenes,mono,brake,J,scene-0033,4,0.11920166015625
nuScenes,mono,brake,J,scene-0033,5,0.118408203125
nuScenes,mono,brake,J,scene-0033,6,0.12890625
nuScenes,mono,brake,J,scene-0033,7,0.21685791015625
nuScenes,mono,brake,J,scene-0033,8,0.0
nuScenes,mono,brake,J,scene-0033,9,0.0
nuScenes,mono,brake,J,scene-0033,10,0.423828125
nuScenes,mono,brake,J,scene-0033,11,0.529296875
nuScenes,mono,brake,J,scene-0033,12,0.50927734375
nuScenes,mono,brake,J,scene-0033,13,0.206298828125
nuScenes,mono,brake,J,scene-0033,14,0.1055908203125
nuScenes,mono,brake,J,scene-0033,15,0.120849609375
nuScenes,mono,brake,J,scene-0033,16,0.0
nuScenes,mono,brake,J,scene-0033,17,0.3446044921875
nuScenes,mono,brake,J,scene-0033,18,0.1033935546875
nuScenes,mono,brake,J,scene-0033,19,0.0
nuScenes,mono,brake,J,scene-0033,20,0.0
nuScenes,mono,brake,J,scene-0033,21,0.2239990234375
nuScenes,mono,brake,J,scene-0033,22,0.1259765625
nuScenes,mono,brake,J,scene-0033,23,0.26470947265625
nuScenes,mono,brake,J,scene-0033,24,0.22119140625
nuScenes,mono,brake,J,scene-0033,25,0.52587890625
nuScenes,mono,brake,J,scene-0033,26,0.2427978515625
nuScenes,mono,brake,J,scene-0033,27,0.24365234375
nuScenes,mono,brake,J,scene-0033,28,0.178955078125
nuScenes,mono,brake,J,scene-0033,29,0.0
nuScenes,mono,brake,J,scene-0033,30,0.0
nuScenes,mono,brake,J,scene-0033,31,0.0
nuScenes,mono,brake,J,scene-0033,32,0.0
nuScenes,mono,brake,J,scene-0033,33,0.178955078125
nuScenes,mono,brake,J,scene-0033,34,0.0
nuScenes,mono,brake,J,scene-0033,35,0.0
nuScenes,mono,brake,J,scene-0033,36,0.0
nuScenes,mono,brake,J,scene-0033,37,0.0
nuScenes,mono,brake,J,scene-0033,38,0.1044921875
nuScenes,mono,brake,J,scene-0033,39,0.1707763671875
nuScenes,mono,brake,J,scene-0034,0,0.0
nuScenes,mono,brake,J,scene-0034,1,0.0
nuScenes,mono,brake,J,scene-0034,2,0.0
nuScenes,mono,brake,J,scene-0034,3,0.0
nuScenes,mono,brake,J,scene-0034,4,0.0
nuScenes,mono,brake,J,scene-0034,5,0.0
nuScenes,mono,brake,J,scene-0034,6,0.0
nuScenes,mono,brake,J,scene-0034,7,0.0
nuScenes,mono,brake,J,scene-0034,8,0.0
nuScenes,mono,brake,J,scene-0034,9,0.0
nuScenes,mono,brake,J,scene-0034,10,0.0
nuScenes,mono,brake,J,scene-0034,11,0.0
nuScenes,mono,brake,J,scene-0034,12,0.3017578125
nuScenes,mono,brake,J,scene-0034,13,0.5726318359375
nuScenes,mono,brake,J,scene-0034,14,0.26806640625
nuScenes,mono,brake,J,scene-0034,15,0.4095458984375
nuScenes,mono,brake,J,scene-0034,16,0.5697021484375
nuScenes,mono,brake,J,scene-0034,17,0.293212890625
nuScenes,mono,brake,J,scene-0034,18,0.22265625
nuScenes,mono,brake,J,scene-0034,19,0.0
nuScenes,mono,brake,J,scene-0034,20,0.1883544921875
nuScenes,mono,brake,J,scene-0034,21,0.0
nuScenes,mono,brake,J,scene-0034,22,0.18896484375
nuScenes,mono,brake,J,scene-0034,23,0.1312255859375
nuScenes,mono,brake,J,scene-0034,24,0.0
nuScenes,mono,brake,J,scene-0034,25,0.0
nuScenes,mono,brake,J,scene-0034,26,0.0
nuScenes,mono,brake,J,scene-0034,27,0.0
nuScenes,mono,brake,J,scene-0034,28,0.0
nuScenes,mono,brake,J,scene-0034,29,0.0
nuScenes,mono,brake,J,scene-0034,30,0.175537109375
nuScenes,mono,brake,J,scene-0034,31,0.0
nuScenes,mono,brake,J,scene-0034,32,0.0
nuScenes,mono,brake,J,scene-0034,33,0.0
nuScenes,mono,brake,J,scene-0034,34,0.0
nuScenes,mono,brake,J,scene-0034,35,0.138427734375
nuScenes,mono,brake,J,scene-0034,36,0.0
nuScenes,mono,brake,J,scene-0034,37,0.0
nuScenes,mono,brake,J,scene-0034,38,0.0
nuScenes,mono,brake,J,scene-0044,0,0.26263427734375
nuScenes,mono,brake,J,scene-0044,1,0.0
nuScenes,mono,brake,J,scene-0044,2,0.0
nuScenes,mono,brake,J,scene-0044,3,0.3892822265625
nuScenes,mono,brake,J,scene-0044,4,0.3304443359375
nuScenes,mono,brake,J,scene-0044,5,0.2493896484375
nuScenes,mono,brake,J,scene-0044,6,0.2421875
nuScenes,mono,brake,J,scene-0044,7,0.2421875
nuScenes,mono,brake,J,scene-0044,8,0.0
nuScenes,mono,brake,J,scene-0044,9,0.5699462890625
nuScenes,mono,brake,J,scene-0044,10,0.510498046875
nuScenes,mono,brake,J,scene-0044,11,0.0
nuScenes,mono,brake,J,scene-0044,12,0.0
nuScenes,mono,brake,J,scene-0044,13,0.0
nuScenes,mono,brake,J,scene-0044,14,0.0
nuScenes,mono,brake,J,scene-0044,15,0.0
nuScenes,mono,brake,J,scene-0044,16,0.1470947265625
nuScenes,mono,brake,J,scene-0044,17,0.1470947265625
nuScenes,mono,brake,J,scene-0044,18,0.48980712890625
nuScenes,mono,brake,J,scene-0044,19,0.291259765625
nuScenes,mono,brake,J,scene-0044,20,0.504638671875
nuScenes,mono,brake,J,scene-0044,21,0.804443359375
nuScenes,mono,brake,J,scene-0044,22,0.0
nuScenes,mono,brake,J,scene-0044,23,0.0
nuScenes,mono,brake,J,scene-0044,24,0.0
nuScenes,mono,brake,J,scene-0044,25,0.1187744140625
nuScenes,mono,brake,J,scene-0044,26,0.1505126953125
nuScenes,mono,brake,J,scene-0044,27,0.0
nuScenes,mono,brake,J,scene-0044,28,0.0
nuScenes,mono,brake,J,scene-0044,29,0.0
nuScenes,mono,brake,J,scene-0044,30,0.0
nuScenes,mono,brake,J,scene-0044,31,0.0
nuScenes,mono,brake,J,scene-0044,32,0.0
nuScenes,mono,brake,J,scene-0044,33,0.0
nuScenes,mono,brake,J,scene-0044,34,0.0
nuScenes,mono,brake,J,scene-0044,35,0.0
nuScenes,mono,brake,J,scene-0044,36,0.123779296875
nuScenes,mono,brake,J,scene-0044,37,0.0
nuScenes,mono,brake,J,scene-0044,38,0.4417724609375
nuScenes,mono,brake,J,scene-0044,39,0.0
nuScenes,mono,brake,J,scene-0045,0,1.320556640625
nuScenes,mono,brake,J,scene-0045,1,1.07049560546875
nuScenes,mono,brake,J,scene-0045,2,0.4278564453125
nuScenes,mono,brake,J,scene-0045,3,0.5771484375
nuScenes,mono,brake,J,scene-0045,4,0.7325439453125
nuScenes,mono,brake,J,scene-0045,5,0.28857421875
nuScenes,mono,brake,J,scene-0045,6,0.1441650390625
nuScenes,mono,brake,J,scene-0045,7,0.769775390625
nuScenes,mono,brake,J,scene-0045,8,0.67291259765625
nuScenes,mono,brake,J,scene-0045,9,0.43487548828125
nuScenes,mono,brake,J,scene-0045,10,0.896240234375
nuScenes,mono,brake,J,scene-0045,11,0.33123779296875
nuScenes,mono,brake,J,scene-0045,12,0.46435546875
nuScenes,mono,brake,J,scene-0045,13,1.00384521484375
nuScenes,mono,brake,J,scene-0045,14,0.231689453125
nuScenes,mono,brake,J,scene-0045,15,0.118408203125
nuScenes,mono,brake,J,scene-0045,16,0.0
nuScenes,mono,brake,J,scene-0045,17,0.317138671875
nuScenes,mono,brake,J,scene-0045,18,0.59259033203125
nuScenes,mono,brake,J,scene-0045,19,0.60498046875
nuScenes,mono,brake,J,scene-0045,20,0.3465576171875
nuScenes,mono,brake,J,scene-0045,21,0.31964111328125
nuScenes,mono,brake,J,scene-0045,22,0.2442626953125
nuScenes,mono,brake,J,scene-0045,23,0.6546630859375
nuScenes,mono,brake,J,scene-0045,24,0.28033447265625
nuScenes,mono,brake,J,scene-0045,25,0.1357421875
nuScenes,mono,brake,J,scene-0045,26,0.3577880859375
nuScenes,mono,brake,J,scene-0045,27,0.11199951171875
nuScenes,mono,brake,J,scene-0045,28,0.81964111328125
nuScenes,mono,brake,J,scene-0045,29,0.1033935546875
nuScenes,mono,brake,J,scene-0045,30,0.4010009765625
nuScenes,mono,brake,J,scene-0045,31,0.40582275390625
nuScenes,mono,brake,J,scene-0045,32,0.203125
nuScenes,mono,brake,J,scene-0045,33,0.1422119140625
nuScenes,mono,brake,J,scene-0045,34,0.36956787109375
nuScenes,mono,brake,J,scene-0045,35,0.442626953125
nuScenes,mono,brake,J,scene-0045,36,0.120849609375
nuScenes,mono,brake,J,scene-0045,37,0.1688232421875
nuScenes,mono,brake,J,scene-0045,38,0.27850341796875
nuScenes,mono,brake,J,scene-0046,0,0.0
nuScenes,mono,brake,J,scene-0046,1,0.1033935546875
nuScenes,mono,brake,J,scene-0046,2,0.11474609375
nuScenes,mono,brake,J,scene-0046,3,0.582763671875
nuScenes,mono,brake,J,scene-0046,4,0.4224853515625
nuScenes,mono,brake,J,scene-0046,5,0.86822509765625
nuScenes,mono,brake,J,scene-0046,6,0.8507080078125
nuScenes,mono,brake,J,scene-0046,7,1.42205810546875
nuScenes,mono,brake,J,scene-0046,8,0.754150390625
nuScenes,mono,brake,J,scene-0046,9,0.89697265625
nuScenes,mono,brake,J,scene-0046,10,0.55364990234375
nuScenes,mono,brake,J,scene-0046,11,0.869384765625
nuScenes,mono,brake,J,scene-0046,12,1.04815673828125
nuScenes,mono,brake,J,scene-0046,13,0.945556640625
nuScenes,mono,brake,J,scene-0046,14,0.669677734375
nuScenes,mono,brake,J,scene-0046,15,2.51763916015625
nuScenes,mono,brake,J,scene-0046,16,0.8564453125
nuScenes,mono,brake,J,scene-0046,17,1.5745849609375
nuScenes,mono,brake,J,scene-0046,18,1.714111328125
nuScenes,mono,brake,J,scene-0046,19,0.99420166015625
nuScenes,mono,brake,J,scene-0046,20,0.520751953125
nuScenes,mono,brake,J,scene-0046,21,1.2032470703125
nuScenes,mono,brake,J,scene-0046,22,1.38812255859375
nuScenes,mono,brake,J,scene-0046,23,0.880615234375
nuScenes,mono,brake,J,scene-0046,24,1.17919921875
nuScenes,mono,brake,J,scene-0046,25,0.5650634765625
nuScenes,mono,brake,J,scene-0046,26,0.20751953125
nuScenes,mono,brake,J,scene-0046,27,0.1650390625
nuScenes,mono,brake,J,scene-0046,28,0.46044921875
nuScenes,mono,brake,J,scene-0046,29,0.5238037109375
nuScenes,mono,brake,J,scene-0046,30,0.66082763671875
nuScenes,mono,brake,J,scene-0046,31,0.6036376953125
nuScenes,mono,brake,J,scene-0046,32,0.3836669921875
nuScenes,mono,brake,J,scene-0046,33,0.7545166015625
nuScenes,mono,brake,J,scene-0046,34,1.03936767578125
nuScenes,mono,brake,J,scene-0046,35,0.9443359375
nuScenes,mono,brake,J,scene-0046,36,1.03277587890625
nuScenes,mono,brake,J,scene-0046,37,1.05731201171875
nuScenes,mono,brake,J,scene-0046,38,0.26312255859375
nuScenes,mono,brake,J,scene-0054,0,0.0
nuScenes,mono,brake,J,scene-0054,1,0.0
nuScenes,mono,brake,J,scene-0054,2,0.0
nuScenes,mono,brake,J,scene-0054,3,0.0
nuScenes,mono,brake,J,scene-0054,4,0.1744384765625
nuScenes,mono,brake,J,scene-0054,5,0.0
nuScenes,mono,brake,J,scene-0054,6,0.0
nuScenes,mono,brake,J,scene-0054,7,0.0
nuScenes,mono,brake,J,scene-0054,8,0.0
nuScenes,mono,brake,J,scene-0054,9,0.158203125
nuScenes,mono,brake,J,scene-0054,10,0.4305419921875
nuScenes,mono,brake,J,scene-0054,11,0.71673583984375
nuScenes,mono,brake,J,scene-0054,12,0.173828125
nuScenes,mono,brake,J,scene-0054,13,0.265869140625
nuScenes,mono,brake,J,scene-0054,14,0.0
nuScenes,mono,brake,J,scene-0054,15,0.49169921875
nuScenes,mono,brake,J,scene-0054,16,0.1591796875
nuScenes,mono,brake,J,scene-0054,17,0.6549072265625
nuScenes,mono,brake,J,scene-0054,18,0.236083984375
nuScenes,mono,brake,J,scene-0054,19,0.4771728515625
nuScenes,mono,brake,J,scene-0054,20,0.4053955078125
nuScenes,mono,brake,J,scene-0054,21,0.132568359375
nuScenes,mono,brake,J,scene-0054,22,0.139892578125
nuScenes,mono,brake,J,scene-0054,23,0.91015625
nuScenes,mono,brake,J,scene-0054,24,0.6611328125
nuScenes,mono,brake,J,scene-0054,25,0.2100830078125
nuScenes,mono,brake,J,scene-0054,26,0.385009765625
nuScenes,mono,brake,J,scene-0054,27,0.94036865234375
nuScenes,mono,brake,J,scene-0054,28,0.619384765625
nuScenes,mono,brake,J,scene-0054,29,0.44329833984375
nuScenes,mono,brake,J,scene-0054,30,0.83709716796875
nuScenes,mono,brake,J,scene-0054,31,0.13427734375
nuScenes,mono,brake,J,scene-0054,32,0.2451171875
nuScenes,mono,brake,J,scene-0054,33,0.3209228515625
nuScenes,mono,brake,J,scene-0054,34,0.2486572265625
nuScenes,mono,brake,J,scene-0054,35,0.1795654296875
nuScenes,mono,brake,J,scene-0054,36,0.2281494140625
nuScenes,mono,brake,J,scene-0054,37,0.0
nuScenes,mono,brake,J,scene-0054,38,0.0
nuScenes,mono,brake,J,scene-0055,0,0.499755859375
nuScenes,mono,brake,J,scene-0055,1,0.3040771484375
nuScenes,mono,brake,J,scene-0055,2,0.292724609375
nuScenes,mono,brake,J,scene-0055,3,1.121337890625
nuScenes,mono,brake,J,scene-0055,4,0.7884521484375
nuScenes,mono,brake,J,scene-0055,5,1.9068603515625
nuScenes,mono,brake,J,scene-0055,6,0.2572021484375
nuScenes,mono,brake,J,scene-0055,7,0.30810546875
nuScenes,mono,brake,J,scene-0055,8,0.0
nuScenes,mono,brake,J,scene-0055,9,0.0
nuScenes,mono,brake,J,scene-0055,10,0.0
nuScenes,mono,brake,J,scene-0055,11,0.0
nuScenes,mono,brake,J,scene-0055,12,0.0
nuScenes,mono,brake,J,scene-0055,13,0.0
nuScenes,mono,brake,J,scene-0055,14,0.0
nuScenes,mono,brake,J,scene-0055,15,0.0
nuScenes,mono,brake,J,scene-0055,16,0.0
nuScenes,mono,brake,J,scene-0055,17,0.0
nuScenes,mono,brake,J,scene-0055,18,0.1441650390625
nuScenes,mono,brake,J,scene-0055,19,0.1510009765625
nuScenes,mono,brake,J,scene-0055,20,0.0
nuScenes,mono,brake,J,scene-0055,21,0.1431884765625
nuScenes,mono,brake,J,scene-0055,22,0.106689453125
nuScenes,mono,brake,J,scene-0055,23,0.1329345703125
nuScenes,mono,brake,J,scene-0055,24,0.0
nuScenes,mono,brake,J,scene-0055,25,0.0
nuScenes,mono,brake,J,scene-0055,26,0.0
nuScenes,mono,brake,J,scene-0055,27,0.0
nuScenes,mono,brake,J,scene-0055,28,0.0
nuScenes,mono,brake,J,scene-0055,29,0.1871337890625
nuScenes,mono,brake,J,scene-0055,30,0.0
nuScenes,mono,brake,J,scene-0055,31,0.10931396484375
nuScenes,mono,brake,J,scene-0055,32,0.175537109375
nuScenes,mono,brake,J,scene-0055,33,0.1334228515625
nuScenes,mono,brake,J,scene-0055,34,0.5430908203125
nuScenes,mono,brake,J,scene-0055,35,1.14227294921875
nuScenes,mono,brake,J,scene-0055,36,0.7208251953125
nuScenes,mono,brake,J,scene-0055,37,0.1705322265625
nuScenes,mono,brake,J,scene-0055,38,0.0
nuScenes,mono,brake,J,scene-0055,39,0.0
nuScenes,mono,brake,J,scene-0056,0,0.1263427734375
nuScenes,mono,brake,J,scene-0056,1,0.0
nuScenes,mono,brake,J,scene-0056,2,0.0
nuScenes,mono,brake,J,scene-0056,3,0.0
nuScenes,mono,brake,J,scene-0056,4,0.0
nuScenes,mono,brake,J,scene-0056,5,0.0
nuScenes,mono,brake,J,scene-0056,6,0.0
nuScenes,mono,brake,J,scene-0056,7,0.0
nuScenes,mono,brake,J,scene-0056,8,0.201171875
nuScenes,mono,brake,J,scene-0056,9,0.359130859375
nuScenes,mono,brake,J,scene-0056,10,0.3106689453125
nuScenes,mono,brake,J,scene-0056,11,0.0
nuScenes,mono,brake,J,scene-0056,12,0.606689453125
nuScenes,mono,brake,J,scene-0056,13,0.52349853515625
nuScenes,mono,brake,J,scene-0056,14,0.5013427734375
nuScenes,mono,brake,J,scene-0056,15,0.0
nuScenes,mono,brake,J,scene-0056,16,0.0
nuScenes,mono,brake,J,scene-0056,17,0.0
nuScenes,mono,brake,J,scene-0056,18,0.0
nuScenes,mono,brake,J,scene-0056,19,0.0
nuScenes,mono,brake,J,scene-0056,20,0.0
nuScenes,mono,brake,J,scene-0056,21,0.0
nuScenes,mono,brake,J,scene-0056,22,0.2789306640625
nuScenes,mono,brake,J,scene-0056,23,0.0
nuScenes,mono,brake,J,scene-0056,24,0.17333984375
nuScenes,mono,brake,J,scene-0056,25,0.0
nuScenes,mono,brake,J,scene-0056,26,0.0
nuScenes,mono,brake,J,scene-0056,27,0.3232421875
nuScenes,mono,brake,J,scene-0056,28,0.23748779296875
nuScenes,mono,brake,J,scene-0056,29,0.0
nuScenes,mono,brake,J,scene-0056,30,0.204345703125
nuScenes,mono,brake,J,scene-0056,31,0.0
nuScenes,mono,brake,J,scene-0056,32,0.1591796875
nuScenes,mono,brake,J,scene-0056,33,0.0
nuScenes,mono,brake,J,scene-0056,34,0.175537109375
nuScenes,mono,brake,J,scene-0056,35,0.2081298828125
nuScenes,mono,brake,J,scene-0056,36,0.359619140625
nuScenes,mono,brake,J,scene-0056,37,0.45135498046875
nuScenes,mono,brake,J,scene-0056,38,0.0
nuScenes,mono,brake,J,scene-0056,39,0.0
nuScenes,mono,brake,J,scene-0056,40,0.69610595703125
nuScenes,mono,brake,J,scene-0069,0,0.1026611328125
nuScenes,mono,brake,J,scene-0069,1,0.120849609375
nuScenes,mono,brake,J,scene-0069,2,0.2467041015625
nuScenes,mono,brake,J,scene-0069,3,0.1063232421875
nuScenes,mono,brake,J,scene-0069,4,0.216064453125
nuScenes,mono,brake,J,scene-0069,5,0.0
nuScenes,mono,brake,J,scene-0069,6,0.35870361328125
nuScenes,mono,brake,J,scene-0069,7,0.48388671875
nuScenes,mono,brake,J,scene-0069,8,1.1632080078125
nuScenes,mono,brake,J,scene-0069,9,0.408935546875
nuScenes,mono,brake,J,scene-0069,10,0.67388916015625
nuScenes,mono,brake,J,scene-0069,11,0.356201171875
nuScenes,mono,brake,J,scene-0069,12,0.5638427734375
nuScenes,mono,brake,J,scene-0069,13,0.22637939453125
nuScenes,mono,brake,J,scene-0069,14,1.20172119140625
nuScenes,mono,brake,J,scene-0069,15,0.36181640625
nuScenes,mono,brake,J,scene-0069,16,0.6160888671875
nuScenes,mono,brake,J,scene-0069,17,0.0
nuScenes,mono,brake,J,scene-0069,18,0.26953125
nuScenes,mono,brake,J,scene-0069,19,0.23095703125
nuScenes,mono,brake,J,scene-0069,20,0.0
nuScenes,mono,brake,J,scene-0069,21,0.10015869140625
nuScenes,mono,brake,J,scene-0069,22,0.3138427734375
nuScenes,mono,brake,J,scene-0069,23,0.0
nuScenes,mono,brake,J,scene-0069,24,0.327392578125
nuScenes,mono,brake,J,scene-0069,25,0.0
nuScenes,mono,brake,J,scene-0069,26,0.0
nuScenes,mono,brake,J,scene-0069,27,0.1688232421875
nuScenes,mono,brake,J,scene-0069,28,0.0
nuScenes,mono,brake,J,scene-0069,29,0.1993408203125
nuScenes,mono,brake,J,scene-0069,30,0.1556396484375
nuScenes,mono,brake,J,scene-0069,31,0.0
nuScenes,mono,brake,J,scene-0069,32,0.1246337890625
nuScenes,mono,brake,J,scene-0069,33,0.0
nuScenes,mono,brake,J,scene-0069,34,0.10858154296875
nuScenes,mono,brake,J,scene-0069,35,0.3385009765625
nuScenes,mono,brake,J,scene-0069,36,0.91168212890625
nuScenes,mono,brake,J,scene-0069,37,0.4505615234375
nuScenes,mono,brake,J,scene-0069,38,0.1063232421875
nuScenes,mono,brake,J,scene-0069,39,0.4053955078125
nuScenes,mono,brake,J,scene-0070,0,0.183837890625
nuScenes,mono,brake,J,scene-0070,1,0.139404296875
nuScenes,mono,brake,J,scene-0070,2,0.2354736328125
nuScenes,mono,brake,J,scene-0070,3,0.0
nuScenes,mono,brake,J,scene-0070,4,0.0
nuScenes,mono,brake,J,scene-0070,5,0.4857177734375
nuScenes,mono,brake,J,scene-0070,6,0.37579345703125
nuScenes,mono,brake,J,scene-0070,7,0.0
nuScenes,mono,brake,J,scene-0070,8,0.11798095703125
nuScenes,mono,brake,J,scene-0070,9,0.46881103515625
nuScenes,mono,brake,J,scene-0070,10,0.2435302734375
nuScenes,mono,brake,J,scene-0070,11,0.8677978515625
nuScenes,mono,brake,J,scene-0070,12,0.474365234375
nuScenes,mono,brake,J,scene-0070,13,0.0
nuScenes,mono,brake,J,scene-0070,14,0.24993896484375
nuScenes,mono,brake,J,scene-0070,15,0.2353515625
nuScenes,mono,brake,J,scene-0070,16,0.4844970703125
nuScenes,mono,brake,J,scene-0070,17,0.4283447265625
nuScenes,mono,brake,J,scene-0070,18,0.3739013671875
nuScenes,mono,brake,J,scene-0070,19,0.3133544921875
nuScenes,mono,brake,J,scene-0070,20,0.1329345703125
nuScenes,mono,brake,J,scene-0070,21,0.272216796875
nuScenes,mono,brake,J,scene-0070,22,0.5645751953125
nuScenes,mono,brake,J,scene-0070,23,0.551025390625
nuScenes,mono,brake,J,scene-0070,24,0.941650390625
nuScenes,mono,brake,J,scene-0070,25,0.3055419921875
nuScenes,mono,brake,J,scene-0070,26,0.0
nuScenes,mono,brake,J,scene-0070,27,0.37640380859375
nuScenes,mono,brake,J,scene-0070,28,0.0
nuScenes,mono,brake,J,scene-0070,29,0.0
nuScenes,mono,brake,J,scene-0070,30,0.0
nuScenes,mono,brake,J,scene-0070,31,0.0
nuScenes,mono,brake,J,scene-0070,32,0.24658203125
nuScenes,mono,brake,J,scene-0070,33,0.1566162109375
nuScenes,mono,brake,J,scene-0070,34,0.0
nuScenes,mono,brake,J,scene-0070,35,0.0
nuScenes,mono,brake,J,scene-0070,36,0.0
nuScenes,mono,brake,J,scene-0070,37,0.66845703125
nuScenes,mono,brake,J,scene-0070,38,0.8701171875
nuScenes,mono,brake,J,scene-0070,39,0.4583740234375
nuScenes,mono,brake,J,scene-0071,0,0.24298095703125
nuScenes,mono,brake,J,scene-0071,1,0.61944580078125
nuScenes,mono,brake,J,scene-0071,2,0.9613037109375
nuScenes,mono,brake,J,scene-0071,3,0.63726806640625
nuScenes,mono,brake,J,scene-0071,4,0.8358154296875
nuScenes,mono,brake,J,scene-0071,5,1.13970947265625
nuScenes,mono,brake,J,scene-0071,6,0.92620849609375
nuScenes,mono,brake,J,scene-0071,7,1.01300048828125
nuScenes,mono,brake,J,scene-0071,8,0.54290771484375
nuScenes,mono,brake,J,scene-0071,9,1.25323486328125
nuScenes,mono,brake,J,scene-0071,10,0.7314453125
nuScenes,mono,brake,J,scene-0071,11,0.9652099609375
nuScenes,mono,brake,J,scene-0071,12,0.7833251953125
nuScenes,mono,brake,J,scene-0071,13,0.23114013671875
nuScenes,mono,brake,J,scene-0071,14,0.57611083984375
nuScenes,mono,brake,J,scene-0071,15,0.891357421875
nuScenes,mono,brake,J,scene-0071,16,0.55535888671875
nuScenes,mono,brake,J,scene-0071,17,0.4307861328125
nuScenes,mono,brake,J,scene-0071,18,0.6875
nuScenes,mono,brake,J,scene-0071,19,0.8089599609375
nuScenes,mono,brake,J,scene-0071,20,0.68292236328125
nuScenes,mono,brake,J,scene-0071,21,0.39398193359375
nuScenes,mono,brake,J,scene-0071,22,0.87420654296875
nuScenes,mono,brake,J,scene-0071,23,1.68621826171875
nuScenes,mono,brake,J,scene-0071,24,1.2705078125
nuScenes,mono,brake,J,scene-0071,25,0.968994140625
nuScenes,mono,brake,J,scene-0071,26,1.262451171875
nuScenes,mono,brake,J,scene-0071,27,1.37139892578125
nuScenes,mono,brake,J,scene-0071,28,0.801025390625
nuScenes,mono,brake,J,scene-0071,29,0.536865234375
nuScenes,mono,brake,J,scene-0071,30,0.2982177734375
nuScenes,mono,brake,J,scene-0071,31,0.976318359375
nuScenes,mono,brake,J,scene-0071,32,0.4251708984375
nuScenes,mono,brake,J,scene-0071,33,0.17333984375
nuScenes,mono,brake,J,scene-0071,34,0.535888671875
nuScenes,mono,brake,J,scene-0071,35,0.0
nuScenes,mono,brake,J,scene-0071,36,0.23291015625
nuScenes,mono,brake,J,scene-0071,37,0.0
nuScenes,mono,brake,J,scene-0071,38,0.0
nuScenes,mono,brake,J,scene-0071,39,0.1104736328125
nuScenes,mono,brake,J,scene-0094,0,0.1041259765625
nuScenes,mono,brake,J,scene-0094,1,0.21453857421875
nuScenes,mono,brake,J,scene-0094,2,0.23095703125
nuScenes,mono,brake,J,scene-0094,3,0.1044921875
nuScenes,mono,brake,J,scene-0094,4,0.10894775390625
nuScenes,mono,brake,J,scene-0094,5,0.5113525390625
nuScenes,mono,brake,J,scene-0094,6,0.31439208984375
nuScenes,mono,brake,J,scene-0094,7,0.1495361328125
nuScenes,mono,brake,J,scene-0094,8,0.139892578125
nuScenes,mono,brake,J,scene-0094,9,0.300048828125
nuScenes,mono,brake,J,scene-0094,10,0.8038330078125
nuScenes,mono,brake,J,scene-0094,11,0.40325927734375
nuScenes,mono,brake,J,scene-0094,12,0.4810791015625
nuScenes,mono,brake,J,scene-0094,13,0.421630859375
nuScenes,mono,brake,J,scene-0094,14,0.371337890625
nuScenes,mono,brake,J,scene-0094,15,0.8153076171875
nuScenes,mono,brake,J,scene-0094,16,0.6710205078125
nuScenes,mono,brake,J,scene-0094,17,0.1187744140625
nuScenes,mono,brake,J,scene-0094,18,0.634033203125
nuScenes,mono,brake,J,scene-0094,19,1.0830078125
nuScenes,mono,brake,J,scene-0094,20,0.4990234375
nuScenes,mono,brake,J,scene-0094,21,0.44073486328125
nuScenes,mono,brake,J,scene-0094,22,0.255126953125
nuScenes,mono,brake,J,scene-0094,23,0.6846923828125
nuScenes,mono,brake,J,scene-0094,24,0.83782958984375
nuScenes,mono,brake,J,scene-0094,25,0.4189453125
nuScenes,mono,brake,J,scene-0094,26,0.6922607421875
nuScenes,mono,brake,J,scene-0094,27,0.99493408203125
nuScenes,mono,brake,J,scene-0094,28,0.5863037109375
nuScenes,mono,brake,J,scene-0094,29,1.47979736328125
nuScenes,mono,brake,J,scene-0094,30,0.96405029296875
nuScenes,mono,brake,J,scene-0094,31,1.01531982421875
nuScenes,mono,brake,J,scene-0094,32,0.7220458984375
nuScenes,mono,brake,J,scene-0094,33,1.16876220703125
nuScenes,mono,brake,J,scene-0094,34,1.36444091796875
nuScenes,mono,brake,J,scene-0094,35,0.8289794921875
nuScenes,mono,brake,J,scene-0094,36,1.49627685546875
nuScenes,mono,brake,J,scene-0094,37,0.9332275390625
nuScenes,mono,brake,J,scene-0094,38,1.2249755859375
nuScenes,mono,brake,J,scene-0094,39,0.3817138671875
nuScenes,mono,brake,J,scene-0095,0,1.1375732421875
nuScenes,mono,brake,J,scene-0095,1,0.75604248046875
nuScenes,mono,brake,J,scene-0095,2,1.04302978515625
nuScenes,mono,brake,J,scene-0095,3,0.33074951171875
nuScenes,mono,brake,J,scene-0095,4,0.0
nuScenes,mono,brake,J,scene-0095,5,0.49945068359375
nuScenes,mono,brake,J,scene-0095,6,0.85491943359375
nuScenes,mono,brake,J,scene-0095,7,0.18359375
nuScenes,mono,brake,J,scene-0095,8,0.71795654296875
nuScenes,mono,brake,J,scene-0095,9,0.55975341796875
nuScenes,mono,brake,J,scene-0095,10,0.68182373046875
nuScenes,mono,brake,J,scene-0095,11,0.97515869140625
nuScenes,mono,brake,J,scene-0095,12,0.58837890625
nuScenes,mono,brake,J,scene-0095,13,0.5111083984375
nuScenes,mono,brake,J,scene-0095,14,0.9935302734375
nuScenes,mono,brake,J,scene-0095,15,0.95098876953125
nuScenes,mono,brake,J,scene-0095,16,0.9859619140625
nuScenes,mono,brake,J,scene-0095,17,0.88702392578125
nuScenes,mono,brake,J,scene-0095,18,0.5369873046875
nuScenes,mono,brake,J,scene-0095,19,0.91827392578125
nuScenes,mono,brake,J,scene-0095,20,0.36669921875
nuScenes,mono,brake,J,scene-0095,21,0.2254638671875
nuScenes,mono,brake,J,scene-0095,22,1.026611328125
nuScenes,mono,brake,J,scene-0095,23,0.71295166015625
nuScenes,mono,brake,J,scene-0095,24,0.95849609375
nuScenes,mono,brake,J,scene-0095,25,0.8106689453125
nuScenes,mono,brake,J,scene-0095,26,0.3656005859375
nuScenes,mono,brake,J,scene-0095,27,0.57916259765625
nuScenes,mono,brake,J,scene-0095,28,0.103759765625
nuScenes,mono,brake,J,scene-0095,29,0.33251953125
nuScenes,mono,brake,J,scene-0095,30,0.4599609375
nuScenes,mono,brake,J,scene-0095,31,0.64227294921875
nuScenes,mono,brake,J,scene-0095,32,0.566650390625
nuScenes,mono,brake,J,scene-0095,33,0.5908203125
nuScenes,mono,brake,J,scene-0095,34,0.19677734375
nuScenes,mono,brake,J,scene-0095,35,0.0
nuScenes,mono,brake,J,scene-0095,36,0.441162109375
nuScenes,mono,brake,J,scene-0095,37,0.5970458984375
nuScenes,mono,brake,J,scene-0095,38,0.5692138671875
nuScenes,mono,brake,J,scene-0096,0,0.237548828125
nuScenes,mono,brake,J,scene-0096,1,0.6239013671875
nuScenes,mono,brake,J,scene-0096,2,0.6741943359375
nuScenes,mono,brake,J,scene-0096,3,0.0
nuScenes,mono,brake,J,scene-0096,4,0.3968505859375
nuScenes,mono,brake,J,scene-0096,5,0.8465576171875
nuScenes,mono,brake,J,scene-0096,6,0.0
nuScenes,mono,brake,J,scene-0096,7,0.641357421875
nuScenes,mono,brake,J,scene-0096,8,0.59051513671875
nuScenes,mono,brake,J,scene-0096,9,0.6650390625
nuScenes,mono,brake,J,scene-0096,10,0.52032470703125
nuScenes,mono,brake,J,scene-0096,11,0.3541259765625
nuScenes,mono,brake,J,scene-0096,12,0.640380859375
nuScenes,mono,brake,J,scene-0096,13,0.47412109375
nuScenes,mono,brake,J,scene-0096,14,0.2493896484375
nuScenes,mono,brake,J,scene-0096,15,0.1361083984375
nuScenes,mono,brake,J,scene-0096,16,0.41552734375
nuScenes,mono,brake,J,scene-0096,17,0.891357421875
nuScenes,mono,brake,J,scene-0096,18,0.53955078125
nuScenes,mono,brake,J,scene-0096,19,0.6923828125
nuScenes,mono,brake,J,scene-0096,20,0.3111572265625
nuScenes,mono,brake,J,scene-0096,21,0.882080078125
nuScenes,mono,brake,J,scene-0096,22,0.1339111328125
nuScenes,mono,brake,J,scene-0096,23,0.233154296875
nuScenes,mono,brake,J,scene-0096,24,0.35662841796875
nuScenes,mono,brake,J,scene-0096,25,1.05126953125
nuScenes,mono,brake,J,scene-0096,26,0.99658203125
nuScenes,mono,brake,J,scene-0096,27,0.7403564453125
nuScenes,mono,brake,J,scene-0096,28,0.5703125
nuScenes,mono,brake,J,scene-0096,29,0.6329345703125
nuScenes,mono,brake,J,scene-0096,30,0.3424072265625
nuScenes,mono,brake,J,scene-0096,31,0.314208984375
nuScenes,mono,brake,J,scene-0096,32,0.34820556640625
nuScenes,mono,brake,J,scene-0096,33,0.1285400390625
nuScenes,mono,brake,J,scene-0096,34,0.1480712890625
nuScenes,mono,brake,J,scene-0096,35,0.127197265625
nuScenes,mono,brake,J,scene-0096,36,0.22454833984375
nuScenes,mono,brake,J,scene-0096,37,0.0
nuScenes,mono,brake,J,scene-0096,38,0.401123046875
nuScenes,mono,plan_ade,JC_ade,scene-0002,0,0.87255859375
nuScenes,mono,plan_ade,JC_ade,scene-0002,1,0.96453857421875
nuScenes,mono,plan_ade,JC_ade,scene-0002,2,0.2978515625
nuScenes,mono,plan_ade,JC_ade,scene-0002,3,0.0
nuScenes,mono,plan_ade,JC_ade,scene-0002,4,0.26507568359375
nuScenes,mono,plan_ade,JC_ade,scene-0002,5,0.22406005859375
nuScenes,mono,plan_ade,JC_ade,scene-0002,6,0.4337158203125
nuScenes,mono,plan_ade,JC_ade,scene-0002,7,0.65924072265625
nuScenes,mono,plan_ade,JC_ade,scene-0002,8,0.3475341796875
nuScenes,mono,plan_ade,JC_ade,scene-0002,9,0.2081298828125
nuScenes,mono,plan_ade,JC_ade,scene-0002,10,0.1778564453125
nuScenes,mono,plan_ade,JC_ade,scene-0002,11,0.27593994140625
nuScenes,mono,plan_ade,JC_ade,scene-0002,12,0.4818115234375
nuScenes,mono,plan_ade,JC_ade,scene-0002,13,0.3028564453125
nuScenes,mono,plan_ade,JC_ade,scene-0002,14,0.3619384765625
nuScenes,mono,plan_ade,JC_ade,scene-0002,15,0.52197265625
nuScenes,mono,plan_ade,JC_ade,scene-0002,16,0.1251220703125
nuScenes,mono,plan_ade,JC_ade,scene-0002,17,0.1514892578125
nuScenes,mono,plan_ade,JC_ade,scene-0002,18,0.1441650390625
nuScenes,mono,plan_ade,JC_ade,scene-0002,19,0.0
nuScenes,mono,plan_ade,JC_ade,scene-0002,20,0.0
nuScenes,mono,plan_ade,JC_ade,scene-0002,21,0.1041259765625
nuScenes,mono,plan_ade,JC_ade,scene-0002,22,0.1285400390625
nuScenes,mono,plan_ade,JC_ade,scene-0002,23,0.132080078125
nuScenes,mono,plan_ade,JC_ade,scene-0002,24,0.0
nuScenes,mono,plan_ade,JC_ade,scene-0002,25,0.0
nuScenes,mono,plan_ade,JC_ade,scene-0002,26,0.0
nuScenes,mono,plan_ade,JC_ade,scene-0002,27,0.96331787109375
nuScenes,mono,plan_ade,JC_ade,scene-0002,28,0.2802734375
nuScenes,mono,plan_ade,JC_ade,scene-0002,29,0.12548828125
nuScenes,mono,plan_ade,JC_ade,scene-0002,30,0.0
nuScenes,mono,plan_ade,JC_ade,scene-0002,31,0.175537109375
nuScenes,mono,plan_ade,JC_ade,scene-0003,0,0.39501953125
nuScenes,mono,plan_ade,JC_ade,scene-0003,1,0.288330078125
nuScenes,mono,plan_ade,JC_ade,scene-0003,2,0.1925048828125
nuScenes,mono,plan_ade,JC_ade,scene-0003,3,0.48388671875
nuScenes,mono,plan_ade,JC_ade,scene-0003,4,0.2508544921875
nuScenes,mono,plan_ade,JC_ade,scene-0003,5,0.671142578125
nuScenes,mono,plan_ade,JC_ade,scene-0003,6,0.7762451171875
nuScenes,mono,plan_ade,JC_ade,scene-0003,7,0.61175537109375
nuScenes,mono,plan_ade,JC_ade,scene-0003,8,0.29205322265625
nuScenes,mono,plan_ade,JC_ade,scene-0003,9,0.8675537109375
nuScenes,mono,plan_ade,JC_ade,scene-0003,10,0.8748779296875
nuScenes,mono,plan_ade,JC_ade,scene-0003,11,0.501953125
nuScenes,mono,plan_ade,JC_ade,scene-0003,12,0.3743896484375
nuScenes,mono,plan_ade,JC_ade,scene-0003,13,0.3575439453125
nuScenes,mono,plan_ade,JC_ade,scene-0003,14,0.1263427734375
nuScenes,mono,plan_ade,JC_ade,scene-0003,15,0.5777587890625
nuScenes,mono,plan_ade,JC_ade,scene-0003,16,0.8748779296875
nuScenes,mono,plan_ade,JC_ade,scene-0003,17,0.1634521484375
nuScenes,mono,plan_ade,JC_ade,scene-0003,18,1.0001220703125
nuScenes,mono,plan_ade,JC_ade,scene-0003,19,0.6573486328125
nuScenes,mono,plan_ade,JC_ade,scene-0003,20,0.11126708984375
nuScenes,mono,plan_ade,JC_ade,scene-0003,21,0.0
nuScenes,mono,plan_ade,JC_ade,scene-0003,22,0.2371826171875
nuScenes,mono,plan_ade,JC_ade,scene-0003,23,0.314697265625
nuScenes,mono,plan_ade,JC_ade,scene-0003,24,0.3450927734375
nuScenes,mono,plan_ade,JC_ade,scene-0003,25,0.3096923828125
nuScenes,mono,plan_ade,JC_ade,scene-0003,26,0.55755615234375
nuScenes,mono,plan_ade,JC_ade,scene-0003,27,0.0
nuScenes,mono,plan_ade,JC_ade,scene-0003,28,0.2628173828125
nuScenes,mono,plan_ade,JC_ade,scene-0003,29,0.356689453125
nuScenes,mono,plan_ade,JC_ade,scene-0003,30,0.1307373046875
nuScenes,mono,plan_ade,JC_ade,scene-0004,0,1.0303955078125
nuScenes,mono,plan_ade,JC_ade,scene-0004,1,0.689697265625
nuScenes,mono,plan_ade,JC_ade,scene-0004,2,0.46112060546875
nuScenes,mono,plan_ade,JC_ade,scene-0004,3,0.4827880859375
nuScenes,mono,plan_ade,JC_ade,scene-0004,4,0.0
nuScenes,mono,plan_ade,JC_ade,scene-0004,5,0.3380126953125
nuScenes,mono,plan_ade,JC_ade,scene-0004,6,1.619384765625
nuScenes,mono,plan_ade,JC_ade,scene-0004,7,0.8853759765625
nuScenes,mono,plan_ade,JC_ade,scene-0004,8,0.8515625
nuScenes,mono,plan_ade,JC_ade,scene-0004,9,1.329345703125
nuScenes,mono,plan_ade,JC_ade,scene-0004,10,1.1649169921875
nuScenes,mono,plan_ade,JC_ade,scene-0004,11,0.5816650390625
nuScenes,mono,plan_ade,JC_ade,scene-0004,12,0.30487060546875
nuScenes,mono,plan_ade,JC_ade,scene-0004,13,0.2960205078125
nuScenes,mono,plan_ade,JC_ade,scene-0004,14,0.12335205078125
nuScenes,mono,plan_ade,JC_ade,scene-0004,15,0.0
nuScenes,mono,plan_ade,JC_ade,scene-0004,16,0.6920166015625
nuScenes,mono,plan_ade,JC_ade,scene-0004,17,0.0
nuScenes,mono,plan_ade,JC_ade,scene-0004,18,0.10821533203125
nuScenes,mono,plan_ade,JC_ade,scene-0004,19,0.67254638671875
nuScenes,mono,plan_ade,JC_ade,scene-0004,20,0.0
nuScenes,mono,plan_ade,JC_ade,scene-0004,21,0.0
nuScenes,mono,plan_ade,JC_ade,scene-0004,22,0.0
nuScenes,mono,plan_ade,JC_ade,scene-0004,23,0.0
nuScenes,mono,plan_ade,JC_ade,scene-0004,24,0.7606201171875
nuScenes,mono,plan_ade,JC_ade,scene-0004,25,0.0
nuScenes,mono,plan_ade,JC_ade,scene-0004,26,0.4781494140625
nuScenes,mono,plan_ade,JC_ade,scene-0004,27,0.3443603515625
nuScenes,mono,plan_ade,JC_ade,scene-0004,28,0.30126953125
nuScenes,mono,plan_ade,JC_ade,scene-0004,29,0.556640625
nuScenes,mono,plan_ade,JC_ade,scene-0004,30,0.29754638671875
nuScenes,mono,plan_ade,JC_ade,scene-0004,31,0.50506591796875
nuScenes,mono,plan_ade,JC_ade,scene-0012,0,0.23828125
nuScenes,mono,plan_ade,JC_ade,scene-0012,1,0.1044921875
nuScenes,mono,plan_ade,JC_ade,scene-0012,2,0.0
nuScenes,mono,plan_ade,JC_ade,scene-0012,3,0.1375732421875
nuScenes,mono,plan_ade,JC_ade,scene-0012,4,0.1365966796875
nuScenes,mono,plan_ade,JC_ade,scene-0012,5,0.0
nuScenes,mono,plan_ade,JC_ade,scene-0012,6,0.1456298828125
nuScenes,mono,plan_ade,JC_ade,scene-0012,7,0.92718505859375
nuScenes,mono,plan_ade,JC_ade,scene-0012,8,1.02301025390625
nuScenes,mono,plan_ade,JC_ade,scene-0012,9,0.6240234375
nuScenes,mono,plan_ade,JC_ade,scene-0012,10,0.0
nuScenes,mono,plan_ade,JC_ade,scene-0012,11,0.3465576171875
nuScenes,mono,plan_ade,JC_ade,scene-0012,12,0.1187744140625
nuScenes,mono,plan_ade,JC_ade,scene-0012,13,0.1761474609375
nuScenes,mono,plan_ade,JC_ade,scene-0012,14,0.0
nuScenes,mono,plan_ade,JC_ade,scene-0012,15,0.0
nuScenes,mono,plan_ade,JC_ade,scene-0012,16,0.0
nuScenes,mono,plan_ade,JC_ade,scene-0012,17,0.0
nuScenes,mono,plan_ade,JC_ade,scene-0012,18,0.0
nuScenes,mono,plan_ade,JC_ade,scene-0012,19,0.0
nuScenes,mono,plan_ade,JC_ade,scene-0012,20,0.0
nuScenes,mono,plan_ade,JC_ade,scene-0012,21,0.0
nuScenes,mono,plan_ade,JC_ade,scene-0012,22,0.0
nuScenes,mono,plan_ade,JC_ade,scene-0012,23,0.0
nuScenes,mono,plan_ade,JC_ade,scene-0012,24,0.0
nuScenes,mono,plan_ade,JC_ade,scene-0012,25,0.219970703125
nuScenes,mono,plan_ade,JC_ade,scene-0012,26,0.0
nuScenes,mono,plan_ade,JC_ade,scene-0012,27,0.0
nuScenes,mono,plan_ade,JC_ade,scene-0012,28,0.0
nuScenes,mono,plan_ade,JC_ade,scene-0012,29,0.0
nuScenes,mono,plan_ade,JC_ade,scene-0012,30,0.0
nuScenes,mono,plan_ade,JC_ade,scene-0013,0,0.0
nuScenes,mono,plan_ade,JC_ade,scene-0013,1,0.2120361328125
nuScenes,mono,plan_ade,JC_ade,scene-0013,2,0.19189453125
nuScenes,mono,plan_ade,JC_ade,scene-0013,3,0.31549072265625
nuScenes,mono,plan_ade,JC_ade,scene-0013,4,0.37255859375
nuScenes,mono,plan_ade,JC_ade,scene-0013,5,0.1519775390625
nuScenes,mono,plan_ade,JC_ade,scene-0013,6,0.202392578125
nuScenes,mono,plan_ade,JC_ade,scene-0013,7,0.6778564453125
nuScenes,mono,plan_ade,JC_ade,scene-0013,8,0.5615234375
nuScenes,mono,plan_ade,JC_ade,scene-0013,9,0.24072265625
nuScenes,mono,plan_ade,JC_ade,scene-0013,10,0.3050537109375
nuScenes,mono,plan_ade,JC_ade,scene-0013,11,0.8487548828125
nuScenes,mono,plan_ade,JC_ade,scene-0013,12,0.95953369140625
nuScenes,mono,plan_ade,JC_ade,scene-0013,13,0.5335693359375
nuScenes,mono,plan_ade,JC_ade,scene-0013,14,0.3887939453125
nuScenes,mono,plan_ade,JC_ade,scene-0013,15,0.4652099609375
nuScenes,mono,plan_ade,JC_ade,scene-0013,16,0.6187744140625
nuScenes,mono,plan_ade,JC_ade,scene-0013,17,0.55450439453125
nuScenes,mono,plan_ade,JC_ade,scene-0013,18,0.4263916015625
nuScenes,mono,plan_ade,JC_ade,scene-0013,19,0.25921630859375
nuScenes,mono,plan_ade,JC_ade,scene-0013,20,0.3070068359375
nuScenes,mono,plan_ade,JC_ade,scene-0013,21,0.178955078125
nuScenes,mono,plan_ade,JC_ade,scene-0013,22,0.155029296875
nuScenes,mono,plan_ade,JC_ade,scene-0013,23,0.0
nuScenes,mono,plan_ade,JC_ade,scene-0013,24,0.0
nuScenes,mono,plan_ade,JC_ade,scene-0013,25,0.0
nuScenes,mono,plan_ade,JC_ade,scene-0013,26,0.0
nuScenes,mono,plan_ade,JC_ade,scene-0013,27,0.0
nuScenes,mono,plan_ade,JC_ade,scene-0013,28,0.0
nuScenes,mono,plan_ade,JC_ade,scene-0013,29,0.0
nuScenes,mono,plan_ade,JC_ade,scene-0013,30,0.0
nuScenes,mono,plan_ade,JC_ade,scene-0013,31,0.275146484375
nuScenes,mono,plan_ade,JC_ade,scene-0014,0,0.132080078125
nuScenes,mono,plan_ade,JC_ade,scene-0014,1,0.22869873046875
nuScenes,mono,plan_ade,JC_ade,scene-0014,2,0.0
nuScenes,mono,plan_ade,JC_ade,scene-0014,3,0.0
nuScenes,mono,plan_ade,JC_ade,scene-0014,4,0.0
nuScenes,mono,plan_ade,JC_ade,scene-0014,5,0.0
nuScenes,mono,plan_ade,JC_ade,scene-0014,6,0.0
nuScenes,mono,plan_ade,JC_ade,scene-0014,7,0.0
nuScenes,mono,plan_ade,JC_ade,scene-0014,8,0.0
nuScenes,mono,plan_ade,JC_ade,scene-0014,9,0.0
nuScenes,mono,plan_ade,JC_ade,scene-0014,10,0.0
nuScenes,mono,plan_ade,JC_ade,scene-0014,11,0.0
nuScenes,mono,plan_ade,JC_ade,scene-0014,12,0.0
nuScenes,mono,plan_ade,JC_ade,scene-0014,13,0.0
nuScenes,mono,plan_ade,JC_ade,scene-0014,14,0.1285400390625
nuScenes,mono,plan_ade,JC_ade,scene-0014,15,0.11199951171875
nuScenes,mono,plan_ade,JC_ade,scene-0014,16,0.3521728515625
nuScenes,mono,plan_ade,JC_ade,scene-0014,17,0.0
nuScenes,mono,plan_ade,JC_ade,scene-0014,18,0.0
nuScenes,mono,plan_ade,JC_ade,scene-0014,19,0.1461181640625
nuScenes,mono,plan_ade,JC_ade,scene-0014,20,0.0
nuScenes,mono,plan_ade,JC_ade,scene-0014,21,0.0
nuScenes,mono,plan_ade,JC_ade,scene-0014,22,0.0
nuScenes,mono,plan_ade,JC_ade,scene-0014,23,0.1431884765625
nuScenes,mono,plan_ade,JC_ade,scene-0014,24,0.0
nuScenes,mono,plan_ade,JC_ade,scene-0014,25,0.0
nuScenes,mono,plan_ade,JC_ade,scene-0014,26,0.0
nuScenes,mono,plan_ade,JC_ade,scene-0014,27,0.11126708984375
nuScenes,mono,plan_ade,JC_ade,scene-0014,28,0.1456298828125
nuScenes,mono,plan_ade,JC_ade,scene-0014,29,0.29180908203125
nuScenes,mono,plan_ade,JC_ade,scene-0014,30,0.2294921875
nuScenes,mono,plan_ade,JC_ade,scene-0014,31,0.0
nuScenes,mono,plan_ade,JC_ade,scene-0022,0,0.1143798828125
nuScenes,mono,plan_ade,JC_ade,scene-0022,1,0.74432373046875
nuScenes,mono,plan_ade,JC_ade,scene-0022,2,0.1912841796875
nuScenes,mono,plan_ade,JC_ade,scene-0022,3,0.181884765625
nuScenes,mono,plan_ade,JC_ade,scene-0022,4,0.1859130859375
nuScenes,mono,plan_ade,JC_ade,scene-0022,5,0.0
nuScenes,mono,plan_ade,JC_ade,scene-0022,6,0.51739501953125
nuScenes,mono,plan_ade,JC_ade,scene-0022,7,0.25421142578125
nuScenes,mono,plan_ade,JC_ade,scene-0022,8,0.0
nuScenes,mono,plan_ade,JC_ade,scene-0022,9,0.7137451171875
nuScenes,mono,plan_ade,JC_ade,scene-0022,10,0.272216796875
nuScenes,mono,plan_ade,JC_ade,scene-0022,11,0.7806396484375
nuScenes,mono,plan_ade,JC_ade,scene-0022,12,0.1571044921875
nuScenes,mono,plan_ade,JC_ade,scene-0022,13,0.10015869140625
nuScenes,mono,plan_ade,JC_ade,scene-0022,14,0.0
nuScenes,mono,plan_ade,JC_ade,scene-0022,15,0.1217041015625
nuScenes,mono,plan_ade,JC_ade,scene-0022,16,0.230224609375
nuScenes,mono,plan_ade,JC_ade,scene-0022,17,0.0
nuScenes,mono,plan_ade,JC_ade,scene-0022,18,0.1566162109375
nuScenes,mono,plan_ade,JC_ade,scene-0022,19,0.3038330078125
nuScenes,mono,plan_ade,JC_ade,scene-0022,20,0.69415283203125
nuScenes,mono,plan_ade,JC_ade,scene-0022,21,0.4422607421875
nuScenes,mono,plan_ade,JC_ade,scene-0022,22,0.2283935546875
nuScenes,mono,plan_ade,JC_ade,scene-0022,23,0.10821533203125
nuScenes,mono,plan_ade,JC_ade,scene-0022,24,0.16455078125
nuScenes,mono,plan_ade,JC_ade,scene-0022,25,0.0
nuScenes,mono,plan_ade,JC_ade,scene-0022,26,0.132080078125
nuScenes,mono,plan_ade,JC_ade,scene-0022,27,0.0
nuScenes,mono,plan_ade,JC_ade,scene-0022,28,0.3792724609375
nuScenes,mono,plan_ade,JC_ade,scene-0022,29,0.22149658203125
nuScenes,mono,plan_ade,JC_ade,scene-0022,30,0.31005859375
nuScenes,mono,plan_ade,JC_ade,scene-0022,31,0.0
nuScenes,mono,plan_ade,JC_ade,scene-0023,0,0.0
nuScenes,mono,plan_ade,JC_ade,scene-0023,1,0.0
nuScenes,mono,plan_ade,JC_ade,scene-0023,2,0.1375732421875
nuScenes,mono,plan_ade,JC_ade,scene-0023,3,0.0
nuScenes,mono,plan_ade,JC_ade,scene-0023,4,0.0
nuScenes,mono,plan_ade,JC_ade,scene-0023,5,0.0
nuScenes,mono,plan_ade,JC_ade,scene-0023,6,0.0
nuScenes,mono,plan_ade,JC_ade,scene-0023,7,0.0
nuScenes,mono,plan_ade,JC_ade,scene-0023,8,0.0
nuScenes,mono,plan_ade,JC_ade,scene-0023,9,0.182373046875
nuScenes,mono,plan_ade,JC_ade,scene-0023,10,0.0
nuScenes,mono,plan_ade,JC_ade,scene-0023,11,0.0
nuScenes,mono,plan_ade,JC_ade,scene-0023,12,0.0
nuScenes,mono,plan_ade,JC_ade,scene-0023,13,0.1842041015625
nuScenes,mono,plan_ade,JC_ade,scene-0023,14,0.153076171875
nuScenes,mono,plan_ade,JC_ade,scene-0023,15,0.1973876953125
nuScenes,mono,plan_ade,JC_ade,scene-0023,16,0.5257568359375
nuScenes,mono,plan_ade,JC_ade,scene-0023,17,0.3790283203125
nuScenes,mono,plan_ade,JC_ade,scene-0023,18,0.2322998046875
nuScenes,mono,plan_ade,JC_ade,scene-0023,19,0.0
nuScenes,mono,plan_ade,JC_ade,scene-0023,20,0.199951171875
nuScenes,mono,plan_ade,JC_ade,scene-0023,21,0.0
nuScenes,mono,plan_ade,JC_ade,scene-0023,22,0.0
nuScenes,mono,plan_ade,JC_ade,scene-0023,23,0.0
nuScenes,mono,plan_ade,JC_ade,scene-0023,24,0.1412353515625
nuScenes,mono,plan_ade,JC_ade,scene-0023,25,0.0
nuScenes,mono,plan_ade,JC_ade,scene-0023,26,0.0
nuScenes,mono,plan_ade,JC_ade,scene-0023,27,0.0
nuScenes,mono,plan_ade,JC_ade,scene-0023,28,0.0
nuScenes,mono,plan_ade,JC_ade,scene-0023,29,0.0
nuScenes,mono,plan_ade,JC_ade,scene-0023,30,0.0
nuScenes,mono,plan_ade,JC_ade,scene-0023,31,0.216064453125
nuScenes,mono,plan_ade,JC_ade,scene-0024,0,0.418212890625
nuScenes,mono,plan_ade,JC_ade,scene-0024,1,0.23968505859375
nuScenes,mono,plan_ade,JC_ade,scene-0024,2,0.8638916015625
nuScenes,mono,plan_ade,JC_ade,scene-0024,3,0.22967529296875
nuScenes,mono,plan_ade,JC_ade,scene-0024,4,0.5172119140625
nuScenes,mono,plan_ade,JC_ade,scene-0024,5,0.4710693359375
nuScenes,mono,plan_ade,JC_ade,scene-0024,6,0.0
nuScenes,mono,plan_ade,JC_ade,scene-0024,7,0.45892333984375
nuScenes,mono,plan_ade,JC_ade,scene-0024,8,0.1895751953125
nuScenes,mono,plan_ade,JC_ade,scene-0024,9,0.0
nuScenes,mono,plan_ade,JC_ade,scene-0024,10,0.36962890625
nuScenes,mono,plan_ade,JC_ade,scene-0024,11,0.1019287109375
nuScenes,mono,plan_ade,JC_ade,scene-0024,12,0.37091064453125
nuScenes,mono,plan_ade,JC_ade,scene-0024,13,0.4879150390625
nuScenes,mono,plan_ade,JC_ade,scene-0024,14,0.0
nuScenes,mono,plan_ade,JC_ade,scene-0024,15,0.63201904296875
nuScenes,mono,plan_ade,JC_ade,scene-0024,16,0.28564453125
nuScenes,mono,plan_ade,JC_ade,scene-0024,17,0.455810546875
nuScenes,mono,plan_ade,JC_ade,scene-0024,18,0.265380859375
nuScenes,mono,plan_ade,JC_ade,scene-0024,19,0.41302490234375
nuScenes,mono,plan_ade,JC_ade,scene-0024,20,0.2081298828125
nuScenes,mono,plan_ade,JC_ade,scene-0024,21,0.3028564453125
nuScenes,mono,plan_ade,JC_ade,scene-0024,22,0.5791015625
nuScenes,mono,plan_ade,JC_ade,scene-0024,23,0.0
nuScenes,mono,plan_ade,JC_ade,scene-0024,24,0.3609619140625
nuScenes,mono,plan_ade,JC_ade,scene-0024,25,0.4669189453125
nuScenes,mono,plan_ade,JC_ade,scene-0024,26,0.139892578125
nuScenes,mono,plan_ade,JC_ade,scene-0024,27,0.0
nuScenes,mono,plan_ade,JC_ade,scene-0024,28,0.0
nuScenes,mono,plan_ade,JC_ade,scene-0024,29,0.204345703125
nuScenes,mono,plan_ade,JC_ade,scene-0024,30,0.2901611328125
nuScenes,mono,plan_ade,JC_ade,scene-0032,0,0.0
nuScenes,mono,plan_ade,JC_ade,scene-0032,1,0.2127685546875
nuScenes,mono,plan_ade,JC_ade,scene-0032,2,0.0
nuScenes,mono,plan_ade,JC_ade,scene-0032,3,0.0
nuScenes,mono,plan_ade,JC_ade,scene-0032,4,0.23760986328125
nuScenes,mono,plan_ade,JC_ade,scene-0032,5,0.6202392578125
nuScenes,mono,plan_ade,JC_ade,scene-0032,6,0.47528076171875
nuScenes,mono,plan_ade,JC_ade,scene-0032,7,0.0
nuScenes,mono,plan_ade,JC_ade,scene-0032,8,0.0
nuScenes,mono,plan_ade,JC_ade,scene-0032,9,0.2213134765625
nuScenes,mono,plan_ade,JC_ade,scene-0032,10,0.0
nuScenes,mono,plan_ade,JC_ade,scene-0032,11,0.3115234375
nuScenes,mono,plan_ade,JC_ade,scene-0032,12,0.0
nuScenes,mono,plan_ade,JC_ade,scene-0032,13,0.0
nuScenes,mono,plan_ade,JC_ade,scene-0032,14,0.10302734375
nuScenes,mono,plan_ade,JC_ade,scene-0032,15,0.0
nuScenes,mono,plan_ade,JC_ade,scene-0032,16,0.0
nuScenes,mono,plan_ade,JC_ade,scene-0032,17,0.0
nuScenes,mono,plan_ade,JC_ade,scene-0032,18,0.0
nuScenes,mono,plan_ade,JC_ade,scene-0032,19,0.0
nuScenes,mono,plan_ade,JC_ade,scene-0032,20,0.0
nuScenes,mono,plan_ade,JC_ade,scene-0032,21,0.20208740234375
nuScenes,mono,plan_ade,JC_ade,scene-0032,22,0.0
nuScenes,mono,plan_ade,JC_ade,scene-0032,23,0.0
nuScenes,mono,plan_ade,JC_ade,scene-0032,24,0.0
nuScenes,mono,plan_ade,JC_ade,scene-0032,25,0.0
nuScenes,mono,plan_ade,JC_ade,scene-0032,26,0.0
nuScenes,mono,plan_ade,JC_ade,scene-0032,27,0.0
nuScenes,mono,plan_ade,JC_ade,scene-0032,28,0.0
nuScenes,mono,plan_ade,JC_ade,scene-0032,29,0.0
nuScenes,mono,plan_ade,JC_ade,scene-0032,30,0.0
nuScenes,mono,plan_ade,JC_ade,scene-0032,31,0.0
nuScenes,mono,plan_ade,JC_ade,scene-0033,0,0.11199951171875
nuScenes,mono,plan_ade,JC_ade,scene-0033,1,0.1263427734375
nuScenes,mono,plan_ade,JC_ade,scene-0033,2,0.41845703125
nuScenes,mono,plan_ade,JC_ade,scene-0033,3,0.0
nuScenes,mono,plan_ade,JC_ade,scene-0033,4,0.11920166015625
nuScenes,mono,plan_ade,JC_ade,scene-0033,5,0.118408203125
nuScenes,mono,plan_ade,JC_ade,scene-0033,6,0.12890625
nuScenes,mono,plan_ade,JC_ade,scene-0033,7,0.21685791015625
nuScenes,mono,plan_ade,JC_ade,scene-0033,8,0.0
nuScenes,mono,plan_ade,JC_ade,scene-0033,9,0.0
nuScenes,mono,plan_ade,JC_ade,scene-0033,10,0.423828125
nuScenes,mono,plan_ade,JC_ade,scene-0033,11,0.529296875
nuScenes,mono,plan_ade,JC_ade,scene-0033,12,0.50927734375
nuScenes,mono,plan_ade,JC_ade,scene-0033,13,0.206298828125
nuScenes,mono,plan_ade,JC_ade,scene-0033,14,0.1055908203125
nuScenes,mono,plan_ade,JC_ade,scene-0033,15,0.120849609375
nuScenes,mono,plan_ade,JC_ade,scene-0033,16,0.0
nuScenes,mono,plan_ade,JC_ade,scene-0033,17,0.3446044921875
nuScenes,mono,plan_ade,JC_ade,scene-0033,18,0.1033935546875
nuScenes,mono,plan_ade,JC_ade,scene-0033,19,0.0
nuScenes,mono,plan_ade,JC_ade,scene-0033,20,0.0
nuScenes,mono,plan_ade,JC_ade,scene-0033,21,0.2239990234375
nuScenes,mono,plan_ade,JC_ade,scene-0033,22,0.1259765625
nuScenes,mono,plan_ade,JC_ade,scene-0033,23,0.26470947265625
nuScenes,mono,plan_ade,JC_ade,scene-0033,24,0.22119140625
nuScenes,mono,plan_ade,JC_ade,scene-0033,25,0.52587890625
nuScenes,mono,plan_ade,JC_ade,scene-0033,26,0.2427978515625
nuScenes,mono,plan_ade,JC_ade,scene-0033,27,0.24365234375
nuScenes,mono,plan_ade,JC_ade,scene-0033,28,0.178955078125
nuScenes,mono,plan_ade,JC_ade,scene-0033,29,0.0
nuScenes,mono,plan_ade,JC_ade,scene-0033,30,0.0
nuScenes,mono,plan_ade,JC_ade,scene-0033,31,0.0
nuScenes,mono,plan_ade,JC_ade,scene-0034,0,0.0
nuScenes,mono,plan_ade,JC_ade,scene-0034,1,0.0
nuScenes,mono,plan_ade,JC_ade,scene-0034,2,0.0
nuScenes,mono,plan_ade,JC_ade,scene-0034,3,0.0
nuScenes,mono,plan_ade,JC_ade,scene-0034,4,0.0
nuScenes,mono,plan_ade,JC_ade,scene-0034,5,0.0
nuScenes,mono,plan_ade,JC_ade,scene-0034,6,0.0
nuScenes,mono,plan_ade,JC_ade,scene-0034,7,0.0
nuScenes,mono,plan_ade,JC_ade,scene-0034,8,0.0
nuScenes,mono,plan_ade,JC_ade,scene-0034,9,0.0
nuScenes,mono,plan_ade,JC_ade,scene-0034,10,0.0
nuScenes,mono,plan_ade,JC_ade,scene-0034,11,0.0
nuScenes,mono,plan_ade,JC_ade,scene-0034,12,0.3017578125
nuScenes,mono,plan_ade,JC_ade,scene-0034,13,0.5726318359375
nuScenes,mono,plan_ade,JC_ade,scene-0034,14,0.26806640625
nuScenes,mono,plan_ade,JC_ade,scene-0034,15,0.4095458984375
nuScenes,mono,plan_ade,JC_ade,scene-0034,16,0.5697021484375
nuScenes,mono,plan_ade,JC_ade,scene-0034,17,0.293212890625
nuScenes,mono,plan_ade,JC_ade,scene-0034,18,0.22265625
nuScenes,mono,plan_ade,JC_ade,scene-0034,19,0.0
nuScenes,mono,plan_ade,JC_ade,scene-0034,20,0.1883544921875
nuScenes,mono,plan_ade,JC_ade,scene-0034,21,0.0
nuScenes,mono,plan_ade,JC_ade,scene-0034,22,0.18896484375
nuScenes,mono,plan_ade,JC_ade,scene-0034,23,0.1312255859375
nuScenes,mono,plan_ade,JC_ade,scene-0034,24,0.0
nuScenes,mono,plan_ade,JC_ade,scene-0034,25,0.0
nuScenes,mono,plan_ade,JC_ade,scene-0034,26,0.0
nuScenes,mono,plan_ade,JC_ade,scene-0034,27,0.0
nuScenes,mono,plan_ade,JC_ade,scene-0034,28,0.0
nuScenes,mono,plan_ade,JC_ade,scene-0034,29,0.0
nuScenes,mono,plan_ade,JC_ade,scene-0034,30,0.175537109375
nuScenes,mono,plan_ade,JC_ade,scene-0044,0,0.26263427734375
nuScenes,mono,plan_ade,JC_ade,scene-0044,1,0.0
nuScenes,mono,plan_ade,JC_ade,scene-0044,2,0.0
nuScenes,mono,plan_ade,JC_ade,scene-0044,3,0.3892822265625
nuScenes,mono,plan_ade,JC_ade,scene-0044,4,0.3304443359375
nuScenes,mono,plan_ade,JC_ade,scene-0044,5,0.2493896484375
nuScenes,mono,plan_ade,JC_ade,scene-0044,6,0.2421875
nuScenes,mono,plan_ade,JC_ade,scene-0044,7,0.2421875
nuScenes,mono,plan_ade,JC_ade,scene-0044,8,0.0
nuScenes,mono,plan_ade,JC_ade,scene-0044,9,0.5699462890625
nuScenes,mono,plan_ade,JC_ade,scene-0044,10,0.510498046875
nuScenes,mono,plan_ade,JC_ade,scene-0044,11,0.0
nuScenes,mono,plan_ade,JC_ade,scene-0044,12,0.0
nuScenes,mono,plan_ade,JC_ade,scene-0044,13,0.0
nuScenes,mono,plan_ade,JC_ade,scene-0044,14,0.0
nuScenes,mono,plan_ade,JC_ade,scene-0044,15,0.0
nuScenes,mono,plan_ade,JC_ade,scene-0044,16,0.1470947265625
nuScenes,mono,plan_ade,JC_ade,scene-0044,17,0.1470947265625
nuScenes,mono,plan_ade,JC_ade,scene-0044,18,0.48980712890625
nuScenes,mono,plan_ade,JC_ade,scene-0044,19,0.291259765625
nuScenes,mono,plan_ade,JC_ade,scene-0044,20,0.504638671875
nuScenes,mono,plan_ade,JC_ade,scene-0044,21,0.804443359375
nuScenes,mono,plan_ade,JC_ade,scene-0044,22,0.0
nuScenes,mono,plan_ade,JC_ade,scene-0044,23,0.0
nuScenes,mono,plan_ade,JC_ade,scene-0044,24,0.0
nuScenes,mono,plan_ade,JC_ade,scene-0044,25,0.1187744140625
nuScenes,mono,plan_ade,JC_ade,scene-0044,26,0.1505126953125
nuScenes,mono,plan_ade,JC_ade,scene-0044,27,0.0
nuScenes,mono,plan_ade,JC_ade,scene-0044,28,0.0
nuScenes,mono,plan_ade,JC_ade,scene-0044,29,0.0
nuScenes,mono,plan_ade,JC_ade,scene-0044,30,0.0
nuScenes,mono,plan_ade,JC_ade,scene-0045,0,1.320556640625
nuScenes,mono,plan_ade,JC_ade,scene-0045,1,1.07049560546875
nuScenes,mono,plan_ade,JC_ade,scene-0045,2,0.4278564453125
nuScenes,mono,plan_ade,JC_ade,scene-0045,3,0.5771484375
nuScenes,mono,plan_ade,JC_ade,scene-0045,4,0.7325439453125
nuScenes,mono,plan_ade,JC_ade,scene-0045,5,0.28857421875
nuScenes,mono,plan_ade,JC_ade,scene-0045,6,0.1441650390625
nuScenes,mono,plan_ade,JC_ade,scene-0045,7,0.769775390625
nuScenes,mono,plan_ade,JC_ade,scene-0045,8,0.67291259765625
nuScenes,mono,plan_ade,JC_ade,scene-0045,9,0.43487548828125
nuScenes,mono,plan_ade,JC_ade,scene-0045,10,0.896240234375
nuScenes,mono,plan_ade,JC_ade,scene-0045,11,0.33123779296875
nuScenes,mono,plan_ade,JC_ade,scene-0045,12,0.46435546875
nuScenes,mono,plan_ade,JC_ade,scene-0045,13,1.00384521484375
nuScenes,mono,plan_ade,JC_ade,scene-0045,14,0.231689453125
nuScenes,mono,plan_ade,JC_ade,scene-0045,15,0.118408203125
nuScenes,mono,plan_ade,JC_ade,scene-0045,16,0.0
nuScenes,mono,plan_ade,JC_ade,scene-0045,17,0.317138671875
nuScenes,mono,plan_ade,JC_ade,scene-0045,18,0.59259033203125
nuScenes,mono,plan_ade,JC_ade,scene-0045,19,0.60498046875
nuScenes,mono,plan_ade,JC_ade,scene-0045,20,0.3465576171875
nuScenes,mono,plan_ade,JC_ade,scene-0045,21,0.31964111328125
nuScenes,mono,plan_ade,JC_ade,scene-0045,22,0.2442626953125
nuScenes,mono,plan_ade,JC_ade,scene-0045,23,0.6546630859375
nuScenes,mono,plan_ade,JC_ade,scene-0045,24,0.28033447265625
nuScenes,mono,plan_ade,JC_ade,scene-0045,25,0.1357421875
nuScenes,mono,plan_ade,JC_ade,scene-0045,26,0.3577880859375
nuScenes,mono,plan_ade,JC_ade,scene-0045,27,0.11199951171875
nuScenes,mono,plan_ade,JC_ade,scene-0045,28,0.81964111328125
nuScenes,mono,plan_ade,JC_ade,scene-0045,29,0.1033935546875
nuScenes,mono,plan_ade,JC_ade,scene-0046,0,0.0
nuScenes,mono,plan_ade,JC_ade,scene-0046,1,0.1033935546875
nuScenes,mono,plan_ade,JC_ade,scene-0046,2,0.11474609375
nuScenes,mono,plan_ade,JC_ade,scene-0046,3,0.582763671875
nuScenes,mono,plan_ade,JC_ade,scene-0046,4,0.4224853515625
nuScenes,mono,plan_ade,JC_ade,scene-0046,5,0.86822509765625
nuScenes,mono,plan_ade,JC_ade,scene-0046,6,0.8507080078125
nuScenes,mono,plan_ade,JC_ade,scene-0046,7,1.42205810546875
nuScenes,mono,plan_ade,JC_ade,scene-0046,8,0.754150390625
nuScenes,mono,plan_ade,JC_ade,scene-0046,9,0.89697265625
nuScenes,mono,plan_ade,JC_ade,scene-0046,10,0.55364990234375
nuScenes,mono,plan_ade,JC_ade,scene-0046,11,0.869384765625
nuScenes,mono,plan_ade,JC_ade,scene-0046,12,1.04815673828125
nuScenes,mono,plan_ade,JC_ade,scene-0046,13,0.945556640625
nuScenes,mono,plan_ade,JC_ade,scene-0046,14,0.669677734375
nuScenes,mono,plan_ade,JC_ade,scene-0046,15,2.51763916015625
nuScenes,mono,plan_ade,JC_ade,scene-0046,16,0.8564453125
nuScenes,mono,plan_ade,JC_ade,scene-0046,17,1.5745849609375
nuScenes,mono,plan_ade,JC_ade,scene-0046,18,1.714111328125
nuScenes,mono,plan_ade,JC_ade,scene-0046,19,0.99420166015625
nuScenes,mono,plan_ade,JC_ade,scene-0046,20,0.520751953125
nuScenes,mono,plan_ade,JC_ade,scene-0046,21,1.2032470703125
nuScenes,mono,plan_ade,JC_ade,scene-0046,22,1.38812255859375
nuScenes,mono,plan_ade,JC_ade,scene-0046,23,0.880615234375
nuScenes,mono,plan_ade,JC_ade,scene-0046,24,1.17919921875
nuScenes,mono,plan_ade,JC_ade,scene-0046,25,0.5650634765625
nuScenes,mono,plan_ade,JC_ade,scene-0046,26,0.20751953125
nuScenes,mono,plan_ade,JC_ade,scene-0046,27,0.1650390625
nuScenes,mono,plan_ade,JC_ade,scene-0046,28,0.46044921875
nuScenes,mono,plan_ade,JC_ade,scene-0046,29,0.5238037109375
nuScenes,mono,plan_ade,JC_ade,scene-0054,0,0.0
nuScenes,mono,plan_ade,JC_ade,scene-0054,1,0.0
nuScenes,mono,plan_ade,JC_ade,scene-0054,2,0.0
nuScenes,mono,plan_ade,JC_ade,scene-0054,3,0.0
nuScenes,mono,plan_ade,JC_ade,scene-0054,4,0.1744384765625
nuScenes,mono,plan_ade,JC_ade,scene-0054,5,0.0
nuScenes,mono,plan_ade,JC_ade,scene-0054,6,0.0
nuScenes,mono,plan_ade,JC_ade,scene-0054,7,0.0
nuScenes,mono,plan_ade,JC_ade,scene-0054,8,0.0
nuScenes,mono,plan_ade,JC_ade,scene-0054,9,0.158203125
nuScenes,mono,plan_ade,JC_ade,scene-0054,10,0.4305419921875
nuScenes,mono,plan_ade,JC_ade,scene-0054,11,0.71673583984375
nuScenes,mono,plan_ade,JC_ade,scene-0054,12,0.173828125
nuScenes,mono,plan_ade,JC_ade,scene-0054,13,0.265869140625
nuScenes,mono,plan_ade,JC_ade,scene-0054,14,0.0
nuScenes,mono,plan_ade,JC_ade,scene-0054,15,0.49169921875
nuScenes,mono,plan_ade,JC_ade,scene-0054,16,0.1591796875
nuScenes,mono,plan_ade,JC_ade,scene-0054,17,0.6549072265625
nuScenes,mono,plan_ade,JC_ade,scene-0054,18,0.236083984375
nuScenes,mono,plan_ade,JC_ade,scene-0054,19,0.4771728515625
nuScenes,mono,plan_ade,JC_ade,scene-0054,20,0.4053955078125
nuScenes,mono,plan_ade,JC_ade,scene-0054,21,0.132568359375
nuScenes,mono,plan_ade,JC_ade,scene-0054,22,0.139892578125
nuScenes,mono,plan_ade,JC_ade,scene-0054,23,0.91015625
nuScenes,mono,plan_ade,JC_ade,scene-0054,24,0.6611328125
nuScenes,mono,plan_ade,JC_ade,scene-0054,25,0.2100830078125
nuScenes,mono,plan_ade,JC_ade,scene-0054,26,0.385009765625
nuScenes,mono,plan_ade,JC_ade,scene-0054,27,0.94036865234375
nuScenes,mono,plan_ade,JC_ade,scene-0054,28,0.619384765625
nuScenes,mono,plan_ade,JC_ade,scene-0054,29,0.44329833984375
nuScenes,mono,plan_ade,JC_ade,scene-0054,30,0.83709716796875
nuScenes,mono,plan_ade,JC_ade,scene-0055,0,0.499755859375
nuScenes,mono,plan_ade,JC_ade,scene-0055,1,0.3040771484375
nuScenes,mono,plan_ade,JC_ade,scene-0055,2,0.292724609375
nuScenes,mono,plan_ade,JC_ade,scene-0055,3,1.121337890625
nuScenes,mono,plan_ade,JC_ade,scene-0055,4,0.7884521484375
nuScenes,mono,plan_ade,JC_ade,scene-0055,5,1.9068603515625
nuScenes,mono,plan_ade,JC_ade,scene-0055,6,0.2572021484375
nuScenes,mono,plan_ade,JC_ade,scene-0055,7,0.30810546875
nuScenes,mono,plan_ade,JC_ade,scene-0055,8,0.0
nuScenes,mono,plan_ade,JC_ade,scene-0055,9,0.0
nuScenes,mono,plan_ade,JC_ade,scene-0055,10,0.0
nuScenes,mono,plan_ade,JC_ade,scene-0055,11,0.0
nuScenes,mono,plan_ade,JC_ade,scene-0055,12,0.0
nuScenes,mono,plan_ade,JC_ade,scene-0055,13,0.0
nuScenes,mono,plan_ade,JC_ade,scene-0055,14,0.0
nuScenes,mono,plan_ade,JC_ade,scene-0055,15,0.0
nuScenes,mono,plan_ade,JC_ade,scene-0055,16,0.0
nuScenes,mono,plan_ade,JC_ade,scene-0055,17,0.0
nuScenes,mono,plan_ade,JC_ade,scene-0055,18,0.1441650390625
nuScenes,mono,plan_ade,JC_ade,scene-0055,19,0.1510009765625
nuScenes,mono,plan_ade,JC_ade,scene-0055,20,0.0
nuScenes,mono,plan_ade,JC_ade,scene-0055,21,0.1431884765625
nuScenes,mono,plan_ade,JC_ade,scene-0055,22,0.106689453125
nuScenes,mono,plan_ade,JC_ade,scene-0055,23,0.1329345703125
nuScenes,mono,plan_ade,JC_ade,scene-0055,24,0.0
nuScenes,mono,plan_ade,JC_ade,scene-0055,25,0.0
nuScenes,mono,plan_ade,JC_ade,scene-0055,26,0.0
nuScenes,mono,plan_ade,JC_ade,scene-0055,27,0.0
nuScenes,mono,plan_ade,JC_ade,scene-0055,28,0.0
nuScenes,mono,plan_ade,JC_ade,scene-0055,29,0.1871337890625
nuScenes,mono,plan_ade,JC_ade,scene-0055,30,0.0
nuScenes,mono,plan_ade,JC_ade,scene-0056,0,0.1263427734375
nuScenes,mono,plan_ade,JC_ade,scene-0056,1,0.0
nuScenes,mono,plan_ade,JC_ade,scene-0056,2,0.0
nuScenes,mono,plan_ade,JC_ade,scene-0056,3,0.0
nuScenes,mono,plan_ade,JC_ade,scene-0056,4,0.0
nuScenes,mono,plan_ade,JC_ade,scene-0056,5,0.0
nuScenes,mono,plan_ade,JC_ade,scene-0056,6,0.0
nuScenes,mono,plan_ade,JC_ade,scene-0056,7,0.0
nuScenes,mono,plan_ade,JC_ade,scene-0056,8,0.201171875
nuScenes,mono,plan_ade,JC_ade,scene-0056,9,0.359130859375
nuScenes,mono,plan_ade,JC_ade,scene-0056,10,0.3106689453125
nuScenes,mono,plan_ade,JC_ade,scene-0056,11,0.0
nuScenes,mono,plan_ade,JC_ade,scene-0056,12,0.606689453125
nuScenes,mono,plan_ade,JC_ade,scene-0056,13,0.52349853515625
nuScenes,mono,plan_ade,JC_ade,scene-0056,14,0.5013427734375
nuScenes,mono,plan_ade,JC_ade,scene-0056,15,0.0
nuScenes,mono,plan_ade,JC_ade,scene-0056,16,0.0
nuScenes,mono,plan_ade,JC_ade,scene-0056,17,0.0
nuScenes,mono,plan_ade,JC_ade,scene-0056,18,0.0
nuScenes,mono,plan_ade,JC_ade,scene-0056,19,0.0
nuScenes,mono,plan_ade,JC_ade,scene-0056,20,0.0
nuScenes,mono,plan_ade,JC_ade,scene-0056,21,0.0
nuScenes,mono,plan_ade,JC_ade,scene-0056,22,0.2789306640625
nuScenes,mono,plan_ade,JC_ade,scene-0056,23,0.0
nuScenes,mono,plan_ade,JC_ade,scene-0056,24,0.17333984375
nuScenes,mono,plan_ade,JC_ade,scene-0056,25,0.0
nuScenes,mono,plan_ade,JC_ade,scene-0056,26,0.0
nuScenes,mono,plan_ade,JC_ade,scene-0056,27,0.3232421875
nuScenes,mono,plan_ade,JC_ade,scene-0056,28,0.23748779296875
nuScenes,mono,plan_ade,JC_ade,scene-0056,29,0.0
nuScenes,mono,plan_ade,JC_ade,scene-0056,30,0.204345703125
nuScenes,mono,plan_ade,JC_ade,scene-0056,31,0.0
nuScenes,mono,plan_ade,JC_ade,scene-0069,0,0.1026611328125
nuScenes,mono,plan_ade,JC_ade,scene-0069,1,0.120849609375
nuScenes,mono,plan_ade,JC_ade,scene-0069,2,0.2467041015625
nuScenes,mono,plan_ade,JC_ade,scene-0069,3,0.1063232421875
nuScenes,mono,plan_ade,JC_ade,scene-0069,4,0.216064453125
nuScenes,mono,plan_ade,JC_ade,scene-0069,5,0.0
nuScenes,mono,plan_ade,JC_ade,scene-0069,6,0.35870361328125
nuScenes,mono,plan_ade,JC_ade,scene-0069,7,0.48388671875
nuScenes,mono,plan_ade,JC_ade,scene-0069,8,1.1632080078125
nuScenes,mono,plan_ade,JC_ade,scene-0069,9,0.408935546875
nuScenes,mono,plan_ade,JC_ade,scene-0069,10,0.67388916015625
nuScenes,mono,plan_ade,JC_ade,scene-0069,11,0.356201171875
nuScenes,mono,plan_ade,JC_ade,scene-0069,12,0.5638427734375
nuScenes,mono,plan_ade,JC_ade,scene-0069,13,0.22637939453125
nuScenes,mono,plan_ade,JC_ade,scene-0069,14,1.20172119140625
nuScenes,mono,plan_ade,JC_ade,scene-0069,15,0.36181640625
nuScenes,mono,plan_ade,JC_ade,scene-0069,16,0.6160888671875
nuScenes,mono,plan_ade,JC_ade,scene-0069,17,0.0
nuScenes,mono,plan_ade,JC_ade,scene-0069,18,0.26953125
nuScenes,mono,plan_ade,JC_ade,scene-0069,19,0.23095703125
nuScenes,mono,plan_ade,JC_ade,scene-0069,20,0.0
nuScenes,mono,plan_ade,JC_ade,scene-0069,21,0.10015869140625
nuScenes,mono,plan_ade,JC_ade,scene-0069,22,0.3138427734375
nuScenes,mono,plan_ade,JC_ade,scene-0069,23,0.0
nuScenes,mono,plan_ade,JC_ade,scene-0069,24,0.327392578125
nuScenes,mono,plan_ade,JC_ade,scene-0069,25,0.0
nuScenes,mono,plan_ade,JC_ade,scene-0069,26,0.0
nuScenes,mono,plan_ade,JC_ade,scene-0069,27,0.1688232421875
nuScenes,mono,plan_ade,JC_ade,scene-0069,28,0.0
nuScenes,mono,plan_ade,JC_ade,scene-0069,29,0.1993408203125
nuScenes,mono,plan_ade,JC_ade,scene-0069,30,0.1556396484375
nuScenes,mono,plan_ade,JC_ade,scene-0069,31,0.0
nuScenes,mono,plan_ade,JC_ade,scene-0070,0,0.183837890625
nuScenes,mono,plan_ade,JC_ade,scene-0070,1,0.139404296875
nuScenes,mono,plan_ade,JC_ade,scene-0070,2,0.2354736328125
nuScenes,mono,plan_ade,JC_ade,scene-0070,3,0.0
nuScenes,mono,plan_ade,JC_ade,scene-0070,4,0.0
nuScenes,mono,plan_ade,JC_ade,scene-0070,5,0.4857177734375
nuScenes,mono,plan_ade,JC_ade,scene-0070,6,0.37579345703125
nuScenes,mono,plan_ade,JC_ade,scene-0070,7,0.0
nuScenes,mono,plan_ade,JC_ade,scene-0070,8,0.11798095703125
nuScenes,mono,plan_ade,JC_ade,scene-0070,9,0.46881103515625
nuScenes,mono,plan_ade,JC_ade,scene-0070,10,0.2435302734375
nuScenes,mono,plan_ade,JC_ade,scene-0070,11,0.8677978515625
nuScenes,mono,plan_ade,JC_ade,scene-0070,12,0.474365234375
nuScenes,mono,plan_ade,JC_ade,scene-0070,13,0.0
nuScenes,mono,plan_ade,JC_ade,scene-0070,14,0.24993896484375
nuScenes,mono,plan_ade,JC_ade,scene-0070,15,0.2353515625
nuScenes,mono,plan_ade,JC_ade,scene-0070,16,0.4844970703125
nuScenes,mono,plan_ade,JC_ade,scene-0070,17,0.4283447265625
nuScenes,mono,plan_ade,JC_ade,scene-0070,18,0.3739013671875
nuScenes,mono,plan_ade,JC_ade,scene-0070,19,0.3133544921875
nuScenes,mono,plan_ade,JC_ade,scene-0070,20,0.1329345703125
nuScenes,mono,plan_ade,JC_ade,scene-0070,21,0.272216796875
nuScenes,mono,plan_ade,JC_ade,scene-0070,22,0.5645751953125
nuScenes,mono,plan_ade,JC_ade,scene-0070,23,0.551025390625
nuScenes,mono,plan_ade,JC_ade,scene-0070,24,0.941650390625
nuScenes,mono,plan_ade,JC_ade,scene-0070,25,0.3055419921875
nuScenes,mono,plan_ade,JC_ade,scene-0070,26,0.0
nuScenes,mono,plan_ade,JC_ade,scene-0070,27,0.37640380859375
nuScenes,mono,plan_ade,JC_ade,scene-0070,28,0.0
nuScenes,mono,plan_ade,JC_ade,scene-0070,29,0.0
nuScenes,mono,plan_ade,JC_ade,scene-0070,30,0.0
nuScenes,mono,plan_ade,JC_ade,scene-0070,31,0.0
nuScenes,mono,plan_ade,JC_ade,scene-0071,0,0.24298095703125
nuScenes,mono,plan_ade,JC_ade,scene-0071,1,0.61944580078125
nuScenes,mono,plan_ade,JC_ade,scene-0071,2,0.9613037109375
nuScenes,mono,plan_ade,JC_ade,scene-0071,3,0.63726806640625
nuScenes,mono,plan_ade,JC_ade,scene-0071,4,0.8358154296875
nuScenes,mono,plan_ade,JC_ade,scene-0071,5,1.13970947265625
nuScenes,mono,plan_ade,JC_ade,scene-0071,6,0.92620849609375
nuScenes,mono,plan_ade,JC_ade,scene-0071,7,1.01300048828125
nuScenes,mono,plan_ade,JC_ade,scene-0071,8,0.54290771484375
nuScenes,mono,plan_ade,JC_ade,scene-0071,9,1.25323486328125
nuScenes,mono,plan_ade,JC_ade,scene-0071,10,0.7314453125
nuScenes,mono,plan_ade,JC_ade,scene-0071,11,0.9652099609375
nuScenes,mono,plan_ade,JC_ade,scene-0071,12,0.7833251953125
nuScenes,mono,plan_ade,JC_ade,scene-0071,13,0.23114013671875
nuScenes,mono,plan_ade,JC_ade,scene-0071,14,0.57611083984375
nuScenes,mono,plan_ade,JC_ade,scene-0071,15,0.891357421875
nuScenes,mono,plan_ade,JC_ade,scene-0071,16,0.55535888671875
nuScenes,mono,plan_ade,JC_ade,scene-0071,17,0.4307861328125
nuScenes,mono,plan_ade,JC_ade,scene-0071,18,0.6875
nuScenes,mono,plan_ade,JC_ade,scene-0071,19,0.8089599609375
nuScenes,mono,plan_ade,JC_ade,scene-0071,20,0.68292236328125
nuScenes,mono,plan_ade,JC_ade,scene-0071,21,0.39398193359375
nuScenes,mono,plan_ade,JC_ade,scene-0071,22,0.87420654296875
nuScenes,mono,plan_ade,JC_ade,scene-0071,23,1.68621826171875
nuScenes,mono,plan_ade,JC_ade,scene-0071,24,1.2705078125
nuScenes,mono,plan_ade,JC_ade,scene-0071,25,0.968994140625
nuScenes,mono,plan_ade,JC_ade,scene-0071,26,1.262451171875
nuScenes,mono,plan_ade,JC_ade,scene-0071,27,1.37139892578125
nuScenes,mono,plan_ade,JC_ade,scene-0071,28,0.801025390625
nuScenes,mono,plan_ade,JC_ade,scene-0071,29,0.536865234375
nuScenes,mono,plan_ade,JC_ade,scene-0071,30,0.2982177734375
nuScenes,mono,plan_ade,JC_ade,scene-0094,0,0.1041259765625
nuScenes,mono,plan_ade,JC_ade,scene-0094,1,0.21453857421875
nuScenes,mono,plan_ade,JC_ade,scene-0094,2,0.23095703125
nuScenes,mono,plan_ade,JC_ade,scene-0094,3,0.1044921875
nuScenes,mono,plan_ade,JC_ade,scene-0094,4,0.10894775390625
nuScenes,mono,plan_ade,JC_ade,scene-0094,5,0.5113525390625
nuScenes,mono,plan_ade,JC_ade,scene-0094,6,0.31439208984375
nuScenes,mono,plan_ade,JC_ade,scene-0094,7,0.1495361328125
nuScenes,mono,plan_ade,JC_ade,scene-0094,8,0.139892578125
nuScenes,mono,plan_ade,JC_ade,scene-0094,9,0.300048828125
nuScenes,mono,plan_ade,JC_ade,scene-0094,10,0.8038330078125
nuScenes,mono,plan_ade,JC_ade,scene-0094,11,0.40325927734375
nuScenes,mono,plan_ade,JC_ade,scene-0094,12,0.4810791015625
nuScenes,mono,plan_ade,JC_ade,scene-0094,13,0.421630859375
nuScenes,mono,plan_ade,JC_ade,scene-0094,14,0.371337890625
nuScenes,mono,plan_ade,JC_ade,scene-0094,15,0.8153076171875
nuScenes,mono,plan_ade,JC_ade,scene-0094,16,0.6710205078125
nuScenes,mono,plan_ade,JC_ade,scene-0094,17,0.1187744140625
nuScenes,mono,plan_ade,JC_ade,scene-0094,18,0.634033203125
nuScenes,mono,plan_ade,JC_ade,scene-0094,19,1.0830078125
nuScenes,mono,plan_ade,JC_ade,scene-0094,20,0.4990234375
nuScenes,mono,plan_ade,JC_ade,scene-0094,21,0.44073486328125
nuScenes,mono,plan_ade,JC_ade,scene-0094,22,0.255126953125
nuScenes,mono,plan_ade,JC_ade,scene-0094,23,0.6846923828125
nuScenes,mono,plan_ade,JC_ade,scene-0094,24,0.83782958984375
nuScenes,mono,plan_ade,JC_ade,scene-0094,25,0.4189453125
nuScenes,mono,plan_ade,JC_ade,scene-0094,26,0.6922607421875
nuScenes,mono,plan_ade,JC_ade,scene-0094,27,0.99493408203125
nuScenes,mono,plan_ade,JC_ade,scene-0094,28,0.5863037109375
nuScenes,mono,plan_ade,JC_ade,scene-0094,29,1.47979736328125
nuScenes,mono,plan_ade,JC_ade,scene-0094,30,0.96405029296875
nuScenes,mono,plan_ade,JC_ade,scene-0094,31,1.01531982421875
nuScenes,mono,plan_ade,JC_ade,scene-0095,0,1.1375732421875
nuScenes,mono,plan_ade,JC_ade,scene-0095,1,0.75604248046875
nuScenes,mono,plan_ade,JC_ade,scene-0095,2,1.04302978515625
nuScenes,mono,plan_ade,JC_ade,scene-0095,3,0.33074951171875
nuScenes,mono,plan_ade,JC_ade,scene-0095,4,0.0
nuScenes,mono,plan_ade,JC_ade,scene-0095,5,0.49945068359375
nuScenes,mono,plan_ade,JC_ade,scene-0095,6,0.85491943359375
nuScenes,mono,plan_ade,JC_ade,scene-0095,7,0.18359375
nuScenes,mono,plan_ade,JC_ade,scene-0095,8,0.71795654296875
nuScenes,mono,plan_ade,JC_ade,scene-0095,9,0.55975341796875
nuScenes,mono,plan_ade,JC_ade,scene-0095,10,0.68182373046875
nuScenes,mono,plan_ade,JC_ade,scene-0095,11,0.97515869140625
nuScenes,mono,plan_ade,JC_ade,scene-0095,12,0.58837890625
nuScenes,mono,plan_ade,JC_ade,scene-0095,13,0.5111083984375
nuScenes,mono,plan_ade,JC_ade,scene-0095,14,0.9935302734375
nuScenes,mono,plan_ade,JC_ade,scene-0095,15,0.95098876953125
nuScenes,mono,plan_ade,JC_ade,scene-0095,16,0.9859619140625
nuScenes,mono,plan_ade,JC_ade,scene-0095,17,0.88702392578125
nuScenes,mono,plan_ade,JC_ade,scene-0095,18,0.5369873046875
nuScenes,mono,plan_ade,JC_ade,scene-0095,19,0.91827392578125
nuScenes,mono,plan_ade,JC_ade,scene-0095,20,0.36669921875
nuScenes,mono,plan_ade,JC_ade,scene-0095,21,0.2254638671875
nuScenes,mono,plan_ade,JC_ade,scene-0095,22,1.026611328125
nuScenes,mono,plan_ade,JC_ade,scene-0095,23,0.71295166015625
nuScenes,mono,plan_ade,JC_ade,scene-0095,24,0.95849609375
nuScenes,mono,plan_ade,JC_ade,scene-0095,25,0.8106689453125
nuScenes,mono,plan_ade,JC_ade,scene-0095,26,0.3656005859375
nuScenes,mono,plan_ade,JC_ade,scene-0095,27,0.57916259765625
nuScenes,mono,plan_ade,JC_ade,scene-0095,28,0.103759765625
nuScenes,mono,plan_ade,JC_ade,scene-0095,29,0.33251953125
nuScenes,mono,plan_ade,JC_ade,scene-0096,0,0.237548828125
nuScenes,mono,plan_ade,JC_ade,scene-0096,1,0.6239013671875
nuScenes,mono,plan_ade,JC_ade,scene-0096,2,0.6741943359375
nuScenes,mono,plan_ade,JC_ade,scene-0096,3,0.0
nuScenes,mono,plan_ade,JC_ade,scene-0096,4,0.3968505859375
nuScenes,mono,plan_ade,JC_ade,scene-0096,5,0.8465576171875
nuScenes,mono,plan_ade,JC_ade,scene-0096,6,0.0
nuScenes,mono,plan_ade,JC_ade,scene-0096,7,0.641357421875
nuScenes,mono,plan_ade,JC_ade,scene-0096,8,0.59051513671875
nuScenes,mono,plan_ade,JC_ade,scene-0096,9,0.6650390625
nuScenes,mono,plan_ade,JC_ade,scene-0096,10,0.52032470703125
nuScenes,mono,plan_ade,JC_ade,scene-0096,11,0.3541259765625
nuScenes,mono,plan_ade,JC_ade,scene-0096,12,0.640380859375
nuScenes,mono,plan_ade,JC_ade,scene-0096,13,0.47412109375
nuScenes,mono,plan_ade,JC_ade,scene-0096,14,0.2493896484375
nuScenes,mono,plan_ade,JC_ade,scene-0096,15,0.1361083984375
nuScenes,mono,plan_ade,JC_ade,scene-0096,16,0.41552734375
nuScenes,mono,plan_ade,JC_ade,scene-0096,17,0.891357421875
nuScenes,mono,plan_ade,JC_ade,scene-0096,18,0.53955078125
nuScenes,mono,plan_ade,JC_ade,scene-0096,19,0.6923828125
nuScenes,mono,plan_ade,JC_ade,scene-0096,20,0.3111572265625
nuScenes,mono,plan_ade,JC_ade,scene-0096,21,0.882080078125
nuScenes,mono,plan_ade,JC_ade,scene-0096,22,0.1339111328125
nuScenes,mono,plan_ade,JC_ade,scene-0096,23,0.233154296875
nuScenes,mono,plan_ade,JC_ade,scene-0096,24,0.35662841796875
nuScenes,mono,plan_ade,JC_ade,scene-0096,25,1.05126953125
nuScenes,mono,plan_ade,JC_ade,scene-0096,26,0.99658203125
nuScenes,mono,plan_ade,JC_ade,scene-0096,27,0.7403564453125
nuScenes,mono,plan_ade,JC_ade,scene-0096,28,0.5703125
nuScenes,mono,plan_ade,JC_ade,scene-0096,29,0.6329345703125
nuScenes,mono,plan_fde,JC_fde,scene-0002,0,0.87255859375
nuScenes,mono,plan_fde,JC_fde,scene-0002,1,0.96453857421875
nuScenes,mono,plan_fde,JC_fde,scene-0002,2,0.2978515625
nuScenes,mono,plan_fde,JC_fde,scene-0002,3,0.0
nuScenes,mono,plan_fde,JC_fde,scene-0002,4,0.26507568359375
nuScenes,mono,plan_fde,JC_fde,scene-0002,5,0.22406005859375
nuScenes,mono,plan_fde,JC_fde,scene-0002,6,0.4337158203125
nuScenes,mono,plan_fde,JC_fde,scene-0002,7,0.65924072265625
nuScenes,mono,plan_fde,JC_fde,scene-0002,8,0.3475341796875
nuScenes,mono,plan_fde,JC_fde,scene-0002,9,0.2081298828125
nuScenes,mono,plan_fde,JC_fde,scene-0002,10,0.1778564453125
nuScenes,mono,plan_fde,JC_fde,scene-0002,11,0.27593994140625
nuScenes,mono,plan_fde,JC_fde,scene-0002,12,0.4818115234375
nuScenes,mono,plan_fde,JC_fde,scene-0002,13,0.3028564453125
nuScenes,mono,plan_fde,JC_fde,scene-0002,14,0.3619384765625
nuScenes,mono,plan_fde,JC_fde,scene-0002,15,0.52197265625
nuScenes,mono,plan_fde,JC_fde,scene-0002,16,0.1251220703125
nuScenes,mono,plan_fde,JC_fde,scene-0002,17,0.1514892578125
nuScenes,mono,plan_fde,JC_fde,scene-0002,18,0.1441650390625
nuScenes,mono,plan_fde,JC_fde,scene-0002,19,0.0
nuScenes,mono,plan_fde,JC_fde,scene-0002,20,0.0
nuScenes,mono,plan_fde,JC_fde,scene-0002,21,0.1041259765625
nuScenes,mono,plan_fde,JC_fde,scene-0002,22,0.1285400390625
nuScenes,mono,plan_fde,JC_fde,scene-0002,23,0.132080078125
nuScenes,mono,plan_fde,JC_fde,scene-0002,24,0.0
nuScenes,mono,plan_fde,JC_fde,scene-0002,25,0.0
nuScenes,mono,plan_fde,JC_fde,scene-0002,26,0.0
nuScenes,mono,plan_fde,JC_fde,scene-0002,27,0.96331787109375
nuScenes,mono,plan_fde,JC_fde,scene-0002,28,0.2802734375
nuScenes,mono,plan_fde,JC_fde,scene-0002,29,0.12548828125
nuScenes,mono,plan_fde,JC_fde,scene-0002,30,0.0
nuScenes,mono,plan_fde,JC_fde,scene-0002,31,0.175537109375
nuScenes,mono,plan_fde,JC_fde,scene-0003,0,0.39501953125
nuScenes,mono,plan_fde,JC_fde,scene-0003,1,0.288330078125
nuScenes,mono,plan_fde,JC_fde,scene-0003,2,0.1925048828125
nuScenes,mono,plan_fde,JC_fde,scene-0003,3,0.48388671875
nuScenes,mono,plan_fde,JC_fde,scene-0003,4,0.2508544921875
nuScenes,mono,plan_fde,JC_fde,scene-0003,5,0.671142578125
nuScenes,mono,plan_fde,JC_fde,scene-0003,6,0.7762451171875
nuScenes,mono,plan_fde,JC_fde,scene-0003,7,0.61175537109375
nuScenes,mono,plan_fde,JC_fde,scene-0003,8,0.29205322265625
nuScenes,mono,plan_fde,JC_fde,scene-0003,9,0.8675537109375
nuScenes,mono,plan_fde,JC_fde,scene-0003,10,0.8748779296875
nuScenes,mono,plan_fde,JC_fde,scene-0003,11,0.501953125
nuScenes,mono,plan_fde,JC_fde,scene-0003,12,0.3743896484375
nuScenes,mono,plan_fde,JC_fde,scene-0003,13,0.3575439453125
nuScenes,mono,plan_fde,JC_fde,scene-0003,14,0.1263427734375
nuScenes,mono,plan_fde,JC_fde,scene-0003,15,0.5777587890625
nuScenes,mono,plan_fde,JC_fde,scene-0003,16,0.8748779296875
nuScenes,mono,plan_fde,JC_fde,scene-0003,17,0.1634521484375
nuScenes,mono,plan_fde,JC_fde,scene-0003,18,1.0001220703125
nuScenes,mono,plan_fde,JC_fde,scene-0003,19,0.6573486328125
nuScenes,mono,plan_fde,JC_fde,scene-0003,20,0.11126708984375
nuScenes,mono,plan_fde,JC_fde,scene-0003,21,0.0
nuScenes,mono,plan_fde,JC_fde,scene-0003,22,0.2371826171875
nuScenes,mono,plan_fde,JC_fde,scene-0003,23,0.314697265625
nuScenes,mono,plan_fde,JC_fde,scene-0003,24,0.3450927734375
nuScenes,mono,plan_fde,JC_fde,scene-0003,25,0.3096923828125
nuScenes,mono,plan_fde,JC_fde,scene-0003,26,0.55755615234375
nuScenes,mono,plan_fde,JC_fde,scene-0003,27,0.0
nuScenes,mono,plan_fde,JC_fde,scene-0003,28,0.2628173828125
nuScenes,mono,plan_fde,JC_fde,scene-0003,29,0.356689453125
nuScenes,mono,plan_fde,JC_fde,scene-0003,30,0.1307373046875
nuScenes,mono,plan_fde,JC_fde,scene-0004,0,1.0303955078125
nuScenes,mono,plan_fde,JC_fde,scene-0004,1,0.689697265625
nuScenes,mono,plan_fde,JC_fde,scene-0004,2,0.46112060546875
nuScenes,mono,plan_fde,JC_fde,scene-0004,3,0.4827880859375
nuScenes,mono,plan_fde,JC_fde,scene-0004,4,0.0
nuScenes,mono,plan_fde,JC_fde,scene-0004,5,0.3380126953125
nuScenes,mono,plan_fde,JC_fde,scene-0004,6,1.619384765625
nuScenes,mono,plan_fde,JC_fde,scene-0004,7,0.8853759765625
nuScenes,mono,plan_fde,JC_fde,scene-0004,8,0.8515625
nuScenes,mono,plan_fde,JC_fde,scene-0004,9,1.329345703125
nuScenes,mono,plan_fde,JC_fde,scene-0004,10,1.1649169921875
nuScenes,mono,plan_fde,JC_fde,scene-0004,11,0.5816650390625
nuScenes,mono,plan_fde,JC_fde,scene-0004,12,0.30487060546875
nuScenes,mono,plan_fde,JC_fde,scene-0004,13,0.2960205078125
nuScenes,mono,plan_fde,JC_fde,scene-0004,14,0.12335205078125
nuScenes,mono,plan_fde,JC_fde,scene-0004,15,0.0
nuScenes,mono,plan_fde,JC_fde,scene-0004,16,0.6920166015625
nuScenes,mono,plan_fde,JC_fde,scene-0004,17,0.0
nuScenes,mono,plan_fde,JC_fde,scene-0004,18,0.10821533203125
nuScenes,mono,plan_fde,JC_fde,scene-0004,19,0.67254638671875
nuScenes,mono,plan_fde,JC_fde,scene-0004,20,0.0
nuScenes,mono,plan_fde,JC_fde,scene-0004,21,0.0
nuScenes,mono,plan_fde,JC_fde,scene-0004,22,0.0
nuScenes,mono,plan_fde,JC_fde,scene-0004,23,0.0
nuScenes,mono,plan_fde,JC_fde,scene-0004,24,0.7606201171875
nuScenes,mono,plan_fde,JC_fde,scene-0004,25,0.0
nuScenes,mono,plan_fde,JC_fde,scene-0004,26,0.4781494140625
nuScenes,mono,plan_fde,JC_fde,scene-0004,27,0.3443603515625
nuScenes,mono,plan_fde,JC_fde,scene-0004,28,0.30126953125
nuScenes,mono,plan_fde,JC_fde,scene-0004,29,0.556640625
nuScenes,mono,plan_fde,JC_fde,scene-0004,30,0.29754638671875
nuScenes,mono,plan_fde,JC_fde,scene-0004,31,0.50506591796875
nuScenes,mono,plan_fde,JC_fde,scene-0012,0,0.23828125
nuScenes,mono,plan_fde,JC_fde,scene-0012,1,0.1044921875
nuScenes,mono,plan_fde,JC_fde,scene-0012,2,0.0
nuScenes,mono,plan_fde,JC_fde,scene-0012,3,0.1375732421875
nuScenes,mono,plan_fde,JC_fde,scene-0012,4,0.1365966796875
nuScenes,mono,plan_fde,JC_fde,scene-0012,5,0.0
nuScenes,mono,plan_fde,JC_fde,scene-0012,6,0.1456298828125
nuScenes,mono,plan_fde,JC_fde,scene-0012,7,0.92718505859375
nuScenes,mono,plan_fde,JC_fde,scene-0012,8,1.02301025390625
nuScenes,mono,plan_fde,JC_fde,scene-0012,9,0.6240234375
nuScenes,mono,plan_fde,JC_fde,scene-0012,10,0.0
nuScenes,mono,plan_fde,JC_fde,scene-0012,11,0.3465576171875
nuScenes,mono,plan_fde,JC_fde,scene-0012,12,0.1187744140625
nuScenes,mono,plan_fde,JC_fde,scene-0012,13,0.1761474609375
nuScenes,mono,plan_fde,JC_fde,scene-0012,14,0.0
nuScenes,mono,plan_fde,JC_fde,scene-0012,15,0.0
nuScenes,mono,plan_fde,JC_fde,scene-0012,16,0.0
nuScenes,mono,plan_fde,JC_fde,scene-0012,17,0.0
nuScenes,mono,plan_fde,JC_fde,scene-0012,18,0.0
nuScenes,mono,plan_fde,JC_fde,scene-0012,19,0.0
nuScenes,mono,plan_fde,JC_fde,scene-0012,20,0.0
nuScenes,mono,plan_fde,JC_fde,scene-0012,21,0.0
nuScenes,mono,plan_fde,JC_fde,scene-0012,22,0.0
nuScenes,mono,plan_fde,JC_fde,scene-0012,23,0.0
nuScenes,mono,plan_fde,JC_fde,scene-0012,24,0.0
nuScenes,mono,plan_fde,JC_fde,scene-0012,25,0.219970703125
nuScenes,mono,plan_fde,JC_fde,scene-0012,26,0.0
nuScenes,mono,plan_fde,JC_fde,scene-0012,27,0.0
nuScenes,mono,plan_fde,JC_fde,scene-0012,28,0.0
nuScenes,mono,plan_fde,JC_fde,scene-0012,29,0.0
nuScenes,mono,plan_fde,JC_fde,scene-0012,30,0.0
nuScenes,mono,plan_fde,JC_fde,scene-0013,0,0.0
nuScenes,mono,plan_fde,JC_fde,scene-0013,1,0.2120361328125
nuScenes,mono,plan_fde,JC_fde,scene-0013,2,0.19189453125
nuScenes,mono,plan_fde,JC_fde,scene-0013,3,0.31549072265625
nuScenes,mono,plan_fde,JC_fde,scene-0013,4,0.37255859375
nuScenes,mono,plan_fde,JC_fde,scene-0013,5,0.1519775390625
nuScenes,mono,plan_fde,JC_fde,scene-0013,6,0.202392578125
nuScenes,mono,plan_fde,JC_fde,scene-0013,7,0.6778564453125
nuScenes,mono,plan_fde,JC_fde,scene-0013,8,0.5615234375
nuScenes,mono,plan_fde,JC_fde,scene-0013,9,0.24072265625
nuScenes,mono,plan_fde,JC_fde,scene-0013,10,0.3050537109375
nuScenes,mono,plan_fde,JC_fde,scene-0013,11,0.8487548828125
nuScenes,mono,plan_fde,JC_fde,scene-0013,12,0.95953369140625
nuScenes,mono,plan_fde,JC_fde,scene-0013,13,0.5335693359375
nuScenes,mono,plan_fde,JC_fde,scene-0013,14,0.3887939453125
nuScenes,mono,plan_fde,JC_fde,scene-0013,15,0.4652099609375
nuScenes,mono,plan_fde,JC_fde,scene-0013,16,0.6187744140625
nuScenes,mono,plan_fde,JC_fde,scene-0013,17,0.55450439453125
nuScenes,mono,plan_fde,JC_fde,scene-0013,18,0.4263916015625
nuScenes,mono,plan_fde,JC_fde,scene-0013,19,0.25921630859375
nuScenes,mono,plan_fde,JC_fde,scene-0013,20,0.3070068359375
nuScenes,mono,plan_fde,JC_fde,scene-0013,21,0.178955078125
nuScenes,mono,plan_fde,JC_fde,scene-0013,22,0.155029296875
nuScenes,mono,plan_fde,JC_fde,scene-0013,23,0.0
nuScenes,mono,plan_fde,JC_fde,scene-0013,24,0.0
nuScenes,mono,plan_fde,JC_fde,scene-0013,25,0.0
nuScenes,mono,plan_fde,JC_fde,scene-0013,26,0.0
nuScenes,mono,plan_fde,JC_fde,scene-0013,27,0.0
nuScenes,mono,plan_fde,JC_fde,scene-0013,28,0.0
nuScenes,mono,plan_fde,JC_fde,scene-0013,29,0.0
nuScenes,mono,plan_fde,JC_fde,scene-0013,30,0.0
nuScenes,mono,plan_fde,JC_fde,scene-0013,31,0.275146484375
nuScenes,mono,plan_fde,JC_fde,scene-0014,0,0.132080078125
nuScenes,mono,plan_fde,JC_fde,scene-0014,1,0.22869873046875
nuScenes,mono,plan_fde,JC_fde,scene-0014,2,0.0
nuScenes,mono,plan_fde,JC_fde,scene-0014,3,0.0
nuScenes,mono,plan_fde,JC_fde,scene-0014,4,0.0
nuScenes,mono,plan_fde,JC_fde,scene-0014,5,0.0
nuScenes,mono,plan_fde,JC_fde,scene-0014,6,0.0
nuScenes,mono,plan_fde,JC_fde,scene-0014,7,0.0
nuScenes,mono,plan_fde,JC_fde,scene-0014,8,0.0
nuScenes,mono,plan_fde,JC_fde,scene-0014,9,0.0
nuScenes,mono,plan_fde,JC_fde,scene-0014,10,0.0
nuScenes,mono,plan_fde,JC_fde,scene-0014,11,0.0
nuScenes,mono,plan_fde,JC_fde,scene-0014,12,0.0
nuScenes,mono,plan_fde,JC_fde,scene-0014,13,0.0
nuScenes,mono,plan_fde,JC_fde,scene-0014,14,0.1285400390625
nuScenes,mono,plan_fde,JC_fde,scene-0014,15,0.11199951171875
nuScenes,mono,plan_fde,JC_fde,scene-0014,16,0.3521728515625
nuScenes,mono,plan_fde,JC_fde,scene-0014,17,0.0
nuScenes,mono,plan_fde,JC_fde,scene-0014,18,0.0
nuScenes,mono,plan_fde,JC_fde,scene-0014,19,0.1461181640625
nuScenes,mono,plan_fde,JC_fde,scene-0014,20,0.0
nuScenes,mono,plan_fde,JC_fde,scene-0014,21,0.0
nuScenes,mono,plan_fde,JC_fde,scene-0014,22,0.0
nuScenes,mono,plan_fde,JC_fde,scene-0014,23,0.1431884765625
nuScenes,mono,plan_fde,JC_fde,scene-0014,24,0.0
nuScenes,mono,plan_fde,JC_fde,scene-0014,25,0.0
nuScenes,mono,plan_fde,JC_fde,scene-0014,26,0.0
nuScenes,mono,plan_fde,JC_fde,scene-0014,27,0.11126708984375
nuScenes,mono,plan_fde,JC_fde,scene-0014,28,0.1456298828125
nuScenes,mono,plan_fde,JC_fde,scene-0014,29,0.29180908203125
nuScenes,mono,plan_fde,JC_fde,scene-0014,30,0.2294921875
nuScenes,mono,plan_fde,JC_fde,scene-0014,31,0.0
nuScenes,mono,plan_fde,JC_fde,scene-0022,0,0.1143798828125
nuScenes,mono,plan_fde,JC_fde,scene-0022,1,0.74432373046875
nuScenes,mono,plan_fde,JC_fde,scene-0022,2,0.1912841796875
nuScenes,mono,plan_fde,JC_fde,scene-0022,3,0.181884765625
nuScenes,mono,plan_fde,JC_fde,scene-0022,4,0.1859130859375
nuScenes,mono,plan_fde,JC_fde,scene-0022,5,0.0
nuScenes,mono,plan_fde,JC_fde,scene-0022,6,0.51739501953125
nuScenes,mono,plan_fde,JC_fde,scene-0022,7,0.25421142578125
nuScenes,mono,plan_fde,JC_fde,scene-0022,8,0.0
nuScenes,mono,plan_fde,JC_fde,scene-0022,9,0.7137451171875
nuScenes,mono,plan_fde,JC_fde,scene-0022,10,0.272216796875
nuScenes,mono,plan_fde,JC_fde,scene-0022,11,0.7806396484375
nuScenes,mono,plan_fde,JC_fde,scene-0022,12,0.1571044921875
nuScenes,mono,plan_fde,JC_fde,scene-0022,13,0.10015869140625
nuScenes,mono,plan_fde,JC_fde,scene-0022,14,0.0
nuScenes,mono,plan_fde,JC_fde,scene-0022,15,0.1217041015625
nuScenes,mono,plan_fde,JC_fde,scene-0022,16,0.230224609375
nuScenes,mono,plan_fde,JC_fde,scene-0022,17,0.0
nuScenes,mono,plan_fde,JC_fde,scene-0022,18,0.1566162109375
nuScenes,mono,plan_fde,JC_fde,scene-0022,19,0.3038330078125
nuScenes,mono,plan_fde,JC_fde,scene-0022,20,0.69415283203125
nuScenes,mono,plan_fde,JC_fde,scene-0022,21,0.4422607421875
nuScenes,mono,plan_fde,JC_fde,scene-0022,22,0.2283935546875
nuScenes,mono,plan_fde,JC_fde,scene-0022,23,0.10821533203125
nuScenes,mono,plan_fde,JC_fde,scene-0022,24,0.16455078125
nuScenes,mono,plan_fde,JC_fde,scene-0022,25,0.0
nuScenes,mono,plan_fde,JC_fde,scene-0022,26,0.132080078125
nuScenes,mono,plan_fde,JC_fde,scene-0022,27,0.0
nuScenes,mono,plan_fde,JC_fde,scene-0022,28,0.3792724609375
nuScenes,mono,plan_fde,JC_fde,scene-0022,29,0.22149658203125
nuScenes,mono,plan_fde,JC_fde,scene-0022,30,0.31005859375
nuScenes,mono,plan_fde,JC_fde,scene-0022,31,0.0
nuScenes,mono,plan_fde,JC_fde,scene-0023,0,0.0
nuScenes,mono,plan_fde,JC_fde,scene-0023,1,0.0
nuScenes,mono,plan_fde,JC_fde,scene-0023,2,0.1375732421875
nuScenes,mono,plan_fde,JC_fde,scene-0023,3,0.0
nuScenes,mono,plan_fde,JC_fde,scene-0023,4,0.0
nuScenes,mono,plan_fde,JC_fde,scene-0023,5,0.0
nuScenes,mono,plan_fde,JC_fde,scene-0023,6,0.0
nuScenes,mono,plan_fde,JC_fde,scene-0023,7,0.0
nuScenes,mono,plan_fde,JC_fde,scene-0023,8,0.0
nuScenes,mono,plan_fde,JC_fde,scene-0023,9,0.182373046875
nuScenes,mono,plan_fde,JC_fde,scene-0023,10,0.0
nuScenes,mono,plan_fde,JC_fde,scene-0023,11,0.0
nuScenes,mono,plan_fde,JC_fde,scene-0023,12,0.0
nuScenes,mono,plan_fde,JC_fde,scene-0023,13,0.1842041015625
nuScenes,mono,plan_fde,JC_fde,scene-0023,14,0.153076171875
nuScenes,mono,plan_fde,JC_fde,scene-0023,15,0.1973876953125
nuScenes,mono,plan_fde,JC_fde,scene-0023,16,0.5257568359375
nuScenes,mono,plan_fde,JC_fde,scene-0023,17,0.3790283203125
nuScenes,mono,plan_fde,JC_fde,scene-0023,18,0.2322998046875
nuScenes,mono,plan_fde,JC_fde,scene-0023,19,0.0
nuScenes,mono,plan_fde,JC_fde,scene-0023,20,0.199951171875
nuScenes,mono,plan_fde,JC_fde,scene-0023,21,0.0
nuScenes,mono,plan_fde,JC_fde,scene-0023,22,0.0
nuScenes,mono,plan_fde,JC_fde,scene-0023,23,0.0
nuScenes,mono,plan_fde,JC_fde,scene-0023,24,0.1412353515625
nuScenes,mono,plan_fde,JC_fde,scene-0023,25,0.0
nuScenes,mono,plan_fde,JC_fde,scene-0023,26,0.0
nuScenes,mono,plan_fde,JC_fde,scene-0023,27,0.0
nuScenes,mono,plan_fde,JC_fde,scene-0023,28,0.0
nuScenes,mono,plan_fde,JC_fde,scene-0023,29,0.0
nuScenes,mono,plan_fde,JC_fde,scene-0023,30,0.0
nuScenes,mono,plan_fde,JC_fde,scene-0023,31,0.216064453125
nuScenes,mono,plan_fde,JC_fde,scene-0024,0,0.418212890625
nuScenes,mono,plan_fde,JC_fde,scene-0024,1,0.23968505859375
nuScenes,mono,plan_fde,JC_fde,scene-0024,2,0.8638916015625
nuScenes,mono,plan_fde,JC_fde,scene-0024,3,0.22967529296875
nuScenes,mono,plan_fde,JC_fde,scene-0024,4,0.5172119140625
nuScenes,mono,plan_fde,JC_fde,scene-0024,5,0.4710693359375
nuScenes,mono,plan_fde,JC_fde,scene-0024,6,0.0
nuScenes,mono,plan_fde,JC_fde,scene-0024,7,0.45892333984375
nuScenes,mono,plan_fde,JC_fde,scene-0024,8,0.1895751953125
nuScenes,mono,plan_fde,JC_fde,scene-0024,9,0.0
nuScenes,mono,plan_fde,JC_fde,scene-0024,10,0.36962890625
nuScenes,mono,plan_fde,JC_fde,scene-0024,11,0.1019287109375
nuScenes,mono,plan_fde,JC_fde,scene-0024,12,0.37091064453125
nuScenes,mono,plan_fde,JC_fde,scene-0024,13,0.4879150390625
nuScenes,mono,plan_fde,JC_fde,scene-0024,14,0.0
nuScenes,mono,plan_fde,JC_fde,scene-0024,15,0.63201904296875
nuScenes,mono,plan_fde,JC_fde,scene-0024,16,0.28564453125
nuScenes,mono,plan_fde,JC_fde,scene-0024,17,0.455810546875
nuScenes,mono,plan_fde,JC_fde,scene-0024,18,0.265380859375
nuScenes,mono,plan_fde,JC_fde,scene-0024,19,0.41302490234375
nuScenes,mono,plan_fde,JC_fde,scene-0024,20,0.2081298828125
nuScenes,mono,plan_fde,JC_fde,scene-0024,21,0.3028564453125
nuScenes,mono,plan_fde,JC_fde,scene-0024,22,0.5791015625
nuScenes,mono,plan_fde,JC_fde,scene-0024,23,0.0
nuScenes,mono,plan_fde,JC_fde,scene-0024,24,0.3609619140625
nuScenes,mono,plan_fde,JC_fde,scene-0024,25,0.4669189453125
nuScenes,mono,plan_fde,JC_fde,scene-0024,26,0.139892578125
nuScenes,mono,plan_fde,JC_fde,scene-0024,27,0.0
nuScenes,mono,plan_fde,JC_fde,scene-0024,28,0.0
nuScenes,mono,plan_fde,JC_fde,scene-0024,29,0.204345703125
nuScenes,mono,plan_fde,JC_fde,scene-0024,30,0.2901611328125
nuScenes,mono,plan_fde,JC_fde,scene-0032,0,0.0
nuScenes,mono,plan_fde,JC_fde,scene-0032,1,0.2127685546875
nuScenes,mono,plan_fde,JC_fde,scene-0032,2,0.0
nuScenes,mono,plan_fde,JC_fde,scene-0032,3,0.0
nuScenes,mono,plan_fde,JC_fde,scene-0032,4,0.23760986328125
nuScenes,mono,plan_fde,JC_fde,scene-0032,5,0.6202392578125
nuScenes,mono,plan_fde,JC_fde,scene-0032,6,0.47528076171875
nuScenes,mono,plan_fde,JC_fde,scene-0032,7,0.0
nuScenes,mono,plan_fde,JC_fde,scene-0032,8,0.0
nuScenes,mono,plan_fde,JC_fde,scene-0032,9,0.2213134765625
nuScenes,mono,plan_fde,JC_fde,scene-0032,10,0.0
nuScenes,mono,plan_fde,JC_fde,scene-0032,11,0.3115234375
nuScenes,mono,plan_fde,JC_fde,scene-0032,12,0.0
nuScenes,mono,plan_fde,JC_fde,scene-0032,13,0.0
nuScenes,mono,plan_fde,JC_fde,scene-0032,14,0.10302734375
nuScenes,mono,plan_fde,JC_fde,scene-0032,15,0.0
nuScenes,mono,plan_fde,JC_fde,scene-0032,16,0.0
nuScenes,mono,plan_fde,JC_fde,scene-0032,17,0.0
nuScenes,mono,plan_fde,JC_fde,scene-0032,18,0.0
nuScenes,mono,plan_fde,JC_fde,scene-0032,19,0.0
nuScenes,mono,plan_fde,JC_fde,scene-0032,20,0.0
nuScenes,mono,plan_fde,JC_fde,scene-0032,21,0.20208740234375
nuScenes,mono,plan_fde,JC_fde,scene-0032,22,0.0
nuScenes,mono,plan_fde,JC_fde,scene-0032,23,0.0
nuScenes,mono,plan_fde,JC_fde,scene-0032,24,0.0
nuScenes,mono,plan_fde,JC_fde,scene-0032,25,0.0
nuScenes,mono,plan_fde,JC_fde,scene-0032,26,0.0
nuScenes,mono,plan_fde,JC_fde,scene-0032,27,0.0
nuScenes,mono,plan_fde,JC_fde,scene-0032,28,0.0
nuScenes,mono,plan_fde,JC_fde,scene-0032,29,0.0
nuScenes,mono,plan_fde,JC_fde,scene-0032,30,0.0
nuScenes,mono,plan_fde,JC_fde,scene-0032,31,0.0
nuScenes,mono,plan_fde,JC_fde,scene-0033,0,0.11199951171875
nuScenes,mono,plan_fde,JC_fde,scene-0033,1,0.1263427734375
nuScenes,mono,plan_fde,JC_fde,scene-0033,2,0.41845703125
nuScenes,mono,plan_fde,JC_fde,scene-0033,3,0.0
nuScenes,mono,plan_fde,JC_fde,scene-0033,4,0.11920166015625
nuScenes,mono,plan_fde,JC_fde,scene-0033,5,0.118408203125
nuScenes,mono,plan_fde,JC_fde,scene-0033,6,0.12890625
nuScenes,mono,plan_fde,JC_fde,scene-0033,7,0.21685791015625
nuScenes,mono,plan_fde,JC_fde,scene-0033,8,0.0
nuScenes,mono,plan_fde,JC_fde,scene-0033,9,0.0
nuScenes,mono,plan_fde,JC_fde,scene-0033,10,0.423828125
nuScenes,mono,plan_fde,JC_fde,scene-0033,11,0.529296875
nuScenes,mono,plan_fde,JC_fde,scene-0033,12,0.50927734375
nuScenes,mono,plan_fde,JC_fde,scene-0033,13,0.206298828125
nuScenes,mono,plan_fde,JC_fde,scene-0033,14,0.1055908203125
nuScenes,mono,plan_fde,JC_fde,scene-0033,15,0.120849609375
nuScenes,mono,plan_fde,JC_fde,scene-0033,16,0.0
nuScenes,mono,plan_fde,JC_fde,scene-0033,17,0.3446044921875
nuScenes,mono,plan_fde,JC_fde,scene-0033,18,0.1033935546875
nuScenes,mono,plan_fde,JC_fde,scene-0033,19,0.0
nuScenes,mono,plan_fde,JC_fde,scene-0033,20,0.0
nuScenes,mono,plan_fde,JC_fde,scene-0033,21,0.2239990234375
nuScenes,mono,plan_fde,JC_fde,scene-0033,22,0.1259765625
nuScenes,mono,plan_fde,JC_fde,scene-0033,23,0.26470947265625
nuScenes,mono,plan_fde,JC_fde,scene-0033,24,0.22119140625
nuScenes,mono,plan_fde,JC_fde,scene-0033,25,0.52587890625
nuScenes,mono,plan_fde,JC_fde,scene-0033,26,0.2427978515625
nuScenes,mono,plan_fde,JC_fde,scene-0033,27,0.24365234375
nuScenes,mono,plan_fde,JC_fde,scene-0033,28,0.178955078125
nuScenes,mono,plan_fde,JC_fde,scene-0033,29,0.0
nuScenes,mono,plan_fde,JC_fde,scene-0033,30,0.0
nuScenes,mono,plan_fde,JC_fde,scene-0033,31,0.0
nuScenes,mono,plan_fde,JC_fde,scene-0034,0,0.0
nuScenes,mono,plan_fde,JC_fde,scene-0034,1,0.0
nuScenes,mono,plan_fde,JC_fde,scene-0034,2,0.0
nuScenes,mono,plan_fde,JC_fde,scene-0034,3,0.0
nuScenes,mono,plan_fde,JC_fde,scene-0034,4,0.0
nuScenes,mono,plan_fde,JC_fde,scene-0034,5,0.0
nuScenes,mono,plan_fde,JC_fde,scene-0034,6,0.0
nuScenes,mono,plan_fde,JC_fde,scene-0034,7,0.0
nuScenes,mono,plan_fde,JC_fde,scene-0034,8,0.0
nuScenes,mono,plan_fde,JC_fde,scene-0034,9,0.0
nuScenes,mono,plan_fde,JC_fde,scene-0034,10,0.0
nuScenes,mono,plan_fde,JC_fde,scene-0034,11,0.0
nuScenes,mono,plan_fde,JC_fde,scene-0034,12,0.3017578125
nuScenes,mono,plan_fde,JC_fde,scene-0034,13,0.5726318359375
nuScenes,mono,plan_fde,JC_fde,scene-0034,14,0.26806640625
nuScenes,mono,plan_fde,JC_fde,scene-0034,15,0.4095458984375
nuScenes,mono,plan_fde,JC_fde,scene-0034,16,0.5697021484375
nuScenes,mono,plan_fde,JC_fde,scene-0034,17,0.293212890625
nuScenes,mono,plan_fde,JC_fde,scene-0034,18,0.22265625
nuScenes,mono,plan_fde,JC_fde,scene-0034,19,0.0
nuScenes,mono,plan_fde,JC_fde,scene-0034,20,0.1883544921875
nuScenes,mono,plan_fde,JC_fde,scene-0034,21,0.0
nuScenes,mono,plan_fde,JC_fde,scene-0034,22,0.18896484375
nuScenes,mono,plan_fde,JC_fde,scene-0034,23,0.1312255859375
nuScenes,mono,plan_fde,JC_fde,scene-0034,24,0.0
nuScenes,mono,plan_fde,JC_fde,scene-0034,25,0.0
nuScenes,mono,plan_fde,JC_fde,scene-0034,26,0.0
nuScenes,mono,plan_fde,JC_fde,scene-0034,27,0.0
nuScenes,mono,plan_fde,JC_fde,scene-0034,28,0.0
nuScenes,mono,plan_fde,JC_fde,scene-0034,29,0.0
nuScenes,mono,plan_fde,JC_fde,scene-0034,30,0.175537109375
nuScenes,mono,plan_fde,JC_fde,scene-0044,0,0.26263427734375
nuScenes,mono,plan_fde,JC_fde,scene-0044,1,0.0
nuScenes,mono,plan_fde,JC_fde,scene-0044,2,0.0
nuScenes,mono,plan_fde,JC_fde,scene-0044,3,0.3892822265625
nuScenes,mono,plan_fde,JC_fde,scene-0044,4,0.3304443359375
nuScenes,mono,plan_fde,JC_fde,scene-0044,5,0.2493896484375
nuScenes,mono,plan_fde,JC_fde,scene-0044,6,0.2421875
nuScenes,mono,plan_fde,JC_fde,scene-0044,7,0.2421875
nuScenes,mono,plan_fde,JC_fde,scene-0044,8,0.0
nuScenes,mono,plan_fde,JC_fde,scene-0044,9,0.5699462890625
nuScenes,mono,plan_fde,JC_fde,scene-0044,10,0.510498046875
nuScenes,mono,plan_fde,JC_fde,scene-0044,11,0.0
nuScenes,mono,plan_fde,JC_fde,scene-0044,12,0.0
nuScenes,mono,plan_fde,JC_fde,scene-0044,13,0.0
nuScenes,mono,plan_fde,JC_fde,scene-0044,14,0.0
nuScenes,mono,plan_fde,JC_fde,scene-0044,15,0.0
nuScenes,mono,plan_fde,JC_fde,scene-0044,16,0.1470947265625
nuScenes,mono,plan_fde,JC_fde,scene-0044,17,0.1470947265625
nuScenes,mono,plan_fde,JC_fde,scene-0044,18,0.48980712890625
nuScenes,mono,plan_fde,JC_fde,scene-0044,19,0.291259765625
nuScenes,mono,plan_fde,JC_fde,scene-0044,20,0.504638671875
nuScenes,mono,plan_fde,JC_fde,scene-0044,21,0.804443359375
nuScenes,mono,plan_fde,JC_fde,scene-0044,22,0.0
nuScenes,mono,plan_fde,JC_fde,scene-0044,23,0.0
nuScenes,mono,plan_fde,JC_fde,scene-0044,24,0.0
nuScenes,mono,plan_fde,JC_fde,scene-0044,25,0.1187744140625
nuScenes,mono,plan_fde,JC_fde,scene-0044,26,0.1505126953125
nuScenes,mono,plan_fde,JC_fde,scene-0044,27,0.0
nuScenes,mono,plan_fde,JC_fde,scene-0044,28,0.0
nuScenes,mono,plan_fde,JC_fde,scene-0044,29,0.0
nuScenes,mono,plan_fde,JC_fde,scene-0044,30,0.0
nuScenes,mono,plan_fde,JC_fde,scene-0045,0,1.320556640625
nuScenes,mono,plan_fde,JC_fde,scene-0045,1,1.07049560546875
nuScenes,mono,plan_fde,JC_fde,scene-0045,2,0.4278564453125
nuScenes,mono,plan_fde,JC_fde,scene-0045,3,0.5771484375
nuScenes,mono,plan_fde,JC_fde,scene-0045,4,0.7325439453125
nuScenes,mono,plan_fde,JC_fde,scene-0045,5,0.28857421875
nuScenes,mono,plan_fde,JC_fde,scene-0045,6,0.1441650390625
nuScenes,mono,plan_fde,JC_fde,scene-0045,7,0.769775390625
nuScenes,mono,plan_fde,JC_fde,scene-0045,8,0.67291259765625
nuScenes,mono,plan_fde,JC_fde,scene-0045,9,0.43487548828125
nuScenes,mono,plan_fde,JC_fde,scene-0045,10,0.896240234375
nuScenes,mono,plan_fde,JC_fde,scene-0045,11,0.33123779296875
nuScenes,mono,plan_fde,JC_fde,scene-0045,12,0.46435546875
nuScenes,mono,plan_fde,JC_fde,scene-0045,13,1.00384521484375
nuScenes,mono,plan_fde,JC_fde,scene-0045,14,0.231689453125
nuScenes,mono,plan_fde,JC_fde,scene-0045,15,0.118408203125
nuScenes,mono,plan_fde,JC_fde,scene-0045,16,0.0
nuScenes,mono,plan_fde,JC_fde,scene-0045,17,0.317138671875
nuScenes,mono,plan_fde,JC_fde,scene-0045,18,0.59259033203125
nuScenes,mono,plan_fde,JC_fde,scene-0045,19,0.60498046875
nuScenes,mono,plan_fde,JC_fde,scene-0045,20,0.3465576171875
nuScenes,mono,plan_fde,JC_fde,scene-0045,21,0.31964111328125
nuScenes,mono,plan_fde,JC_fde,scene-0045,22,0.2442626953125
nuScenes,mono,plan_fde,JC_fde,scene-0045,23,0.6546630859375
nuScenes,mono,plan_fde,JC_fde,scene-0045,24,0.28033447265625
nuScenes,mono,plan_fde,JC_fde,scene-0045,25,0.1357421875
nuScenes,mono,plan_fde,JC_fde,scene-0045,26,0.3577880859375
nuScenes,mono,plan_fde,JC_fde,scene-0045,27,0.11199951171875
nuScenes,mono,plan_fde,JC_fde,scene-0045,28,0.81964111328125
nuScenes,mono,plan_fde,JC_fde,scene-0045,29,0.1033935546875
nuScenes,mono,plan_fde,JC_fde,scene-0046,0,0.0
nuScenes,mono,plan_fde,JC_fde,scene-0046,1,0.1033935546875
nuScenes,mono,plan_fde,JC_fde,scene-0046,2,0.11474609375
nuScenes,mono,plan_fde,JC_fde,scene-0046,3,0.582763671875
nuScenes,mono,plan_fde,JC_fde,scene-0046,4,0.4224853515625
nuScenes,mono,plan_fde,JC_fde,scene-0046,5,0.86822509765625
nuScenes,mono,plan_fde,JC_fde,scene-0046,6,0.8507080078125
nuScenes,mono,plan_fde,JC_fde,scene-0046,7,1.42205810546875
nuScenes,mono,plan_fde,JC_fde,scene-0046,8,0.754150390625
nuScenes,mono,plan_fde,JC_fde,scene-0046,9,0.89697265625
nuScenes,mono,plan_fde,JC_fde,scene-0046,10,0.55364990234375
nuScenes,mono,plan_fde,JC_fde,scene-0046,11,0.869384765625
nuScenes,mono,plan_fde,JC_fde,scene-0046,12,1.04815673828125
nuScenes,mono,plan_fde,JC_fde,scene-0046,13,0.945556640625
nuScenes,mono,plan_fde,JC_fde,scene-0046,14,0.669677734375
nuScenes,mono,plan_fde,JC_fde,scene-0046,15,2.51763916015625
nuScenes,mono,plan_fde,JC_fde,scene-0046,16,0.8564453125
nuScenes,mono,plan_fde,JC_fde,scene-0046,17,1.5745849609375
nuScenes,mono,plan_fde,JC_fde,scene-0046,18,1.714111328125
nuScenes,mono,plan_fde,JC_fde,scene-0046,19,0.99420166015625
nuScenes,mono,plan_fde,JC_fde,scene-0046,20,0.520751953125
nuScenes,mono,plan_fde,JC_fde,scene-0046,21,1.2032470703125
nuScenes,mono,plan_fde,JC_fde,scene-0046,22,1.38812255859375
nuScenes,mono,plan_fde,JC_fde,scene-0046,23,0.880615234375
nuScenes,mono,plan_fde,JC_fde,scene-0046,24,1.17919921875
nuScenes,mono,plan_fde,JC_fde,scene-0046,25,0.5650634765625
nuScenes,mono,plan_fde,JC_fde,scene-0046,26,0.20751953125
nuScenes,mono,plan_fde,JC_fde,scene-0046,27,0.1650390625
nuScenes,mono,plan_fde,JC_fde,scene-0046,28,0.46044921875
nuScenes,mono,plan_fde,JC_fde,scene-0046,29,0.5238037109375
nuScenes,mono,plan_fde,JC_fde,scene-0054,0,0.0
nuScenes,mono,plan_fde,JC_fde,scene-0054,1,0.0
nuScenes,mono,plan_fde,JC_fde,scene-0054,2,0.0
nuScenes,mono,plan_fde,JC_fde,scene-0054,3,0.0
nuScenes,mono,plan_fde,JC_fde,scene-0054,4,0.1744384765625
nuScenes,mono,plan_fde,JC_fde,scene-0054,5,0.0
nuScenes,mono,plan_fde,JC_fde,scene-0054,6,0.0
nuScenes,mono,plan_fde,JC_fde,scene-0054,7,0.0
nuScenes,mono,plan_fde,JC_fde,scene-0054,8,0.0
nuScenes,mono,plan_fde,JC_fde,scene-0054,9,0.158203125
nuScenes,mono,plan_fde,JC_fde,scene-0054,10,0.4305419921875
nuScenes,mono,plan_fde,JC_fde,scene-0054,11,0.71673583984375
nuScenes,mono,plan_fde,JC_fde,scene-0054,12,0.173828125
nuScenes,mono,plan_fde,JC_fde,scene-0054,13,0.265869140625
nuScenes,mono,plan_fde,JC_fde,scene-0054,14,0.0
nuScenes,mono,plan_fde,JC_fde,scene-0054,15,0.49169921875
nuScenes,mono,plan_fde,JC_fde,scene-0054,16,0.1591796875
nuScenes,mono,plan_fde,JC_fde,scene-0054,17,0.6549072265625
nuScenes,mono,plan_fde,JC_fde,scene-0054,18,0.236083984375
nuScenes,mono,plan_fde,JC_fde,scene-0054,19,0.4771728515625
nuScenes,mono,plan_fde,JC_fde,scene-0054,20,0.4053955078125
nuScenes,mono,plan_fde,JC_fde,scene-0054,21,0.132568359375
nuScenes,mono,plan_fde,JC_fde,scene-0054,22,0.139892578125
nuScenes,mono,plan_fde,JC_fde,scene-0054,23,0.91015625
nuScenes,mono,plan_fde,JC_fde,scene-0054,24,0.6611328125
nuScenes,mono,plan_fde,JC_fde,scene-0054,25,0.2100830078125
nuScenes,mono,plan_fde,JC_fde,scene-0054,26,0.385009765625
nuScenes,mono,plan_fde,JC_fde,scene-0054,27,0.94036865234375
nuScenes,mono,plan_fde,JC_fde,scene-0054,28,0.619384765625
nuScenes,mono,plan_fde,JC_fde,scene-0054,29,0.44329833984375
nuScenes,mono,plan_fde,JC_fde,scene-0054,30,0.83709716796875
nuScenes,mono,plan_fde,JC_fde,scene-0055,0,0.499755859375
nuScenes,mono,plan_fde,JC_fde,scene-0055,1,0.3040771484375
nuScenes,mono,plan_fde,JC_fde,scene-0055,2,0.292724609375
nuScenes,mono,plan_fde,JC_fde,scene-0055,3,1.121337890625
nuScenes,mono,plan_fde,JC_fde,scene-0055,4,0.7884521484375
nuScenes,mono,plan_fde,JC_fde,scene-0055,5,1.9068603515625
nuScenes,mono,plan_fde,JC_fde,scene-0055,6,0.2572021484375
nuScenes,mono,plan_fde,JC_fde,scene-0055,7,0.30810546875
nuScenes,mono,plan_fde,JC_fde,scene-0055,8,0.0
nuScenes,mono,plan_fde,JC_fde,scene-0055,9,0.0
nuScenes,mono,plan_fde,JC_fde,scene-0055,10,0.0
nuScenes,mono,plan_fde,JC_fde,scene-0055,11,0.0
nuScenes,mono,plan_fde,JC_fde,scene-0055,12,0.0
nuScenes,mono,plan_fde,JC_fde,scene-0055,13,0.0
nuScenes,mono,plan_fde,JC_fde,scene-0055,14,0.0
nuScenes,mono,plan_fde,JC_fde,scene-0055,15,0.0
nuScenes,mono,plan_fde,JC_fde,scene-0055,16,0.0
nuScenes,mono,plan_fde,JC_fde,scene-0055,17,0.0
nuScenes,mono,plan_fde,JC_fde,scene-0055,18,0.1441650390625
nuScenes,mono,plan_fde,JC_fde,scene-0055,19,0.1510009765625
nuScenes,mono,plan_fde,JC_fde,scene-0055,20,0.0
nuScenes,mono,plan_fde,JC_fde,scene-0055,21,0.1431884765625
nuScenes,mono,plan_fde,JC_fde,scene-0055,22,0.106689453125
nuScenes,mono,plan_fde,JC_fde,scene-0055,23,0.1329345703125
nuScenes,mono,plan_fde,JC_fde,scene-0055,24,0.0
nuScenes,mono,plan_fde,JC_fde,scene-0055,25,0.0
nuScenes,mono,plan_fde,JC_fde,scene-0055,26,0.0
nuScenes,mono,plan_fde,JC_fde,scene-0055,27,0.0
nuScenes,mono,plan_fde,JC_fde,scene-0055,28,0.0
nuScenes,mono,plan_fde,JC_fde,scene-0055,29,0.1871337890625
nuScenes,mono,plan_fde,JC_fde,scene-0055,30,0.0
nuScenes,mono,plan_fde,JC_fde,scene-0056,0,0.1263427734375
nuScenes,mono,plan_fde,JC_fde,scene-0056,1,0.0
nuScenes,mono,plan_fde,JC_fde,scene-0056,2,0.0
nuScenes,mono,plan_fde,JC_fde,scene-0056,3,0.0
nuScenes,mono,plan_fde,JC_fde,scene-0056,4,0.0
nuScenes,mono,plan_fde,JC_fde,scene-0056,5,0.0
nuScenes,mono,plan_fde,JC_fde,scene-0056,6,0.0
nuScenes,mono,plan_fde,JC_fde,scene-0056,7,0.0
nuScenes,mono,plan_fde,JC_fde,scene-0056,8,0.201171875
nuScenes,mono,plan_fde,JC_fde,scene-0056,9,0.359130859375
nuScenes,mono,plan_fde,JC_fde,scene-0056,10,0.3106689453125
nuScenes,mono,plan_fde,JC_fde,scene-0056,11,0.0
nuScenes,mono,plan_fde,JC_fde,scene-0056,12,0.606689453125
nuScenes,mono,plan_fde,JC_fde,scene-0056,13,0.52349853515625
nuScenes,mono,plan_fde,JC_fde,scene-0056,14,0.5013427734375
nuScenes,mono,plan_fde,JC_fde,scene-0056,15,0.0
nuScenes,mono,plan_fde,JC_fde,scene-0056,16,0.0
nuScenes,mono,plan_fde,JC_fde,scene-0056,17,0.0
nuScenes,mono,plan_fde,JC_fde,scene-0056,18,0.0
nuScenes,mono,plan_fde,JC_fde,scene-0056,19,0.0
nuScenes,mono,plan_fde,JC_fde,scene-0056,20,0.0
nuScenes,mono,plan_fde,JC_fde,scene-0056,21,0.0
nuScenes,mono,plan_fde,JC_fde,scene-0056,22,0.2789306640625
nuScenes,mono,plan_fde,JC_fde,scene-0056,23,0.0
nuScenes,mono,plan_fde,JC_fde,scene-0056,24,0.17333984375
nuScenes,mono,plan_fde,JC_fde,scene-0056,25,0.0
nuScenes,mono,plan_fde,JC_fde,scene-0056,26,0.0
nuScenes,mono,plan_fde,JC_fde,scene-0056,27,0.3232421875
nuScenes,mono,plan_fde,JC_fde,scene-0056,28,0.23748779296875
nuScenes,mono,plan_fde,JC_fde,scene-0056,29,0.0
nuScenes,mono,plan_fde,JC_fde,scene-0056,30,0.204345703125
nuScenes,mono,plan_fde,JC_fde,scene-0056,31,0.0
nuScenes,mono,plan_fde,JC_fde,scene-0069,0,0.1026611328125
nuScenes,mono,plan_fde,JC_fde,scene-0069,1,0.120849609375
nuScenes,mono,plan_fde,JC_fde,scene-0069,2,0.2467041015625
nuScenes,mono,plan_fde,JC_fde,scene-0069,3,0.1063232421875
nuScenes,mono,plan_fde,JC_fde,scene-0069,4,0.216064453125
nuScenes,mono,plan_fde,JC_fde,scene-0069,5,0.0
nuScenes,mono,plan_fde,JC_fde,scene-0069,6,0.35870361328125
nuScenes,mono,plan_fde,JC_fde,scene-0069,7,0.48388671875
nuScenes,mono,plan_fde,JC_fde,scene-0069,8,1.1632080078125
nuScenes,mono,plan_fde,JC_fde,scene-0069,9,0.408935546875
nuScenes,mono,plan_fde,JC_fde,scene-0069,10,0.67388916015625
nuScenes,mono,plan_fde,JC_fde,scene-0069,11,0.356201171875
nuScenes,mono,plan_fde,JC_fde,scene-0069,12,0.5638427734375
nuScenes,mono,plan_fde,JC_fde,scene-0069,13,0.22637939453125
nuScenes,mono,plan_fde,JC_fde,scene-0069,14,1.20172119140625
nuScenes,mono,plan_fde,JC_fde,scene-0069,15,0.36181640625
nuScenes,mono,plan_fde,JC_fde,scene-0069,16,0.6160888671875
nuScenes,mono,plan_fde,JC_fde,scene-0069,17,0.0
nuScenes,mono,plan_fde,JC_fde,scene-0069,18,0.26953125
nuScenes,mono,plan_fde,JC_fde,scene-0069,19,0.23095703125
nuScenes,mono,plan_fde,JC_fde,scene-0069,20,0.0
nuScenes,mono,plan_fde,JC_fde,scene-0069,21,0.10015869140625
nuScenes,mono,plan_fde,JC_fde,scene-0069,22,0.3138427734375
nuScenes,mono,plan_fde,JC_fde,scene-0069,23,0.0
nuScenes,mono,plan_fde,JC_fde,scene-0069,24,0.327392578125
nuScenes,mono,plan_fde,JC_fde,scene-0069,25,0.0
nuScenes,mono,plan_fde,JC_fde,scene-0069,26,0.0
nuScenes,mono,plan_fde,JC_fde,scene-0069,27,0.1688232421875
nuScenes,mono,plan_fde,JC_fde,scene-0069,28,0.0
nuScenes,mono,plan_fde,JC_fde,scene-0069,29,0.1993408203125
nuScenes,mono,plan_fde,JC_fde,scene-0069,30,0.1556396484375
nuScenes,mono,plan_fde,JC_fde,scene-0069,31,0.0
nuScenes,mono,plan_fde,JC_fde,scene-0070,0,0.183837890625
nuScenes,mono,plan_fde,JC_fde,scene-0070,1,0.139404296875
nuScenes,mono,plan_fde,JC_fde,scene-0070,2,0.2354736328125
nuScenes,mono,plan_fde,JC_fde,scene-0070,3,0.0
nuScenes,mono,plan_fde,JC_fde,scene-0070,4,0.0
nuScenes,mono,plan_fde,JC_fde,scene-0070,5,0.4857177734375
nuScenes,mono,plan_fde,JC_fde,scene-0070,6,0.37579345703125
nuScenes,mono,plan_fde,JC_fde,scene-0070,7,0.0
nuScenes,mono,plan_fde,JC_fde,scene-0070,8,0.11798095703125
nuScenes,mono,plan_fde,JC_fde,scene-0070,9,0.46881103515625
nuScenes,mono,plan_fde,JC_fde,scene-0070,10,0.2435302734375
nuScenes,mono,plan_fde,JC_fde,scene-0070,11,0.8677978515625
nuScenes,mono,plan_fde,JC_fde,scene-0070,12,0.474365234375
nuScenes,mono,plan_fde,JC_fde,scene-0070,13,0.0
nuScenes,mono,plan_fde,JC_fde,scene-0070,14,0.24993896484375
nuScenes,mono,plan_fde,JC_fde,scene-0070,15,0.2353515625
nuScenes,mono,plan_fde,JC_fde,scene-0070,16,0.4844970703125
nuScenes,mono,plan_fde,JC_fde,scene-0070,17,0.4283447265625
nuScenes,mono,plan_fde,JC_fde,scene-0070,18,0.3739013671875
nuScenes,mono,plan_fde,JC_fde,scene-0070,19,0.3133544921875
nuScenes,mono,plan_fde,JC_fde,scene-0070,20,0.1329345703125
nuScenes,mono,plan_fde,JC_fde,scene-0070,21,0.272216796875
nuScenes,mono,plan_fde,JC_fde,scene-0070,22,0.5645751953125
nuScenes,mono,plan_fde,JC_fde,scene-0070,23,0.551025390625
nuScenes,mono,plan_fde,JC_fde,scene-0070,24,0.941650390625
nuScenes,mono,plan_fde,JC_fde,scene-0070,25,0.3055419921875
nuScenes,mono,plan_fde,JC_fde,scene-0070,26,0.0
nuScenes,mono,plan_fde,JC_fde,scene-0070,27,0.37640380859375
nuScenes,mono,plan_fde,JC_fde,scene-0070,28,0.0
nuScenes,mono,plan_fde,JC_fde,scene-0070,29,0.0
nuScenes,mono,plan_fde,JC_fde,scene-0070,30,0.0
nuScenes,mono,plan_fde,JC_fde,scene-0070,31,0.0
nuScenes,mono,plan_fde,JC_fde,scene-0071,0,0.24298095703125
nuScenes,mono,plan_fde,JC_fde,scene-0071,1,0.61944580078125
nuScenes,mono,plan_fde,JC_fde,scene-0071,2,0.9613037109375
nuScenes,mono,plan_fde,JC_fde,scene-0071,3,0.63726806640625
nuScenes,mono,plan_fde,JC_fde,scene-0071,4,0.8358154296875
nuScenes,mono,plan_fde,JC_fde,scene-0071,5,1.13970947265625
nuScenes,mono,plan_fde,JC_fde,scene-0071,6,0.92620849609375
nuScenes,mono,plan_fde,JC_fde,scene-0071,7,1.01300048828125
nuScenes,mono,plan_fde,JC_fde,scene-0071,8,0.54290771484375
nuScenes,mono,plan_fde,JC_fde,scene-0071,9,1.25323486328125
nuScenes,mono,plan_fde,JC_fde,scene-0071,10,0.7314453125
nuScenes,mono,plan_fde,JC_fde,scene-0071,11,0.9652099609375
nuScenes,mono,plan_fde,JC_fde,scene-0071,12,0.7833251953125
nuScenes,mono,plan_fde,JC_fde,scene-0071,13,0.23114013671875
nuScenes,mono,plan_fde,JC_fde,scene-0071,14,0.57611083984375
nuScenes,mono,plan_fde,JC_fde,scene-0071,15,0.891357421875
nuScenes,mono,plan_fde,JC_fde,scene-0071,16,0.55535888671875
nuScenes,mono,plan_fde,JC_fde,scene-0071,17,0.4307861328125
nuScenes,mono,plan_fde,JC_fde,scene-0071,18,0.6875
nuScenes,mono,plan_fde,JC_fde,scene-0071,19,0.8089599609375
nuScenes,mono,plan_fde,JC_fde,scene-0071,20,0.68292236328125
nuScenes,mono,plan_fde,JC_fde,scene-0071,21,0.39398193359375
nuScenes,mono,plan_fde,JC_fde,scene-0071,22,0.87420654296875
nuScenes,mono,plan_fde,JC_fde,scene-0071,23,1.68621826171875
nuScenes,mono,plan_fde,JC_fde,scene-0071,24,1.2705078125
nuScenes,mono,plan_fde,JC_fde,scene-0071,25,0.968994140625
nuScenes,mono,plan_fde,JC_fde,scene-0071,26,1.262451171875
nuScenes,mono,plan_fde,JC_fde,scene-0071,27,1.37139892578125
nuScenes,mono,plan_fde,JC_fde,scene-0071,28,0.801025390625
nuScenes,mono,plan_fde,JC_fde,scene-0071,29,0.536865234375
nuScenes,mono,plan_fde,JC_fde,scene-0071,30,0.2982177734375
nuScenes,mono,plan_fde,JC_fde,scene-0094,0,0.1041259765625
nuScenes,mono,plan_fde,JC_fde,scene-0094,1,0.21453857421875
nuScenes,mono,plan_fde,JC_fde,scene-0094,2,0.23095703125
nuScenes,mono,plan_fde,JC_fde,scene-0094,3,0.1044921875
nuScenes,mono,plan_fde,JC_fde,scene-0094,4,0.10894775390625
nuScenes,mono,plan_fde,JC_fde,scene-0094,5,0.5113525390625
nuScenes,mono,plan_fde,JC_fde,scene-0094,6,0.31439208984375
nuScenes,mono,plan_fde,JC_fde,scene-0094,7,0.1495361328125
nuScenes,mono,plan_fde,JC_fde,scene-0094,8,0.139892578125
nuScenes,mono,plan_fde,JC_fde,scene-0094,9,0.300048828125
nuScenes,mono,plan_fde,JC_fde,scene-0094,10,0.8038330078125
nuScenes,mono,plan_fde,JC_fde,scene-0094,11,0.40325927734375
nuScenes,mono,plan_fde,JC_fde,scene-0094,12,0.4810791015625
nuScenes,mono,plan_fde,JC_fde,scene-0094,13,0.421630859375
nuScenes,mono,plan_fde,JC_fde,scene-0094,14,0.371337890625
nuScenes,mono,plan_fde,JC_fde,scene-0094,15,0.8153076171875
nuScenes,mono,plan_fde,JC_fde,scene-0094,16,0.6710205078125
nuScenes,mono,plan_fde,JC_fde,scene-0094,17,0.1187744140625
nuScenes,mono,plan_fde,JC_fde,scene-0094,18,0.634033203125
nuScenes,mono,plan_fde,JC_fde,scene-0094,19,1.0830078125
nuScenes,mono,plan_fde,JC_fde,scene-0094,20,0.4990234375
nuScenes,mono,plan_fde,JC_fde,scene-0094,21,0.44073486328125
nuScenes,mono,plan_fde,JC_fde,scene-0094,22,0.255126953125
nuScenes,mono,plan_fde,JC_fde,scene-0094,23,0.6846923828125
nuScenes,mono,plan_fde,JC_fde,scene-0094,24,0.83782958984375
nuScenes,mono,plan_fde,JC_fde,scene-0094,25,0.4189453125
nuScenes,mono,plan_fde,JC_fde,scene-0094,26,0.6922607421875
nuScenes,mono,plan_fde,JC_fde,scene-0094,27,0.99493408203125
nuScenes,mono,plan_fde,JC_fde,scene-0094,28,0.5863037109375
nuScenes,mono,plan_fde,JC_fde,scene-0094,29,1.47979736328125
nuScenes,mono,plan_fde,JC_fde,scene-0094,30,0.96405029296875
nuScenes,mono,plan_fde,JC_fde,scene-0094,31,1.01531982421875
nuScenes,mono,plan_fde,JC_fde,scene-0095,0,1.1375732421875
nuScenes,mono,plan_fde,JC_fde,scene-0095,1,0.75604248046875
nuScenes,mono,plan_fde,JC_fde,scene-0095,2,1.04302978515625
nuScenes,mono,plan_fde,JC_fde,scene-0095,3,0.33074951171875
nuScenes,mono,plan_fde,JC_fde,scene-0095,4,0.0
nuScenes,mono,plan_fde,JC_fde,scene-0095,5,0.49945068359375
nuScenes,mono,plan_fde,JC_fde,scene-0095,6,0.85491943359375
nuScenes,mono,plan_fde,JC_fde,scene-0095,7,0.18359375
nuScenes,mono,plan_fde,JC_fde,scene-0095,8,0.71795654296875
nuScenes,mono,plan_fde,JC_fde,scene-0095,9,0.55975341796875
nuScenes,mono,plan_fde,JC_fde,scene-0095,10,0.68182373046875
nuScenes,mono,plan_fde,JC_fde,scene-0095,11,0.97515869140625
nuScenes,mono,plan_fde,JC_fde,scene-0095,12,0.58837890625
nuScenes,mono,plan_fde,JC_fde,scene-0095,13,0.5111083984375
nuScenes,mono,plan_fde,JC_fde,scene-0095,14,0.9935302734375
nuScenes,mono,plan_fde,JC_fde,scene-0095,15,0.95098876953125
nuScenes,mono,plan_fde,JC_fde,scene-0095,16,0.9859619140625
nuScenes,mono,plan_fde,JC_fde,scene-0095,17,0.88702392578125
nuScenes,mono,plan_fde,JC_fde,scene-0095,18,0.5369873046875
nuScenes,mono,plan_fde,JC_fde,scene-0095,19,0.91827392578125
nuScenes,mono,plan_fde,JC_fde,scene-0095,20,0.36669921875
nuScenes,mono,plan_fde,JC_fde,scene-0095,21,0.2254638671875
nuScenes,mono,plan_fde,JC_fde,scene-0095,22,1.026611328125
nuScenes,mono,plan_fde,JC_fde,scene-0095,23,0.71295166015625
nuScenes,mono,plan_fde,JC_fde,scene-0095,24,0.95849609375
nuScenes,mono,plan_fde,JC_fde,scene-0095,25,0.8106689453125
nuScenes,mono,plan_fde,JC_fde,scene-0095,26,0.3656005859375
nuScenes,mono,plan_fde,JC_fde,scene-0095,27,0.57916259765625
nuScenes,mono,plan_fde,JC_fde,scene-0095,28,0.103759765625
nuScenes,mono,plan_fde,JC_fde,scene-0095,29,0.33251953125
nuScenes,mono,plan_fde,JC_fde,scene-0096,0,0.237548828125
nuScenes,mono,plan_fde,JC_fde,scene-0096,1,0.6239013671875
nuScenes,mono,plan_fde,JC_fde,scene-0096,2,0.6741943359375
nuScenes,mono,plan_fde,JC_fde,scene-0096,3,0.0
nuScenes,mono,plan_fde,JC_fde,scene-0096,4,0.3968505859375
nuScenes,mono,plan_fde,JC_fde,scene-0096,5,0.8465576171875
nuScenes,mono,plan_fde,JC_fde,scene-0096,6,0.0
nuScenes,mono,plan_fde,JC_fde,scene-0096,7,0.641357421875
nuScenes,mono,plan_fde,JC_fde,scene-0096,8,0.59051513671875
nuScenes,mono,plan_fde,JC_fde,scene-0096,9,0.6650390625
nuScenes,mono,plan_fde,JC_fde,scene-0096,10,0.52032470703125
nuScenes,mono,plan_fde,JC_fde,scene-0096,11,0.3541259765625
nuScenes,mono,plan_fde,JC_fde,scene-0096,12,0.640380859375
nuScenes,mono,plan_fde,JC_fde,scene-0096,13,0.47412109375
nuScenes,mono,plan_fde,JC_fde,scene-0096,14,0.2493896484375
nuScenes,mono,plan_fde,JC_fde,scene-0096,15,0.1361083984375
nuScenes,mono,plan_fde,JC_fde,scene-0096,16,0.41552734375
nuScenes,mono,plan_fde,JC_fde,scene-0096,17,0.891357421875
nuScenes,mono,plan_fde,JC_fde,scene-0096,18,0.53955078125
nuScenes,mono,plan_fde,JC_fde,scene-0096,19,0.6923828125
nuScenes,mono,plan_fde,JC_fde,scene-0096,20,0.3111572265625
nuScenes,mono,plan_fde,JC_fde,scene-0096,21,0.882080078125
nuScenes,mono,plan_fde,JC_fde,scene-0096,22,0.1339111328125
nuScenes,mono,plan_fde,JC_fde,scene-0096,23,0.233154296875
nuScenes,mono,plan_fde,JC_fde,scene-0096,24,0.35662841796875
nuScenes,mono,plan_fde,JC_fde,scene-0096,25,1.05126953125
nuScenes,mono,plan_fde,JC_fde,scene-0096,26,0.99658203125
nuScenes,mono,plan_fde,JC_fde,scene-0096,27,0.7403564453125
nuScenes,mono,plan_fde,JC_fde,scene-0096,28,0.5703125
nuScenes,mono,plan_fde,JC_fde,scene-0096,29,0.6329345703125
