section,track,geometry,system,target,split,n_inputs,n_affected,n_harmed,harmed_over_affected,harmed_over_all_inputs,signal,quota,ndg_recomputed,ndg_released,matches_3dp,trivial,n_test_frames,n_test_units,all_cheap_loss,gain,gain_random,delta_vs_random,delta_share_all_cheap,ndg,oracle_prize,undefined_reason,delta_lo_all_draws,delta_hi_all_draws,delta_share_lo_all_draws,delta_share_hi_all_draws,delta_lo_filtered,delta_hi_filtered,draws_dropped_by_filter,beats_random_all_draws,beats_random_filtered,available,ndg_full,ndg_min_leave_one_out,ndg_max_leave_one_out,gain_full,gain_min_leave_one_out,gain_max_leave_one_out,most_influential_unit,ndg_without_that_unit,gain_without_that_unit,ndg_change_without_that_unit
harm,nuScenes,oracle,brake,J,test,955.0,46.0,15.0,0.32608695652173914,0.015706806282722512,,,,,,,,,,,,,,,,,,,,,,,,,,,,,,,,,,,,
harm,nuScenes,oracle,brake,J,all,3376.0,240.0,97.0,0.4041666666666667,0.028732227488151657,,,,,,,,,,,,,,,,,,,,,,,,,,,,,,,,,,,,
harm,nuScenes,oracle,plan_ade,JC_ade,test,752.0,302.0,156.0,0.5165562913907285,0.2074468085106383,,,,,,,,,,,,,,,,,,,,,,,,,,,,,,,,,,,,
harm,nuScenes,oracle,plan_ade,JC_ade,all,2655.0,1179.0,600.0,0.5089058524173028,0.22598870056497175,,,,,,,,,,,,,,,,,,,,,,,,,,,,,,,,,,,,
harm,nuScenes,oracle,plan_fde,JC_fde,test,752.0,125.0,56.0,0.448,0.07446808510638298,,,,,,,,,,,,,,,,,,,,,,,,,,,,,,,,,,,,
harm,nuScenes,oracle,plan_fde,JC_fde,all,2655.0,478.0,219.0,0.4581589958158996,0.08248587570621468,,,,,,,,,,,,,,,,,,,,,,,,,,,,,,,,,,,,
harm,nuScenes,mono,brake,J,test,955.0,103.0,43.0,0.4174757281553398,0.04502617801047121,,,,,,,,,,,,,,,,,,,,,,,,,,,,,,,,,,,,
harm,nuScenes,mono,brake,J,all,3376.0,454.0,192.0,0.42290748898678415,0.05687203791469194,,,,,,,,,,,,,,,,,,,,,,,,,,,,,,,,,,,,
harm,nuScenes,mono,plan_ade,JC_ade,test,752.0,453.0,225.0,0.4966887417218543,0.2992021276595745,,,,,,,,,,,,,,,,,,,,,,,,,,,,,,,,,,,,
harm,nuScenes,mono,plan_ade,JC_ade,all,2655.0,1612.0,794.0,0.49255583126550867,0.2990583804143126,,,,,,,,,,,,,,,,,,,,,,,,,,,,,,,,,,,,
harm,nuScenes,mono,plan_fde,JC_fde,test,752.0,181.0,85.0,0.4696132596685083,0.11303191489361702,,,,,,,,,,,,,,,,,,,,,,,,,,,,,,,,,,,,
harm,nuScenes,mono,plan_fde,JC_fde,all,2655.0,656.0,329.0,0.5015243902439024,0.12391713747645951,,,,,,,,,,,,,,,,,,,,,,,,,,,,,,,,,,,,
harm,KITTI,oracle,brake,J,test,3536.0,829.0,350.0,0.4221954161640531,0.09898190045248868,,,,,,,,,,,,,,,,,,,,,,,,,,,,,,,,,,,,
harm,KITTI,oracle,brake,J,all,8008.0,1753.0,542.0,0.3091842555618939,0.06768231768231768,,,,,,,,,,,,,,,,,,,,,,,,,,,,,,,,,,,,
harm,KITTI,oracle,traj,JB,test,3536.0,146.0,14.0,0.0958904109589041,0.003959276018099547,,,,,,,,,,,,,,,,,,,,,,,,,,,,,,,,,,,,
harm,KITTI,oracle,traj,JB,all,8008.0,637.0,27.0,0.0423861852433281,0.0033716283716283715,,,,,,,,,,,,,,,,,,,,,,,,,,,,,,,,,,,,
harm,KITTI,mono,brake,J,test,3536.0,1431.0,672.0,0.469601677148847,0.19004524886877827,,,,,,,,,,,,,,,,,,,,,,,,,,,,,,,,,,,,
harm,KITTI,mono,brake,J,all,8008.0,2931.0,1099.0,0.37495735243944045,0.13723776223776224,,,,,,,,,,,,,,,,,,,,,,,,,,,,,,,,,,,,
harm,KITTI,mono,traj,JB,test,3536.0,275.0,132.0,0.48,0.03733031674208145,,,,,,,,,,,,,,,,,,,,,,,,,,,,,,,,,,,,
harm,KITTI,mono,traj,JB,all,8008.0,957.0,401.0,0.41901776384535006,0.05007492507492507,,,,,,,,,,,,,,,,,,,,,,,,,,,,,,,,,,,,
harm,nuPlan,n/a,pdm_closed,safety,test,384.0,27.0,9.0,0.3333333333333333,0.0234375,,,,,,,,,,,,,,,,,,,,,,,,,,,,,,,,,,,,
harm,nuPlan,n/a,pdm_closed,safety,all,1440.0,45.0,20.0,0.4444444444444444,0.013888888888888888,,,,,,,,,,,,,,,,,,,,,,,,,,,,,,,,,,,,
harm,nuPlan,n/a,pdm_closed,scalar_J,test,384.0,48.0,20.0,0.4166666666666667,0.052083333333333336,,,,,,,,,,,,,,,,,,,,,,,,,,,,,,,,,,,,
harm,nuPlan,n/a,pdm_closed,scalar_J,all,1440.0,104.0,39.0,0.375,0.027083333333333334,,,,,,,,,,,,,,,,,,,,,,,,,,,,,,,,,,,,
harm,nuPlan,n/a,idm,safety,test,384.0,4.0,1.0,0.25,0.0026041666666666665,,,,,,,,,,,,,,,,,,,,,,,,,,,,,,,,,,,,
harm,nuPlan,n/a,idm,safety,all,1440.0,5.0,2.0,0.4,0.001388888888888889,,,,,,,,,,,,,,,,,,,,,,,,,,,,,,,,,,,,
harm,nuPlan,n/a,idm,scalar_J,test,384.0,10.0,1.0,0.1,0.0026041666666666665,,,,,,,,,,,,,,,,,,,,,,,,,,,,,,,,,,,,
harm,nuPlan,n/a,idm,scalar_J,all,1440.0,30.0,10.0,0.3333333333333333,0.006944444444444444,,,,,,,,,,,,,,,,,,,,,,,,,,,,,,,,,,,,
sanity,nuScenes,oracle,brake,J,,,,,,,uncertainty,0.1,0.047026741437611985,0.0470267414376119,True,,,,,,,,,,,,,,,,,,,,,,,,,,,,,,,
sanity,nuScenes,oracle,brake,J,,,,,,,uncertainty,0.2,0.016926260563474644,0.0169262605634746,True,,,,,,,,,,,,,,,,,,,,,,,,,,,,,,,
sanity,nuScenes,oracle,brake,J,,,,,,,uncertainty,0.3,0.36371235744371866,0.3637123574437186,True,,,,,,,,,,,,,,,,,,,,,,,,,,,,,,,
sanity,nuScenes,oracle,brake,J,,,,,,,uncertainty,0.5,0.3825711259355117,0.3825711259355117,True,,,,,,,,,,,,,,,,,,,,,,,,,,,,,,,
sanity,nuScenes,oracle,brake,J,,,,,,,criticality_cheap,0.1,0.30246036311516694,0.3024603631151669,True,,,,,,,,,,,,,,,,,,,,,,,,,,,,,,,
sanity,nuScenes,oracle,brake,J,,,,,,,criticality_cheap,0.2,0.4671829538662049,0.4671829538662049,True,,,,,,,,,,,,,,,,,,,,,,,,,,,,,,,
sanity,nuScenes,oracle,brake,J,,,,,,,criticality_cheap,0.3,0.48872048308792404,0.488720483087924,True,,,,,,,,,,,,,,,,,,,,,,,,,,,,,,,
sanity,nuScenes,oracle,brake,J,,,,,,,criticality_cheap,0.5,0.4049235912429697,0.4049235912429697,True,,,,,,,,,,,,,,,,,,,,,,,,,,,,,,,
sanity,nuScenes,oracle,brake,J,,,,,,,criticality_gt,0.1,0.19348797270904403,0.193487972709044,True,,,,,,,,,,,,,,,,,,,,,,,,,,,,,,,
sanity,nuScenes,oracle,brake,J,,,,,,,criticality_gt,0.2,0.2871283820555106,0.2871283820555106,True,,,,,,,,,,,,,,,,,,,,,,,,,,,,,,,
sanity,nuScenes,oracle,brake,J,,,,,,,criticality_gt,0.3,0.5153768582383849,0.5153768582383849,True,,,,,,,,,,,,,,,,,,,,,,,,,,,,,,,
sanity,nuScenes,oracle,brake,J,,,,,,,criticality_gt,0.5,0.7766927526397719,0.7766927526397719,True,,,,,,,,,,,,,,,,,,,,,,,,,,,,,,,
sanity,nuScenes,oracle,brake,J,,,,,,,PKL,0.1,0.42778420099399667,0.4277842009939966,True,,,,,,,,,,,,,,,,,,,,,,,,,,,,,,,
sanity,nuScenes,oracle,brake,J,,,,,,,PKL,0.2,0.45771291959490223,0.4577129195949022,True,,,,,,,,,,,,,,,,,,,,,,,,,,,,,,,
sanity,nuScenes,oracle,brake,J,,,,,,,PKL,0.3,0.43536630709527685,0.4353663070952768,True,,,,,,,,,,,,,,,,,,,,,,,,,,,,,,,
sanity,nuScenes,oracle,brake,J,,,,,,,PKL,0.5,0.4983131957249985,0.4983131957249985,True,,,,,,,,,,,,,,,,,,,,,,,,,,,,,,,
sanity,nuScenes,oracle,brake,J,,,,,,,TIP,0.1,0.4021207735000438,0.4021207735000438,True,,,,,,,,,,,,,,,,,,,,,,,,,,,,,,,
sanity,nuScenes,oracle,brake,J,,,,,,,TIP,0.2,0.36454834879664183,0.3645483487966418,True,,,,,,,,,,,,,,,,,,,,,,,,,,,,,,,
sanity,nuScenes,oracle,brake,J,,,,,,,TIP,0.3,0.3692392767634421,0.3692392767634421,True,,,,,,,,,,,,,,,,,,,,,,,,,,,,,,,
sanity,nuScenes,oracle,brake,J,,,,,,,TIP,0.5,0.43357200316527394,0.4335720031652739,True,,,,,,,,,,,,,,,,,,,,,,,,,,,,,,,
sanity,nuScenes,oracle,brake,J,,,,,,,dE_exact,0.1,0.11529015825592294,0.1152901582559229,True,,,,,,,,,,,,,,,,,,,,,,,,,,,,,,,
sanity,nuScenes,oracle,brake,J,,,,,,,dE_exact,0.2,0.25231426417467523,0.2523142641746752,True,,,,,,,,,,,,,,,,,,,,,,,,,,,,,,,
sanity,nuScenes,oracle,brake,J,,,,,,,dE_exact,0.3,0.5281766989809411,0.5281766989809411,True,,,,,,,,,,,,,,,,,,,,,,,,,,,,,,,
sanity,nuScenes,oracle,brake,J,,,,,,,dE_exact,0.5,0.7691335496902507,0.7691335496902507,True,,,,,,,,,,,,,,,,,,,,,,,,,,,,,,,
sanity,nuScenes,oracle,brake,J,,,,,,,dE_E1_fn_only,0.1,0.11529015825592294,0.1152901582559229,True,,,,,,,,,,,,,,,,,,,,,,,,,,,,,,,
sanity,nuScenes,oracle,brake,J,,,,,,,dE_E1_fn_only,0.2,0.25231426417467523,0.2523142641746752,True,,,,,,,,,,,,,,,,,,,,,,,,,,,,,,,
sanity,nuScenes,oracle,brake,J,,,,,,,dE_E1_fn_only,0.3,0.5281766989809411,0.5281766989809411,True,,,,,,,,,,,,,,,,,,,,,,,,,,,,,,,
sanity,nuScenes,oracle,brake,J,,,,,,,dE_E1_fn_only,0.5,0.7691335496902507,0.7691335496902507,True,,,,,,,,,,,,,,,,,,,,,,,,,,,,,,,
sanity,nuScenes,oracle,brake,J,,,,,,,dE_E2_fn_fp,0.1,0.08512834285426123,0.0851283428542612,True,,,,,,,,,,,,,,,,,,,,,,,,,,,,,,,
sanity,nuScenes,oracle,brake,J,,,,,,,dE_E2_fn_fp,0.2,0.13873917187208878,0.1387391718720887,True,,,,,,,,,,,,,,,,,,,,,,,,,,,,,,,
sanity,nuScenes,oracle,brake,J,,,,,,,dE_E2_fn_fp,0.3,0.18755724937194443,0.1875572493719444,True,,,,,,,,,,,,,,,,,,,,,,,,,,,,,,,
sanity,nuScenes,oracle,brake,J,,,,,,,dE_E2_fn_fp,0.5,0.4163006799028402,0.4163006799028402,True,,,,,,,,,,,,,,,,,,,,,,,,,,,,,,,
sanity,nuScenes,oracle,brake,J,,,,,,,dE_E3_class_aware,0.1,0.25608994455565237,0.2560899445556523,True,,,,,,,,,,,,,,,,,,,,,,,,,,,,,,,
sanity,nuScenes,oracle,brake,J,,,,,,,dE_E3_class_aware,0.2,0.5538920528086564,0.5538920528086564,True,,,,,,,,,,,,,,,,,,,,,,,,,,,,,,,
sanity,nuScenes,oracle,brake,J,,,,,,,dE_E3_class_aware,0.3,0.7251693428178716,0.7251693428178716,True,,,,,,,,,,,,,,,,,,,,,,,,,,,,,,,
sanity,nuScenes,oracle,brake,J,,,,,,,dE_E3_class_aware,0.5,0.7486439082778998,0.7486439082778998,True,,,,,,,,,,,,,,,,,,,,,,,,,,,,,,,
sanity,nuScenes,oracle,brake,J,,,,,,,dE_E4_localization,0.1,0.09581224376668099,0.0958122437666809,True,,,,,,,,,,,,,,,,,,,,,,,,,,,,,,,
sanity,nuScenes,oracle,brake,J,,,,,,,dE_E4_localization,0.2,0.2270128270775652,0.2270128270775652,True,,,,,,,,,,,,,,,,,,,,,,,,,,,,,,,
sanity,nuScenes,oracle,brake,J,,,,,,,dE_E4_localization,0.3,0.6659081327605392,0.6659081327605392,True,,,,,,,,,,,,,,,,,,,,,,,,,,,,,,,
sanity,nuScenes,oracle,brake,J,,,,,,,dE_E4_localization,0.5,0.7770492374094021,0.7770492374094021,True,,,,,,,,,,,,,,,,,,,,,,,,,,,,,,,
sanity,nuScenes,oracle,brake,J,,,,,,,dE_E5_combined,0.1,0.1118858166626255,0.1118858166626255,True,,,,,,,,,,,,,,,,,,,,,,,,,,,,,,,
sanity,nuScenes,oracle,brake,J,,,,,,,dE_E5_combined,0.2,0.14096148309419357,0.1409614830941935,True,,,,,,,,,,,,,,,,,,,,,,,,,,,,,,,
sanity,nuScenes,oracle,brake,J,,,,,,,dE_E5_combined,0.3,0.4421812122319667,0.4421812122319667,True,,,,,,,,,,,,,,,,,,,,,,,,,,,,,,,
sanity,nuScenes,oracle,brake,J,,,,,,,dE_E5_combined,0.5,0.441456391537005,0.441456391537005,True,,,,,,,,,,,,,,,,,,,,,,,,,,,,,,,
sanity,nuScenes,oracle,brake,J,,,,,,,dE_E5_fp_heavy,0.1,0.016177832577099115,0.0161778325770991,True,,,,,,,,,,,,,,,,,,,,,,,,,,,,,,,
sanity,nuScenes,oracle,brake,J,,,,,,,dE_E5_fp_heavy,0.2,0.159185546281802,0.159185546281802,True,,,,,,,,,,,,,,,,,,,,,,,,,,,,,,,
sanity,nuScenes,oracle,brake,J,,,,,,,dE_E5_fp_heavy,0.3,0.15998394691007606,0.159983946910076,True,,,,,,,,,,,,,,,,,,,,,,,,,,,,,,,
sanity,nuScenes,oracle,brake,J,,,,,,,dE_E5_fp_heavy,0.5,0.24823997395111294,0.2482399739511129,True,,,,,,,,,,,,,,,,,,,,,,,,,,,,,,,
sanity,nuScenes,oracle,brake,J,,,,,,,dE_E5_loc_heavy,0.1,0.007134831525672196,0.0071348315256721,True,,,,,,,,,,,,,,,,,,,,,,,,,,,,,,,
sanity,nuScenes,oracle,brake,J,,,,,,,dE_E5_loc_heavy,0.2,0.24706934935628516,0.2470693493562851,True,,,,,,,,,,,,,,,,,,,,,,,,,,,,,,,
sanity,nuScenes,oracle,brake,J,,,,,,,dE_E5_loc_heavy,0.3,0.2621253906477556,0.2621253906477556,True,,,,,,,,,,,,,,,,,,,,,,,,,,,,,,,
sanity,nuScenes,oracle,brake,J,,,,,,,dE_E5_loc_heavy,0.5,0.35058980363859393,0.3505898036385939,True,,,,,,,,,,,,,,,,,,,,,,,,,,,,,,,
sanity,nuScenes,oracle,brake,J,,,,,,,dE_E6_risk_weighted,0.1,0.6583541403962443,0.6583541403962443,True,,,,,,,,,,,,,,,,,,,,,,,,,,,,,,,
sanity,nuScenes,oracle,brake,J,,,,,,,dE_E6_risk_weighted,0.2,0.6719318687402074,0.6719318687402074,True,,,,,,,,,,,,,,,,,,,,,,,,,,,,,,,
sanity,nuScenes,oracle,brake,J,,,,,,,dE_E6_risk_weighted,0.3,0.6777117062987978,0.6777117062987978,True,,,,,,,,,,,,,,,,,,,,,,,,,,,,,,,
sanity,nuScenes,oracle,brake,J,,,,,,,dE_E6_risk_weighted,0.5,0.7156490294521842,0.7156490294521842,True,,,,,,,,,,,,,,,,,,,,,,,,,,,,,,,
sanity,nuScenes,oracle,brake,J,,,,,,,gate_ridge,0.1,0.16582340188610034,0.1658234018861003,True,,,,,,,,,,,,,,,,,,,,,,,,,,,,,,,
sanity,nuScenes,oracle,brake,J,,,,,,,gate_ridge,0.2,0.2489158665201422,0.2489158665201422,True,,,,,,,,,,,,,,,,,,,,,,,,,,,,,,,
sanity,nuScenes,oracle,brake,J,,,,,,,gate_ridge,0.3,0.4647554568732055,0.4647554568732055,True,,,,,,,,,,,,,,,,,,,,,,,,,,,,,,,
sanity,nuScenes,oracle,brake,J,,,,,,,gate_ridge,0.5,0.6018691736469697,0.6018691736469697,True,,,,,,,,,,,,,,,,,,,,,,,,,,,,,,,
sanity,nuScenes,oracle,brake,J,,,,,,,gate_gbm,0.1,0.08969536020892861,0.0896953602089286,True,,,,,,,,,,,,,,,,,,,,,,,,,,,,,,,
sanity,nuScenes,oracle,brake,J,,,,,,,gate_gbm,0.2,0.16924508953666667,0.1692450895366666,True,,,,,,,,,,,,,,,,,,,,,,,,,,,,,,,
sanity,nuScenes,oracle,brake,J,,,,,,,gate_gbm,0.3,0.33430475246292357,0.3343047524629235,True,,,,,,,,,,,,,,,,,,,,,,,,,,,,,,,
sanity,nuScenes,oracle,brake,J,,,,,,,gate_gbm,0.5,0.5620120618103663,0.5620120618103663,True,,,,,,,,,,,,,,,,,,,,,,,,,,,,,,,
sanity,nuScenes,oracle,brake,J,,,,,,,R1_mlp_reg,0.1,0.12244794769846266,0.1224479476984626,True,,,,,,,,,,,,,,,,,,,,,,,,,,,,,,,
sanity,nuScenes,oracle,brake,J,,,,,,,R1_mlp_reg,0.2,0.3354129409324891,0.3354129409324891,True,,,,,,,,,,,,,,,,,,,,,,,,,,,,,,,
sanity,nuScenes,oracle,brake,J,,,,,,,R1_mlp_reg,0.3,0.404805566842622,0.404805566842622,True,,,,,,,,,,,,,,,,,,,,,,,,,,,,,,,
sanity,nuScenes,oracle,brake,J,,,,,,,R1_mlp_reg,0.5,0.48456343659651824,0.4845634365965182,True,,,,,,,,,,,,,,,,,,,,,,,,,,,,,,,
sanity,nuScenes,oracle,brake,J,,,,,,,R1_mlp_clf,0.1,0.027320160511008187,0.0273201605110081,True,,,,,,,,,,,,,,,,,,,,,,,,,,,,,,,
sanity,nuScenes,oracle,brake,J,,,,,,,R1_mlp_clf,0.2,0.1958776557537452,0.1958776557537452,True,,,,,,,,,,,,,,,,,,,,,,,,,,,,,,,
sanity,nuScenes,oracle,brake,J,,,,,,,R1_mlp_clf,0.3,0.21451302723075102,0.214513027230751,True,,,,,,,,,,,,,,,,,,,,,,,,,,,,,,,
sanity,nuScenes,oracle,brake,J,,,,,,,R1_mlp_clf,0.5,0.3575488983815698,0.3575488983815698,True,,,,,,,,,,,,,,,,,,,,,,,,,,,,,,,
sanity,nuScenes,oracle,brake,J,,,,,,,R1_gbm_reg,0.1,0.15171186948559157,0.1517118694855915,True,,,,,,,,,,,,,,,,,,,,,,,,,,,,,,,
sanity,nuScenes,oracle,brake,J,,,,,,,R1_gbm_reg,0.2,0.39445557456843444,0.3944555745684344,True,,,,,,,,,,,,,,,,,,,,,,,,,,,,,,,
sanity,nuScenes,oracle,brake,J,,,,,,,R1_gbm_reg,0.3,0.5074179273500434,0.5074179273500434,True,,,,,,,,,,,,,,,,,,,,,,,,,,,,,,,
sanity,nuScenes,oracle,brake,J,,,,,,,R1_gbm_reg,0.5,0.5790827561992901,0.5790827561992901,True,,,,,,,,,,,,,,,,,,,,,,,,,,,,,,,
sanity,nuScenes,oracle,brake,J,,,,,,,R1_gbm_clf,0.1,0.093269104620291,0.093269104620291,True,,,,,,,,,,,,,,,,,,,,,,,,,,,,,,,
sanity,nuScenes,oracle,brake,J,,,,,,,R1_gbm_clf,0.2,0.24695466232469712,0.2469546623246971,True,,,,,,,,,,,,,,,,,,,,,,,,,,,,,,,
sanity,nuScenes,oracle,brake,J,,,,,,,R1_gbm_clf,0.3,0.4250451923657248,0.4250451923657248,True,,,,,,,,,,,,,,,,,,,,,,,,,,,,,,,
sanity,nuScenes,oracle,brake,J,,,,,,,R1_gbm_clf,0.5,0.700806005545057,0.700806005545057,True,,,,,,,,,,,,,,,,,,,,,,,,,,,,,,,
sanity,nuScenes,oracle,brake,J,,,,,,,R2_cnn_clf,0.1,-0.1074558688206536,-0.1074558688206536,True,,,,,,,,,,,,,,,,,,,,,,,,,,,,,,,
sanity,nuScenes,oracle,brake,J,,,,,,,R2_cnn_clf,0.2,-0.09667367378700524,-0.0966736737870052,True,,,,,,,,,,,,,,,,,,,,,,,,,,,,,,,
sanity,nuScenes,oracle,brake,J,,,,,,,R2_cnn_clf,0.3,-0.09667367378700524,-0.0966736737870052,True,,,,,,,,,,,,,,,,,,,,,,,,,,,,,,,
sanity,nuScenes,oracle,brake,J,,,,,,,R2_cnn_clf,0.5,0.2648074447579419,0.2648074447579419,True,,,,,,,,,,,,,,,,,,,,,,,,,,,,,,,
sanity,nuScenes,oracle,brake,J,,,,,,,oracle,0.1,1.0,1.0,True,,,,,,,,,,,,,,,,,,,,,,,,,,,,,,,
sanity,nuScenes,oracle,brake,J,,,,,,,oracle,0.2,1.0,1.0,True,,,,,,,,,,,,,,,,,,,,,,,,,,,,,,,
sanity,nuScenes,oracle,brake,J,,,,,,,oracle,0.3,1.0,1.0,True,,,,,,,,,,,,,,,,,,,,,,,,,,,,,,,
sanity,nuScenes,oracle,brake,J,,,,,,,oracle,0.5,1.0,1.0,True,,,,,,,,,,,,,,,,,,,,,,,,,,,,,,,
sanity,nuScenes,oracle,plan_ade,JC_ade,,,,,,,uncertainty,0.1,-0.0881142400443977,-0.0881142400443977,True,,,,,,,,,,,,,,,,,,,,,,,,,,,,,,,
sanity,nuScenes,oracle,plan_ade,JC_ade,,,,,,,uncertainty,0.2,-0.11694134131496564,-0.1169413413149656,True,,,,,,,,,,,,,,,,,,,,,,,,,,,,,,,
sanity,nuScenes,oracle,plan_ade,JC_ade,,,,,,,uncertainty,0.3,-0.1960278759287893,-0.1960278759287893,True,,,,,,,,,,,,,,,,,,,,,,,,,,,,,,,
sanity,nuScenes,oracle,plan_ade,JC_ade,,,,,,,uncertainty,0.5,-0.08858975780058247,-0.0885897578005824,True,,,,,,,,,,,,,,,,,,,,,,,,,,,,,,,
sanity,nuScenes,oracle,plan_ade,JC_ade,,,,,,,criticality_cheap,0.1,-0.19927357348384636,-0.1992735734838463,True,,,,,,,,,,,,,,,,,,,,,,,,,,,,,,,
sanity,nuScenes,oracle,plan_ade,JC_ade,,,,,,,criticality_cheap,0.2,-0.27217026700911195,-0.2721702670091119,True,,,,,,,,,,,,,,,,,,,,,,,,,,,,,,,
sanity,nuScenes,oracle,plan_ade,JC_ade,,,,,,,criticality_cheap,0.3,-0.32115391869936044,-0.3211539186993604,True,,,,,,,,,,,,,,,,,,,,,,,,,,,,,,,
sanity,nuScenes,oracle,plan_ade,JC_ade,,,,,,,criticality_cheap,0.5,-0.20750827277334352,-0.2075082727733435,True,,,,,,,,,,,,,,,,,,,,,,,,,,,,,,,
sanity,nuScenes,oracle,plan_ade,JC_ade,,,,,,,criticality_gt,0.1,-0.3827030528175158,-0.3827030528175158,True,,,,,,,,,,,,,,,,,,,,,,,,,,,,,,,
sanity,nuScenes,oracle,plan_ade,JC_ade,,,,,,,criticality_gt,0.2,-0.19492650057422412,-0.1949265005742241,True,,,,,,,,,,,,,,,,,,,,,,,,,,,,,,,
sanity,nuScenes,oracle,plan_ade,JC_ade,,,,,,,criticality_gt,0.3,-0.2280835208480388,-0.2280835208480388,True,,,,,,,,,,,,,,,,,,,,,,,,,,,,,,,
sanity,nuScenes,oracle,plan_ade,JC_ade,,,,,,,criticality_gt,0.5,-0.18014403447599003,-0.18014403447599,True,,,,,,,,,,,,,,,,,,,,,,,,,,,,,,,
sanity,nuScenes,oracle,plan_ade,JC_ade,,,,,,,PKL,0.1,-0.13606718568955953,-0.1360671856895595,True,,,,,,,,,,,,,,,,,,,,,,,,,,,,,,,
sanity,nuScenes,oracle,plan_ade,JC_ade,,,,,,,PKL,0.2,-0.13168989212921844,-0.1316898921292184,True,,,,,,,,,,,,,,,,,,,,,,,,,,,,,,,
sanity,nuScenes,oracle,plan_ade,JC_ade,,,,,,,PKL,0.3,-0.09415915062556901,-0.094159150625569,True,,,,,,,,,,,,,,,,,,,,,,,,,,,,,,,
sanity,nuScenes,oracle,plan_ade,JC_ade,,,,,,,PKL,0.5,-0.09007432706844404,-0.090074327068444,True,,,,,,,,,,,,,,,,,,,,,,,,,,,,,,,
sanity,nuScenes,oracle,plan_ade,JC_ade,,,,,,,TIP,0.1,-0.24128240479752192,-0.2412824047975219,True,,,,,,,,,,,,,,,,,,,,,,,,,,,,,,,
sanity,nuScenes,oracle,plan_ade,JC_ade,,,,,,,TIP,0.2,-0.18104167183039654,-0.1810416718303965,True,,,,,,,,,,,,,,,,,,,,,,,,,,,,,,,
sanity,nuScenes,oracle,plan_ade,JC_ade,,,,,,,TIP,0.3,-0.13888225328408726,-0.1388822532840872,True,,,,,,,,,,,,,,,,,,,,,,,,,,,,,,,
sanity,nuScenes,oracle,plan_ade,JC_ade,,,,,,,TIP,0.5,-0.13778176495854674,-0.1377817649585467,True,,,,,,,,,,,,,,,,,,,,,,,,,,,,,,,
sanity,nuScenes,oracle,plan_ade,JC_ade,,,,,,,dE_exact,0.1,0.03505215483519454,0.0350521548351945,True,,,,,,,,,,,,,,,,,,,,,,,,,,,,,,,
sanity,nuScenes,oracle,plan_ade,JC_ade,,,,,,,dE_exact,0.2,0.12296543612842749,0.1229654361284274,True,,,,,,,,,,,,,,,,,,,,,,,,,,,,,,,
sanity,nuScenes,oracle,plan_ade,JC_ade,,,,,,,dE_exact,0.3,-0.031652191397174456,-0.0316521913971744,True,,,,,,,,,,,,,,,,,,,,,,,,,,,,,,,
sanity,nuScenes,oracle,plan_ade,JC_ade,,,,,,,dE_exact,0.5,-0.17627895002524208,-0.176278950025242,True,,,,,,,,,,,,,,,,,,,,,,,,,,,,,,,
sanity,nuScenes,oracle,plan_ade,JC_ade,,,,,,,dE_E1_fn_only,0.1,0.03505215483519454,0.0350521548351945,True,,,,,,,,,,,,,,,,,,,,,,,,,,,,,,,
sanity,nuScenes,oracle,plan_ade,JC_ade,,,,,,,dE_E1_fn_only,0.2,0.12296543612842749,0.1229654361284274,True,,,,,,,,,,,,,,,,,,,,,,,,,,,,,,,
sanity,nuScenes,oracle,plan_ade,JC_ade,,,,,,,dE_E1_fn_only,0.3,-0.031652191397174456,-0.0316521913971744,True,,,,,,,,,,,,,,,,,,,,,,,,,,,,,,,
sanity,nuScenes,oracle,plan_ade,JC_ade,,,,,,,dE_E1_fn_only,0.5,-0.17627895002524208,-0.176278950025242,True,,,,,,,,,,,,,,,,,,,,,,,,,,,,,,,
sanity,nuScenes,oracle,plan_ade,JC_ade,,,,,,,dE_E2_fn_fp,0.1,0.01902567414959612,0.0190256741495961,True,,,,,,,,,,,,,,,,,,,,,,,,,,,,,,,
sanity,nuScenes,oracle,plan_ade,JC_ade,,,,,,,dE_E2_fn_fp,0.2,-0.0801375760565632,-0.0801375760565632,True,,,,,,,,,,,,,,,,,,,,,,,,,,,,,,,
sanity,nuScenes,oracle,plan_ade,JC_ade,,,,,,,dE_E2_fn_fp,0.3,-0.13727965770231107,-0.137279657702311,True,,,,,,,,,,,,,,,,,,,,,,,,,,,,,,,
sanity,nuScenes,oracle,plan_ade,JC_ade,,,,,,,dE_E2_fn_fp,0.5,-0.13477200942705908,-0.134772009427059,True,,,,,,,,,,,,,,,,,,,,,,,,,,,,,,,
sanity,nuScenes,oracle,plan_ade,JC_ade,,,,,,,dE_E3_class_aware,0.1,-0.09607321727397403,-0.096073217273974,True,,,,,,,,,,,,,,,,,,,,,,,,,,,,,,,
sanity,nuScenes,oracle,plan_ade,JC_ade,,,,,,,dE_E3_class_aware,0.2,-0.17715525601143864,-0.1771552560114386,True,,,,,,,,,,,,,,,,,,,,,,,,,,,,,,,
sanity,nuScenes,oracle,plan_ade,JC_ade,,,,,,,dE_E3_class_aware,0.3,-0.23110352498648334,-0.2311035249864833,True,,,,,,,,,,,,,,,,,,,,,,,,,,,,,,,
sanity,nuScenes,oracle,plan_ade,JC_ade,,,,,,,dE_E3_class_aware,0.5,-0.1612877502678878,-0.1612877502678878,True,,,,,,,,,,,,,,,,,,,,,,,,,,,,,,,
sanity,nuScenes,oracle,plan_ade,JC_ade,,,,,,,dE_E4_localization,0.1,-0.01078489621290853,-0.0107848962129085,True,,,,,,,,,,,,,,,,,,,,,,,,,,,,,,,
sanity,nuScenes,oracle,plan_ade,JC_ade,,,,,,,dE_E4_localization,0.2,-0.06359983096231994,-0.0635998309623199,True,,,,,,,,,,,,,,,,,,,,,,,,,,,,,,,
sanity,nuScenes,oracle,plan_ade,JC_ade,,,,,,,dE_E4_localization,0.3,0.06258820819759849,0.0625882081975984,True,,,,,,,,,,,,,,,,,,,,,,,,,,,,,,,
sanity,nuScenes,oracle,plan_ade,JC_ade,,,,,,,dE_E4_localization,0.5,-0.19440631872359912,-0.1944063187235991,True,,,,,,,,,,,,,,,,,,,,,,,,,,,,,,,
sanity,nuScenes,oracle,plan_ade,JC_ade,,,,,,,dE_E5_combined,0.1,-0.03502133909910484,-0.0350213390991048,True,,,,,,,,,,,,,,,,,,,,,,,,,,,,,,,
sanity,nuScenes,oracle,plan_ade,JC_ade,,,,,,,dE_E5_combined,0.2,-0.10690589169707952,-0.1069058916970795,True,,,,,,,,,,,,,,,,,,,,,,,,,,,,,,,
sanity,nuScenes,oracle,plan_ade,JC_ade,,,,,,,dE_E5_combined,0.3,-0.31654286678047283,-0.3165428667804728,True,,,,,,,,,,,,,,,,,,,,,,,,,,,,,,,
sanity,nuScenes,oracle,plan_ade,JC_ade,,,,,,,dE_E5_combined,0.5,-0.3299740026787341,-0.3299740026787341,True,,,,,,,,,,,,,,,,,,,,,,,,,,,,,,,
sanity,nuScenes,oracle,plan_ade,JC_ade,,,,,,,dE_E5_fp_heavy,0.1,0.046130576542057565,0.0461305765420575,True,,,,,,,,,,,,,,,,,,,,,,,,,,,,,,,
sanity,nuScenes,oracle,plan_ade,JC_ade,,,,,,,dE_E5_fp_heavy,0.2,-0.19139009473590207,-0.191390094735902,True,,,,,,,,,,,,,,,,,,,,,,,,,,,,,,,
sanity,nuScenes,oracle,plan_ade,JC_ade,,,,,,,dE_E5_fp_heavy,0.3,-0.24763376252761285,-0.2476337625276128,True,,,,,,,,,,,,,,,,,,,,,,,,,,,,,,,
sanity,nuScenes,oracle,plan_ade,JC_ade,,,,,,,dE_E5_fp_heavy,0.5,-0.2641284445328845,-0.2641284445328845,True,,,,,,,,,,,,,,,,,,,,,,,,,,,,,,,
sanity,nuScenes,oracle,plan_ade,JC_ade,,,,,,,dE_E5_loc_heavy,0.1,-0.10901027222987437,-0.1090102722298743,True,,,,,,,,,,,,,,,,,,,,,,,,,,,,,,,
sanity,nuScenes,oracle,plan_ade,JC_ade,,,,,,,dE_E5_loc_heavy,0.2,-0.14232030938551524,-0.1423203093855152,True,,,,,,,,,,,,,,,,,,,,,,,,,,,,,,,
sanity,nuScenes,oracle,plan_ade,JC_ade,,,,,,,dE_E5_loc_heavy,0.3,-0.2201468282830801,-0.2201468282830801,True,,,,,,,,,,,,,,,,,,,,,,,,,,,,,,,
sanity,nuScenes,oracle,plan_ade,JC_ade,,,,,,,dE_E5_loc_heavy,0.5,-0.21846877565034045,-0.2184687756503404,True,,,,,,,,,,,,,,,,,,,,,,,,,,,,,,,
sanity,nuScenes,oracle,plan_ade,JC_ade,,,,,,,dE_E6_risk_weighted,0.1,-0.22875816642639518,-0.2287581664263951,True,,,,,,,,,,,,,,,,,,,,,,,,,,,,,,,
sanity,nuScenes,oracle,plan_ade,JC_ade,,,,,,,dE_E6_risk_weighted,0.2,-0.08542398047032579,-0.0854239804703257,True,,,,,,,,,,,,,,,,,,,,,,,,,,,,,,,
sanity,nuScenes,oracle,plan_ade,JC_ade,,,,,,,dE_E6_risk_weighted,0.3,-0.06620817391905183,-0.0662081739190518,True,,,,,,,,,,,,,,,,,,,,,,,,,,,,,,,
sanity,nuScenes,oracle,plan_ade,JC_ade,,,,,,,dE_E6_risk_weighted,0.5,-0.053202195041162734,-0.0532021950411627,True,,,,,,,,,,,,,,,,,,,,,,,,,,,,,,,
sanity,nuScenes,oracle,plan_ade,JC_ade,,,,,,,gate_ridge,0.1,-0.009265096424390837,-0.0092650964243908,True,,,,,,,,,,,,,,,,,,,,,,,,,,,,,,,
sanity,nuScenes,oracle,plan_ade,JC_ade,,,,,,,gate_ridge,0.2,-0.14951677306580266,-0.1495167730658026,True,,,,,,,,,,,,,,,,,,,,,,,,,,,,,,,
sanity,nuScenes,oracle,plan_ade,JC_ade,,,,,,,gate_ridge,0.3,-0.07348990355950233,-0.0734899035595023,True,,,,,,,,,,,,,,,,,,,,,,,,,,,,,,,
sanity,nuScenes,oracle,plan_ade,JC_ade,,,,,,,gate_ridge,0.5,-0.0341929079617905,-0.0341929079617905,True,,,,,,,,,,,,,,,,,,,,,,,,,,,,,,,
sanity,nuScenes,oracle,plan_ade,JC_ade,,,,,,,gate_gbm,0.1,-0.18853269470414244,-0.1885326947041424,True,,,,,,,,,,,,,,,,,,,,,,,,,,,,,,,
sanity,nuScenes,oracle,plan_ade,JC_ade,,,,,,,gate_gbm,0.2,-0.14108214615702183,-0.1410821461570218,True,,,,,,,,,,,,,,,,,,,,,,,,,,,,,,,
sanity,nuScenes,oracle,plan_ade,JC_ade,,,,,,,gate_gbm,0.3,-0.0797258835987431,-0.0797258835987431,True,,,,,,,,,,,,,,,,,,,,,,,,,,,,,,,
sanity,nuScenes,oracle,plan_ade,JC_ade,,,,,,,gate_gbm,0.5,0.037893313914468325,0.0378933139144683,True,,,,,,,,,,,,,,,,,,,,,,,,,,,,,,,
sanity,nuScenes,oracle,plan_ade,JC_ade,,,,,,,R1_mlp_reg,0.1,-0.012594000353492958,-0.0125940003534929,True,,,,,,,,,,,,,,,,,,,,,,,,,,,,,,,
sanity,nuScenes,oracle,plan_ade,JC_ade,,,,,,,R1_mlp_reg,0.2,-0.07867243592753685,-0.0786724359275368,True,,,,,,,,,,,,,,,,,,,,,,,,,,,,,,,
sanity,nuScenes,oracle,plan_ade,JC_ade,,,,,,,R1_mlp_reg,0.3,-0.17668922369122764,-0.1766892236912276,True,,,,,,,,,,,,,,,,,,,,,,,,,,,,,,,
sanity,nuScenes,oracle,plan_ade,JC_ade,,,,,,,R1_mlp_reg,0.5,-0.11926426027116616,-0.1192642602711661,True,,,,,,,,,,,,,,,,,,,,,,,,,,,,,,,
sanity,nuScenes,oracle,plan_ade,JC_ade,,,,,,,R1_mlp_clf,0.1,-0.06952820996079574,-0.0695282099607957,True,,,,,,,,,,,,,,,,,,,,,,,,,,,,,,,
sanity,nuScenes,oracle,plan_ade,JC_ade,,,,,,,R1_mlp_clf,0.2,-0.07391448789488352,-0.0739144878948835,True,,,,,,,,,,,,,,,,,,,,,,,,,,,,,,,
sanity,nuScenes,oracle,plan_ade,JC_ade,,,,,,,R1_mlp_clf,0.3,0.09220658945288547,0.0922065894528854,True,,,,,,,,,,,,,,,,,,,,,,,,,,,,,,,
sanity,nuScenes,oracle,plan_ade,JC_ade,,,,,,,R1_mlp_clf,0.5,0.12386537931883569,0.1238653793188356,True,,,,,,,,,,,,,,,,,,,,,,,,,,,,,,,
sanity,nuScenes,oracle,plan_ade,JC_ade,,,,,,,R1_gbm_reg,0.1,-0.11261958935835159,-0.1126195893583515,True,,,,,,,,,,,,,,,,,,,,,,,,,,,,,,,
sanity,nuScenes,oracle,plan_ade,JC_ade,,,,,,,R1_gbm_reg,0.2,-0.08348500647360639,-0.0834850064736063,True,,,,,,,,,,,,,,,,,,,,,,,,,,,,,,,
sanity,nuScenes,oracle,plan_ade,JC_ade,,,,,,,R1_gbm_reg,0.3,-0.17087043458068965,-0.1708704345806896,True,,,,,,,,,,,,,,,,,,,,,,,,,,,,,,,
sanity,nuScenes,oracle,plan_ade,JC_ade,,,,,,,R1_gbm_reg,0.5,-0.11311368626798829,-0.1131136862679882,True,,,,,,,,,,,,,,,,,,,,,,,,,,,,,,,
sanity,nuScenes,oracle,plan_ade,JC_ade,,,,,,,R1_gbm_clf,0.1,-0.02881496074662096,-0.0288149607466209,True,,,,,,,,,,,,,,,,,,,,,,,,,,,,,,,
sanity,nuScenes,oracle,plan_ade,JC_ade,,,,,,,R1_gbm_clf,0.2,0.031370783877119605,0.0313707838771196,True,,,,,,,,,,,,,,,,,,,,,,,,,,,,,,,
sanity,nuScenes,oracle,plan_ade,JC_ade,,,,,,,R1_gbm_clf,0.3,-0.0660281631283882,-0.0660281631283882,True,,,,,,,,,,,,,,,,,,,,,,,,,,,,,,,
sanity,nuScenes,oracle,plan_ade,JC_ade,,,,,,,R1_gbm_clf,0.5,-0.03697542699215782,-0.0369754269921578,True,,,,,,,,,,,,,,,,,,,,,,,,,,,,,,,
sanity,nuScenes,oracle,plan_ade,JC_ade,,,,,,,R2_cnn_clf,0.1,-0.03307578899644341,-0.0330757889964434,True,,,,,,,,,,,,,,,,,,,,,,,,,,,,,,,
sanity,nuScenes,oracle,plan_ade,JC_ade,,,,,,,R2_cnn_clf,0.2,-0.05495711935264491,-0.0549571193526449,True,,,,,,,,,,,,,,,,,,,,,,,,,,,,,,,
sanity,nuScenes,oracle,plan_ade,JC_ade,,,,,,,R2_cnn_clf,0.3,-0.2026599595820002,-0.2026599595820002,True,,,,,,,,,,,,,,,,,,,,,,,,,,,,,,,
sanity,nuScenes,oracle,plan_ade,JC_ade,,,,,,,R2_cnn_clf,0.5,-0.224890655775239,-0.224890655775239,True,,,,,,,,,,,,,,,,,,,,,,,,,,,,,,,
sanity,nuScenes,oracle,plan_ade,JC_ade,,,,,,,oracle,0.1,1.0,1.0,True,,,,,,,,,,,,,,,,,,,,,,,,,,,,,,,
sanity,nuScenes,oracle,plan_ade,JC_ade,,,,,,,oracle,0.2,1.0,1.0,True,,,,,,,,,,,,,,,,,,,,,,,,,,,,,,,
sanity,nuScenes,oracle,plan_ade,JC_ade,,,,,,,oracle,0.3,1.0,1.0,True,,,,,,,,,,,,,,,,,,,,,,,,,,,,,,,
sanity,nuScenes,oracle,plan_ade,JC_ade,,,,,,,oracle,0.5,1.0,1.0,True,,,,,,,,,,,,,,,,,,,,,,,,,,,,,,,
sanity,nuScenes,oracle,plan_fde,JC_fde,,,,,,,uncertainty,0.1,-0.02151304052265634,-0.0215130405226563,True,,,,,,,,,,,,,,,,,,,,,,,,,,,,,,,
sanity,nuScenes,oracle,plan_fde,JC_fde,,,,,,,uncertainty,0.2,-0.015954177836318792,-0.0159541778363187,True,,,,,,,,,,,,,,,,,,,,,,,,,,,,,,,
sanity,nuScenes,oracle,plan_fde,JC_fde,,,,,,,uncertainty,0.3,0.01724700373594321,0.0172470037359432,True,,,,,,,,,,,,,,,,,,,,,,,,,,,,,,,
sanity,nuScenes,oracle,plan_fde,JC_fde,,,,,,,uncertainty,0.5,0.14260855671579079,0.1426085567157907,True,,,,,,,,,,,,,,,,,,,,,,,,,,,,,,,
sanity,nuScenes,oracle,plan_fde,JC_fde,,,,,,,criticality_cheap,0.1,-0.07757944140434776,-0.0775794414043477,True,,,,,,,,,,,,,,,,,,,,,,,,,,,,,,,
sanity,nuScenes,oracle,plan_fde,JC_fde,,,,,,,criticality_cheap,0.2,-0.14177202977572098,-0.1417720297757209,True,,,,,,,,,,,,,,,,,,,,,,,,,,,,,,,
sanity,nuScenes,oracle,plan_fde,JC_fde,,,,,,,criticality_cheap,0.3,-0.08882120058036978,-0.0888212005803697,True,,,,,,,,,,,,,,,,,,,,,,,,,,,,,,,
sanity,nuScenes,oracle,plan_fde,JC_fde,,,,,,,criticality_cheap,0.5,-0.003926033408473346,-0.0039260334084733,True,,,,,,,,,,,,,,,,,,,,,,,,,,,,,,,
sanity,nuScenes,oracle,plan_fde,JC_fde,,,,,,,criticality_gt,0.1,-0.2647492672622467,-0.2647492672622467,True,,,,,,,,,,,,,,,,,,,,,,,,,,,,,,,
sanity,nuScenes,oracle,plan_fde,JC_fde,,,,,,,criticality_gt,0.2,-0.004805770274290848,-0.0048057702742908,True,,,,,,,,,,,,,,,,,,,,,,,,,,,,,,,
sanity,nuScenes,oracle,plan_fde,JC_fde,,,,,,,criticality_gt,0.3,-0.00046668816117424804,-0.0004666881611742,True,,,,,,,,,,,,,,,,,,,,,,,,,,,,,,,
sanity,nuScenes,oracle,plan_fde,JC_fde,,,,,,,criticality_gt,0.5,0.09392431604932061,0.0939243160493206,True,,,,,,,,,,,,,,,,,,,,,,,,,,,,,,,
sanity,nuScenes,oracle,plan_fde,JC_fde,,,,,,,PKL,0.1,-0.0828778036881658,-0.0828778036881658,True,,,,,,,,,,,,,,,,,,,,,,,,,,,,,,,
sanity,nuScenes,oracle,plan_fde,JC_fde,,,,,,,PKL,0.2,0.12380735804932526,0.1238073580493252,True,,,,,,,,,,,,,,,,,,,,,,,,,,,,,,,
sanity,nuScenes,oracle,plan_fde,JC_fde,,,,,,,PKL,0.3,0.1593816869041688,0.1593816869041688,True,,,,,,,,,,,,,,,,,,,,,,,,,,,,,,,
sanity,nuScenes,oracle,plan_fde,JC_fde,,,,,,,PKL,0.5,0.1593816869041688,0.1593816869041688,True,,,,,,,,,,,,,,,,,,,,,,,,,,,,,,,
sanity,nuScenes,oracle,plan_fde,JC_fde,,,,,,,TIP,0.1,-0.16077127460798993,-0.1607712746079899,True,,,,,,,,,,,,,,,,,,,,,,,,,,,,,,,
sanity,nuScenes,oracle,plan_fde,JC_fde,,,,,,,TIP,0.2,-0.03462944177109166,-0.0346294417710916,True,,,,,,,,,,,,,,,,,,,,,,,,,,,,,,,
sanity,nuScenes,oracle,plan_fde,JC_fde,,,,,,,TIP,0.3,0.013004312488929947,0.0130043124889299,True,,,,,,,,,,,,,,,,,,,,,,,,,,,,,,,
sanity,nuScenes,oracle,plan_fde,JC_fde,,,,,,,TIP,0.5,0.013004312488929947,0.0130043124889299,True,,,,,,,,,,,,,,,,,,,,,,,,,,,,,,,
sanity,nuScenes,oracle,plan_fde,JC_fde,,,,,,,dE_exact,0.1,0.010592125954153096,0.010592125954153,True,,,,,,,,,,,,,,,,,,,,,,,,,,,,,,,
sanity,nuScenes,oracle,plan_fde,JC_fde,,,,,,,dE_exact,0.2,0.12124487754835049,0.1212448775483504,True,,,,,,,,,,,,,,,,,,,,,,,,,,,,,,,
sanity,nuScenes,oracle,plan_fde,JC_fde,,,,,,,dE_exact,0.3,0.108106947493719,0.108106947493719,True,,,,,,,,,,,,,,,,,,,,,,,,,,,,,,,
sanity,nuScenes,oracle,plan_fde,JC_fde,,,,,,,dE_exact,0.5,0.11926833642264609,0.119268336422646,True,,,,,,,,,,,,,,,,,,,,,,,,,,,,,,,
sanity,nuScenes,oracle,plan_fde,JC_fde,,,,,,,dE_E1_fn_only,0.1,0.010592125954153096,0.010592125954153,True,,,,,,,,,,,,,,,,,,,,,,,,,,,,,,,
sanity,nuScenes,oracle,plan_fde,JC_fde,,,,,,,dE_E1_fn_only,0.2,0.12124487754835049,0.1212448775483504,True,,,,,,,,,,,,,,,,,,,,,,,,,,,,,,,
sanity,nuScenes,oracle,plan_fde,JC_fde,,,,,,,dE_E1_fn_only,0.3,0.108106947493719,0.108106947493719,True,,,,,,,,,,,,,,,,,,,,,,,,,,,,,,,
sanity,nuScenes,oracle,plan_fde,JC_fde,,,,,,,dE_E1_fn_only,0.5,0.11926833642264609,0.119268336422646,True,,,,,,,,,,,,,,,,,,,,,,,,,,,,,,,
sanity,nuScenes,oracle,plan_fde,JC_fde,,,,,,,dE_E2_fn_fp,0.1,0.03984159788047928,0.0398415978804792,True,,,,,,,,,,,,,,,,,,,,,,,,,,,,,,,
sanity,nuScenes,oracle,plan_fde,JC_fde,,,,,,,dE_E2_fn_fp,0.2,0.049671555388959926,0.0496715553889599,True,,,,,,,,,,,,,,,,,,,,,,,,,,,,,,,
sanity,nuScenes,oracle,plan_fde,JC_fde,,,,,,,dE_E2_fn_fp,0.3,0.07313864344691802,0.073138643446918,True,,,,,,,,,,,,,,,,,,,,,,,,,,,,,,,
sanity,nuScenes,oracle,plan_fde,JC_fde,,,,,,,dE_E2_fn_fp,0.5,0.14279089224279481,0.1427908922427948,True,,,,,,,,,,,,,,,,,,,,,,,,,,,,,,,
sanity,nuScenes,oracle,plan_fde,JC_fde,,,,,,,dE_E3_class_aware,0.1,-0.00040899623100969885,-0.0004089962310096,True,,,,,,,,,,,,,,,,,,,,,,,,,,,,,,,
sanity,nuScenes,oracle,plan_fde,JC_fde,,,,,,,dE_E3_class_aware,0.2,-0.010051693599986667,-0.0100516935999866,True,,,,,,,,,,,,,,,,,,,,,,,,,,,,,,,
sanity,nuScenes,oracle,plan_fde,JC_fde,,,,,,,dE_E3_class_aware,0.3,-0.0036141530889087785,-0.0036141530889087,True,,,,,,,,,,,,,,,,,,,,,,,,,,,,,,,
sanity,nuScenes,oracle,plan_fde,JC_fde,,,,,,,dE_E3_class_aware,0.5,0.08281006420557999,0.0828100642055799,True,,,,,,,,,,,,,,,,,,,,,,,,,,,,,,,
sanity,nuScenes,oracle,plan_fde,JC_fde,,,,,,,dE_E4_localization,0.1,0.008931771647078486,0.0089317716470784,True,,,,,,,,,,,,,,,,,,,,,,,,,,,,,,,
sanity,nuScenes,oracle,plan_fde,JC_fde,,,,,,,dE_E4_localization,0.2,-0.029667401932317004,-0.029667401932317,True,,,,,,,,,,,,,,,,,,,,,,,,,,,,,,,
sanity,nuScenes,oracle,plan_fde,JC_fde,,,,,,,dE_E4_localization,0.3,0.14596522596915582,0.1459652259691558,True,,,,,,,,,,,,,,,,,,,,,,,,,,,,,,,
sanity,nuScenes,oracle,plan_fde,JC_fde,,,,,,,dE_E4_localization,0.5,0.11077379163321802,0.110773791633218,True,,,,,,,,,,,,,,,,,,,,,,,,,,,,,,,
sanity,nuScenes,oracle,plan_fde,JC_fde,,,,,,,dE_E5_combined,0.1,0.02072433631480662,0.0207243363148066,True,,,,,,,,,,,,,,,,,,,,,,,,,,,,,,,
sanity,nuScenes,oracle,plan_fde,JC_fde,,,,,,,dE_E5_combined,0.2,0.10608737001090812,0.1060873700109081,True,,,,,,,,,,,,,,,,,,,,,,,,,,,,,,,
sanity,nuScenes,oracle,plan_fde,JC_fde,,,,,,,dE_E5_combined,0.3,-0.006780997157965806,-0.0067809971579658,True,,,,,,,,,,,,,,,,,,,,,,,,,,,,,,,
sanity,nuScenes,oracle,plan_fde,JC_fde,,,,,,,dE_E5_combined,0.5,0.038932099165034796,0.0389320991650347,True,,,,,,,,,,,,,,,,,,,,,,,,,,,,,,,
sanity,nuScenes,oracle,plan_fde,JC_fde,,,,,,,dE_E5_fp_heavy,0.1,0.0519400417668457,0.0519400417668457,True,,,,,,,,,,,,,,,,,,,,,,,,,,,,,,,
sanity,nuScenes,oracle,plan_fde,JC_fde,,,,,,,dE_E5_fp_heavy,0.2,0.03776539018659819,0.0377653901865981,True,,,,,,,,,,,,,,,,,,,,,,,,,,,,,,,
sanity,nuScenes,oracle,plan_fde,JC_fde,,,,,,,dE_E5_fp_heavy,0.3,0.03332969939752775,0.0333296993975277,True,,,,,,,,,,,,,,,,,,,,,,,,,,,,,,,
sanity,nuScenes,oracle,plan_fde,JC_fde,,,,,,,dE_E5_fp_heavy,0.5,0.011737648561119668,0.0117376485611196,True,,,,,,,,,,,,,,,,,,,,,,,,,,,,,,,
sanity,nuScenes,oracle,plan_fde,JC_fde,,,,,,,dE_E5_loc_heavy,0.1,0.012956333736729594,0.0129563337367295,True,,,,,,,,,,,,,,,,,,,,,,,,,,,,,,,
sanity,nuScenes,oracle,plan_fde,JC_fde,,,,,,,dE_E5_loc_heavy,0.2,0.01804843681681142,0.0180484368168114,True,,,,,,,,,,,,,,,,,,,,,,,,,,,,,,,
sanity,nuScenes,oracle,plan_fde,JC_fde,,,,,,,dE_E5_loc_heavy,0.3,0.010624002986694796,0.0106240029866947,True,,,,,,,,,,,,,,,,,,,,,,,,,,,,,,,
sanity,nuScenes,oracle,plan_fde,JC_fde,,,,,,,dE_E5_loc_heavy,0.5,-0.00031239753871246516,-0.0003123975387124,True,,,,,,,,,,,,,,,,,,,,,,,,,,,,,,,
sanity,nuScenes,oracle,plan_fde,JC_fde,,,,,,,dE_E6_risk_weighted,0.1,-0.1381199380362839,-0.1381199380362839,True,,,,,,,,,,,,,,,,,,,,,,,,,,,,,,,
sanity,nuScenes,oracle,plan_fde,JC_fde,,,,,,,dE_E6_risk_weighted,0.2,-0.035622445563965564,-0.0356224455639655,True,,,,,,,,,,,,,,,,,,,,,,,,,,,,,,,
sanity,nuScenes,oracle,plan_fde,JC_fde,,,,,,,dE_E6_risk_weighted,0.3,0.08023067429875964,0.0802306742987596,True,,,,,,,,,,,,,,,,,,,,,,,,,,,,,,,
sanity,nuScenes,oracle,plan_fde,JC_fde,,,,,,,dE_E6_risk_weighted,0.5,0.1349609997737653,0.1349609997737653,True,,,,,,,,,,,,,,,,,,,,,,,,,,,,,,,
sanity,nuScenes,oracle,plan_fde,JC_fde,,,,,,,gate_ridge,0.1,0.03540876796386835,0.0354087679638683,True,,,,,,,,,,,,,,,,,,,,,,,,,,,,,,,
sanity,nuScenes,oracle,plan_fde,JC_fde,,,,,,,gate_ridge,0.2,0.029979351467357293,0.0299793514673572,True,,,,,,,,,,,,,,,,,,,,,,,,,,,,,,,
sanity,nuScenes,oracle,plan_fde,JC_fde,,,,,,,gate_ridge,0.3,-0.03659351943047838,-0.0365935194304783,True,,,,,,,,,,,,,,,,,,,,,,,,,,,,,,,
sanity,nuScenes,oracle,plan_fde,JC_fde,,,,,,,gate_ridge,0.5,0.0669723709760428,0.0669723709760428,True,,,,,,,,,,,,,,,,,,,,,,,,,,,,,,,
sanity,nuScenes,oracle,plan_fde,JC_fde,,,,,,,gate_gbm,0.1,-0.01328344100306386,-0.0132834410030638,True,,,,,,,,,,,,,,,,,,,,,,,,,,,,,,,
sanity,nuScenes,oracle,plan_fde,JC_fde,,,,,,,gate_gbm,0.2,0.12469626769972209,0.124696267699722,True,,,,,,,,,,,,,,,,,,,,,,,,,,,,,,,
sanity,nuScenes,oracle,plan_fde,JC_fde,,,,,,,gate_gbm,0.3,0.11220797010038654,0.1122079701003865,True,,,,,,,,,,,,,,,,,,,,,,,,,,,,,,,
sanity,nuScenes,oracle,plan_fde,JC_fde,,,,,,,gate_gbm,0.5,0.12273991433807198,0.1227399143380719,True,,,,,,,,,,,,,,,,,,,,,,,,,,,,,,,
sanity,nuScenes,oracle,plan_fde,JC_fde,,,,,,,R1_mlp_reg,0.1,0.07267983790388434,0.0726798379038843,True,,,,,,,,,,,,,,,,,,,,,,,,,,,,,,,
sanity,nuScenes,oracle,plan_fde,JC_fde,,,,,,,R1_mlp_reg,0.2,0.036766717039598974,0.0367667170395989,True,,,,,,,,,,,,,,,,,,,,,,,,,,,,,,,
sanity,nuScenes,oracle,plan_fde,JC_fde,,,,,,,R1_mlp_reg,0.3,0.11473647675225888,0.1147364767522588,True,,,,,,,,,,,,,,,,,,,,,,,,,,,,,,,
sanity,nuScenes,oracle,plan_fde,JC_fde,,,,,,,R1_mlp_reg,0.5,0.13417540227546623,0.1341754022754662,True,,,,,,,,,,,,,,,,,,,,,,,,,,,,,,,
sanity,nuScenes,oracle,plan_fde,JC_fde,,,,,,,R1_mlp_clf,0.1,-0.042341238301168004,-0.042341238301168,True,,,,,,,,,,,,,,,,,,,,,,,,,,,,,,,
sanity,nuScenes,oracle,plan_fde,JC_fde,,,,,,,R1_mlp_clf,0.2,-0.04735201316023637,-0.0473520131602363,True,,,,,,,,,,,,,,,,,,,,,,,,,,,,,,,
sanity,nuScenes,oracle,plan_fde,JC_fde,,,,,,,R1_mlp_clf,0.3,-0.08304459415173075,-0.0830445941517307,True,,,,,,,,,,,,,,,,,,,,,,,,,,,,,,,
sanity,nuScenes,oracle,plan_fde,JC_fde,,,,,,,R1_mlp_clf,0.5,-0.016724703653004415,-0.0167247036530044,True,,,,,,,,,,,,,,,,,,,,,,,,,,,,,,,
sanity,nuScenes,oracle,plan_fde,JC_fde,,,,,,,R1_gbm_reg,0.1,-0.0039883128803981285,-0.0039883128803981,True,,,,,,,,,,,,,,,,,,,,,,,,,,,,,,,
sanity,nuScenes,oracle,plan_fde,JC_fde,,,,,,,R1_gbm_reg,0.2,-0.09308908145973095,-0.0930890814597309,True,,,,,,,,,,,,,,,,,,,,,,,,,,,,,,,
sanity,nuScenes,oracle,plan_fde,JC_fde,,,,,,,R1_gbm_reg,0.3,-0.08452799021485752,-0.0845279902148575,True,,,,,,,,,,,,,,,,,,,,,,,,,,,,,,,
sanity,nuScenes,oracle,plan_fde,JC_fde,,,,,,,R1_gbm_reg,0.5,-0.022988671235518066,-0.022988671235518,True,,,,,,,,,,,,,,,,,,,,,,,,,,,,,,,
sanity,nuScenes,oracle,plan_fde,JC_fde,,,,,,,R1_gbm_clf,0.1,-0.017443552585882666,-0.0174435525858826,True,,,,,,,,,,,,,,,,,,,,,,,,,,,,,,,
sanity,nuScenes,oracle,plan_fde,JC_fde,,,,,,,R1_gbm_clf,0.2,0.06495945197443771,0.0649594519744377,True,,,,,,,,,,,,,,,,,,,,,,,,,,,,,,,
sanity,nuScenes,oracle,plan_fde,JC_fde,,,,,,,R1_gbm_clf,0.3,0.046591408739189585,0.0465914087391895,True,,,,,,,,,,,,,,,,,,,,,,,,,,,,,,,
sanity,nuScenes,oracle,plan_fde,JC_fde,,,,,,,R1_gbm_clf,0.5,0.1282777718760875,0.1282777718760875,True,,,,,,,,,,,,,,,,,,,,,,,,,,,,,,,
sanity,nuScenes,oracle,plan_fde,JC_fde,,,,,,,R2_cnn_clf,0.1,-0.04912936429440921,-0.0491293642944092,True,,,,,,,,,,,,,,,,,,,,,,,,,,,,,,,
sanity,nuScenes,oracle,plan_fde,JC_fde,,,,,,,R2_cnn_clf,0.2,0.029044066768565833,0.0290440667685658,True,,,,,,,,,,,,,,,,,,,,,,,,,,,,,,,
sanity,nuScenes,oracle,plan_fde,JC_fde,,,,,,,R2_cnn_clf,0.3,0.11674576568924872,0.1167457656892487,True,,,,,,,,,,,,,,,,,,,,,,,,,,,,,,,
sanity,nuScenes,oracle,plan_fde,JC_fde,,,,,,,R2_cnn_clf,0.5,0.1482350045934707,0.1482350045934707,True,,,,,,,,,,,,,,,,,,,,,,,,,,,,,,,
sanity,nuScenes,oracle,plan_fde,JC_fde,,,,,,,oracle,0.1,1.0,1.0,True,,,,,,,,,,,,,,,,,,,,,,,,,,,,,,,
sanity,nuScenes,oracle,plan_fde,JC_fde,,,,,,,oracle,0.2,1.0,1.0,True,,,,,,,,,,,,,,,,,,,,,,,,,,,,,,,
sanity,nuScenes,oracle,plan_fde,JC_fde,,,,,,,oracle,0.3,1.0,1.0,True,,,,,,,,,,,,,,,,,,,,,,,,,,,,,,,
sanity,nuScenes,oracle,plan_fde,JC_fde,,,,,,,oracle,0.5,1.0,1.0,True,,,,,,,,,,,,,,,,,,,,,,,,,,,,,,,
sanity,nuScenes,mono,brake,J,,,,,,,uncertainty,0.1,0.03450423911912914,0.0345042391191291,True,,,,,,,,,,,,,,,,,,,,,,,,,,,,,,,
sanity,nuScenes,mono,brake,J,,,,,,,uncertainty,0.2,0.08696909186510106,0.086969091865101,True,,,,,,,,,,,,,,,,,,,,,,,,,,,,,,,
sanity,nuScenes,mono,brake,J,,,,,,,uncertainty,0.3,0.30263640624463456,0.3026364062446345,True,,,,,,,,,,,,,,,,,,,,,,,,,,,,,,,
sanity,nuScenes,mono,brake,J,,,,,,,uncertainty,0.5,0.2887990556475235,0.2887990556475235,True,,,,,,,,,,,,,,,,,,,,,,,,,,,,,,,
sanity,nuScenes,mono,brake,J,,,,,,,criticality_cheap,0.1,0.1858161743153218,0.1858161743153218,True,,,,,,,,,,,,,,,,,,,,,,,,,,,,,,,
sanity,nuScenes,mono,brake,J,,,,,,,criticality_cheap,0.2,0.40069718799275605,0.400697187992756,True,,,,,,,,,,,,,,,,,,,,,,,,,,,,,,,
sanity,nuScenes,mono,brake,J,,,,,,,criticality_cheap,0.3,0.5592852753061474,0.5592852753061474,True,,,,,,,,,,,,,,,,,,,,,,,,,,,,,,,
sanity,nuScenes,mono,brake,J,,,,,,,criticality_cheap,0.5,0.46714151105107365,0.4671415110510736,True,,,,,,,,,,,,,,,,,,,,,,,,,,,,,,,
sanity,nuScenes,mono,brake,J,,,,,,,criticality_gt,0.1,0.0918592765619903,0.0918592765619903,True,,,,,,,,,,,,,,,,,,,,,,,,,,,,,,,
sanity,nuScenes,mono,brake,J,,,,,,,criticality_gt,0.2,0.3166801917252555,0.3166801917252555,True,,,,,,,,,,,,,,,,,,,,,,,,,,,,,,,
sanity,nuScenes,mono,brake,J,,,,,,,criticality_gt,0.3,0.498558797253663,0.498558797253663,True,,,,,,,,,,,,,,,,,,,,,,,,,,,,,,,
sanity,nuScenes,mono,brake,J,,,,,,,criticality_gt,0.5,0.6044665809993208,0.6044665809993208,True,,,,,,,,,,,,,,,,,,,,,,,,,,,,,,,
sanity,nuScenes,mono,brake,J,,,,,,,PKL,0.1,-0.006170716238577295,-0.0061707162385772,True,,,,,,,,,,,,,,,,,,,,,,,,,,,,,,,
sanity,nuScenes,mono,brake,J,,,,,,,PKL,0.2,0.20879369016796298,0.2087936901679629,True,,,,,,,,,,,,,,,,,,,,,,,,,,,,,,,
sanity,nuScenes,mono,brake,J,,,,,,,PKL,0.3,0.27074566812049744,0.2707456681204974,True,,,,,,,,,,,,,,,,,,,,,,,,,,,,,,,
sanity,nuScenes,mono,brake,J,,,,,,,PKL,0.5,0.306575112835276,0.306575112835276,True,,,,,,,,,,,,,,,,,,,,,,,,,,,,,,,
sanity,nuScenes,mono,brake,J,,,,,,,TIP,0.1,-0.0349271283091768,-0.0349271283091768,True,,,,,,,,,,,,,,,,,,,,,,,,,,,,,,,
sanity,nuScenes,mono,brake,J,,,,,,,TIP,0.2,0.1051511650305403,0.1051511650305403,True,,,,,,,,,,,,,,,,,,,,,,,,,,,,,,,
sanity,nuScenes,mono,brake,J,,,,,,,TIP,0.3,0.17595544478079037,0.1759554447807903,True,,,,,,,,,,,,,,,,,,,,,,,,,,,,,,,
sanity,nuScenes,mono,brake,J,,,,,,,TIP,0.5,0.22362468790943354,0.2236246879094335,True,,,,,,,,,,,,,,,,,,,,,,,,,,,,,,,
sanity,nuScenes,mono,brake,J,,,,,,,dE_exact,0.1,0.07300931213835064,0.0730093121383506,True,,,,,,,,,,,,,,,,,,,,,,,,,,,,,,,
sanity,nuScenes,mono,brake,J,,,,,,,dE_exact,0.2,0.2029420961496387,0.2029420961496387,True,,,,,,,,,,,,,,,,,,,,,,,,,,,,,,,
sanity,nuScenes,mono,brake,J,,,,,,,dE_exact,0.3,0.30774430696777916,0.3077443069677791,True,,,,,,,,,,,,,,,,,,,,,,,,,,,,,,,
sanity,nuScenes,mono,brake,J,,,,,,,dE_exact,0.5,0.43677442249309656,0.4367744224930965,True,,,,,,,,,,,,,,,,,,,,,,,,,,,,,,,
sanity,nuScenes,mono,brake,J,,,,,,,dE_E1_fn_only,0.1,0.07300931213835064,0.0730093121383506,True,,,,,,,,,,,,,,,,,,,,,,,,,,,,,,,
sanity,nuScenes,mono,brake,J,,,,,,,dE_E1_fn_only,0.2,0.2029420961496387,0.2029420961496387,True,,,,,,,,,,,,,,,,,,,,,,,,,,,,,,,
sanity,nuScenes,mono,brake,J,,,,,,,dE_E1_fn_only,0.3,0.30774430696777916,0.3077443069677791,True,,,,,,,,,,,,,,,,,,,,,,,,,,,,,,,
sanity,nuScenes,mono,brake,J,,,,,,,dE_E1_fn_only,0.5,0.43677442249309656,0.4367744224930965,True,,,,,,,,,,,,,,,,,,,,,,,,,,,,,,,
sanity,nuScenes,mono,brake,J,,,,,,,dE_E2_fn_fp,0.1,0.09770224374055025,0.0977022437405502,True,,,,,,,,,,,,,,,,,,,,,,,,,,,,,,,
sanity,nuScenes,mono,brake,J,,,,,,,dE_E2_fn_fp,0.2,0.12304614514300498,0.1230461451430049,True,,,,,,,,,,,,,,,,,,,,,,,,,,,,,,,
sanity,nuScenes,mono,brake,J,,,,,,,dE_E2_fn_fp,0.3,0.14456920174014856,0.1445692017401485,True,,,,,,,,,,,,,,,,,,,,,,,,,,,,,,,
sanity,nuScenes,mono,brake,J,,,,,,,dE_E2_fn_fp,0.5,0.35154856880475216,0.3515485688047521,True,,,,,,,,,,,,,,,,,,,,,,,,,,,,,,,
sanity,nuScenes,mono,brake,J,,,,,,,dE_E3_class_aware,0.1,0.17859872115205283,0.1785987211520528,True,,,,,,,,,,,,,,,,,,,,,,,,,,,,,,,
sanity,nuScenes,mono,brake,J,,,,,,,dE_E3_class_aware,0.2,0.32666319854833903,0.326663198548339,True,,,,,,,,,,,,,,,,,,,,,,,,,,,,,,,
sanity,nuScenes,mono,brake,J,,,,,,,dE_E3_class_aware,0.3,0.42125686050904937,0.4212568605090493,True,,,,,,,,,,,,,,,,,,,,,,,,,,,,,,,
sanity,nuScenes,mono,brake,J,,,,,,,dE_E3_class_aware,0.5,0.4760649487743994,0.4760649487743994,True,,,,,,,,,,,,,,,,,,,,,,,,,,,,,,,
sanity,nuScenes,mono,brake,J,,,,,,,dE_E4_localization,0.1,0.0502659797120176,0.0502659797120176,True,,,,,,,,,,,,,,,,,,,,,,,,,,,,,,,
sanity,nuScenes,mono,brake,J,,,,,,,dE_E4_localization,0.2,0.1815262883706729,0.1815262883706729,True,,,,,,,,,,,,,,,,,,,,,,,,,,,,,,,
sanity,nuScenes,mono,brake,J,,,,,,,dE_E4_localization,0.3,0.34892622565826414,0.3489262256582641,True,,,,,,,,,,,,,,,,,,,,,,,,,,,,,,,
sanity,nuScenes,mono,brake,J,,,,,,,dE_E4_localization,0.5,0.5856900518323198,0.5856900518323198,True,,,,,,,,,,,,,,,,,,,,,,,,,,,,,,,
sanity,nuScenes,mono,brake,J,,,,,,,dE_E5_combined,0.1,0.10426387125536471,0.1042638712553647,True,,,,,,,,,,,,,,,,,,,,,,,,,,,,,,,
sanity,nuScenes,mono,brake,J,,,,,,,dE_E5_combined,0.2,0.1337229439816052,0.1337229439816052,True,,,,,,,,,,,,,,,,,,,,,,,,,,,,,,,
sanity,nuScenes,mono,brake,J,,,,,,,dE_E5_combined,0.3,0.29651622992699683,0.2965162299269968,True,,,,,,,,,,,,,,,,,,,,,,,,,,,,,,,
sanity,nuScenes,mono,brake,J,,,,,,,dE_E5_combined,0.5,0.5186635431836633,0.5186635431836633,True,,,,,,,,,,,,,,,,,,,,,,,,,,,,,,,
sanity,nuScenes,mono,brake,J,,,,,,,dE_E5_fp_heavy,0.1,0.02653662262953086,0.0265366226295308,True,,,,,,,,,,,,,,,,,,,,,,,,,,,,,,,
sanity,nuScenes,mono,brake,J,,,,,,,dE_E5_fp_heavy,0.2,0.10704028441067147,0.1070402844106714,True,,,,,,,,,,,,,,,,,,,,,,,,,,,,,,,
sanity,nuScenes,mono,brake,J,,,,,,,dE_E5_fp_heavy,0.3,0.3256643665887572,0.3256643665887572,True,,,,,,,,,,,,,,,,,,,,,,,,,,,,,,,
sanity,nuScenes,mono,brake,J,,,,,,,dE_E5_fp_heavy,0.5,0.37573488375047237,0.3757348837504723,True,,,,,,,,,,,,,,,,,,,,,,,,,,,,,,,
sanity,nuScenes,mono,brake,J,,,,,,,dE_E5_loc_heavy,0.1,0.01171594951911969,0.0117159495191196,True,,,,,,,,,,,,,,,,,,,,,,,,,,,,,,,
sanity,nuScenes,mono,brake,J,,,,,,,dE_E5_loc_heavy,0.2,0.16057385153957285,0.1605738515395728,True,,,,,,,,,,,,,,,,,,,,,,,,,,,,,,,
sanity,nuScenes,mono,brake,J,,,,,,,dE_E5_loc_heavy,0.3,0.4178637784642912,0.4178637784642912,True,,,,,,,,,,,,,,,,,,,,,,,,,,,,,,,
sanity,nuScenes,mono,brake,J,,,,,,,dE_E5_loc_heavy,0.5,0.46572701543939227,0.4657270154393922,True,,,,,,,,,,,,,,,,,,,,,,,,,,,,,,,
sanity,nuScenes,mono,brake,J,,,,,,,dE_E6_risk_weighted,0.1,0.26525944724858336,0.2652594472485833,True,,,,,,,,,,,,,,,,,,,,,,,,,,,,,,,
sanity,nuScenes,mono,brake,J,,,,,,,dE_E6_risk_weighted,0.2,0.32177101493389465,0.3217710149338946,True,,,,,,,,,,,,,,,,,,,,,,,,,,,,,,,
sanity,nuScenes,mono,brake,J,,,,,,,dE_E6_risk_weighted,0.3,0.33867918852349677,0.3386791885234967,True,,,,,,,,,,,,,,,,,,,,,,,,,,,,,,,
sanity,nuScenes,mono,brake,J,,,,,,,dE_E6_risk_weighted,0.5,0.41974726517248323,0.4197472651724832,True,,,,,,,,,,,,,,,,,,,,,,,,,,,,,,,
sanity,nuScenes,mono,brake,J,,,,,,,gate_ridge,0.1,0.25354712535739377,0.2535471253573937,True,,,,,,,,,,,,,,,,,,,,,,,,,,,,,,,
sanity,nuScenes,mono,brake,J,,,,,,,gate_ridge,0.2,0.29824029841939104,0.298240298419391,True,,,,,,,,,,,,,,,,,,,,,,,,,,,,,,,
sanity,nuScenes,mono,brake,J,,,,,,,gate_ridge,0.3,0.2869807574085317,0.2869807574085317,True,,,,,,,,,,,,,,,,,,,,,,,,,,,,,,,
sanity,nuScenes,mono,brake,J,,,,,,,gate_ridge,0.5,0.3125981169886264,0.3125981169886264,True,,,,,,,,,,,,,,,,,,,,,,,,,,,,,,,
sanity,nuScenes,mono,brake,J,,,,,,,gate_gbm,0.1,0.24684134110422165,0.2468413411042216,True,,,,,,,,,,,,,,,,,,,,,,,,,,,,,,,
sanity,nuScenes,mono,brake,J,,,,,,,gate_gbm,0.2,0.39691477624114474,0.3969147762411447,True,,,,,,,,,,,,,,,,,,,,,,,,,,,,,,,
sanity,nuScenes,mono,brake,J,,,,,,,gate_gbm,0.3,0.4532166666028495,0.4532166666028495,True,,,,,,,,,,,,,,,,,,,,,,,,,,,,,,,
sanity,nuScenes,mono,brake,J,,,,,,,gate_gbm,0.5,0.5803771463800486,0.5803771463800486,True,,,,,,,,,,,,,,,,,,,,,,,,,,,,,,,
sanity,nuScenes,mono,brake,J,,,,,,,R1_mlp_reg,0.1,0.12435328566754772,0.1243532856675477,True,,,,,,,,,,,,,,,,,,,,,,,,,,,,,,,
sanity,nuScenes,mono,brake,J,,,,,,,R1_mlp_reg,0.2,0.30948627394900996,0.3094862739490099,True,,,,,,,,,,,,,,,,,,,,,,,,,,,,,,,
sanity,nuScenes,mono,brake,J,,,,,,,R1_mlp_reg,0.3,0.379525885455376,0.379525885455376,True,,,,,,,,,,,,,,,,,,,,,,,,,,,,,,,
sanity,nuScenes,mono,brake,J,,,,,,,R1_mlp_reg,0.5,0.4593847770802444,0.4593847770802444,True,,,,,,,,,,,,,,,,,,,,,,,,,,,,,,,
sanity,nuScenes,mono,brake,J,,,,,,,R1_mlp_clf,0.1,0.13844807809859735,0.1384480780985973,True,,,,,,,,,,,,,,,,,,,,,,,,,,,,,,,
sanity,nuScenes,mono,brake,J,,,,,,,R1_mlp_clf,0.2,0.25063237050992715,0.2506323705099271,True,,,,,,,,,,,,,,,,,,,,,,,,,,,,,,,
sanity,nuScenes,mono,brake,J,,,,,,,R1_mlp_clf,0.3,0.34028534538552363,0.3402853453855236,True,,,,,,,,,,,,,,,,,,,,,,,,,,,,,,,
sanity,nuScenes,mono,brake,J,,,,,,,R1_mlp_clf,0.5,0.3389171404874944,0.3389171404874944,True,,,,,,,,,,,,,,,,,,,,,,,,,,,,,,,
sanity,nuScenes,mono,brake,J,,,,,,,R1_gbm_reg,0.1,0.08380121095107769,0.0838012109510776,True,,,,,,,,,,,,,,,,,,,,,,,,,,,,,,,
sanity,nuScenes,mono,brake,J,,,,,,,R1_gbm_reg,0.2,0.37977490888515203,0.379774908885152,True,,,,,,,,,,,,,,,,,,,,,,,,,,,,,,,
sanity,nuScenes,mono,brake,J,,,,,,,R1_gbm_reg,0.3,0.33915880749194344,0.3391588074919434,True,,,,,,,,,,,,,,,,,,,,,,,,,,,,,,,
sanity,nuScenes,mono,brake,J,,,,,,,R1_gbm_reg,0.5,0.5301900932103388,0.5301900932103388,True,,,,,,,,,,,,,,,,,,,,,,,,,,,,,,,
sanity,nuScenes,mono,brake,J,,,,,,,R1_gbm_clf,0.1,0.2602057047748347,0.2602057047748347,True,,,,,,,,,,,,,,,,,,,,,,,,,,,,,,,
sanity,nuScenes,mono,brake,J,,,,,,,R1_gbm_clf,0.2,0.3273581565920526,0.3273581565920526,True,,,,,,,,,,,,,,,,,,,,,,,,,,,,,,,
sanity,nuScenes,mono,brake,J,,,,,,,R1_gbm_clf,0.3,0.33367113716952496,0.3336711371695249,True,,,,,,,,,,,,,,,,,,,,,,,,,,,,,,,
sanity,nuScenes,mono,brake,J,,,,,,,R1_gbm_clf,0.5,0.265016786247473,0.265016786247473,True,,,,,,,,,,,,,,,,,,,,,,,,,,,,,,,
sanity,nuScenes,mono,brake,J,,,,,,,R2_cnn_clf,0.1,-0.03820646882302563,-0.0382064688230256,True,,,,,,,,,,,,,,,,,,,,,,,,,,,,,,,
sanity,nuScenes,mono,brake,J,,,,,,,R2_cnn_clf,0.2,-0.07957552659486677,-0.0795755265948667,True,,,,,,,,,,,,,,,,,,,,,,,,,,,,,,,
sanity,nuScenes,mono,brake,J,,,,,,,R2_cnn_clf,0.3,0.0017548604304594227,0.0017548604304594,True,,,,,,,,,,,,,,,,,,,,,,,,,,,,,,,
sanity,nuScenes,mono,brake,J,,,,,,,R2_cnn_clf,0.5,0.058106386692410396,0.0581063866924103,True,,,,,,,,,,,,,,,,,,,,,,,,,,,,,,,
sanity,nuScenes,mono,brake,J,,,,,,,oracle,0.1,1.0,1.0,True,,,,,,,,,,,,,,,,,,,,,,,,,,,,,,,
sanity,nuScenes,mono,brake,J,,,,,,,oracle,0.2,1.0,1.0,True,,,,,,,,,,,,,,,,,,,,,,,,,,,,,,,
sanity,nuScenes,mono,brake,J,,,,,,,oracle,0.3,1.0,1.0,True,,,,,,,,,,,,,,,,,,,,,,,,,,,,,,,
sanity,nuScenes,mono,brake,J,,,,,,,oracle,0.5,1.0,1.0,True,,,,,,,,,,,,,,,,,,,,,,,,,,,,,,,
sanity,nuScenes,mono,plan_ade,JC_ade,,,,,,,uncertainty,0.1,0.007612071109206299,0.0076120711092062,True,,,,,,,,,,,,,,,,,,,,,,,,,,,,,,,
sanity,nuScenes,mono,plan_ade,JC_ade,,,,,,,uncertainty,0.2,0.013372011167677505,0.0133720111676775,True,,,,,,,,,,,,,,,,,,,,,,,,,,,,,,,
sanity,nuScenes,mono,plan_ade,JC_ade,,,,,,,uncertainty,0.3,-0.019956597192550662,-0.0199565971925506,True,,,,,,,,,,,,,,,,,,,,,,,,,,,,,,,
sanity,nuScenes,mono,plan_ade,JC_ade,,,,,,,uncertainty,0.5,0.10112151407903572,0.1011215140790357,True,,,,,,,,,,,,,,,,,,,,,,,,,,,,,,,
sanity,nuScenes,mono,plan_ade,JC_ade,,,,,,,criticality_cheap,0.1,-0.022804347523354033,-0.022804347523354,True,,,,,,,,,,,,,,,,,,,,,,,,,,,,,,,
sanity,nuScenes,mono,plan_ade,JC_ade,,,,,,,criticality_cheap,0.2,-0.06048471506840046,-0.0604847150684004,True,,,,,,,,,,,,,,,,,,,,,,,,,,,,,,,
sanity,nuScenes,mono,plan_ade,JC_ade,,,,,,,criticality_cheap,0.3,-0.0990905841733233,-0.0990905841733233,True,,,,,,,,,,,,,,,,,,,,,,,,,,,,,,,
sanity,nuScenes,mono,plan_ade,JC_ade,,,,,,,criticality_cheap,0.5,0.0015259721279090909,0.001525972127909,True,,,,,,,,,,,,,,,,,,,,,,,,,,,,,,,
sanity,nuScenes,mono,plan_ade,JC_ade,,,,,,,criticality_gt,0.1,-0.09289094310377563,-0.0928909431037756,True,,,,,,,,,,,,,,,,,,,,,,,,,,,,,,,
sanity,nuScenes,mono,plan_ade,JC_ade,,,,,,,criticality_gt,0.2,-0.050804794304087866,-0.0508047943040878,True,,,,,,,,,,,,,,,,,,,,,,,,,,,,,,,
sanity,nuScenes,mono,plan_ade,JC_ade,,,,,,,criticality_gt,0.3,-0.09559560914528496,-0.0955956091452849,True,,,,,,,,,,,,,,,,,,,,,,,,,,,,,,,
sanity,nuScenes,mono,plan_ade,JC_ade,,,,,,,criticality_gt,0.5,0.1757488720854978,0.1757488720854978,True,,,,,,,,,,,,,,,,,,,,,,,,,,,,,,,
sanity,nuScenes,mono,plan_ade,JC_ade,,,,,,,PKL,0.1,0.13965879342897514,0.1396587934289751,True,,,,,,,,,,,,,,,,,,,,,,,,,,,,,,,
sanity,nuScenes,mono,plan_ade,JC_ade,,,,,,,PKL,0.2,0.12596076922726576,0.1259607692272657,True,,,,,,,,,,,,,,,,,,,,,,,,,,,,,,,
sanity,nuScenes,mono,plan_ade,JC_ade,,,,,,,PKL,0.3,0.1674603021931494,0.1674603021931494,True,,,,,,,,,,,,,,,,,,,,,,,,,,,,,,,
sanity,nuScenes,mono,plan_ade,JC_ade,,,,,,,PKL,0.5,0.13332342883734988,0.1333234288373498,True,,,,,,,,,,,,,,,,,,,,,,,,,,,,,,,
sanity,nuScenes,mono,plan_ade,JC_ade,,,,,,,TIP,0.1,0.11699920497293732,0.1169992049729373,True,,,,,,,,,,,,,,,,,,,,,,,,,,,,,,,
sanity,nuScenes,mono,plan_ade,JC_ade,,,,,,,TIP,0.2,0.11740811146909774,0.1174081114690977,True,,,,,,,,,,,,,,,,,,,,,,,,,,,,,,,
sanity,nuScenes,mono,plan_ade,JC_ade,,,,,,,TIP,0.3,0.12908268098701822,0.1290826809870182,True,,,,,,,,,,,,,,,,,,,,,,,,,,,,,,,
sanity,nuScenes,mono,plan_ade,JC_ade,,,,,,,TIP,0.5,0.13566111270606468,0.1356611127060646,True,,,,,,,,,,,,,,,,,,,,,,,,,,,,,,,
sanity,nuScenes,mono,plan_ade,JC_ade,,,,,,,dE_exact,0.1,0.3081912171869218,0.3081912171869218,True,,,,,,,,,,,,,,,,,,,,,,,,,,,,,,,
sanity,nuScenes,mono,plan_ade,JC_ade,,,,,,,dE_exact,0.2,0.3502193072602273,0.3502193072602273,True,,,,,,,,,,,,,,,,,,,,,,,,,,,,,,,
sanity,nuScenes,mono,plan_ade,JC_ade,,,,,,,dE_exact,0.3,0.33249840380054996,0.3324984038005499,True,,,,,,,,,,,,,,,,,,,,,,,,,,,,,,,
sanity,nuScenes,mono,plan_ade,JC_ade,,,,,,,dE_exact,0.5,0.335714276767428,0.335714276767428,True,,,,,,,,,,,,,,,,,,,,,,,,,,,,,,,
sanity,nuScenes,mono,plan_ade,JC_ade,,,,,,,dE_E1_fn_only,0.1,0.3081912171869218,0.3081912171869218,True,,,,,,,,,,,,,,,,,,,,,,,,,,,,,,,
sanity,nuScenes,mono,plan_ade,JC_ade,,,,,,,dE_E1_fn_only,0.2,0.3502193072602273,0.3502193072602273,True,,,,,,,,,,,,,,,,,,,,,,,,,,,,,,,
sanity,nuScenes,mono,plan_ade,JC_ade,,,,,,,dE_E1_fn_only,0.3,0.33249840380054996,0.3324984038005499,True,,,,,,,,,,,,,,,,,,,,,,,,,,,,,,,
sanity,nuScenes,mono,plan_ade,JC_ade,,,,,,,dE_E1_fn_only,0.5,0.335714276767428,0.335714276767428,True,,,,,,,,,,,,,,,,,,,,,,,,,,,,,,,
sanity,nuScenes,mono,plan_ade,JC_ade,,,,,,,dE_E2_fn_fp,0.1,0.17342207878811552,0.1734220787881155,True,,,,,,,,,,,,,,,,,,,,,,,,,,,,,,,
sanity,nuScenes,mono,plan_ade,JC_ade,,,,,,,dE_E2_fn_fp,0.2,0.19286521237615165,0.1928652123761516,True,,,,,,,,,,,,,,,,,,,,,,,,,,,,,,,
sanity,nuScenes,mono,plan_ade,JC_ade,,,,,,,dE_E2_fn_fp,0.3,0.22671616172282563,0.2267161617228256,True,,,,,,,,,,,,,,,,,,,,,,,,,,,,,,,
sanity,nuScenes,mono,plan_ade,JC_ade,,,,,,,dE_E2_fn_fp,0.5,0.2673535448596439,0.2673535448596439,True,,,,,,,,,,,,,,,,,,,,,,,,,,,,,,,
sanity,nuScenes,mono,plan_ade,JC_ade,,,,,,,dE_E3_class_aware,0.1,-0.031238908909115463,-0.0312389089091154,True,,,,,,,,,,,,,,,,,,,,,,,,,,,,,,,
sanity,nuScenes,mono,plan_ade,JC_ade,,,,,,,dE_E3_class_aware,0.2,0.011110528886644697,0.0111105288866446,True,,,,,,,,,,,,,,,,,,,,,,,,,,,,,,,
sanity,nuScenes,mono,plan_ade,JC_ade,,,,,,,dE_E3_class_aware,0.3,0.05512359190574408,0.055123591905744,True,,,,,,,,,,,,,,,,,,,,,,,,,,,,,,,
sanity,nuScenes,mono,plan_ade,JC_ade,,,,,,,dE_E3_class_aware,0.5,0.16744088494357717,0.1674408849435771,True,,,,,,,,,,,,,,,,,,,,,,,,,,,,,,,
sanity,nuScenes,mono,plan_ade,JC_ade,,,,,,,dE_E4_localization,0.1,0.22688315610651716,0.2268831561065171,True,,,,,,,,,,,,,,,,,,,,,,,,,,,,,,,
sanity,nuScenes,mono,plan_ade,JC_ade,,,,,,,dE_E4_localization,0.2,0.35549095434142197,0.3554909543414219,True,,,,,,,,,,,,,,,,,,,,,,,,,,,,,,,
sanity,nuScenes,mono,plan_ade,JC_ade,,,,,,,dE_E4_localization,0.3,0.37928214732274734,0.3792821473227473,True,,,,,,,,,,,,,,,,,,,,,,,,,,,,,,,
sanity,nuScenes,mono,plan_ade,JC_ade,,,,,,,dE_E4_localization,0.5,0.3165105469015922,0.3165105469015922,True,,,,,,,,,,,,,,,,,,,,,,,,,,,,,,,
sanity,nuScenes,mono,plan_ade,JC_ade,,,,,,,dE_E5_combined,0.1,-0.027084156860502452,-0.0270841568605024,True,,,,,,,,,,,,,,,,,,,,,,,,,,,,,,,
sanity,nuScenes,mono,plan_ade,JC_ade,,,,,,,dE_E5_combined,0.2,0.0017912905911120585,0.001791290591112,True,,,,,,,,,,,,,,,,,,,,,,,,,,,,,,,
sanity,nuScenes,mono,plan_ade,JC_ade,,,,,,,dE_E5_combined,0.3,-0.03271325515508019,-0.0327132551550801,True,,,,,,,,,,,,,,,,,,,,,,,,,,,,,,,
sanity,nuScenes,mono,plan_ade,JC_ade,,,,,,,dE_E5_combined,0.5,0.1691049221671164,0.1691049221671164,True,,,,,,,,,,,,,,,,,,,,,,,,,,,,,,,
sanity,nuScenes,mono,plan_ade,JC_ade,,,,,,,dE_E5_fp_heavy,0.1,-0.02001047834329701,-0.020010478343297,True,,,,,,,,,,,,,,,,,,,,,,,,,,,,,,,
sanity,nuScenes,mono,plan_ade,JC_ade,,,,,,,dE_E5_fp_heavy,0.2,0.03648839941638066,0.0364883994163806,True,,,,,,,,,,,,,,,,,,,,,,,,,,,,,,,
sanity,nuScenes,mono,plan_ade,JC_ade,,,,,,,dE_E5_fp_heavy,0.3,0.012012712692986642,0.0120127126929866,True,,,,,,,,,,,,,,,,,,,,,,,,,,,,,,,
sanity,nuScenes,mono,plan_ade,JC_ade,,,,,,,dE_E5_fp_heavy,0.5,-0.01974193285350892,-0.0197419328535089,True,,,,,,,,,,,,,,,,,,,,,,,,,,,,,,,
sanity,nuScenes,mono,plan_ade,JC_ade,,,,,,,dE_E5_loc_heavy,0.1,0.06443707089828267,0.0644370708982826,True,,,,,,,,,,,,,,,,,,,,,,,,,,,,,,,
sanity,nuScenes,mono,plan_ade,JC_ade,,,,,,,dE_E5_loc_heavy,0.2,0.01042824933834499,0.0104282493383449,True,,,,,,,,,,,,,,,,,,,,,,,,,,,,,,,
sanity,nuScenes,mono,plan_ade,JC_ade,,,,,,,dE_E5_loc_heavy,0.3,0.0004616260497366217,0.0004616260497366,True,,,,,,,,,,,,,,,,,,,,,,,,,,,,,,,
sanity,nuScenes,mono,plan_ade,JC_ade,,,,,,,dE_E5_loc_heavy,0.5,-0.008374629905100593,-0.0083746299051005,True,,,,,,,,,,,,,,,,,,,,,,,,,,,,,,,
sanity,nuScenes,mono,plan_ade,JC_ade,,,,,,,dE_E6_risk_weighted,0.1,0.32499589936158874,0.3249958993615887,True,,,,,,,,,,,,,,,,,,,,,,,,,,,,,,,
sanity,nuScenes,mono,plan_ade,JC_ade,,,,,,,dE_E6_risk_weighted,0.2,0.40408736165896764,0.4040873616589676,True,,,,,,,,,,,,,,,,,,,,,,,,,,,,,,,
sanity,nuScenes,mono,plan_ade,JC_ade,,,,,,,dE_E6_risk_weighted,0.3,0.3949228877190271,0.3949228877190271,True,,,,,,,,,,,,,,,,,,,,,,,,,,,,,,,
sanity,nuScenes,mono,plan_ade,JC_ade,,,,,,,dE_E6_risk_weighted,0.5,0.41167039980088144,0.4116703998008814,True,,,,,,,,,,,,,,,,,,,,,,,,,,,,,,,
sanity,nuScenes,mono,plan_ade,JC_ade,,,,,,,gate_ridge,0.1,-0.00793687566485962,-0.0079368756648596,True,,,,,,,,,,,,,,,,,,,,,,,,,,,,,,,
sanity,nuScenes,mono,plan_ade,JC_ade,,,,,,,gate_ridge,0.2,0.06265610014561854,0.0626561001456185,True,,,,,,,,,,,,,,,,,,,,,,,,,,,,,,,
sanity,nuScenes,mono,plan_ade,JC_ade,,,,,,,gate_ridge,0.3,0.1400342414642978,0.1400342414642978,True,,,,,,,,,,,,,,,,,,,,,,,,,,,,,,,
sanity,nuScenes,mono,plan_ade,JC_ade,,,,,,,gate_ridge,0.5,0.21993989649742204,0.219939896497422,True,,,,,,,,,,,,,,,,,,,,,,,,,,,,,,,
sanity,nuScenes,mono,plan_ade,JC_ade,,,,,,,gate_gbm,0.1,0.029882728307911867,0.0298827283079118,True,,,,,,,,,,,,,,,,,,,,,,,,,,,,,,,
sanity,nuScenes,mono,plan_ade,JC_ade,,,,,,,gate_gbm,0.2,0.042025999851251584,0.0420259998512515,True,,,,,,,,,,,,,,,,,,,,,,,,,,,,,,,
sanity,nuScenes,mono,plan_ade,JC_ade,,,,,,,gate_gbm,0.3,0.10217229219816593,0.1021722921981659,True,,,,,,,,,,,,,,,,,,,,,,,,,,,,,,,
sanity,nuScenes,mono,plan_ade,JC_ade,,,,,,,gate_gbm,0.5,0.25465665751756117,0.2546566575175611,True,,,,,,,,,,,,,,,,,,,,,,,,,,,,,,,
sanity,nuScenes,mono,plan_ade,JC_ade,,,,,,,R1_mlp_reg,0.1,0.1700913752235117,0.1700913752235117,True,,,,,,,,,,,,,,,,,,,,,,,,,,,,,,,
sanity,nuScenes,mono,plan_ade,JC_ade,,,,,,,R1_mlp_reg,0.2,0.2500761136602585,0.2500761136602585,True,,,,,,,,,,,,,,,,,,,,,,,,,,,,,,,
sanity,nuScenes,mono,plan_ade,JC_ade,,,,,,,R1_mlp_reg,0.3,0.2698323484937942,0.2698323484937942,True,,,,,,,,,,,,,,,,,,,,,,,,,,,,,,,
sanity,nuScenes,mono,plan_ade,JC_ade,,,,,,,R1_mlp_reg,0.5,0.2705258042022175,0.2705258042022175,True,,,,,,,,,,,,,,,,,,,,,,,,,,,,,,,
sanity,nuScenes,mono,plan_ade,JC_ade,,,,,,,R1_mlp_clf,0.1,0.07113486666854715,0.0711348666685471,True,,,,,,,,,,,,,,,,,,,,,,,,,,,,,,,
sanity,nuScenes,mono,plan_ade,JC_ade,,,,,,,R1_mlp_clf,0.2,0.10173376493569976,0.1017337649356997,True,,,,,,,,,,,,,,,,,,,,,,,,,,,,,,,
sanity,nuScenes,mono,plan_ade,JC_ade,,,,,,,R1_mlp_clf,0.3,0.1204799729084085,0.1204799729084085,True,,,,,,,,,,,,,,,,,,,,,,,,,,,,,,,
sanity,nuScenes,mono,plan_ade,JC_ade,,,,,,,R1_mlp_clf,0.5,0.16450136543294094,0.1645013654329409,True,,,,,,,,,,,,,,,,,,,,,,,,,,,,,,,
sanity,nuScenes,mono,plan_ade,JC_ade,,,,,,,R1_gbm_reg,0.1,-0.042411518160894765,-0.0424115181608947,True,,,,,,,,,,,,,,,,,,,,,,,,,,,,,,,
sanity,nuScenes,mono,plan_ade,JC_ade,,,,,,,R1_gbm_reg,0.2,-0.02159826630051098,-0.0215982663005109,True,,,,,,,,,,,,,,,,,,,,,,,,,,,,,,,
sanity,nuScenes,mono,plan_ade,JC_ade,,,,,,,R1_gbm_reg,0.3,-0.007799733507747218,-0.0077997335077472,True,,,,,,,,,,,,,,,,,,,,,,,,,,,,,,,
sanity,nuScenes,mono,plan_ade,JC_ade,,,,,,,R1_gbm_reg,0.5,0.09878847583781727,0.0987884758378172,True,,,,,,,,,,,,,,,,,,,,,,,,,,,,,,,
sanity,nuScenes,mono,plan_ade,JC_ade,,,,,,,R1_gbm_clf,0.1,0.04857738130451456,0.0485773813045145,True,,,,,,,,,,,,,,,,,,,,,,,,,,,,,,,
sanity,nuScenes,mono,plan_ade,JC_ade,,,,,,,R1_gbm_clf,0.2,0.09010515101103672,0.0901051510110367,True,,,,,,,,,,,,,,,,,,,,,,,,,,,,,,,
sanity,nuScenes,mono,plan_ade,JC_ade,,,,,,,R1_gbm_clf,0.3,0.2585242157551838,0.2585242157551838,True,,,,,,,,,,,,,,,,,,,,,,,,,,,,,,,
sanity,nuScenes,mono,plan_ade,JC_ade,,,,,,,R1_gbm_clf,0.5,0.38476561001988047,0.3847656100198804,True,,,,,,,,,,,,,,,,,,,,,,,,,,,,,,,
sanity,nuScenes,mono,plan_ade,JC_ade,,,,,,,R2_cnn_clf,0.1,0.03241117750371518,0.0324111775037151,True,,,,,,,,,,,,,,,,,,,,,,,,,,,,,,,
sanity,nuScenes,mono,plan_ade,JC_ade,,,,,,,R2_cnn_clf,0.2,0.05934630438032193,0.0593463043803219,True,,,,,,,,,,,,,,,,,,,,,,,,,,,,,,,
sanity,nuScenes,mono,plan_ade,JC_ade,,,,,,,R2_cnn_clf,0.3,0.09094349879992578,0.0909434987999257,True,,,,,,,,,,,,,,,,,,,,,,,,,,,,,,,
sanity,nuScenes,mono,plan_ade,JC_ade,,,,,,,R2_cnn_clf,0.5,0.2692594496386194,0.2692594496386194,True,,,,,,,,,,,,,,,,,,,,,,,,,,,,,,,
sanity,nuScenes,mono,plan_ade,JC_ade,,,,,,,oracle,0.1,1.0,1.0,True,,,,,,,,,,,,,,,,,,,,,,,,,,,,,,,
sanity,nuScenes,mono,plan_ade,JC_ade,,,,,,,oracle,0.2,1.0,1.0,True,,,,,,,,,,,,,,,,,,,,,,,,,,,,,,,
sanity,nuScenes,mono,plan_ade,JC_ade,,,,,,,oracle,0.3,1.0,1.0,True,,,,,,,,,,,,,,,,,,,,,,,,,,,,,,,
sanity,nuScenes,mono,plan_ade,JC_ade,,,,,,,oracle,0.5,1.0,1.0,True,,,,,,,,,,,,,,,,,,,,,,,,,,,,,,,
sanity,nuScenes,mono,plan_fde,JC_fde,,,,,,,uncertainty,0.1,-0.046981542965391726,-0.0469815429653917,True,,,,,,,,,,,,,,,,,,,,,,,,,,,,,,,
sanity,nuScenes,mono,plan_fde,JC_fde,,,,,,,uncertainty,0.2,-0.059225969948410534,-0.0592259699484105,True,,,,,,,,,,,,,,,,,,,,,,,,,,,,,,,
sanity,nuScenes,mono,plan_fde,JC_fde,,,,,,,uncertainty,0.3,-0.10206686146871387,-0.1020668614687138,True,,,,,,,,,,,,,,,,,,,,,,,,,,,,,,,
sanity,nuScenes,mono,plan_fde,JC_fde,,,,,,,uncertainty,0.5,0.05907440257269051,0.0590744025726905,True,,,,,,,,,,,,,,,,,,,,,,,,,,,,,,,
sanity,nuScenes,mono,plan_fde,JC_fde,,,,,,,criticality_cheap,0.1,-0.010794875873238524,-0.0107948758732385,True,,,,,,,,,,,,,,,,,,,,,,,,,,,,,,,
sanity,nuScenes,mono,plan_fde,JC_fde,,,,,,,criticality_cheap,0.2,-0.04765494393711318,-0.0476549439371131,True,,,,,,,,,,,,,,,,,,,,,,,,,,,,,,,
sanity,nuScenes,mono,plan_fde,JC_fde,,,,,,,criticality_cheap,0.3,-0.07327654069623889,-0.0732765406962388,True,,,,,,,,,,,,,,,,,,,,,,,,,,,,,,,
sanity,nuScenes,mono,plan_fde,JC_fde,,,,,,,criticality_cheap,0.5,-0.07676875701506244,-0.0767687570150624,True,,,,,,,,,,,,,,,,,,,,,,,,,,,,,,,
sanity,nuScenes,mono,plan_fde,JC_fde,,,,,,,criticality_gt,0.1,-0.094149842366183,-0.094149842366183,True,,,,,,,,,,,,,,,,,,,,,,,,,,,,,,,
sanity,nuScenes,mono,plan_fde,JC_fde,,,,,,,criticality_gt,0.2,-0.03683511499796603,-0.036835114997966,True,,,,,,,,,,,,,,,,,,,,,,,,,,,,,,,
sanity,nuScenes,mono,plan_fde,JC_fde,,,,,,,criticality_gt,0.3,-0.127644261889124,-0.127644261889124,True,,,,,,,,,,,,,,,,,,,,,,,,,,,,,,,
sanity,nuScenes,mono,plan_fde,JC_fde,,,,,,,criticality_gt,0.5,0.0930250205630961,0.0930250205630961,True,,,,,,,,,,,,,,,,,,,,,,,,,,,,,,,
sanity,nuScenes,mono,plan_fde,JC_fde,,,,,,,PKL,0.1,0.1380557856004118,0.1380557856004118,True,,,,,,,,,,,,,,,,,,,,,,,,,,,,,,,
sanity,nuScenes,mono,plan_fde,JC_fde,,,,,,,PKL,0.2,0.07736932918835848,0.0773693291883584,True,,,,,,,,,,,,,,,,,,,,,,,,,,,,,,,
sanity,nuScenes,mono,plan_fde,JC_fde,,,,,,,PKL,0.3,0.20100252146890882,0.2010025214689088,True,,,,,,,,,,,,,,,,,,,,,,,,,,,,,,,
sanity,nuScenes,mono,plan_fde,JC_fde,,,,,,,PKL,0.5,0.16981452075352174,0.1698145207535217,True,,,,,,,,,,,,,,,,,,,,,,,,,,,,,,,
sanity,nuScenes,mono,plan_fde,JC_fde,,,,,,,TIP,0.1,0.0845613060034355,0.0845613060034355,True,,,,,,,,,,,,,,,,,,,,,,,,,,,,,,,
sanity,nuScenes,mono,plan_fde,JC_fde,,,,,,,TIP,0.2,0.16818771908172095,0.1681877190817209,True,,,,,,,,,,,,,,,,,,,,,,,,,,,,,,,
sanity,nuScenes,mono,plan_fde,JC_fde,,,,,,,TIP,0.3,0.17394729632495046,0.1739472963249504,True,,,,,,,,,,,,,,,,,,,,,,,,,,,,,,,
sanity,nuScenes,mono,plan_fde,JC_fde,,,,,,,TIP,0.5,0.18320294864016679,0.1832029486401667,True,,,,,,,,,,,,,,,,,,,,,,,,,,,,,,,
sanity,nuScenes,mono,plan_fde,JC_fde,,,,,,,dE_exact,0.1,0.18839803628389942,0.1883980362838994,True,,,,,,,,,,,,,,,,,,,,,,,,,,,,,,,
sanity,nuScenes,mono,plan_fde,JC_fde,,,,,,,dE_exact,0.2,0.26415545449152317,0.2641554544915231,True,,,,,,,,,,,,,,,,,,,,,,,,,,,,,,,
sanity,nuScenes,mono,plan_fde,JC_fde,,,,,,,dE_exact,0.3,0.24305018958920624,0.2430501895892062,True,,,,,,,,,,,,,,,,,,,,,,,,,,,,,,,
sanity,nuScenes,mono,plan_fde,JC_fde,,,,,,,dE_exact,0.5,0.2441240103892891,0.2441240103892891,True,,,,,,,,,,,,,,,,,,,,,,,,,,,,,,,
sanity,nuScenes,mono,plan_fde,JC_fde,,,,,,,dE_E1_fn_only,0.1,0.18839803628389942,0.1883980362838994,True,,,,,,,,,,,,,,,,,,,,,,,,,,,,,,,
sanity,nuScenes,mono,plan_fde,JC_fde,,,,,,,dE_E1_fn_only,0.2,0.26415545449152317,0.2641554544915231,True,,,,,,,,,,,,,,,,,,,,,,,,,,,,,,,
sanity,nuScenes,mono,plan_fde,JC_fde,,,,,,,dE_E1_fn_only,0.3,0.24305018958920624,0.2430501895892062,True,,,,,,,,,,,,,,,,,,,,,,,,,,,,,,,
sanity,nuScenes,mono,plan_fde,JC_fde,,,,,,,dE_E1_fn_only,0.5,0.2441240103892891,0.2441240103892891,True,,,,,,,,,,,,,,,,,,,,,,,,,,,,,,,
sanity,nuScenes,mono,plan_fde,JC_fde,,,,,,,dE_E2_fn_fp,0.1,0.07119913661037781,0.0711991366103778,True,,,,,,,,,,,,,,,,,,,,,,,,,,,,,,,
sanity,nuScenes,mono,plan_fde,JC_fde,,,,,,,dE_E2_fn_fp,0.2,0.10478917569962884,0.1047891756996288,True,,,,,,,,,,,,,,,,,,,,,,,,,,,,,,,
sanity,nuScenes,mono,plan_fde,JC_fde,,,,,,,dE_E2_fn_fp,0.3,0.14021830728234425,0.1402183072823442,True,,,,,,,,,,,,,,,,,,,,,,,,,,,,,,,
sanity,nuScenes,mono,plan_fde,JC_fde,,,,,,,dE_E2_fn_fp,0.5,0.180037102236218,0.180037102236218,True,,,,,,,,,,,,,,,,,,,,,,,,,,,,,,,
sanity,nuScenes,mono,plan_fde,JC_fde,,,,,,,dE_E3_class_aware,0.1,-0.05496607389103348,-0.0549660738910334,True,,,,,,,,,,,,,,,,,,,,,,,,,,,,,,,
sanity,nuScenes,mono,plan_fde,JC_fde,,,,,,,dE_E3_class_aware,0.2,-0.016377199794679297,-0.0163771997946792,True,,,,,,,,,,,,,,,,,,,,,,,,,,,,,,,
sanity,nuScenes,mono,plan_fde,JC_fde,,,,,,,dE_E3_class_aware,0.3,0.024950247719234785,0.0249502477192347,True,,,,,,,,,,,,,,,,,,,,,,,,,,,,,,,
sanity,nuScenes,mono,plan_fde,JC_fde,,,,,,,dE_E3_class_aware,0.5,0.12853928318184987,0.1285392831818498,True,,,,,,,,,,,,,,,,,,,,,,,,,,,,,,,
sanity,nuScenes,mono,plan_fde,JC_fde,,,,,,,dE_E4_localization,0.1,0.14268088368022577,0.1426808836802257,True,,,,,,,,,,,,,,,,,,,,,,,,,,,,,,,
sanity,nuScenes,mono,plan_fde,JC_fde,,,,,,,dE_E4_localization,0.2,0.27470249763252413,0.2747024976325241,True,,,,,,,,,,,,,,,,,,,,,,,,,,,,,,,
sanity,nuScenes,mono,plan_fde,JC_fde,,,,,,,dE_E4_localization,0.3,0.3273634968214734,0.3273634968214734,True,,,,,,,,,,,,,,,,,,,,,,,,,,,,,,,
sanity,nuScenes,mono,plan_fde,JC_fde,,,,,,,dE_E4_localization,0.5,0.22037219647196035,0.2203721964719603,True,,,,,,,,,,,,,,,,,,,,,,,,,,,,,,,
sanity,nuScenes,mono,plan_fde,JC_fde,,,,,,,dE_E5_combined,0.1,-0.08170240043117367,-0.0817024004311736,True,,,,,,,,,,,,,,,,,,,,,,,,,,,,,,,
sanity,nuScenes,mono,plan_fde,JC_fde,,,,,,,dE_E5_combined,0.2,-0.04867313407684958,-0.0486731340768495,True,,,,,,,,,,,,,,,,,,,,,,,,,,,,,,,
sanity,nuScenes,mono,plan_fde,JC_fde,,,,,,,dE_E5_combined,0.3,-0.08138389204425561,-0.0813838920442556,True,,,,,,,,,,,,,,,,,,,,,,,,,,,,,,,
sanity,nuScenes,mono,plan_fde,JC_fde,,,,,,,dE_E5_combined,0.5,0.10157953945576444,0.1015795394557644,True,,,,,,,,,,,,,,,,,,,,,,,,,,,,,,,
sanity,nuScenes,mono,plan_fde,JC_fde,,,,,,,dE_E5_fp_heavy,0.1,-0.06890139457951794,-0.0689013945795179,True,,,,,,,,,,,,,,,,,,,,,,,,,,,,,,,
sanity,nuScenes,mono,plan_fde,JC_fde,,,,,,,dE_E5_fp_heavy,0.2,-0.0089274573535606,-0.0089274573535606,True,,,,,,,,,,,,,,,,,,,,,,,,,,,,,,,
sanity,nuScenes,mono,plan_fde,JC_fde,,,,,,,dE_E5_fp_heavy,0.3,-0.007051938305972188,-0.0070519383059721,True,,,,,,,,,,,,,,,,,,,,,,,,,,,,,,,
sanity,nuScenes,mono,plan_fde,JC_fde,,,,,,,dE_E5_fp_heavy,0.5,-0.04804046149875097,-0.0480404614987509,True,,,,,,,,,,,,,,,,,,,,,,,,,,,,,,,
sanity,nuScenes,mono,plan_fde,JC_fde,,,,,,,dE_E5_loc_heavy,0.1,-0.02129005227041329,-0.0212900522704132,True,,,,,,,,,,,,,,,,,,,,,,,,,,,,,,,
sanity,nuScenes,mono,plan_fde,JC_fde,,,,,,,dE_E5_loc_heavy,0.2,-0.019139644999059513,-0.0191396449990595,True,,,,,,,,,,,,,,,,,,,,,,,,,,,,,,,
sanity,nuScenes,mono,plan_fde,JC_fde,,,,,,,dE_E5_loc_heavy,0.3,-0.024337272607218897,-0.0243372726072188,True,,,,,,,,,,,,,,,,,,,,,,,,,,,,,,,
sanity,nuScenes,mono,plan_fde,JC_fde,,,,,,,dE_E5_loc_heavy,0.5,-0.04939684435736587,-0.0493968443573658,True,,,,,,,,,,,,,,,,,,,,,,,,,,,,,,,
sanity,nuScenes,mono,plan_fde,JC_fde,,,,,,,dE_E6_risk_weighted,0.1,0.18021595529668719,0.1802159552966871,True,,,,,,,,,,,,,,,,,,,,,,,,,,,,,,,
sanity,nuScenes,mono,plan_fde,JC_fde,,,,,,,dE_E6_risk_weighted,0.2,0.2456683542189791,0.2456683542189791,True,,,,,,,,,,,,,,,,,,,,,,,,,,,,,,,
sanity,nuScenes,mono,plan_fde,JC_fde,,,,,,,dE_E6_risk_weighted,0.3,0.26995402914822214,0.2699540291482221,True,,,,,,,,,,,,,,,,,,,,,,,,,,,,,,,
sanity,nuScenes,mono,plan_fde,JC_fde,,,,,,,dE_E6_risk_weighted,0.5,0.3176973579838576,0.3176973579838576,True,,,,,,,,,,,,,,,,,,,,,,,,,,,,,,,
sanity,nuScenes,mono,plan_fde,JC_fde,,,,,,,gate_ridge,0.1,-0.023657037705264533,-0.0236570377052645,True,,,,,,,,,,,,,,,,,,,,,,,,,,,,,,,
sanity,nuScenes,mono,plan_fde,JC_fde,,,,,,,gate_ridge,0.2,-0.04308242201009874,-0.0430824220100987,True,,,,,,,,,,,,,,,,,,,,,,,,,,,,,,,
sanity,nuScenes,mono,plan_fde,JC_fde,,,,,,,gate_ridge,0.3,0.09547778441190438,0.0954777844119043,True,,,,,,,,,,,,,,,,,,,,,,,,,,,,,,,
sanity,nuScenes,mono,plan_fde,JC_fde,,,,,,,gate_ridge,0.5,0.2036420128657107,0.2036420128657107,True,,,,,,,,,,,,,,,,,,,,,,,,,,,,,,,
sanity,nuScenes,mono,plan_fde,JC_fde,,,,,,,gate_gbm,0.1,0.0516761938664191,0.0516761938664191,True,,,,,,,,,,,,,,,,,,,,,,,,,,,,,,,
sanity,nuScenes,mono,plan_fde,JC_fde,,,,,,,gate_gbm,0.2,0.07862635187025536,0.0786263518702553,True,,,,,,,,,,,,,,,,,,,,,,,,,,,,,,,
sanity,nuScenes,mono,plan_fde,JC_fde,,,,,,,gate_gbm,0.3,0.1859409409375804,0.1859409409375804,True,,,,,,,,,,,,,,,,,,,,,,,,,,,,,,,
sanity,nuScenes,mono,plan_fde,JC_fde,,,,,,,gate_gbm,0.5,0.18536418341719293,0.1853641834171929,True,,,,,,,,,,,,,,,,,,,,,,,,,,,,,,,
sanity,nuScenes,mono,plan_fde,JC_fde,,,,,,,R1_mlp_reg,0.1,0.1521784154515276,0.1521784154515276,True,,,,,,,,,,,,,,,,,,,,,,,,,,,,,,,
sanity,nuScenes,mono,plan_fde,JC_fde,,,,,,,R1_mlp_reg,0.2,0.2602225170775465,0.2602225170775465,True,,,,,,,,,,,,,,,,,,,,,,,,,,,,,,,
sanity,nuScenes,mono,plan_fde,JC_fde,,,,,,,R1_mlp_reg,0.3,0.25182021784553055,0.2518202178455305,True,,,,,,,,,,,,,,,,,,,,,,,,,,,,,,,
sanity,nuScenes,mono,plan_fde,JC_fde,,,,,,,R1_mlp_reg,0.5,0.365311070310165,0.365311070310165,True,,,,,,,,,,,,,,,,,,,,,,,,,,,,,,,
sanity,nuScenes,mono,plan_fde,JC_fde,,,,,,,R1_mlp_clf,0.1,0.004847750510364475,0.0048477505103644,True,,,,,,,,,,,,,,,,,,,,,,,,,,,,,,,
sanity,nuScenes,mono,plan_fde,JC_fde,,,,,,,R1_mlp_clf,0.2,0.06451563092146581,0.0645156309214658,True,,,,,,,,,,,,,,,,,,,,,,,,,,,,,,,
sanity,nuScenes,mono,plan_fde,JC_fde,,,,,,,R1_mlp_clf,0.3,0.19103892955883386,0.1910389295588338,True,,,,,,,,,,,,,,,,,,,,,,,,,,,,,,,
sanity,nuScenes,mono,plan_fde,JC_fde,,,,,,,R1_mlp_clf,0.5,0.18389904179966346,0.1838990417996634,True,,,,,,,,,,,,,,,,,,,,,,,,,,,,,,,
sanity,nuScenes,mono,plan_fde,JC_fde,,,,,,,R1_gbm_reg,0.1,-0.1153245115766636,-0.1153245115766636,True,,,,,,,,,,,,,,,,,,,,,,,,,,,,,,,
sanity,nuScenes,mono,plan_fde,JC_fde,,,,,,,R1_gbm_reg,0.2,-0.06207022040858505,-0.062070220408585,True,,,,,,,,,,,,,,,,,,,,,,,,,,,,,,,
sanity,nuScenes,mono,plan_fde,JC_fde,,,,,,,R1_gbm_reg,0.3,-0.0065369250984928535,-0.0065369250984928,True,,,,,,,,,,,,,,,,,,,,,,,,,,,,,,,
sanity,nuScenes,mono,plan_fde,JC_fde,,,,,,,R1_gbm_reg,0.5,0.1569870725547404,0.1569870725547404,True,,,,,,,,,,,,,,,,,,,,,,,,,,,,,,,
sanity,nuScenes,mono,plan_fde,JC_fde,,,,,,,R1_gbm_clf,0.1,0.0726390887865458,0.0726390887865458,True,,,,,,,,,,,,,,,,,,,,,,,,,,,,,,,
sanity,nuScenes,mono,plan_fde,JC_fde,,,,,,,R1_gbm_clf,0.2,0.13124556804721843,0.1312455680472184,True,,,,,,,,,,,,,,,,,,,,,,,,,,,,,,,
sanity,nuScenes,mono,plan_fde,JC_fde,,,,,,,R1_gbm_clf,0.3,0.10391328012805408,0.103913280128054,True,,,,,,,,,,,,,,,,,,,,,,,,,,,,,,,
sanity,nuScenes,mono,plan_fde,JC_fde,,,,,,,R1_gbm_clf,0.5,0.20416971796839067,0.2041697179683906,True,,,,,,,,,,,,,,,,,,,,,,,,,,,,,,,
sanity,nuScenes,mono,plan_fde,JC_fde,,,,,,,R2_cnn_clf,0.1,0.035943611415058425,0.0359436114150584,True,,,,,,,,,,,,,,,,,,,,,,,,,,,,,,,
sanity,nuScenes,mono,plan_fde,JC_fde,,,,,,,R2_cnn_clf,0.2,0.08178641749311062,0.0817864174931106,True,,,,,,,,,,,,,,,,,,,,,,,,,,,,,,,
sanity,nuScenes,mono,plan_fde,JC_fde,,,,,,,R2_cnn_clf,0.3,0.1070690114514062,0.1070690114514062,True,,,,,,,,,,,,,,,,,,,,,,,,,,,,,,,
sanity,nuScenes,mono,plan_fde,JC_fde,,,,,,,R2_cnn_clf,0.5,0.07834688163271891,0.0783468816327189,True,,,,,,,,,,,,,,,,,,,,,,,,,,,,,,,
sanity,nuScenes,mono,plan_fde,JC_fde,,,,,,,oracle,0.1,1.0,1.0,True,,,,,,,,,,,,,,,,,,,,,,,,,,,,,,,
sanity,nuScenes,mono,plan_fde,JC_fde,,,,,,,oracle,0.2,1.0,1.0,True,,,,,,,,,,,,,,,,,,,,,,,,,,,,,,,
sanity,nuScenes,mono,plan_fde,JC_fde,,,,,,,oracle,0.3,1.0,1.0,True,,,,,,,,,,,,,,,,,,,,,,,,,,,,,,,
sanity,nuScenes,mono,plan_fde,JC_fde,,,,,,,oracle,0.5,1.0,1.0,True,,,,,,,,,,,,,,,,,,,,,,,,,,,,,,,
sanity,KITTI,oracle,brake,J,,,,,,,uncertainty,0.1,-0.011913112921908671,-0.0119131129219086,True,,,,,,,,,,,,,,,,,,,,,,,,,,,,,,,
sanity,KITTI,oracle,brake,J,,,,,,,uncertainty,0.2,-0.010555016596204083,-0.010555016596204,True,,,,,,,,,,,,,,,,,,,,,,,,,,,,,,,
sanity,KITTI,oracle,brake,J,,,,,,,uncertainty,0.3,0.04089481073533322,0.0408948107353332,True,,,,,,,,,,,,,,,,,,,,,,,,,,,,,,,
sanity,KITTI,oracle,brake,J,,,,,,,uncertainty,0.5,0.0863109984863065,0.0863109984863065,True,,,,,,,,,,,,,,,,,,,,,,,,,,,,,,,
sanity,KITTI,oracle,brake,J,,,,,,,criticality_cheap,0.1,0.012017909414423723,0.0120179094144237,True,,,,,,,,,,,,,,,,,,,,,,,,,,,,,,,
sanity,KITTI,oracle,brake,J,,,,,,,criticality_cheap,0.2,-0.011736968216134316,-0.0117369682161343,True,,,,,,,,,,,,,,,,,,,,,,,,,,,,,,,
sanity,KITTI,oracle,brake,J,,,,,,,criticality_cheap,0.3,0.07404426276695532,0.0740442627669553,True,,,,,,,,,,,,,,,,,,,,,,,,,,,,,,,
sanity,KITTI,oracle,brake,J,,,,,,,criticality_cheap,0.5,0.05420769997000277,0.0542076999700027,True,,,,,,,,,,,,,,,,,,,,,,,,,,,,,,,
sanity,KITTI,oracle,brake,J,,,,,,,criticality_gt,0.1,0.06513452289261061,0.0651345228926106,True,,,,,,,,,,,,,,,,,,,,,,,,,,,,,,,
sanity,KITTI,oracle,brake,J,,,,,,,criticality_gt,0.2,0.07112264243116993,0.0711226424311699,True,,,,,,,,,,,,,,,,,,,,,,,,,,,,,,,
sanity,KITTI,oracle,brake,J,,,,,,,criticality_gt,0.3,0.0642700237727744,0.0642700237727744,True,,,,,,,,,,,,,,,,,,,,,,,,,,,,,,,
sanity,KITTI,oracle,brake,J,,,,,,,criticality_gt,0.5,0.04600202167711386,0.0460020216771138,True,,,,,,,,,,,,,,,,,,,,,,,,,,,,,,,
sanity,KITTI,oracle,brake,J,,,,,,,dE_exact,0.1,0.1595010762719103,0.1595010762719103,True,,,,,,,,,,,,,,,,,,,,,,,,,,,,,,,
sanity,KITTI,oracle,brake,J,,,,,,,dE_exact,0.2,0.2677615519242361,0.2677615519242361,True,,,,,,,,,,,,,,,,,,,,,,,,,,,,,,,
sanity,KITTI,oracle,brake,J,,,,,,,dE_exact,0.3,0.4325771788757213,0.4325771788757213,True,,,,,,,,,,,,,,,,,,,,,,,,,,,,,,,
sanity,KITTI,oracle,brake,J,,,,,,,dE_exact,0.5,0.6343822138504808,0.6343822138504808,True,,,,,,,,,,,,,,,,,,,,,,,,,,,,,,,
sanity,KITTI,oracle,brake,J,,,,,,,dE_E1_fn_only,0.1,0.1595010762719103,0.1595010762719103,True,,,,,,,,,,,,,,,,,,,,,,,,,,,,,,,
sanity,KITTI,oracle,brake,J,,,,,,,dE_E1_fn_only,0.2,0.2677615519242361,0.2677615519242361,True,,,,,,,,,,,,,,,,,,,,,,,,,,,,,,,
sanity,KITTI,oracle,brake,J,,,,,,,dE_E1_fn_only,0.3,0.4325771788757213,0.4325771788757213,True,,,,,,,,,,,,,,,,,,,,,,,,,,,,,,,
sanity,KITTI,oracle,brake,J,,,,,,,dE_E1_fn_only,0.5,0.6343822138504808,0.6343822138504808,True,,,,,,,,,,,,,,,,,,,,,,,,,,,,,,,
sanity,KITTI,oracle,brake,J,,,,,,,dE_E2_fn_fp,0.1,0.16275571928190344,0.1627557192819034,True,,,,,,,,,,,,,,,,,,,,,,,,,,,,,,,
sanity,KITTI,oracle,brake,J,,,,,,,dE_E2_fn_fp,0.2,0.2574102198327919,0.2574102198327919,True,,,,,,,,,,,,,,,,,,,,,,,,,,,,,,,
sanity,KITTI,oracle,brake,J,,,,,,,dE_E2_fn_fp,0.3,0.39672605195670074,0.3967260519567007,True,,,,,,,,,,,,,,,,,,,,,,,,,,,,,,,
sanity,KITTI,oracle,brake,J,,,,,,,dE_E2_fn_fp,0.5,0.5244640553635544,0.5244640553635544,True,,,,,,,,,,,,,,,,,,,,,,,,,,,,,,,
sanity,KITTI,oracle,brake,J,,,,,,,dE_E3_class_aware,0.1,0.16092251376437997,0.1609225137643799,True,,,,,,,,,,,,,,,,,,,,,,,,,,,,,,,
sanity,KITTI,oracle,brake,J,,,,,,,dE_E3_class_aware,0.2,0.271825550528729,0.271825550528729,True,,,,,,,,,,,,,,,,,,,,,,,,,,,,,,,
sanity,KITTI,oracle,brake,J,,,,,,,dE_E3_class_aware,0.3,0.4349648442196619,0.4349648442196619,True,,,,,,,,,,,,,,,,,,,,,,,,,,,,,,,
sanity,KITTI,oracle,brake,J,,,,,,,dE_E3_class_aware,0.5,0.6332846211046151,0.6332846211046151,True,,,,,,,,,,,,,,,,,,,,,,,,,,,,,,,
sanity,KITTI,oracle,brake,J,,,,,,,dE_E4_localization,0.1,0.18782285019489126,0.1878228501948912,True,,,,,,,,,,,,,,,,,,,,,,,,,,,,,,,
sanity,KITTI,oracle,brake,J,,,,,,,dE_E4_localization,0.2,0.28065156518879825,0.2806515651887982,True,,,,,,,,,,,,,,,,,,,,,,,,,,,,,,,
sanity,KITTI,oracle,brake,J,,,,,,,dE_E4_localization,0.3,0.4642958439418635,0.4642958439418635,True,,,,,,,,,,,,,,,,,,,,,,,,,,,,,,,
sanity,KITTI,oracle,brake,J,,,,,,,dE_E4_localization,0.5,0.5836812158864135,0.5836812158864135,True,,,,,,,,,,,,,,,,,,,,,,,,,,,,,,,
sanity,KITTI,oracle,brake,J,,,,,,,dE_E5_combined,0.1,0.18505662889402302,0.185056628894023,True,,,,,,,,,,,,,,,,,,,,,,,,,,,,,,,
sanity,KITTI,oracle,brake,J,,,,,,,dE_E5_combined,0.2,0.29177547063058434,0.2917754706305843,True,,,,,,,,,,,,,,,,,,,,,,,,,,,,,,,
sanity,KITTI,oracle,brake,J,,,,,,,dE_E5_combined,0.3,0.42848883009473226,0.4284888300947322,True,,,,,,,,,,,,,,,,,,,,,,,,,,,,,,,
sanity,KITTI,oracle,brake,J,,,,,,,dE_E5_combined,0.5,0.584800652826356,0.584800652826356,True,,,,,,,,,,,,,,,,,,,,,,,,,,,,,,,
sanity,KITTI,oracle,brake,J,,,,,,,dE_E5_fp_heavy,0.1,0.12417863804591822,0.1241786380459182,True,,,,,,,,,,,,,,,,,,,,,,,,,,,,,,,
sanity,KITTI,oracle,brake,J,,,,,,,dE_E5_fp_heavy,0.2,0.23332054648206607,0.233320546482066,True,,,,,,,,,,,,,,,,,,,,,,,,,,,,,,,
sanity,KITTI,oracle,brake,J,,,,,,,dE_E5_fp_heavy,0.3,0.2895169016117638,0.2895169016117638,True,,,,,,,,,,,,,,,,,,,,,,,,,,,,,,,
sanity,KITTI,oracle,brake,J,,,,,,,dE_E5_fp_heavy,0.5,0.40803761634354085,0.4080376163435408,True,,,,,,,,,,,,,,,,,,,,,,,,,,,,,,,
sanity,KITTI,oracle,brake,J,,,,,,,dE_E5_loc_heavy,0.1,0.12309311341534622,0.1230931134153462,True,,,,,,,,,,,,,,,,,,,,,,,,,,,,,,,
sanity,KITTI,oracle,brake,J,,,,,,,dE_E5_loc_heavy,0.2,0.2094069211276166,0.2094069211276166,True,,,,,,,,,,,,,,,,,,,,,,,,,,,,,,,
sanity,KITTI,oracle,brake,J,,,,,,,dE_E5_loc_heavy,0.3,0.28999180943322306,0.289991809433223,True,,,,,,,,,,,,,,,,,,,,,,,,,,,,,,,
sanity,KITTI,oracle,brake,J,,,,,,,dE_E5_loc_heavy,0.5,0.40732499805579436,0.4073249980557943,True,,,,,,,,,,,,,,,,,,,,,,,,,,,,,,,
sanity,KITTI,oracle,brake,J,,,,,,,dE_E6_risk_weighted,0.1,0.09836875156219835,0.0983687515621983,True,,,,,,,,,,,,,,,,,,,,,,,,,,,,,,,
sanity,KITTI,oracle,brake,J,,,,,,,dE_E6_risk_weighted,0.2,0.17780175555149894,0.1778017555514989,True,,,,,,,,,,,,,,,,,,,,,,,,,,,,,,,
sanity,KITTI,oracle,brake,J,,,,,,,dE_E6_risk_weighted,0.3,0.21024804441117714,0.2102480444111771,True,,,,,,,,,,,,,,,,,,,,,,,,,,,,,,,
sanity,KITTI,oracle,brake,J,,,,,,,dE_E6_risk_weighted,0.5,0.7361324129294191,0.7361324129294191,True,,,,,,,,,,,,,,,,,,,,,,,,,,,,,,,
sanity,KITTI,oracle,brake,J,,,,,,,gate_ridge,0.1,0.06642562068705554,0.0664256206870555,True,,,,,,,,,,,,,,,,,,,,,,,,,,,,,,,
sanity,KITTI,oracle,brake,J,,,,,,,gate_ridge,0.2,0.23777352976812974,0.2377735297681297,True,,,,,,,,,,,,,,,,,,,,,,,,,,,,,,,
sanity,KITTI,oracle,brake,J,,,,,,,gate_ridge,0.3,0.3173116310413345,0.3173116310413345,True,,,,,,,,,,,,,,,,,,,,,,,,,,,,,,,
sanity,KITTI,oracle,brake,J,,,,,,,gate_ridge,0.5,0.312439698424948,0.312439698424948,True,,,,,,,,,,,,,,,,,,,,,,,,,,,,,,,
sanity,KITTI,oracle,brake,J,,,,,,,gate_gbm,0.1,0.08149261533444513,0.0814926153344451,True,,,,,,,,,,,,,,,,,,,,,,,,,,,,,,,
sanity,KITTI,oracle,brake,J,,,,,,,gate_gbm,0.2,0.20651883242934632,0.2065188324293463,True,,,,,,,,,,,,,,,,,,,,,,,,,,,,,,,
sanity,KITTI,oracle,brake,J,,,,,,,gate_gbm,0.3,0.4472758423242667,0.4472758423242667,True,,,,,,,,,,,,,,,,,,,,,,,,,,,,,,,
sanity,KITTI,oracle,brake,J,,,,,,,gate_gbm,0.5,0.6511796960332302,0.6511796960332302,True,,,,,,,,,,,,,,,,,,,,,,,,,,,,,,,
sanity,KITTI,oracle,brake,J,,,,,,,R1_mlp_reg,0.1,0.11797563332799332,0.1179756333279933,True,,,,,,,,,,,,,,,,,,,,,,,,,,,,,,,
sanity,KITTI,oracle,brake,J,,,,,,,R1_mlp_reg,0.2,0.26668289551175844,0.2666828955117584,True,,,,,,,,,,,,,,,,,,,,,,,,,,,,,,,
sanity,KITTI,oracle,brake,J,,,,,,,R1_mlp_reg,0.3,0.4086798888490506,0.4086798888490506,True,,,,,,,,,,,,,,,,,,,,,,,,,,,,,,,
sanity,KITTI,oracle,brake,J,,,,,,,R1_mlp_reg,0.5,0.5826525569562542,0.5826525569562542,True,,,,,,,,,,,,,,,,,,,,,,,,,,,,,,,
sanity,KITTI,oracle,brake,J,,,,,,,R1_mlp_clf,0.1,0.16010225945349735,0.1601022594534973,True,,,,,,,,,,,,,,,,,,,,,,,,,,,,,,,
sanity,KITTI,oracle,brake,J,,,,,,,R1_mlp_clf,0.2,0.252936091160369,0.252936091160369,True,,,,,,,,,,,,,,,,,,,,,,,,,,,,,,,
sanity,KITTI,oracle,brake,J,,,,,,,R1_mlp_clf,0.3,0.4052108183804548,0.4052108183804548,True,,,,,,,,,,,,,,,,,,,,,,,,,,,,,,,
sanity,KITTI,oracle,brake,J,,,,,,,R1_mlp_clf,0.5,0.5788855561826143,0.5788855561826143,True,,,,,,,,,,,,,,,,,,,,,,,,,,,,,,,
sanity,KITTI,oracle,brake,J,,,,,,,R1_gbm_reg,0.1,0.12711712478701379,0.1271171247870137,True,,,,,,,,,,,,,,,,,,,,,,,,,,,,,,,
sanity,KITTI,oracle,brake,J,,,,,,,R1_gbm_reg,0.2,0.2952649023582704,0.2952649023582704,True,,,,,,,,,,,,,,,,,,,,,,,,,,,,,,,
sanity,KITTI,oracle,brake,J,,,,,,,R1_gbm_reg,0.3,0.5022377696657874,0.5022377696657874,True,,,,,,,,,,,,,,,,,,,,,,,,,,,,,,,
sanity,KITTI,oracle,brake,J,,,,,,,R1_gbm_reg,0.5,0.5873031666534573,0.5873031666534573,True,,,,,,,,,,,,,,,,,,,,,,,,,,,,,,,
sanity,KITTI,oracle,brake,J,,,,,,,R1_gbm_clf,0.1,0.23202760183377788,0.2320276018337778,True,,,,,,,,,,,,,,,,,,,,,,,,,,,,,,,
sanity,KITTI,oracle,brake,J,,,,,,,R1_gbm_clf,0.2,0.3240416248981891,0.3240416248981891,True,,,,,,,,,,,,,,,,,,,,,,,,,,,,,,,
sanity,KITTI,oracle,brake,J,,,,,,,R1_gbm_clf,0.3,0.5309162938596554,0.5309162938596554,True,,,,,,,,,,,,,,,,,,,,,,,,,,,,,,,
sanity,KITTI,oracle,brake,J,,,,,,,R1_gbm_clf,0.5,0.6391598142230339,0.6391598142230339,True,,,,,,,,,,,,,,,,,,,,,,,,,,,,,,,
sanity,KITTI,oracle,brake,J,,,,,,,R2_cnn_clf,0.1,0.09324837365424664,0.0932483736542466,True,,,,,,,,,,,,,,,,,,,,,,,,,,,,,,,
sanity,KITTI,oracle,brake,J,,,,,,,R2_cnn_clf,0.2,0.1318687609677234,0.1318687609677234,True,,,,,,,,,,,,,,,,,,,,,,,,,,,,,,,
sanity,KITTI,oracle,brake,J,,,,,,,R2_cnn_clf,0.3,0.15729201272069468,0.1572920127206946,True,,,,,,,,,,,,,,,,,,,,,,,,,,,,,,,
sanity,KITTI,oracle,brake,J,,,,,,,R2_cnn_clf,0.5,0.26272346461082635,0.2627234646108263,True,,,,,,,,,,,,,,,,,,,,,,,,,,,,,,,
sanity,KITTI,oracle,brake,J,,,,,,,oracle,0.1,1.0,1.0,True,,,,,,,,,,,,,,,,,,,,,,,,,,,,,,,
sanity,KITTI,oracle,brake,J,,,,,,,oracle,0.2,1.0,1.0,True,,,,,,,,,,,,,,,,,,,,,,,,,,,,,,,
sanity,KITTI,oracle,brake,J,,,,,,,oracle,0.3,1.0,1.0,True,,,,,,,,,,,,,,,,,,,,,,,,,,,,,,,
sanity,KITTI,oracle,brake,J,,,,,,,oracle,0.5,1.0,1.0,True,,,,,,,,,,,,,,,,,,,,,,,,,,,,,,,
sanity,KITTI,oracle,traj,JB,,,,,,,uncertainty,0.1,-0.0011342939364765816,-0.0011342939364765,True,,,,,,,,,,,,,,,,,,,,,,,,,,,,,,,
sanity,KITTI,oracle,traj,JB,,,,,,,uncertainty,0.2,0.03117699857250139,0.0311769985725013,True,,,,,,,,,,,,,,,,,,,,,,,,,,,,,,,
sanity,KITTI,oracle,traj,JB,,,,,,,uncertainty,0.3,0.04931408493123599,0.0493140849312359,True,,,,,,,,,,,,,,,,,,,,,,,,,,,,,,,
sanity,KITTI,oracle,traj,JB,,,,,,,uncertainty,0.5,0.08294815917435285,0.0829481591743528,True,,,,,,,,,,,,,,,,,,,,,,,,,,,,,,,
sanity,KITTI,oracle,traj,JB,,,,,,,criticality_cheap,0.1,0.0013894336647023431,0.0013894336647023,True,,,,,,,,,,,,,,,,,,,,,,,,,,,,,,,
sanity,KITTI,oracle,traj,JB,,,,,,,criticality_cheap,0.2,0.015266908438545163,0.0152669084385451,True,,,,,,,,,,,,,,,,,,,,,,,,,,,,,,,
sanity,KITTI,oracle,traj,JB,,,,,,,criticality_cheap,0.3,0.015244964348788586,0.0152449643487885,True,,,,,,,,,,,,,,,,,,,,,,,,,,,,,,,
sanity,KITTI,oracle,traj,JB,,,,,,,criticality_cheap,0.5,0.04971781788071909,0.049717817880719,True,,,,,,,,,,,,,,,,,,,,,,,,,,,,,,,
sanity,KITTI,oracle,traj,JB,,,,,,,criticality_gt,0.1,0.014716847633346611,0.0147168476333466,True,,,,,,,,,,,,,,,,,,,,,,,,,,,,,,,
sanity,KITTI,oracle,traj,JB,,,,,,,criticality_gt,0.2,0.015182753884944179,0.0151827538849441,True,,,,,,,,,,,,,,,,,,,,,,,,,,,,,,,
sanity,KITTI,oracle,traj,JB,,,,,,,criticality_gt,0.3,0.015854232667138705,0.0158542326671387,True,,,,,,,,,,,,,,,,,,,,,,,,,,,,,,,
sanity,KITTI,oracle,traj,JB,,,,,,,criticality_gt,0.5,0.015854232667138705,0.0158542326671387,True,,,,,,,,,,,,,,,,,,,,,,,,,,,,,,,
sanity,KITTI,oracle,traj,JB,,,,,,,dE_exact,0.1,0.3133159406590601,0.3133159406590601,True,,,,,,,,,,,,,,,,,,,,,,,,,,,,,,,
sanity,KITTI,oracle,traj,JB,,,,,,,dE_exact,0.2,0.5336160799991866,0.5336160799991866,True,,,,,,,,,,,,,,,,,,,,,,,,,,,,,,,
sanity,KITTI,oracle,traj,JB,,,,,,,dE_exact,0.3,0.894154302782943,0.894154302782943,True,,,,,,,,,,,,,,,,,,,,,,,,,,,,,,,
sanity,KITTI,oracle,traj,JB,,,,,,,dE_exact,0.5,0.9806922176324824,0.9806922176324824,True,,,,,,,,,,,,,,,,,,,,,,,,,,,,,,,
sanity,KITTI,oracle,traj,JB,,,,,,,dE_E1_fn_only,0.1,0.3133159406590601,0.3133159406590601,True,,,,,,,,,,,,,,,,,,,,,,,,,,,,,,,
sanity,KITTI,oracle,traj,JB,,,,,,,dE_E1_fn_only,0.2,0.5336160799991866,0.5336160799991866,True,,,,,,,,,,,,,,,,,,,,,,,,,,,,,,,
sanity,KITTI,oracle,traj,JB,,,,,,,dE_E1_fn_only,0.3,0.894154302782943,0.894154302782943,True,,,,,,,,,,,,,,,,,,,,,,,,,,,,,,,
sanity,KITTI,oracle,traj,JB,,,,,,,dE_E1_fn_only,0.5,0.9806922176324824,0.9806922176324824,True,,,,,,,,,,,,,,,,,,,,,,,,,,,,,,,
sanity,KITTI,oracle,traj,JB,,,,,,,dE_E2_fn_fp,0.1,0.41163305902625447,0.4116330590262544,True,,,,,,,,,,,,,,,,,,,,,,,,,,,,,,,
sanity,KITTI,oracle,traj,JB,,,,,,,dE_E2_fn_fp,0.2,0.5930884028533482,0.5930884028533482,True,,,,,,,,,,,,,,,,,,,,,,,,,,,,,,,
sanity,KITTI,oracle,traj,JB,,,,,,,dE_E2_fn_fp,0.3,0.6636300650504307,0.6636300650504307,True,,,,,,,,,,,,,,,,,,,,,,,,,,,,,,,
sanity,KITTI,oracle,traj,JB,,,,,,,dE_E2_fn_fp,0.5,0.7385860779029534,0.7385860779029534,True,,,,,,,,,,,,,,,,,,,,,,,,,,,,,,,
sanity,KITTI,oracle,traj,JB,,,,,,,dE_E3_class_aware,0.1,0.31806950429887165,0.3180695042988716,True,,,,,,,,,,,,,,,,,,,,,,,,,,,,,,,
sanity,KITTI,oracle,traj,JB,,,,,,,dE_E3_class_aware,0.2,0.5529384413257554,0.5529384413257554,True,,,,,,,,,,,,,,,,,,,,,,,,,,,,,,,
sanity,KITTI,oracle,traj,JB,,,,,,,dE_E3_class_aware,0.3,0.9153660356052574,0.9153660356052574,True,,,,,,,,,,,,,,,,,,,,,,,,,,,,,,,
sanity,KITTI,oracle,traj,JB,,,,,,,dE_E3_class_aware,0.5,0.9810750183540845,0.9810750183540844,True,,,,,,,,,,,,,,,,,,,,,,,,,,,,,,,
sanity,KITTI,oracle,traj,JB,,,,,,,dE_E4_localization,0.1,0.36319500527150145,0.3631950052715014,True,,,,,,,,,,,,,,,,,,,,,,,,,,,,,,,
sanity,KITTI,oracle,traj,JB,,,,,,,dE_E4_localization,0.2,0.6277553895029554,0.6277553895029554,True,,,,,,,,,,,,,,,,,,,,,,,,,,,,,,,
sanity,KITTI,oracle,traj,JB,,,,,,,dE_E4_localization,0.3,0.9488782867821386,0.9488782867821386,True,,,,,,,,,,,,,,,,,,,,,,,,,,,,,,,
sanity,KITTI,oracle,traj,JB,,,,,,,dE_E4_localization,0.5,0.9826715261532629,0.9826715261532628,True,,,,,,,,,,,,,,,,,,,,,,,,,,,,,,,
sanity,KITTI,oracle,traj,JB,,,,,,,dE_E5_combined,0.1,0.425336992695107,0.425336992695107,True,,,,,,,,,,,,,,,,,,,,,,,,,,,,,,,
sanity,KITTI,oracle,traj,JB,,,,,,,dE_E5_combined,0.2,0.6645534595668318,0.6645534595668318,True,,,,,,,,,,,,,,,,,,,,,,,,,,,,,,,
sanity,KITTI,oracle,traj,JB,,,,,,,dE_E5_combined,0.3,0.6958889107720245,0.6958889107720245,True,,,,,,,,,,,,,,,,,,,,,,,,,,,,,,,
sanity,KITTI,oracle,traj,JB,,,,,,,dE_E5_combined,0.5,0.7909170310794496,0.7909170310794496,True,,,,,,,,,,,,,,,,,,,,,,,,,,,,,,,
sanity,KITTI,oracle,traj,JB,,,,,,,dE_E5_fp_heavy,0.1,0.21274349837611728,0.2127434983761172,True,,,,,,,,,,,,,,,,,,,,,,,,,,,,,,,
sanity,KITTI,oracle,traj,JB,,,,,,,dE_E5_fp_heavy,0.2,0.4599708991926566,0.4599708991926566,True,,,,,,,,,,,,,,,,,,,,,,,,,,,,,,,
sanity,KITTI,oracle,traj,JB,,,,,,,dE_E5_fp_heavy,0.3,0.5205898710456844,0.5205898710456844,True,,,,,,,,,,,,,,,,,,,,,,,,,,,,,,,
sanity,KITTI,oracle,traj,JB,,,,,,,dE_E5_fp_heavy,0.5,0.645407927700579,0.645407927700579,True,,,,,,,,,,,,,,,,,,,,,,,,,,,,,,,
sanity,KITTI,oracle,traj,JB,,,,,,,dE_E5_loc_heavy,0.1,0.36974350832583996,0.3697435083258399,True,,,,,,,,,,,,,,,,,,,,,,,,,,,,,,,
sanity,KITTI,oracle,traj,JB,,,,,,,dE_E5_loc_heavy,0.2,0.5179846543856865,0.5179846543856865,True,,,,,,,,,,,,,,,,,,,,,,,,,,,,,,,
sanity,KITTI,oracle,traj,JB,,,,,,,dE_E5_loc_heavy,0.3,0.6457078152165917,0.6457078152165917,True,,,,,,,,,,,,,,,,,,,,,,,,,,,,,,,
sanity,KITTI,oracle,traj,JB,,,,,,,dE_E5_loc_heavy,0.5,0.6777905118533359,0.6777905118533359,True,,,,,,,,,,,,,,,,,,,,,,,,,,,,,,,
sanity,KITTI,oracle,traj,JB,,,,,,,dE_E6_risk_weighted,0.1,0.01827136094863746,0.0182713609486374,True,,,,,,,,,,,,,,,,,,,,,,,,,,,,,,,
sanity,KITTI,oracle,traj,JB,,,,,,,dE_E6_risk_weighted,0.2,0.05729295979983947,0.0572929597998394,True,,,,,,,,,,,,,,,,,,,,,,,,,,,,,,,
sanity,KITTI,oracle,traj,JB,,,,,,,dE_E6_risk_weighted,0.3,0.12454065045396746,0.1245406504539674,True,,,,,,,,,,,,,,,,,,,,,,,,,,,,,,,
sanity,KITTI,oracle,traj,JB,,,,,,,dE_E6_risk_weighted,0.5,0.9982501705807703,0.9982501705807704,True,,,,,,,,,,,,,,,,,,,,,,,,,,,,,,,
sanity,KITTI,oracle,traj,JB,,,,,,,gate_ridge,0.1,0.24015128657689935,0.2401512865768993,True,,,,,,,,,,,,,,,,,,,,,,,,,,,,,,,
sanity,KITTI,oracle,traj,JB,,,,,,,gate_ridge,0.2,0.45505552148787864,0.4550555214878786,True,,,,,,,,,,,,,,,,,,,,,,,,,,,,,,,
sanity,KITTI,oracle,traj,JB,,,,,,,gate_ridge,0.3,0.5366148829461159,0.5366148829461159,True,,,,,,,,,,,,,,,,,,,,,,,,,,,,,,,
sanity,KITTI,oracle,traj,JB,,,,,,,gate_ridge,0.5,0.5508924893857573,0.5508924893857573,True,,,,,,,,,,,,,,,,,,,,,,,,,,,,,,,
sanity,KITTI,oracle,traj,JB,,,,,,,gate_gbm,0.1,0.32134820948429754,0.3213482094842975,True,,,,,,,,,,,,,,,,,,,,,,,,,,,,,,,
sanity,KITTI,oracle,traj,JB,,,,,,,gate_gbm,0.2,0.5720618447369914,0.5720618447369914,True,,,,,,,,,,,,,,,,,,,,,,,,,,,,,,,
sanity,KITTI,oracle,traj,JB,,,,,,,gate_gbm,0.3,0.7894066347454927,0.7894066347454927,True,,,,,,,,,,,,,,,,,,,,,,,,,,,,,,,
sanity,KITTI,oracle,traj,JB,,,,,,,gate_gbm,0.5,0.9631518468718469,0.9631518468718469,True,,,,,,,,,,,,,,,,,,,,,,,,,,,,,,,
sanity,KITTI,oracle,traj,JB,,,,,,,R1_mlp_reg,0.1,0.25698232944611393,0.2569823294461139,True,,,,,,,,,,,,,,,,,,,,,,,,,,,,,,,
sanity,KITTI,oracle,traj,JB,,,,,,,R1_mlp_reg,0.2,0.40693569707550425,0.4069356970755042,True,,,,,,,,,,,,,,,,,,,,,,,,,,,,,,,
sanity,KITTI,oracle,traj,JB,,,,,,,R1_mlp_reg,0.3,0.531986065803849,0.531986065803849,True,,,,,,,,,,,,,,,,,,,,,,,,,,,,,,,
sanity,KITTI,oracle,traj,JB,,,,,,,R1_mlp_reg,0.5,0.6960156842166821,0.6960156842166821,True,,,,,,,,,,,,,,,,,,,,,,,,,,,,,,,
sanity,KITTI,oracle,traj,JB,,,,,,,R1_mlp_clf,0.1,0.2628628499241461,0.2628628499241461,True,,,,,,,,,,,,,,,,,,,,,,,,,,,,,,,
sanity,KITTI,oracle,traj,JB,,,,,,,R1_mlp_clf,0.2,0.41856356327646405,0.418563563276464,True,,,,,,,,,,,,,,,,,,,,,,,,,,,,,,,
sanity,KITTI,oracle,traj,JB,,,,,,,R1_mlp_clf,0.3,0.6917594149687517,0.6917594149687517,True,,,,,,,,,,,,,,,,,,,,,,,,,,,,,,,
sanity,KITTI,oracle,traj,JB,,,,,,,R1_mlp_clf,0.5,0.8487161634247808,0.8487161634247808,True,,,,,,,,,,,,,,,,,,,,,,,,,,,,,,,
sanity,KITTI,oracle,traj,JB,,,,,,,R1_gbm_reg,0.1,0.28791598600877155,0.2879159860087715,True,,,,,,,,,,,,,,,,,,,,,,,,,,,,,,,
sanity,KITTI,oracle,traj,JB,,,,,,,R1_gbm_reg,0.2,0.5011601531471864,0.5011601531471864,True,,,,,,,,,,,,,,,,,,,,,,,,,,,,,,,
sanity,KITTI,oracle,traj,JB,,,,,,,R1_gbm_reg,0.3,0.7278861024035764,0.7278861024035764,True,,,,,,,,,,,,,,,,,,,,,,,,,,,,,,,
sanity,KITTI,oracle,traj,JB,,,,,,,R1_gbm_reg,0.5,0.8400682521791928,0.8400682521791928,True,,,,,,,,,,,,,,,,,,,,,,,,,,,,,,,
sanity,KITTI,oracle,traj,JB,,,,,,,R1_gbm_clf,0.1,0.3002695994123193,0.3002695994123193,True,,,,,,,,,,,,,,,,,,,,,,,,,,,,,,,
sanity,KITTI,oracle,traj,JB,,,,,,,R1_gbm_clf,0.2,0.45340869264812345,0.4534086926481234,True,,,,,,,,,,,,,,,,,,,,,,,,,,,,,,,
sanity,KITTI,oracle,traj,JB,,,,,,,R1_gbm_clf,0.3,0.6800972079522944,0.6800972079522944,True,,,,,,,,,,,,,,,,,,,,,,,,,,,,,,,
sanity,KITTI,oracle,traj,JB,,,,,,,R1_gbm_clf,0.5,0.843867246476792,0.843867246476792,True,,,,,,,,,,,,,,,,,,,,,,,,,,,,,,,
sanity,KITTI,oracle,traj,JB,,,,,,,R2_cnn_clf,0.1,0.04134492501119919,0.0413449250111991,True,,,,,,,,,,,,,,,,,,,,,,,,,,,,,,,
sanity,KITTI,oracle,traj,JB,,,,,,,R2_cnn_clf,0.2,0.12618279834052268,0.1261827983405226,True,,,,,,,,,,,,,,,,,,,,,,,,,,,,,,,
sanity,KITTI,oracle,traj,JB,,,,,,,R2_cnn_clf,0.3,0.17735147371102927,0.1773514737110292,True,,,,,,,,,,,,,,,,,,,,,,,,,,,,,,,
sanity,KITTI,oracle,traj,JB,,,,,,,R2_cnn_clf,0.5,0.3804858544901855,0.3804858544901855,True,,,,,,,,,,,,,,,,,,,,,,,,,,,,,,,
sanity,KITTI,oracle,traj,JB,,,,,,,oracle,0.1,1.0,1.0,True,,,,,,,,,,,,,,,,,,,,,,,,,,,,,,,
sanity,KITTI,oracle,traj,JB,,,,,,,oracle,0.2,1.0,1.0,True,,,,,,,,,,,,,,,,,,,,,,,,,,,,,,,
sanity,KITTI,oracle,traj,JB,,,,,,,oracle,0.3,1.0,1.0,True,,,,,,,,,,,,,,,,,,,,,,,,,,,,,,,
sanity,KITTI,oracle,traj,JB,,,,,,,oracle,0.5,1.0,1.0,True,,,,,,,,,,,,,,,,,,,,,,,,,,,,,,,
sanity,KITTI,mono,brake,J,,,,,,,uncertainty,0.1,0.021289974726163282,0.0212899747261632,True,,,,,,,,,,,,,,,,,,,,,,,,,,,,,,,
sanity,KITTI,mono,brake,J,,,,,,,uncertainty,0.2,0.03573743401737796,0.0357374340173779,True,,,,,,,,,,,,,,,,,,,,,,,,,,,,,,,
sanity,KITTI,mono,brake,J,,,,,,,uncertainty,0.3,-0.007461337415497738,-0.0074613374154977,True,,,,,,,,,,,,,,,,,,,,,,,,,,,,,,,
sanity,KITTI,mono,brake,J,,,,,,,uncertainty,0.5,-0.02743650674377678,-0.0274365067437767,True,,,,,,,,,,,,,,,,,,,,,,,,,,,,,,,
sanity,KITTI,mono,brake,J,,,,,,,criticality_cheap,0.1,0.05664007150026094,0.0566400715002609,True,,,,,,,,,,,,,,,,,,,,,,,,,,,,,,,
sanity,KITTI,mono,brake,J,,,,,,,criticality_cheap,0.2,0.07477222439625965,0.0747722243962596,True,,,,,,,,,,,,,,,,,,,,,,,,,,,,,,,
sanity,KITTI,mono,brake,J,,,,,,,criticality_cheap,0.3,0.11117131734532541,0.1111713173453254,True,,,,,,,,,,,,,,,,,,,,,,,,,,,,,,,
sanity,KITTI,mono,brake,J,,,,,,,criticality_cheap,0.5,-0.01729119857787933,-0.0172911985778793,True,,,,,,,,,,,,,,,,,,,,,,,,,,,,,,,
sanity,KITTI,mono,brake,J,,,,,,,criticality_gt,0.1,0.08549923525945469,0.0854992352594546,True,,,,,,,,,,,,,,,,,,,,,,,,,,,,,,,
sanity,KITTI,mono,brake,J,,,,,,,criticality_gt,0.2,0.0836862711055266,0.0836862711055266,True,,,,,,,,,,,,,,,,,,,,,,,,,,,,,,,
sanity,KITTI,mono,brake,J,,,,,,,criticality_gt,0.3,0.07613275738962193,0.0761327573896219,True,,,,,,,,,,,,,,,,,,,,,,,,,,,,,,,
sanity,KITTI,mono,brake,J,,,,,,,criticality_gt,0.5,-0.03500030093926452,-0.0350003009392645,True,,,,,,,,,,,,,,,,,,,,,,,,,,,,,,,
sanity,KITTI,mono,brake,J,,,,,,,dE_exact,0.1,0.06335877021921704,0.063358770219217,True,,,,,,,,,,,,,,,,,,,,,,,,,,,,,,,
sanity,KITTI,mono,brake,J,,,,,,,dE_exact,0.2,0.09866740658569265,0.0986674065856926,True,,,,,,,,,,,,,,,,,,,,,,,,,,,,,,,
sanity,KITTI,mono,brake,J,,,,,,,dE_exact,0.3,0.16803306707350515,0.1680330670735051,True,,,,,,,,,,,,,,,,,,,,,,,,,,,,,,,
sanity,KITTI,mono,brake,J,,,,,,,dE_exact,0.5,0.3013453112284849,0.3013453112284849,True,,,,,,,,,,,,,,,,,,,,,,,,,,,,,,,
sanity,KITTI,mono,brake,J,,,,,,,dE_E1_fn_only,0.1,0.06335877021921704,0.063358770219217,True,,,,,,,,,,,,,,,,,,,,,,,,,,,,,,,
sanity,KITTI,mono,brake,J,,,,,,,dE_E1_fn_only,0.2,0.09866740658569265,0.0986674065856926,True,,,,,,,,,,,,,,,,,,,,,,,,,,,,,,,
sanity,KITTI,mono,brake,J,,,,,,,dE_E1_fn_only,0.3,0.16803306707350515,0.1680330670735051,True,,,,,,,,,,,,,,,,,,,,,,,,,,,,,,,
sanity,KITTI,mono,brake,J,,,,,,,dE_E1_fn_only,0.5,0.3013453112284849,0.3013453112284849,True,,,,,,,,,,,,,,,,,,,,,,,,,,,,,,,
sanity,KITTI,mono,brake,J,,,,,,,dE_E2_fn_fp,0.1,0.08681422115667006,0.08681422115667,True,,,,,,,,,,,,,,,,,,,,,,,,,,,,,,,
sanity,KITTI,mono,brake,J,,,,,,,dE_E2_fn_fp,0.2,0.13585652725667177,0.1358565272566717,True,,,,,,,,,,,,,,,,,,,,,,,,,,,,,,,
sanity,KITTI,mono,brake,J,,,,,,,dE_E2_fn_fp,0.3,0.2241050145264218,0.2241050145264218,True,,,,,,,,,,,,,,,,,,,,,,,,,,,,,,,
sanity,KITTI,mono,brake,J,,,,,,,dE_E2_fn_fp,0.5,0.29433711809771773,0.2943371180977177,True,,,,,,,,,,,,,,,,,,,,,,,,,,,,,,,
sanity,KITTI,mono,brake,J,,,,,,,dE_E3_class_aware,0.1,0.0744592396942039,0.0744592396942039,True,,,,,,,,,,,,,,,,,,,,,,,,,,,,,,,
sanity,KITTI,mono,brake,J,,,,,,,dE_E3_class_aware,0.2,0.10986953002935541,0.1098695300293554,True,,,,,,,,,,,,,,,,,,,,,,,,,,,,,,,
sanity,KITTI,mono,brake,J,,,,,,,dE_E3_class_aware,0.3,0.18353528556789597,0.1835352855678959,True,,,,,,,,,,,,,,,,,,,,,,,,,,,,,,,
sanity,KITTI,mono,brake,J,,,,,,,dE_E3_class_aware,0.5,0.30697091947058086,0.3069709194705808,True,,,,,,,,,,,,,,,,,,,,,,,,,,,,,,,
sanity,KITTI,mono,brake,J,,,,,,,dE_E4_localization,0.1,0.07710311168064728,0.0771031116806472,True,,,,,,,,,,,,,,,,,,,,,,,,,,,,,,,
sanity,KITTI,mono,brake,J,,,,,,,dE_E4_localization,0.2,0.12866282277227423,0.1286628227722742,True,,,,,,,,,,,,,,,,,,,,,,,,,,,,,,,
sanity,KITTI,mono,brake,J,,,,,,,dE_E4_localization,0.3,0.2565202958057692,0.2565202958057692,True,,,,,,,,,,,,,,,,,,,,,,,,,,,,,,,
sanity,KITTI,mono,brake,J,,,,,,,dE_E4_localization,0.5,0.2832224710213018,0.2832224710213018,True,,,,,,,,,,,,,,,,,,,,,,,,,,,,,,,
sanity,KITTI,mono,brake,J,,,,,,,dE_E5_combined,0.1,0.08827625742164504,0.088276257421645,True,,,,,,,,,,,,,,,,,,,,,,,,,,,,,,,
sanity,KITTI,mono,brake,J,,,,,,,dE_E5_combined,0.2,0.17046358944298115,0.1704635894429811,True,,,,,,,,,,,,,,,,,,,,,,,,,,,,,,,
sanity,KITTI,mono,brake,J,,,,,,,dE_E5_combined,0.3,0.2879972657529946,0.2879972657529946,True,,,,,,,,,,,,,,,,,,,,,,,,,,,,,,,
sanity,KITTI,mono,brake,J,,,,,,,dE_E5_combined,0.5,0.32434348509969213,0.3243434850996921,True,,,,,,,,,,,,,,,,,,,,,,,,,,,,,,,
sanity,KITTI,mono,brake,J,,,,,,,dE_E5_fp_heavy,0.1,0.06189625221660986,0.0618962522166098,True,,,,,,,,,,,,,,,,,,,,,,,,,,,,,,,
sanity,KITTI,mono,brake,J,,,,,,,dE_E5_fp_heavy,0.2,0.16320077339623212,0.1632007733962321,True,,,,,,,,,,,,,,,,,,,,,,,,,,,,,,,
sanity,KITTI,mono,brake,J,,,,,,,dE_E5_fp_heavy,0.3,0.18882004234709246,0.1888200423470924,True,,,,,,,,,,,,,,,,,,,,,,,,,,,,,,,
sanity,KITTI,mono,brake,J,,,,,,,dE_E5_fp_heavy,0.5,0.2860791797251142,0.2860791797251142,True,,,,,,,,,,,,,,,,,,,,,,,,,,,,,,,
sanity,KITTI,mono,brake,J,,,,,,,dE_E5_loc_heavy,0.1,0.11023598446086516,0.1102359844608651,True,,,,,,,,,,,,,,,,,,,,,,,,,,,,,,,
sanity,KITTI,mono,brake,J,,,,,,,dE_E5_loc_heavy,0.2,0.19309002319609878,0.1930900231960987,True,,,,,,,,,,,,,,,,,,,,,,,,,,,,,,,
sanity,KITTI,mono,brake,J,,,,,,,dE_E5_loc_heavy,0.3,0.2593334086435869,0.2593334086435869,True,,,,,,,,,,,,,,,,,,,,,,,,,,,,,,,
sanity,KITTI,mono,brake,J,,,,,,,dE_E5_loc_heavy,0.5,0.3112036346265229,0.3112036346265229,True,,,,,,,,,,,,,,,,,,,,,,,,,,,,,,,
sanity,KITTI,mono,brake,J,,,,,,,dE_E6_risk_weighted,0.1,0.02557255189931697,0.0255725518993169,True,,,,,,,,,,,,,,,,,,,,,,,,,,,,,,,
sanity,KITTI,mono,brake,J,,,,,,,dE_E6_risk_weighted,0.2,0.055816361583759966,0.0558163615837599,True,,,,,,,,,,,,,,,,,,,,,,,,,,,,,,,
sanity,KITTI,mono,brake,J,,,,,,,dE_E6_risk_weighted,0.3,0.06773935419492744,0.0677393541949274,True,,,,,,,,,,,,,,,,,,,,,,,,,,,,,,,
sanity,KITTI,mono,brake,J,,,,,,,dE_E6_risk_weighted,0.5,0.3906935872257424,0.3906935872257424,True,,,,,,,,,,,,,,,,,,,,,,,,,,,,,,,
sanity,KITTI,mono,brake,J,,,,,,,gate_ridge,0.1,0.0388046436898543,0.0388046436898543,True,,,,,,,,,,,,,,,,,,,,,,,,,,,,,,,
sanity,KITTI,mono,brake,J,,,,,,,gate_ridge,0.2,0.15555884403749493,0.1555588440374949,True,,,,,,,,,,,,,,,,,,,,,,,,,,,,,,,
sanity,KITTI,mono,brake,J,,,,,,,gate_ridge,0.3,0.23948462655618757,0.2394846265561875,True,,,,,,,,,,,,,,,,,,,,,,,,,,,,,,,
sanity,KITTI,mono,brake,J,,,,,,,gate_ridge,0.5,0.2021958881663724,0.2021958881663724,True,,,,,,,,,,,,,,,,,,,,,,,,,,,,,,,
sanity,KITTI,mono,brake,J,,,,,,,gate_gbm,0.1,0.06029725203724944,0.0602972520372494,True,,,,,,,,,,,,,,,,,,,,,,,,,,,,,,,
sanity,KITTI,mono,brake,J,,,,,,,gate_gbm,0.2,0.1535625241235419,0.1535625241235419,True,,,,,,,,,,,,,,,,,,,,,,,,,,,,,,,
sanity,KITTI,mono,brake,J,,,,,,,gate_gbm,0.3,0.31181593651375894,0.3118159365137589,True,,,,,,,,,,,,,,,,,,,,,,,,,,,,,,,
sanity,KITTI,mono,brake,J,,,,,,,gate_gbm,0.5,0.3509880517176084,0.3509880517176084,True,,,,,,,,,,,,,,,,,,,,,,,,,,,,,,,
sanity,KITTI,mono,brake,J,,,,,,,R1_mlp_reg,0.1,0.08349515931630003,0.0834951593163,True,,,,,,,,,,,,,,,,,,,,,,,,,,,,,,,
sanity,KITTI,mono,brake,J,,,,,,,R1_mlp_reg,0.2,0.16542767085224294,0.1654276708522429,True,,,,,,,,,,,,,,,,,,,,,,,,,,,,,,,
sanity,KITTI,mono,brake,J,,,,,,,R1_mlp_reg,0.3,0.3122832672005269,0.3122832672005269,True,,,,,,,,,,,,,,,,,,,,,,,,,,,,,,,
sanity,KITTI,mono,brake,J,,,,,,,R1_mlp_reg,0.5,0.3811854553468855,0.3811854553468855,True,,,,,,,,,,,,,,,,,,,,,,,,,,,,,,,
sanity,KITTI,mono,brake,J,,,,,,,R1_mlp_clf,0.1,0.08633197562527438,0.0863319756252743,True,,,,,,,,,,,,,,,,,,,,,,,,,,,,,,,
sanity,KITTI,mono,brake,J,,,,,,,R1_mlp_clf,0.2,0.18492768886511202,0.184927688865112,True,,,,,,,,,,,,,,,,,,,,,,,,,,,,,,,
sanity,KITTI,mono,brake,J,,,,,,,R1_mlp_clf,0.3,0.2518389538376761,0.2518389538376761,True,,,,,,,,,,,,,,,,,,,,,,,,,,,,,,,
sanity,KITTI,mono,brake,J,,,,,,,R1_mlp_clf,0.5,0.38432973861412384,0.3843297386141238,True,,,,,,,,,,,,,,,,,,,,,,,,,,,,,,,
sanity,KITTI,mono,brake,J,,,,,,,R1_gbm_reg,0.1,0.09018176373024843,0.0901817637302484,True,,,,,,,,,,,,,,,,,,,,,,,,,,,,,,,
sanity,KITTI,mono,brake,J,,,,,,,R1_gbm_reg,0.2,0.20385533929693472,0.2038553392969347,True,,,,,,,,,,,,,,,,,,,,,,,,,,,,,,,
sanity,KITTI,mono,brake,J,,,,,,,R1_gbm_reg,0.3,0.34701381299270395,0.3470138129927039,True,,,,,,,,,,,,,,,,,,,,,,,,,,,,,,,
sanity,KITTI,mono,brake,J,,,,,,,R1_gbm_reg,0.5,0.44350879460638365,0.4435087946063836,True,,,,,,,,,,,,,,,,,,,,,,,,,,,,,,,
sanity,KITTI,mono,brake,J,,,,,,,R1_gbm_clf,0.1,0.13122329166944896,0.1312232916694489,True,,,,,,,,,,,,,,,,,,,,,,,,,,,,,,,
sanity,KITTI,mono,brake,J,,,,,,,R1_gbm_clf,0.2,0.1965353305288963,0.1965353305288963,True,,,,,,,,,,,,,,,,,,,,,,,,,,,,,,,
sanity,KITTI,mono,brake,J,,,,,,,R1_gbm_clf,0.3,0.26995371940889634,0.2699537194088963,True,,,,,,,,,,,,,,,,,,,,,,,,,,,,,,,
sanity,KITTI,mono,brake,J,,,,,,,R1_gbm_clf,0.5,0.436194655250091,0.436194655250091,True,,,,,,,,,,,,,,,,,,,,,,,,,,,,,,,
sanity,KITTI,mono,brake,J,,,,,,,R2_cnn_clf,0.1,0.07459816196606747,0.0745981619660674,True,,,,,,,,,,,,,,,,,,,,,,,,,,,,,,,
sanity,KITTI,mono,brake,J,,,,,,,R2_cnn_clf,0.2,0.13328809254054844,0.1332880925405484,True,,,,,,,,,,,,,,,,,,,,,,,,,,,,,,,
sanity,KITTI,mono,brake,J,,,,,,,R2_cnn_clf,0.3,0.1546792956835416,0.1546792956835416,True,,,,,,,,,,,,,,,,,,,,,,,,,,,,,,,
sanity,KITTI,mono,brake,J,,,,,,,R2_cnn_clf,0.5,0.258972574629728,0.258972574629728,True,,,,,,,,,,,,,,,,,,,,,,,,,,,,,,,
sanity,KITTI,mono,brake,J,,,,,,,oracle,0.1,1.0,1.0,True,,,,,,,,,,,,,,,,,,,,,,,,,,,,,,,
sanity,KITTI,mono,brake,J,,,,,,,oracle,0.2,1.0,1.0,True,,,,,,,,,,,,,,,,,,,,,,,,,,,,,,,
sanity,KITTI,mono,brake,J,,,,,,,oracle,0.3,1.0,1.0,True,,,,,,,,,,,,,,,,,,,,,,,,,,,,,,,
sanity,KITTI,mono,brake,J,,,,,,,oracle,0.5,1.0,1.0,True,,,,,,,,,,,,,,,,,,,,,,,,,,,,,,,
sanity,KITTI,mono,traj,JB,,,,,,,uncertainty,0.1,0.06012296180515248,0.0601229618051524,True,,,,,,,,,,,,,,,,,,,,,,,,,,,,,,,
sanity,KITTI,mono,traj,JB,,,,,,,uncertainty,0.2,0.1456718611651214,0.1456718611651214,True,,,,,,,,,,,,,,,,,,,,,,,,,,,,,,,
sanity,KITTI,mono,traj,JB,,,,,,,uncertainty,0.3,0.15297900442688492,0.1529790044268849,True,,,,,,,,,,,,,,,,,,,,,,,,,,,,,,,
sanity,KITTI,mono,traj,JB,,,,,,,uncertainty,0.5,0.2667511792517594,0.2667511792517594,True,,,,,,,,,,,,,,,,,,,,,,,,,,,,,,,
sanity,KITTI,mono,traj,JB,,,,,,,criticality_cheap,0.1,0.0530631137721547,0.0530631137721547,True,,,,,,,,,,,,,,,,,,,,,,,,,,,,,,,
sanity,KITTI,mono,traj,JB,,,,,,,criticality_cheap,0.2,0.1867399659987337,0.1867399659987337,True,,,,,,,,,,,,,,,,,,,,,,,,,,,,,,,
sanity,KITTI,mono,traj,JB,,,,,,,criticality_cheap,0.3,0.3832563885997753,0.3832563885997753,True,,,,,,,,,,,,,,,,,,,,,,,,,,,,,,,
sanity,KITTI,mono,traj,JB,,,,,,,criticality_cheap,0.5,0.20125797335755818,0.2012579733575581,True,,,,,,,,,,,,,,,,,,,,,,,,,,,,,,,
sanity,KITTI,mono,traj,JB,,,,,,,criticality_gt,0.1,0.3285970998481254,0.3285970998481254,True,,,,,,,,,,,,,,,,,,,,,,,,,,,,,,,
sanity,KITTI,mono,traj,JB,,,,,,,criticality_gt,0.2,0.4075000816141287,0.4075000816141287,True,,,,,,,,,,,,,,,,,,,,,,,,,,,,,,,
sanity,KITTI,mono,traj,JB,,,,,,,criticality_gt,0.3,0.4078735811212775,0.4078735811212775,True,,,,,,,,,,,,,,,,,,,,,,,,,,,,,,,
sanity,KITTI,mono,traj,JB,,,,,,,criticality_gt,0.5,0.45097341979444444,0.4509734197944444,True,,,,,,,,,,,,,,,,,,,,,,,,,,,,,,,
sanity,KITTI,mono,traj,JB,,,,,,,dE_exact,0.1,0.4089945494144679,0.4089945494144679,True,,,,,,,,,,,,,,,,,,,,,,,,,,,,,,,
sanity,KITTI,mono,traj,JB,,,,,,,dE_exact,0.2,0.4732871308570774,0.4732871308570774,True,,,,,,,,,,,,,,,,,,,,,,,,,,,,,,,
sanity,KITTI,mono,traj,JB,,,,,,,dE_exact,0.3,0.5060946354797989,0.5060946354797989,True,,,,,,,,,,,,,,,,,,,,,,,,,,,,,,,
sanity,KITTI,mono,traj,JB,,,,,,,dE_exact,0.5,-0.05429088003055016,-0.0542908800305501,True,,,,,,,,,,,,,,,,,,,,,,,,,,,,,,,
sanity,KITTI,mono,traj,JB,,,,,,,dE_E1_fn_only,0.1,0.4089945494144679,0.4089945494144679,True,,,,,,,,,,,,,,,,,,,,,,,,,,,,,,,
sanity,KITTI,mono,traj,JB,,,,,,,dE_E1_fn_only,0.2,0.4732871308570774,0.4732871308570774,True,,,,,,,,,,,,,,,,,,,,,,,,,,,,,,,
sanity,KITTI,mono,traj,JB,,,,,,,dE_E1_fn_only,0.3,0.5060946354797989,0.5060946354797989,True,,,,,,,,,,,,,,,,,,,,,,,,,,,,,,,
sanity,KITTI,mono,traj,JB,,,,,,,dE_E1_fn_only,0.5,-0.05429088003055016,-0.0542908800305501,True,,,,,,,,,,,,,,,,,,,,,,,,,,,,,,,
sanity,KITTI,mono,traj,JB,,,,,,,dE_E2_fn_fp,0.1,0.19873508182045188,0.1987350818204518,True,,,,,,,,,,,,,,,,,,,,,,,,,,,,,,,
sanity,KITTI,mono,traj,JB,,,,,,,dE_E2_fn_fp,0.2,0.12714709495772755,0.1271470949577275,True,,,,,,,,,,,,,,,,,,,,,,,,,,,,,,,
sanity,KITTI,mono,traj,JB,,,,,,,dE_E2_fn_fp,0.3,0.09108587139443135,0.0910858713944313,True,,,,,,,,,,,,,,,,,,,,,,,,,,,,,,,
sanity,KITTI,mono,traj,JB,,,,,,,dE_E2_fn_fp,0.5,-0.12632394094205351,-0.1263239409420535,True,,,,,,,,,,,,,,,,,,,,,,,,,,,,,,,
sanity,KITTI,mono,traj,JB,,,,,,,dE_E3_class_aware,0.1,0.364733821845242,0.364733821845242,True,,,,,,,,,,,,,,,,,,,,,,,,,,,,,,,
sanity,KITTI,mono,traj,JB,,,,,,,dE_E3_class_aware,0.2,0.4262808774246755,0.4262808774246755,True,,,,,,,,,,,,,,,,,,,,,,,,,,,,,,,
sanity,KITTI,mono,traj,JB,,,,,,,dE_E3_class_aware,0.3,0.4592911390545157,0.4592911390545157,True,,,,,,,,,,,,,,,,,,,,,,,,,,,,,,,
sanity,KITTI,mono,traj,JB,,,,,,,dE_E3_class_aware,0.5,-0.07802670154499929,-0.0780267015449992,True,,,,,,,,,,,,,,,,,,,,,,,,,,,,,,,
sanity,KITTI,mono,traj,JB,,,,,,,dE_E4_localization,0.1,0.4500284903867549,0.4500284903867549,True,,,,,,,,,,,,,,,,,,,,,,,,,,,,,,,
sanity,KITTI,mono,traj,JB,,,,,,,dE_E4_localization,0.2,0.3825284429476684,0.3825284429476684,True,,,,,,,,,,,,,,,,,,,,,,,,,,,,,,,
sanity,KITTI,mono,traj,JB,,,,,,,dE_E4_localization,0.3,0.5065940567240872,0.5065940567240872,True,,,,,,,,,,,,,,,,,,,,,,,,,,,,,,,
sanity,KITTI,mono,traj,JB,,,,,,,dE_E4_localization,0.5,-0.3660825176954077,-0.3660825176954077,True,,,,,,,,,,,,,,,,,,,,,,,,,,,,,,,
sanity,KITTI,mono,traj,JB,,,,,,,dE_E5_combined,0.1,0.09117290489954448,0.0911729048995444,True,,,,,,,,,,,,,,,,,,,,,,,,,,,,,,,
sanity,KITTI,mono,traj,JB,,,,,,,dE_E5_combined,0.2,0.08003032082274873,0.0800303208227487,True,,,,,,,,,,,,,,,,,,,,,,,,,,,,,,,
sanity,KITTI,mono,traj,JB,,,,,,,dE_E5_combined,0.3,0.14878130432562164,0.1487813043256216,True,,,,,,,,,,,,,,,,,,,,,,,,,,,,,,,
sanity,KITTI,mono,traj,JB,,,,,,,dE_E5_combined,0.5,-0.2943269090332335,-0.2943269090332335,True,,,,,,,,,,,,,,,,,,,,,,,,,,,,,,,
sanity,KITTI,mono,traj,JB,,,,,,,dE_E5_fp_heavy,0.1,0.057756024238157753,0.0577560242381577,True,,,,,,,,,,,,,,,,,,,,,,,,,,,,,,,
sanity,KITTI,mono,traj,JB,,,,,,,dE_E5_fp_heavy,0.2,-0.1297164640615115,-0.1297164640615115,True,,,,,,,,,,,,,,,,,,,,,,,,,,,,,,,
sanity,KITTI,mono,traj,JB,,,,,,,dE_E5_fp_heavy,0.3,-0.13148803471754159,-0.1314880347175415,True,,,,,,,,,,,,,,,,,,,,,,,,,,,,,,,
sanity,KITTI,mono,traj,JB,,,,,,,dE_E5_fp_heavy,0.5,0.03611142602540772,0.0361114260254077,True,,,,,,,,,,,,,,,,,,,,,,,,,,,,,,,
sanity,KITTI,mono,traj,JB,,,,,,,dE_E5_loc_heavy,0.1,-0.2030267701767177,-0.2030267701767177,True,,,,,,,,,,,,,,,,,,,,,,,,,,,,,,,
sanity,KITTI,mono,traj,JB,,,,,,,dE_E5_loc_heavy,0.2,-0.6370729970008471,-0.6370729970008471,True,,,,,,,,,,,,,,,,,,,,,,,,,,,,,,,
sanity,KITTI,mono,traj,JB,,,,,,,dE_E5_loc_heavy,0.3,-0.6443044342543571,-0.6443044342543571,True,,,,,,,,,,,,,,,,,,,,,,,,,,,,,,,
sanity,KITTI,mono,traj,JB,,,,,,,dE_E5_loc_heavy,0.5,-0.7719740740644108,-0.7719740740644108,True,,,,,,,,,,,,,,,,,,,,,,,,,,,,,,,
sanity,KITTI,mono,traj,JB,,,,,,,dE_E6_risk_weighted,0.1,0.27487214879346933,0.2748721487934693,True,,,,,,,,,,,,,,,,,,,,,,,,,,,,,,,
sanity,KITTI,mono,traj,JB,,,,,,,dE_E6_risk_weighted,0.2,0.40266035024327557,0.4026603502432755,True,,,,,,,,,,,,,,,,,,,,,,,,,,,,,,,
sanity,KITTI,mono,traj,JB,,,,,,,dE_E6_risk_weighted,0.3,0.40711996542590984,0.4071199654259098,True,,,,,,,,,,,,,,,,,,,,,,,,,,,,,,,
sanity,KITTI,mono,traj,JB,,,,,,,dE_E6_risk_weighted,0.5,-0.04319011643393964,-0.0431901164339396,True,,,,,,,,,,,,,,,,,,,,,,,,,,,,,,,
sanity,KITTI,mono,traj,JB,,,,,,,gate_ridge,0.1,0.05700292639911306,0.057002926399113,True,,,,,,,,,,,,,,,,,,,,,,,,,,,,,,,
sanity,KITTI,mono,traj,JB,,,,,,,gate_ridge,0.2,0.2983829098023783,0.2983829098023783,True,,,,,,,,,,,,,,,,,,,,,,,,,,,,,,,
sanity,KITTI,mono,traj,JB,,,,,,,gate_ridge,0.3,0.2290197799909988,0.2290197799909988,True,,,,,,,,,,,,,,,,,,,,,,,,,,,,,,,
sanity,KITTI,mono,traj,JB,,,,,,,gate_ridge,0.5,0.22430048924934165,0.2243004892493416,True,,,,,,,,,,,,,,,,,,,,,,,,,,,,,,,
sanity,KITTI,mono,traj,JB,,,,,,,gate_gbm,0.1,0.058359178096259595,0.0583591780962595,True,,,,,,,,,,,,,,,,,,,,,,,,,,,,,,,
sanity,KITTI,mono,traj,JB,,,,,,,gate_gbm,0.2,0.06181501651927516,0.0618150165192751,True,,,,,,,,,,,,,,,,,,,,,,,,,,,,,,,
sanity,KITTI,mono,traj,JB,,,,,,,gate_gbm,0.3,0.16853645029393594,0.1685364502939359,True,,,,,,,,,,,,,,,,,,,,,,,,,,,,,,,
sanity,KITTI,mono,traj,JB,,,,,,,gate_gbm,0.5,0.25235864116298024,0.2523586411629802,True,,,,,,,,,,,,,,,,,,,,,,,,,,,,,,,
sanity,KITTI,mono,traj,JB,,,,,,,R1_mlp_reg,0.1,0.109798601758677,0.109798601758677,True,,,,,,,,,,,,,,,,,,,,,,,,,,,,,,,
sanity,KITTI,mono,traj,JB,,,,,,,R1_mlp_reg,0.2,0.10871922849158093,0.1087192284915809,True,,,,,,,,,,,,,,,,,,,,,,,,,,,,,,,
sanity,KITTI,mono,traj,JB,,,,,,,R1_mlp_reg,0.3,0.04614646701394118,0.0461464670139411,True,,,,,,,,,,,,,,,,,,,,,,,,,,,,,,,
sanity,KITTI,mono,traj,JB,,,,,,,R1_mlp_reg,0.5,-0.22004195063473647,-0.2200419506347364,True,,,,,,,,,,,,,,,,,,,,,,,,,,,,,,,
sanity,KITTI,mono,traj,JB,,,,,,,R1_mlp_clf,0.1,0.19467017995494176,0.1946701799549417,True,,,,,,,,,,,,,,,,,,,,,,,,,,,,,,,
sanity,KITTI,mono,traj,JB,,,,,,,R1_mlp_clf,0.2,0.19359386440248336,0.1935938644024833,True,,,,,,,,,,,,,,,,,,,,,,,,,,,,,,,
sanity,KITTI,mono,traj,JB,,,,,,,R1_mlp_clf,0.3,0.06138152095712364,0.0613815209571236,True,,,,,,,,,,,,,,,,,,,,,,,,,,,,,,,
sanity,KITTI,mono,traj,JB,,,,,,,R1_mlp_clf,0.5,-0.3192305142777481,-0.3192305142777481,True,,,,,,,,,,,,,,,,,,,,,,,,,,,,,,,
sanity,KITTI,mono,traj,JB,,,,,,,R1_gbm_reg,0.1,0.12772994985217953,0.1277299498521795,True,,,,,,,,,,,,,,,,,,,,,,,,,,,,,,,
sanity,KITTI,mono,traj,JB,,,,,,,R1_gbm_reg,0.2,0.12620066648982387,0.1262006664898238,True,,,,,,,,,,,,,,,,,,,,,,,,,,,,,,,
sanity,KITTI,mono,traj,JB,,,,,,,R1_gbm_reg,0.3,-0.06119801575216583,-0.0611980157521658,True,,,,,,,,,,,,,,,,,,,,,,,,,,,,,,,
sanity,KITTI,mono,traj,JB,,,,,,,R1_gbm_reg,0.5,-0.14514832810802036,-0.1451483281080203,True,,,,,,,,,,,,,,,,,,,,,,,,,,,,,,,
sanity,KITTI,mono,traj,JB,,,,,,,R1_gbm_clf,0.1,-0.19107698013410257,-0.1910769801341025,True,,,,,,,,,,,,,,,,,,,,,,,,,,,,,,,
sanity,KITTI,mono,traj,JB,,,,,,,R1_gbm_clf,0.2,-0.19215635340119866,-0.1921563534011986,True,,,,,,,,,,,,,,,,,,,,,,,,,,,,,,,
sanity,KITTI,mono,traj,JB,,,,,,,R1_gbm_clf,0.3,-0.3362543040825143,-0.3362543040825143,True,,,,,,,,,,,,,,,,,,,,,,,,,,,,,,,
sanity,KITTI,mono,traj,JB,,,,,,,R1_gbm_clf,0.5,-0.5250139874981182,-0.5250139874981182,True,,,,,,,,,,,,,,,,,,,,,,,,,,,,,,,
sanity,KITTI,mono,traj,JB,,,,,,,R2_cnn_clf,0.1,-0.06331065256983939,-0.0633106525698393,True,,,,,,,,,,,,,,,,,,,,,,,,,,,,,,,
sanity,KITTI,mono,traj,JB,,,,,,,R2_cnn_clf,0.2,-0.1994615122707147,-0.1994615122707147,True,,,,,,,,,,,,,,,,,,,,,,,,,,,,,,,
sanity,KITTI,mono,traj,JB,,,,,,,R2_cnn_clf,0.3,-0.14218902281981435,-0.1421890228198143,True,,,,,,,,,,,,,,,,,,,,,,,,,,,,,,,
sanity,KITTI,mono,traj,JB,,,,,,,R2_cnn_clf,0.5,-0.20119133524303823,-0.2011913352430382,True,,,,,,,,,,,,,,,,,,,,,,,,,,,,,,,
sanity,KITTI,mono,traj,JB,,,,,,,oracle,0.1,1.0,1.0,True,,,,,,,,,,,,,,,,,,,,,,,,,,,,,,,
sanity,KITTI,mono,traj,JB,,,,,,,oracle,0.2,1.0,1.0,True,,,,,,,,,,,,,,,,,,,,,,,,,,,,,,,
sanity,KITTI,mono,traj,JB,,,,,,,oracle,0.3,1.0,1.0,True,,,,,,,,,,,,,,,,,,,,,,,,,,,,,,,
sanity,KITTI,mono,traj,JB,,,,,,,oracle,0.5,1.0,1.0,True,,,,,,,,,,,,,,,,,,,,,,,,,,,,,,,
sanity,nuPlan,n/a,pdm_closed,safety,,,,,,,gate_ridge,0.1,0.8449951726962819,0.8449951726962819,True,,,,,,,,,,,,,,,,,,,,,,,,,,,,,,,
sanity,nuPlan,n/a,pdm_closed,safety,,,,,,,gate_ridge,0.2,0.9921085889806255,0.9921085889806256,True,,,,,,,,,,,,,,,,,,,,,,,,,,,,,,,
sanity,nuPlan,n/a,pdm_closed,safety,,,,,,,gate_ridge,0.3,0.9921085889806255,0.9921085889806256,True,,,,,,,,,,,,,,,,,,,,,,,,,,,,,,,
sanity,nuPlan,n/a,pdm_closed,safety,,,,,,,gate_ridge,0.5,0.9188866143939853,0.9188866143939852,True,,,,,,,,,,,,,,,,,,,,,,,,,,,,,,,
sanity,nuPlan,n/a,pdm_closed,safety,,,,,,,gate_gbm,0.1,0.9270882797045129,0.9270882797045128,True,,,,,,,,,,,,,,,,,,,,,,,,,,,,,,,
sanity,nuPlan,n/a,pdm_closed,safety,,,,,,,gate_gbm,0.2,0.9921085889806255,0.9921085889806256,True,,,,,,,,,,,,,,,,,,,,,,,,,,,,,,,
sanity,nuPlan,n/a,pdm_closed,safety,,,,,,,gate_gbm,0.3,0.9921085889806255,0.9921085889806256,True,,,,,,,,,,,,,,,,,,,,,,,,,,,,,,,
sanity,nuPlan,n/a,pdm_closed,safety,,,,,,,gate_gbm,0.5,0.9921085889806255,0.9921085889806256,True,,,,,,,,,,,,,,,,,,,,,,,,,,,,,,,
sanity,nuPlan,n/a,pdm_closed,safety,,,,,,,R1_mlp_reg,0.1,0.0033365156003415685,0.0033365156003415,True,,,,,,,,,,,,,,,,,,,,,,,,,,,,,,,
sanity,nuPlan,n/a,pdm_closed,safety,,,,,,,R1_mlp_reg,0.2,0.1434503857702971,0.1434503857702971,True,,,,,,,,,,,,,,,,,,,,,,,,,,,,,,,
sanity,nuPlan,n/a,pdm_closed,safety,,,,,,,R1_mlp_reg,0.3,0.2134957658556118,0.2134957658556118,True,,,,,,,,,,,,,,,,,,,,,,,,,,,,,,,
sanity,nuPlan,n/a,pdm_closed,safety,,,,,,,R1_mlp_reg,0.5,0.4983069100476104,0.4983069100476104,True,,,,,,,,,,,,,,,,,,,,,,,,,,,,,,,
sanity,nuPlan,n/a,pdm_closed,safety,,,,,,,R1_mlp_clf,0.1,0.06899080671212239,0.0689908067121223,True,,,,,,,,,,,,,,,,,,,,,,,,,,,,,,,
sanity,nuPlan,n/a,pdm_closed,safety,,,,,,,R1_mlp_clf,0.2,-0.06672041948463618,-0.0667204194846361,True,,,,,,,,,,,,,,,,,,,,,,,,,,,,,,,
sanity,nuPlan,n/a,pdm_closed,safety,,,,,,,R1_mlp_clf,0.3,0.07339345068531931,0.0733934506853193,True,,,,,,,,,,,,,,,,,,,,,,,,,,,,,,,
sanity,nuPlan,n/a,pdm_closed,safety,,,,,,,R1_mlp_clf,0.5,0.3580781244739611,0.3580781244739611,True,,,,,,,,,,,,,,,,,,,,,,,,,,,,,,,
sanity,nuPlan,n/a,pdm_closed,safety,,,,,,,R1_gbm_reg,0.1,0.07183403692296864,0.0718340369229686,True,,,,,,,,,,,,,,,,,,,,,,,,,,,,,,,
sanity,nuPlan,n/a,pdm_closed,safety,,,,,,,R1_gbm_reg,0.2,0.07183403692296864,0.0718340369229686,True,,,,,,,,,,,,,,,,,,,,,,,,,,,,,,,
sanity,nuPlan,n/a,pdm_closed,safety,,,,,,,R1_gbm_reg,0.3,-0.001273022259977703,-0.0012730222599777,True,,,,,,,,,,,,,,,,,,,,,,,,,,,,,,,
sanity,nuPlan,n/a,pdm_closed,safety,,,,,,,R1_gbm_reg,0.5,0.28647333062629565,0.2864733306262956,True,,,,,,,,,,,,,,,,,,,,,,,,,,,,,,,
sanity,nuPlan,n/a,pdm_closed,safety,,,,,,,R1_gbm_clf,0.1,0.0,0.0,True,,,,,,,,,,,,,,,,,,,,,,,,,,,,,,,
sanity,nuPlan,n/a,pdm_closed,safety,,,,,,,R1_gbm_clf,0.2,0.06897925171245935,0.0689792517124593,True,,,,,,,,,,,,,,,,,,,,,,,,,,,,,,,
sanity,nuPlan,n/a,pdm_closed,safety,,,,,,,R1_gbm_clf,0.3,0.06877235782533699,0.0687723578253369,True,,,,,,,,,,,,,,,,,,,,,,,,,,,,,,,
sanity,nuPlan,n/a,pdm_closed,safety,,,,,,,R1_gbm_clf,0.5,0.13882929291031473,0.1388292929103147,True,,,,,,,,,,,,,,,,,,,,,,,,,,,,,,,
sanity,nuPlan,n/a,pdm_closed,safety,,,,,,,criticality_cheap,0.1,0.0,0.0,True,,,,,,,,,,,,,,,,,,,,,,,,,,,,,,,
sanity,nuPlan,n/a,pdm_closed,safety,,,,,,,criticality_cheap,0.2,0.07005693508497775,0.0700569350849777,True,,,,,,,,,,,,,,,,,,,,,,,,,,,,,,,
sanity,nuPlan,n/a,pdm_closed,safety,,,,,,,criticality_cheap,0.3,0.3472229963272571,0.3472229963272571,True,,,,,,,,,,,,,,,,,,,,,,,,,,,,,,,
sanity,nuPlan,n/a,pdm_closed,safety,,,,,,,criticality_cheap,0.5,0.9268813858173905,0.9268813858173904,True,,,,,,,,,,,,,,,,,,,,,,,,,,,,,,,
sanity,nuPlan,n/a,pdm_closed,safety,,,,,,,criticality_gt,0.1,0.0,0.0,True,,,,,,,,,,,,,,,,,,,,,,,,,,,,,,,
sanity,nuPlan,n/a,pdm_closed,safety,,,,,,,criticality_gt,0.2,0.07005693508497775,0.0700569350849777,True,,,,,,,,,,,,,,,,,,,,,,,,,,,,,,,
sanity,nuPlan,n/a,pdm_closed,safety,,,,,,,criticality_gt,0.3,0.07005693508497775,0.0700569350849777,True,,,,,,,,,,,,,,,,,,,,,,,,,,,,,,,
sanity,nuPlan,n/a,pdm_closed,safety,,,,,,,criticality_gt,0.5,0.14295710038080173,0.1429571003808017,True,,,,,,,,,,,,,,,,,,,,,,,,,,,,,,,
sanity,nuPlan,n/a,pdm_closed,safety,,,,,,,dE_E1_fn_only,0.1,0.07005693508497775,0.0700569350849777,True,,,,,,,,,,,,,,,,,,,,,,,,,,,,,,,
sanity,nuPlan,n/a,pdm_closed,safety,,,,,,,dE_E1_fn_only,0.2,0.1050912415439238,0.1050912415439238,True,,,,,,,,,,,,,,,,,,,,,,,,,,,,,,,
sanity,nuPlan,n/a,pdm_closed,safety,,,,,,,dE_E1_fn_only,0.3,0.18829771938392068,0.1882977193839206,True,,,,,,,,,,,,,,,,,,,,,,,,,,,,,,,
sanity,nuPlan,n/a,pdm_closed,safety,,,,,,,dE_E1_fn_only,0.5,0.1577832038989787,0.1577832038989787,True,,,,,,,,,,,,,,,,,,,,,,,,,,,,,,,
sanity,nuPlan,n/a,pdm_closed,safety,,,,,,,dE_E6_risk_weighted,0.1,0.0,0.0,True,,,,,,,,,,,,,,,,,,,,,,,,,,,,,,,
sanity,nuPlan,n/a,pdm_closed,safety,,,,,,,dE_E6_risk_weighted,0.2,0.1401138701699555,0.1401138701699555,True,,,,,,,,,,,,,,,,,,,,,,,,,,,,,,,
sanity,nuPlan,n/a,pdm_closed,safety,,,,,,,dE_E6_risk_weighted,0.3,0.28307097055075725,0.2830709705507572,True,,,,,,,,,,,,,,,,,,,,,,,,,,,,,,,
sanity,nuPlan,n/a,pdm_closed,safety,,,,,,,dE_E6_risk_weighted,0.5,0.49312686040199666,0.4931268604019966,True,,,,,,,,,,,,,,,,,,,,,,,,,,,,,,,
sanity,nuPlan,n/a,pdm_closed,safety,,,,,,,oracle,0.1,1.0,1.0,True,,,,,,,,,,,,,,,,,,,,,,,,,,,,,,,
sanity,nuPlan,n/a,pdm_closed,safety,,,,,,,oracle,0.2,1.0,1.0,True,,,,,,,,,,,,,,,,,,,,,,,,,,,,,,,
sanity,nuPlan,n/a,pdm_closed,safety,,,,,,,oracle,0.3,1.0,1.0,True,,,,,,,,,,,,,,,,,,,,,,,,,,,,,,,
sanity,nuPlan,n/a,pdm_closed,safety,,,,,,,oracle,0.5,1.0,1.0,True,,,,,,,,,,,,,,,,,,,,,,,,,,,,,,,
sanity,nuPlan,n/a,pdm_closed,scalar_J,,,,,,,gate_ridge,0.1,0.8383660618283683,0.8383660618283683,True,,,,,,,,,,,,,,,,,,,,,,,,,,,,,,,
sanity,nuPlan,n/a,pdm_closed,scalar_J,,,,,,,gate_ridge,0.2,0.9881693559402288,0.9881693559402288,True,,,,,,,,,,,,,,,,,,,,,,,,,,,,,,,
sanity,nuPlan,n/a,pdm_closed,scalar_J,,,,,,,gate_ridge,0.3,0.9850458671228198,0.9850458671228198,True,,,,,,,,,,,,,,,,,,,,,,,,,,,,,,,
sanity,nuPlan,n/a,pdm_closed,scalar_J,,,,,,,gate_ridge,0.5,0.9004489757910216,0.9004489757910216,True,,,,,,,,,,,,,,,,,,,,,,,,,,,,,,,
sanity,nuPlan,n/a,pdm_closed,scalar_J,,,,,,,gate_gbm,0.1,0.9260728535035636,0.9260728535035636,True,,,,,,,,,,,,,,,,,,,,,,,,,,,,,,,
sanity,nuPlan,n/a,pdm_closed,scalar_J,,,,,,,gate_gbm,0.2,0.9893573565223529,0.9893573565223528,True,,,,,,,,,,,,,,,,,,,,,,,,,,,,,,,
sanity,nuPlan,n/a,pdm_closed,scalar_J,,,,,,,gate_gbm,0.3,0.9892972766301558,0.9892972766301558,True,,,,,,,,,,,,,,,,,,,,,,,,,,,,,,,
sanity,nuPlan,n/a,pdm_closed,scalar_J,,,,,,,gate_gbm,0.5,0.9891381096854984,0.9891381096854984,True,,,,,,,,,,,,,,,,,,,,,,,,,,,,,,,
sanity,nuPlan,n/a,pdm_closed,scalar_J,,,,,,,R1_mlp_reg,0.1,0.0027194656959144505,0.0027194656959144,True,,,,,,,,,,,,,,,,,,,,,,,,,,,,,,,
sanity,nuPlan,n/a,pdm_closed,scalar_J,,,,,,,R1_mlp_reg,0.2,0.14051048827290885,0.1405104882729088,True,,,,,,,,,,,,,,,,,,,,,,,,,,,,,,,
sanity,nuPlan,n/a,pdm_closed,scalar_J,,,,,,,R1_mlp_reg,0.3,0.14058513072765688,0.1405851307276568,True,,,,,,,,,,,,,,,,,,,,,,,,,,,,,,,
sanity,nuPlan,n/a,pdm_closed,scalar_J,,,,,,,R1_mlp_reg,0.5,0.4326660328493792,0.4326660328493792,True,,,,,,,,,,,,,,,,,,,,,,,,,,,,,,,
sanity,nuPlan,n/a,pdm_closed,scalar_J,,,,,,,R1_mlp_clf,0.1,0.13528005769650828,0.1352800576965082,True,,,,,,,,,,,,,,,,,,,,,,,,,,,,,,,
sanity,nuPlan,n/a,pdm_closed,scalar_J,,,,,,,R1_mlp_clf,0.2,0.2775625847881968,0.2775625847881968,True,,,,,,,,,,,,,,,,,,,,,,,,,,,,,,,
sanity,nuPlan,n/a,pdm_closed,scalar_J,,,,,,,R1_mlp_clf,0.3,0.6756298141283948,0.6756298141283948,True,,,,,,,,,,,,,,,,,,,,,,,,,,,,,,,
sanity,nuPlan,n/a,pdm_closed,scalar_J,,,,,,,R1_mlp_clf,0.5,0.6083287024985333,0.6083287024985333,True,,,,,,,,,,,,,,,,,,,,,,,,,,,,,,,
sanity,nuPlan,n/a,pdm_closed,scalar_J,,,,,,,R1_gbm_reg,0.1,0.06438962487940961,0.0643896248794096,True,,,,,,,,,,,,,,,,,,,,,,,,,,,,,,,
sanity,nuPlan,n/a,pdm_closed,scalar_J,,,,,,,R1_gbm_reg,0.2,0.06457820953947828,0.0645782095394782,True,,,,,,,,,,,,,,,,,,,,,,,,,,,,,,,
sanity,nuPlan,n/a,pdm_closed,scalar_J,,,,,,,R1_gbm_reg,0.3,0.13478272651832518,0.1347827265183251,True,,,,,,,,,,,,,,,,,,,,,,,,,,,,,,,
sanity,nuPlan,n/a,pdm_closed,scalar_J,,,,,,,R1_gbm_reg,0.5,0.13110605615109652,0.1311060561510965,True,,,,,,,,,,,,,,,,,,,,,,,,,,,,,,,
sanity,nuPlan,n/a,pdm_closed,scalar_J,,,,,,,R1_gbm_clf,0.1,0.00167663892314626,0.0016766389231462,True,,,,,,,,,,,,,,,,,,,,,,,,,,,,,,,
sanity,nuPlan,n/a,pdm_closed,scalar_J,,,,,,,R1_gbm_clf,0.2,0.07226030595436043,0.0722603059543604,True,,,,,,,,,,,,,,,,,,,,,,,,,,,,,,,
sanity,nuPlan,n/a,pdm_closed,scalar_J,,,,,,,R1_gbm_clf,0.3,0.06495091189024785,0.0649509118902478,True,,,,,,,,,,,,,,,,,,,,,,,,,,,,,,,
sanity,nuPlan,n/a,pdm_closed,scalar_J,,,,,,,R1_gbm_clf,0.5,0.26776602692924495,0.2677660269292449,True,,,,,,,,,,,,,,,,,,,,,,,,,,,,,,,
sanity,nuPlan,n/a,pdm_closed,scalar_J,,,,,,,criticality_cheap,0.1,0.0006899499336141607,0.0006899499336141,True,,,,,,,,,,,,,,,,,,,,,,,,,,,,,,,
sanity,nuPlan,n/a,pdm_closed,scalar_J,,,,,,,criticality_cheap,0.2,0.06632163741704888,0.0663216374170488,True,,,,,,,,,,,,,,,,,,,,,,,,,,,,,,,
sanity,nuPlan,n/a,pdm_closed,scalar_J,,,,,,,criticality_cheap,0.3,0.3359997151230707,0.3359997151230707,True,,,,,,,,,,,,,,,,,,,,,,,,,,,,,,,
sanity,nuPlan,n/a,pdm_closed,scalar_J,,,,,,,criticality_cheap,0.5,0.917416359674222,0.917416359674222,True,,,,,,,,,,,,,,,,,,,,,,,,,,,,,,,
sanity,nuPlan,n/a,pdm_closed,scalar_J,,,,,,,criticality_gt,0.1,-2.8840614016808776e-07,-2.8840614016808776e-07,True,,,,,,,,,,,,,,,,,,,,,,,,,,,,,,,
sanity,nuPlan,n/a,pdm_closed,scalar_J,,,,,,,criticality_gt,0.2,0.06789167610440527,0.0678916761044052,True,,,,,,,,,,,,,,,,,,,,,,,,,,,,,,,
sanity,nuPlan,n/a,pdm_closed,scalar_J,,,,,,,criticality_gt,0.3,0.06685311965763015,0.0668531196576301,True,,,,,,,,,,,,,,,,,,,,,,,,,,,,,,,
sanity,nuPlan,n/a,pdm_closed,scalar_J,,,,,,,criticality_gt,0.5,0.1392256756009484,0.1392256756009484,True,,,,,,,,,,,,,,,,,,,,,,,,,,,,,,,
sanity,nuPlan,n/a,pdm_closed,scalar_J,,,,,,,dE_E1_fn_only,0.1,0.06146541334592874,0.0614654133459287,True,,,,,,,,,,,,,,,,,,,,,,,,,,,,,,,
sanity,nuPlan,n/a,pdm_closed,scalar_J,,,,,,,dE_E1_fn_only,0.2,0.09612985209310487,0.0961298520931048,True,,,,,,,,,,,,,,,,,,,,,,,,,,,,,,,
sanity,nuPlan,n/a,pdm_closed,scalar_J,,,,,,,dE_E1_fn_only,0.3,0.17883591561120935,0.1788359156112093,True,,,,,,,,,,,,,,,,,,,,,,,,,,,,,,,
sanity,nuPlan,n/a,pdm_closed,scalar_J,,,,,,,dE_E1_fn_only,0.5,0.14458676680400442,0.1445867668040044,True,,,,,,,,,,,,,,,,,,,,,,,,,,,,,,,
sanity,nuPlan,n/a,pdm_closed,scalar_J,,,,,,,dE_E6_risk_weighted,0.1,-6.349534415579455e-05,-6.349534415579455e-05,True,,,,,,,,,,,,,,,,,,,,,,,,,,,,,,,
sanity,nuPlan,n/a,pdm_closed,scalar_J,,,,,,,dE_E6_risk_weighted,0.2,0.13626454985734726,0.1362645498573472,True,,,,,,,,,,,,,,,,,,,,,,,,,,,,,,,
sanity,nuPlan,n/a,pdm_closed,scalar_J,,,,,,,dE_E6_risk_weighted,0.3,0.27724407212313024,0.2772440721231302,True,,,,,,,,,,,,,,,,,,,,,,,,,,,,,,,
sanity,nuPlan,n/a,pdm_closed,scalar_J,,,,,,,dE_E6_risk_weighted,0.5,0.4858853541033883,0.4858853541033883,True,,,,,,,,,,,,,,,,,,,,,,,,,,,,,,,
sanity,nuPlan,n/a,pdm_closed,scalar_J,,,,,,,oracle,0.1,1.0,1.0,True,,,,,,,,,,,,,,,,,,,,,,,,,,,,,,,
sanity,nuPlan,n/a,pdm_closed,scalar_J,,,,,,,oracle,0.2,1.0,1.0,True,,,,,,,,,,,,,,,,,,,,,,,,,,,,,,,
sanity,nuPlan,n/a,pdm_closed,scalar_J,,,,,,,oracle,0.3,1.0,1.0,True,,,,,,,,,,,,,,,,,,,,,,,,,,,,,,,
sanity,nuPlan,n/a,pdm_closed,scalar_J,,,,,,,oracle,0.5,1.0,1.0,True,,,,,,,,,,,,,,,,,,,,,,,,,,,,,,,
sanity,nuPlan,n/a,idm,scalar_J,,,,,,,gate_ridge,0.1,0.0,0.0,True,,,,,,,,,,,,,,,,,,,,,,,,,,,,,,,
sanity,nuPlan,n/a,idm,scalar_J,,,,,,,gate_ridge,0.2,0.056206833299475525,0.0562068332994755,True,,,,,,,,,,,,,,,,,,,,,,,,,,,,,,,
sanity,nuPlan,n/a,idm,scalar_J,,,,,,,gate_ridge,0.3,0.056206833299475525,0.0562068332994755,True,,,,,,,,,,,,,,,,,,,,,,,,,,,,,,,
sanity,nuPlan,n/a,idm,scalar_J,,,,,,,gate_ridge,0.5,0.0628085946015181,0.0628085946015181,True,,,,,,,,,,,,,,,,,,,,,,,,,,,,,,,
sanity,nuPlan,n/a,idm,scalar_J,,,,,,,gate_gbm,0.1,0.0,0.0,True,,,,,,,,,,,,,,,,,,,,,,,,,,,,,,,
sanity,nuPlan,n/a,idm,scalar_J,,,,,,,gate_gbm,0.2,0.0,0.0,True,,,,,,,,,,,,,,,,,,,,,,,,,,,,,,,
sanity,nuPlan,n/a,idm,scalar_J,,,,,,,gate_gbm,0.3,0.0,0.0,True,,,,,,,,,,,,,,,,,,,,,,,,,,,,,,,
sanity,nuPlan,n/a,idm,scalar_J,,,,,,,gate_gbm,0.5,0.026285748924041594,0.0262857489240415,True,,,,,,,,,,,,,,,,,,,,,,,,,,,,,,,
sanity,nuPlan,n/a,idm,scalar_J,,,,,,,R1_mlp_reg,0.1,0.026285748924041594,0.0262857489240415,True,,,,,,,,,,,,,,,,,,,,,,,,,,,,,,,
sanity,nuPlan,n/a,idm,scalar_J,,,,,,,R1_mlp_reg,0.2,0.030775317321001854,0.0307753173210018,True,,,,,,,,,,,,,,,,,,,,,,,,,,,,,,,
sanity,nuPlan,n/a,idm,scalar_J,,,,,,,R1_mlp_reg,0.3,0.03428588639762831,0.0342858863976283,True,,,,,,,,,,,,,,,,,,,,,,,,,,,,,,,
sanity,nuPlan,n/a,idm,scalar_J,,,,,,,R1_mlp_reg,0.5,0.03428588639762831,0.0342858863976283,True,,,,,,,,,,,,,,,,,,,,,,,,,,,,,,,
sanity,nuPlan,n/a,idm,scalar_J,,,,,,,R1_mlp_clf,0.1,0.9370714227081094,0.9370714227081094,True,,,,,,,,,,,,,,,,,,,,,,,,,,,,,,,
sanity,nuPlan,n/a,idm,scalar_J,,,,,,,R1_mlp_clf,0.2,0.937578840322055,0.937578840322055,True,,,,,,,,,,,,,,,,,,,,,,,,,,,,,,,
sanity,nuPlan,n/a,idm,scalar_J,,,,,,,R1_mlp_clf,0.3,0.937578840322055,0.937578840322055,True,,,,,,,,,,,,,,,,,,,,,,,,,,,,,,,
sanity,nuPlan,n/a,idm,scalar_J,,,,,,,R1_mlp_clf,0.5,0.9437931667005246,0.9437931667005246,True,,,,,,,,,,,,,,,,,,,,,,,,,,,,,,,
sanity,nuPlan,n/a,idm,scalar_J,,,,,,,R1_gbm_reg,0.1,0.0,0.0,True,,,,,,,,,,,,,,,,,,,,,,,,,,,,,,,
sanity,nuPlan,n/a,idm,scalar_J,,,,,,,R1_gbm_reg,0.2,0.0,0.0,True,,,,,,,,,,,,,,,,,,,,,,,,,,,,,,,
sanity,nuPlan,n/a,idm,scalar_J,,,,,,,R1_gbm_reg,0.3,0.0,0.0,True,,,,,,,,,,,,,,,,,,,,,,,,,,,,,,,
sanity,nuPlan,n/a,idm,scalar_J,,,,,,,R1_gbm_reg,0.5,-0.025209024497524733,-0.0252090244975247,True,,,,,,,,,,,,,,,,,,,,,,,,,,,,,,,
sanity,nuPlan,n/a,idm,scalar_J,,,,,,,R1_gbm_clf,0.1,0.0,0.0,True,,,,,,,,,,,,,,,,,,,,,,,,,,,,,,,
sanity,nuPlan,n/a,idm,scalar_J,,,,,,,R1_gbm_clf,0.2,0.05920998476215632,0.0592099847621563,True,,,,,,,,,,,,,,,,,,,,,,,,,,,,,,,
sanity,nuPlan,n/a,idm,scalar_J,,,,,,,R1_gbm_clf,0.3,0.08998530208315816,0.0899853020831581,True,,,,,,,,,,,,,,,,,,,,,,,,,,,,,,,
sanity,nuPlan,n/a,idm,scalar_J,,,,,,,R1_gbm_clf,0.5,0.9932782560075849,0.9932782560075848,True,,,,,,,,,,,,,,,,,,,,,,,,,,,,,,,
sanity,nuPlan,n/a,idm,scalar_J,,,,,,,criticality_cheap,0.1,0.0051169687012786414,0.0051169687012786,True,,,,,,,,,,,,,,,,,,,,,,,,,,,,,,,
sanity,nuPlan,n/a,idm,scalar_J,,,,,,,criticality_cheap,0.2,0.008120120163959434,0.0081201201639594,True,,,,,,,,,,,,,,,,,,,,,,,,,,,,,,,
sanity,nuPlan,n/a,idm,scalar_J,,,,,,,criticality_cheap,0.3,-0.04155648693410401,-0.041556486934104,True,,,,,,,,,,,,,,,,,,,,,,,,,,,,,,,
sanity,nuPlan,n/a,idm,scalar_J,,,,,,,criticality_cheap,0.5,-0.04155648693410401,-0.041556486934104,True,,,,,,,,,,,,,,,,,,,,,,,,,,,,,,,
sanity,nuPlan,n/a,idm,scalar_J,,,,,,,criticality_gt,0.1,0.0005074176139456607,0.0005074176139456,True,,,,,,,,,,,,,,,,,,,,,,,,,,,,,,,
sanity,nuPlan,n/a,idm,scalar_J,,,,,,,criticality_gt,0.2,0.008120120163959434,0.0081201201639594,True,,,,,,,,,,,,,,,,,,,,,,,,,,,,,,,
sanity,nuPlan,n/a,idm,scalar_J,,,,,,,criticality_gt,0.3,0.008120120163959434,0.0081201201639594,True,,,,,,,,,,,,,,,,,,,,,,,,,,,,,,,
sanity,nuPlan,n/a,idm,scalar_J,,,,,,,criticality_gt,0.5,0.009113482789715946,0.0091134827897159,True,,,,,,,,,,,,,,,,,,,,,,,,,,,,,,,
sanity,nuPlan,n/a,idm,scalar_J,,,,,,,dE_E1_fn_only,0.1,0.0005074176139456607,0.0005074176139456,True,,,,,,,,,,,,,,,,,,,,,,,,,,,,,,,
sanity,nuPlan,n/a,idm,scalar_J,,,,,,,dE_E1_fn_only,0.2,0.0005074176139456607,0.0005074176139456,True,,,,,,,,,,,,,,,,,,,,,,,,,,,,,,,
sanity,nuPlan,n/a,idm,scalar_J,,,,,,,dE_E1_fn_only,0.3,0.0005074176139456607,0.0005074176139456,True,,,,,,,,,,,,,,,,,,,,,,,,,,,,,,,
sanity,nuPlan,n/a,idm,scalar_J,,,,,,,dE_E1_fn_only,0.5,0.0005074176139456607,0.0005074176139456,True,,,,,,,,,,,,,,,,,,,,,,,,,,,,,,,
sanity,nuPlan,n/a,idm,scalar_J,,,,,,,dE_E6_risk_weighted,0.1,0.007087706313853416,0.0070877063138534,True,,,,,,,,,,,,,,,,,,,,,,,,,,,,,,,
sanity,nuPlan,n/a,idm,scalar_J,,,,,,,dE_E6_risk_weighted,0.2,0.062421159677945155,0.0624211596779451,True,,,,,,,,,,,,,,,,,,,,,,,,,,,,,,,
sanity,nuPlan,n/a,idm,scalar_J,,,,,,,dE_E6_risk_weighted,0.3,0.062421159677945155,0.0624211596779451,True,,,,,,,,,,,,,,,,,,,,,,,,,,,,,,,
sanity,nuPlan,n/a,idm,scalar_J,,,,,,,dE_E6_risk_weighted,0.5,0.08870690860198675,0.0887069086019867,True,,,,,,,,,,,,,,,,,,,,,,,,,,,,,,,
sanity,nuPlan,n/a,idm,scalar_J,,,,,,,oracle,0.1,1.0,1.0,True,,,,,,,,,,,,,,,,,,,,,,,,,,,,,,,
sanity,nuPlan,n/a,idm,scalar_J,,,,,,,oracle,0.2,1.0,1.0,True,,,,,,,,,,,,,,,,,,,,,,,,,,,,,,,
sanity,nuPlan,n/a,idm,scalar_J,,,,,,,oracle,0.3,1.0,1.0,True,,,,,,,,,,,,,,,,,,,,,,,,,,,,,,,
sanity,nuPlan,n/a,idm,scalar_J,,,,,,,oracle,0.5,1.0,1.0,True,,,,,,,,,,,,,,,,,,,,,,,,,,,,,,,
paired_gain,nuScenes,oracle,brake,J,,,,,,,uncertainty,0.1,,,,False,955.0,24.0,246.6178238736764,2.2708180957821487,3.577509966866657,-1.3066918710845083,-0.005298448630192388,0.047026741437611985,48.287804478112285,,-9.234182154254192,3.4889373793889424,-0.03744328779327873,0.014147142021559887,-9.224292883418027,3.5029396335930794,7.0,False,False,,,,,,,,,,,
paired_gain,nuScenes,oracle,brake,J,,,,,,,uncertainty,0.2,,,,False,955.0,24.0,246.6178238736764,0.8173319606346463,7.117754204911787,-6.30042224427714,-0.02554731099851229,0.016926260563474644,48.287804478112285,,-17.07068385864218,9.787761657423768,-0.06921918128426191,0.039687973495530056,-17.08297006546857,9.793963584288768,7.0,False,False,,,,,,,,,,,
paired_gain,nuScenes,oracle,brake,J,,,,,,,uncertainty,0.3,,,,False,955.0,24.0,246.6178238736764,17.562871202515574,10.657998442956915,6.904872759558659,0.027998271378371666,0.36371235744371866,48.287804478112285,,-19.892832558154513,23.180802526371735,-0.08066259058527782,0.09399483850058421,-19.893723264391124,23.184287980582436,7.0,False,False,,,,,,,,,,,
paired_gain,nuScenes,oracle,brake,J,,,,,,,uncertainty,0.5,,,,False,955.0,24.0,246.6178238736764,18.47351972814526,17.81301837669023,0.6605013514550286,0.0026782385031235752,0.3825711259355117,48.287804478112285,,-20.812794365816444,19.976475372039324,-0.08439290412552362,0.08100175023145025,-20.931598491609815,19.988369207179815,7.0,False,False,,,,,,,,,,,
paired_gain,nuScenes,oracle,brake,J,,,,,,,criticality_cheap,0.1,,,,False,955.0,24.0,246.6178238736764,14.605146876484026,3.577509966866657,11.02763690961737,0.044715490293459045,0.30246036311516694,48.287804478112285,,-0.7057224680583324,26.795849927921566,-0.002861603662595857,0.10865333862343643,-0.4710894861769633,26.846171950325896,7.0,False,False,,,,,,,,,,,
paired_gain,nuScenes,oracle,brake,J,,,,,,,criticality_cheap,0.2,,,,False,955.0,24.0,246.6178238736764,22.559239131798254,7.117754204911787,15.441484926886467,0.0626130126539271,0.4671829538662049,48.287804478112285,,-2.4836778025960586,35.64937687126024,-0.010070958228340619,0.1445531239847478,-2.488590145643277,35.65968798675273,7.0,False,False,,,,,,,,,,,
paired_gain,nuScenes,oracle,brake,J,,,,,,,criticality_cheap,0.3,,,,False,955.0,24.0,246.6178238736764,23.599239131798257,10.657998442956915,12.941240688841342,0.05247487989947619,0.48872048308792404,48.287804478112285,,-7.087398182698745,33.06400044317831,-0.028738385861068506,0.13406979237686603,-7.096835681534289,33.07878101077594,7.0,False,False,,,,,,,,,,,
paired_gain,nuScenes,oracle,brake,J,,,,,,,criticality_cheap,0.5,,,,False,955.0,24.0,246.6178238736764,19.552871202515583,17.81301837669023,1.739852825825352,0.0070548543430362385,0.4049235912429697,48.287804478112285,,-19.945439686053923,21.220148404765094,-0.0808759049640729,0.08604466648620891,-19.96323738765934,21.23767672467303,7.0,False,False,,,,,,,,,,,
paired_gain,nuScenes,oracle,brake,J,,,,,,,criticality_gt,0.1,,,,False,955.0,24.0,246.6178238736764,9.343109395040644,3.577509966866657,5.765599428173987,0.023378680979389655,0.19348797270904403,48.287804478112285,,-6.755121170786853,23.917457229052424,-0.02739105010612286,0.09698186795007778,-6.755759120402033,23.941178016821883,7.0,False,False,,,,,,,,,,,
paired_gain,nuScenes,oracle,brake,J,,,,,,,criticality_gt,0.2,,,,False,955.0,24.0,246.6178238736764,13.864799172813221,7.117754204911787,6.747044967901434,0.02735830225862926,0.2871283820555106,48.287804478112285,,-6.004590060574566,28.315817001126838,-0.024347753808947166,0.1148165876916945,-6.046049129377397,28.347460994622114,7.0,False,False,,,,,,,,,,,
paired_gain,nuScenes,oracle,brake,J,,,,,,,criticality_gt,0.3,,,,False,955.0,24.0,246.6178238736764,24.886416963158922,10.657998442956915,14.228418520202007,0.05769420188984453,0.5153768582383849,48.287804478112285,,-4.007995532898052,41.3774301451341,-0.016251848588815072,0.16777956067899058,-3.874120102715048,41.405589415807874,7.0,False,False,,,,,,,,,,,
paired_gain,nuScenes,oracle,brake,J,,,,,,,criticality_gt,0.5,,,,False,955.0,24.0,246.6178238736764,37.504787779036135,17.81301837669023,19.691769402345905,0.0798473082482169,0.7766927526397719,48.287804478112285,,2.21879987561808,40.139856173270125,0.008996916122147777,0.16276137524362688,2.882497277244888,40.1469408512974,7.0,True,True,,,,,,,,,,,
paired_gain,nuScenes,oracle,brake,J,,,,,,,PKL,0.1,,,,False,955.0,24.0,246.6178238736764,20.656759856423598,3.577509966866657,17.07924988955694,0.0692539153143503,0.42778420099399667,48.287804478112285,,-5.9166956617871485,40.78032462254761,-0.023991354594134377,0.16535838319389387,-5.943325314642445,41.01222716851524,7.0,False,False,,,,,,,,,,,
paired_gain,nuScenes,oracle,brake,J,,,,,,,PKL,0.2,,,,False,955.0,24.0,246.6178238736764,22.10195196850457,7.117754204911787,14.984197763592782,0.06075877861637466,0.45771291959490223,48.287804478112285,,-6.910843456832166,36.84346102659346,-0.028022481701777024,0.14939496443479108,-6.630181836393999,36.92815678698176,7.0,False,False,,,,,,,,,,,
paired_gain,nuScenes,oracle,brake,J,,,,,,,PKL,0.3,,,,False,955.0,24.0,246.6178238736764,21.02288311337452,10.657998442956915,10.364884670417604,0.04202812476249384,0.43536630709527685,48.287804478112285,,-7.391048491664428,29.665613899529724,-0.029969644430283764,0.12028982104199074,-6.950169504724847,29.717149716630622,7.0,False,False,,,,,,,,,,,
paired_gain,nuScenes,oracle,brake,J,,,,,,,PKL,0.5,,,,False,955.0,24.0,246.6178238736764,24.062450164032025,17.81301837669023,6.249431787341795,0.02534055198923053,0.4983131957249985,48.287804478112285,,-6.474842781425629,21.014252367666703,-0.026254561327822758,0.08520978750680532,-6.483033498974895,21.034581075803484,7.0,False,False,,,,,,,,,,,
paired_gain,nuScenes,oracle,brake,J,,,,,,,TIP,0.1,,,,False,955.0,24.0,246.6178238736764,19.417529287357393,3.577509966866657,15.840019320490736,0.06422901261428848,0.4021207735000438,48.287804478112285,,-10.268138090571693,36.716380428302394,-0.04163583121969027,0.14887967078612052,-10.244984443564613,36.84414730730176,7.0,False,False,,,,,,,,,,,
paired_gain,nuScenes,oracle,brake,J,,,,,,,TIP,0.2,,,,False,955.0,24.0,246.6178238736764,17.60323938951092,7.117754204911787,10.485485184599135,0.04251714259700083,0.36454834879664183,48.287804478112285,,-10.429233534827535,35.019267949101796,-0.042289050203320425,0.1419981224351388,-10.396771738010322,35.084544999946466,7.0,False,False,,,,,,,,,,,
paired_gain,nuScenes,oracle,brake,J,,,,,,,TIP,0.3,,,,False,955.0,24.0,246.6178238736764,17.82975400199268,10.657998442956915,7.1717555590357644,0.029080442955774805,0.3692392767634421,48.287804478112285,,-11.018677748743261,28.388682198155504,-0.044679162177618165,0.11511204564312785,-11.11571281976856,28.41835469507121,7.0,False,False,,,,,,,,,,,
paired_gain,nuScenes,oracle,brake,J,,,,,,,TIP,0.5,,,,False,955.0,24.0,246.6178238736764,20.93624011602823,17.81301837669023,3.1232217393379997,0.012664217412516741,0.43357200316527394,48.287804478112285,,-10.545850423519223,17.880747671500142,-0.04276191500627733,0.07250387417520597,-10.590409329168603,17.882730249755785,7.0,False,False,,,,,,,,,,,
paired_gain,nuScenes,oracle,brake,J,,,,,,,dE_exact,0.1,,,,False,955.0,24.0,246.6178238736764,5.56710862011263,3.577509966866657,1.9895986532459728,0.008067537949994617,0.11529015825592294,48.287804478112285,,-4.004493942395373,9.816067417034748,-0.016237650140188454,0.039802749301943295,-4.005410859907755,9.821832652365208,7.0,False,False,,,,,,,,,,,
paired_gain,nuScenes,oracle,brake,J,,,,,,,dE_exact,0.2,,,,False,955.0,24.0,246.6178238736764,12.183701855505488,7.117754204911787,5.065947650593701,0.0205416930983407,0.25231426417467523,48.287804478112285,,-4.708707706128264,20.624286891853433,-0.01909313622254723,0.08362853328240254,-4.710636559789249,20.629668848045856,7.0,False,False,,,,,,,,,,,
paired_gain,nuScenes,oracle,brake,J,,,,,,,dE_exact,0.3,,,,False,955.0,24.0,246.6178238736764,25.50449317028645,10.657998442956915,14.846494727329537,0.06020041250114294,0.5281766989809411,48.287804478112285,,0.37112261388943985,37.340466829632454,0.0015048491145536092,0.1514102518752219,0.41223630842616693,37.42898747155217,7.0,True,True,,,,,,,,,,,
paired_gain,nuScenes,oracle,brake,J,,,,,,,dE_exact,0.5,,,,False,955.0,24.0,246.6178238736764,37.13977046499929,17.81301837669023,19.326752088309057,0.0783672152512735,0.7691335496902507,48.287804478112285,,3.618263140714534,38.154341041254774,0.014671539485191044,0.15471039538812226,3.6931888527048606,38.26843668355477,7.0,True,True,,,,,,,,,,,
paired_gain,nuScenes,oracle,brake,J,,,,,,,dE_E1_fn_only,0.1,,,,False,955.0,24.0,246.6178238736764,5.56710862011263,3.577509966866657,1.9895986532459728,0.008067537949994617,0.11529015825592294,48.287804478112285,,-4.004493942395373,9.816067417034748,-0.016237650140188454,0.039802749301943295,-4.005410859907755,9.821832652365208,7.0,False,False,,,,,,,,,,,
paired_gain,nuScenes,oracle,brake,J,,,,,,,dE_E1_fn_only,0.2,,,,False,955.0,24.0,246.6178238736764,12.183701855505488,7.117754204911787,5.065947650593701,0.0205416930983407,0.25231426417467523,48.287804478112285,,-4.708707706128264,20.624286891853433,-0.01909313622254723,0.08362853328240254,-4.710636559789249,20.629668848045856,7.0,False,False,,,,,,,,,,,
paired_gain,nuScenes,oracle,brake,J,,,,,,,dE_E1_fn_only,0.3,,,,False,955.0,24.0,246.6178238736764,25.50449317028645,10.657998442956915,14.846494727329537,0.06020041250114294,0.5281766989809411,48.287804478112285,,0.37112261388943985,37.340466829632454,0.0015048491145536092,0.1514102518752219,0.41223630842616693,37.42898747155217,7.0,True,True,,,,,,,,,,,
paired_gain,nuScenes,oracle,brake,J,,,,,,,dE_E1_fn_only,0.5,,,,False,955.0,24.0,246.6178238736764,37.13977046499929,17.81301837669023,19.326752088309057,0.0783672152512735,0.7691335496902507,48.287804478112285,,3.618263140714534,38.154341041254774,0.014671539485191044,0.15471039538812226,3.6931888527048606,38.26843668355477,7.0,True,True,,,,,,,,,,,
paired_gain,nuScenes,oracle,brake,J,,,,,,,dE_E2_fn_fp,0.1,,,,False,955.0,24.0,246.6178238736764,4.110660775292273,3.577509966866657,0.5331508084256162,0.002161850267151449,0.08512834285426123,48.287804478112285,,-5.100184496259293,7.547287671665349,-0.020680518610332602,0.030603171956992255,-5.103958699580293,7.550343440345097,7.0,False,False,,,,,,,,,,,
paired_gain,nuScenes,oracle,brake,J,,,,,,,dE_E2_fn_fp,0.2,,,,False,955.0,24.0,246.6178238736764,6.699410004814639,7.117754204911787,-0.418344200097148,-0.0016963258921278699,0.13873917187208878,48.287804478112285,,-9.537068845445125,8.29387276746056,-0.03867145000164401,0.033630467730138114,-9.55667691091697,8.294216992145888,7.0,False,False,,,,,,,,,,,
paired_gain,nuScenes,oracle,brake,J,,,,,,,dE_E2_fn_fp,0.3,,,,False,955.0,24.0,246.6178238736764,9.056727786125,10.657998442956915,-1.6012706568319146,-0.006492923470333288,0.18755724937194443,48.287804478112285,,-13.848797392309088,9.634868401220922,-0.05615489251662027,0.03906801321122732,-13.860549221866455,9.642250527797913,7.0,False,False,,,,,,,,,,,
paired_gain,nuScenes,oracle,brake,J,,,,,,,dE_E2_fn_fp,0.5,,,,False,955.0,24.0,246.6178238736764,20.102245835253555,17.81301837669023,2.2892274585633245,0.009282489897145156,0.4163006799028402,48.287804478112285,,-9.582071840394967,13.110534851960566,-0.03885393070901127,0.0531613435153661,-9.658707854590961,13.093924906278962,7.0,False,False,,,,,,,,,,,
paired_gain,nuScenes,oracle,brake,J,,,,,,,dE_E3_class_aware,0.1,,,,False,955.0,24.0,246.6178238736764,12.366021171513957,3.577509966866657,8.7885112046473,0.03563615584066214,0.25608994455565237,48.287804478112285,,-1.0553802497635447,26.60208582022343,-0.004279415952936703,0.10786765288241965,-1.0568600490600788,26.609123373430073,7.0,False,False,,,,,,,,,,,
paired_gain,nuScenes,oracle,brake,J,,,,,,,dE_E3_class_aware,0.2,,,,False,955.0,24.0,246.6178238736764,26.746231148004647,7.117754204911787,19.62847694309286,0.07959066637919504,0.5538920528086564,48.287804478112285,,1.9411403846015325,48.85635012255183,0.007871046602032429,0.19810551141501123,2.2373525916608714,48.87583410315167,7.0,True,True,,,,,,,,,,,
paired_gain,nuScenes,oracle,brake,J,,,,,,,dE_E3_class_aware,0.3,,,,False,955.0,24.0,246.6178238736764,35.016835439510565,10.657998442956915,24.35883699655365,0.09877159977305952,0.7251693428178716,48.287804478112285,,3.492937712976481,50.357036587238966,0.01416336280205622,0.2041905803735948,3.6881784386014456,50.46840382826849,7.0,True,True,,,,,,,,,,,
paired_gain,nuScenes,oracle,brake,J,,,,,,,dE_E3_class_aware,0.5,,,,False,955.0,24.0,246.6178238736764,36.15037066665305,17.81301837669023,18.337352289962823,0.07435534059109879,0.7486439082778998,48.287804478112285,,3.358849252742507,37.573797198987506,0.01361965327560019,0.1523563731477645,3.3614218094026276,37.58059524326411,7.0,True,True,,,,,,,,,,,
paired_gain,nuScenes,oracle,brake,J,,,,,,,dE_E4_localization,0.1,,,,False,955.0,24.0,246.6178238736764,4.626562893614724,3.577509966866657,1.0490529267480673,0.004253759563158815,0.09581224376668099,48.287804478112285,,-5.1965883279259515,10.35438111443597,-0.021071422358295438,0.04198553434539968,-5.197617887702138,10.36341551905022,7.0,False,False,,,,,,,,,,,
paired_gain,nuScenes,oracle,brake,J,,,,,,,dE_E4_localization,0.2,,,,False,955.0,24.0,246.6178238736764,10.961951007944982,7.117754204911787,3.8441968030331957,0.015587668168713896,0.2270128270775652,48.287804478112285,,-5.414867167605683,36.2069525911036,-0.021956511830950664,0.14681401377399905,-5.424172921809721,36.26270138369389,7.0,False,False,,,,,,,,,,,
paired_gain,nuScenes,oracle,brake,J,,,,,,,dE_E4_localization,0.3,,,,False,955.0,24.0,246.6178238736764,32.155241715125754,10.657998442956915,21.497243272168838,0.08716824653833717,0.6659081327605392,48.287804478112285,,0.3885868149973397,46.156024429450056,0.0015756639519955511,0.18715607697962774,0.47169186476409597,46.226848415968085,7.0,True,True,,,,,,,,,,,
paired_gain,nuScenes,oracle,brake,J,,,,,,,dE_E4_localization,0.5,,,,False,955.0,24.0,246.6178238736764,37.522001645891464,17.81301837669023,19.708983269201234,0.07991710801607207,0.7770492374094021,48.287804478112285,,2.7475892055881084,40.136205249476774,0.011141081218020519,0.16274657126986697,2.923047708376973,40.16083193078293,7.0,True,True,,,,,,,,,,,
paired_gain,nuScenes,oracle,brake,J,,,,,,,dE_E5_combined,0.1,,,,False,955.0,24.0,246.6178238736764,5.402720438878777,3.577509966866657,1.8252104720121203,0.007400967388906315,0.1118858166626255,48.287804478112285,,-4.299028074419273,9.548567702063961,-0.01743194391586773,0.03871807622045586,-4.305581982033284,9.550072718997384,7.0,False,False,,,,,,,,,,,
paired_gain,nuScenes,oracle,brake,J,,,,,,,dE_E5_combined,0.2,,,,False,955.0,24.0,246.6178238736764,6.806720534597149,7.117754204911787,-0.3110336703146377,-0.0012611970433814089,0.14096148309419357,48.287804478112285,,-9.249511601861894,11.06633375455914,-0.037505446510629,0.04487240046456489,-9.253380712692541,11.072931902129788,7.0,False,False,,,,,,,,,,,
paired_gain,nuScenes,oracle,brake,J,,,,,,,dE_E5_combined,0.3,,,,False,955.0,24.0,246.6178238736764,21.35195992015188,10.657998442956915,10.693961477194966,0.043362484143371044,0.4421812122319667,48.287804478112285,,-5.576043407786973,21.651804947811236,-0.02261005843050159,0.08779497202481931,-5.582604993925615,21.668608875719173,7.0,False,False,,,,,,,,,,,
paired_gain,nuScenes,oracle,brake,J,,,,,,,dE_E5_combined,0.5,,,,False,955.0,24.0,246.6178238736764,21.31695992015188,17.81301837669023,3.50394154346165,0.014207981760703774,0.441456391537005,48.287804478112285,,-7.206322972722061,14.267896985071662,-0.02922060887380676,0.05785428141795632,-7.226487710234908,14.27175115705913,7.0,False,False,,,,,,,,,,,
paired_gain,nuScenes,oracle,brake,J,,,,,,,dE_E5_fp_heavy,0.1,,,,False,955.0,24.0,246.6178238736764,0.7811920163625974,3.577509966866657,-2.7963179505040596,-0.011338669308575203,0.016177832577099115,48.287804478112285,,-7.181693585464902,6.2962466100723375,-0.02912074023142601,0.02553037939908766,-7.184018593132622,6.3004291304716595,7.0,False,False,,,,,,,,,,,
paired_gain,nuScenes,oracle,brake,J,,,,,,,dE_E5_fp_heavy,0.2,,,,False,955.0,24.0,246.6178238736764,7.686720534597149,7.117754204911787,0.5689663296853622,0.002307077082866486,0.159185546281802,48.287804478112285,,-9.38803191751899,9.845064717097419,-0.038067126576900485,0.039920329205971335,-9.399343726105647,9.8642997279132,7.0,False,False,,,,,,,,,,,
paired_gain,nuScenes,oracle,brake,J,,,,,,,dE_E5_fp_heavy,0.3,,,,False,955.0,24.0,246.6178238736764,7.725273548030449,10.657998442956915,-2.9327248949264657,-0.011891779956783165,0.15998394691007606,48.287804478112285,,-15.56040174742505,7.699654993923974,-0.06309520335154471,0.0312209996543799,-15.58352407159488,7.729226900630079,7.0,False,False,,,,,,,,,,,
paired_gain,nuScenes,oracle,brake,J,,,,,,,dE_E5_fp_heavy,0.5,,,,False,955.0,24.0,246.6178238736764,11.986963325803028,17.81301837669023,-5.826055050887202,-0.02362381988201894,0.24823997395111294,48.287804478112285,,-29.0503584735294,9.931716056362262,-0.11779504829468325,0.040271687992225275,-29.090311581624988,9.977453573711058,7.0,False,False,,,,,,,,,,,
paired_gain,nuScenes,oracle,brake,J,,,,,,,dE_E5_loc_heavy,0.1,,,,False,955.0,24.0,246.6178238736764,0.34452534969593057,3.577509966866657,-3.2329846171707266,-0.013109290181827,0.007134831525672196,48.287804478112285,,-7.676912877907076,3.510898457846071,-0.031128783626926233,0.014236191053427013,-7.679131842476158,3.532159956575509,7.0,False,False,,,,,,,,,,,
paired_gain,nuScenes,oracle,brake,J,,,,,,,dE_E5_loc_heavy,0.2,,,,False,955.0,24.0,246.6178238736764,11.930436434250716,7.117754204911787,4.812682229338929,0.019514738041821748,0.24706934935628516,48.287804478112285,,-11.026990434270452,16.56269237771972,-0.04471286892839806,0.06715934849138694,-11.057988223656134,16.600401198443027,7.0,False,False,,,,,,,,,,,
paired_gain,nuScenes,oracle,brake,J,,,,,,,dE_E5_loc_heavy,0.3,,,,False,955.0,24.0,246.6178238736764,12.657459612347624,10.657998442956915,1.9994611693907096,0.008107529042243442,0.2621253906477556,48.287804478112285,,-9.370573666877721,13.024845200518316,-0.03799633586774959,0.05281388423567453,-9.38828402282569,13.091960950032284,7.0,False,False,,,,,,,,,,,
paired_gain,nuScenes,oracle,brake,J,,,,,,,dE_E5_loc_heavy,0.5,,,,False,955.0,24.0,246.6178238736764,16.929211890120204,17.81301837669023,-0.8838064865700268,-0.003583708884815778,0.35058980363859393,48.287804478112285,,-15.155825509259198,12.963048541336644,-0.061454704575701624,0.0525633076219853,-15.180480907203128,12.974710285849651,7.0,False,False,,,,,,,,,,,
paired_gain,nuScenes,oracle,brake,J,,,,,,,dE_E6_risk_weighted,0.1,,,,False,955.0,24.0,246.6178238736764,31.790476008809527,3.577509966866657,28.21296604194287,0.1143995417638355,0.6583541403962443,48.287804478112285,,3.1150017069184637,62.63683044045282,0.012630886356835435,0.2539833879668686,3.1496114624738674,62.67969706820662,7.0,True,True,,,,,,,,,,,
paired_gain,nuScenes,oracle,brake,J,,,,,,,dE_E6_risk_weighted,0.2,,,,False,955.0,24.0,246.6178238736764,32.44611470033974,7.117754204911787,25.328360495427955,0.10270287888194875,0.6719318687402074,48.287804478112285,,1.9945233218663159,57.07253179172285,0.00808750677683361,0.23142095285439215,2.0147563403273163,57.10445541737341,7.0,True,True,,,,,,,,,,,
paired_gain,nuScenes,oracle,brake,J,,,,,,,dE_E6_risk_weighted,0.3,,,,False,955.0,24.0,246.6178238736764,32.72521036628421,10.657998442956915,22.067211923327292,0.08947938789140662,0.6777117062987978,48.287804478112285,,1.010571125959005,49.973915454703594,0.004097721365332636,0.2026370789821803,1.093795293501688,49.991776790175656,7.0,True,True,,,,,,,,,,,
paired_gain,nuScenes,oracle,brake,J,,,,,,,dE_E6_risk_weighted,0.5,,,,False,955.0,24.0,246.6178238736764,34.557120409137895,17.81301837669023,16.744102032447664,0.06789493869277022,0.7156490294521842,48.287804478112285,,1.6995998262746919,36.15071702039817,0.006891634187581137,0.14658598657863203,1.790087898202324,36.16577412240133,7.0,True,True,,,,,,,,,,,
paired_gain,nuScenes,oracle,brake,J,,,,,,,gate_ridge,0.1,,,,False,955.0,24.0,246.6178238736764,8.00724800817145,3.577509966866657,4.429738041304793,0.01796195413504991,0.16582340188610034,48.287804478112285,,-15.166754613530918,18.067589612280873,-0.06149902053024235,0.07326149151950805,-15.170283208326563,18.105623850187254,7.0,False,False,,,,,,,,,,,
paired_gain,nuScenes,oracle,brake,J,,,,,,,gate_ridge,0.2,,,,False,955.0,24.0,246.6178238736764,12.019600694024522,7.117754204911787,4.901846489112735,0.01987628636129552,0.2489158665201422,48.287804478112285,,-10.09973071589547,27.223096418264415,-0.04095296340409198,0.11038576202914166,-10.133151204588756,27.26693829269026,7.0,False,False,,,,,,,,,,,
paired_gain,nuScenes,oracle,brake,J,,,,,,,gate_ridge,0.3,,,,False,955.0,24.0,246.6178238736764,22.442020631629095,10.657998442956915,11.78402218867218,0.047782524407920496,0.4647554568732055,48.287804478112285,,-10.276053733448894,35.928393795708374,-0.04166792801931679,0.1456844977032632,-10.282563131169669,36.109690126344155,7.0,False,False,,,,,,,,,,,
paired_gain,nuScenes,oracle,brake,J,,,,,,,gate_ridge,0.5,,,,False,955.0,24.0,246.6178238736764,29.062940978467882,17.81301837669023,11.249922601777651,0.04561682697978932,0.6018691736469697,48.287804478112285,,-7.760043158134728,31.91239894146045,-0.03146586502243086,0.12940021301058413,-7.78964748421697,31.917535938650172,7.0,False,False,,,,,,,,,,,
paired_gain,nuScenes,oracle,brake,J,,,,,,,gate_gbm,0.1,,,,False,955.0,24.0,246.6178238736764,4.331192016362597,3.577509966866657,0.7536820494959402,0.0030560729052657373,0.08969536020892861,48.287804478112285,,-13.069443684671747,14.764939894709652,-0.052994724709622895,0.05986971932033838,-13.081939717152771,14.766836531306375,7.0,False,False,,,,,,,,,,,
paired_gain,nuScenes,oracle,brake,J,,,,,,,gate_gbm,0.2,,,,False,955.0,24.0,246.6178238736764,8.172473792427168,7.117754204911787,1.0547195875153808,0.004276737062020438,0.16924508953666667,48.287804478112285,,-14.53625639923066,15.259341683471886,-0.058942440456682,0.06187444785535083,-14.545593484721678,15.272291345357225,7.0,False,False,,,,,,,,,,,
paired_gain,nuScenes,oracle,brake,J,,,,,,,gate_gbm,0.3,,,,False,955.0,24.0,246.6178238736764,16.14284252303338,10.657998442956915,5.484844080076465,0.02224025820163726,0.33430475246292357,48.287804478112285,,-11.177594051997726,19.13658652896093,-0.04532354505618848,0.07759612110908558,-11.22390221158352,19.178499320489212,7.0,False,False,,,,,,,,,,,
paired_gain,nuScenes,oracle,brake,J,,,,,,,gate_gbm,0.5,,,,False,955.0,24.0,246.6178238736764,27.138328555039724,17.81301837669023,9.325310178349493,0.037812798896182546,0.5620120618103663,48.287804478112285,,-8.337354813242758,25.317413672246715,-0.03380678120618465,0.1026584910797644,-8.36847285911218,25.339007064456457,7.0,False,False,,,,,,,,,,,
paired_gain,nuScenes,oracle,brake,J,,,,,,,R1_mlp_reg,0.1,,,,False,955.0,24.0,246.6178238736764,5.9127425572094845,3.577509966866657,2.3352325903428275,0.009469034126012684,0.12244794769846266,48.287804478112285,,-5.337192905161439,12.2903853295091,-0.021641553807137955,0.049835754514663676,-5.346567019168574,12.308889770978158,7.0,False,False,,,,,,,,,,,
paired_gain,nuScenes,oracle,brake,J,,,,,,,R1_mlp_reg,0.2,,,,False,955.0,24.0,246.6178238736764,16.196354511176658,7.117754204911787,9.078600306264871,0.036812425653853585,0.3354129409324891,48.287804478112285,,-0.7109820123137934,20.378590501327448,-0.002882930362235195,0.08263226956282711,-0.727269125461634,20.38049913389448,7.0,False,False,,,,,,,,,,,
paired_gain,nuScenes,oracle,brake,J,,,,,,,R1_mlp_reg,0.3,,,,False,955.0,24.0,246.6178238736764,19.547172063347944,10.657998442956915,8.889173620391029,0.036044327537916636,0.404805566842622,48.287804478112285,,-1.3897609945190497,20.931105729383145,-0.005635282043648713,0.08487263978172381,-1.3919427742144974,20.933969060835786,7.0,False,False,,,,,,,,,,,
paired_gain,nuScenes,oracle,brake,J,,,,,,,R1_mlp_reg,0.5,,,,False,955.0,24.0,246.6178238736764,23.398504483614833,17.81301837669023,5.585486106924602,0.022648347224836527,0.48456343659651824,48.287804478112285,,-6.80355626147411,18.407136226135204,-0.02758744747078401,0.07463830447049838,-6.811795929038299,18.40999834841142,7.0,False,False,,,,,,,,,,,
paired_gain,nuScenes,oracle,brake,J,,,,,,,R1_mlp_clf,0.1,,,,False,955.0,24.0,246.6178238736764,1.3192305690662076,3.577509966866657,-2.2582793978004494,-0.009156999937511389,0.027320160511008187,48.287804478112285,,-6.827452820007585,5.26017363150679,-0.027684344597512834,0.021329251669178532,-6.835948779583061,5.270390594095163,7.0,False,False,,,,,,,,,,,
paired_gain,nuScenes,oracle,brake,J,,,,,,,R1_mlp_clf,0.2,,,,False,955.0,24.0,246.6178238736764,9.458501942667834,7.117754204911787,2.340747737756047,0.009491397259895677,0.1958776557537452,48.287804478112285,,-11.102318542721012,16.583718190574345,-0.04501831363335639,0.06724460515501478,-11.10856482854551,16.586132388899404,7.0,False,False,,,,,,,,,,,
paired_gain,nuScenes,oracle,brake,J,,,,,,,R1_mlp_clf,0.3,,,,False,955.0,24.0,246.6178238736764,10.358363116926482,10.657998442956915,-0.2996353260304332,-0.0012149783877093718,0.21451302723075102,48.287804478112285,,-13.744204458824237,12.478540364174172,-0.05573078313214032,0.05059869626684396,-13.74905322116012,12.482390945063619,7.0,False,False,,,,,,,,,,,
paired_gain,nuScenes,oracle,brake,J,,,,,,,R1_mlp_clf,0.5,,,,False,955.0,24.0,246.6178238736764,17.26525129641368,17.81301837669023,-0.5477670802765502,-0.002221117158819509,0.3575488983815698,48.287804478112285,,-20.18239390740181,16.901827761123393,-0.08183672043809663,0.06853449396172158,-20.212119709280156,16.909490820055552,7.0,False,False,,,,,,,,,,,
paired_gain,nuScenes,oracle,brake,J,,,,,,,R1_gbm_reg,0.1,,,,False,955.0,24.0,246.6178238736764,7.325833090729136,3.577509966866657,3.7483231238624786,0.015198914113289963,0.15171186948559157,48.287804478112285,,-4.293307037800347,18.966226829914575,-0.01740874593070565,0.07690533689742365,-4.299129554454624,18.99855170368673,7.0,False,False,,,,,,,,,,,
paired_gain,nuScenes,oracle,brake,J,,,,,,,R1_gbm_reg,0.2,,,,False,955.0,24.0,246.6178238736764,19.047393660062003,7.117754204911787,11.929639455150216,0.04837298159463472,0.39445557456843444,48.287804478112285,,-6.553971602843245,37.7486539444339,-0.026575417380214773,0.15306539223932844,-6.555046626298888,37.82359848429542,7.0,False,False,,,,,,,,,,,
paired_gain,nuScenes,oracle,brake,J,,,,,,,R1_gbm_reg,0.3,,,,False,955.0,24.0,246.6178238736764,24.50209766456788,10.657998442956915,13.844099221610966,0.056135842106458,0.5074179273500434,48.287804478112285,,-3.5686801241814363,36.837813049455555,-0.014470487445422437,0.14937206269537426,-3.587831073423007,36.923620054003734,7.0,False,False,,,,,,,,,,,
paired_gain,nuScenes,oracle,brake,J,,,,,,,R1_gbm_reg,0.5,,,,False,955.0,24.0,246.6178238736764,27.962634907997685,17.81301837669023,10.149616531307455,0.04115524325000262,0.5790827561992901,48.287804478112285,,-5.168081593664013,30.085018710971656,-0.020955831628419644,0.1219904475614136,-5.227391137182298,30.135177497182504,7.0,False,False,,,,,,,,,,,
paired_gain,nuScenes,oracle,brake,J,,,,,,,R1_gbm_clf,0.1,,,,False,955.0,24.0,246.6178238736764,4.503760287753211,3.577509966866657,0.9262503208865542,0.0037558125618730705,0.093269104620291,48.287804478112285,,-5.402641628874139,6.46318258962585,-0.021906939020115198,0.026207280917929305,-5.402892407227199,6.471930712915357,7.0,False,False,,,,,,,,,,,
paired_gain,nuScenes,oracle,brake,J,,,,,,,R1_gbm_clf,0.2,,,,False,955.0,24.0,246.6178238736764,11.924898449293217,7.117754204911787,4.80714424438143,0.019492282304963346,0.24695466232469712,48.287804478112285,,-8.743221634937798,22.994913722018076,-0.03545251311363565,0.09324108598815885,-8.751030678581358,22.99527862777493,7.0,False,False,,,,,,,,,,,
paired_gain,nuScenes,oracle,brake,J,,,,,,,R1_gbm_clf,0.3,,,,False,955.0,24.0,246.6178238736764,20.524499143317744,10.657998442956915,9.86650070036083,0.040007249051936686,0.4250451923657248,48.287804478112285,,-8.477418422248054,36.358864861935096,-0.03437471910623294,0.1474299963029395,-8.532102346248545,36.402292365773796,7.0,False,False,,,,,,,,,,,
paired_gain,nuScenes,oracle,brake,J,,,,,,,R1_gbm_clf,0.5,,,,False,955.0,24.0,246.6178238736764,33.84038337284659,17.81301837669023,16.027364996156358,0.06498867253149537,0.700806005545057,48.287804478112285,,-2.0455084810949034,38.71898287343163,-0.008294244304672245,0.15699993725216077,-2.063716554231633,38.760004228535564,7.0,False,False,,,,,,,,,,,
paired_gain,nuScenes,oracle,brake,J,,,,,,,R2_cnn_clf,0.1,,,,False,955.0,24.0,246.6178238736764,-5.188807983637403,3.577509966866657,-8.76631795050406,-0.03554616536959786,-0.1074558688206536,48.287804478112285,,-17.674711529161304,-0.9897495872527863,-0.07166842708909278,-0.004013293004157558,-17.676353941123942,-1.234223141769388,7.0,False,False,,,,,,,,,,,
paired_gain,nuScenes,oracle,brake,J,,,,,,,R2_cnn_clf,0.2,,,,False,955.0,24.0,246.6178238736764,-4.668159458007718,7.117754204911787,-11.785913662919505,-0.04779019406544003,-0.09667367378700524,48.287804478112285,,-22.083713655532595,-2.63171524840304,-0.0895463000551185,-0.01067122889605525,-22.092736965621146,-2.7811724047973594,7.0,False,False,,,,,,,,,,,
paired_gain,nuScenes,oracle,brake,J,,,,,,,R2_cnn_clf,0.3,,,,False,955.0,24.0,246.6178238736764,-4.668159458007718,10.657998442956915,-15.326157900964633,-0.06214537806000211,-0.09667367378700524,48.287804478112285,,-26.968071247562367,2.6589152228484343,-0.10935167144032568,0.010781520901791733,-27.02091705313632,2.5856394461816374,7.0,False,False,,,,,,,,,,,
paired_gain,nuScenes,oracle,brake,J,,,,,,,R2_cnn_clf,0.5,,,,False,955.0,24.0,246.6178238736764,12.786970116820017,17.81301837669023,-5.026048259870214,-0.02037990677610016,0.2648074447579419,48.287804478112285,,-17.54678479477559,5.85916852157778,-0.07114970247958832,0.023758090269172867,-17.58185288828021,5.86052391329232,7.0,False,False,,,,,,,,,,,
paired_gain,nuScenes,oracle,brake,J,,,,,,,trivial_ego_speed,0.1,,,,True,955.0,24.0,246.6178238736764,9.24960069402452,3.577509966866657,5.6720907271578636,0.022999516572100018,0.19155148580460196,48.287804478112285,,-6.796182827758659,13.757637297051094,-0.02755754925175168,0.05578525136973914,-6.7972674559541035,13.776312403087212,7.0,False,False,,,,,,,,,,,
paired_gain,nuScenes,oracle,brake,J,,,,,,,trivial_ego_speed,0.2,,,,True,955.0,24.0,246.6178238736764,10.066686372121431,7.117754204911787,2.9489321672096445,0.011957498127629893,0.20847264606292923,48.287804478112285,,-8.420273592563733,20.28547562045613,-0.03414300499576543,0.08225470203989327,-8.421527994106174,20.29052161844665,7.0,False,False,,,,,,,,,,,
paired_gain,nuScenes,oracle,brake,J,,,,,,,trivial_ego_speed,0.3,,,,True,955.0,24.0,246.6178238736764,19.056865734521214,10.657998442956915,8.398867291564299,0.034056205507134805,0.3946517332996417,48.287804478112285,,-8.462525378396169,37.20797293470375,-0.03431432994369003,0.15087300808299473,-8.474440582395452,37.21231237392745,7.0,False,False,,,,,,,,,,,
paired_gain,nuScenes,oracle,brake,J,,,,,,,trivial_ego_speed,0.5,,,,True,955.0,24.0,246.6178238736764,37.57640507212051,17.81301837669023,19.763386695430277,0.08013770612765427,0.7781758868153344,48.287804478112285,,1.2678879092925341,39.71684702483521,0.0051411041155807816,0.1610461336532559,1.3930613575760384,39.75300166021458,7.0,True,True,,,,,,,,,,,
paired_gain,nuScenes,oracle,brake,J,,,,,,,trivial_n_det,0.1,,,,True,955.0,24.0,246.6178238736764,-0.7620478986622807,3.577509966866657,-4.3395578655289375,-0.017596286421502787,-0.015781373928642768,48.287804478112285,,-9.222165640475092,0.6968261422171471,-0.03739456254872684,0.0028255303338256617,-9.241721359619484,0.7009013862469423,7.0,False,False,,,,,,,,,,,
paired_gain,nuScenes,oracle,brake,J,,,,,,,trivial_n_det,0.2,,,,True,955.0,24.0,246.6178238736764,0.6146222987903535,7.117754204911787,-6.503131906121434,-0.026369269682034395,0.012728313192805176,48.287804478112285,,-15.860732182639953,11.341784653450189,-0.06431300030756984,0.04598931445952473,-15.862725605376328,11.350283153038577,7.0,False,False,,,,,,,,,,,
paired_gain,nuScenes,oracle,brake,J,,,,,,,trivial_n_det,0.3,,,,True,955.0,24.0,246.6178238736764,16.21552896466308,10.657998442956915,5.557530521706164,0.022534991325496675,0.3358100278096759,48.287804478112285,,-16.316313163083198,22.470927412682155,-0.06616031601771333,0.09111639645394125,-16.33070165730436,22.53328099844594,7.0,False,False,,,,,,,,,,,
paired_gain,nuScenes,oracle,brake,J,,,,,,,trivial_n_det,0.5,,,,True,955.0,24.0,246.6178238736764,18.016592376120705,17.81301837669023,0.20357399943047483,0.0008254634488006445,0.3731085430543275,48.287804478112285,,-21.56199078353806,19.479291208730157,-0.08743078843556187,0.07898573956563626,-21.576623123764826,19.495698630014548,7.0,False,False,,,,,,,,,,,
paired_gain,nuScenes,oracle,brake,J,,,,,,,trivial_risk_cheap,0.1,,,,True,955.0,24.0,246.6178238736764,14.605146876484026,3.577509966866657,11.02763690961737,0.044715490293459045,0.30246036311516694,48.287804478112285,,-0.7057224680583324,26.795849927921566,-0.002861603662595857,0.10865333862343643,-0.4710894861769633,26.846171950325896,7.0,False,False,,,,,,,,,,,
paired_gain,nuScenes,oracle,brake,J,,,,,,,trivial_risk_cheap,0.2,,,,True,955.0,24.0,246.6178238736764,22.559239131798254,7.117754204911787,15.441484926886467,0.0626130126539271,0.4671829538662049,48.287804478112285,,-2.4836778025960586,35.64937687126024,-0.010070958228340619,0.1445531239847478,-2.488590145643277,35.65968798675273,7.0,False,False,,,,,,,,,,,
paired_gain,nuScenes,oracle,brake,J,,,,,,,trivial_risk_cheap,0.3,,,,True,955.0,24.0,246.6178238736764,23.599239131798257,10.657998442956915,12.941240688841342,0.05247487989947619,0.48872048308792404,48.287804478112285,,-7.087398182698745,33.06400044317831,-0.028738385861068506,0.13406979237686603,-7.096835681534289,33.07878101077594,7.0,False,False,,,,,,,,,,,
paired_gain,nuScenes,oracle,brake,J,,,,,,,trivial_risk_cheap,0.5,,,,True,955.0,24.0,246.6178238736764,19.552871202515583,17.81301837669023,1.739852825825352,0.0070548543430362385,0.4049235912429697,48.287804478112285,,-19.945439686053923,21.220148404765094,-0.0808759049640729,0.08604466648620891,-19.96323738765934,21.23767672467303,7.0,False,False,,,,,,,,,,,
paired_gain,nuScenes,oracle,brake,J,,,,,,,trivial_area_max,0.1,,,,True,955.0,24.0,246.6178238736764,0.23610506889600663,3.577509966866657,-3.3414048979706505,-0.013548918912212115,0.004889538289176668,48.287804478112285,,-11.896743058826491,3.138046447000748,-0.04823959141298842,0.012724329481587394,-11.914703468956976,3.1395078115830857,7.0,False,False,,,,,,,,,,,
paired_gain,nuScenes,oracle,brake,J,,,,,,,trivial_area_max,0.2,,,,True,955.0,24.0,246.6178238736764,2.057961611031883,7.117754204911787,-5.059792593879903,-0.020516735223775437,0.04261866186036079,48.287804478112285,,-17.180308241748936,11.021945129171353,-0.0696636924772684,0.04469241093789336,-17.229523659103727,11.10326629005899,7.0,False,False,,,,,,,,,,,
paired_gain,nuScenes,oracle,brake,J,,,,,,,trivial_area_max,0.3,,,,True,955.0,24.0,246.6178238736764,4.476741465757964,10.657998442956915,-6.1812569771989505,-0.025064112885713967,0.09270956743927268,48.287804478112285,,-22.531660977289423,14.70694488051832,-0.09136266237119456,0.05963455783330394,-22.539928508582747,14.709528397646698,7.0,False,False,,,,,,,,,,,
paired_gain,nuScenes,oracle,brake,J,,,,,,,trivial_area_max,0.5,,,,True,955.0,24.0,246.6178238736764,10.36882479895613,17.81301837669023,-7.444193577734101,-0.030185140152510618,0.21472967990615668,48.287804478112285,,-25.056145579603143,14.820039229198153,-0.10159908633545281,0.06009313924037111,-25.063714778619943,14.83015342731633,7.0,False,False,,,,,,,,,,,
paired_gain,nuScenes,oracle,brake,J,,,,,,,oracle,0.1,,,,False,955.0,24.0,246.6178238736764,48.287804478112285,3.577509966866657,44.71029451124563,0.18129384895613757,1.0,48.287804478112285,,16.586824061259872,78.41908722781919,0.06725719901638595,0.3179781817715955,17.176184878955635,78.55300088393838,7.0,True,True,,,,,,,,,,,
paired_gain,nuScenes,oracle,brake,J,,,,,,,oracle,0.2,,,,False,955.0,24.0,246.6178238736764,48.287804478112285,7.117754204911787,41.1700502732005,0.1669386649615755,1.0,48.287804478112285,,16.121931730954095,70.81333911818447,0.06537212711443005,0.28713796110072226,16.870472339271505,70.86527413054297,7.0,True,True,,,,,,,,,,,
paired_gain,nuScenes,oracle,brake,J,,,,,,,oracle,0.3,,,,False,955.0,24.0,246.6178238736764,48.287804478112285,10.657998442956915,37.62980603515537,0.1525834809670134,1.0,48.287804478112285,,15.881949439641001,63.312825499719935,0.06439903324982756,0.2567244512389757,16.43384316504028,63.31479795195871,7.0,True,True,,,,,,,,,,,
paired_gain,nuScenes,oracle,brake,J,,,,,,,oracle,0.5,,,,False,955.0,24.0,246.6178238736764,48.287804478112285,17.81301837669023,30.474786101422055,0.12357089857800374,1.0,48.287804478112285,,14.708118963124589,49.238006163694266,0.05963931857033351,0.19965307207039162,15.097938565712512,49.25625338892071,7.0,True,True,,,,,,,,,,,
paired_gain,nuScenes,oracle,plan_ade,JC_ade,,,,,,,uncertainty,0.1,,,,False,752.0,24.0,3015.1530604685695,-6.806709618110401,-0.2519367052549455,-6.554772912855455,-0.002173943670984587,-0.0881142400443977,77.24869004919904,,-18.01245053767458,5.979667123117148,-0.005973975508518748,0.0019832051651095545,-18.01245053767458,5.979667123117148,0.0,False,False,,,,,,,,,,,
paired_gain,nuScenes,oracle,plan_ade,JC_ade,,,,,,,uncertainty,0.2,,,,False,752.0,24.0,3015.1530604685695,-10.13117536505926,-0.503873410509891,-9.627301954549369,-0.0031929728811356723,-0.11694134131496564,86.63467727612525,,-30.4913699789956,9.999220311021919,-0.010112710488487471,0.0033163226245860934,-30.4913699789956,9.999220311021919,0.0,False,False,,,,,,,,,,,
paired_gain,nuScenes,oracle,plan_ade,JC_ade,,,,,,,uncertainty,0.3,,,,False,752.0,24.0,3015.1530604685695,-16.982811768214983,-0.7591692718349026,-16.22364249638008,-0.005380702793860438,-0.1960278759287893,86.63467727612525,,-41.64808444612212,8.867038799652597,-0.01381292545050758,0.0029408254313545916,-41.64808444612212,8.867038799652597,0.0,False,False,,,,,,,,,,,
paired_gain,nuScenes,oracle,plan_ade,JC_ade,,,,,,,uncertainty,0.5,,,,False,752.0,24.0,3015.1530604685695,-7.674945077023561,-1.2630426823447936,-6.411902394678767,-0.0021265595033116915,-0.08858975780058247,86.63467727612525,,-43.196946348207305,16.33892112457986,-0.01432661807938012,0.005418935887135597,-43.196946348207305,16.33892112457986,0.0,False,False,,,,,,,,,,,
paired_gain,nuScenes,oracle,plan_ade,JC_ade,,,,,,,criticality_cheap,0.1,,,,False,752.0,24.0,3015.1530604685695,-15.393622513049936,-0.2519367052549455,-15.14168580779499,-0.005021863071005058,-0.19927357348384636,77.24869004919904,,-39.3082084625326,-0.21370276144380995,-0.01303688657730162,-7.08762564148566e-05,-39.3082084625326,-0.21370276144380995,0.0,False,False,,,,,,,,,,,
paired_gain,nuScenes,oracle,plan_ade,JC_ade,,,,,,,criticality_cheap,0.2,,,,False,752.0,24.0,3015.1530604685695,-23.579383246491254,-0.503873410509891,-23.075509835981364,-0.00765318024432077,-0.27217026700911195,86.63467727612525,,-55.00295287006836,-1.066244272021649,-0.018242176024563288,-0.0003536285722940876,-55.00295287006836,-1.066244272021649,0.0,False,False,,,,,,,,,,,
paired_gain,nuScenes,oracle,plan_ade,JC_ade,,,,,,,criticality_cheap,0.3,,,,False,752.0,24.0,3015.1530604685695,-27.823066102482056,-0.7591692718349026,-27.063896830647153,-0.008975961182694085,-0.32115391869936044,86.63467727612525,,-58.27172459478178,2.725350422362567,-0.019326290714318187,0.0009038846014467451,-58.27172459478178,2.725350422362567,0.0,False,False,,,,,,,,,,,
paired_gain,nuScenes,oracle,plan_ade,JC_ade,,,,,,,criticality_cheap,0.5,,,,False,752.0,24.0,3015.1530604685695,-17.977412243844782,-1.2630426823447936,-16.71436956149999,-0.005543456410435924,-0.20750827277334352,86.63467727612525,,-47.09101213495591,8.265040503116548,-0.015618116623120199,0.0027411678071932177,-47.09101213495591,8.265040503116548,0.0,False,False,,,,,,,,,,,
paired_gain,nuScenes,oracle,plan_ade,JC_ade,,,,,,,criticality_gt,0.1,,,,False,752.0,24.0,3015.1530604685695,-29.56330950798253,-0.2519367052549455,-29.311372802727586,-0.009721354841658505,-0.3827030528175158,77.24869004919904,,-57.157266444274256,6.008217142620682,-0.018956671617656365,0.001992674010946222,-57.157266444274256,6.008217142620682,0.0,False,False,,,,,,,,,,,
paired_gain,nuScenes,oracle,plan_ade,JC_ade,,,,,,,criticality_gt,0.2,,,,False,752.0,24.0,3015.1530604685695,-16.88739446981235,-0.503873410509891,-16.38352105930246,-0.005433727817703683,-0.19492650057422412,86.63467727612525,,-57.10995931475381,8.27752464223386,-0.018940981823947153,0.0027453082733211206,-57.10995931475381,8.27752464223386,0.0,False,False,,,,,,,,,,,
paired_gain,nuScenes,oracle,plan_ade,JC_ade,,,,,,,criticality_gt,0.3,,,,False,752.0,24.0,3015.1530604685695,-19.759942220672226,-0.7591692718349026,-19.000772948837323,-0.006301760662818395,-0.2280835208480388,86.63467727612525,,-54.56560486014057,5.415806801402988,-0.018097126005159024,0.0017961963100345379,-54.56560486014057,5.415806801402988,0.0,False,False,,,,,,,,,,,
paired_gain,nuScenes,oracle,plan_ade,JC_ade,,,,,,,criticality_gt,0.5,,,,False,752.0,24.0,3015.1530604685695,-15.606720290046576,-1.2630426823447936,-14.343677607701782,-0.00475719717043907,-0.18014403447599003,86.63467727612525,,-50.06315867175417,8.719423886934958,-0.016603853160268457,0.002891867746700699,-50.06315867175417,8.719423886934958,0.0,False,False,,,,,,,,,,,
paired_gain,nuScenes,oracle,plan_ade,JC_ade,,,,,,,PKL,0.1,,,,False,752.0,24.0,3015.1530604685695,-10.511011853199594,-0.2519367052549455,-10.25907514794465,-0.003402505591656544,-0.13606718568955953,77.24869004919904,,-55.51600564382713,19.949360020657007,-0.018412334143726578,0.00661636726911528,-55.51600564382713,19.949360020657007,0.0,False,False,,,,,,,,,,,
paired_gain,nuScenes,oracle,plan_ade,JC_ade,,,,,,,PKL,0.2,,,,False,752.0,24.0,3015.1530604685695,-11.408911305142585,-0.503873410509891,-10.905037894632693,-0.0036167443827670883,-0.13168989212921844,86.63467727612525,,-55.15358620071123,22.420105204047353,-0.018292134792036095,0.007435809975286349,-55.15358620071123,22.420105204047353,0.0,False,False,,,,,,,,,,,
paired_gain,nuScenes,oracle,plan_ade,JC_ade,,,,,,,PKL,0.3,,,,False,752.0,24.0,3015.1530604685695,-8.157447627040238,-0.7591692718349026,-7.398278355205335,-0.002453699101449797,-0.09415915062556901,86.63467727612525,,-49.320982827639746,25.080241096758026,-0.016357704514004017,0.008318065648335754,-49.320982827639746,25.080241096758026,0.0,False,False,,,,,,,,,,,
paired_gain,nuScenes,oracle,plan_ade,JC_ade,,,,,,,PKL,0.5,,,,False,752.0,24.0,3015.1530604685695,-7.803560256438802,-1.2630426823447936,-6.540517574094008,-0.0021692157721099506,-0.09007432706844404,86.63467727612525,,-44.11853729343729,22.68871598895245,-0.014632271201045115,0.007524896923616379,-44.11853729343729,22.68871598895245,0.0,False,False,,,,,,,,,,,
paired_gain,nuScenes,oracle,plan_ade,JC_ade,,,,,,,TIP,0.1,,,,False,752.0,24.0,3015.1530604685695,-18.638749702529147,-0.2519367052549455,-18.386812997274202,-0.006098135858620989,-0.24128240479752192,77.24869004919904,,-59.33227055925207,18.06164188035651,-0.019678029396634197,0.005990290216825558,-59.33227055925207,18.06164188035651,0.0,False,False,,,,,,,,,,,
paired_gain,nuScenes,oracle,plan_ade,JC_ade,,,,,,,TIP,0.2,,,,False,752.0,24.0,3015.1530604685695,-15.68448681255658,-0.503873410509891,-15.180613402046689,-0.005034773723788187,-0.18104167183039654,86.63467727612525,,-54.54688870795804,19.619532092966516,-0.018090918641284894,0.006506977158206869,-54.54688870795804,19.619532092966516,0.0,False,False,,,,,,,,,,,
paired_gain,nuScenes,oracle,plan_ade,JC_ade,,,,,,,TIP,0.3,,,,False,752.0,24.0,3015.1530604685695,-12.032019192647986,-0.7591692718349026,-11.272849920813083,-0.0037387322284266485,-0.13888225328408726,86.63467727612525,,-50.33757464278947,19.206812952802604,-0.016694865445725255,0.00637009550348259,-50.33757464278947,19.206812952802604,0.0,False,False,,,,,,,,,,,
paired_gain,nuScenes,oracle,plan_ade,JC_ade,,,,,,,TIP,0.5,,,,False,752.0,24.0,3015.1530604685695,-11.936678741718639,-1.2630426823447936,-10.673636059373845,-0.0035399980847788566,-0.13778176495854674,86.63467727612525,,-44.13246175440058,17.357689903923564,-0.014636889361610776,0.005756818826711933,-44.13246175440058,17.357689903923564,0.0,False,False,,,,,,,,,,,
paired_gain,nuScenes,oracle,plan_ade,JC_ade,,,,,,,dE_exact,0.1,,,,False,752.0,24.0,3015.1530604685695,2.707733044420477,-0.2519367052549455,2.959669749675422,0.0009815985093690317,0.03505215483519454,77.24869004919904,,-5.469330508137733,14.401336461602947,-0.0018139478820646579,0.0047763201976104355,-5.469330508137733,14.401336461602947,0.0,False,False,,,,,,,,,,,
paired_gain,nuScenes,oracle,plan_ade,JC_ade,,,,,,,dE_exact,0.2,,,,False,752.0,24.0,3015.1530604685695,10.653070875104307,-0.503873410509891,11.156944285614198,0.0037002911831880117,0.12296543612842749,86.63467727612525,,-13.60439031915852,27.01877373194596,-0.004512006537089143,0.008960995740543636,-13.60439031915852,27.01877373194596,0.0,False,False,,,,,,,,,,,
paired_gain,nuScenes,oracle,plan_ade,JC_ade,,,,,,,dE_exact,0.3,,,,False,752.0,24.0,3015.1530604685695,-2.7421773867763566,-0.7591692718349026,-1.983008114941454,-0.0006576807462747131,-0.031652191397174456,86.63467727612525,,-34.95877539777773,24.930039211875293,-0.011594361777555984,0.008268249973353275,-34.95877539777773,24.930039211875293,0.0,False,False,,,,,,,,,,,
paired_gain,nuScenes,oracle,plan_ade,JC_ade,,,,,,,dE_exact,0.5,,,,False,752.0,24.0,3015.1530604685695,-15.271869946011059,-1.2630426823447936,-14.008827263666266,-0.004646141334360394,-0.17627895002524208,86.63467727612525,,-46.29005409831451,10.85341582311881,-0.015352472385305977,0.003599623503502053,-46.29005409831451,10.85341582311881,0.0,False,False,,,,,,,,,,,
paired_gain,nuScenes,oracle,plan_ade,JC_ade,,,,,,,dE_E1_fn_only,0.1,,,,False,752.0,24.0,3015.1530604685695,2.707733044420477,-0.2519367052549455,2.959669749675422,0.0009815985093690317,0.03505215483519454,77.24869004919904,,-5.469330508137733,14.401336461602947,-0.0018139478820646579,0.0047763201976104355,-5.469330508137733,14.401336461602947,0.0,False,False,,,,,,,,,,,
paired_gain,nuScenes,oracle,plan_ade,JC_ade,,,,,,,dE_E1_fn_only,0.2,,,,False,752.0,24.0,3015.1530604685695,10.653070875104307,-0.503873410509891,11.156944285614198,0.0037002911831880117,0.12296543612842749,86.63467727612525,,-13.60439031915852,27.01877373194596,-0.004512006537089143,0.008960995740543636,-13.60439031915852,27.01877373194596,0.0,False,False,,,,,,,,,,,
paired_gain,nuScenes,oracle,plan_ade,JC_ade,,,,,,,dE_E1_fn_only,0.3,,,,False,752.0,24.0,3015.1530604685695,-2.7421773867763566,-0.7591692718349026,-1.983008114941454,-0.0006576807462747131,-0.031652191397174456,86.63467727612525,,-34.95877539777773,24.930039211875293,-0.011594361777555984,0.008268249973353275,-34.95877539777773,24.930039211875293,0.0,False,False,,,,,,,,,,,
paired_gain,nuScenes,oracle,plan_ade,JC_ade,,,,,,,dE_E1_fn_only,0.5,,,,False,752.0,24.0,3015.1530604685695,-15.271869946011059,-1.2630426823447936,-14.008827263666266,-0.004646141334360394,-0.17627895002524208,86.63467727612525,,-46.29005409831451,10.85341582311881,-0.015352472385305977,0.003599623503502053,-46.29005409831451,10.85341582311881,0.0,False,False,,,,,,,,,,,
paired_gain,nuScenes,oracle,plan_ade,JC_ade,,,,,,,dE_E2_fn_fp,0.1,,,,False,752.0,24.0,3015.1530604685695,1.469708405359209,-0.2519367052549455,1.7216451106141546,0.0005709975832359908,0.01902567414959612,77.24869004919904,,-8.269936609682711,9.928738245661375,-0.0027427916406995013,0.0032929466751908114,-8.269936609682711,9.928738245661375,0.0,False,False,,,,,,,,,,,
paired_gain,nuScenes,oracle,plan_ade,JC_ade,,,,,,,dE_E2_fn_fp,0.2,,,,False,752.0,24.0,3015.1530604685695,-6.942693039351294,-0.503873410509891,-6.438819628841403,-0.002135486822629422,-0.0801375760565632,86.63467727612525,,-19.992152986245564,4.5995891458781895,-0.0066305599036948016,0.0015254910956869934,-19.992152986245564,4.5995891458781895,0.0,False,False,,,,,,,,,,,
paired_gain,nuScenes,oracle,plan_ade,JC_ade,,,,,,,dE_E2_fn_fp,0.3,,,,False,752.0,24.0,3015.1530604685695,-11.893178841616662,-0.7591692718349026,-11.134009569781758,-0.003692684698418421,-0.13727965770231107,86.63467727612525,,-28.049452492177053,4.394306204637934,-0.009302828722007907,0.0014574073410240202,-28.049452492177053,4.394306204637934,0.0,False,False,,,,,,,,,,,
paired_gain,nuScenes,oracle,plan_ade,JC_ade,,,,,,,dE_E2_fn_fp,0.5,,,,False,752.0,24.0,3015.1530604685695,-11.675929542568172,-1.2630426823447936,-10.412886860223377,-0.0034535184952120355,-0.13477200942705908,86.63467727612525,,-24.3245944742076,3.092239735809177,-0.008067449309000399,0.0010255664219343571,-24.3245944742076,3.092239735809177,0.0,False,False,,,,,,,,,,,
paired_gain,nuScenes,oracle,plan_ade,JC_ade,,,,,,,dE_E3_class_aware,0.1,,,,False,752.0,24.0,3015.1530604685695,-7.421530183226575,-0.2519367052549455,-7.169593477971629,-0.002377853904656316,-0.09607321727397403,77.24869004919904,,-18.827520628898533,0.24973963914010822,-0.006244300123846,8.282817957549971e-05,-18.827520628898533,0.24973963914010822,0.0,False,False,,,,,,,,,,,
paired_gain,nuScenes,oracle,plan_ade,JC_ade,,,,,,,dE_E3_class_aware,0.2,,,,False,752.0,24.0,3015.1530604685695,-15.347788432320334,-0.503873410509891,-14.843915021810442,-0.0049231049714947555,-0.17715525601143864,86.63467727612525,,-44.51622982062453,4.57440152022663,-0.014764169157537393,0.0015171374150789365,-44.51622982062453,4.57440152022663,0.0,False,False,,,,,,,,,,,
paired_gain,nuScenes,oracle,plan_ade,JC_ade,,,,,,,dE_E3_class_aware,0.3,,,,False,752.0,24.0,3015.1530604685695,-20.021579304578932,-0.7591692718349026,-19.26241003274403,-0.006388534726575558,-0.23110352498648334,86.63467727612525,,-53.94889135314877,8.796286895712829,-0.01789258796194076,0.0029173599878030212,-53.94889135314877,8.796286895712829,0.0,False,False,,,,,,,,,,,
paired_gain,nuScenes,oracle,plan_ade,JC_ade,,,,,,,dE_E3_class_aware,0.5,,,,False,752.0,24.0,3015.1530604685695,-13.973112193050742,-1.2630426823447936,-12.71006951070595,-0.004215397777760158,-0.1612877502678878,86.63467727612525,,-38.70981713566565,9.126243462514221,-0.012838425233924927,0.003026792762917302,-38.70981713566565,9.126243462514221,0.0,False,False,,,,,,,,,,,
paired_gain,nuScenes,oracle,plan_ade,JC_ade,,,,,,,dE_E4_localization,0.1,,,,False,752.0,24.0,3015.1530604685695,-0.8331191047637516,-0.2519367052549455,-0.5811823995088061,-0.00019275386285646392,-0.01078489621290853,77.24869004919904,,-8.536548780129955,9.042978242231298,-0.002831215732312884,0.0029991771763739168,-8.536548780129955,9.042978242231298,0.0,False,False,,,,,,,,,,,
paired_gain,nuScenes,oracle,plan_ade,JC_ade,,,,,,,dE_E4_localization,0.2,,,,False,752.0,24.0,3015.1530604685695,-5.509950830236707,-0.503873410509891,-5.006077419726816,-0.0016603062329939718,-0.06359983096231994,86.63467727612525,,-31.355607339570295,21.522821644828454,-0.010399341828005733,0.007138218595603801,-31.355607339570295,21.522821644828454,0.0,False,False,,,,,,,,,,,
paired_gain,nuScenes,oracle,plan_ade,JC_ade,,,,,,,dE_E4_localization,0.3,,,,False,752.0,24.0,3015.1530604685695,5.422309218489882,-0.7591692718349026,6.181478490324784,0.002050137544050302,0.06258820819759849,86.63467727612525,,-42.685954128706754,33.87390696238464,-0.01415714335977131,0.011234556350224047,-42.685954128706754,33.87390696238464,0.0,False,False,,,,,,,,,,,
paired_gain,nuScenes,oracle,plan_ade,JC_ade,,,,,,,dE_E4_localization,0.5,,,,False,752.0,24.0,3015.1530604685695,-16.842328683058554,-1.2630426823447936,-15.579286000713761,-0.005166996728946379,-0.19440631872359912,86.63467727612525,,-51.23067923423276,13.394333712633756,-0.016991070836805632,0.00444233955756535,-51.23067923423276,13.394333712633756,0.0,False,False,,,,,,,,,,,
paired_gain,nuScenes,oracle,plan_ade,JC_ade,,,,,,,dE_E5_combined,0.1,,,,False,752.0,24.0,3015.1530604685695,-2.705352569174645,-0.2519367052549455,-2.4534158639197,-0.0008136952966289635,-0.03502133909910484,77.24869004919904,,-12.735231137844245,10.368671549292246,-0.004223742835750145,0.0034388541282481043,-12.735231137844245,10.368671549292246,0.0,False,False,,,,,,,,,,,
paired_gain,nuScenes,oracle,plan_ade,JC_ade,,,,,,,dE_E5_combined,0.2,,,,False,752.0,24.0,3015.1530604685695,-9.261757426092881,-0.503873410509891,-8.75788401558299,-0.002904623360719861,-0.10690589169707952,86.63467727612525,,-26.728726930879816,6.795831522706305,-0.008864799363361686,0.0022538927166935265,-26.728726930879816,6.795831522706305,0.0,False,False,,,,,,,,,,,
paired_gain,nuScenes,oracle,plan_ade,JC_ade,,,,,,,dE_E5_combined,0.3,,,,False,752.0,24.0,3015.1530604685695,-27.42358910758577,-0.7591692718349026,-26.664419835750866,-0.00884347139299359,-0.31654286678047283,86.63467727612525,,-48.32349988193512,-0.5174253400877487,-0.016026881194026486,-0.00017160831629799194,-48.32349988193512,-0.5174253400877487,0.0,False,False,,,,,,,,,,,
paired_gain,nuScenes,oracle,plan_ade,JC_ade,,,,,,,dE_E5_combined,0.5,,,,False,752.0,24.0,3015.1530604685695,-28.587191231583418,-1.2630426823447936,-27.324148549238625,-0.00906227577879324,-0.3299740026787341,86.63467727612525,,-51.381682416056655,-7.878558103190705,-0.017041152268426365,-0.002612987780449971,-51.381682416056655,-7.878558103190705,0.0,False,False,,,,,,,,,,,
paired_gain,nuScenes,oracle,plan_ade,JC_ade,,,,,,,dE_E5_fp_heavy,0.1,,,,False,752.0,24.0,3015.1530604685695,3.5635266090882567,-0.2519367052549455,3.8154633143432024,0.0012654293953986736,0.046130576542057565,77.24869004919904,,-9.174196784498449,13.54474595869463,-0.0030426968716051627,0.004492225000541005,-9.174196784498449,13.54474595869463,0.0,False,False,,,,,,,,,,,
paired_gain,nuScenes,oracle,plan_ade,JC_ade,,,,,,,dE_E5_fp_heavy,0.2,,,,False,752.0,24.0,3015.1530604685695,-16.581019091291914,-0.503873410509891,-16.077145680782024,-0.005332115935196854,-0.19139009473590207,86.63467727612525,,-31.508521714434785,0.24761715696310455,-0.010450057122320089,8.21242411238067e-05,-31.508521714434785,0.24761715696310455,0.0,False,False,,,,,,,,,,,
paired_gain,nuScenes,oracle,plan_ade,JC_ade,,,,,,,dE_E5_fp_heavy,0.3,,,,False,752.0,24.0,3015.1530604685695,-21.453671099252375,-0.7591692718349026,-20.694501827417472,-0.006863499600979277,-0.24763376252761285,86.63467727612525,,-37.0950386709458,-4.92462948453095,-0.012302870841714764,-0.0016332933638087475,-37.0950386709458,-4.92462948453095,0.0,False,False,,,,,,,,,,,
paired_gain,nuScenes,oracle,plan_ade,JC_ade,,,,,,,dE_E5_fp_heavy,0.5,,,,False,752.0,24.0,3015.1530604685695,-22.882682551551394,-1.2630426823447936,-21.6196398692066,-0.007170329146025775,-0.2641284445328845,86.63467727612525,,-39.736189125773635,-4.450024290642286,-0.013178829840100534,-0.0014758866967605057,-39.736189125773635,-4.450024290642286,0.0,False,False,,,,,,,,,,,
paired_gain,nuScenes,oracle,plan_ade,JC_ade,,,,,,,dE_E5_loc_heavy,0.1,,,,False,752.0,24.0,3015.1530604685695,-8.420900731664375,-0.2519367052549455,-8.16896402640943,-0.0027093032634104264,-0.10901027222987437,77.24869004919904,,-28.564925160718328,7.178837229602235,-0.009473789418928935,0.0023809196699575205,-28.564925160718328,7.178837229602235,0.0,False,False,,,,,,,,,,,
paired_gain,nuScenes,oracle,plan_ade,JC_ade,,,,,,,dE_E5_loc_heavy,0.2,,,,False,752.0,24.0,3015.1530604685695,-12.329874073452412,-0.503873410509891,-11.826000662942521,-0.00392218916445479,-0.14232030938551524,86.63467727612525,,-36.313693745270015,4.434144333249988,-0.012043731451439712,0.0014706199799226446,-36.313693745270015,4.434144333249988,0.0,False,False,,,,,,,,,,,
paired_gain,nuScenes,oracle,plan_ade,JC_ade,,,,,,,dE_E5_loc_heavy,0.3,,,,False,752.0,24.0,3015.1530604685695,-19.072349421667205,-0.7591692718349026,-18.313180149832302,-0.006073714926759421,-0.2201468282830801,86.63467727612525,,-40.0194050921538,-1.5713404181844914,-0.013272760715482413,-0.0005211478112956221,-40.0194050921538,-1.5713404181844914,0.0,False,False,,,,,,,,,,,
paired_gain,nuScenes,oracle,plan_ade,JC_ade,,,,,,,dE_E5_loc_heavy,0.5,,,,False,752.0,24.0,3015.1530604685695,-18.926971873377454,-1.2630426823447936,-17.66392919103266,-0.005858385573396928,-0.21846877565034045,86.63467727612525,,-41.15300610719159,0.0049266631372444705,-0.013648728698634028,1.63396784124745e-06,-41.15300610719159,0.0049266631372444705,0.0,False,False,,,,,,,,,,,
paired_gain,nuScenes,oracle,plan_ade,JC_ade,,,,,,,dE_E6_risk_weighted,0.1,,,,False,752.0,24.0,3015.1530604685695,-17.67126869449569,-0.2519367052549455,-17.419331989240746,-0.005777262924932141,-0.22875816642639518,77.24869004919904,,-47.802902969521675,15.055828360747125,-0.015854221000008824,0.00499338775140237,-47.802902969521675,15.055828360747125,0.0,False,False,,,,,,,,,,,
paired_gain,nuScenes,oracle,plan_ade,JC_ade,,,,,,,dE_E6_risk_weighted,0.2,,,,False,752.0,24.0,3015.1530604685695,-7.400678979688701,-0.503873410509891,-6.8968055691788095,-0.0022873815792645077,-0.08542398047032579,86.63467727612525,,-50.53196335524167,25.23486342244257,-0.016759336040933444,0.008369347398410663,-50.53196335524167,25.23486342244257,0.0,False,False,,,,,,,,,,,
paired_gain,nuScenes,oracle,plan_ade,JC_ade,,,,,,,dE_E6_risk_weighted,0.3,,,,False,752.0,24.0,3015.1530604685695,-5.735923780518627,-0.7591692718349026,-4.976754508683724,-0.001650581051401189,-0.06620817391905183,86.63467727612525,,-48.06335948449122,28.716533662635523,-0.015940603518490016,0.009524071609874701,-48.06335948449122,28.716533662635523,0.0,False,False,,,,,,,,,,,
paired_gain,nuScenes,oracle,plan_ade,JC_ade,,,,,,,dE_E6_risk_weighted,0.5,,,,False,752.0,24.0,3015.1530604685695,-4.609154997772604,-1.2630426823447936,-3.3461123154278107,-0.00110976532478514,-0.053202195041162734,86.63467727612525,,-33.92234779071834,20.568512695687218,-0.011250622144351984,0.006821714282223129,-33.92234779071834,20.568512695687218,0.0,False,False,,,,,,,,,,,
paired_gain,nuScenes,oracle,plan_ade,JC_ade,,,,,,,gate_ridge,0.1,,,,False,752.0,24.0,3015.1530604685695,-0.71571656196371,-0.2519367052549455,-0.46377985670876454,-0.0001538163560548037,-0.009265096424390837,77.24869004919904,,-13.102107528863264,23.022989254785315,-0.004345420370409698,0.007635761367022419,-13.102107528863264,23.022989254785315,0.0,False,False,,,,,,,,,,,
paired_gain,nuScenes,oracle,plan_ade,JC_ade,,,,,,,gate_ridge,0.2,,,,False,752.0,24.0,3015.1530604685695,-12.95333738192347,-0.503873410509891,-12.449463971413579,-0.004128965834152005,-0.14951677306580266,86.63467727612525,,-40.73682789560286,10.952562270932354,-0.01351069981477894,0.00363250622813499,-40.73682789560286,10.952562270932354,0.0,False,False,,,,,,,,,,,
paired_gain,nuScenes,oracle,plan_ade,JC_ade,,,,,,,gate_ridge,0.3,,,,False,752.0,24.0,3015.1530604685695,-6.366774077931052,-0.7591692718349026,-5.60760480609615,-0.0018598076759740684,-0.07348990355950233,86.63467727612525,,-44.97668349900597,15.87904795188031,-0.014916882359536459,0.0052664152145604935,-44.97668349900597,15.87904795188031,0.0,False,False,,,,,,,,,,,
paired_gain,nuScenes,oracle,plan_ade,JC_ade,,,,,,,gate_ridge,0.5,,,,False,752.0,24.0,3015.1530604685695,-2.962291546401974,-1.2630426823447936,-1.6992488640571803,-0.0005635696861747738,-0.0341929079617905,86.63467727612525,,-34.010604359326535,23.282855256920705,-0.011279893152104564,0.007721948037126326,-34.010604359326535,23.282855256920705,0.0,False,False,,,,,,,,,,,
paired_gain,nuScenes,oracle,plan_ade,JC_ade,,,,,,,gate_gbm,0.1,,,,False,752.0,24.0,3015.1530604685695,-14.563903697340569,-0.2519367052549455,-14.311966992085624,-0.004746680087232943,-0.18853269470414244,77.24869004919904,,-40.89579691054638,11.206648956896299,-0.013563423179648124,0.0037167761410940546,-40.89579691054638,11.206648956896299,0.0,False,False,,,,,,,,,,,
paired_gain,nuScenes,oracle,plan_ade,JC_ade,,,,,,,gate_gbm,0.2,,,,False,752.0,24.0,3015.1530604685695,-12.22260620173672,-0.503873410509891,-11.718732791226829,-0.00388661290362675,-0.14108214615702183,86.63467727612525,,-40.21927802158746,12.671780235789603,-0.013339050195792446,0.004202698828768695,-40.21927802158746,12.671780235789603,0.0,False,False,,,,,,,,,,,
paired_gain,nuScenes,oracle,plan_ade,JC_ade,,,,,,,gate_gbm,0.3,,,,False,752.0,24.0,3015.1530604685695,-6.907026196131035,-0.7591692718349026,-6.147856924296132,-0.002038986678620131,-0.0797258835987431,86.63467727612525,,-35.14364271886159,14.251951124507196,-0.011655674525989104,0.0047267753373330815,-35.14364271886159,14.251951124507196,0.0,False,False,,,,,,,,,,,
paired_gain,nuScenes,oracle,plan_ade,JC_ade,,,,,,,gate_gbm,0.5,,,,False,752.0,24.0,3015.1530604685695,3.2828750219028695,-1.2630426823447936,4.545917704247663,0.0015076905261788619,0.037893313914468325,86.63467727612525,,-6.232094594839974,15.982859297854695,-0.0020669247861902825,0.005300845090554335,-6.232094594839974,15.982859297854695,0.0,False,False,,,,,,,,,,,
paired_gain,nuScenes,oracle,plan_ade,JC_ade,,,,,,,R1_mlp_reg,0.1,,,,False,752.0,24.0,3015.1530604685695,-0.9728700297864807,-0.2519367052549455,-0.7209333245315352,-0.00023910339212414598,-0.012594000353492958,77.24869004919904,,-16.76596918160519,10.78324453847321,-0.0055605698435089316,0.0035763506270548805,-16.76596918160519,10.78324453847321,0.0,False,False,,,,,,,,,,,
paired_gain,nuScenes,oracle,plan_ade,JC_ade,,,,,,,R1_mlp_reg,0.2,,,,False,752.0,24.0,3015.1530604685695,-6.815761097108796,-0.503873410509891,-6.311887686598904,-0.0020933888131098744,-0.07867243592753685,86.63467727612525,,-34.32448905618082,14.320228950554453,-0.011383995561023569,0.004749420232858434,-34.32448905618082,14.320228950554453,0.0,False,False,,,,,,,,,,,
paired_gain,nuScenes,oracle,plan_ade,JC_ade,,,,,,,R1_mlp_reg,0.3,,,,False,752.0,24.0,3015.1530604685695,-15.307413872658609,-0.7591692718349026,-14.548244600823706,-0.004825043475094043,-0.17668922369122764,86.63467727612525,,-38.280727847515905,6.754888100201228,-0.012696114286671369,0.002240313498098662,-38.280727847515905,6.754888100201228,0.0,False,False,,,,,,,,,,,
paired_gain,nuScenes,oracle,plan_ade,JC_ade,,,,,,,R1_mlp_reg,0.5,,,,False,752.0,24.0,3015.1530604685695,-10.332420699168285,-1.2630426823447936,-9.069378016823492,-0.003007932876022575,-0.11926426027116616,86.63467727612525,,-29.80008671635293,7.318484555083989,-0.009883440780191056,0.002427234839596057,-29.80008671635293,7.318484555083989,0.0,False,False,,,,,,,,,,,
paired_gain,nuScenes,oracle,plan_ade,JC_ade,,,,,,,R1_mlp_clf,0.1,,,,False,752.0,24.0,3015.1530604685695,-5.370963140937143,-0.2519367052549455,-5.119026435682198,-0.0016977666914483858,-0.06952820996079574,77.24869004919904,,-11.760211426742952,0.5568214814132938,-0.003900369629963448,0.00018467436652345638,-11.760211426742952,0.5568214814132938,0.0,False,False,,,,,,,,,,,
paired_gain,nuScenes,oracle,plan_ade,JC_ade,,,,,,,R1_mlp_clf,0.2,,,,False,752.0,24.0,3015.1530604685695,-6.403557804803299,-0.503873410509891,-5.899684394293407,-0.0019566782435172852,-0.07391448789488352,86.63467727612525,,-19.918509988425935,11.91390249540232,-0.006606135605378024,0.003951342521082774,-19.918509988425935,11.91390249540232,0.0,False,False,,,,,,,,,,,
paired_gain,nuScenes,oracle,plan_ade,JC_ade,,,,,,,R1_mlp_clf,0.3,,,,False,752.0,24.0,3015.1530604685695,7.988288119982906,-0.7591692718349026,8.74745739181781,0.0029011652862685556,0.09220658945288547,86.63467727612525,,-13.884241422156503,33.649753022273224,-0.004604821428202661,0.011160213875525075,-13.884241422156503,33.649753022273224,0.0,False,False,,,,,,,,,,,
paired_gain,nuScenes,oracle,plan_ade,JC_ade,,,,,,,R1_mlp_clf,0.5,,,,False,752.0,24.0,3015.1530604685695,10.731037162972168,-1.2630426823447936,11.99407984531696,0.0039779339903404515,0.12386537931883569,86.63467727612525,,-7.945219642963057,39.57191059297486,-0.0026350966215056195,0.01312434553051353,-7.945219642963057,39.57191059297486,0.0,False,False,,,,,,,,,,,
paired_gain,nuScenes,oracle,plan_ade,JC_ade,,,,,,,R1_gbm_reg,0.1,,,,False,752.0,24.0,3015.1530604685695,-8.699715751811377,-0.2519367052549455,-8.447779046556432,-0.0028017745292318944,-0.11261958935835159,77.24869004919904,,-14.843640026969023,-2.7068340702808444,-0.004923013767222235,-0.0008977435028987182,-14.843640026969023,-2.7068340702808444,0.0,False,False,,,,,,,,,,,
paired_gain,nuScenes,oracle,plan_ade,JC_ade,,,,,,,R1_gbm_reg,0.2,,,,False,752.0,24.0,3015.1530604685695,-7.232696593236116,-0.503873410509891,-6.7288231827262255,-0.0022316688565324552,-0.08348500647360639,86.63467727612525,,-15.516962644218562,0.9934862958267814,-0.005146326681607053,0.0003294977985868448,-15.516962644218562,0.9934862958267814,0.0,False,False,,,,,,,,,,,
paired_gain,nuScenes,oracle,plan_ade,JC_ade,,,,,,,R1_gbm_reg,0.3,,,,False,752.0,24.0,3015.1530604685695,-14.803304955929319,-0.7591692718349026,-14.044135684094416,-0.004657851658751907,-0.17087043458068965,86.63467727612525,,-32.511406256094034,4.155250167475285,-0.010782671925464907,0.0013781224648109702,-32.511406256094034,4.155250167475285,0.0,False,False,,,,,,,,,,,
paired_gain,nuScenes,oracle,plan_ade,JC_ade,,,,,,,R1_gbm_reg,0.5,,,,False,752.0,24.0,3015.1530604685695,-9.799567705340046,-1.2630426823447936,-8.536525022995253,-0.002831207853066217,-0.11311368626798829,86.63467727612525,,-30.349721634786206,2.419624044865895,-0.010065731664736685,0.000802487965400295,-30.349721634786206,2.419624044865895,0.0,False,False,,,,,,,,,,,
paired_gain,nuScenes,oracle,plan_ade,JC_ade,,,,,,,R1_gbm_clf,0.1,,,,False,752.0,24.0,3015.1530604685695,-2.2259179714955595,-0.2519367052549455,-1.973981266240614,-0.0006546869185917373,-0.02881496074662096,77.24869004919904,,-13.01298476184068,9.632553533231723,-0.004315862080918173,0.0031947146098562497,-13.01298476184068,9.632553533231723,0.0,False,False,,,,,,,,,,,
paired_gain,nuScenes,oracle,plan_ade,JC_ade,,,,,,,R1_gbm_clf,0.2,,,,False,752.0,24.0,3015.1530604685695,2.71779773709333,-0.503873410509891,3.221671147603221,0.0010684934008300586,0.031370783877119605,86.63467727612525,,-25.522372136375957,12.404726495336453,-0.008464701998382018,0.0041141282868766525,-25.522372136375957,12.404726495336453,0.0,False,False,,,,,,,,,,,
paired_gain,nuScenes,oracle,plan_ade,JC_ade,,,,,,,R1_gbm_clf,0.3,,,,False,752.0,24.0,3015.1530604685695,-5.720328603763265,-0.7591692718349026,-4.9611593319283624,-0.0016454087843744071,-0.0660281631283882,86.63467727612525,,-30.339712859498192,11.664491162517646,-0.01006241217312638,0.003868623226943221,-30.339712859498192,11.664491162517646,0.0,False,False,,,,,,,,,,,
paired_gain,nuScenes,oracle,plan_ade,JC_ade,,,,,,,R1_gbm_clf,0.5,,,,False,752.0,24.0,3015.1530604685695,-3.203354184612523,-1.2630426823447936,-1.9403115022677295,-0.0006435200679219236,-0.03697542699215782,86.63467727612525,,-31.440879366805557,22.87299818612716,-0.010427622988373098,0.007586015610952959,-31.440879366805557,22.87299818612716,0.0,False,False,,,,,,,,,,,
paired_gain,nuScenes,oracle,plan_ade,JC_ade,,,,,,,R2_cnn_clf,0.1,,,,False,752.0,24.0,3015.1530604685695,-2.5550613723189652,-0.2519367052549455,-2.3031246670640195,-0.0007638500006053101,-0.03307578899644341,77.24869004919904,,-9.117101385109335,6.5877292752382335,-0.003023760718698802,0.002184873916223168,-9.117101385109335,6.5877292752382335,0.0,False,False,,,,,,,,,,,
paired_gain,nuScenes,oracle,plan_ade,JC_ade,,,,,,,R2_cnn_clf,0.2,,,,False,752.0,24.0,3015.1530604685695,-4.761192299141889,-0.503873410509891,-4.257318888631998,-0.0014119743851313438,-0.05495711935264491,86.63467727612525,,-18.12366706011755,11.504612735115701,-0.006010861371429365,0.003815598248046429,-18.12366706011755,11.504612735115701,0.0,False,False,,,,,,,,,,,
paired_gain,nuScenes,oracle,plan_ade,JC_ade,,,,,,,R2_cnn_clf,0.3,,,,False,752.0,24.0,3015.1530604685695,-17.557380195179174,-0.7591692718349026,-16.79821092334427,-0.0055712630790072555,-0.2026599595820002,86.63467727612525,,-42.633024355019614,4.862737649036048,-0.014139588770460043,0.0016127664339137579,-42.633024355019614,4.862737649036048,0.0,False,False,,,,,,,,,,,
paired_gain,nuScenes,oracle,plan_ade,JC_ade,,,,,,,R2_cnn_clf,0.5,,,,False,752.0,24.0,3015.1530604685695,-19.483329385504003,-1.2630426823447936,-18.22028670315921,-0.0060429060607383196,-0.224890655775239,86.63467727612525,,-45.36183883170762,3.07044311742996,-0.015044622253657058,0.0010183373964281594,-45.36183883170762,3.07044311742996,0.0,False,False,,,,,,,,,,,
paired_gain,nuScenes,oracle,plan_ade,JC_ade,,,,,,,trivial_ego_speed,0.1,,,,True,752.0,24.0,3015.1530604685695,-1.0860192330237872,-0.2519367052549455,-0.8340825277688417,-0.0002766302443164266,-0.01405873979652096,77.24869004919904,,-6.955670018361146,6.082242376101038,-0.002306904451902087,0.002017225080824198,-6.955670018361146,6.082242376101038,0.0,False,False,,,,,,,,,,,
paired_gain,nuScenes,oracle,plan_ade,JC_ade,,,,,,,trivial_ego_speed,0.2,,,,True,752.0,24.0,3015.1530604685695,-1.800339814621185,-0.503873410509891,-1.296466404111294,-0.0004299836121453207,-0.020780822082167808,86.63467727612525,,-13.870691288678698,7.147234631379993,-0.004600327416387652,0.002370438411597346,-13.870691288678698,7.147234631379993,0.0,False,False,,,,,,,,,,,
paired_gain,nuScenes,oracle,plan_ade,JC_ade,,,,,,,trivial_ego_speed,0.3,,,,True,752.0,24.0,3015.1530604685695,-9.341687523188448,-0.7591692718349026,-8.582518251353545,-0.002846461880784181,-0.10782850259156937,86.63467727612525,,-37.80475758946231,3.462219741911618,-0.01253825488500649,0.001148273295742264,-37.80475758946231,3.462219741911618,0.0,False,False,,,,,,,,,,,
paired_gain,nuScenes,oracle,plan_ade,JC_ade,,,,,,,trivial_ego_speed,0.5,,,,True,752.0,24.0,3015.1530604685695,-13.679760274172839,-1.2630426823447936,-12.416717591828046,-0.004118105231413502,-0.15790167060439553,86.63467727612525,,-40.13203108570985,3.7816172969193174,-0.01331011404093467,0.0012542040888403971,-40.13203108570985,3.7816172969193174,0.0,False,False,,,,,,,,,,,
paired_gain,nuScenes,oracle,plan_ade,JC_ade,,,,,,,trivial_n_det,0.1,,,,True,752.0,24.0,3015.1530604685695,-4.786647203290932,-0.2519367052549455,-4.534710498035986,-0.001503973565219694,-0.061964121336457054,77.24869004919904,,-17.168304578756274,4.785239228567213,-0.0056940076455316785,0.0015870634533636456,-17.168304578756274,4.785239228567213,0.0,False,False,,,,,,,,,,,
paired_gain,nuScenes,oracle,plan_ade,JC_ade,,,,,,,trivial_n_det,0.2,,,,True,752.0,24.0,3015.1530604685695,-10.327606286745915,-0.503873410509891,-9.823732876236024,-0.003258120791622223,-0.11920868884672343,86.63467727612525,,-30.363666801028522,5.713397789731644,-0.010070356692376294,0.0018948947781920412,-30.363666801028522,5.713397789731644,0.0,False,False,,,,,,,,,,,
paired_gain,nuScenes,oracle,plan_ade,JC_ade,,,,,,,trivial_n_det,0.3,,,,True,752.0,24.0,3015.1530604685695,-18.15273349264996,-0.7591692718349026,-17.39356422081506,-0.005768716835261429,-0.2095319572183884,86.63467727612525,,-43.60339690918432,7.348323366340388,-0.014461420708906943,0.002437131123684455,-43.60339690918432,7.348323366340388,0.0,False,False,,,,,,,,,,,
paired_gain,nuScenes,oracle,plan_ade,JC_ade,,,,,,,trivial_n_det,0.5,,,,True,752.0,24.0,3015.1530604685695,-7.546062886726797,-1.2630426823447936,-6.283020204382003,-0.0020838146781860527,-0.08710210650033019,86.63467727612525,,-42.186431281132116,16.742349841868005,-0.013991472550509969,0.005552736297661175,-42.186431281132116,16.742349841868005,0.0,False,False,,,,,,,,,,,
paired_gain,nuScenes,oracle,plan_ade,JC_ade,,,,,,,trivial_risk_cheap,0.1,,,,True,752.0,24.0,3015.1530604685695,-15.393622513049936,-0.2519367052549455,-15.14168580779499,-0.005021863071005058,-0.19927357348384636,77.24869004919904,,-39.3082084625326,-0.21370276144380995,-0.01303688657730162,-7.08762564148566e-05,-39.3082084625326,-0.21370276144380995,0.0,False,False,,,,,,,,,,,
paired_gain,nuScenes,oracle,plan_ade,JC_ade,,,,,,,trivial_risk_cheap,0.2,,,,True,752.0,24.0,3015.1530604685695,-23.579383246491254,-0.503873410509891,-23.075509835981364,-0.00765318024432077,-0.27217026700911195,86.63467727612525,,-55.00295287006836,-1.066244272021649,-0.018242176024563288,-0.0003536285722940876,-55.00295287006836,-1.066244272021649,0.0,False,False,,,,,,,,,,,
paired_gain,nuScenes,oracle,plan_ade,JC_ade,,,,,,,trivial_risk_cheap,0.3,,,,True,752.0,24.0,3015.1530604685695,-27.823066102482056,-0.7591692718349026,-27.063896830647153,-0.008975961182694085,-0.32115391869936044,86.63467727612525,,-58.27172459478178,2.725350422362567,-0.019326290714318187,0.0009038846014467451,-58.27172459478178,2.725350422362567,0.0,False,False,,,,,,,,,,,
paired_gain,nuScenes,oracle,plan_ade,JC_ade,,,,,,,trivial_risk_cheap,0.5,,,,True,752.0,24.0,3015.1530604685695,-17.977412243844782,-1.2630426823447936,-16.71436956149999,-0.005543456410435924,-0.20750827277334352,86.63467727612525,,-47.09101213495591,8.265040503116548,-0.015618116623120199,0.0027411678071932177,-47.09101213495591,8.265040503116548,0.0,False,False,,,,,,,,,,,
paired_gain,nuScenes,oracle,plan_ade,JC_ade,,,,,,,trivial_area_max,0.1,,,,True,752.0,24.0,3015.1530604685695,-7.2144843583271925,-0.2519367052549455,-6.962547653072247,-0.0023091854753105744,-0.09339296697112077,77.24869004919904,,-18.482944707514285,3.4572073653214908,-0.006130018721053566,0.0011466109003382481,-18.482944707514285,3.4572073653214908,0.0,False,False,,,,,,,,,,,
paired_gain,nuScenes,oracle,plan_ade,JC_ade,,,,,,,trivial_area_max,0.2,,,,True,752.0,24.0,3015.1530604685695,-20.791513131923022,-0.503873410509891,-20.287639721413132,-0.0067285604792017865,-0.23999065715516596,86.63467727612525,,-35.78153571278881,5.659814592017682,-0.01186723691805821,0.0018771234754955091,-35.78153571278881,5.659814592017682,0.0,False,False,,,,,,,,,,,
paired_gain,nuScenes,oracle,plan_ade,JC_ade,,,,,,,trivial_area_max,0.3,,,,True,752.0,24.0,3015.1530604685695,-14.552968786707385,-0.7591692718349026,-13.793799514872482,-0.004574825635130065,-0.16798087375940265,86.63467727612525,,-49.5771949984457,8.939580686829006,-0.01644267936127301,0.0029648845373839,-49.5771949984457,8.939580686829006,0.0,False,False,,,,,,,,,,,
paired_gain,nuScenes,oracle,plan_ade,JC_ade,,,,,,,trivial_area_max,0.5,,,,True,752.0,24.0,3015.1530604685695,-5.568248071493791,-1.2630426823447936,-4.305205389148997,-0.0014278563319369093,-0.06427273981464102,86.63467727612525,,-36.80889367583304,11.362302606945155,-0.012207968530165682,0.003768399938270264,-36.80889367583304,11.362302606945155,0.0,False,False,,,,,,,,,,,
paired_gain,nuScenes,oracle,plan_ade,JC_ade,,,,,,,oracle,0.1,,,,False,752.0,24.0,3015.1530604685695,77.24869004919904,-0.2519367052549455,77.50062675445399,0.025703712282656062,1.0,77.24869004919904,,49.279217250248216,105.23007082438451,0.01634385262106395,0.03490040761248493,49.279217250248216,105.23007082438451,0.0,True,True,,,,,,,,,,,
paired_gain,nuScenes,oracle,plan_ade,JC_ade,,,,,,,oracle,0.2,,,,False,752.0,24.0,3015.1530604685695,86.63467727612525,-0.503873410509891,87.13855068663514,0.028900208028939462,1.0,86.63467727612525,,56.78527820657468,119.6472713740773,0.018833298697529463,0.03968198926375019,56.78527820657468,119.6472713740773,0.0,True,True,,,,,,,,,,,
paired_gain,nuScenes,oracle,plan_ade,JC_ade,,,,,,,oracle,0.3,,,,False,752.0,24.0,3015.1530604685695,86.63467727612525,-0.7591692718349026,87.39384654796015,0.028984878974727315,1.0,86.63467727612525,,59.03810157184818,120.13871390201628,0.019580465862875093,0.039844980169380234,59.03810157184818,120.13871390201628,0.0,True,True,,,,,,,,,,,
paired_gain,nuScenes,oracle,plan_ade,JC_ade,,,,,,,oracle,0.5,,,,False,752.0,24.0,3015.1530604685695,86.63467727612525,-1.2630426823447936,87.89771995847003,0.029151992683519125,1.0,86.63467727612525,,61.23680003324249,119.30879152009729,0.020309682064275036,0.03956972967122144,61.23680003324249,119.30879152009729,0.0,True,True,,,,,,,,,,,
paired_gain,nuScenes,oracle,plan_fde,JC_fde,,,,,,,uncertainty,0.1,,,,False,752.0,24.0,5814.220981124377,-5.911409912757139,8.123875695172726,-14.035285607929865,-0.0024139580613627906,-0.02151304052265634,274.78263272602356,,-36.821359312465354,16.16393401771554,-0.006332982429117218,0.0027800687435498355,-36.821359312465354,16.16393401771554,0.0,False,False,,,,,,,,,,,
paired_gain,nuScenes,oracle,plan_fde,JC_fde,,,,,,,uncertainty,0.2,,,,False,752.0,24.0,5814.220981124377,-4.383930988842852,16.247751390345453,-20.631682379188305,-0.0035484861077981367,-0.015954177836318792,274.78263272602356,,-82.37311967055871,42.27574092731106,-0.01416752475318354,0.007271092905577113,-82.37311967055871,42.27574092731106,0.0,False,False,,,,,,,,,,,
paired_gain,nuScenes,oracle,plan_fde,JC_fde,,,,,,,uncertainty,0.3,,,,False,752.0,24.0,5814.220981124377,4.739177093198039,24.479945428120484,-19.740768334922443,-0.003395255942113314,0.01724700373594321,274.78263272602356,,-116.88851843611788,70.37840135473279,-0.02010390021562502,0.012104528118764885,-116.88851843611788,70.37840135473279,0.0,False,False,,,,,,,,,,,
paired_gain,nuScenes,oracle,plan_fde,JC_fde,,,,,,,uncertainty,0.5,,,,False,752.0,24.0,5814.220981124377,39.18635466362344,40.72769681846594,-1.5413421548424964,-0.0002650986537743231,0.14260855671579079,274.78263272602356,,-106.55392039747281,85.90696543088085,-0.018326431132114792,0.014775318260137373,-106.55392039747281,85.90696543088085,0.0,False,False,,,,,,,,,,,
paired_gain,nuScenes,oracle,plan_fde,JC_fde,,,,,,,criticality_cheap,0.1,,,,False,752.0,24.0,5814.220981124377,-21.31748315450096,8.123875695172726,-29.441358849673684,-0.005063680748505055,-0.07757944140434776,274.78263272602356,,-113.13146250857312,32.022407793252306,-0.019457716326202537,0.005507600742595044,-113.13146250857312,32.022407793252306,0.0,False,False,,,,,,,,,,,
paired_gain,nuScenes,oracle,plan_fde,JC_fde,,,,,,,criticality_cheap,0.2,,,,False,752.0,24.0,5814.220981124377,-38.95649158868481,16.247751390345453,-55.20424297903027,-0.009494692953406571,-0.14177202977572098,274.78263272602356,,-166.28161716612604,25.455250002358156,-0.028599122342606562,0.004378101569410166,-166.28161716612604,25.455250002358156,0.0,False,False,,,,,,,,,,,
paired_gain,nuScenes,oracle,plan_fde,JC_fde,,,,,,,criticality_cheap,0.3,,,,False,752.0,24.0,5814.220981124377,-24.40652333736022,24.479945428120484,-48.8864687654807,-0.008408085782117424,-0.08882120058036978,274.78263272602356,,-170.0691512132197,35.87448130960335,-0.029250548227413787,0.006170126905404582,-170.0691512132197,35.87448130960335,0.0,False,False,,,,,,,,,,,
paired_gain,nuScenes,oracle,plan_fde,JC_fde,,,,,,,criticality_cheap,0.5,,,,False,752.0,24.0,5814.220981124377,-1.0788057961506299,40.72769681846594,-41.80650261461657,-0.0071903876289428304,-0.003926033408473346,274.78263272602356,,-138.75730937453292,36.62323292698133,-0.02386515920619506,0.006298906258616091,-138.75730937453292,36.62323292698133,0.0,False,False,,,,,,,,,,,
paired_gain,nuScenes,oracle,plan_fde,JC_fde,,,,,,,criticality_gt,0.1,,,,False,752.0,24.0,5814.220981124377,-72.74850067060578,8.123875695172726,-80.8723763657785,-0.013909408780355487,-0.2647492672622467,274.78263272602356,,-175.65829469752083,35.50328111780246,-0.030211836679030272,0.006106283409774475,-175.65829469752083,35.50328111780246,0.0,False,False,,,,,,,,,,,
paired_gain,nuScenes,oracle,plan_fde,JC_fde,,,,,,,criticality_gt,0.2,,,,False,752.0,24.0,5814.220981124377,-1.3205422082461036,16.247751390345453,-17.568293598591556,-0.003021607478564416,-0.004805770274290848,274.78263272602356,,-163.6773810579318,66.68957347100505,-0.028151214339686002,0.011470078912980764,-163.6773810579318,66.68957347100505,0.0,False,False,,,,,,,,,,,
paired_gain,nuScenes,oracle,plan_fde,JC_fde,,,,,,,criticality_gt,0.3,,,,False,752.0,24.0,5814.220981124377,-0.1282378015895267,24.479945428120484,-24.60818322971001,-0.004232412787473926,-0.00046668816117424804,274.78263272602356,,-143.64890245037284,66.70275870557056,-0.02470647450737131,0.011472346668989405,-143.64890245037284,66.70275870557056,0.0,False,False,,,,,,,,,,,
paired_gain,nuScenes,oracle,plan_fde,JC_fde,,,,,,,criticality_gt,0.5,,,,False,752.0,24.0,5814.220981124377,25.808770841023428,40.72769681846594,-14.918925977442509,-0.0025659372125476777,0.09392431604932061,274.78263272602356,,-127.39157424308323,61.86711985219539,-0.021910342702256173,0.010640655051303412,-127.39157424308323,61.86711985219539,0.0,False,False,,,,,,,,,,,
paired_gain,nuScenes,oracle,plan_fde,JC_fde,,,,,,,PKL,0.1,,,,False,752.0,24.0,5814.220981124377,-22.773381091984746,8.123875695172726,-30.897256787157474,-0.005314083673025864,-0.0828778036881658,274.78263272602356,,-171.69706293309676,75.36975154896335,-0.029530536161336836,0.012963000854912131,-171.69706293309676,75.36975154896335,0.0,False,False,,,,,,,,,,,
paired_gain,nuScenes,oracle,plan_fde,JC_fde,,,,,,,PKL,0.2,,,,False,752.0,24.0,5814.220981124377,34.02011179564704,16.247751390345453,17.772360405301587,0.0030567053545090227,0.12380735804932526,274.78263272602356,,-138.02035207883296,120.98408339689384,-0.023738408382982034,0.020808304980093385,-138.02035207883296,120.98408339689384,0.0,False,False,,,,,,,,,,,
paired_gain,nuScenes,oracle,plan_fde,JC_fde,,,,,,,PKL,0.3,,,,False,752.0,24.0,5814.220981124377,43.795319535842296,24.479945428120484,19.315374107721812,0.0033220915012395227,0.1593816869041688,274.78263272602356,,-111.38407581242566,140.0616978626021,-0.019157179641783373,0.02408950370433227,-111.38407581242566,140.0616978626021,0.0,False,False,,,,,,,,,,,
paired_gain,nuScenes,oracle,plan_fde,JC_fde,,,,,,,PKL,0.5,,,,False,752.0,24.0,5814.220981124377,43.795319535842296,40.72769681846594,3.0676227173763593,0.0005276068328560725,0.1593816869041688,274.78263272602356,,-100.83202032058007,99.00745450508869,-0.017342309597094256,0.01702849871487723,-100.83202032058007,99.00745450508869,0.0,False,False,,,,,,,,,,,
paired_gain,nuScenes,oracle,plan_fde,JC_fde,,,,,,,TIP,0.1,,,,False,752.0,24.0,5814.220981124377,-44.17715410350198,8.123875695172726,-52.301029798674705,-0.008995363259922144,-0.16077127460798993,274.78263272602356,,-179.4999571072938,50.55450941736649,-0.03087257221389294,0.008694975574800057,-179.4999571072938,50.55450941736649,0.0,False,False,,,,,,,,,,,
paired_gain,nuScenes,oracle,plan_fde,JC_fde,,,,,,,TIP,0.2,,,,False,752.0,24.0,5814.220981124377,-9.515569179693099,16.247751390345453,-25.76332057003855,-0.0044310872692451975,-0.03462944177109166,274.78263272602356,,-161.96794510535256,83.50672964693747,-0.02785720488285097,0.014362496698704527,-161.96794510535256,83.50672964693747,0.0,False,False,,,,,,,,,,,
paired_gain,nuScenes,oracle,plan_fde,JC_fde,,,,,,,TIP,0.3,,,,False,752.0,24.0,5814.220981124377,3.573359222500079,24.479945428120484,-20.906586205620403,-0.0035957673905915775,0.013004312488929947,274.78263272602356,,-141.35398001299825,81.19631280345466,-0.024311766008188882,0.013965123284280912,-141.35398001299825,81.19631280345466,0.0,False,False,,,,,,,,,,,
paired_gain,nuScenes,oracle,plan_fde,JC_fde,,,,,,,TIP,0.5,,,,False,752.0,24.0,5814.220981124377,3.573359222500079,40.72769681846594,-37.154337595965856,-0.006390252058975027,0.013004312488929947,274.78263272602356,,-133.6764208630877,45.14442226703701,-0.022991286588016274,0.007764483395728588,-133.6764208630877,45.14442226703701,0.0,False,False,,,,,,,,,,,
paired_gain,nuScenes,oracle,plan_fde,JC_fde,,,,,,,dE_exact,0.1,,,,False,752.0,24.0,5814.220981124377,2.910532255847832,8.123875695172726,-5.213343439324895,-0.0008966538176395073,0.010592125954153096,274.78263272602356,,-25.120425749976476,21.950637266249768,-0.004320514447512208,0.0037753359112960416,-25.120425749976476,21.950637266249768,0.0,False,False,,,,,,,,,,,
paired_gain,nuScenes,oracle,plan_fde,JC_fde,,,,,,,dE_exact,0.2,,,,False,752.0,24.0,5814.220981124377,33.31598665728009,16.247751390345453,17.06823526693464,0.002935601402551768,0.12124487754835049,274.78263272602356,,-32.32699693224419,48.295100217961284,-0.005559987664244689,0.008306375071527086,-32.32699693224419,48.295100217961284,0.0,False,False,,,,,,,,,,,
paired_gain,nuScenes,oracle,plan_fde,JC_fde,,,,,,,dE_exact,0.3,,,,False,752.0,24.0,5814.220981124377,29.705911648298102,24.479945428120484,5.225966220177618,0.0008988248360603246,0.108106947493719,274.78263272602356,,-75.44655160468923,60.29027501129919,-0.012976209856767274,0.01036945021646563,-75.44655160468923,60.29027501129919,0.0,False,False,,,,,,,,,,,
paired_gain,nuScenes,oracle,plan_fde,JC_fde,,,,,,,dE_exact,0.5,,,,False,752.0,24.0,5814.220981124377,32.77286748306778,40.72769681846594,-7.954829335398159,-0.001368167697998266,0.11926833642264609,274.78263272602356,,-104.86677314002883,61.60617198821053,-0.018036255154469424,0.010595774083615391,-104.86677314002883,61.60617198821053,0.0,False,False,,,,,,,,,,,
paired_gain,nuScenes,oracle,plan_fde,JC_fde,,,,,,,dE_E1_fn_only,0.1,,,,False,752.0,24.0,5814.220981124377,2.910532255847832,8.123875695172726,-5.213343439324895,-0.0008966538176395073,0.010592125954153096,274.78263272602356,,-25.120425749976476,21.950637266249768,-0.004320514447512208,0.0037753359112960416,-25.120425749976476,21.950637266249768,0.0,False,False,,,,,,,,,,,
paired_gain,nuScenes,oracle,plan_fde,JC_fde,,,,,,,dE_E1_fn_only,0.2,,,,False,752.0,24.0,5814.220981124377,33.31598665728009,16.247751390345453,17.06823526693464,0.002935601402551768,0.12124487754835049,274.78263272602356,,-32.32699693224419,48.295100217961284,-0.005559987664244689,0.008306375071527086,-32.32699693224419,48.295100217961284,0.0,False,False,,,,,,,,,,,
paired_gain,nuScenes,oracle,plan_fde,JC_fde,,,,,,,dE_E1_fn_only,0.3,,,,False,752.0,24.0,5814.220981124377,29.705911648298102,24.479945428120484,5.225966220177618,0.0008988248360603246,0.108106947493719,274.78263272602356,,-75.44655160468923,60.29027501129919,-0.012976209856767274,0.01036945021646563,-75.44655160468923,60.29027501129919,0.0,False,False,,,,,,,,,,,
paired_gain,nuScenes,oracle,plan_fde,JC_fde,,,,,,,dE_E1_fn_only,0.5,,,,False,752.0,24.0,5814.220981124377,32.77286748306778,40.72769681846594,-7.954829335398159,-0.001368167697998266,0.11926833642264609,274.78263272602356,,-104.86677314002883,61.60617198821053,-0.018036255154469424,0.010595774083615391,-104.86677314002883,61.60617198821053,0.0,False,False,,,,,,,,,,,
paired_gain,nuScenes,oracle,plan_fde,JC_fde,,,,,,,dE_E2_fn_fp,0.1,,,,False,752.0,24.0,5814.220981124377,10.947779157609657,8.123875695172726,2.823903462436931,0.00048568904959144383,0.03984159788047928,274.78263272602356,,-21.923702319369344,22.773421992682202,-0.003770703313572655,0.003916848373430449,-21.923702319369344,22.773421992682202,0.0,False,False,,,,,,,,,,,
paired_gain,nuScenes,oracle,plan_fde,JC_fde,,,,,,,dE_E2_fn_fp,0.2,,,,False,752.0,24.0,5814.220981124377,13.648880761374912,16.247751390345453,-2.598870628970541,-0.0004469851829518804,0.049671555388959926,274.78263272602356,,-38.272975535032465,28.327813044956038,-0.006582648932554174,0.00487215968173915,-38.272975535032465,28.327813044956038,0.0,False,False,,,,,,,,,,,
paired_gain,nuScenes,oracle,plan_fde,JC_fde,,,,,,,dE_E2_fn_fp,0.3,,,,False,752.0,24.0,5814.220981124377,20.097229000354066,24.479945428120484,-4.382716427766418,-0.0007537925445205337,0.07313864344691802,274.78263272602356,,-53.93260901652333,41.14157482628543,-0.009275981974474871,0.007076025311017557,-53.93260901652333,41.14157482628543,0.0,False,False,,,,,,,,,,,
paired_gain,nuScenes,oracle,plan_fde,JC_fde,,,,,,,dE_E2_fn_fp,0.5,,,,False,752.0,24.0,5814.220981124377,39.23645729977309,40.72769681846594,-1.4912395186928435,-0.00025648139682583264,0.14279089224279481,274.78263272602356,,-49.84810600383317,41.75430658279838,-0.008573479777542501,0.007181410324504688,-49.84810600383317,41.75430658279838,0.0,False,False,,,,,,,,,,,
paired_gain,nuScenes,oracle,plan_fde,JC_fde,,,,,,,dE_E3_class_aware,0.1,,,,False,752.0,24.0,5814.220981124377,-0.11238506113186597,8.123875695172726,-8.236260756304592,-0.0014165716753875134,-0.00040899623100969885,274.78263272602356,,-46.80143920998705,13.970872967102014,-0.008049477197706443,0.0024028795968467423,-46.80143920998705,13.970872967102014,0.0,False,False,,,,,,,,,,,
paired_gain,nuScenes,oracle,plan_fde,JC_fde,,,,,,,dE_E3_class_aware,0.2,,,,False,752.0,24.0,5814.220981124377,-2.7620308307596577,16.247751390345453,-19.009782221105112,-0.0032695321149332933,-0.010051693599986667,274.78263272602356,,-111.16809448553438,43.2552138687402,-0.019120032562648874,0.007439554500794934,-111.16809448553438,43.2552138687402,0.0,False,False,,,,,,,,,,,
paired_gain,nuScenes,oracle,plan_fde,JC_fde,,,,,,,dE_E3_class_aware,0.3,,,,False,752.0,24.0,5814.220981124377,-0.9931065008452444,24.479945428120484,-25.473051928965727,-0.004381163359917504,-0.0036141530889087785,274.78263272602356,,-134.16721952759286,65.29305262418285,-0.023075700074551873,0.011229888378194428,-134.16721952759286,65.29305262418285,0.0,False,False,,,,,,,,,,,
paired_gain,nuScenes,oracle,plan_fde,JC_fde,,,,,,,dE_E3_class_aware,0.5,,,,False,752.0,24.0,5814.220981124377,22.754767458620314,40.72769681846594,-17.972929359845622,-0.003091201627560077,0.08281006420557999,274.78263272602356,,-99.70079474459013,48.42163831573393,-0.017147747749572048,0.008328138623030107,-99.70079474459013,48.42163831573393,0.0,False,False,,,,,,,,,,,
paired_gain,nuScenes,oracle,plan_fde,JC_fde,,,,,,,dE_E4_localization,0.1,,,,False,752.0,24.0,5814.220981124377,2.454295728091878,8.123875695172726,-5.669579967080848,-0.0009751228901493252,0.008931771647078486,274.78263272602356,,-30.318266869144175,19.272730687349473,-0.005214501988756731,0.0033147571703789,-30.318266869144175,19.272730687349473,0.0,False,False,,,,,,,,,,,
paired_gain,nuScenes,oracle,plan_fde,JC_fde,,,,,,,dE_E4_localization,0.2,,,,False,752.0,24.0,5814.220981124377,-8.152086809103185,16.247751390345453,-24.399838199448638,-0.004196579090932677,-0.029667401932317004,274.78263272602356,,-99.50135581500732,57.749082233332615,-0.017113445831872277,0.009932385167473436,-99.50135581500732,57.749082233332615,0.0,False,False,,,,,,,,,,,
paired_gain,nuScenes,oracle,plan_fde,JC_fde,,,,,,,dE_E4_localization,0.3,,,,False,752.0,24.0,5814.220981124377,40.10870907825358,24.479945428120484,15.628763650133099,0.0026880236752045063,0.14596522596915582,274.78263272602356,,-112.61297470705803,96.96879114617856,-0.019368540527209283,0.01667786474937634,-112.61297470705803,96.96879114617856,0.0,False,False,,,,,,,,,,,
paired_gain,nuScenes,oracle,plan_fde,JC_fde,,,,,,,dE_E4_localization,0.5,,,,False,752.0,24.0,5814.220981124377,30.43871410201961,40.72769681846594,-10.288982716446327,-0.0017696236090525412,0.11077379163321802,274.78263272602356,,-109.6509258712626,82.45300681887512,-0.018859091566564068,0.014181264710535655,-109.6509258712626,82.45300681887512,0.0,False,False,,,,,,,,,,,
paired_gain,nuScenes,oracle,plan_fde,JC_fde,,,,,,,dE_E5_combined,0.1,,,,False,752.0,24.0,5814.220981124377,5.6946876940821,8.123875695172726,-2.429188001090626,-0.0004178011136791812,0.02072433631480662,274.78263272602356,,-33.1247897668561,42.006746432102815,-0.005697201718750341,0.0072248279809928005,-33.1247897668561,42.006746432102815,0.0,False,False,,,,,,,,,,,
paired_gain,nuScenes,oracle,plan_fde,JC_fde,,,,,,,dE_E5_combined,0.2,,,,False,752.0,24.0,5814.220981124377,29.150966830577133,16.247751390345453,12.90321544023168,0.002219250950750139,0.10608737001090812,274.78263272602356,,-47.251103768298606,72.59126289227308,-0.008126815943476747,0.012485122792535327,-47.251103768298606,72.59126289227308,0.0,False,False,,,,,,,,,,,
paired_gain,nuScenes,oracle,plan_fde,JC_fde,,,,,,,dE_E5_combined,0.3,,,,False,752.0,24.0,5814.220981124377,-1.8633002515735275,24.479945428120484,-26.34324567969401,-0.004530829799076479,-0.006780997157965806,274.78263272602356,,-100.78718695525109,64.59880657767474,-0.017334598613030435,0.01111048355186224,-100.78718695525109,64.59880657767474,0.0,False,False,,,,,,,,,,,
paired_gain,nuScenes,oracle,plan_fde,JC_fde,,,,,,,dE_E5_combined,0.5,,,,False,752.0,24.0,5814.220981124377,10.697864706118885,40.72769681846594,-30.02983211234705,-0.005164893493012672,0.038932099165034796,274.78263272602356,,-110.35260871379643,44.22981522988301,-0.018979775462964258,0.0076071782227530105,-110.35260871379643,44.22981522988301,0.0,False,False,,,,,,,,,,,
paired_gain,nuScenes,oracle,plan_fde,JC_fde,,,,,,,dE_E5_fp_heavy,0.1,,,,False,752.0,24.0,5814.220981124377,14.272221420593485,8.123875695172726,6.148345725420759,0.0010574668120425942,0.0519400417668457,274.78263272602356,,-23.473255428459748,29.9393070926199,-0.004037214186503176,0.005149323905956893,-23.473255428459748,29.9393070926199,0.0,False,False,,,,,,,,,,,
paired_gain,nuScenes,oracle,plan_fde,JC_fde,,,,,,,dE_E5_fp_heavy,0.2,,,,False,752.0,24.0,5814.220981124377,10.377273341398986,16.247751390345453,-5.870478048946467,-0.0010096757704952607,0.03776539018659819,274.78263272602356,,-53.982145519619685,47.55944724091328,-0.009284501861018086,0.008179848580800939,-53.982145519619685,47.55944724091328,0.0,False,False,,,,,,,,,,,
paired_gain,nuScenes,oracle,plan_fde,JC_fde,,,,,,,dE_E5_fp_heavy,0.3,,,,False,752.0,24.0,5814.220981124377,9.158422548419637,24.479945428120484,-15.321522879700847,-0.002635180693929853,0.03332969939752775,274.78263272602356,,-65.23279518524438,34.93152233186442,-0.011219524575522654,0.006007945423001315,-65.23279518524438,34.93152233186442,0.0,False,False,,,,,,,,,,,
paired_gain,nuScenes,oracle,plan_fde,JC_fde,,,,,,,dE_E5_fp_heavy,0.5,,,,False,752.0,24.0,5814.220981124377,3.2253019736372845,40.72769681846594,-37.50239484482865,-0.006450115151553164,0.011737648561119668,274.78263272602356,,-89.45828451865293,12.023913332776473,-0.015386117041143683,0.0020680179463098496,-89.45828451865293,12.023913332776473,0.0,False,False,,,,,,,,,,,
paired_gain,nuScenes,oracle,plan_fde,JC_fde,,,,,,,dE_E5_loc_heavy,0.1,,,,False,752.0,24.0,5814.220981124377,3.5601754946555566,8.123875695172726,-4.56370020051717,-0.0007849203212834582,0.012956333736729594,274.78263272602356,,-70.77168554378554,68.294817632104,-0.012172169887168518,0.011746168206165579,-70.77168554378554,68.294817632104,0.0,False,False,,,,,,,,,,,
paired_gain,nuScenes,oracle,plan_fde,JC_fde,,,,,,,dE_E5_loc_heavy,0.2,,,,False,752.0,24.0,5814.220981124377,4.959396985112734,16.247751390345453,-11.288354405232718,-0.0019415076313542062,0.01804843681681142,274.78263272602356,,-84.66250457789513,54.65961540649151,-0.014561280841018664,0.009401021320644957,-84.66250457789513,54.65961540649151,0.0,False,False,,,,,,,,,,,
paired_gain,nuScenes,oracle,plan_fde,JC_fde,,,,,,,dE_E5_loc_heavy,0.3,,,,False,752.0,24.0,5814.220981124377,2.9192915107731334,24.479945428120484,-21.560653917347352,-0.0037082618612782527,0.010624002986694796,274.78263272602356,,-88.48565522434347,47.283190818079675,-0.015218832499075699,0.008132334662129726,-88.48565522434347,47.283190818079675,0.0,False,False,,,,,,,,,,,
paired_gain,nuScenes,oracle,plan_fde,JC_fde,,,,,,,dE_E5_loc_heavy,0.5,,,,False,752.0,24.0,5814.220981124377,-0.08584141814454105,40.72769681846594,-40.813538236610476,-0.00701960561339342,-0.00031239753871246516,274.78263272602356,,-96.40352509066452,18.71367876720067,-0.016580643460858212,0.003218604663970261,-96.40352509066452,18.71367876720067,0.0,False,False,,,,,,,,,,,
paired_gain,nuScenes,oracle,plan_fde,JC_fde,,,,,,,dE_E6_risk_weighted,0.1,,,,False,752.0,24.0,5814.220981124377,-37.952960205565326,8.123875695172726,-46.076835900738054,-0.007924851162404139,-0.1381199380362839,274.78263272602356,,-155.87749861903447,60.09081747838169,-0.02680969628176916,0.010335145099139504,-155.87749861903447,60.09081747838169,0.0,False,False,,,,,,,,,,,
paired_gain,nuScenes,oracle,plan_fde,JC_fde,,,,,,,dE_E6_risk_weighted,0.2,,,,False,752.0,24.0,5814.220981124377,-9.788429376205917,16.247751390345453,-26.036180766551368,-0.004478017063864055,-0.035622445563965564,274.78263272602356,,-147.33619740530017,84.98356775024328,-0.025340660061532044,0.01461650116604423,-147.33619740530017,84.98356775024328,0.0,False,False,,,,,,,,,,,
paired_gain,nuScenes,oracle,plan_fde,JC_fde,,,,,,,dE_E6_risk_weighted,0.3,,,,False,752.0,24.0,5814.220981124377,22.04599590919729,24.479945428120484,-2.4339495189231926,-0.00041862005706781816,0.08023067429875964,274.78263272602356,,-125.71952499342427,99.90788012807845,-0.021622763462477157,0.017183364796836093,-125.71952499342427,99.90788012807845,0.0,False,False,,,,,,,,,,,
paired_gain,nuScenes,oracle,plan_fde,JC_fde,,,,,,,dE_E6_risk_weighted,0.5,,,,False,752.0,24.0,5814.220981124377,37.0849388331715,40.72769681846594,-3.6427579852944376,-0.0006265255478112196,0.1349609997737653,274.78263272602356,,-89.87278861486142,68.87512844064865,-0.015457408465661975,0.011845977073153711,-89.87278861486142,68.87512844064865,0.0,False,False,,,,,,,,,,,
paired_gain,nuScenes,oracle,plan_fde,JC_fde,,,,,,,gate_ridge,0.1,,,,False,752.0,24.0,5814.220981124377,9.729714482696625,8.123875695172726,1.6058387875238989,0.00027619156422454297,0.03540876796386835,274.78263272602356,,-36.39177385451266,62.83229178010088,-0.006259097129719874,0.01080665698536111,-36.39177385451266,62.83229178010088,0.0,False,False,,,,,,,,,,,
paired_gain,nuScenes,oracle,plan_fde,JC_fde,,,,,,,gate_ridge,0.2,,,,False,752.0,24.0,5814.220981124377,8.237805123619214,16.247751390345453,-8.009946266726239,-0.0013776473740386185,0.029979351467357293,274.78263272602356,,-118.14540930343742,51.39575608104321,-0.020320075498848685,0.00883966334404856,-118.14540930343742,51.39575608104321,0.0,False,False,,,,,,,,,,,
paired_gain,nuScenes,oracle,plan_fde,JC_fde,,,,,,,gate_ridge,0.3,,,,False,752.0,24.0,5814.220981124377,-10.055263609817748,24.479945428120484,-34.53520903793823,-0.005939782672529188,-0.03659351943047838,274.78263272602356,,-138.46172953839903,45.43036834330363,-0.023814321813345102,0.00781366385811468,-138.46172953839903,45.43036834330363,0.0,False,False,,,,,,,,,,,
paired_gain,nuScenes,oracle,plan_fde,JC_fde,,,,,,,gate_ridge,0.5,,,,False,752.0,24.0,5814.220981124377,18.402844416700972,40.72769681846594,-22.324852401764964,-0.003839697953387333,0.0669723709760428,274.78263272602356,,-132.69193913607847,55.947789396477766,-0.022821963521313902,0.00962257705341952,-132.69193913607847,55.947789396477766,0.0,False,False,,,,,,,,,,,
paired_gain,nuScenes,oracle,plan_fde,JC_fde,,,,,,,gate_gbm,0.1,,,,False,752.0,24.0,5814.220981124377,-3.6500588904826987,8.123875695172726,-11.773934585655425,-0.0020250235799222295,-0.01328344100306386,274.78263272602356,,-85.00576298275465,43.366356122227394,-0.014620318570402168,0.007458670088910352,-85.00576298275465,43.366356122227394,0.0,False,False,,,,,,,,,,,
paired_gain,nuScenes,oracle,plan_fde,JC_fde,,,,,,,gate_gbm,0.2,,,,False,752.0,24.0,5814.220981124377,34.26436872963865,16.247751390345453,18.016617339293195,0.0030987156143158956,0.12469626769972209,274.78263272602356,,-54.90043457538977,83.45356617924011,-0.009442440312059295,0.014353353002950625,-54.90043457538977,83.45356617924011,0.0,False,False,,,,,,,,,,,
paired_gain,nuScenes,oracle,plan_fde,JC_fde,,,,,,,gate_gbm,0.3,,,,False,752.0,24.0,5814.220981124377,30.832801437027147,24.479945428120484,6.352856008906663,0.0010926409624833562,0.11220797010038654,274.78263272602356,,-60.2349631081937,77.75253089776368,-0.010359937006822403,0.013372820047635613,-60.2349631081937,77.75253089776368,0.0,False,False,,,,,,,,,,,
paired_gain,nuScenes,oracle,plan_fde,JC_fde,,,,,,,gate_gbm,0.5,,,,False,752.0,24.0,5814.220981124377,33.726796802382026,40.72769681846594,-7.000900016083911,-0.0012040994036539095,0.12273991433807198,274.78263272602356,,-63.63141135005023,40.833628551830316,-0.010944099227846157,0.007023060988633725,-63.63141135005023,40.833628551830316,0.0,False,False,,,,,,,,,,,
paired_gain,nuScenes,oracle,plan_fde,JC_fde,,,,,,,R1_mlp_reg,0.1,,,,False,752.0,24.0,5814.220981124377,19.971157205329977,8.123875695172726,11.84728151015725,0.0020376386705319507,0.07267983790388434,274.78263272602356,,-16.40356620667974,32.06348949454249,-0.0028212835838082565,0.005514666470131639,-16.40356620667974,32.06348949454249,0.0,False,False,,,,,,,,,,,
paired_gain,nuScenes,oracle,plan_fde,JC_fde,,,,,,,R1_mlp_reg,0.2,,,,False,752.0,24.0,5814.220981124377,10.102855304833756,16.247751390345453,-6.1448960855116965,-0.0010568735012757241,0.036766717039598974,274.78263272602356,,-44.71892829675718,28.842920342418974,-0.007691301799834455,0.004960754060785838,-44.71892829675718,28.842920342418974,0.0,False,False,,,,,,,,,,,
paired_gain,nuScenes,oracle,plan_fde,JC_fde,,,,,,,R1_mlp_reg,0.3,,,,False,752.0,24.0,5814.220981124377,31.527591151693894,24.479945428120484,7.04764572357341,0.001212139295436705,0.11473647675225888,274.78263272602356,,-43.61125051229182,41.52595837213628,-0.00750078998611747,0.007142136239222511,-43.61125051229182,41.52595837213628,0.0,False,False,,,,,,,,,,,
paired_gain,nuScenes,oracle,plan_fde,JC_fde,,,,,,,R1_mlp_reg,0.5,,,,False,752.0,24.0,5814.220981124377,36.8690702843259,40.72769681846594,-3.8586265341400363,-0.0006636532300142882,0.13417540227546623,274.78263272602356,,-74.0979404573089,49.97685487392611,-0.012744259411168706,0.008595623564390458,-74.0979404573089,49.97685487392611,0.0,False,False,,,,,,,,,,,
paired_gain,nuScenes,oracle,plan_fde,JC_fde,,,,,,,R1_mlp_clf,0.1,,,,False,752.0,24.0,5814.220981124377,-11.634636933274889,8.123875695172726,-19.758512628447615,-0.0033983078201865378,-0.042341238301168004,274.78263272602356,,-52.80248117648212,10.33448932146831,-0.009081608928849306,0.001777450385016117,-52.80248117648212,10.33448932146831,0.0,False,False,,,,,,,,,,,
paired_gain,nuScenes,oracle,plan_fde,JC_fde,,,,,,,R1_mlp_clf,0.2,,,,False,752.0,24.0,5814.220981124377,-13.011510841047064,16.247751390345453,-29.25926223139252,-0.0050323615711170035,-0.04735201316023637,274.78263272602356,,-68.38323681198113,13.189412981814199,-0.011761375605430963,0.0022684746631806856,-68.38323681198113,13.189412981814199,0.0,False,False,,,,,,,,,,,
paired_gain,nuScenes,oracle,plan_fde,JC_fde,,,,,,,R1_mlp_clf,0.3,,,,False,752.0,24.0,5814.220981124377,-22.819212214676718,24.479945428120484,-47.2991576427972,-0.008135080829633396,-0.08304459415173075,274.78263272602356,,-97.0720636855585,17.64740571841772,-0.01669562680893947,0.0030352141371491168,-97.0720636855585,17.64740571841772,0.0,False,False,,,,,,,,,,,
paired_gain,nuScenes,oracle,plan_fde,JC_fde,,,,,,,R1_mlp_clf,0.5,,,,False,752.0,24.0,5814.220981124377,-4.595658101335097,40.72769681846594,-45.323354919801034,-0.0077952583960845985,-0.016724703653004415,274.78263272602356,,-108.09027382810562,30.929714507506013,-0.01859067176480153,0.005319666144083278,-108.09027382810562,30.929714507506013,0.0,False,False,,,,,,,,,,,
paired_gain,nuScenes,oracle,plan_fde,JC_fde,,,,,,,R1_gbm_reg,0.1,,,,False,752.0,24.0,5814.220981124377,-1.095919113410908,8.123875695172726,-9.219794808583634,-0.0015857317495353734,-0.0039883128803981285,274.78263272602356,,-33.84046793205506,21.076162590215795,-0.005820292699901967,0.0036249331868600564,-33.84046793205506,21.076162590215795,0.0,False,False,,,,,,,,,,,
paired_gain,nuScenes,oracle,plan_fde,JC_fde,,,,,,,R1_gbm_reg,0.2,,,,False,752.0,24.0,5814.220981124377,-25.57926288155214,16.247751390345453,-41.827014271897596,-0.007193915471683521,-0.09308908145973095,274.78263272602356,,-114.45485735557735,5.9328728057334805,-0.019685329767676563,0.0010204071749240872,-114.45485735557735,5.9328728057334805,0.0,False,False,,,,,,,,,,,
paired_gain,nuScenes,oracle,plan_fde,JC_fde,,,,,,,R1_gbm_reg,0.3,,,,False,752.0,24.0,5814.220981124377,-23.226823690278106,24.479945428120484,-47.70676911839859,-0.008205186777949548,-0.08452799021485752,274.78263272602356,,-122.28120028503008,21.048405451368556,-0.02103139882058333,0.0036201591786244993,-122.28120028503008,21.048405451368556,0.0,False,False,,,,,,,,,,,
paired_gain,nuScenes,oracle,plan_fde,JC_fde,,,,,,,R1_gbm_reg,0.5,,,,False,752.0,24.0,5814.220981124377,-6.316887604968663,40.72769681846594,-47.0445844234346,-0.00809129625037694,-0.022988671235518066,274.78263272602356,,-113.68504803318613,30.351978143101203,-0.01955292865583538,0.005220300061115258,-113.68504803318613,30.351978143101203,0.0,False,False,,,,,,,,,,,
paired_gain,nuScenes,oracle,plan_fde,JC_fde,,,,,,,R1_gbm_clf,0.1,,,,False,752.0,24.0,5814.220981124377,-4.793185303643676,8.123875695172726,-12.917060998816403,-0.002221632277264847,-0.017443552585882666,274.78263272602356,,-32.393825446775196,39.68742249068179,-0.005571481639920529,0.0068259226162069395,-32.393825446775196,39.68742249068179,0.0,False,False,,,,,,,,,,,
paired_gain,nuScenes,oracle,plan_fde,JC_fde,,,,,,,R1_gbm_clf,0.2,,,,False,752.0,24.0,5814.220981124377,17.849729233975683,16.247751390345453,1.6019778436302303,0.00027552751242702737,0.06495945197443771,274.78263272602356,,-83.34910990527703,62.857173274805994,-0.014335387350406252,0.010810936405559602,-83.34910990527703,62.857173274805994,0.0,False,False,,,,,,,,,,,
paired_gain,nuScenes,oracle,plan_fde,JC_fde,,,,,,,R1_gbm_clf,0.3,,,,False,752.0,24.0,5814.220981124377,12.802509955768777,24.479945428120484,-11.677435472351707,-0.0020084264960451292,0.046591408739189585,274.78263272602356,,-84.4470573843206,74.21772375295131,-0.014524225628587975,0.012764861190157033,-84.4470573843206,74.21772375295131,0.0,False,False,,,,,,,,,,,
paired_gain,nuScenes,oracle,plan_fde,JC_fde,,,,,,,R1_gbm_clf,0.5,,,,False,752.0,24.0,5814.220981124377,35.24850387633958,40.72769681846594,-5.479192942126353,-0.0009423778284166222,0.1282777718760875,274.78263272602356,,-84.28222257311174,68.73942777642823,-0.014495875345421237,0.011822637632726358,-84.28222257311174,68.73942777642823,0.0,False,False,,,,,,,,,,,
paired_gain,nuScenes,oracle,plan_fde,JC_fde,,,,,,,R2_cnn_clf,0.1,,,,False,752.0,24.0,5814.220981124377,-13.499896064973662,8.123875695172726,-21.62377176014639,-0.0037191176307792653,-0.04912936429440921,274.78263272602356,,-42.02041832166032,39.26739220650567,-0.007227179437809095,0.006753680731087724,-42.02041832166032,39.26739220650567,0.0,False,False,,,,,,,,,,,
paired_gain,nuScenes,oracle,plan_fde,JC_fde,,,,,,,R2_cnn_clf,0.2,,,,False,752.0,24.0,5814.220981124377,7.980805131736931,16.247751390345453,-8.266946258608522,-0.0014218493389650674,0.029044066768565833,274.78263272602356,,-55.02510723259114,66.6708366462312,-0.009463883022545552,0.011466856327386806,-55.02510723259114,66.6708366462312,0.0,False,False,,,,,,,,,,,
paired_gain,nuScenes,oracle,plan_fde,JC_fde,,,,,,,R2_cnn_clf,0.3,,,,False,752.0,24.0,5814.220981124377,32.07970885570723,24.479945428120484,7.599763427586748,0.0013070991715414771,0.11674576568924872,274.78263272602356,,-47.40744158248262,69.8592387035955,-0.00815370481039315,0.012015236250976797,-47.40744158248262,69.8592387035955,0.0,False,False,,,,,,,,,,,
paired_gain,nuScenes,oracle,plan_fde,JC_fde,,,,,,,R2_cnn_clf,0.5,,,,False,752.0,24.0,5814.220981124377,40.73240482434807,40.72769681846594,0.00470800588213649,8.097397566107019e-07,0.1482350045934707,274.78263272602356,,-64.23992674868225,63.96989649245183,-0.011048759061142405,0.011002315993858402,-64.23992674868225,63.96989649245183,0.0,False,False,,,,,,,,,,,
paired_gain,nuScenes,oracle,plan_fde,JC_fde,,,,,,,trivial_ego_speed,0.1,,,,True,752.0,24.0,5814.220981124377,-3.999986763388706,8.123875695172726,-12.123862458561433,-0.0020852084050332863,-0.014556912581068967,274.78263272602356,,-29.855773439789694,16.080700479773853,-0.005134956778683713,0.0027657532336626293,-29.855773439789694,16.080700479773853,0.0,False,False,,,,,,,,,,,
paired_gain,nuScenes,oracle,plan_fde,JC_fde,,,,,,,trivial_ego_speed,0.2,,,,True,752.0,24.0,5814.220981124377,6.587119288061954,16.247751390345453,-9.660632102283499,-0.0016615522756438623,0.02397210923672075,274.78263272602356,,-55.7598918590719,20.92572814941763,-0.009590260163845515,0.0035990596534517904,-55.7598918590719,20.92572814941763,0.0,False,False,,,,,,,,,,,
paired_gain,nuScenes,oracle,plan_fde,JC_fde,,,,,,,trivial_ego_speed,0.3,,,,True,752.0,24.0,5814.220981124377,-12.490405444474673,24.479945428120484,-36.970350872595155,-0.006358607798468244,-0.04545558545881039,274.78263272602356,,-136.4811210338262,9.186022724662193,-0.02347367282339395,0.0015799232183441646,-136.4811210338262,9.186022724662193,0.0,False,False,,,,,,,,,,,
paired_gain,nuScenes,oracle,plan_fde,JC_fde,,,,,,,trivial_ego_speed,0.5,,,,True,752.0,24.0,5814.220981124377,-19.670570513657843,40.72769681846594,-60.39826733212378,-0.010388024041088944,-0.07158593073555235,274.78263272602356,,-146.06588137644394,9.044651141299,-0.02512217575675927,0.00155560842469904,-146.06588137644394,9.044651141299,0.0,False,False,,,,,,,,,,,
paired_gain,nuScenes,oracle,plan_fde,JC_fde,,,,,,,trivial_n_det,0.1,,,,True,752.0,24.0,5814.220981124377,-1.6758267295979958,8.123875695172726,-9.799702424770722,-0.0016854712706285229,-0.006098735982593579,274.78263272602356,,-35.771350218108225,11.96988861148537,-0.006152389173758342,0.002058726121753044,-35.771350218108225,11.96988861148537,0.0,False,False,,,,,,,,,,,
paired_gain,nuScenes,oracle,plan_fde,JC_fde,,,,,,,trivial_n_det,0.2,,,,True,752.0,24.0,5814.220981124377,1.302807240103597,16.247751390345453,-14.944944150241856,-0.0025704121323836824,0.004741228465492512,274.78263272602356,,-78.97395640959166,35.381602621020065,-0.013582895570357108,0.0060853556711870675,-78.97395640959166,35.381602621020065,0.0,False,False,,,,,,,,,,,
paired_gain,nuScenes,oracle,plan_fde,JC_fde,,,,,,,trivial_n_det,0.3,,,,True,752.0,24.0,5814.220981124377,-0.7814981238588551,24.479945428120484,-25.26144355197934,-0.004344768393562878,-0.002844059379247816,274.78263272602356,,-121.20732636750417,62.18369624368363,-0.020846701004485144,0.010695103685525604,-121.20732636750417,62.18369624368363,0.0,False,False,,,,,,,,,,,
paired_gain,nuScenes,oracle,plan_fde,JC_fde,,,,,,,trivial_n_det,0.5,,,,True,752.0,24.0,5814.220981124377,45.426664361089,40.72769681846594,4.698967542623066,0.0008081852337360526,0.16531854255280531,274.78263272602356,,-98.96873283778409,82.06276726377637,-0.017021838894510873,0.01411414659507949,-98.96873283778409,82.06276726377637,0.0,False,False,,,,,,,,,,,
paired_gain,nuScenes,oracle,plan_fde,JC_fde,,,,,,,trivial_risk_cheap,0.1,,,,True,752.0,24.0,5814.220981124377,-21.31748315450096,8.123875695172726,-29.441358849673684,-0.005063680748505055,-0.07757944140434776,274.78263272602356,,-113.13146250857312,32.022407793252306,-0.019457716326202537,0.005507600742595044,-113.13146250857312,32.022407793252306,0.0,False,False,,,,,,,,,,,
paired_gain,nuScenes,oracle,plan_fde,JC_fde,,,,,,,trivial_risk_cheap,0.2,,,,True,752.0,24.0,5814.220981124377,-38.95649158868481,16.247751390345453,-55.20424297903027,-0.009494692953406571,-0.14177202977572098,274.78263272602356,,-166.28161716612604,25.455250002358156,-0.028599122342606562,0.004378101569410166,-166.28161716612604,25.455250002358156,0.0,False,False,,,,,,,,,,,
paired_gain,nuScenes,oracle,plan_fde,JC_fde,,,,,,,trivial_risk_cheap,0.3,,,,True,752.0,24.0,5814.220981124377,-24.40652333736022,24.479945428120484,-48.8864687654807,-0.008408085782117424,-0.08882120058036978,274.78263272602356,,-170.0691512132197,35.87448130960335,-0.029250548227413787,0.006170126905404582,-170.0691512132197,35.87448130960335,0.0,False,False,,,,,,,,,,,
paired_gain,nuScenes,oracle,plan_fde,JC_fde,,,,,,,trivial_risk_cheap,0.5,,,,True,752.0,24.0,5814.220981124377,-1.0788057961506299,40.72769681846594,-41.80650261461657,-0.0071903876289428304,-0.003926033408473346,274.78263272602356,,-138.75730937453292,36.62323292698133,-0.02386515920619506,0.006298906258616091,-138.75730937453292,36.62323292698133,0.0,False,False,,,,,,,,,,,
paired_gain,nuScenes,oracle,plan_fde,JC_fde,,,,,,,trivial_area_max,0.1,,,,True,752.0,24.0,5814.220981124377,7.785729908517977,8.123875695172726,-0.33814578665474926,-5.815839950915613e-05,0.02833414117653085,274.78263272602356,,-30.413858864305904,38.497333918900466,-0.005230943055491563,0.0066212367991998295,-30.413858864305904,38.497333918900466,0.0,False,False,,,,,,,,,,,
paired_gain,nuScenes,oracle,plan_fde,JC_fde,,,,,,,trivial_area_max,0.2,,,,True,752.0,24.0,5814.220981124377,-21.090149645167415,16.247751390345453,-37.33790103551287,-0.006421823518013641,-0.07675212016108633,274.78263272602356,,-101.50117551973986,35.60201705556778,-0.017457398996229955,0.006123265209758663,-101.50117551973986,35.60201705556778,0.0,False,False,,,,,,,,,,,
paired_gain,nuScenes,oracle,plan_fde,JC_fde,,,,,,,trivial_area_max,0.3,,,,True,752.0,24.0,5814.220981124377,-14.060386431520941,24.479945428120484,-38.54033185964143,-0.0066286321047584855,-0.0511691233613737,274.78263272602356,,-156.944240339269,47.007364792881724,-0.02699316741637131,0.008084894768446047,-156.944240339269,47.007364792881724,0.0,False,False,,,,,,,,,,,
paired_gain,nuScenes,oracle,plan_fde,JC_fde,,,,,,,trivial_area_max,0.5,,,,True,752.0,24.0,5814.220981124377,37.67783808653939,40.72769681846594,-3.049858731926548,-0.0005245515679276356,0.13711870256409794,274.78263272602356,,-118.59342313931442,59.09823035745003,-0.020397130333422647,0.010164427968821606,-118.59342313931442,59.09823035745003,0.0,False,False,,,,,,,,,,,
paired_gain,nuScenes,oracle,plan_fde,JC_fde,,,,,,,oracle,0.1,,,,False,752.0,24.0,5814.220981124377,274.78263272602356,8.123875695172726,266.65875703085084,0.04586319610082713,1.0,274.78263272602356,,163.20647886032813,381.99316165618853,0.0280702228880139,0.06569980103892047,163.20647886032813,381.99316165618853,0.0,True,True,,,,,,,,,,,
paired_gain,nuScenes,oracle,plan_fde,JC_fde,,,,,,,oracle,0.2,,,,False,752.0,24.0,5814.220981124377,274.78263272602356,16.247751390345453,258.5348813356781,0.044465953766635403,1.0,274.78263272602356,,162.2093331991339,379.3526305181162,0.027898721724843218,0.06524565057806858,162.2093331991339,379.3526305181162,0.0,True,True,,,,,,,,,,,
paired_gain,nuScenes,oracle,plan_fde,JC_fde,,,,,,,oracle,0.3,,,,False,752.0,24.0,5814.220981124377,274.78263272602356,24.479945428120484,250.30268729790308,0.04305008153465446,1.0,274.78263272602356,,157.62648320623825,362.32205575363815,0.027110507790805673,0.06231652648392646,157.62648320623825,362.32205575363815,0.0,True,True,,,,,,,,,,,
paired_gain,nuScenes,oracle,plan_fde,JC_fde,,,,,,,oracle,0.5,,,,False,752.0,24.0,5814.220981124377,274.78263272602356,40.72769681846594,234.05493590755762,0.040255596866271004,1.0,274.78263272602356,,146.4739936136052,340.57629132403133,0.02519236783210112,0.05857642707934526,146.4739936136052,340.57629132403133,0.0,True,True,,,,,,,,,,,
paired_gain,nuScenes,mono,brake,J,,,,,,,uncertainty,0.1,,,,False,955.0,24.0,332.31933917287085,2.9367853874744396,5.5644537916439685,-2.627668404169529,-0.007907058345474829,0.03450423911912914,85.11375594560747,,-13.007263136595043,4.96915427743783,-0.03914085520562717,0.014952949442562837,-13.009407021667185,4.969396745736897,1.0,False,False,,,,,,,,,,,
paired_gain,nuScenes,mono,brake,J,,,,,,,uncertainty,0.2,,,,False,955.0,24.0,332.31933917287085,7.402266059817327,11.070944522958314,-3.668678463140987,-0.011039617713107448,0.08696909186510106,85.11375594560747,,-20.35114585205469,13.326386836652908,-0.06123972773509918,0.040101147498131574,-20.355215308585123,13.329242918239933,1.0,False,False,,,,,,,,,,,
paired_gain,nuScenes,mono,brake,J,,,,,,,uncertainty,0.3,,,,False,955.0,24.0,332.31933917287085,25.75852122136154,16.577435254272658,9.181085967088883,0.02762729966284908,0.30263640624463456,85.11375594560747,,-25.610329518086274,26.21635371079011,-0.0770654202124659,0.07888904021066463,-25.610697304800787,26.219004717767884,1.0,False,False,,,,,,,,,,,
paired_gain,nuScenes,mono,brake,J,,,,,,,uncertainty,0.5,,,,False,955.0,24.0,332.31933917287085,24.580772339705227,27.706342837560594,-3.1255704978553673,-0.009405322319293195,0.2887990556475235,85.11375594560747,,-45.14871272807113,25.34864693547832,-0.1358594201602724,0.07627797707641709,-45.15087421557221,25.350811331884916,1.0,False,False,,,,,,,,,,,
paired_gain,nuScenes,mono,brake,J,,,,,,,criticality_cheap,0.1,,,,False,955.0,24.0,332.31933917287085,15.815512511420753,5.5644537916439685,10.251058719776784,0.030847012230137576,0.1858161743153218,85.11375594560747,,-2.366529358067463,27.504396235971335,-0.007121250794364412,0.08276495826101678,-2.3710009571918946,27.506724947991685,1.0,False,False,,,,,,,,,,,
paired_gain,nuScenes,mono,brake,J,,,,,,,criticality_cheap,0.2,,,,False,955.0,24.0,332.31933917287085,34.104842666906634,11.070944522958314,23.03389814394832,0.06931254197025892,0.40069718799275605,85.11375594560747,,-4.590559418742114,45.6410544186423,-0.013813699287461954,0.13734095202596697,-4.598984685885469,45.656578983649695,1.0,False,False,,,,,,,,,,,
paired_gain,nuScenes,mono,brake,J,,,,,,,criticality_cheap,0.3,,,,False,955.0,24.0,332.31933917287085,47.60287042637931,16.577435254272658,31.025435172106654,0.09336030593142032,0.5592852753061474,85.11375594560747,,4.112022856010802,46.10932470816324,0.012373709174571236,0.13875004934388546,4.257006713026118,46.11338613544954,1.0,True,True,,,,,,,,,,,
paired_gain,nuScenes,mono,brake,J,,,,,,,criticality_cheap,0.5,,,,False,955.0,24.0,332.31933917287085,39.76016856366338,27.706342837560594,12.053825726102783,0.03627181540533951,0.46714151105107365,85.11375594560747,,-3.308445450036284,30.398518173971393,-0.009955621175315493,0.09147381626850863,-2.9428230140041602,30.40777543713279,1.0,False,False,,,,,,,,,,,
paired_gain,nuScenes,mono,brake,J,,,,,,,criticality_gt,0.1,,,,False,955.0,24.0,332.31933917287085,7.818488046637302,5.5644537916439685,2.254034254993334,0.006782735728241192,0.0918592765619903,85.11375594560747,,-10.976131640586354,33.97695840914384,-0.03302886816008209,0.1022418932756399,-10.979342102699293,33.985941943027804,1.0,False,False,,,,,,,,,,,
paired_gain,nuScenes,mono,brake,J,,,,,,,criticality_gt,0.2,,,,False,955.0,24.0,332.31933917287085,26.95384055131158,11.070944522958314,15.882896028353265,0.047794076829489184,0.3166801917252555,85.11375594560747,,-7.347840352903391,45.52648071481461,-0.022110781669197655,0.13699618213050177,-7.349717085907462,45.527518563085245,1.0,False,False,,,,,,,,,,,
paired_gain,nuScenes,mono,brake,J,,,,,,,criticality_gt,0.3,,,,False,955.0,24.0,332.31933917287085,42.43421179398386,16.577435254272658,25.856776539711205,0.0778070172023923,0.498558797253663,85.11375594560747,,-2.719835115556184,68.69035781071636,-0.008184402154643607,0.20669985075705746,-2.725050503924124,68.70260598545232,1.0,False,False,,,,,,,,,,,
paired_gain,nuScenes,mono,brake,J,,,,,,,criticality_gt,0.5,,,,False,955.0,24.0,332.31933917287085,51.44842105245196,27.706342837560594,23.742078214891368,0.07144356471695094,0.6044665809993208,85.11375594560747,,-0.34402889683444376,64.522445968859,-0.0010352358598531084,0.19415796302873228,-0.17418419023838488,64.5256043847774,1.0,False,False,,,,,,,,,,,
paired_gain,nuScenes,mono,brake,J,,,,,,,PKL,0.1,,,,False,955.0,24.0,332.31933917287085,-0.5252128359398648,5.5644537916439685,-6.089666627583833,-0.018324743431245266,-0.006170716238577295,85.11375594560747,,-23.74245005234295,9.449778524166822,-0.07144468363302879,0.028435836890163935,-23.74480768013917,9.452303784038957,1.0,False,False,,,,,,,,,,,
paired_gain,nuScenes,mono,brake,J,,,,,,,PKL,0.2,,,,False,955.0,24.0,332.31933917287085,17.771215187938783,11.070944522958314,6.700270664980469,0.020162144886473252,0.20879369016796298,85.11375594560747,,-20.977076728488107,28.65984083720154,-0.06312325000615128,0.08624186876555154,-20.97758445570828,28.66432845370968,1.0,False,False,,,,,,,,,,,
paired_gain,nuScenes,mono,brake,J,,,,,,,PKL,0.3,,,,False,955.0,24.0,332.31933917287085,23.044180719738456,16.577435254272658,6.466745465465799,0.019459431646564,0.27074566812049744,85.11375594560747,,-9.835821864949514,22.821694561944742,-0.029597500673389846,0.06867398875655868,-9.837207011949394,22.82499123448957,1.0,False,False,,,,,,,,,,,
paired_gain,nuScenes,mono,brake,J,,,,,,,PKL,0.5,,,,False,955.0,24.0,332.31933917287085,26.093759332858752,27.706342837560594,-1.612583504701842,-0.004852511769900289,0.306575112835276,85.11375594560747,,-13.111449195533146,11.31255935819898,-0.039454367080071245,0.03404123090264766,-13.114187588762201,11.315031910094968,1.0,False,False,,,,,,,,,,,
paired_gain,nuScenes,mono,brake,J,,,,,,,TIP,0.1,,,,False,955.0,24.0,332.31933917287085,-2.9727790747881913,5.5644537916439685,-8.53723286643216,-0.025689846662794228,-0.0349271283091768,85.11375594560747,,-26.488367555281158,6.819009915677787,-0.07970757170259671,0.020519449553101612,-26.508557427926178,6.82000434305563,1.0,False,False,,,,,,,,,,,
paired_gain,nuScenes,mono,brake,J,,,,,,,TIP,0.2,,,,False,955.0,24.0,332.31933917287085,8.949810597805701,11.070944522958314,-2.1211339251526127,-0.006382818196593757,0.1051511650305403,85.11375594560747,,-23.88427419390331,24.03250093386019,-0.07187145428656148,0.07231749134334492,-23.88698426952525,24.03440933883602,1.0,False,False,,,,,,,,,,,
paired_gain,nuScenes,mono,brake,J,,,,,,,TIP,0.3,,,,False,955.0,24.0,332.31933917287085,14.976228784373001,16.577435254272658,-1.6012064698996564,-0.004818276522470806,0.17595544478079037,85.11375594560747,,-17.759008192360756,14.274636429315244,-0.05343958686413555,0.04295457635671829,-17.759195146566913,14.281968823747265,1.0,False,False,,,,,,,,,,,
paired_gain,nuScenes,mono,brake,J,,,,,,,TIP,0.5,,,,False,955.0,24.0,332.31933917287085,19.033537110136162,27.706342837560594,-8.672805727424432,-0.02609780625169359,0.22362468790943354,85.11375594560747,,-20.717915391628075,4.207026620616356,-0.062343393686308216,0.012659590113194952,-20.72438529569818,4.208137542290704,1.0,False,False,,,,,,,,,,,
paired_gain,nuScenes,mono,brake,J,,,,,,,dE_exact,0.1,,,,False,955.0,24.0,332.31933917287085,6.214096775100253,5.5644537916439685,0.6496429834562845,0.0019548756478428822,0.07300931213835064,85.11375594560747,,-8.00523493793752,10.544225192446133,-0.02408898307833128,0.03172919523338688,-8.005368975519392,10.551699150477358,1.0,False,False,,,,,,,,,,,
paired_gain,nuScenes,mono,brake,J,,,,,,,dE_exact,0.2,,,,False,955.0,24.0,332.31933917287085,17.273164042770354,11.070944522958314,6.20221951981204,0.01866343239382068,0.2029420961496387,85.11375594560747,,-10.465149078125187,19.802126996491356,-0.03149124304403262,0.05958764556338501,-10.46555622493689,19.806281698813784,1.0,False,False,,,,,,,,,,,
paired_gain,nuScenes,mono,brake,J,,,,,,,dE_exact,0.3,,,,False,955.0,24.0,332.31933917287085,26.193273836905664,16.577435254272658,9.615838582633007,0.028935537144983595,0.30774430696777916,85.11375594560747,,-5.7205876737034895,26.204329504428628,-0.017214128097214555,0.0788528575244827,-5.727909656630026,26.208056896427504,1.0,False,False,,,,,,,,,,,
paired_gain,nuScenes,mono,brake,J,,,,,,,dE_exact,0.5,,,,False,955.0,24.0,332.31933917287085,37.175511599361066,27.706342837560594,9.469168761800471,0.028494185097288776,0.43677442249309656,85.11375594560747,,-3.6984885232590696,22.781925813996615,-0.011129320768584985,0.06855431847782284,-3.6990853837510835,22.78303422934488,1.0,False,False,,,,,,,,,,,
paired_gain,nuScenes,mono,brake,J,,,,,,,dE_E1_fn_only,0.1,,,,False,955.0,24.0,332.31933917287085,6.214096775100253,5.5644537916439685,0.6496429834562845,0.0019548756478428822,0.07300931213835064,85.11375594560747,,-8.00523493793752,10.544225192446133,-0.02408898307833128,0.03172919523338688,-8.005368975519392,10.551699150477358,1.0,False,False,,,,,,,,,,,
paired_gain,nuScenes,mono,brake,J,,,,,,,dE_E1_fn_only,0.2,,,,False,955.0,24.0,332.31933917287085,17.273164042770354,11.070944522958314,6.20221951981204,0.01866343239382068,0.2029420961496387,85.11375594560747,,-10.465149078125187,19.802126996491356,-0.03149124304403262,0.05958764556338501,-10.46555622493689,19.806281698813784,1.0,False,False,,,,,,,,,,,
paired_gain,nuScenes,mono,brake,J,,,,,,,dE_E1_fn_only,0.3,,,,False,955.0,24.0,332.31933917287085,26.193273836905664,16.577435254272658,9.615838582633007,0.028935537144983595,0.30774430696777916,85.11375594560747,,-5.7205876737034895,26.204329504428628,-0.017214128097214555,0.0788528575244827,-5.727909656630026,26.208056896427504,1.0,False,False,,,,,,,,,,,
paired_gain,nuScenes,mono,brake,J,,,,,,,dE_E1_fn_only,0.5,,,,False,955.0,24.0,332.31933917287085,37.175511599361066,27.706342837560594,9.469168761800471,0.028494185097288776,0.43677442249309656,85.11375594560747,,-3.6984885232590696,22.781925813996615,-0.011129320768584985,0.06855431847782284,-3.6990853837510835,22.78303422934488,1.0,False,False,,,,,,,,,,,
paired_gain,nuScenes,mono,brake,J,,,,,,,dE_E2_fn_fp,0.1,,,,False,955.0,24.0,332.31933917287085,8.315804929071449,5.5644537916439685,2.7513511374274806,0.008279238711401751,0.09770224374055025,85.11375594560747,,-7.420140310849262,12.491620030761673,-0.022328343361893068,0.03758920579781123,-7.4202034529132,12.49185465210937,1.0,False,False,,,,,,,,,,,
paired_gain,nuScenes,mono,brake,J,,,,,,,dE_E2_fn_fp,0.2,,,,False,955.0,24.0,332.31933917287085,10.47291956774952,11.070944522958314,-0.5980249552087944,-0.0017995490623484444,0.12304614514300498,85.11375594560747,,-17.87135558904083,13.09755788678287,-0.053777657459002835,0.03941256599565392,-17.880422336937112,13.09999836035829,1.0,False,False,,,,,,,,,,,
paired_gain,nuScenes,mono,brake,J,,,,,,,dE_E2_fn_fp,0.3,,,,False,955.0,24.0,332.31933917287085,12.304827754162295,16.577435254272658,-4.272607500110363,-0.012856933065480651,0.14456920174014856,85.11375594560747,,-26.262719158728842,14.862017330451385,-0.0790285609741993,0.044722095823379805,-26.26436159982921,14.869768869769745,1.0,False,False,,,,,,,,,,,
paired_gain,nuScenes,mono,brake,J,,,,,,,dE_E2_fn_fp,0.5,,,,False,955.0,24.0,332.31933917287085,29.92161908827527,27.706342837560594,2.215276250714677,0.006666106932652214,0.35154856880475216,85.11375594560747,,-13.470910443656749,16.12519140194651,-0.040536041258342925,0.048523180871993324,-13.479760554788436,16.12627771245927,1.0,False,False,,,,,,,,,,,
paired_gain,nuScenes,mono,brake,J,,,,,,,dE_E3_class_aware,0.1,,,,False,955.0,24.0,332.31933917287085,15.201207964333427,5.5644537916439685,9.636754172689459,0.028998475372137365,0.17859872115205283,85.11375594560747,,-3.210836382287466,25.20342750986926,-0.009661900478855987,0.07584098949101052,-3.217186383992081,25.20720998252924,1.0,False,False,,,,,,,,,,,
paired_gain,nuScenes,mono,brake,J,,,,,,,dE_E3_class_aware,0.2,,,,False,955.0,24.0,332.31933917287085,27.803531757654845,11.070944522958314,16.73258723469653,0.05035092834603984,0.32666319854833903,85.11375594560747,,1.267690052906647,38.51140327589024,0.0038146743312076734,0.11588673524611458,1.2624564207862472,38.51338783661764,1.0,True,True,,,,,,,,,,,
paired_gain,nuScenes,mono,brake,J,,,,,,,dE_E3_class_aware,0.3,,,,False,955.0,24.0,332.31933917287085,35.854753615780034,16.577435254272658,19.277318361507376,0.058008415668759535,0.42125686050904937,85.11375594560747,,2.258005588660048,39.733963574176954,0.00679468608200814,0.119565607205025,2.2559418720370017,39.73781709516422,1.0,True,True,,,,,,,,,,,
paired_gain,nuScenes,mono,brake,J,,,,,,,dE_E3_class_aware,0.5,,,,False,955.0,24.0,332.31933917287085,40.51967586424235,27.706342837560594,12.813333026681757,0.03855728967978095,0.4760649487743994,85.11375594560747,,1.3110412101186548,27.00346114671175,0.003945124630368435,0.08125756753706315,1.3080098690601971,27.005312332958532,1.0,True,True,,,,,,,,,,,
paired_gain,nuScenes,mono,brake,J,,,,,,,dE_E4_localization,0.1,,,,False,955.0,24.0,332.31933917287085,4.278326329575522,5.5644537916439685,-1.2861274620684462,-0.0038701553309222524,0.0502659797120176,85.11375594560747,,-8.871082920004289,13.671195240414288,-0.026694452817834946,0.04113872901421064,-8.87134358412758,13.671395685648017,1.0,False,False,,,,,,,,,,,
paired_gain,nuScenes,mono,brake,J,,,,,,,dE_E4_localization,0.2,,,,False,955.0,24.0,332.31933917287085,15.450384206093414,11.070944522958314,4.3794396831351,0.013178407534257095,0.1815262883706729,85.11375594560747,,-10.371524827730752,25.119740168469555,-0.03120951327582996,0.07558916141020126,-10.372269087830503,25.125824828248476,1.0,False,False,,,,,,,,,,,
paired_gain,nuScenes,mono,brake,J,,,,,,,dE_E4_localization,0.3,,,,False,955.0,24.0,332.31933917287085,29.698421613699452,16.577435254272658,13.120986359426794,0.039483065872977445,0.34892622565826414,85.11375594560747,,-4.053903088549024,27.83889390396198,-0.012198817855858229,0.08377151318744146,-4.056420920109685,27.83996595688493,1.0,False,False,,,,,,,,,,,
paired_gain,nuScenes,mono,brake,J,,,,,,,dE_E4_localization,0.5,,,,False,955.0,24.0,332.31933917287085,49.85028013142625,27.706342837560594,22.14393729386566,0.06663451290250218,0.5856900518323198,85.11375594560747,,-6.990166057287661,53.565052093934774,-0.02103448470584317,0.161185479687267,-6.990587649888101,53.57245953856237,1.0,False,False,,,,,,,,,,,
paired_gain,nuScenes,mono,brake,J,,,,,,,dE_E5_combined,0.1,,,,False,955.0,24.0,332.31933917287085,8.874289691973349,5.5644537916439685,3.3098359003293805,0.009959805254089111,0.10426387125536471,85.11375594560747,,-7.870963372602344,14.421608476621456,-0.023684939288194446,0.043396837850352754,-7.872159093133815,14.422584918416232,1.0,False,False,,,,,,,,,,,
paired_gain,nuScenes,mono,brake,J,,,,,,,dE_E5_combined,0.2,,,,False,955.0,24.0,332.31933917287085,11.381662018378483,11.070944522958314,0.31071749542016924,0.0009349967299331188,0.1337229439816052,85.11375594560747,,-16.984983137257462,14.77154082352356,-0.051110426433599636,0.04444983809936947,-16.98588303463549,14.771635302714872,1.0,False,False,,,,,,,,,,,
paired_gain,nuScenes,mono,brake,J,,,,,,,dE_E5_combined,0.3,,,,False,955.0,24.0,332.31933917287085,25.237610027918038,16.577435254272658,8.66017477364538,0.026059797769218605,0.29651622992699683,85.11375594560747,,-6.694068904148128,24.750390212901127,-0.020143482834340577,0.0744777305904129,-6.700872967913886,24.753214211697465,1.0,False,False,,,,,,,,,,,
paired_gain,nuScenes,mono,brake,J,,,,,,,dE_E5_combined,0.5,,,,False,955.0,24.0,332.31933917287085,44.14540223241835,27.706342837560594,16.439059394857754,0.04946765793340194,0.5186635431836633,85.11375594560747,,-4.867571174160521,44.05307857934616,-0.014647270262018772,0.13256248850576213,-4.868971894798107,44.06722000799272,1.0,False,False,,,,,,,,,,,
paired_gain,nuScenes,mono,brake,J,,,,,,,dE_E5_fp_heavy,0.1,,,,False,955.0,24.0,332.31933917287085,2.258631622110574,5.5644537916439685,-3.3058221695333945,-0.009947727320839797,0.02653662262953086,85.11375594560747,,-12.1871177291067,8.472052519001652,-0.03667291154177164,0.025493708973086674,-12.188337937933504,8.478909766760685,1.0,False,False,,,,,,,,,,,
paired_gain,nuScenes,mono,brake,J,,,,,,,dE_E5_fp_heavy,0.2,,,,False,955.0,24.0,332.31933917287085,9.110600643678303,11.070944522958314,-1.9603438792800105,-0.005898976220159879,0.10704028441067147,85.11375594560747,,-20.64873627265144,12.245559743090567,-0.062135223078034804,0.03684877254982891,-20.65081996422082,12.247153073789041,1.0,False,False,,,,,,,,,,,
paired_gain,nuScenes,mono,brake,J,,,,,,,dE_E5_fp_heavy,0.3,,,,False,955.0,24.0,332.31933917287085,27.718517418016322,16.577435254272658,11.141082163743665,0.033525229652518446,0.3256643665887572,85.11375594560747,,-16.538207654630316,30.245547361656563,-0.049766010295378034,0.09101350356839444,-16.542458485571895,30.2623555448876,1.0,False,False,,,,,,,,,,,
paired_gain,nuScenes,mono,brake,J,,,,,,,dE_E5_fp_heavy,0.5,,,,False,955.0,24.0,332.31933917287085,31.9802071957889,27.706342837560594,4.273864358228305,0.012860715144853674,0.37573488375047237,85.11375594560747,,-12.019879448290187,19.161626569047765,-0.03616966583469735,0.05766028127264656,-12.029368176950355,19.16549419372487,1.0,False,False,,,,,,,,,,,
paired_gain,nuScenes,mono,brake,J,,,,,,,dE_E5_loc_heavy,0.1,,,,False,955.0,24.0,332.31933917287085,0.9971884680414104,5.5644537916439685,-4.567265323602558,-0.013743603772715404,0.01171594951911969,85.11375594560747,,-14.098282343930153,6.732044218400277,-0.0424238997917491,0.02025775639526745,-14.099527522227733,6.736100655168335,1.0,False,False,,,,,,,,,,,
paired_gain,nuScenes,mono,brake,J,,,,,,,dE_E5_loc_heavy,0.2,,,,False,955.0,24.0,332.31933917287085,13.66704361118541,11.070944522958314,2.5960990882270956,0.007812061418660374,0.16057385153957285,85.11375594560747,,-16.026213370699494,42.25236838984812,-0.04822534075383057,0.12714387460871981,-16.031161090020753,42.25714330447663,1.0,False,False,,,,,,,,,,,
paired_gain,nuScenes,mono,brake,J,,,,,,,dE_E5_loc_heavy,0.3,,,,False,955.0,24.0,332.31933917287085,35.56595565871906,16.577435254272658,18.988520404446405,0.05713937820082349,0.4178637784642912,85.11375594560747,,-6.154253378058453,58.900470679656244,-0.018519094896421423,0.17724057476238694,-6.1557540838470635,58.92219487466747,1.0,False,False,,,,,,,,,,,
paired_gain,nuScenes,mono,brake,J,,,,,,,dE_E5_loc_heavy,0.5,,,,False,955.0,24.0,332.31933917287085,39.63977552938459,27.706342837560594,11.933432691823999,0.03590953424957398,0.46572701543939227,85.11375594560747,,-10.365776813164638,40.46386294753711,-0.031192216615995416,0.12176198667296943,-10.36767608723331,40.47715733827425,1.0,False,False,,,,,,,,,,,
paired_gain,nuScenes,mono,brake,J,,,,,,,dE_E6_risk_weighted,0.1,,,,False,955.0,24.0,332.31933917287085,22.57722785538266,5.5644537916439685,17.01277406373869,0.05119405360543501,0.26525944724858336,85.11375594560747,,-2.4540336752851855,48.277935528029616,-0.007384564742434714,0.1452757328182928,-2.456222000506783,48.28011836310371,1.0,False,False,,,,,,,,,,,
paired_gain,nuScenes,mono,brake,J,,,,,,,dE_E6_risk_weighted,0.2,,,,False,955.0,24.0,332.31933917287085,27.387139635453924,11.070944522958314,16.31619511249561,0.04909794041209262,0.32177101493389465,85.11375594560747,,-4.667695764957786,38.889651842650004,-0.014045814416264454,0.11702494335552287,-4.669040669367278,38.90209282630605,1.0,False,False,,,,,,,,,,,
paired_gain,nuScenes,mono,brake,J,,,,,,,dE_E6_risk_weighted,0.3,,,,False,955.0,24.0,332.31933917287085,28.826257795845287,16.577435254272658,12.248822541572629,0.036858590812257404,0.33867918852349677,85.11375594560747,,-4.864623516631792,31.86261070327643,-0.014638400307185372,0.09587949585654917,-4.865145705483356,31.869587117079046,1.0,False,False,,,,,,,,,,,
paired_gain,nuScenes,mono,brake,J,,,,,,,dE_E6_risk_weighted,0.5,,,,False,955.0,24.0,332.31933917287085,35.72626628672692,27.706342837560594,8.019923449166324,0.02413318306761076,0.41974726517248323,85.11375594560747,,-3.309100277125174,21.51364502100765,-0.009957591650733864,0.06473786651885571,-3.3116872700516966,21.51407874996281,1.0,False,False,,,,,,,,,,,
paired_gain,nuScenes,mono,brake,J,,,,,,,gate_ridge,0.1,,,,False,955.0,24.0,332.31933917287085,21.580348148379557,5.5644537916439685,16.015894356735586,0.0481942892538198,0.25354712535739377,85.11375594560747,,0.7412618475029726,35.73354038533223,0.0022305709001105467,0.10752771859221778,0.7334008872336439,35.73375954846509,1.0,True,True,,,,,,,,,,,
paired_gain,nuScenes,mono,brake,J,,,,,,,gate_ridge,0.2,,,,False,955.0,24.0,332.31933917287085,25.38435197281319,11.070944522958314,14.313407449854875,0.043071244320238344,0.29824029841939104,85.11375594560747,,-4.522492999986168,34.01000756592648,-0.013608876965278238,0.10234134327113188,-4.52752203149704,34.01480399026136,1.0,False,False,,,,,,,,,,,
paired_gain,nuScenes,mono,brake,J,,,,,,,gate_ridge,0.3,,,,False,955.0,24.0,332.31933917287085,24.426010147155345,16.577435254272658,7.848574892882688,0.023617568909523795,0.2869807574085317,85.11375594560747,,-8.510210945011227,29.441458943332492,-0.025608533545452974,0.0885938778543887,-8.514108996115,29.444410173025123,1.0,False,False,,,,,,,,,,,
paired_gain,nuScenes,mono,brake,J,,,,,,,gate_ridge,0.5,,,,False,955.0,24.0,332.31933917287085,26.606399838426398,27.706342837560594,-1.0999429991341962,-0.0033098976480631826,0.3125981169886264,85.11375594560747,,-33.57217011524971,20.880449690331833,-0.10102382304565681,0.06283248438776513,-33.57583487545887,20.88445100341585,1.0,False,False,,,,,,,,,,,
paired_gain,nuScenes,mono,brake,J,,,,,,,gate_gbm,0.1,,,,False,955.0,24.0,332.31933917287085,21.009593664031165,5.5644537916439685,15.445139872387196,0.046476801232301176,0.24684134110422165,85.11375594560747,,-5.6811713474554395,33.92977974211196,-0.01709551830957428,0.10209992541078645,-5.6863760017695935,33.93068842142745,1.0,False,False,,,,,,,,,,,
paired_gain,nuScenes,mono,brake,J,,,,,,,gate_gbm,0.2,,,,False,955.0,24.0,332.31933917287085,33.78290739619419,11.070944522958314,22.711962873235876,0.06834378922925466,0.39691477624114474,85.11375594560747,,2.0072602080272612,44.84756607591828,0.0060401546687690495,0.1349532235696605,2.201922436811901,44.85878290553258,1.0,True,True,,,,,,,,,,,
paired_gain,nuScenes,mono,brake,J,,,,,,,gate_gbm,0.3,,,,False,955.0,24.0,332.31933917287085,38.57497275171668,16.577435254272658,21.99753749744402,0.06619397339978765,0.4532166666028495,85.11375594560747,,0.8054932000192828,41.15157417906999,0.0024238529181723886,0.12383141553390953,0.8018385925920973,41.15873716711512,1.0,True,True,,,,,,,,,,,
paired_gain,nuScenes,mono,brake,J,,,,,,,gate_gbm,0.5,,,,False,955.0,24.0,332.31933917287085,49.39807879339955,27.706342837560594,21.691735955838954,0.06527376953092405,0.5803771463800486,85.11375594560747,,-2.9701119360063037,49.279582539103934,-0.008937523598231719,0.1482898427210369,-2.9706406298950707,49.28131485119539,1.0,False,False,,,,,,,,,,,
paired_gain,nuScenes,mono,brake,J,,,,,,,R1_mlp_reg,0.1,,,,False,955.0,24.0,332.31933917287085,10.584175207342064,5.5644537916439685,5.019721415698095,0.015105113738466064,0.12435328566754772,85.11375594560747,,-6.175545701281465,17.850754317910845,-0.01858316677161234,0.05371566506583889,-6.179097710548712,17.85108996291495,1.0,False,False,,,,,,,,,,,
paired_gain,nuScenes,mono,brake,J,,,,,,,R1_mlp_reg,0.2,,,,False,955.0,24.0,332.31933917287085,26.34153918941145,11.070944522958314,15.270594666453135,0.04595156786379335,0.30948627394900996,85.11375594560747,,2.4424136378895556,28.206995898998553,0.007349598262829429,0.08487918870206171,2.4586748797999243,28.211638994409686,1.0,True,True,,,,,,,,,,,
paired_gain,nuScenes,mono,brake,J,,,,,,,R1_mlp_reg,0.3,,,,False,955.0,24.0,332.31933917287085,32.30287358968945,16.577435254272658,15.72543833541679,0.047320262415533075,0.379525885455376,85.11375594560747,,3.561387319964093,29.552950721501336,0.01071676216264825,0.08892937376156745,3.5571749245765267,29.55512178123125,1.0,True,True,,,,,,,,,,,
paired_gain,nuScenes,mono,brake,J,,,,,,,R1_mlp_reg,0.5,,,,False,955.0,24.0,332.31933917287085,39.09996380153521,27.706342837560594,11.393620963974616,0.03428515774114401,0.4593847770802444,85.11375594560747,,-2.4434543581449972,27.46134057557073,-0.007352729950133671,0.08263539715720691,-2.4475606491868906,27.466566681303757,1.0,False,False,,,,,,,,,,,
paired_gain,nuScenes,mono,brake,J,,,,,,,R1_mlp_clf,0.1,,,,False,955.0,24.0,332.31933917287085,11.783835930422418,5.5644537916439685,6.21938213877845,0.018715077353783367,0.13844807809859735,85.11375594560747,,-9.1075307331479,26.09803151135199,-0.027405960651631558,0.07853299051541483,-9.107939795039188,26.09963676004891,1.0,False,False,,,,,,,,,,,
paired_gain,nuScenes,mono,brake,J,,,,,,,R1_mlp_clf,0.2,,,,False,955.0,24.0,332.31933917287085,21.332262415651005,11.070944522958314,10.261317892692691,0.030877883659231775,0.25063237050992715,85.11375594560747,,-6.368378937139539,31.85089058338606,-0.019163431634734746,0.09584422821332522,-6.370355199618778,31.851185417676277,1.0,False,False,,,,,,,,,,,
paired_gain,nuScenes,mono,brake,J,,,,,,,R1_mlp_clf,0.3,,,,False,955.0,24.0,332.31933917287085,28.9629638390102,16.577435254272658,12.385528584737543,0.037269960320589865,0.34028534538552363,85.11375594560747,,-10.523778132500803,38.889130379259065,-0.03166766688539419,0.11702337419198205,-10.524644524595931,38.91732440218791,1.0,False,False,,,,,,,,,,,
paired_gain,nuScenes,mono,brake,J,,,,,,,R1_mlp_clf,0.5,,,,False,955.0,24.0,332.31933917287085,28.846510781235754,27.706342837560594,1.1401679436751593,0.003430940692506763,0.3389171404874944,85.11375594560747,,-18.404365966338062,18.5487024356855,-0.055381567657620444,0.055815898291843184,-18.404962443075867,18.575641520865055,1.0,False,False,,,,,,,,,,,
paired_gain,nuScenes,mono,brake,J,,,,,,,R1_gbm_reg,0.1,,,,False,955.0,24.0,332.31933917287085,7.132635816836394,5.5644537916439685,1.5681820251924252,0.004718900889414277,0.08380121095107769,85.11375594560747,,-7.950422218234294,18.880312987139387,-0.023924043174924962,0.056813765440590094,-7.9509461122395,18.884257766015416,1.0,False,False,,,,,,,,,,,
paired_gain,nuScenes,mono,brake,J,,,,,,,R1_gbm_reg,0.2,,,,False,955.0,24.0,332.31933917287085,32.32406890911614,11.070944522958314,21.25312438615783,0.06395391986231069,0.37977490888515203,85.11375594560747,,4.291976750964825,35.920102565269076,0.012915218120159297,0.10808911288362794,4.288661848020638,35.92192275772901,1.0,True,True,,,,,,,,,,,
paired_gain,nuScenes,mono,brake,J,,,,,,,R1_gbm_reg,0.3,,,,False,955.0,24.0,332.31933917287085,28.867079967672538,16.577435254272658,12.28964471339988,0.036981431005454875,0.33915880749194344,85.11375594560747,,2.430273439594407,30.540986026143155,0.007313066539080323,0.09190252394626931,2.428431186110039,30.541804087214924,1.0,True,True,,,,,,,,,,,
paired_gain,nuScenes,mono,brake,J,,,,,,,R1_gbm_reg,0.5,,,,False,955.0,24.0,332.31933917287085,45.126470198283656,27.706342837560594,17.42012736072306,0.05241984232419648,0.5301900932103388,85.11375594560747,,4.167334535766681,33.51960396766003,0.012540150525512614,0.10086564342324748,4.265018185428898,33.519950209847124,1.0,True,True,,,,,,,,,,,
paired_gain,nuScenes,mono,brake,J,,,,,,,R1_gbm_clf,0.1,,,,False,955.0,24.0,332.31933917287085,22.147084851860065,5.5644537916439685,16.582631060216094,0.0498996871547999,0.2602057047748347,85.11375594560747,,-5.202245158122513,49.50768027893479,-0.01565435575031741,0.14897622390005158,-5.209637299975616,49.511443381952375,1.0,False,False,,,,,,,,,,,
paired_gain,nuScenes,mono,brake,J,,,,,,,R1_gbm_clf,0.2,,,,False,955.0,24.0,332.31933917287085,27.862682246979915,11.070944522958314,16.7917377240216,0.05052892126535743,0.3273581565920526,85.11375594560747,,-8.799563044729831,50.81608806373404,-0.026479238513869165,0.15291342414863124,-8.803157848018273,50.81811224432012,1.0,False,False,,,,,,,,,,,
paired_gain,nuScenes,mono,brake,J,,,,,,,R1_gbm_clf,0.3,,,,False,955.0,24.0,332.31933917287085,28.40000373514026,16.577435254272658,11.822568480867602,0.03557592678865301,0.33367113716952496,85.11375594560747,,-11.295189439114878,38.8120121769269,-0.0339889621447495,0.11679131366091543,-11.297267147399216,38.816818219539655,1.0,False,False,,,,,,,,,,,
paired_gain,nuScenes,mono,brake,J,,,,,,,R1_gbm_clf,0.5,,,,False,955.0,24.0,332.31933917287085,22.55657406615664,27.706342837560594,-5.149768771403956,-0.015496446232173902,0.265016786247473,85.11375594560747,,-23.382912940448904,15.836815988220566,-0.07036278116900452,0.04765541490193664,-23.407678499278088,15.844085923328693,1.0,False,False,,,,,,,,,,,
paired_gain,nuScenes,mono,brake,J,,,,,,,R2_cnn_clf,0.1,,,,False,955.0,24.0,332.31933917287085,-3.2518960629464635,5.5644537916439685,-8.816349854590431,-0.026529752606435614,-0.03820646882302563,85.11375594560747,,-19.449672073289843,-0.08446398201926833,-0.05852705449432848,-0.00025416511187551015,-19.450917468149665,-0.08431008207287599,1.0,False,False,,,,,,,,,,,
paired_gain,nuScenes,mono,brake,J,,,,,,,R2_cnn_clf,0.2,,,,False,955.0,24.0,332.31933917287085,-6.772971949838687,11.070944522958314,-17.843916472797,-0.053695088938277784,-0.07957552659486677,85.11375594560747,,-32.95392771280264,-5.967884696680741,-0.09916343657526404,-0.017958282871934447,-32.95600919823543,-5.972285445230198,1.0,False,False,,,,,,,,,,,
paired_gain,nuScenes,mono,brake,J,,,,,,,R2_cnn_clf,0.3,,,,False,955.0,24.0,332.31933917287085,0.14936276239672697,16.577435254272658,-16.42807249187593,-0.04943459665261951,0.0017548604304594227,85.11375594560747,,-42.42058303065635,-0.43375876688898174,-0.12765005833316664,-0.0013052468386841086,-42.42204354284406,-0.42563144021633326,1.0,False,False,,,,,,,,,,,
paired_gain,nuScenes,mono,brake,J,,,,,,,R2_cnn_clf,0.5,,,,False,955.0,24.0,332.31933917287085,4.945652815818912,27.706342837560594,-22.76069002174168,-0.06849041671300894,0.058106386692410396,85.11375594560747,,-39.41198796703644,-5.161170346329329,-0.11859673308550521,-0.01553075532460816,-39.41447037910858,-5.160782443669314,1.0,False,False,,,,,,,,,,,
paired_gain,nuScenes,mono,brake,J,,,,,,,trivial_ego_speed,0.1,,,,True,955.0,24.0,332.31933917287085,4.689600694024521,5.5644537916439685,-0.8748530976194475,-0.002632567517126511,0.05509803488194603,85.11375594560747,,-11.077627437284612,10.925984182684447,-0.03333428462170264,0.03287796674692111,-11.085771320945408,10.926321530244598,1.0,False,False,,,,,,,,,,,
paired_gain,nuScenes,mono,brake,J,,,,,,,trivial_ego_speed,0.2,,,,True,955.0,24.0,332.31933917287085,12.558153887086753,11.070944522958314,1.4872093641284394,0.004475241699234364,0.14754552595601736,85.11375594560747,,-16.50404340580709,22.011621509652365,-0.04966320481644244,0.06623635435854676,-16.508022166641485,22.014684242848812,1.0,False,False,,,,,,,,,,,
paired_gain,nuScenes,mono,brake,J,,,,,,,trivial_ego_speed,0.3,,,,True,955.0,24.0,332.31933917287085,17.76413617415485,16.577435254272658,1.1867009198821918,0.003570965574365433,0.20871051896131976,85.11375594560747,,-19.293059904226794,34.02898977114324,-0.05805578439174327,0.10239846364596171,-19.297888686762402,34.029215409391526,1.0,False,False,,,,,,,,,,,
paired_gain,nuScenes,mono,brake,J,,,,,,,trivial_ego_speed,0.5,,,,True,955.0,24.0,332.31933917287085,38.7891279923207,27.706342837560594,11.082785154760106,0.033349804986807875,0.455732772703735,85.11375594560747,,-3.7340075700650828,43.19084903178366,-0.011236203043009395,0.12996790719217213,-3.734576945295434,43.200134079459666,1.0,False,False,,,,,,,,,,,
paired_gain,nuScenes,mono,brake,J,,,,,,,trivial_n_det,0.1,,,,True,955.0,24.0,332.31933917287085,0.7636355946077573,5.5644537916439685,-4.800818197036211,-0.014446400287702936,0.008971940976212634,85.11375594560747,,-12.886181187091697,2.571053619535264,-0.038776500998000514,0.007736695751545819,-12.890830093505992,2.5716837781452813,1.0,False,False,,,,,,,,,,,
paired_gain,nuScenes,mono,brake,J,,,,,,,trivial_n_det,0.2,,,,True,955.0,24.0,332.31933917287085,6.498671487869296,11.070944522958314,-4.572273035089018,-0.013758672746729749,0.07635277536127436,85.11375594560747,,-20.154452469647893,12.381547615025038,-0.060647847097347676,0.03725798097047918,-20.159418408273936,12.384119134910616,1.0,False,False,,,,,,,,,,,
paired_gain,nuScenes,mono,brake,J,,,,,,,trivial_n_det,0.3,,,,True,955.0,24.0,332.31933917287085,24.264046359516037,16.577435254272658,7.686611105243379,0.023130194963600487,0.2850778477573254,85.11375594560747,,-24.53078309553649,24.440892660067117,-0.07381689900019842,0.07354640485534032,-24.53499905770799,24.446992287260166,1.0,False,False,,,,,,,,,,,
paired_gain,nuScenes,mono,brake,J,,,,,,,trivial_n_det,0.5,,,,True,955.0,24.0,332.31933917287085,25.428480906756036,27.706342837560594,-2.2778619308045585,-0.006854436869289831,0.29875876847693433,85.11375594560747,,-32.69446857673275,23.70167155282823,-0.09838268413179907,0.07132197485653623,-32.69998655356015,23.70377096389135,1.0,False,False,,,,,,,,,,,
paired_gain,nuScenes,mono,brake,J,,,,,,,trivial_risk_cheap,0.1,,,,True,955.0,24.0,332.31933917287085,15.815512511420753,5.5644537916439685,10.251058719776784,0.030847012230137576,0.1858161743153218,85.11375594560747,,-2.366529358067463,27.504396235971335,-0.007121250794364412,0.08276495826101678,-2.3710009571918946,27.506724947991685,1.0,False,False,,,,,,,,,,,
paired_gain,nuScenes,mono,brake,J,,,,,,,trivial_risk_cheap,0.2,,,,True,955.0,24.0,332.31933917287085,34.104842666906634,11.070944522958314,23.03389814394832,0.06931254197025892,0.40069718799275605,85.11375594560747,,-4.590559418742114,45.6410544186423,-0.013813699287461954,0.13734095202596697,-4.598984685885469,45.656578983649695,1.0,False,False,,,,,,,,,,,
paired_gain,nuScenes,mono,brake,J,,,,,,,trivial_risk_cheap,0.3,,,,True,955.0,24.0,332.31933917287085,47.60287042637931,16.577435254272658,31.025435172106654,0.09336030593142032,0.5592852753061474,85.11375594560747,,4.112022856010802,46.10932470816324,0.012373709174571236,0.13875004934388546,4.257006713026118,46.11338613544954,1.0,True,True,,,,,,,,,,,
paired_gain,nuScenes,mono,brake,J,,,,,,,trivial_risk_cheap,0.5,,,,True,955.0,24.0,332.31933917287085,39.76016856366338,27.706342837560594,12.053825726102783,0.03627181540533951,0.46714151105107365,85.11375594560747,,-3.308445450036284,30.398518173971393,-0.009955621175315493,0.09147381626850863,-2.9428230140041602,30.40777543713279,1.0,False,False,,,,,,,,,,,
paired_gain,nuScenes,mono,brake,J,,,,,,,trivial_area_max,0.1,,,,True,955.0,24.0,332.31933917287085,16.320018961610202,5.5644537916439685,10.755565169966234,0.032365149728379915,0.19174361159716208,85.11375594560747,,-7.150587773620974,34.26729362734106,-0.02151721832204678,0.10311555659875511,-7.151524594665345,34.26983637611438,1.0,False,False,,,,,,,,,,,
paired_gain,nuScenes,mono,brake,J,,,,,,,trivial_area_max,0.2,,,,True,955.0,24.0,332.31933917287085,14.169384766930134,11.070944522958314,3.0984402439718206,0.009323683212911143,0.1664758488156154,85.11375594560747,,-13.93279594734752,21.979995647289407,-0.04192592577376229,0.0661411872748565,-13.936147107737723,21.980666822473125,1.0,False,False,,,,,,,,,,,
paired_gain,nuScenes,mono,brake,J,,,,,,,trivial_area_max,0.3,,,,True,955.0,24.0,332.31933917287085,10.552085252381602,16.577435254272658,-6.025350001891056,-0.018131204813081007,0.12397626135926823,85.11375594560747,,-21.21703537200123,17.321049348848337,-0.06384532246847131,0.05212170134894862,-21.217704876782978,17.32830102408136,1.0,False,False,,,,,,,,,,,
paired_gain,nuScenes,mono,brake,J,,,,,,,trivial_area_max,0.5,,,,True,955.0,24.0,332.31933917287085,22.976002081041916,27.706342837560594,-4.730340756518679,-0.01423432283024004,0.26994463851089934,85.11375594560747,,-18.62890330684578,21.898939295504103,-0.05605723504750687,0.06589727624642508,-18.634726015815314,21.899102423512506,1.0,False,False,,,,,,,,,,,
paired_gain,nuScenes,mono,brake,J,,,,,,,oracle,0.1,,,,False,955.0,24.0,332.31933917287085,85.11375594560747,5.5644537916439685,79.5493021539635,0.23937608431684546,1.0,85.11375594560747,,31.702808612663834,148.99065007571244,0.09539862678943338,0.4483357798151141,31.854195664438112,148.99981457586523,1.0,True,True,,,,,,,,,,,
paired_gain,nuScenes,mono,brake,J,,,,,,,oracle,0.2,,,,False,955.0,24.0,332.31933917287085,85.11375594560747,11.070944522958314,74.04281142264915,0.22280620684591712,1.0,85.11375594560747,,30.981332048349806,135.55346801439975,0.09322759284927884,0.40790123244643767,30.994446510566977,135.56542298982572,1.0,True,True,,,,,,,,,,,
paired_gain,nuScenes,mono,brake,J,,,,,,,oracle,0.3,,,,False,955.0,24.0,332.31933917287085,85.11375594560747,16.577435254272658,68.53632069133481,0.20623632937498879,1.0,85.11375594560747,,29.92041565019978,122.84057996628734,0.09003513224559985,0.36964619715491875,29.976018739022624,122.8406858369681,1.0,True,True,,,,,,,,,,,
paired_gain,nuScenes,mono,brake,J,,,,,,,oracle,0.5,,,,False,955.0,24.0,332.31933917287085,85.11375594560747,27.706342837560594,57.40741310804687,0.17274773490742837,1.0,85.11375594560747,,28.46698059517349,96.38220252290039,0.08566152263671031,0.29002887031128466,28.64235300892738,96.39043566778865,1.0,True,True,,,,,,,,,,,
paired_gain,nuScenes,mono,plan_ade,JC_ade,,,,,,,uncertainty,0.1,,,,False,752.0,24.0,2978.375498800933,1.1711332038927327,7.837624598871421,-6.666491394978689,-0.002238297822978519,0.007612071109206299,153.85211029838175,,-41.349762574898456,33.73422726772513,-0.013883327535948873,0.011326384897171705,-41.349762574898456,33.73422726772513,0.0,False,False,,,,,,,,,,,
paired_gain,nuScenes,mono,plan_ade,JC_ade,,,,,,,uncertainty,0.2,,,,False,752.0,24.0,2978.375498800933,2.272400951648076,15.675249197742842,-13.402848246094766,-0.004500053217430317,0.013372011167677505,169.93711141528715,,-55.038365155298884,27.59827569009394,-0.018479323771450857,0.0092662176751067,-55.038365155298884,27.59827569009394,0.0,False,False,,,,,,,,,,,
paired_gain,nuScenes,mono,plan_ade,JC_ade,,,,,,,uncertainty,0.3,,,,False,752.0,24.0,2978.375498800933,-3.484997893774201,23.61737545793255,-27.102373351706753,-0.009099716729008119,-0.019956597192550662,174.62886383631928,,-74.89478123980923,19.44607448614885,-0.025146184982370822,0.006529087582804002,-74.89478123980923,19.44607448614885,0.0,False,False,,,,,,,,,,,
paired_gain,nuScenes,mono,plan_ade,JC_ade,,,,,,,uncertainty,0.5,,,,False,752.0,24.0,2978.375498800933,17.6587771986084,39.29262465567539,-21.633847457066988,-0.007263640016437342,0.10112151407903572,174.62928002449064,,-91.23190733757583,16.59280327444265,-0.03063143226040671,0.005571091785143533,-91.23190733757583,16.59280327444265,0.0,False,False,,,,,,,,,,,
paired_gain,nuScenes,mono,plan_ade,JC_ade,,,,,,,criticality_cheap,0.1,,,,False,752.0,24.0,2978.375498800933,-3.508496990445693,7.837624598871421,-11.346121589317114,-0.003809500042518131,-0.022804347523354033,153.85211029838175,,-38.38185186469462,6.05201278740344,-0.012886841125354006,0.002031984479404939,-38.38185186469462,6.05201278740344,0.0,False,False,,,,,,,,,,,
paired_gain,nuScenes,mono,plan_ade,JC_ade,,,,,,,criticality_cheap,0.2,,,,False,752.0,24.0,2978.375498800933,-10.278597763500667,15.675249197742842,-25.953846961243507,-0.00871409497281061,-0.06048471506840046,169.93711141528715,,-60.692433852960434,0.5192199247573118,-0.020377697129658316,0.00017432990734927314,-60.692433852960434,0.5192199247573118,0.0,False,False,,,,,,,,,,,
paired_gain,nuScenes,mono,plan_ade,JC_ade,,,,,,,criticality_cheap,0.3,,,,False,752.0,24.0,2978.375498800933,-17.30407613106461,23.61737545793255,-40.92145158899716,-0.01373952062306172,-0.0990905841733233,174.62886383631928,,-80.18702650799405,4.231094241215033,-0.026923074857510953,0.001420604703106923,-80.18702650799405,4.231094241215033,0.0,False,False,,,,,,,,,,,
paired_gain,nuScenes,mono,plan_ade,JC_ade,,,,,,,criticality_cheap,0.5,,,,False,752.0,24.0,2978.375498800933,0.2664794140342045,39.29262465567539,-39.02614524164119,-0.013103164882115353,0.0015259721279090909,174.62928002449064,,-102.90288778731716,10.203403703964211,-0.034550004802532425,0.003425828512245017,-102.90288778731716,10.203403703964211,0.0,False,False,,,,,,,,,,,
paired_gain,nuScenes,mono,plan_ade,JC_ade,,,,,,,criticality_gt,0.1,,,,False,752.0,24.0,2978.375498800933,-14.291467624122792,7.837624598871421,-22.129092222994213,-0.007429920180280554,-0.09289094310377563,153.85211029838175,,-43.421261792694004,2.8112193818072515,-0.01457884064993652,0.0009438767485627728,-43.421261792694004,2.8112193818072515,0.0,False,False,,,,,,,,,,,
paired_gain,nuScenes,mono,plan_ade,JC_ade,,,,,,,criticality_gt,0.2,,,,False,752.0,24.0,2978.375498800933,-8.633619990084526,15.675249197742842,-24.30886918782737,-0.008161787926879568,-0.050804794304087866,169.93711141528715,,-56.38880238655256,-1.2760015302715004,-0.018932737799264795,-0.0004284219806351506,-56.38880238655256,-1.2760015302715004,0.0,False,False,,,,,,,,,,,
paired_gain,nuScenes,mono,plan_ade,JC_ade,,,,,,,criticality_gt,0.3,,,,False,752.0,24.0,2978.375498800933,-16.693752612781967,23.61737545793255,-40.31112807071452,-0.013534602365263685,-0.09559560914528496,174.62886383631928,,-82.38792030600108,-6.323569597700648,-0.02766203265477093,-0.002123160629090073,-82.38792030600108,-6.323569597700648,0.0,False,False,,,,,,,,,,,
paired_gain,nuScenes,mono,plan_ade,JC_ade,,,,,,,criticality_gt,0.5,,,,False,752.0,24.0,2978.375498800933,30.690898997406784,39.29262465567539,-8.601725658268606,-0.0028880595014737337,0.1757488720854978,174.62928002449064,,-102.80993987467215,50.350035186192414,-0.0345187972154829,0.016905200572077925,-102.80993987467215,50.350035186192414,0.0,False,False,,,,,,,,,,,
paired_gain,nuScenes,mono,plan_ade,JC_ade,,,,,,,PKL,0.1,,,,False,752.0,24.0,2978.375498800933,21.486800090773595,7.837624598871421,13.649175491902174,0.004582758452517893,0.13965879342897514,153.85211029838175,,-8.759904764286619,40.955956472643955,-0.002941168690050424,0.01375110575853597,-8.759904764286619,40.955956472643955,0.0,False,False,,,,,,,,,,,
paired_gain,nuScenes,mono,plan_ade,JC_ade,,,,,,,PKL,0.2,,,,False,752.0,24.0,2978.375498800933,21.405409274129134,15.675249197742842,5.7301600763862925,0.0019239213049842784,0.12596076922726576,169.93711141528715,,-21.260639740148754,40.0642147186468,-0.007138334219009018,0.013451700342947452,-21.260639740148754,40.0642147186468,0.0,False,False,,,,,,,,,,,
paired_gain,nuScenes,mono,plan_ade,JC_ade,,,,,,,PKL,0.3,,,,False,752.0,24.0,2978.375498800933,29.243402309676366,23.61737545793255,5.626026851743816,0.0018889582102756364,0.1674603021931494,174.62886383631928,,-36.67439302660325,42.61735906352368,-0.012313555843233341,0.0143089274944281,-36.67439302660325,42.61735906352368,0.0,False,False,,,,,,,,,,,
paired_gain,nuScenes,mono,plan_ade,JC_ade,,,,,,,PKL,0.5,,,,False,752.0,24.0,2978.375498800933,23.282174388262824,39.29262465567539,-16.010450267412565,-0.0053755647244137705,0.13332342883734988,174.62928002449064,,-80.40894468090721,34.47777899070731,-0.02699758466092644,0.011576034991084148,-80.40894468090721,34.47777899070731,0.0,False,False,,,,,,,,,,,
paired_gain,nuScenes,mono,plan_ade,JC_ade,,,,,,,TIP,0.1,,,,False,752.0,24.0,2978.375498800933,18.000574588319328,7.837624598871421,10.162949989447906,0.0034122460359814998,0.11699920497293732,153.85211029838175,,-10.822398731497039,33.762083940717936,-0.003633658259629801,0.011335737872645756,-10.822398731497039,33.762083940717936,0.0,False,False,,,,,,,,,,,
paired_gain,nuScenes,mono,plan_ade,JC_ade,,,,,,,TIP,0.2,,,,False,752.0,24.0,2978.375498800933,19.951995319782515,15.675249197742842,4.276746122039674,0.0014359324819054726,0.11740811146909774,169.93711141528715,,-24.372500594662142,36.419499953045836,-0.008183152394476213,0.012227974601492657,-24.372500594662142,36.419499953045836,0.0,False,False,,,,,,,,,,,
paired_gain,nuScenes,mono,plan_ade,JC_ade,,,,,,,TIP,0.3,,,,False,752.0,24.0,2978.375498800933,22.541561921709047,23.61737545793255,-1.075813536223503,-0.0003612081608435927,0.12908268098701822,174.62886383631928,,-40.13905506770939,38.617669322989464,-0.013476828252135774,0.012966017662493055,-40.13905506770939,38.617669322989464,0.0,False,False,,,,,,,,,,,
paired_gain,nuScenes,mono,plan_ade,JC_ade,,,,,,,TIP,0.5,,,,False,752.0,24.0,2978.375498800933,23.690402439181355,39.29262465567539,-15.602222216494035,-0.005238500727250592,0.13566111270606468,174.62928002449064,,-79.75299652569818,40.01379177035374,-0.026777347771564066,0.013434770661544498,-79.75299652569818,40.01379177035374,0.0,False,False,,,,,,,,,,,
paired_gain,nuScenes,mono,plan_ade,JC_ade,,,,,,,dE_exact,0.1,,,,False,752.0,24.0,2978.375498800933,47.415869139634815,7.837624598871421,39.57824454076339,0.013288534154507124,0.3081912171869218,153.85211029838175,,-13.135821077018338,136.39275167705068,-0.004410397910641791,0.045794343840110545,-13.135821077018338,136.39275167705068,0.0,False,False,,,,,,,,,,,
paired_gain,nuScenes,mono,plan_ade,JC_ade,,,,,,,dE_exact,0.2,,,,False,752.0,24.0,2978.375498800933,59.51525743766593,15.675249197742842,43.84000823992309,0.014719436235482287,0.3502193072602273,169.93711141528715,,-21.889325050730573,146.64808339191737,-0.007349417512849879,0.049237607363798334,-21.889325050730573,146.64808339191737,0.0,False,False,,,,,,,,,,,
paired_gain,nuScenes,mono,plan_ade,JC_ade,,,,,,,dE_exact,0.3,,,,False,752.0,24.0,2978.375498800933,58.06381848307974,23.61737545793255,34.44644302514719,0.011565513830950802,0.33249840380054996,174.62886383631928,,-25.56972776269543,132.24770727182428,-0.008585125607227687,0.04440263067066796,-25.56972776269543,132.24770727182428,0.0,False,False,,,,,,,,,,,
paired_gain,nuScenes,mono,plan_ade,JC_ade,,,,,,,dE_exact,0.5,,,,False,752.0,24.0,2978.375498800933,58.62554244583853,39.29262465567539,19.332917790163144,0.0064910948260037725,0.335714276767428,174.62928002449064,,-27.5392945600337,92.71125883493953,-0.009246414554216138,0.031128129704351998,-27.5392945600337,92.71125883493953,0.0,False,False,,,,,,,,,,,
paired_gain,nuScenes,mono,plan_ade,JC_ade,,,,,,,dE_E1_fn_only,0.1,,,,False,752.0,24.0,2978.375498800933,47.415869139634815,7.837624598871421,39.57824454076339,0.013288534154507124,0.3081912171869218,153.85211029838175,,-13.135821077018338,136.39275167705068,-0.004410397910641791,0.045794343840110545,-13.135821077018338,136.39275167705068,0.0,False,False,,,,,,,,,,,
paired_gain,nuScenes,mono,plan_ade,JC_ade,,,,,,,dE_E1_fn_only,0.2,,,,False,752.0,24.0,2978.375498800933,59.51525743766593,15.675249197742842,43.84000823992309,0.014719436235482287,0.3502193072602273,169.93711141528715,,-21.889325050730573,146.64808339191737,-0.007349417512849879,0.049237607363798334,-21.889325050730573,146.64808339191737,0.0,False,False,,,,,,,,,,,
paired_gain,nuScenes,mono,plan_ade,JC_ade,,,,,,,dE_E1_fn_only,0.3,,,,False,752.0,24.0,2978.375498800933,58.06381848307974,23.61737545793255,34.44644302514719,0.011565513830950802,0.33249840380054996,174.62886383631928,,-25.56972776269543,132.24770727182428,-0.008585125607227687,0.04440263067066796,-25.56972776269543,132.24770727182428,0.0,False,False,,,,,,,,,,,
paired_gain,nuScenes,mono,plan_ade,JC_ade,,,,,,,dE_E1_fn_only,0.5,,,,False,752.0,24.0,2978.375498800933,58.62554244583853,39.29262465567539,19.332917790163144,0.0064910948260037725,0.335714276767428,174.62928002449064,,-27.5392945600337,92.71125883493953,-0.009246414554216138,0.031128129704351998,-27.5392945600337,92.71125883493953,0.0,False,False,,,,,,,,,,,
paired_gain,nuScenes,mono,plan_ade,JC_ade,,,,,,,dE_E2_fn_fp,0.1,,,,False,752.0,24.0,2978.375498800933,26.6813527938838,7.837624598871421,18.84372819501238,0.006326847706945847,0.17342207878811552,153.85211029838175,,-16.148712002646015,78.5246770727295,-0.005421986586025616,0.02636493521530204,-16.148712002646015,78.5246770727295,0.0,False,False,,,,,,,,,,,
paired_gain,nuScenes,mono,plan_ade,JC_ade,,,,,,,dE_E2_fn_fp,0.2,,,,False,752.0,24.0,2978.375498800933,32.7749570836991,15.675249197742842,17.099707885956256,0.005741286782959517,0.19286521237615165,169.93711141528715,,-27.104879035371564,88.29717683983613,-0.009100558021070125,0.029646086222299292,-27.104879035371564,88.29717683983613,0.0,False,False,,,,,,,,,,,
paired_gain,nuScenes,mono,plan_ade,JC_ade,,,,,,,dE_E2_fn_fp,0.3,,,,False,752.0,24.0,2978.375498800933,39.59118573498826,23.61737545793255,15.973810277055708,0.005363262719387337,0.22671616172282563,174.62886383631928,,-29.433445860534196,87.19083782809821,-0.009882382484137354,0.029274629026192447,-29.433445860534196,87.19083782809821,0.0,False,False,,,,,,,,,,,
paired_gain,nuScenes,mono,plan_ade,JC_ade,,,,,,,dE_E2_fn_fp,0.5,,,,False,752.0,24.0,2978.375498800933,46.687757050834975,39.29262465567539,7.395132395159585,0.0024829415895130744,0.2673535448596439,174.62928002449064,,-26.74695502687842,55.6381666111062,-0.008980383782248578,0.018680709209938647,-26.74695502687842,55.6381666111062,0.0,False,False,,,,,,,,,,,
paired_gain,nuScenes,mono,plan_ade,JC_ade,,,,,,,dE_E3_class_aware,0.1,,,,False,752.0,24.0,2978.375498800933,-4.806172059086332,7.837624598871421,-12.643796657957754,-0.004245198989532391,-0.031238908909115463,153.85211029838175,,-26.96271749448336,1.5297779993009315,-0.009052826786057804,0.0005136283184967128,-26.96271749448336,1.5297779993009315,0.0,False,False,,,,,,,,,,,
paired_gain,nuScenes,mono,plan_ade,JC_ade,,,,,,,dE_E3_class_aware,0.2,,,,False,752.0,24.0,2978.375498800933,1.888091185292506,15.675249197742842,-13.787158012450336,-0.004629086566821719,0.011110528886644697,169.93711141528715,,-43.10480749158565,11.233740553496016,-0.014472590010540732,0.0037717677163334904,-43.10480749158565,11.233740553496016,0.0,False,False,,,,,,,,,,,
paired_gain,nuScenes,mono,plan_ade,JC_ade,,,,,,,dE_E3_class_aware,0.3,,,,False,752.0,24.0,2978.375498800933,9.626170225077015,23.61737545793255,-13.991205232855535,-0.004697596135372543,0.05512359190574408,174.62886383631928,,-52.075809613355226,18.05276392397785,-0.017484635377345962,0.006061278684049653,-52.075809613355226,18.05276392397785,0.0,False,False,,,,,,,,,,,
paired_gain,nuScenes,mono,plan_ade,JC_ade,,,,,,,dE_E3_class_aware,0.5,,,,False,752.0,24.0,2978.375498800933,29.240081184360456,39.29262465567539,-10.052543471314934,-0.003375176661022761,0.16744088494357717,174.62928002449064,,-41.27220526908143,18.354031282305783,-0.013857287399019112,0.006162430254242606,-41.27220526908143,18.354031282305783,0.0,False,False,,,,,,,,,,,
paired_gain,nuScenes,mono,plan_ade,JC_ade,,,,,,,dE_E4_localization,0.1,,,,False,752.0,24.0,2978.375498800933,34.90645235814484,7.837624598871421,27.068827759273418,0.00908845367891694,0.22688315610651716,153.85211029838175,,-13.841314927860745,113.73955436873857,-0.004647269940755668,0.03818845354272122,-13.841314927860745,113.73955436873857,0.0,False,False,,,,,,,,,,,
paired_gain,nuScenes,mono,plan_ade,JC_ade,,,,,,,dE_E4_localization,0.2,,,,False,752.0,24.0,2978.375498800933,60.41110591504498,15.675249197742842,44.735856717302134,0.015020220497822515,0.35549095434142197,169.93711141528715,,-20.526999901636504,151.35566986474825,-0.006892012075005481,0.05081819600170719,-20.526999901636504,151.35566986474825,0.0,False,False,,,,,,,,,,,
paired_gain,nuScenes,mono,plan_ade,JC_ade,,,,,,,dE_E4_localization,0.3,,,,False,752.0,24.0,2978.375498800933,66.23361046037084,23.61737545793255,42.61623500243829,0.014308550086983726,0.37928214732274734,174.62886383631928,,-25.40791612429471,137.5482413009472,-0.008530796783187246,0.046182303526309185,-25.40791612429471,137.5482413009472,0.0,False,False,,,,,,,,,,,
paired_gain,nuScenes,mono,plan_ade,JC_ade,,,,,,,dE_E4_localization,0.5,,,,False,752.0,24.0,2978.375498800933,55.272008925582824,39.29262465567539,15.979384269907435,0.005365134206999953,0.3165105469015922,174.62928002449064,,-31.18203759004408,95.64414075040774,-0.010469478278544019,0.03211285507449051,-31.18203759004408,95.64414075040774,0.0,False,False,,,,,,,,,,,
paired_gain,nuScenes,mono,plan_ade,JC_ade,,,,,,,dE_E5_combined,0.1,,,,False,752.0,24.0,2978.375498800933,-4.166954688640696,7.837624598871421,-12.004579287512117,-0.004030579519723101,-0.027084156860502452,153.85211029838175,,-29.840192797895263,0.321799514334024,-0.01001894919223874,0.0001080453134480785,-29.840192797895263,0.321799514334024,0.0,False,False,,,,,,,,,,,
paired_gain,nuScenes,mono,plan_ade,JC_ade,,,,,,,dE_E5_combined,0.2,,,,False,752.0,24.0,2978.375498800933,0.30440674875896545,15.675249197742842,-15.370842448983876,-0.005160814160327345,0.0017912905911120585,169.93711141528715,,-44.07134818701523,1.0122081621562433,-0.014797109432560789,0.0003398524338397724,-44.07134818701523,1.0122081621562433,0.0,False,False,,,,,,,,,,,
paired_gain,nuScenes,mono,plan_ade,JC_ade,,,,,,,dE_E5_combined,0.3,,,,False,752.0,24.0,2978.375498800933,-5.712678580119268,23.61737545793255,-29.330054038051816,-0.00984766831779936,-0.03271325515508019,174.62886383631928,,-57.58604080686077,8.528978773941835,-0.019334714790006965,0.0028636344803989705,-57.58604080686077,8.528978773941835,0.0,False,False,,,,,,,,,,,
paired_gain,nuScenes,mono,plan_ade,JC_ade,,,,,,,dE_E5_combined,0.5,,,,False,752.0,24.0,2978.375498800933,29.530670806641066,39.29262465567539,-9.761953849034324,-0.003277610178086812,0.1691049221671164,174.62928002449064,,-29.16643694405496,13.485904818287263,-0.009792733305722232,0.004527939752296702,-29.16643694405496,13.485904818287263,0.0,False,False,,,,,,,,,,,
paired_gain,nuScenes,mono,plan_ade,JC_ade,,,,,,,dE_E5_fp_heavy,0.1,,,,False,752.0,24.0,2978.375498800933,-3.0786543211963107,7.837624598871421,-10.916278920067732,-0.003665178861584957,-0.02001047834329701,153.85211029838175,,-27.986988506099735,11.379696459697627,-0.00939672936383174,0.0038207729227825666,-27.986988506099735,11.379696459697627,0.0,False,False,,,,,,,,,,,
paired_gain,nuScenes,mono,plan_ade,JC_ade,,,,,,,dE_E5_fp_heavy,0.2,,,,False,752.0,24.0,2978.375498800933,6.200733196986978,15.675249197742842,-9.474516000755862,-0.003181101914305371,0.03648839941638066,169.93711141528715,,-41.60221796203805,18.858360691921913,-0.013968090315941263,0.006331760619006609,-41.60221796203805,18.858360691921913,0.0,False,False,,,,,,,,,,,
paired_gain,nuScenes,mono,plan_ade,JC_ade,,,,,,,dE_E5_fp_heavy,0.3,,,,False,752.0,24.0,2978.375498800933,2.0977663691683888,23.61737545793255,-21.51960908876416,-0.007225284084370073,0.012012712692986642,174.62886383631928,,-57.91415587838479,12.29695320302653,-0.019444880573890197,0.004128745085358502,-57.91415587838479,12.29695320302653,0.0,False,False,,,,,,,,,,,
paired_gain,nuScenes,mono,plan_ade,JC_ade,,,,,,,dE_E5_fp_heavy,0.5,,,,False,752.0,24.0,2978.375498800933,-3.4475195205001006,39.29262465567539,-42.74014417617549,-0.01435015302582978,-0.01974193285350892,174.62928002449064,,-101.69742515253532,4.1644449452229955,-0.034145266502990566,0.001398226968661125,-101.69742515253532,4.1644449452229955,0.0,False,False,,,,,,,,,,,
paired_gain,nuScenes,mono,plan_ade,JC_ade,,,,,,,dE_E5_loc_heavy,0.1,,,,False,752.0,24.0,2978.375498800933,9.91377933914723,7.837624598871421,2.0761547402758085,0.0006970762219577919,0.06443707089828267,153.85211029838175,,-24.037127419021694,32.31499211798483,-0.00807054967672774,0.010849871727387815,-24.037127419021694,32.31499211798483,0.0,False,False,,,,,,,,,,,
paired_gain,nuScenes,mono,plan_ade,JC_ade,,,,,,,dE_E5_loc_heavy,0.2,,,,False,752.0,24.0,2978.375498800933,1.772146569676727,15.675249197742842,-13.903102628066115,-0.004668015377397302,0.01042824933834499,169.93711141528715,,-48.881674487585805,21.759908277669368,-0.01641219332729037,0.007305965378250562,-48.881674487585805,21.759908277669368,0.0,False,False,,,,,,,,,,,
paired_gain,nuScenes,mono,plan_ade,JC_ade,,,,,,,dE_E5_loc_heavy,0.3,,,,False,752.0,24.0,2978.375498800933,0.08061323258275446,23.61737545793255,-23.536762225349793,-0.007902550311344382,0.0004616260497366217,174.62886383631928,,-68.1050209928736,14.821269531949504,-0.022866499210825522,0.004976293129565567,-68.1050209928736,14.821269531949504,0.0,False,False,,,,,,,,,,,
paired_gain,nuScenes,mono,plan_ade,JC_ade,,,,,,,dE_E5_loc_heavy,0.5,,,,False,752.0,24.0,2978.375498800933,-1.462455590799285,39.29262465567539,-40.75508024647468,-0.013683660862400426,-0.008374629905100593,174.62928002449064,,-105.99917697674061,9.730160167428512,-0.035589594736934585,0.0032669353381888163,-105.99917697674061,9.730160167428512,0.0,False,False,,,,,,,,,,,
paired_gain,nuScenes,mono,plan_ade,JC_ade,,,,,,,dE_E6_risk_weighted,0.1,,,,False,752.0,24.0,2978.375498800933,50.00130495510092,7.837624598871421,42.1636803562295,0.01415660328027954,0.32499589936158874,153.85211029838175,,-4.071674283982333,111.41560107623847,-0.0013670788943911042,0.03740817808939584,-4.071674283982333,111.41560107623847,0.0,False,False,,,,,,,,,,,
paired_gain,nuScenes,mono,plan_ade,JC_ade,,,,,,,dE_E6_risk_weighted,0.2,,,,False,752.0,24.0,2978.375498800933,68.66943899974942,15.675249197742842,52.994189802006574,0.017792984740621708,0.40408736165896764,169.93711141528715,,-9.795382278657051,159.7562971098339,-0.0032888338903541824,0.05363873600697774,-9.795382278657051,159.7562971098339,0.0,False,False,,,,,,,,,,,
paired_gain,nuScenes,mono,plan_ade,JC_ade,,,,,,,dE_E6_risk_weighted,0.3,,,,False,752.0,24.0,2978.375498800933,68.964935185332,23.61737545793255,45.34755972739944,0.015225601924826455,0.3949228877190271,174.62886383631928,,-14.266271813788485,147.20622507978115,-0.0047899507028351385,0.04942500538936243,-14.266271813788485,147.20622507978115,0.0,False,False,,,,,,,,,,,
paired_gain,nuScenes,mono,plan_ade,JC_ade,,,,,,,dE_E6_risk_weighted,0.5,,,,False,752.0,24.0,2978.375498800933,71.88970552462214,39.29262465567539,32.597080868946755,0.010944584013019863,0.41167039980088144,174.62928002449064,,-15.928722684441995,106.0863423781016,-0.005348124402330986,0.0356188608255779,-15.928722684441995,106.0863423781016,0.0,False,False,,,,,,,,,,,
paired_gain,nuScenes,mono,plan_ade,JC_ade,,,,,,,gate_ridge,0.1,,,,False,752.0,24.0,2978.375498800933,-1.2211050702145243,7.837624598871421,-9.058729669085945,-0.0030415001979209495,-0.00793687566485962,153.85211029838175,,-24.680043069978026,21.88620895187331,-0.008286410857164916,0.007348371271750153,-24.680043069978026,21.88620895187331,0.0,False,False,,,,,,,,,,,
paired_gain,nuScenes,mono,plan_ade,JC_ade,,,,,,,gate_ridge,0.2,,,,False,752.0,24.0,2978.375498800933,10.647596671293366,15.675249197742842,-5.027652526449476,-0.0016880519358534755,0.06265610014561854,169.93711141528715,,-30.57990694098406,25.30435886871327,-0.010267310805267922,0.008496027072107119,-30.57990694098406,25.30435886871327,0.0,False,False,,,,,,,,,,,
paired_gain,nuScenes,mono,plan_ade,JC_ade,,,,,,,gate_ridge,0.3,,,,False,752.0,24.0,2978.375498800933,24.454020485091117,23.61737545793255,0.8366450271585677,0.00028090649667759937,0.1400342414642978,174.62886383631928,,-26.879815611105435,25.086677566755196,-0.009024992188502425,0.008422939812946643,-26.879815611105435,25.086677566755196,0.0,False,False,,,,,,,,,,,
paired_gain,nuScenes,mono,plan_ade,JC_ade,,,,,,,gate_ridge,0.5,,,,False,752.0,24.0,2978.375498800933,38.4079457740058,39.29262465567539,-0.8846788816695863,-0.0002970340314798285,0.21993989649742204,174.62928002449064,,-26.50215319054308,32.09354963259851,-0.008898190708731187,0.010775521637724685,-26.50215319054308,32.09354963259851,0.0,False,False,,,,,,,,,,,
paired_gain,nuScenes,mono,plan_ade,JC_ade,,,,,,,gate_gbm,0.1,,,,False,752.0,24.0,2978.375498800933,4.597520811645431,7.837624598871421,-3.2401037872259897,-0.0010878761890602531,0.029882728307911867,153.85211029838175,,-19.466811352516363,13.142574619613303,-0.006536050058279597,0.004412665436209901,-19.466811352516363,13.142574619613303,0.0,False,False,,,,,,,,,,,
paired_gain,nuScenes,mono,plan_ade,JC_ade,,,,,,,gate_gbm,0.2,,,,False,752.0,24.0,2978.375498800933,7.1417770190609815,15.675249197742842,-8.53347217868186,-0.0028651431567703126,0.042025999851251584,169.93711141528715,,-25.607114844073255,16.215821200886126,-0.008597678450679724,0.0054445187342611655,-25.607114844073255,16.215821200886126,0.0,False,False,,,,,,,,,,,
paired_gain,nuScenes,mono,plan_ade,JC_ade,,,,,,,gate_gbm,0.3,,,,False,752.0,24.0,2978.375498800933,17.842231302118144,23.61737545793255,-5.775144155814406,-0.0019390248671261989,0.10217229219816593,174.62886383631928,,-21.495693319231307,9.273492325530803,-0.007217254281028459,0.0031136075116331794,-21.495693319231307,9.273492325530803,0.0,False,False,,,,,,,,,,,
paired_gain,nuScenes,mono,plan_ade,JC_ade,,,,,,,gate_gbm,0.5,,,,False,752.0,24.0,2978.375498800933,44.470508755735,39.29262465567539,5.177884100059607,0.0017384927126026172,0.25465665751756117,174.62928002449064,,-28.717319561334932,30.555330406491915,-0.009641940572267084,0.010259059147778114,-28.717319561334932,30.555330406491915,0.0,False,False,,,,,,,,,,,
paired_gain,nuScenes,mono,plan_ade,JC_ade,,,,,,,R1_mlp_reg,0.1,,,,False,752.0,24.0,2978.375498800933,26.168917021691158,7.837624598871421,18.331292422819736,0.006154795602569168,0.1700913752235117,153.85211029838175,,-10.543267495419677,58.88323372669972,-0.003539938969973497,0.019770251853873218,-10.543267495419677,58.88323372669972,0.0,False,False,,,,,,,,,,,
paired_gain,nuScenes,mono,plan_ade,JC_ade,,,,,,,R1_mlp_reg,0.2,,,,False,752.0,24.0,2978.375498800933,42.49721238938536,15.675249197742842,26.821963191642517,0.009005568036146145,0.2500761136602585,169.93711141528715,,-12.372322270317298,72.54214151349686,-0.004154050513542796,0.024356277958471544,-12.372322270317298,72.54214151349686,0.0,False,False,,,,,,,,,,,
paired_gain,nuScenes,mono,plan_ade,JC_ade,,,,,,,R1_mlp_reg,0.3,,,,False,752.0,24.0,2978.375498800933,47.12051644375705,23.61737545793255,23.503140985824498,0.007891261862477263,0.2698323484937942,174.62886383631928,,-17.931224307549392,63.33329768698826,-0.006020471332365022,0.02126437640669743,-17.931224307549392,63.33329768698826,0.0,False,False,,,,,,,,,,,
paired_gain,nuScenes,mono,plan_ade,JC_ade,,,,,,,R1_mlp_reg,0.5,,,,False,752.0,24.0,2978.375498800933,47.24172641587957,39.29262465567539,7.949101760204179,0.0026689387430847505,0.2705258042022175,174.62928002449064,,-25.933350904641472,37.35500945357223,-0.008707213350056768,0.012542075191194333,-25.933350904641472,37.35500945357223,0.0,False,False,,,,,,,,,,,
paired_gain,nuScenes,mono,plan_ade,JC_ade,,,,,,,R1_mlp_clf,0.1,,,,False,752.0,24.0,2978.375498800933,10.944249352749996,7.837624598871421,3.1066247538785747,0.0010430601363492526,0.07113486666854715,153.85211029838175,,-17.99982134681622,30.858000603509193,-0.006043503028433716,0.010360681725971875,-17.99982134681622,30.858000603509193,0.0,False,False,,,,,,,,,,,
paired_gain,nuScenes,mono,plan_ade,JC_ade,,,,,,,R1_mlp_clf,0.2,,,,False,752.0,24.0,2978.375498800933,17.288342146574642,15.675249197742842,1.6130929488318007,0.0005416016044589465,0.10173376493569976,169.93711141528715,,-23.873844577171525,40.762109092759,-0.008015726890978963,0.013686020822145982,-23.873844577171525,40.762109092759,0.0,False,False,,,,,,,,,,,
paired_gain,nuScenes,mono,plan_ade,JC_ade,,,,,,,R1_mlp_clf,0.3,,,,False,752.0,24.0,2978.375498800933,21.039280784025905,23.61737545793255,-2.5780946739066444,-0.0008656043117949908,0.1204799729084085,174.62886383631928,,-30.37592103415099,36.31359606458628,-0.010198821822963578,0.01219241700020894,-30.37592103415099,36.31359606458628,0.0,False,False,,,,,,,,,,,
paired_gain,nuScenes,mono,plan_ade,JC_ade,,,,,,,R1_mlp_clf,0.5,,,,False,752.0,24.0,2978.375498800933,28.726755008600108,39.29262465567539,-10.565869647075282,-0.0035475277215142966,0.16450136543294094,174.62928002449064,,-42.515532059423435,31.532624449474838,-0.014274738721339804,0.01058718904388301,-42.515532059423435,31.532624449474838,0.0,False,False,,,,,,,,,,,
paired_gain,nuScenes,mono,plan_ade,JC_ade,,,,,,,R1_gbm_reg,0.1,,,,False,752.0,24.0,2978.375498800933,-6.525101570011802,7.837624598871421,-14.362726168883222,-0.004822335590212021,-0.042411518160894765,153.85211029838175,,-27.466943136720243,-3.5744214054617993,-0.00922212231056097,-0.0012001244997149718,-27.466943136720243,-3.5744214054617993,0.0,False,False,,,,,,,,,,,
paired_gain,nuScenes,mono,plan_ade,JC_ade,,,,,,,R1_gbm_reg,0.2,,,,False,752.0,24.0,2978.375498800933,-3.670346986686976,15.675249197742842,-19.345596184429816,-0.0064953516412615455,-0.02159826630051098,169.93711141528715,,-35.71953249229058,-6.100033647156669,-0.01199295807619655,-0.00204810765117175,-35.71953249229058,-6.100033647156669,0.0,False,False,,,,,,,,,,,
paired_gain,nuScenes,mono,plan_ade,JC_ade,,,,,,,R1_gbm_reg,0.3,,,,False,752.0,24.0,2978.375498800933,-1.362058600683966,23.61737545793255,-24.979434058616516,-0.008386932429666108,-0.007799733507747218,174.62886383631928,,-43.57403134814064,-1.871370277635636,-0.01463013356297188,-0.0006283191217457411,-43.57403134814064,-1.871370277635636,0.0,False,False,,,,,,,,,,,
paired_gain,nuScenes,mono,plan_ade,JC_ade,,,,,,,R1_gbm_reg,0.5,,,,False,752.0,24.0,2978.375498800933,17.25136041027482,39.29262465567539,-22.04126424540057,-0.00740043162934767,0.09878847583781727,174.62928002449064,,-43.22048899174278,-2.2130209314349014,-0.014511430479179995,-0.0007430295247613484,-43.22048899174278,-2.2130209314349014,0.0,False,False,,,,,,,,,,,
paired_gain,nuScenes,mono,plan_ade,JC_ade,,,,,,,R1_gbm_clf,0.1,,,,False,752.0,24.0,2978.375498800933,7.473732626468722,7.837624598871421,-0.36389197240269855,-0.0001221780035959865,0.04857738130451456,153.85211029838175,,-15.264116481623835,15.35476949285158,-0.005124980543174972,0.005155417609039985,-15.264116481623835,15.35476949285158,0.0,False,False,,,,,,,,,,,
paired_gain,nuScenes,mono,plan_ade,JC_ade,,,,,,,R1_gbm_clf,0.2,,,,False,752.0,24.0,2978.375498800933,15.312209086453821,15.675249197742842,-0.3630401112890205,-0.00012189198824499365,0.09010515101103672,169.93711141528715,,-41.982833795707684,51.68153822855565,-0.014095883414502164,0.017352257379689755,-41.982833795707684,51.68153822855565,0.0,False,False,,,,,,,,,,,
paired_gain,nuScenes,mono,plan_ade,JC_ade,,,,,,,R1_gbm_clf,0.3,,,,False,752.0,24.0,2978.375498800933,45.14579007150322,23.61737545793255,21.52841461357067,0.007228240570149,0.2585242157551838,174.62886383631928,,-41.374972768292466,87.20944812639752,-0.013891791946633208,0.029280877498994752,-41.374972768292466,87.20944812639752,0.0,False,False,,,,,,,,,,,
paired_gain,nuScenes,mono,plan_ade,JC_ade,,,,,,,R1_gbm_clf,0.5,,,,False,752.0,24.0,2978.375498800933,67.19134145595567,39.29262465567539,27.898716800280276,0.009367091829593699,0.38476561001988047,174.62928002449064,,-25.13429233958289,94.63827647242796,-0.008438926639606633,0.03177513262197076,-25.13429233958289,94.63827647242796,0.0,False,False,,,,,,,,,,,
paired_gain,nuScenes,mono,plan_ade,JC_ade,,,,,,,R2_cnn_clf,0.1,,,,False,752.0,24.0,2978.375498800933,4.986528056202017,7.837624598871421,-2.8510965426694037,-0.0009572656449185904,0.03241117750371518,153.85211029838175,,-21.258642457502454,28.092199058674215,-0.007137663624368717,0.00943205417516491,-21.258642457502454,28.092199058674215,0.0,False,False,,,,,,,,,,,
paired_gain,nuScenes,mono,plan_ade,JC_ade,,,,,,,R2_cnn_clf,0.2,,,,False,752.0,24.0,2978.375498800933,10.085139539564311,15.675249197742842,-5.59010965817853,-0.0018768988868022374,0.05934630438032193,169.93711141528715,,-28.20986726790155,21.75040976952988,-0.009471561688329288,0.00730277622089169,-28.20986726790155,21.75040976952988,0.0,False,False,,,,,,,,,,,
paired_gain,nuScenes,mono,plan_ade,JC_ade,,,,,,,R2_cnn_clf,0.3,,,,False,752.0,24.0,2978.375498800933,15.881359868730705,23.61737545793255,-7.736015589201845,-0.002597394315228652,0.09094349879992578,174.62886383631928,,-32.08768643662227,21.325067942137498,-0.010773553049150612,0.0071599662133679165,-32.08768643662227,21.325067942137498,0.0,False,False,,,,,,,,,,,
paired_gain,nuScenes,mono,plan_ade,JC_ade,,,,,,,R2_cnn_clf,0.5,,,,False,752.0,24.0,2978.375498800933,47.0205838301827,39.29262465567539,7.727959174507312,0.0025946893457922003,0.2692594496386194,174.62928002449064,,-19.9084128869585,32.493536517747366,-0.006684319319365019,0.010909818634631183,-19.9084128869585,32.493536517747366,0.0,False,False,,,,,,,,,,,
paired_gain,nuScenes,mono,plan_ade,JC_ade,,,,,,,trivial_ego_speed,0.1,,,,True,752.0,24.0,2978.375498800933,-2.4480002608044695,7.837624598871421,-10.28562485967589,-0.003453434553103458,-0.01591138565507358,153.85211029838175,,-24.653577700657813,1.3937954042205312,-0.008277525016769417,0.00046797168616974605,-24.653577700657813,1.3937954042205312,0.0,False,False,,,,,,,,,,,
paired_gain,nuScenes,mono,plan_ade,JC_ade,,,,,,,trivial_ego_speed,0.2,,,,True,752.0,24.0,2978.375498800933,-2.563584353076707,15.675249197742842,-18.23883355081955,-0.006123752212628105,-0.015085488577076596,169.93711141528715,,-46.35483743441624,2.9179698339179887,-0.015563798941093316,0.000979718586555905,-46.35483743441624,2.9179698339179887,0.0,False,False,,,,,,,,,,,
paired_gain,nuScenes,mono,plan_ade,JC_ade,,,,,,,trivial_ego_speed,0.3,,,,True,752.0,24.0,2978.375498800933,-3.778833853549148,23.61737545793255,-27.396209311481698,-0.009198373181122113,-0.02163922830701729,174.62886383631928,,-66.88755435621478,6.929191255969617,-0.02245773052563154,0.002326500220928908,-66.88755435621478,6.929191255969617,0.0,False,False,,,,,,,,,,,
paired_gain,nuScenes,mono,plan_ade,JC_ade,,,,,,,trivial_ego_speed,0.5,,,,True,752.0,24.0,2978.375498800933,11.486980361941143,39.29262465567539,-27.805644293734247,-0.009335842409705742,0.06577923450368785,174.62928002449064,,-104.50697680660406,19.11068579436175,-0.035088583306126984,0.006416479655454974,-104.50697680660406,19.11068579436175,0.0,False,False,,,,,,,,,,,
paired_gain,nuScenes,mono,plan_ade,JC_ade,,,,,,,trivial_n_det,0.1,,,,True,752.0,24.0,2978.375498800933,4.4974679112703235,7.837624598871421,-3.3401566876010973,-0.0011214693006123015,0.029232409633822416,153.85211029838175,,-37.62187938632141,31.44944646873518,-0.012631677705335555,0.010559261745671907,-37.62187938632141,31.44944646873518,0.0,False,False,,,,,,,,,,,
paired_gain,nuScenes,mono,plan_ade,JC_ade,,,,,,,trivial_n_det,0.2,,,,True,752.0,24.0,2978.375498800933,1.2935884599715255,15.675249197742842,-14.381660737771316,-0.004828692937999672,0.0076121598701904105,169.93711141528715,,-54.072848725640775,26.731537042535606,-0.018155148250249175,0.00897520714003237,-54.072848725640775,26.731537042535606,0.0,False,False,,,,,,,,,,,
paired_gain,nuScenes,mono,plan_ade,JC_ade,,,,,,,trivial_n_det,0.3,,,,True,752.0,24.0,2978.375498800933,-1.8254782897961634,23.61737545793255,-25.442853747728712,-0.008542527212559926,-0.010453474011645609,174.62886383631928,,-73.93551847154458,19.480825458627127,-0.024824109149873933,0.006540755343464895,-73.93551847154458,19.480825458627127,0.0,False,False,,,,,,,,,,,
paired_gain,nuScenes,mono,plan_ade,JC_ade,,,,,,,trivial_n_det,0.5,,,,True,752.0,24.0,2978.375498800933,11.032975316991397,39.29262465567539,-28.259649338683992,-0.009488276192864556,0.06317941249854603,174.62928002449064,,-93.15682364295672,13.362757027481093,-0.03127772964841431,0.0044865924504350835,-93.15682364295672,13.362757027481093,0.0,False,False,,,,,,,,,,,
paired_gain,nuScenes,mono,plan_ade,JC_ade,,,,,,,trivial_risk_cheap,0.1,,,,True,752.0,24.0,2978.375498800933,-3.508496990445693,7.837624598871421,-11.346121589317114,-0.003809500042518131,-0.022804347523354033,153.85211029838175,,-38.38185186469462,6.05201278740344,-0.012886841125354006,0.002031984479404939,-38.38185186469462,6.05201278740344,0.0,False,False,,,,,,,,,,,
paired_gain,nuScenes,mono,plan_ade,JC_ade,,,,,,,trivial_risk_cheap,0.2,,,,True,752.0,24.0,2978.375498800933,-10.278597763500667,15.675249197742842,-25.953846961243507,-0.00871409497281061,-0.06048471506840046,169.93711141528715,,-60.692433852960434,0.5192199247573118,-0.020377697129658316,0.00017432990734927314,-60.692433852960434,0.5192199247573118,0.0,False,False,,,,,,,,,,,
paired_gain,nuScenes,mono,plan_ade,JC_ade,,,,,,,trivial_risk_cheap,0.3,,,,True,752.0,24.0,2978.375498800933,-17.30407613106461,23.61737545793255,-40.92145158899716,-0.01373952062306172,-0.0990905841733233,174.62886383631928,,-80.18702650799405,4.231094241215033,-0.026923074857510953,0.001420604703106923,-80.18702650799405,4.231094241215033,0.0,False,False,,,,,,,,,,,
paired_gain,nuScenes,mono,plan_ade,JC_ade,,,,,,,trivial_risk_cheap,0.5,,,,True,752.0,24.0,2978.375498800933,0.2664794140342045,39.29262465567539,-39.02614524164119,-0.013103164882115353,0.0015259721279090909,174.62928002449064,,-102.90288778731716,10.203403703964211,-0.034550004802532425,0.003425828512245017,-102.90288778731716,10.203403703964211,0.0,False,False,,,,,,,,,,,
paired_gain,nuScenes,mono,plan_ade,JC_ade,,,,,,,trivial_area_max,0.1,,,,True,752.0,24.0,2978.375498800933,-14.86985654669076,7.837624598871421,-22.70748114556218,-0.007624116285775251,-0.09665032554868483,153.85211029838175,,-40.15092417647197,-4.681583034696539,-0.013480813346952513,-0.0015718578925260772,-40.15092417647197,-4.681583034696539,0.0,False,False,,,,,,,,,,,
paired_gain,nuScenes,mono,plan_ade,JC_ade,,,,,,,trivial_area_max,0.2,,,,True,752.0,24.0,2978.375498800933,-14.465666085113583,15.675249197742842,-30.140915282856426,-0.010119917819291384,-0.08512364347398389,169.93711141528715,,-62.208376767589456,-5.940977926042607,-0.02088668027004452,-0.001994704136007831,-62.208376767589456,-5.940977926042607,0.0,False,False,,,,,,,,,,,
paired_gain,nuScenes,mono,plan_ade,JC_ade,,,,,,,trivial_area_max,0.3,,,,True,752.0,24.0,2978.375498800933,2.9277398782057835,23.61737545793255,-20.689635579726765,-0.006946617573256369,0.016765498061935353,174.62886383631928,,-72.80382683403604,15.67918896208364,-0.0244441397209137,0.005264342581516648,-72.80382683403604,15.67918896208364,0.0,False,False,,,,,,,,,,,
paired_gain,nuScenes,mono,plan_ade,JC_ade,,,,,,,trivial_area_max,0.5,,,,True,752.0,24.0,2978.375498800933,7.274013031294953,39.29262465567539,-32.01861162438043,-0.01075036093913304,0.04165402863869575,174.62928002449064,,-104.88796786664506,15.00301264731087,-0.03521650238825561,0.005037314016768855,-104.88796786664506,15.00301264731087,0.0,False,False,,,,,,,,,,,
paired_gain,nuScenes,mono,plan_ade,JC_ade,,,,,,,oracle,0.1,,,,False,752.0,24.0,2978.375498800933,153.85211029838175,7.837624598871421,146.01448569951032,0.04902487472056308,1.0,153.85211029838175,,66.14570810577406,257.8272921879662,0.02220865305009517,0.08656641591759169,66.14570810577406,257.8272921879662,0.0,True,True,,,,,,,,,,,
paired_gain,nuScenes,mono,plan_ade,JC_ade,,,,,,,oracle,0.2,,,,False,752.0,24.0,2978.375498800933,169.93711141528715,15.675249197742842,154.26186221754432,0.05179396025774747,1.0,169.93711141528715,,77.0323359007303,263.25680161245884,0.025863876442625458,0.08838939271372721,77.0323359007303,263.25680161245884,0.0,True,True,,,,,,,,,,,
paired_gain,nuScenes,mono,plan_ade,JC_ade,,,,,,,oracle,0.3,,,,False,752.0,24.0,2978.375498800933,174.62886383631928,23.61737545793255,151.01148837838673,0.050702635862799224,1.0,174.62886383631928,,80.2122117407611,252.34849123852686,0.02693153088757741,0.08472688931940249,80.2122117407611,252.34849123852686,0.0,True,True,,,,,,,,,,,
paired_gain,nuScenes,mono,plan_ade,JC_ade,,,,,,,oracle,0.5,,,,False,752.0,24.0,2978.375498800933,174.62928002449064,39.29262465567539,135.33665536881526,0.045439755807587245,1.0,174.62928002449064,,76.84121141421728,212.85644033238535,0.02579970572721702,0.0714672949794542,76.84121141421728,212.85644033238535,0.0,True,True,,,,,,,,,,,
paired_gain,nuScenes,mono,plan_fde,JC_fde,,,,,,,uncertainty,0.1,,,,False,752.0,24.0,5729.766952419244,-19.51280471714583,17.368684980013377,-36.88148969715921,-0.006436821951647958,-0.046981542965391726,415.3291587617643,,-137.90872637924144,62.253862670709786,-0.024068819469352604,0.010864990354350228,-137.90872637924144,62.253862670709786,0.0,False,False,,,,,,,,,,,
paired_gain,nuScenes,mono,plan_fde,JC_fde,,,,,,,uncertainty,0.2,,,,False,752.0,24.0,5729.766952419244,-25.811456645217056,34.737369960026754,-60.54882660524381,-0.010567415238359502,-0.059225969948410534,435.8131520294294,,-164.7717725000511,41.58364715664115,-0.02875715083498824,0.007257476176947047,-164.7717725000511,41.58364715664115,0.0,False,False,,,,,,,,,,,
paired_gain,nuScenes,mono,plan_fde,JC_fde,,,,,,,uncertainty,0.3,,,,False,752.0,24.0,5729.766952419244,-44.482080614431304,52.33763740644031,-96.81971802087162,-0.016897671201093444,-0.10206686146871387,435.8131520294294,,-211.15093591037837,26.35640912949854,-0.03685157488320278,0.004599909446294362,-211.15093591037837,26.35640912949854,0.0,False,False,,,,,,,,,,,
paired_gain,nuScenes,mono,plan_fde,JC_fde,,,,,,,uncertainty,0.5,,,,False,752.0,24.0,5729.766952419244,25.745401589459682,87.07500736646706,-61.32960577700738,-0.010703682416108138,0.05907440257269051,435.8131520294294,,-211.82039129670576,45.19252609494184,-0.0369684130359386,0.007887323598014834,-211.82039129670576,45.19252609494184,0.0,False,False,,,,,,,,,,,
paired_gain,nuScenes,mono,plan_fde,JC_fde,,,,,,,criticality_cheap,0.1,,,,False,752.0,24.0,5729.766952419244,-4.483426715369822,17.368684980013377,-21.8521116953832,-0.003813787170899982,-0.010794875873238524,415.3291587617643,,-82.7715528446532,36.76826945407146,-0.014445884716079958,0.006417061943251813,-82.7715528446532,36.76826945407146,0.0,False,False,,,,,,,,,,,
paired_gain,nuScenes,mono,plan_fde,JC_fde,,,,,,,criticality_cheap,0.2,,,,False,752.0,24.0,5729.766952419244,-20.76865132701904,34.737369960026754,-55.5060212870458,-0.009687308706964047,-0.04765494393711318,435.8131520294294,,-130.1148180773213,11.41604263667861,-0.02270857072509445,0.001992409592131576,-130.1148180773213,11.41604263667861,0.0,False,False,,,,,,,,,,,
paired_gain,nuScenes,mono,plan_fde,JC_fde,,,,,,,criticality_cheap,0.3,,,,False,752.0,24.0,5729.766952419244,-31.934880170640625,52.33763740644031,-84.27251757708093,-0.014707843840227929,-0.07327654069623889,435.8131520294294,,-161.79434864837003,1.5915214407564096,-0.028237509481961846,0.0002777637300037886,-161.79434864837003,1.5915214407564096,0.0,False,False,,,,,,,,,,,
paired_gain,nuScenes,mono,plan_fde,JC_fde,,,,,,,criticality_cheap,0.5,,,,False,752.0,24.0,5729.766952419244,-33.45683397211573,87.07500736646706,-120.5318413385828,-0.02103608093304587,-0.07676875701506244,435.8131520294294,,-254.96019702644523,2.798590984706596,-0.04449748116174166,0.0004884301591925941,-254.96019702644523,2.798590984706596,0.0,False,False,,,,,,,,,,,
paired_gain,nuScenes,mono,plan_fde,JC_fde,,,,,,,criticality_gt,0.1,,,,False,752.0,24.0,5729.766952419244,-39.1031748274995,17.368684980013377,-56.47185980751288,-0.009855873768769795,-0.094149842366183,415.3291587617643,,-105.13210351917111,17.436594703088144,-0.018348408302152994,0.003043159494597943,-105.13210351917111,17.436594703088144,0.0,False,False,,,,,,,,,,,
paired_gain,nuScenes,mono,plan_fde,JC_fde,,,,,,,criticality_gt,0.2,,,,False,752.0,24.0,5729.766952419244,-16.053227572630085,34.737369960026754,-50.79059753265684,-0.008864339152783838,-0.03683511499796603,435.8131520294294,,-133.71676010708475,15.341369983300677,-0.02333720746715996,0.002677485857749098,-133.71676010708475,15.341369983300677,0.0,False,False,,,,,,,,,,,
paired_gain,nuScenes,mono,plan_fde,JC_fde,,,,,,,criticality_gt,0.3,,,,False,752.0,24.0,5729.766952419244,-55.6290481123691,52.33763740644031,-107.96668551880941,-0.018843119871258168,-0.127644261889124,435.8131520294294,,-195.98601111314056,-10.083108948022206,-0.03420488350409969,-0.0017597764502035945,-195.98601111314056,-10.083108948022206,0.0,False,False,,,,,,,,,,,
paired_gain,nuScenes,mono,plan_fde,JC_fde,,,,,,,criticality_gt,0.5,,,,False,752.0,24.0,5729.766952419244,40.541527429205395,87.07500736646706,-46.53347993726167,-0.00812135647464931,0.0930250205630961,435.8131520294294,,-239.1337515733007,55.457378592512946,-0.0417353364559326,0.009678819235239142,-239.1337515733007,55.457378592512946,0.0,False,False,,,,,,,,,,,
paired_gain,nuScenes,mono,plan_fde,JC_fde,,,,,,,PKL,0.1,,,,False,752.0,24.0,5729.766952419244,57.33859329561352,17.368684980013377,39.969908315600144,0.006975834906989348,0.1380557856004118,415.3291587617643,,-25.453121024427922,133.87755929646835,-0.004442261131350379,0.023365271294313646,-25.453121024427922,133.87755929646835,0.0,False,False,,,,,,,,,,,
paired_gain,nuScenes,mono,plan_fde,JC_fde,,,,,,,PKL,0.2,,,,False,752.0,24.0,5729.766952419244,33.718571223981044,34.737369960026754,-1.01879873604571,-0.000177808058251924,0.07736932918835848,435.8131520294294,,-52.097641734114646,120.81399386023877,-0.009092453875827843,0.021085324213618882,-52.097641734114646,120.81399386023877,0.0,False,False,,,,,,,,,,,
paired_gain,nuScenes,mono,plan_fde,JC_fde,,,,,,,PKL,0.3,,,,False,752.0,24.0,5729.766952419244,87.5995424472282,52.33763740644031,35.261905040787894,0.006154160428095505,0.20100252146890882,435.8131520294294,,-57.50252049241468,111.50460411736323,-0.010035752059363558,0.01946058278518349,-57.50252049241468,111.50460411736323,0.0,False,False,,,,,,,,,,,
paired_gain,nuScenes,mono,plan_fde,JC_fde,,,,,,,PKL,0.5,,,,False,752.0,24.0,5729.766952419244,74.00740154995925,87.07500736646706,-13.067605816507808,-0.0022806522368227127,0.16981452075352174,435.8131520294294,,-138.46296533750456,93.46523968120849,-0.024165549225181347,0.016312223596065323,-138.46296533750456,93.46523968120849,0.0,False,False,,,,,,,,,,,
paired_gain,nuScenes,mono,plan_fde,JC_fde,,,,,,,TIP,0.1,,,,False,752.0,24.0,5729.766952419244,35.120776086202994,17.368684980013377,17.752091106189617,0.003098222188372646,0.0845613060034355,415.3291587617643,,-43.35677486475351,98.19138098067745,-0.007566935134499187,0.01713706365303718,-43.35677486475351,98.19138098067745,0.0,False,False,,,,,,,,,,,
paired_gain,nuScenes,mono,plan_fde,JC_fde,,,,,,,TIP,0.2,,,,False,752.0,24.0,5729.766952419244,73.29841998564501,34.737369960026754,38.56105002561826,0.006729950859403953,0.16818771908172095,435.8131520294294,,-56.53883599490345,148.7210955851665,-0.009867562933084287,0.02595587164716584,-56.53883599490345,148.7210955851665,0.0,False,False,,,,,,,,,,,
paired_gain,nuScenes,mono,plan_fde,JC_fde,,,,,,,TIP,0.3,,,,False,752.0,24.0,5729.766952419244,75.80851949837384,52.33763740644031,23.470882091933532,0.004096306583991792,0.17394729632495046,435.8131520294294,,-79.13213491185341,143.0268758610538,-0.013810707410786043,0.0249620756042555,-79.13213491185341,143.0268758610538,0.0,False,False,,,,,,,,,,,
paired_gain,nuScenes,mono,plan_fde,JC_fde,,,,,,,TIP,0.5,,,,False,752.0,24.0,5729.766952419244,79.84225450795675,87.07500736646706,-7.23275285851031,-0.0012623118738636428,0.18320294864016679,435.8131520294294,,-144.21516333630922,133.5672899297735,-0.025169464052184204,0.023311120860400474,-144.21516333630922,133.5672899297735,0.0,False,False,,,,,,,,,,,
paired_gain,nuScenes,mono,plan_fde,JC_fde,,,,,,,dE_exact,0.1,,,,False,752.0,24.0,5729.766952419244,78.2471979221603,17.368684980013377,60.87851294214692,0.010624954461095936,0.18839803628389942,415.3291587617643,,-57.3473285183569,269.9962329284623,-0.010008666843621535,0.0471216779269641,-57.3473285183569,269.9962329284623,0.0,False,False,,,,,,,,,,,
paired_gain,nuScenes,mono,plan_fde,JC_fde,,,,,,,dE_exact,0.2,,,,False,752.0,24.0,5729.766952419244,115.1224212477172,34.737369960026754,80.38505128769044,0.014029375357709786,0.26415545449152317,435.8131520294294,,-81.11954172632248,289.23446608634276,-0.014157563893950674,0.050479272278992265,-81.11954172632248,289.23446608634276,0.0,False,False,,,,,,,,,,,
paired_gain,nuScenes,mono,plan_fde,JC_fde,,,,,,,dE_exact,0.3,,,,False,752.0,24.0,5729.766952419244,105.92446922622237,52.33763740644031,53.58683181978206,0.00935235800422152,0.24305018958920624,435.8131520294294,,-87.09496488405337,266.75856634435996,-0.015200437575786534,0.04655661714683319,-87.09496488405337,266.75856634435996,0.0,False,False,,,,,,,,,,,
paired_gain,nuScenes,mono,plan_fde,JC_fde,,,,,,,dE_exact,0.5,,,,False,752.0,24.0,5729.766952419244,106.39245445382124,87.07500736646706,19.317447087354182,0.003371419334812194,0.2441240103892891,435.8131520294294,,-92.40563988528635,174.64395969214323,-0.016127294644378246,0.03048011570844158,-92.40563988528635,174.64395969214323,0.0,False,False,,,,,,,,,,,
paired_gain,nuScenes,mono,plan_fde,JC_fde,,,,,,,dE_E1_fn_only,0.1,,,,False,752.0,24.0,5729.766952419244,78.2471979221603,17.368684980013377,60.87851294214692,0.010624954461095936,0.18839803628389942,415.3291587617643,,-57.3473285183569,269.9962329284623,-0.010008666843621535,0.0471216779269641,-57.3473285183569,269.9962329284623,0.0,False,False,,,,,,,,,,,
paired_gain,nuScenes,mono,plan_fde,JC_fde,,,,,,,dE_E1_fn_only,0.2,,,,False,752.0,24.0,5729.766952419244,115.1224212477172,34.737369960026754,80.38505128769044,0.014029375357709786,0.26415545449152317,435.8131520294294,,-81.11954172632248,289.23446608634276,-0.014157563893950674,0.050479272278992265,-81.11954172632248,289.23446608634276,0.0,False,False,,,,,,,,,,,
paired_gain,nuScenes,mono,plan_fde,JC_fde,,,,,,,dE_E1_fn_only,0.3,,,,False,752.0,24.0,5729.766952419244,105.92446922622237,52.33763740644031,53.58683181978206,0.00935235800422152,0.24305018958920624,435.8131520294294,,-87.09496488405337,266.75856634435996,-0.015200437575786534,0.04655661714683319,-87.09496488405337,266.75856634435996,0.0,False,False,,,,,,,,,,,
paired_gain,nuScenes,mono,plan_fde,JC_fde,,,,,,,dE_E1_fn_only,0.5,,,,False,752.0,24.0,5729.766952419244,106.39245445382124,87.07500736646706,19.317447087354182,0.003371419334812194,0.2441240103892891,435.8131520294294,,-92.40563988528635,174.64395969214323,-0.016127294644378246,0.03048011570844158,-92.40563988528635,174.64395969214323,0.0,False,False,,,,,,,,,,,
paired_gain,nuScenes,mono,plan_fde,JC_fde,,,,,,,dE_E2_fn_fp,0.1,,,,False,752.0,24.0,5729.766952419244,29.57107751295215,17.368684980013377,12.202392532938774,0.0021296490126507905,0.07119913661037781,415.3291587617643,,-82.608143410258,135.19620854653988,-0.014417365330256384,0.02359541141362771,-82.608143410258,135.19620854653988,0.0,False,False,,,,,,,,,,,
paired_gain,nuScenes,mono,plan_fde,JC_fde,,,,,,,dE_E2_fn_fp,0.2,,,,False,752.0,24.0,5729.766952419244,45.66850096022093,34.737369960026754,10.931131000194178,0.0019077793374438717,0.10478917569962884,435.8131520294294,,-82.03992120784953,141.48988648468205,-0.014318195118426295,0.024693829201018664,-82.03992120784953,141.48988648468205,0.0,False,False,,,,,,,,,,,
paired_gain,nuScenes,mono,plan_fde,JC_fde,,,,,,,dE_E2_fn_fp,0.3,,,,False,752.0,24.0,5729.766952419244,61.108982468949534,52.33763740644031,8.771345062509226,0.0015308380140671787,0.14021830728234425,435.8131520294294,,-88.72375645023243,134.1141311353172,-0.015484705955234556,0.023406559507396896,-88.72375645023243,134.1141311353172,0.0,False,False,,,,,,,,,,,
paired_gain,nuScenes,mono,plan_fde,JC_fde,,,,,,,dE_E2_fn_fp,0.5,,,,False,752.0,24.0,5729.766952419244,78.4625370078108,87.07500736646706,-8.612470358656267,-0.0015031100619231777,0.180037102236218,435.8131520294294,,-75.83413787094074,74.94774485440398,-0.013235117326878671,0.01308041766389107,-75.83413787094074,74.94774485440398,0.0,False,False,,,,,,,,,,,
paired_gain,nuScenes,mono,plan_fde,JC_fde,,,,,,,dE_E3_class_aware,0.1,,,,False,752.0,24.0,5729.766952419244,-22.829013229599912,17.368684980013377,-40.19769820961329,-0.0070155904321101345,-0.05496607389103348,415.3291587617643,,-84.47557452331218,10.842361613724648,-0.014743282794013912,0.0018922866678105896,-84.47557452331218,10.842361613724648,0.0,False,False,,,,,,,,,,,
paired_gain,nuScenes,mono,plan_fde,JC_fde,,,,,,,dE_E3_class_aware,0.2,,,,False,752.0,24.0,5729.766952419244,-7.137399063934907,34.737369960026754,-41.87476902396166,-0.007308284852018482,-0.016377199794679297,435.8131520294294,,-117.63577525088714,33.82604363529397,-0.020530638720169674,0.005903563603230287,-117.63577525088714,33.82604363529397,0.0,False,False,,,,,,,,,,,
paired_gain,nuScenes,mono,plan_fde,JC_fde,,,,,,,dE_E3_class_aware,0.3,,,,False,752.0,24.0,5729.766952419244,10.873646102434792,52.33763740644031,-41.46399130400552,-0.007236592979841603,0.024950247719234785,435.8131520294294,,-137.06099023191402,54.64012195215385,-0.023920866480275187,0.009536185748197574,-137.06099023191402,54.64012195215385,0.0,False,False,,,,,,,,,,,
paired_gain,nuScenes,mono,plan_fde,JC_fde,,,,,,,dE_E3_class_aware,0.5,,,,False,752.0,24.0,5729.766952419244,56.019110163085415,87.07500736646706,-31.055897203381647,-0.005420097791284357,0.12853928318184987,435.8131520294294,,-104.98312629187066,50.55418400456859,-0.0183224077285629,0.008823078569229313,-104.98312629187066,50.55418400456859,0.0,False,False,,,,,,,,,,,
paired_gain,nuScenes,mono,plan_fde,JC_fde,,,,,,,dE_E4_localization,0.1,,,,False,752.0,24.0,5729.766952419244,59.25953139029331,17.368684980013377,41.890846410279934,0.007311090792722838,0.14268088368022577,415.3291587617643,,-61.28539477780943,231.62386030024814,-0.010695966395619856,0.04042465639941098,-61.28539477780943,231.62386030024814,0.0,False,False,,,,,,,,,,,
paired_gain,nuScenes,mono,plan_fde,JC_fde,,,,,,,dE_E4_localization,0.2,,,,False,752.0,24.0,5729.766952419244,119.7189613635872,34.737369960026754,84.98159140356044,0.01483159648712749,0.27470249763252413,435.8131520294294,,-75.11950850404013,304.3782399315681,-0.013110395087242228,0.05312227224233829,-75.11950850404013,304.3782399315681,0.0,False,False,,,,,,,,,,,
paired_gain,nuScenes,mono,plan_fde,JC_fde,,,,,,,dE_E4_localization,0.3,,,,False,752.0,24.0,5729.766952419244,142.66931740914242,52.33763740644031,90.33168000270211,0.015765332299346298,0.3273634968214734,435.8131520294294,,-78.97272672041183,281.94996859088224,-0.013782886350563989,0.049207929560178054,-78.97272672041183,281.94996859088224,0.0,False,False,,,,,,,,,,,
paired_gain,nuScenes,mono,plan_fde,JC_fde,,,,,,,dE_E4_localization,0.5,,,,False,752.0,24.0,5729.766952419244,96.04110156409374,87.07500736646706,8.966094197626674,0.001564827029106476,0.22037219647196035,435.8131520294294,,-106.2346773832489,173.41624861180514,-0.018540837396256418,0.03026584677036204,-106.2346773832489,173.41624861180514,0.0,False,False,,,,,,,,,,,
paired_gain,nuScenes,mono,plan_fde,JC_fde,,,,,,,dE_E5_combined,0.1,,,,False,752.0,24.0,5729.766952419244,-33.93338923989617,17.368684980013377,-51.30207421990955,-0.008953605730552198,-0.08170240043117367,415.3291587617643,,-116.17071018112934,-13.911317220462577,-0.02027494506248274,-0.0024279027988370256,-116.17071018112934,-13.911317220462577,0.0,False,False,,,,,,,,,,,
paired_gain,nuScenes,mono,plan_fde,JC_fde,,,,,,,dE_E5_combined,0.2,,,,False,752.0,24.0,5729.766952419244,-21.212391981182847,34.737369960026754,-55.9497619412096,-0.009764753506700002,-0.04867313407684958,435.8131520294294,,-136.01970000516656,-6.867304294390527,-0.02373913304584505,-0.0011985311708866252,-136.01970000516656,-6.867304294390527,0.0,False,False,,,,,,,,,,,
paired_gain,nuScenes,mono,plan_fde,JC_fde,,,,,,,dE_E5_combined,0.3,,,,False,752.0,24.0,5729.766952419244,-35.46817051622984,52.33763740644031,-87.80580792267014,-0.015324498998270155,-0.08138389204425561,435.8131520294294,,-169.18033534270543,7.704805308537607,-0.029526564823247035,0.0013446978511550902,-169.18033534270543,7.704805308537607,0.0,False,False,,,,,,,,,,,
paired_gain,nuScenes,mono,plan_fde,JC_fde,,,,,,,dE_E5_combined,0.5,,,,False,752.0,24.0,5729.766952419244,44.26969927191448,87.07500736646706,-42.80530809455258,-0.007470689200802339,0.10157953945576444,435.8131520294294,,-104.6521457922405,19.620517245858363,-0.018264642639270672,0.0034243133113073844,-104.6521457922405,19.620517245858363,0.0,False,False,,,,,,,,,,,
paired_gain,nuScenes,mono,plan_fde,JC_fde,,,,,,,dE_E5_fp_heavy,0.1,,,,False,752.0,24.0,5729.766952419244,-28.616758248223572,17.368684980013377,-45.985443228236946,-0.008025709179815908,-0.06890139457951794,415.3291587617643,,-105.7083326154455,22.44418405811363,-0.01844897593449467,0.003917119883669468,-105.7083326154455,22.44418405811363,0.0,False,False,,,,,,,,,,,
paired_gain,nuScenes,mono,plan_fde,JC_fde,,,,,,,dE_E5_fp_heavy,0.2,,,,False,752.0,24.0,5729.766952419244,-3.8907033288635535,34.737369960026754,-38.628073288890306,-0.006741648239738723,-0.0089274573535606,435.8131520294294,,-122.14306864655775,43.94932216538718,-0.021317283872249994,0.007670350736835942,-122.14306864655775,43.94932216538718,0.0,False,False,,,,,,,,,,,
paired_gain,nuScenes,mono,plan_fde,JC_fde,,,,,,,dE_E5_fp_heavy,0.3,,,,False,752.0,24.0,5729.766952419244,-3.073327461042814,52.33763740644031,-55.41096486748312,-0.009670718779249354,-0.007051938305972188,435.8131520294294,,-160.66247619223566,34.86543873490987,-0.02803996698755787,0.006084966286488991,-160.66247619223566,34.86543873490987,0.0,False,False,,,,,,,,,,,
paired_gain,nuScenes,mono,plan_fde,JC_fde,,,,,,,dE_E5_fp_heavy,0.5,,,,False,752.0,24.0,5729.766952419244,-20.936664950719106,87.07500736646706,-108.01167231718617,-0.01885097128978013,-0.04804046149875097,435.8131520294294,,-262.3928921333424,11.131188950611172,-0.04579468838999706,0.0019426948849832922,-262.3928921333424,11.131188950611172,0.0,False,False,,,,,,,,,,,
paired_gain,nuScenes,mono,plan_fde,JC_fde,,,,,,,dE_E5_loc_heavy,0.1,,,,False,752.0,24.0,5729.766952419244,-8.842379499464741,17.368684980013377,-26.211064479478118,-0.0045745428561298086,-0.02129005227041329,415.3291587617643,,-120.04577408616872,61.19252238806993,-0.020951248991982568,0.010679757640445217,-120.04577408616872,61.19252238806993,0.0,False,False,,,,,,,,,,,
paired_gain,nuScenes,mono,plan_fde,JC_fde,,,,,,,dE_E5_loc_heavy,0.2,,,,False,752.0,24.0,5729.766952419244,-8.34130901576443,34.737369960026754,-43.078678975791185,-0.0075183998465421596,-0.019139644999059513,435.8131520294294,,-163.5256605837389,56.21444382114744,-0.028539670451115724,0.009810947685649302,-163.5256605837389,56.21444382114744,0.0,False,False,,,,,,,,,,,
paired_gain,nuScenes,mono,plan_fde,JC_fde,,,,,,,dE_E5_loc_heavy,0.3,,,,False,752.0,24.0,5729.766952419244,-10.606503486751556,52.33763740644031,-62.944140893191864,-0.010985462657711645,-0.024337272607218897,435.8131520294294,,-184.45551420557288,34.59897915973244,-0.03219249853219447,0.006038461851423804,-184.45551420557288,34.59897915973244,0.0,False,False,,,,,,,,,,,
paired_gain,nuScenes,mono,plan_fde,JC_fde,,,,,,,dE_E5_loc_heavy,0.5,,,,False,752.0,24.0,5729.766952419244,-21.52779443969075,87.07500736646706,-108.60280180615781,-0.018954139445462634,-0.04939684435736587,435.8131520294294,,-259.54328221199273,15.028283127547997,-0.04529735404027338,0.00262284369544955,-259.54328221199273,15.028283127547997,0.0,False,False,,,,,,,,,,,
paired_gain,nuScenes,mono,plan_fde,JC_fde,,,,,,,dE_E6_risk_weighted,0.1,,,,False,752.0,24.0,5729.766952419244,74.84894110882081,17.368684980013377,57.48025612880743,0.01003186632303394,0.18021595529668719,415.3291587617643,,-38.70584994788835,211.84603956545476,-0.0067552223797768636,0.03697288935564968,-38.70584994788835,211.84603956545476,0.0,False,False,,,,,,,,,,,
paired_gain,nuScenes,mono,plan_fde,JC_fde,,,,,,,dE_E6_risk_weighted,0.2,,,,False,752.0,24.0,5729.766952419244,107.06549980605564,34.737369960026754,72.32812984602889,0.012623223675003086,0.2456683542189791,435.8131520294294,,-49.92100216462044,285.64339187435337,-0.008712571135819512,0.04985253226638614,-49.92100216462044,285.64339187435337,0.0,False,False,,,,,,,,,,,
paired_gain,nuScenes,mono,plan_fde,JC_fde,,,,,,,dE_E6_risk_weighted,0.3,,,,False,752.0,24.0,5729.766952419244,117.64951634613114,52.33763740644031,65.31187893969083,0.011398697273737214,0.26995402914822214,435.8131520294294,,-62.742433986913355,276.4428337761737,-0.010950259322575415,0.04824678491669769,-62.742433986913355,276.4428337761737,0.0,False,False,,,,,,,,,,,
paired_gain,nuScenes,mono,plan_fde,JC_fde,,,,,,,dE_E6_risk_weighted,0.5,,,,False,752.0,24.0,5729.766952419244,138.456686974367,87.07500736646706,51.381679607899926,0.008967499033482568,0.3176973579838576,435.8131520294294,,-54.60632160472328,206.5063655029696,-0.009530286669280186,0.036040971163020456,-54.60632160472328,206.5063655029696,0.0,False,False,,,,,,,,,,,
paired_gain,nuScenes,mono,plan_fde,JC_fde,,,,,,,gate_ridge,0.1,,,,False,752.0,24.0,5729.766952419244,-9.825457568922857,17.368684980013377,-27.194142548936235,-0.004746116687600046,-0.023657037705264533,415.3291587617643,,-51.75791408769778,-0.273181821257141,-0.009033162171778094,-4.767764963665706e-05,-51.75791408769778,-0.273181821257141,0.0,False,False,,,,,,,,,,,
paired_gain,nuScenes,mono,plan_fde,JC_fde,,,,,,,gate_ridge,0.2,,,,False,752.0,24.0,5729.766952419244,-18.775886133283198,34.737369960026754,-53.51325609330995,-0.009339517041040453,-0.04308242201009874,435.8131520294294,,-93.15557903059508,-9.660898843999426,-0.016258179399646015,-0.0016860893164110915,-93.15557903059508,-9.660898843999426,0.0,False,False,,,,,,,,,,,
paired_gain,nuScenes,mono,plan_fde,JC_fde,,,,,,,gate_ridge,0.3,,,,False,752.0,24.0,5729.766952419244,41.61047417333837,52.33763740644031,-10.72716323310194,-0.0018721814206723846,0.09547778441190438,435.8131520294294,,-101.90684726883097,60.76260867458684,-0.0177855134624286,0.010604726017509563,-101.90684726883097,60.76260867458684,0.0,False,False,,,,,,,,,,,
paired_gain,nuScenes,mono,plan_fde,JC_fde,,,,,,,gate_ridge,0.5,,,,False,752.0,24.0,5729.766952419244,88.749867512623,87.07500736646706,1.674860146155936,0.0002923085982491435,0.2036420128657107,435.8131520294294,,-74.07899078388725,96.16350694404353,-0.012928796476200368,0.0167831445401878,-74.07899078388725,96.16350694404353,0.0,False,False,,,,,,,,,,,
paired_gain,nuScenes,mono,plan_fde,JC_fde,,,,,,,gate_gbm,0.1,,,,False,752.0,24.0,5729.766952419244,21.462630126549687,17.368684980013377,4.09394514653631,0.0007145046527254915,0.0516761938664191,415.3291587617643,,-26.076741595982714,42.4872682242544,-0.004551099863664174,0.007415182602900675,-26.076741595982714,42.4872682242544,0.0,False,False,,,,,,,,,,,
paired_gain,nuScenes,mono,plan_fde,JC_fde,,,,,,,gate_gbm,0.2,,,,False,752.0,24.0,5729.766952419244,34.26639824115101,34.737369960026754,-0.4709717188757452,-8.219736034410434e-05,0.07862635187025536,435.8131520294294,,-57.51414759576658,70.09068468451794,-0.01003778130478461,0.012232728707216265,-57.51414759576658,70.09068468451794,0.0,False,False,,,,,,,,,,,
paired_gain,nuScenes,mono,plan_fde,JC_fde,,,,,,,gate_gbm,0.3,,,,False,752.0,24.0,5729.766952419244,81.03550756132488,52.33763740644031,28.69787015488457,0.005008558008239348,0.1859409409375804,435.8131520294294,,-53.16745766945748,108.56258947723545,-0.009279165821396786,0.01894712130157366,-53.16745766945748,108.56258947723545,0.0,False,False,,,,,,,,,,,
paired_gain,nuScenes,mono,plan_fde,JC_fde,,,,,,,gate_gbm,0.5,,,,False,752.0,24.0,5729.766952419244,80.78414904840814,87.07500736646706,-6.290858318058923,-0.0010979256870827481,0.18536418341719293,435.8131520294294,,-64.81067644406966,67.52200114349596,-0.011311223821538683,0.011784423643091898,-64.81067644406966,67.52200114349596,0.0,False,False,,,,,,,,,,,
paired_gain,nuScenes,mono,plan_fde,JC_fde,,,,,,,R1_mlp_reg,0.1,,,,False,752.0,24.0,5729.766952419244,63.20413327118123,17.368684980013377,45.83544829116785,0.00799953098822196,0.1521784154515276,415.3291587617643,,-16.7343368490913,147.10626221535594,-0.002920596420073536,0.025674039352201604,-16.7343368490913,147.10626221535594,0.0,False,False,,,,,,,,,,,
paired_gain,nuScenes,mono,plan_fde,JC_fde,,,,,,,R1_mlp_reg,0.2,,,,False,752.0,24.0,5729.766952419244,113.40839539659757,34.737369960026754,78.67102543657082,0.013730231279887227,0.2602225170775465,435.8131520294294,,-15.17728252424183,173.0542004541439,-0.002648848138201087,0.03020265953069458,-15.17728252424183,173.0542004541439,0.0,False,False,,,,,,,,,,,
paired_gain,nuScenes,mono,plan_fde,JC_fde,,,,,,,R1_mlp_reg,0.3,,,,False,752.0,24.0,5729.766952419244,109.74656288399824,52.33763740644031,57.40892547755793,0.010019417186473615,0.25182021784553055,435.8131520294294,,-13.402173374763095,168.28978851225662,-0.0023390433652985447,0.029371140206880607,-13.402173374763095,168.28978851225662,0.0,False,False,,,,,,,,,,,
paired_gain,nuScenes,mono,plan_fde,JC_fde,,,,,,,R1_mlp_reg,0.5,,,,False,752.0,24.0,5729.766952419244,159.2073690231175,87.07500736646706,72.13236165665045,0.012589056807309491,0.365311070310165,435.8131520294294,,-10.76002367520932,163.0974130722954,-0.0018779164605754483,0.028464929625703503,-10.76002367520932,163.0974130722954,0.0,False,False,,,,,,,,,,,
paired_gain,nuScenes,mono,plan_fde,JC_fde,,,,,,,R1_mlp_clf,0.1,,,,False,752.0,24.0,5729.766952419244,2.013412141356591,17.368684980013377,-15.355272838656786,-0.002679912283722713,0.004847750510364475,415.3291587617643,,-53.310055563188435,32.51619068232343,-0.009304053027964717,0.005674958676738907,-53.310055563188435,32.51619068232343,0.0,False,False,,,,,,,,,,,
paired_gain,nuScenes,mono,plan_fde,JC_fde,,,,,,,R1_mlp_clf,0.2,,,,False,752.0,24.0,5729.766952419244,28.116760467051336,34.737369960026754,-6.620609492975419,-0.001155476225814043,0.06451563092146581,435.8131520294294,,-68.77799013806231,67.92802928017325,-0.012003627845461079,0.011855286583949529,-68.77799013806231,67.92802928017325,0.0,False,False,,,,,,,,,,,
paired_gain,nuScenes,mono,plan_fde,JC_fde,,,,,,,R1_mlp_clf,0.3,,,,False,752.0,24.0,5729.766952419244,83.25727805136351,52.33763740644031,30.919640644923206,0.005396317320003424,0.19103892955883386,435.8131520294294,,-51.04988263761009,116.19166923649645,-0.00890959144787828,0.020278602987061727,-51.04988263761009,116.19166923649645,0.0,False,False,,,,,,,,,,,
paired_gain,nuScenes,mono,plan_fde,JC_fde,,,,,,,R1_mlp_clf,0.5,,,,False,752.0,24.0,5729.766952419244,80.14562106190311,87.07500736646706,-6.929386304563948,-0.0012093661683112952,0.18389904179966346,435.8131520294294,,-56.70817597298011,48.604695016556256,-0.009897117359901796,0.008482839776936162,-56.70817597298011,48.604695016556256,0.0,False,False,,,,,,,,,,,
paired_gain,nuScenes,mono,plan_fde,JC_fde,,,,,,,R1_gbm_reg,0.1,,,,False,752.0,24.0,5729.766952419244,-47.89763237774704,17.368684980013377,-65.26631735776041,-0.011390745539869369,-0.1153245115766636,415.3291587617643,,-111.83351532801713,-21.258915268112702,-0.019517986727330742,-0.0037102582783295718,-111.83351532801713,-21.258915268112702,0.0,False,False,,,,,,,,,,,
paired_gain,nuScenes,mono,plan_fde,JC_fde,,,,,,,R1_gbm_reg,0.2,,,,False,752.0,24.0,5729.766952419244,-27.051018403426866,34.737369960026754,-61.78838836345362,-0.010783752441687892,-0.06207022040858505,435.8131520294294,,-125.11157953112783,2.1689244980416245,-0.021835369670367262,0.0003785362504361286,-125.11157953112783,2.1689244980416245,0.0,False,False,,,,,,,,,,,
paired_gain,nuScenes,mono,plan_fde,JC_fde,,,,,,,R1_gbm_reg,0.3,,,,False,752.0,24.0,5729.766952419244,-2.8488779317544584,52.33763740644031,-55.186515338194766,-0.009631546238524361,-0.0065369250984928535,435.8131520294294,,-122.969170821629,24.594821137076085,-0.021461461145415084,0.004292464482642102,-122.969170821629,24.594821137076085,0.0,False,False,,,,,,,,,,,
paired_gain,nuScenes,mono,plan_fde,JC_fde,,,,,,,R1_gbm_reg,0.5,,,,False,752.0,24.0,5729.766952419244,68.41703091795414,87.07500736646706,-18.657976448512926,-0.0032563237917791897,0.1569870725547404,435.8131520294294,,-107.19689085036204,72.9576395111945,-0.01870876978776614,0.012733090214147374,-107.19689085036204,72.9576395111945,0.0,False,False,,,,,,,,,,,
paired_gain,nuScenes,mono,plan_fde,JC_fde,,,,,,,R1_gbm_clf,0.1,,,,False,752.0,24.0,5729.766952419244,30.169131638937177,17.368684980013377,12.8004466589238,0.002234025705621264,0.0726390887865458,415.3291587617643,,-61.38836323160404,104.84884805731542,-0.01071393718826285,0.018298972528550353,-61.38836323160404,104.84884805731542,0.0,False,False,,,,,,,,,,,
paired_gain,nuScenes,mono,plan_fde,JC_fde,,,,,,,R1_gbm_clf,0.2,,,,False,752.0,24.0,5729.766952419244,57.198544700551224,34.737369960026754,22.46117474052447,0.0039200852193544845,0.13124556804721843,435.8131520294294,,-66.27943687784155,147.10209288310276,-0.011567562420642045,0.025673311690450645,-66.27943687784155,147.10209288310276,0.0,False,False,,,,,,,,,,,
paired_gain,nuScenes,mono,plan_fde,JC_fde,,,,,,,R1_gbm_clf,0.3,,,,False,752.0,24.0,5729.766952419244,45.28677415032431,52.33763740644031,-7.050863256115996,-0.0012305671966534263,0.10391328012805408,435.8131520294294,,-117.88181359680001,108.08446221770626,-0.02057357909592248,0.018863675104983182,-117.88181359680001,108.08446221770626,0.0,False,False,,,,,,,,,,,
paired_gain,nuScenes,mono,plan_fde,JC_fde,,,,,,,R1_gbm_clf,0.5,,,,False,752.0,24.0,5729.766952419244,88.97984833676396,87.07500736646706,1.9048409702969025,0.0003324465002006117,0.20416971796839067,435.8131520294294,,-127.93305711782534,171.58639945111145,-0.02232779416339245,0.029946488378321142,-127.93305711782534,171.58639945111145,0.0,False,False,,,,,,,,,,,
paired_gain,nuScenes,mono,plan_fde,JC_fde,,,,,,,R2_cnn_clf,0.1,,,,False,752.0,24.0,5729.766952419244,14.928429891875963,17.368684980013377,-2.4402550881374143,-0.000425890809940722,0.035943611415058425,415.3291587617643,,-24.642127713370872,37.31305205676485,-0.004300720765434688,0.006512141308122557,-24.642127713370872,37.31305205676485,0.0,False,False,,,,,,,,,,,
paired_gain,nuScenes,mono,plan_fde,JC_fde,,,,,,,R2_cnn_clf,0.2,,,,False,752.0,24.0,5729.766952419244,35.6435964008674,34.737369960026754,0.9062264408406477,0.00015816113436481344,0.08178641749311062,435.8131520294294,,-35.85769626133643,45.43947752264999,-0.0062581421825885,0.007930423331347596,-35.85769626133643,45.43947752264999,0.0,False,False,,,,,,,,,,,
paired_gain,nuScenes,mono,plan_fde,JC_fde,,,,,,,R2_cnn_clf,0.3,,,,False,752.0,24.0,5729.766952419244,46.662083365312405,52.33763740644031,-5.675554041127903,-0.0009905383741186102,0.1070690114514062,435.8131520294294,,-57.4400861766885,62.85319834065918,-0.010024855575048463,0.01096959071155958,-57.4400861766885,62.85319834065918,0.0,False,False,,,,,,,,,,,
paired_gain,nuScenes,mono,plan_fde,JC_fde,,,,,,,R2_cnn_clf,0.5,,,,False,752.0,24.0,5729.766952419244,34.144601436031834,87.07500736646706,-52.93040593043523,-0.00923779385269531,0.07834688163271891,435.8131520294294,,-128.4196562090596,34.544549571319955,-0.022412718924778915,0.006028962409498072,-128.4196562090596,34.544549571319955,0.0,False,False,,,,,,,,,,,
paired_gain,nuScenes,mono,plan_fde,JC_fde,,,,,,,trivial_ego_speed,0.1,,,,True,752.0,24.0,5729.766952419244,-2.5214260077242363,17.368684980013377,-19.890110987737614,-0.00347136474361135,-0.006070910155312605,415.3291587617643,,-47.99415792430887,14.185717405834982,-0.008376284467214603,0.0024757930861124175,-47.99415792430887,14.185717405834982,0.0,False,False,,,,,,,,,,,
paired_gain,nuScenes,mono,plan_fde,JC_fde,,,,,,,trivial_ego_speed,0.2,,,,True,752.0,24.0,5729.766952419244,2.8684685160410215,34.737369960026754,-31.868901443985735,-0.005561989119039113,0.006581876895370337,435.8131520294294,,-84.27571036461171,19.45797052390826,-0.014708401068393977,0.0033959444922437272,-84.27571036461171,19.45797052390826,0.0,False,False,,,,,,,,,,,
paired_gain,nuScenes,mono,plan_fde,JC_fde,,,,,,,trivial_ego_speed,0.3,,,,True,752.0,24.0,5729.766952419244,13.146978033799414,52.33763740644031,-39.190659372640894,-0.006839834795740456,0.030166547229193375,435.8131520294294,,-114.67760112024942,36.53043780758296,-0.020014356966443426,0.006375553859508883,-114.67760112024942,36.53043780758296,0.0,False,False,,,,,,,,,,,
paired_gain,nuScenes,mono,plan_fde,JC_fde,,,,,,,trivial_ego_speed,0.5,,,,True,752.0,24.0,5729.766952419244,64.39716316727092,87.07500736646706,-22.677844199196144,-0.003957899926387236,0.14776323951536538,435.8131520294294,,-178.54970501530573,80.96677396831043,-0.031161774378959305,0.014130901769769943,-178.54970501530573,80.96677396831043,0.0,False,False,,,,,,,,,,,
paired_gain,nuScenes,mono,plan_fde,JC_fde,,,,,,,trivial_n_det,0.1,,,,True,752.0,24.0,5729.766952419244,-14.400853738733552,17.368684980013377,-31.76953871874693,-0.005544647623989851,-0.03467335108776695,415.3291587617643,,-136.25378392768482,53.54511031570558,-0.023779987049936686,0.00934507646826675,-136.25378392768482,53.54511031570558,0.0,False,False,,,,,,,,,,,
paired_gain,nuScenes,mono,plan_fde,JC_fde,,,,,,,trivial_n_det,0.2,,,,True,752.0,24.0,5729.766952419244,-26.217909178233462,34.737369960026754,-60.95527913826022,-0.010638352247908345,-0.06015860020778591,435.8131520294294,,-169.78637833185314,44.144498629267524,-0.02963233578988152,0.007704414332354069,-169.78637833185314,44.144498629267524,0.0,False,False,,,,,,,,,,,
paired_gain,nuScenes,mono,plan_fde,JC_fde,,,,,,,trivial_n_det,0.3,,,,True,752.0,24.0,5729.766952419244,-37.33678523148201,52.33763740644031,-89.67442263792232,-0.01565062303276744,-0.08567154308587904,435.8131520294294,,-208.90526670056545,24.925220500366795,-0.03645964459555561,0.0043501281478547345,-208.90526670056545,24.925220500366795,0.0,False,False,,,,,,,,,,,
paired_gain,nuScenes,mono,plan_fde,JC_fde,,,,,,,trivial_n_det,0.5,,,,True,752.0,24.0,5729.766952419244,16.907742346488128,87.07500736646706,-70.16726501997894,-0.01224609405629537,0.038795851542695964,435.8131520294294,,-225.52424642331096,34.85082009375611,-0.039360108063049445,0.006082414936447156,-225.52424642331096,34.85082009375611,0.0,False,False,,,,,,,,,,,
paired_gain,nuScenes,mono,plan_fde,JC_fde,,,,,,,trivial_risk_cheap,0.1,,,,True,752.0,24.0,5729.766952419244,-4.483426715369822,17.368684980013377,-21.8521116953832,-0.003813787170899982,-0.010794875873238524,415.3291587617643,,-82.7715528446532,36.76826945407146,-0.014445884716079958,0.006417061943251813,-82.7715528446532,36.76826945407146,0.0,False,False,,,,,,,,,,,
paired_gain,nuScenes,mono,plan_fde,JC_fde,,,,,,,trivial_risk_cheap,0.2,,,,True,752.0,24.0,5729.766952419244,-20.76865132701904,34.737369960026754,-55.5060212870458,-0.009687308706964047,-0.04765494393711318,435.8131520294294,,-130.1148180773213,11.41604263667861,-0.02270857072509445,0.001992409592131576,-130.1148180773213,11.41604263667861,0.0,False,False,,,,,,,,,,,
paired_gain,nuScenes,mono,plan_fde,JC_fde,,,,,,,trivial_risk_cheap,0.3,,,,True,752.0,24.0,5729.766952419244,-31.934880170640625,52.33763740644031,-84.27251757708093,-0.014707843840227929,-0.07327654069623889,435.8131520294294,,-161.79434864837003,1.5915214407564096,-0.028237509481961846,0.0002777637300037886,-161.79434864837003,1.5915214407564096,0.0,False,False,,,,,,,,,,,
paired_gain,nuScenes,mono,plan_fde,JC_fde,,,,,,,trivial_risk_cheap,0.5,,,,True,752.0,24.0,5729.766952419244,-33.45683397211573,87.07500736646706,-120.5318413385828,-0.02103608093304587,-0.07676875701506244,435.8131520294294,,-254.96019702644523,2.798590984706596,-0.04449748116174166,0.0004884301591925941,-254.96019702644523,2.798590984706596,0.0,False,False,,,,,,,,,,,
paired_gain,nuScenes,mono,plan_fde,JC_fde,,,,,,,trivial_area_max,0.1,,,,True,752.0,24.0,5729.766952419244,-1.299303000340764,17.368684980013377,-18.66798798035414,-0.0032580710760796426,-0.0031283693257040334,415.3291587617643,,-66.14687277100475,22.222833599798598,-0.011544426382485934,0.003878488215025148,-66.14687277100475,22.222833599798598,0.0,False,False,,,,,,,,,,,
paired_gain,nuScenes,mono,plan_fde,JC_fde,,,,,,,trivial_area_max,0.2,,,,True,752.0,24.0,5729.766952419244,-32.039979409590046,34.737369960026754,-66.7773493696168,-0.011654461677786356,-0.0735176973443575,435.8131520294294,,-123.23295058734746,-2.761003440136684,-0.021507497880924382,-0.0004818701114834911,-123.23295058734746,-2.761003440136684,0.0,False,False,,,,,,,,,,,
paired_gain,nuScenes,mono,plan_fde,JC_fde,,,,,,,trivial_area_max,0.3,,,,True,752.0,24.0,5729.766952419244,-0.12663134154990274,52.33763740644031,-52.46426874799021,-0.009156440250303469,-0.00029056337781506794,435.8131520294294,,-162.2352456528663,37.38641636990379,-0.028314457987574294,0.00652494537393329,-162.2352456528663,37.38641636990379,0.0,False,False,,,,,,,,,,,
paired_gain,nuScenes,mono,plan_fde,JC_fde,,,,,,,trivial_area_max,0.5,,,,True,752.0,24.0,5729.766952419244,8.730482127741425,87.07500736646706,-78.34452523872564,-0.013673248124977702,0.020032626567341127,435.8131520294294,,-232.6980799725214,40.76420701197137,-0.04061213691671539,0.007114461609081631,-232.6980799725214,40.76420701197137,0.0,False,False,,,,,,,,,,,
paired_gain,nuScenes,mono,plan_fde,JC_fde,,,,,,,oracle,0.1,,,,False,752.0,24.0,5729.766952419244,415.3291587617643,17.368684980013377,397.9604737817509,0.06945491449939731,1.0,415.3291587617643,,209.89011287128233,634.9571340792321,0.03663152700873143,0.11081727046701927,209.89011287128233,634.9571340792321,0.0,True,True,,,,,,,,,,,
paired_gain,nuScenes,mono,plan_fde,JC_fde,,,,,,,oracle,0.2,,,,False,752.0,24.0,5729.766952419244,435.8131520294294,34.737369960026754,401.07578206940263,0.06999862043255684,1.0,435.8131520294294,,211.3342204216587,648.4989812195156,0.036883563009910615,0.11318069069907004,211.3342204216587,648.4989812195156,0.0,True,True,,,,,,,,,,,
paired_gain,nuScenes,mono,plan_fde,JC_fde,,,,,,,oracle,0.3,,,,False,752.0,24.0,5729.766952419244,435.8131520294294,52.33763740644031,383.47551462298907,0.0669268955975734,1.0,435.8131520294294,,208.18754083583374,608.0386063683559,0.036334381932921725,0.1061192560565884,208.18754083583374,608.0386063683559,0.0,True,True,,,,,,,,,,,
paired_gain,nuScenes,mono,plan_fde,JC_fde,,,,,,,oracle,0.5,,,,False,752.0,24.0,5729.766952419244,435.8131520294294,87.07500736646706,348.7381446629623,0.06086428079168504,1.0,435.8131520294294,,195.7869938183779,538.1846225451135,0.03417014957924457,0.09392783808037412,195.7869938183779,538.1846225451135,0.0,True,True,,,,,,,,,,,
paired_gain,KITTI,oracle,brake,J,,,,,,,uncertainty,0.1,,,,False,3536.0,6.0,4585.479391436285,-21.07260998216102,124.41476224510544,-145.48737222726646,-0.03172784343965751,-0.011913112921908671,1768.8584100808516,,-311.6130236363331,-19.770650053242655,-0.06795647674663917,-0.004311577561588386,-311.6130236363331,-19.77065005324266,4.0,False,False,,,,,,,,,,,
paired_gain,KITTI,oracle,brake,J,,,,,,,uncertainty,0.2,,,,False,3536.0,6.0,4585.479391436285,-18.885588758039184,248.47807035957499,-267.3636591176142,-0.058306588318101524,-0.010555016596204083,1789.2523982227597,,-568.8125010752209,-16.10427101293134,-0.12404646330709052,-0.0035120146964365885,-568.8125010752209,-28.314127020288552,4.0,False,False,,,,,,,,,,,
paired_gain,KITTI,oracle,brake,J,,,,,,,uncertainty,0.3,,,,False,3536.0,6.0,4585.479391436285,73.17113818306082,372.8928326046804,-299.7216944216196,-0.0653632191612008,0.04089481073533322,1789.2523982227597,,-794.1979381770207,13.770379747149775,-0.1731984532871836,0.0030030403741137636,-794.1979381770207,13.770379747149775,4.0,False,False,,,,,,,,,,,
paired_gain,KITTI,oracle,brake,J,,,,,,,uncertainty,0.5,,,,False,3536.0,6.0,4585.479391436285,154.43216103462487,621.3709029642554,-466.9387419296305,-0.10182986380915209,0.0863109984863065,1789.2523982227597,,-1118.6455453548265,-55.54119571696943,-0.24395389224602732,-0.012112407662478352,-1121.550477161449,-55.553382670940564,4.0,False,False,,,,,,,,,,,
paired_gain,KITTI,oracle,brake,J,,,,,,,criticality_cheap,0.1,,,,False,3536.0,6.0,4585.479391436285,21.257980139293245,124.41476224510544,-103.1567821058122,-0.022496400768579387,0.012017909414423723,1768.8584100808516,,-298.66588526761177,28.115261028295535,-0.06513296861073935,0.006131367874164437,-298.66588526761177,28.106908587957093,4.0,False,False,,,,,,,,,,,
paired_gain,KITTI,oracle,brake,J,,,,,,,criticality_cheap,0.2,,,,False,3536.0,6.0,4585.479391436285,-21.00039852858263,248.47807035957499,-269.47846888815764,-0.05876778541223589,-0.011736968216134316,1789.2523982227597,,-595.3137239826111,-4.3435814310283565,-0.12982584222151397,-0.000947246963783178,-595.3137239826111,-11.591261590541976,4.0,False,False,,,,,,,,,,,
paired_gain,KITTI,oracle,brake,J,,,,,,,criticality_cheap,0.3,,,,False,3536.0,6.0,4585.479391436285,132.483874730411,372.8928326046804,-240.4089578742694,-0.05242831498125376,0.07404426276695532,1789.2523982227597,,-821.7772268270511,12.243953257960584,-0.17921293646238592,0.00267015773330637,-821.7772268270511,12.243953257960559,4.0,False,False,,,,,,,,,,,
paired_gain,KITTI,oracle,brake,J,,,,,,,criticality_cheap,0.5,,,,False,3536.0,6.0,4585.479391436285,96.99125717346728,621.3709029642554,-524.3796457907881,-0.11435655926621435,0.05420769997000277,1789.2523982227597,,-1130.4205786865516,138.02249559861636,-0.24652178805943253,0.03009990533517245,-1133.4055304221863,138.8952057221567,4.0,False,False,,,,,,,,,,,
paired_gain,KITTI,oracle,brake,J,,,,,,,criticality_gt,0.1,,,,False,3536.0,6.0,4585.479391436285,115.21374860519805,124.41476224510544,-9.201013639907387,-0.00200655435440206,0.06513452289261061,1768.8584100808516,,-272.28612183908615,303.5499663301471,-0.05938007754382239,0.06619808757554305,-272.3723396631868,304.25103864722087,4.0,False,False,,,,,,,,,,,
paired_gain,KITTI,oracle,brake,J,,,,,,,criticality_gt,0.2,,,,False,3536.0,6.0,4585.479391436285,127.25635853791061,248.47807035957499,-121.22171182166437,-0.026435995339561376,0.07112264243116993,1789.2523982227597,,-555.2257997256102,233.08354846498702,-0.12108347946400862,0.050830791847039467,-555.2257997256102,233.08354846498702,4.0,False,False,,,,,,,,,,,
paired_gain,KITTI,oracle,brake,J,,,,,,,criticality_gt,0.3,,,,False,3536.0,6.0,4585.479391436285,114.99529416927035,372.8928326046804,-257.89753843541007,-0.056242219497715414,0.0642700237727744,1789.2523982227597,,-773.1813520925806,178.0965242980805,-0.16861516236155216,0.03883923775356807,-773.1813520925806,178.53653285354898,4.0,False,False,,,,,,,,,,,
paired_gain,KITTI,oracle,brake,J,,,,,,,criticality_gt,0.5,,,,False,3536.0,6.0,4585.479391436285,82.30922760887135,621.3709029642554,-539.0616753553841,-0.11755841196497814,0.04600202167711386,1789.2523982227597,,-1142.9214906662166,108.78063317639655,-0.24924798327535944,0.023722848559640734,-1142.9214906662166,108.78063317639655,4.0,False,False,,,,,,,,,,,
paired_gain,KITTI,oracle,brake,J,,,,,,,dE_exact,0.1,,,,False,3536.0,6.0,4585.479391436285,282.1348201805159,124.41476224510544,157.72005793541044,0.03439554394900652,0.1595010762719103,1768.8584100808516,,9.354254669734125,425.1090182233513,0.002039973113215572,0.09270764993890784,9.29639964768019,425.1090182233513,4.0,True,True,,,,,,,,,,,
paired_gain,KITTI,oracle,brake,J,,,,,,,dE_exact,0.2,,,,False,3536.0,6.0,4585.479391436285,479.09299893228746,248.47807035957499,230.61492857271247,0.05029243594538938,0.2677615519242361,1789.2523982227597,,79.51144958766741,628.4226490389658,0.01733983359213451,0.13704622688144463,79.51144958766739,628.4226490389658,4.0,True,True,,,,,,,,,,,
paired_gain,KITTI,oracle,brake,J,,,,,,,dE_exact,0.3,,,,False,3536.0,6.0,4585.479391436285,773.98975471982,372.8928326046804,401.0969221151396,0.08747109906637399,0.4325771788757213,1789.2523982227597,,135.07211660391388,818.3435817080052,0.029456487549845027,0.1784641281424841,135.0939000152372,819.9710898058682,4.0,True,True,,,,,,,,,,,
paired_gain,KITTI,oracle,brake,J,,,,,,,dE_exact,0.5,,,,False,3536.0,6.0,4585.479391436285,1135.0698975218363,621.3709029642554,513.6989945575809,0.1120273259796895,0.6343822138504808,1789.2523982227597,,147.32696240316562,888.1780211887851,0.03212902072535957,0.19369360221038653,161.2880466692332,888.2131648221691,4.0,True,True,,,,,,,,,,,
paired_gain,KITTI,oracle,brake,J,,,,,,,dE_E1_fn_only,0.1,,,,False,3536.0,6.0,4585.479391436285,282.1348201805159,124.41476224510544,157.72005793541044,0.03439554394900652,0.1595010762719103,1768.8584100808516,,9.354254669734125,425.1090182233513,0.002039973113215572,0.09270764993890784,9.29639964768019,425.1090182233513,4.0,True,True,,,,,,,,,,,
paired_gain,KITTI,oracle,brake,J,,,,,,,dE_E1_fn_only,0.2,,,,False,3536.0,6.0,4585.479391436285,479.09299893228746,248.47807035957499,230.61492857271247,0.05029243594538938,0.2677615519242361,1789.2523982227597,,79.51144958766741,628.4226490389658,0.01733983359213451,0.13704622688144463,79.51144958766739,628.4226490389658,4.0,True,True,,,,,,,,,,,
paired_gain,KITTI,oracle,brake,J,,,,,,,dE_E1_fn_only,0.3,,,,False,3536.0,6.0,4585.479391436285,773.98975471982,372.8928326046804,401.0969221151396,0.08747109906637399,0.4325771788757213,1789.2523982227597,,135.07211660391388,818.3435817080052,0.029456487549845027,0.1784641281424841,135.0939000152372,819.9710898058682,4.0,True,True,,,,,,,,,,,
paired_gain,KITTI,oracle,brake,J,,,,,,,dE_E1_fn_only,0.5,,,,False,3536.0,6.0,4585.479391436285,1135.0698975218363,621.3709029642554,513.6989945575809,0.1120273259796895,0.6343822138504808,1789.2523982227597,,147.32696240316562,888.1780211887851,0.03212902072535957,0.19369360221038653,161.2880466692332,888.2131648221691,4.0,True,True,,,,,,,,,,,
paired_gain,KITTI,oracle,brake,J,,,,,,,dE_E2_fn_fp,0.1,,,,False,3536.0,6.0,4585.479391436285,287.8918228405531,124.41476224510544,163.47706059544768,0.03565102939962023,0.16275571928190344,1768.8584100808516,,1.288273401976981,332.58630305369076,0.00028094628543809944,0.07253032336702238,0.8127494725496405,332.58630305369076,4.0,True,True,,,,,,,,,,,
paired_gain,KITTI,oracle,brake,J,,,,,,,dE_E2_fn_fp,0.2,,,,False,3536.0,6.0,4585.479391436285,460.57185316287064,248.47807035957499,212.09378280329565,0.04625334991133013,0.2574102198327919,1789.2523982227597,,-22.0276971398952,417.6696835167931,-0.004803793727877944,0.09108528200929689,-22.089051324651834,417.6696835167931,4.0,False,False,,,,,,,,,,,
paired_gain,KITTI,oracle,brake,J,,,,,,,dE_E2_fn_fp,0.3,,,,False,3536.0,6.0,4585.479391436285,709.843039900974,372.8928326046804,336.95020729629357,0.07348200232358965,0.39672605195670074,1789.2523982227597,,42.67653873304786,610.4169102357821,0.009306887042770138,0.13311954064732684,42.43120582148032,610.4169102357821,4.0,True,True,,,,,,,,,,,
paired_gain,KITTI,oracle,brake,J,,,,,,,dE_E2_fn_fp,0.5,,,,False,3536.0,6.0,4585.479391436285,938.398568840874,621.3709029642554,317.0276658766186,0.06913730033738472,0.5244640553635544,1789.2523982227597,,3.8124265833112077,570.9708559186743,0.0008314128704691575,0.12451715669794605,3.8124265833112077,571.2989265330489,4.0,True,True,,,,,,,,,,,
paired_gain,KITTI,oracle,brake,J,,,,,,,dE_E3_class_aware,0.1,,,,False,3536.0,6.0,4585.479391436285,284.6491418434751,124.41476224510544,160.23437959836966,0.03494386647939558,0.16092251376437997,1768.8584100808516,,17.24957181461346,424.5879331934791,0.0037617815591600486,0.09259401186851429,17.24957181461346,424.88729696673886,4.0,True,True,,,,,,,,,,,
paired_gain,KITTI,oracle,brake,J,,,,,,,dE_E3_class_aware,0.2,,,,False,3536.0,6.0,4585.479391436285,486.36451818175027,248.47807035957499,237.88644782217528,0.05187820672936519,0.271825550528729,1789.2523982227597,,98.5395409062329,628.4226490389658,0.021489474162780586,0.13704622688144463,98.5395409062329,628.4226490389658,4.0,True,True,,,,,,,,,,,
paired_gain,KITTI,oracle,brake,J,,,,,,,dE_E3_class_aware,0.3,,,,False,3536.0,6.0,4585.479391436285,778.2618906626192,372.8928326046804,405.3690580579388,0.088402765219051,0.4349648442196619,1789.2523982227597,,125.80709541965666,821.3576242037285,0.027435974448955222,0.17912142964543104,132.40126616300333,822.9353043029321,4.0,True,True,,,,,,,,,,,
paired_gain,KITTI,oracle,brake,J,,,,,,,dE_E3_class_aware,0.5,,,,False,3536.0,6.0,4585.479391436285,1133.1060270690243,621.3709029642554,511.73512410476894,0.11159904568767037,0.6332846211046151,1789.2523982227597,,141.8424751897253,889.8471663914715,0.03093296536336558,0.19405760890635024,154.29726156918258,890.0660511760362,4.0,True,True,,,,,,,,,,,
paired_gain,KITTI,oracle,brake,J,,,,,,,dE_E4_localization,0.1,,,,False,3536.0,6.0,4585.479391436285,332.2320281725893,124.41476224510544,207.81726592748387,0.04532072836606739,0.18782285019489126,1768.8584100808516,,7.830848299258747,465.7712616737025,0.001707749099010983,0.1015752600575556,7.830848299258747,465.7712616737025,4.0,True,True,,,,,,,,,,,
paired_gain,KITTI,oracle,brake,J,,,,,,,dE_E4_localization,0.2,,,,False,3536.0,6.0,4585.479391436285,502.1564860790284,248.47807035957499,253.67841571945343,0.05532211445399062,0.28065156518879825,1789.2523982227597,,64.47603182966512,678.6733831765335,0.014060914099860261,0.14800489223526012,64.47603182966512,678.6733831765335,4.0,True,True,,,,,,,,,,,
paired_gain,KITTI,oracle,brake,J,,,,,,,dE_E4_localization,0.3,,,,False,3536.0,6.0,4585.479391436285,830.7424522578394,372.8928326046804,457.84961965315904,0.09984771069045176,0.4642958439418635,1789.2523982227597,,143.6240424632133,796.6619589093837,0.03132148903153759,0.1737358062053899,145.66716750765767,796.6619589093837,4.0,True,True,,,,,,,,,,,
paired_gain,KITTI,oracle,brake,J,,,,,,,dE_E4_localization,0.5,,,,False,3536.0,6.0,4585.479391436285,1044.3530153223417,621.3709029642554,422.9821123580863,0.09224381493198638,0.5836812158864135,1789.2523982227597,,173.5025377578932,640.3916515497335,0.03783738251706501,0.139656423436492,173.5520905534045,640.3916515497335,4.0,True,True,,,,,,,,,,,
paired_gain,KITTI,oracle,brake,J,,,,,,,dE_E5_combined,0.1,,,,False,3536.0,6.0,4585.479391436285,327.33897436040377,124.41476224510544,202.92421211529833,0.044253652626653164,0.18505662889402302,1768.8584100808516,,48.280375928901975,392.742149275237,0.010528970213903713,0.08564909265729367,48.280375928901975,392.8137611670407,4.0,True,True,,,,,,,,,,,
paired_gain,KITTI,oracle,brake,J,,,,,,,dE_E5_combined,0.2,,,,False,3536.0,6.0,4585.479391436285,522.0599605683474,248.47807035957499,273.5818902087724,0.059662658329619006,0.29177547063058434,1789.2523982227597,,38.1580519088991,499.40876889425084,0.008321496762184128,0.10891091776073247,38.1580519088991,499.622375114911,4.0,True,True,,,,,,,,,,,
paired_gain,KITTI,oracle,brake,J,,,,,,,dE_E5_combined,0.3,,,,False,3536.0,6.0,4585.479391436285,766.6746668586643,372.8928326046804,393.7818342539839,0.08587582685234613,0.42848883009473226,1789.2523982227597,,66.97773076236209,691.0403264600377,0.014606483868938076,0.15070187159724358,65.85303879076349,691.1047346084575,4.0,True,True,,,,,,,,,,,
paired_gain,KITTI,oracle,brake,J,,,,,,,dE_E5_combined,0.5,,,,False,3536.0,6.0,4585.479391436285,1046.3559705517928,621.3709029642554,424.9850675875374,0.0926806188206249,0.584800652826356,1789.2523982227597,,102.48894079099028,632.0127796480197,0.022350758130632056,0.13782916151108415,101.81952948512709,633.336025265782,4.0,True,True,,,,,,,,,,,
paired_gain,KITTI,oracle,brake,J,,,,,,,dE_E5_fp_heavy,0.1,,,,False,3536.0,6.0,4585.479391436285,219.65442825990846,124.41476224510544,95.23966601480302,0.020769838414860176,0.12417863804591822,1768.8584100808516,,-130.3292196213099,301.6682600795051,-0.02842215796775996,0.06578772562862073,-130.3292196213099,301.8710162024268,4.0,False,False,,,,,,,,,,,
paired_gain,KITTI,oracle,brake,J,,,,,,,dE_E5_fp_heavy,0.2,,,,False,3536.0,6.0,4585.479391436285,417.4693473476816,248.47807035957499,168.99127698810662,0.0368535680922937,0.23332054648206607,1789.2523982227597,,-186.0288847527381,468.51891604827125,-0.04056912459363802,0.10217446771721714,-186.07577421765237,468.9193121267337,4.0,False,False,,,,,,,,,,,
paired_gain,KITTI,oracle,brake,J,,,,,,,dE_E5_fp_heavy,0.3,,,,False,3536.0,6.0,4585.479391436285,518.0188105348711,372.8928326046804,145.12597793019074,0.031649030677408346,0.2895169016117638,1789.2523982227597,,-254.41275611364904,442.30883675738426,-0.05548225919165252,0.0964585813172398,-254.41275611364904,442.30883675738426,4.0,False,False,,,,,,,,,,,
paired_gain,KITTI,oracle,brake,J,,,,,,,dE_E5_fp_heavy,0.5,,,,False,3536.0,6.0,4585.479391436285,730.0822836077788,621.3709029642554,108.7113806435234,0.023707745987595053,0.40803761634354085,1789.2523982227597,,-498.08982410517297,356.2709316845866,-0.10862328266819643,0.07769546022820392,-498.08982410517297,357.0907156218828,4.0,False,False,,,,,,,,,,,
paired_gain,KITTI,oracle,brake,J,,,,,,,dE_E5_loc_heavy,0.1,,,,False,3536.0,6.0,4585.479391436285,217.73428888777127,124.41476224510544,93.31952664266583,0.02035109498408101,0.12309311341534622,1768.8584100808516,,-90.8582034928755,232.07320759361298,-0.01981433035389054,0.05061045700631138,-90.8582034928755,232.30695680534942,4.0,False,False,,,,,,,,,,,
paired_gain,KITTI,oracle,brake,J,,,,,,,dE_E5_loc_heavy,0.2,,,,False,3536.0,6.0,4585.479391436285,374.6818358320323,248.47807035957499,126.20376547245729,0.027522480137660624,0.2094069211276166,1789.2523982227597,,-170.31456740266555,464.36126377771484,-0.03714215087755935,0.10126776813018572,-170.31456740266555,464.36126377771484,4.0,False,False,,,,,,,,,,,
paired_gain,KITTI,oracle,brake,J,,,,,,,dE_E5_loc_heavy,0.3,,,,False,3536.0,6.0,4585.479391436285,518.8685404933518,372.8928326046804,145.97570788867142,0.03183433953738656,0.28999180943322306,1789.2523982227597,,-239.32724754979247,504.53146622649444,-0.05219241591113754,0.11002807409160828,-239.63065177917534,504.77804915672925,4.0,False,False,,,,,,,,,,,
paired_gain,KITTI,oracle,brake,J,,,,,,,dE_E5_loc_heavy,0.5,,,,False,3536.0,6.0,4585.479391436285,728.807229627411,621.3709029642554,107.43632666315557,0.02342968258974202,0.40732499805579436,1789.2523982227597,,-278.5237098734208,440.12320981205386,-0.060740368911827186,0.09598194043441037,-278.5237098734208,441.3191359233052,4.0,False,False,,,,,,,,,,,
paired_gain,KITTI,oracle,brake,J,,,,,,,dE_E6_risk_weighted,0.1,,,,False,3536.0,6.0,4585.479391436285,174.00039348994846,124.41476224510544,49.58563124484303,0.010813619910155475,0.09836875156219835,1768.8584100808516,,-125.363955118573,361.91888782993647,-0.027339334542141713,0.07892716484689609,-125.50923537619684,363.3160609639796,4.0,False,False,,,,,,,,,,,
paired_gain,KITTI,oracle,brake,J,,,,,,,dE_E6_risk_weighted,0.2,,,,False,3536.0,6.0,4585.479391436285,318.13221752873636,248.47807035957499,69.65414716916138,0.015190155973494405,0.17780175555149894,1789.2523982227597,,-256.95569562310243,397.06311824323774,-0.056036822693606644,0.08659140830177578,-256.95569562310243,397.2977981251164,4.0,False,False,,,,,,,,,,,
paired_gain,KITTI,oracle,brake,J,,,,,,,dE_E6_risk_weighted,0.3,,,,False,3536.0,6.0,4585.479391436285,376.18681768434396,372.8928326046804,3.293985079663571,0.0007183512994988761,0.21024804441117714,1789.2523982227597,,-299.26620718608024,684.0114523798293,-0.06526388663854461,0.14916901680057054,-299.4135481933022,687.3438779867292,4.0,False,False,,,,,,,,,,,
paired_gain,KITTI,oracle,brake,J,,,,,,,dE_E6_risk_weighted,0.5,,,,False,3536.0,6.0,4585.479391436285,1317.1266852434699,621.3709029642554,695.7557822792145,0.1517302168184615,0.7361324129294191,1789.2523982227597,,97.89278499831299,1290.4834369017947,0.021348429824182582,0.2814282492059316,98.21746773398709,1290.4834369017947,4.0,True,True,,,,,,,,,,,
paired_gain,KITTI,oracle,brake,J,,,,,,,gate_ridge,0.1,,,,False,3536.0,6.0,4585.479391436285,117.49751779713878,124.41476224510544,-6.917244447966652,-0.0015085106392332952,0.06642562068705554,1768.8584100808516,,-183.37192589586087,297.3248531659798,-0.03998969578585856,0.0648405167235634,-183.445119131818,297.3248531659798,4.0,False,False,,,,,,,,,,,
paired_gain,KITTI,oracle,brake,J,,,,,,,gate_ridge,0.2,,,,False,3536.0,6.0,4585.479391436285,425.43685837151685,248.47807035957499,176.95878801194186,0.038591120558174395,0.23777352976812974,1789.2523982227597,,-225.94654360052652,290.08290714781526,-0.049274355920669505,0.06326119526119038,-225.94654360052652,290.08290714781526,4.0,False,False,,,,,,,,,,,
paired_gain,KITTI,oracle,brake,J,,,,,,,gate_ridge,0.3,,,,False,3536.0,6.0,4585.479391436285,567.7505968246832,372.8928326046804,194.85776422000276,0.042494524036879054,0.3173116310413345,1789.2523982227597,,-168.54385103897528,365.59295938731583,-0.036755993572611646,0.07972840529391259,-168.54385103897528,365.911714481063,4.0,False,False,,,,,,,,,,,
paired_gain,KITTI,oracle,brake,J,,,,,,,gate_ridge,0.5,,,,False,3536.0,6.0,4585.479391436285,559.033479706834,621.3709029642554,-62.33742325742139,-0.013594526970035247,0.312439698424948,1789.2523982227597,,-482.2884347136414,415.1528670105477,-0.1051773203068691,0.09053641540421613,-482.9672263123308,415.30067848400193,4.0,False,False,,,,,,,,,,,
paired_gain,KITTI,oracle,brake,J,,,,,,,gate_gbm,0.1,,,,False,3536.0,6.0,4585.479391436285,144.14889799381703,124.41476224510544,19.734135748711594,0.004303614532771976,0.08149261533444513,1768.8584100808516,,-115.50486108377206,340.17465810918577,-0.025189266208345794,0.074185189610597,-115.50486108377206,340.8022748504157,4.0,False,False,,,,,,,,,,,
paired_gain,KITTI,oracle,brake,J,,,,,,,gate_gbm,0.2,,,,False,3536.0,6.0,4585.479391436285,369.51431620237213,248.47807035957499,121.03624584279714,0.026395548973318056,0.20651883242934632,1789.2523982227597,,-160.29721662054192,844.6230710940048,-0.03495756995875035,0.18419515147563403,-160.29721662054192,844.673998988473,4.0,False,False,,,,,,,,,,,
paired_gain,KITTI,oracle,brake,J,,,,,,,gate_gbm,0.3,,,,False,3536.0,6.0,4585.479391436285,800.2893735457991,372.8928326046804,427.3965409411187,0.09320651222188735,0.4472758423242667,1789.2523982227597,,-89.64334461050191,973.7829496363472,-0.019549394285342848,0.21236229988405517,-89.64334461050191,973.7829496363472,4.0,False,False,,,,,,,,,,,
paired_gain,KITTI,oracle,brake,J,,,,,,,gate_gbm,0.5,,,,False,3536.0,6.0,4585.479391436285,1165.1248328014249,621.3709029642554,543.7539298371695,0.11858169744534656,0.6511796960332302,1789.2523982227597,,143.27803326740153,1054.6480560952245,0.031246031447657058,0.22999733856941024,146.99372042670677,1056.6645112411165,4.0,True,True,,,,,,,,,,,
paired_gain,KITTI,oracle,brake,J,,,,,,,R1_mlp_reg,0.1,,,,False,3536.0,6.0,4585.479391436285,208.6821911968358,124.41476224510544,84.26742895173035,0.018377016176128906,0.11797563332799332,1768.8584100808516,,-6.843481718978432,418.1224650820424,-0.0014924244849424315,0.09118402448017025,-6.896623985075507,419.6297396961894,4.0,False,False,,,,,,,,,,,
paired_gain,KITTI,oracle,brake,J,,,,,,,R1_mlp_reg,0.2,,,,False,3536.0,6.0,4585.479391436285,477.1630103594035,248.47807035957499,228.6849399998285,0.04987154460380177,0.26668289551175844,1789.2523982227597,,-26.91647749097771,661.8091638106501,-0.005869937512148932,0.1443271482250311,-27.25291805401773,663.6100662454245,4.0,False,False,,,,,,,,,,,
paired_gain,KITTI,oracle,brake,J,,,,,,,R1_mlp_reg,0.3,,,,False,3536.0,6.0,4585.479391436285,731.2314712285746,372.8928326046804,358.3386386238942,0.07814638515072547,0.4086798888490506,1789.2523982227597,,-38.31397106120946,756.8376256348258,-0.00835549956516293,0.16505092729198062,-38.31397106120946,759.0837530126237,4.0,False,False,,,,,,,,,,,
paired_gain,KITTI,oracle,brake,J,,,,,,,R1_mlp_reg,0.5,,,,False,3536.0,6.0,4585.479391436285,1042.5124848646008,621.3709029642554,421.1415819003454,0.09184243258989622,0.5826525569562542,1789.2523982227597,,21.328482397797274,829.8528227607082,0.004651309182117307,0.1809740600536813,21.328482397797274,829.8528227607082,4.0,True,True,,,,,,,,,,,
paired_gain,KITTI,oracle,brake,J,,,,,,,R1_mlp_clf,0.1,,,,False,3536.0,6.0,4585.479391436285,283.1982281072653,124.41476224510544,158.7834658621599,0.03462745163759748,0.16010225945349735,1768.8584100808516,,-17.253156506485336,374.9185054647088,-0.0037625633077114804,0.08176211764573542,-17.253156506485336,374.9185054647088,4.0,False,False,,,,,,,,,,,
paired_gain,KITTI,oracle,brake,J,,,,,,,R1_mlp_clf,0.2,,,,False,3536.0,6.0,4585.479391436285,452.56650770578085,248.47807035957499,204.08843734620586,0.044507546523348415,0.252936091160369,1789.2523982227597,,16.683028241615304,641.2407948634166,0.00363822990302215,0.1398416043611449,16.683028241615304,641.2407948634166,4.0,True,True,,,,,,,,,,,
paired_gain,KITTI,oracle,brake,J,,,,,,,R1_mlp_clf,0.3,,,,False,3536.0,6.0,4585.479391436285,725.0244285730358,372.8928326046804,352.13159596835544,0.07679275510996444,0.4052108183804548,1789.2523982227597,,30.413409674356053,807.0710562471274,0.006632547456467757,0.17600581909808408,30.413409674356053,807.0710562471274,4.0,True,True,,,,,,,,,,,
paired_gain,KITTI,oracle,brake,J,,,,,,,R1_mlp_clf,0.5,,,,False,3536.0,6.0,4585.479391436285,1035.7723696962587,621.3709029642554,414.4014667320033,0.09037255025198195,0.5788855561826143,1789.2523982227597,,-19.639585777750153,859.6218034232675,-0.00428299510285195,0.1874660706203747,-20.580355672776484,859.6218034232675,4.0,False,False,,,,,,,,,,,
paired_gain,KITTI,oracle,brake,J,,,,,,,R1_gbm_reg,0.1,,,,False,3536.0,6.0,4585.479391436285,224.8521952448064,124.41476224510544,100.43743299970097,0.021903365913556423,0.12711712478701379,1768.8584100808516,,1.7671705827358488,612.9044222363444,0.0003853840420777308,0.13366201653440812,1.7787702684234468,612.9044222363444,4.0,True,True,,,,,,,,,,,
paired_gain,KITTI,oracle,brake,J,,,,,,,R1_gbm_reg,0.2,,,,False,3536.0,6.0,4585.479391436285,528.3034346555443,248.47807035957499,279.8253642959693,0.06102423332630464,0.2952649023582704,1789.2523982227597,,-18.253415937457746,921.7904164492609,-0.003980699590875345,0.20102378350468028,-18.442617752012122,923.2946547011715,4.0,False,False,,,,,,,,,,,
paired_gain,KITTI,oracle,brake,J,,,,,,,R1_gbm_reg,0.3,,,,False,3536.0,6.0,4585.479391436285,898.6301338525601,372.8928326046804,525.7373012478797,0.11465263636987055,0.5022377696657874,1789.2523982227597,,-23.421811097787835,973.6800825884733,-0.0051078216906894755,0.21233986666844284,-23.813251443991263,974.1874534261018,4.0,False,False,,,,,,,,,,,
paired_gain,KITTI,oracle,brake,J,,,,,,,R1_gbm_reg,0.5,,,,False,3536.0,6.0,4585.479391436285,1050.8335994185195,621.3709029642554,429.4626964542641,0.09365709880984675,0.5873031666534573,1789.2523982227597,,-88.9856600434232,978.0476422486466,-0.019405966627962686,0.21329234279740117,-88.9856600434232,978.1661530727051,4.0,False,False,,,,,,,,,,,
paired_gain,KITTI,oracle,brake,J,,,,,,,R1_gbm_clf,0.1,,,,False,3536.0,6.0,4585.479391436285,410.42397487456924,124.41476224510544,286.00921262946383,0.06237280515612102,0.23202760183377788,1768.8584100808516,,79.29591225948393,570.9996433848113,0.017292829274857233,0.12452343466011306,79.54418363193996,571.0425619814105,4.0,True,True,,,,,,,,,,,
paired_gain,KITTI,oracle,brake,J,,,,,,,R1_gbm_clf,0.2,,,,False,3536.0,6.0,4585.479391436285,579.7922544730848,248.47807035957499,331.3141841135098,0.07225290004187196,0.3240416248981891,1789.2523982227597,,66.216172161843,993.4314907465936,0.014440403392828784,0.2166472479631898,67.2101773976189,993.6319302438266,4.0,True,True,,,,,,,,,,,
paired_gain,KITTI,oracle,brake,J,,,,,,,R1_gbm_clf,0.3,,,,False,3536.0,6.0,4585.479391436285,949.9432520439279,372.8928326046804,577.0504194392475,0.12584298612636466,0.5309162938596554,1789.2523982227597,,84.22386987798983,1069.9083651312844,0.0183675168261107,0.23332530228560525,85.73561604288024,1074.136410675544,4.0,True,True,,,,,,,,,,,
paired_gain,KITTI,oracle,brake,J,,,,,,,R1_gbm_clf,0.5,,,,False,3536.0,6.0,4585.479391436285,1143.618230446177,621.3709029642554,522.2473274819216,0.11389154391518067,0.6391598142230339,1789.2523982227597,,124.66303373440161,1147.2256168323183,0.027186477812378537,0.2501866258465462,126.94755590781254,1147.2256168323183,4.0,True,True,,,,,,,,,,,
paired_gain,KITTI,oracle,brake,J,,,,,,,R2_cnn_clf,0.1,,,,False,3536.0,6.0,4585.479391436285,164.9431699646759,124.41476224510544,40.52840771957045,0.008838423261755398,0.09324837365424664,1768.8584100808516,,-170.51722656104232,208.81257808042392,-0.03718634672734449,0.04553778574828981,-171.68718144238045,209.3332396559201,4.0,False,False,,,,,,,,,,,
paired_gain,KITTI,oracle,brake,J,,,,,,,R2_cnn_clf,0.2,,,,False,3536.0,6.0,4585.479391436285,235.94649681216296,248.47807035957499,-12.531573547412023,-0.00273288188162303,0.1318687609677234,1789.2523982227597,,-371.5488083691233,209.21722562458768,-0.08102725509202323,0.04562603116597056,-372.008480587682,209.21722562458768,4.0,False,False,,,,,,,,,,,
paired_gain,KITTI,oracle,brake,J,,,,,,,R2_cnn_clf,0.3,,,,False,3536.0,6.0,4585.479391436285,281.4351109817878,372.8928326046804,-91.45772162289262,-0.019945073091746205,0.15729201272069468,1789.2523982227597,,-551.6331666367143,205.5157830232366,-0.12029999909429955,0.04481882164971719,-551.6331666367143,205.5158129164854,4.0,False,False,,,,,,,,,,,
paired_gain,KITTI,oracle,brake,J,,,,,,,R2_cnn_clf,0.5,,,,False,3536.0,6.0,4585.479391436285,470.0785891243134,621.3709029642554,-151.29231383994198,-0.032993783402994095,0.26272346461082635,1789.2523982227597,,-532.0516246963846,223.52984750063035,-0.11602966217447831,0.048747323544423404,-532.0516246963846,223.82106976090716,4.0,False,False,,,,,,,,,,,
paired_gain,KITTI,oracle,brake,J,,,,,,,trivial_ego_speed,0.1,,,,True,3536.0,6.0,4585.479391436285,690.0716869995234,124.41476224510544,565.656924754418,0.12335829614910565,0.3901226254553531,1768.8584100808516,,-1.2823625867105617,1165.5537355507104,-0.00027965725657942475,0.25418361659796496,-1.2395840531094287,1167.2884447958668,4.0,False,False,,,,,,,,,,,
paired_gain,KITTI,oracle,brake,J,,,,,,,trivial_ego_speed,0.2,,,,True,3536.0,6.0,4585.479391436285,1042.0979198767204,248.47807035957499,793.6198495171454,0.17307238388188767,0.582420859634908,1789.2523982227597,,29.706866304904327,1380.0322866334081,0.006478464685804509,0.3009570360758176,28.64168578758443,1380.2932937318578,4.0,True,True,,,,,,,,,,,
paired_gain,KITTI,oracle,brake,J,,,,,,,trivial_ego_speed,0.3,,,,True,3536.0,6.0,4585.479391436285,1108.099202215817,372.8928326046804,735.2063696111367,0.1603335893263827,0.6193084906950395,1789.2523982227597,,7.663964478195879,1647.7971077951138,0.0016713551242883977,0.35935110969476697,7.663964478195878,1648.2930525995357,4.0,True,True,,,,,,,,,,,
paired_gain,KITTI,oracle,brake,J,,,,,,,trivial_ego_speed,0.5,,,,True,3536.0,6.0,4585.479391436285,1155.5245886702235,621.3709029642554,534.1536857059681,0.11648807902256386,0.6458141902271533,1789.2523982227597,,1.8028938374397958,1288.5663652448613,0.0003931745589799903,0.28101017478158385,2.8372805704462447,1289.7032782357378,4.0,True,True,,,,,,,,,,,
paired_gain,KITTI,oracle,brake,J,,,,,,,trivial_n_det,0.1,,,,True,3536.0,6.0,4585.479391436285,-28.628797099227228,124.41476224510544,-153.04355934433266,-0.03337569450865979,-0.016184900349326802,1768.8584100808516,,-309.1626019867317,-26.883458717088622,-0.06742208951241069,-0.005862736787629103,-309.1835385452372,-27.710136104987157,4.0,False,False,,,,,,,,,,,
paired_gain,KITTI,oracle,brake,J,,,,,,,trivial_n_det,0.2,,,,True,3536.0,6.0,4585.479391436285,-11.806809762815679,248.47807035957499,-260.2848801223907,-0.05676285027220743,-0.00659873910161765,1789.2523982227597,,-573.5724472743013,-32.549740729692886,-0.1250845109773014,-0.007098437906074092,-575.1442557601771,-35.19121463123531,4.0,False,False,,,,,,,,,,,
paired_gain,KITTI,oracle,brake,J,,,,,,,trivial_n_det,0.3,,,,True,3536.0,6.0,4585.479391436285,52.622853426158656,372.8928326046804,-320.26997917852174,-0.06984438307075354,0.02941052557952597,1789.2523982227597,,-792.4054118716475,-13.238903136122296,-0.1728075396765542,-0.002887136110751453,-792.519099879001,-17.893007012801473,4.0,False,False,,,,,,,,,,,
paired_gain,KITTI,oracle,brake,J,,,,,,,trivial_n_det,0.5,,,,True,3536.0,6.0,4585.479391436285,68.44437957522489,621.3709029642554,-552.9265233890305,-0.12058205395528783,0.03825306012902918,1789.2523982227597,,-1123.3643811572088,-57.47307402546059,-0.24498297457299079,-0.012533711117052607,-1123.9415123783504,-60.72530028788849,4.0,False,False,,,,,,,,,,,
paired_gain,KITTI,oracle,brake,J,,,,,,,trivial_risk_cheap,0.1,,,,True,3536.0,6.0,4585.479391436285,21.257980139293245,124.41476224510544,-103.1567821058122,-0.022496400768579387,0.012017909414423723,1768.8584100808516,,-298.66588526761177,28.115261028295535,-0.06513296861073935,0.006131367874164437,-298.66588526761177,28.106908587957093,4.0,False,False,,,,,,,,,,,
paired_gain,KITTI,oracle,brake,J,,,,,,,trivial_risk_cheap,0.2,,,,True,3536.0,6.0,4585.479391436285,-21.00039852858263,248.47807035957499,-269.47846888815764,-0.05876778541223589,-0.011736968216134316,1789.2523982227597,,-595.3137239826111,-4.3435814310283565,-0.12982584222151397,-0.000947246963783178,-595.3137239826111,-11.591261590541976,4.0,False,False,,,,,,,,,,,
paired_gain,KITTI,oracle,brake,J,,,,,,,trivial_risk_cheap,0.3,,,,True,3536.0,6.0,4585.479391436285,132.483874730411,372.8928326046804,-240.4089578742694,-0.05242831498125376,0.07404426276695532,1789.2523982227597,,-821.7772268270511,12.243953257960584,-0.17921293646238592,0.00267015773330637,-821.7772268270511,12.243953257960559,4.0,False,False,,,,,,,,,,,
paired_gain,KITTI,oracle,brake,J,,,,,,,trivial_risk_cheap,0.5,,,,True,3536.0,6.0,4585.479391436285,96.99125717346728,621.3709029642554,-524.3796457907881,-0.11435655926621435,0.05420769997000277,1789.2523982227597,,-1130.4205786865516,138.02249559861636,-0.24652178805943253,0.03009990533517245,-1133.4055304221863,138.8952057221567,4.0,False,False,,,,,,,,,,,
paired_gain,KITTI,oracle,brake,J,,,,,,,trivial_area_max,0.1,,,,True,3536.0,6.0,4585.479391436285,29.499297032030313,124.41476224510544,-94.91546521307512,-0.020699136799161418,0.016677025625065123,1768.8584100808516,,-206.8844803749747,5.124588938535844,-0.04511730676651746,0.001117568851820899,-206.8844803749747,5.124588938535844,4.0,False,False,,,,,,,,,,,
paired_gain,KITTI,oracle,brake,J,,,,,,,trivial_area_max,0.2,,,,True,3536.0,6.0,4585.479391436285,23.81234778598045,248.47807035957499,-224.66572257359454,-0.0489950348469942,0.013308545965696587,1789.2523982227597,,-440.3389490474826,-26.377567223466134,-0.09602898878356043,-0.005752412119162099,-440.9981924238706,-28.907429336846462,4.0,False,False,,,,,,,,,,,
paired_gain,KITTI,oracle,brake,J,,,,,,,trivial_area_max,0.3,,,,True,3536.0,6.0,4585.479391436285,20.472444080351018,372.8928326046804,-352.4203885243294,-0.0768557349058203,0.01144189835972053,1789.2523982227597,,-553.4851314281241,-28.05121764746503,-0.12070387503252061,-0.006117401312467506,-553.4851314281241,-31.04986169092882,4.0,False,False,,,,,,,,,,,
paired_gain,KITTI,oracle,brake,J,,,,,,,trivial_area_max,0.5,,,,True,3536.0,6.0,4585.479391436285,112.76609737287644,621.3709029642554,-508.6048055913789,-0.11091638674491379,0.06302414208575911,1789.2523982227597,,-914.2868524011138,-40.79378105211522,-0.19938740845910477,-0.008896295800238587,-914.2868524011138,-40.79378105211522,4.0,False,False,,,,,,,,,,,
paired_gain,KITTI,oracle,brake,J,,,,,,,oracle,0.1,,,,False,3536.0,6.0,4585.479391436285,1768.8584100808516,124.41476224510544,1644.443647835746,0.3586197881309561,1.0,1768.8584100808516,,648.0894111630678,2452.273660628691,0.14133514859393365,0.5347911202498237,659.1327215162064,2452.273660628691,4.0,True,True,,,,,,,,,,,
paired_gain,KITTI,oracle,brake,J,,,,,,,oracle,0.2,,,,False,3536.0,6.0,4585.479391436285,1789.2523982227597,248.47807035957499,1540.7743278631847,0.3360116132548087,1.0,1789.2523982227597,,614.3296715703432,2757.9729605715306,0.1339728344909037,0.6014579338688655,620.325595781355,2757.9729605715306,4.0,True,True,,,,,,,,,,,
paired_gain,KITTI,oracle,brake,J,,,,,,,oracle,0.3,,,,False,3536.0,6.0,4585.479391436285,1789.2523982227597,372.8928326046804,1416.3595656180792,0.30887927841595647,1.0,1789.2523982227597,,579.7596153601355,2470.5189661682575,0.12643380677773378,0.5387700511275071,579.8881289614933,2473.0023687078137,4.0,True,True,,,,,,,,,,,
paired_gain,KITTI,oracle,brake,J,,,,,,,oracle,0.5,,,,False,3536.0,6.0,4585.479391436285,1789.2523982227597,621.3709029642554,1167.8814952585044,0.25469125375192125,1.0,1789.2523982227597,,499.27923128768987,1950.1768500327512,0.1088826682375086,0.425293995143637,510.3437074480131,1950.1768500327512,4.0,True,True,,,,,,,,,,,
paired_gain,KITTI,oracle,traj,JB,,,,,,,uncertainty,0.1,,,,False,3536.0,6.0,1799.2805109286678,-1.064056192871035,93.6815404542037,-94.74559664707473,-0.05265749063117091,-0.0011342939364765816,938.0780048743594,,-192.7745253799169,-3.3080377653699173,-0.10713978404646846,-0.00183853365013248,-193.30460719322537,-38.802005952650475,85.0,False,False,,,,,,,,,,,
paired_gain,KITTI,oracle,traj,JB,,,,,,,uncertainty,0.2,,,,False,3536.0,6.0,1799.2805109286678,29.246456618862855,187.09844378848027,-157.85198716961742,-0.08773061577160352,0.03117699857250139,938.0780048743594,,-344.16503248182846,-6.844501807587362,-0.1912792532300556,-0.003804021533059728,-344.7217569522243,-72.52070499745399,85.0,False,False,,,,,,,,,,,
paired_gain,KITTI,oracle,traj,JB,,,,,,,uncertainty,0.3,,,,False,3536.0,6.0,1799.2805109286678,46.26045840449857,280.77998424268395,-234.5195258381854,-0.13034072475844366,0.04931408493123599,938.0780048743594,,-475.42574685707854,-10.177365619077907,-0.26423103233174894,-0.0056563529462257305,-476.31644705388135,-103.04833316316024,85.0,False,False,,,,,,,,,,,
paired_gain,KITTI,oracle,traj,JB,,,,,,,uncertainty,0.5,,,,False,3536.0,6.0,1799.2805109286678,77.81184366627771,467.8784280311642,-390.0665843648865,-0.21679031256975065,0.08294815917435285,938.0780048743594,,-663.2046978674633,-16.764684893577197,-0.3685943875005691,-0.009317438160281296,-666.1944272165508,-178.19206593373798,85.0,False,False,,,,,,,,,,,
paired_gain,KITTI,oracle,traj,JB,,,,,,,criticality_cheap,0.1,,,,False,3536.0,6.0,1799.2805109286678,1.3033971600892438,93.6815404542037,-92.37814329411445,-0.0513417128307776,0.0013894336647023431,938.0780048743594,,-191.2465067380841,-2.66315969966177,-0.10629054534658161,-0.0014801247962649392,-194.78842010103747,-38.1852086029885,85.0,False,False,,,,,,,,,,,
paired_gain,KITTI,oracle,traj,JB,,,,,,,criticality_cheap,0.2,,,,False,3536.0,6.0,1799.2805109286678,14.321551008629967,187.09844378848027,-172.7768927798503,-0.09602554561693911,0.015266908438545163,938.0780048743594,,-377.1674746980962,-5.081913674500637,-0.20962127495252403,-0.0028244143387501563,-377.1674746980963,-70.20323518989562,85.0,False,False,,,,,,,,,,,
paired_gain,KITTI,oracle,traj,JB,,,,,,,criticality_cheap,0.3,,,,False,3536.0,6.0,1799.2805109286678,14.300965740692336,280.77998424268395,-266.4790185019916,-0.14810309836816551,0.015244964348788586,938.0780048743594,,-522.9123455510903,-9.87180005338421,-0.2906230253565066,-0.00548652641621125,-522.9123455510903,-102.46485741421148,85.0,False,False,,,,,,,,,,,
paired_gain,KITTI,oracle,traj,JB,,,,,,,criticality_cheap,0.5,,,,False,3536.0,6.0,1799.2805109286678,46.63919140425172,467.8784280311642,-421.2392366269125,-0.23411537782371525,0.04971781788071909,938.0780048743594,,-715.8474662673647,-17.273035446321707,-0.39785206471107293,-0.009599968065794547,-722.172234335338,-179.63568317253592,85.0,False,False,,,,,,,,,,,
paired_gain,KITTI,oracle,traj,JB,,,,,,,criticality_gt,0.1,,,,False,3536.0,6.0,1799.2805109286678,13.805551065929727,93.6815404542037,-79.87598938827398,-0.04439329437689922,0.014716847633346611,938.0780048743594,,-182.2918636883624,-1.6147387752580267,-0.10131375434855101,-0.0008974358169558603,-182.29186368836244,-29.037174794098384,85.0,False,False,,,,,,,,,,,
paired_gain,KITTI,oracle,traj,JB,,,,,,,criticality_gt,0.2,,,,False,3536.0,6.0,1799.2805109286678,14.242607472886865,187.09844378848027,-172.8558363155934,-0.09606942067436545,0.015182753884944179,938.0780048743594,,-377.14247469809624,-5.243730176178405,-0.20960738050980202,-0.00291434834331193,-377.14247469809635,-63.56571399916143,85.0,False,False,,,,,,,,,,,
paired_gain,KITTI,oracle,traj,JB,,,,,,,criticality_gt,0.3,,,,False,3536.0,6.0,1799.2805109286678,14.872506949203371,280.77998424268395,-265.90747729348055,-0.1477854485047676,0.015854232667138705,938.0780048743594,,-560.4054642028663,-8.43412982866571,-0.3114608649396322,-0.004687501352589308,-561.8752574202563,-101.9267310419554,85.0,False,False,,,,,,,,,,,
paired_gain,KITTI,oracle,traj,JB,,,,,,,criticality_gt,0.5,,,,False,3536.0,6.0,1799.2805109286678,14.872506949203371,467.8784280311642,-453.0059210819608,-0.25177059292892,0.015854232667138705,938.0780048743594,,-787.2907499606428,-16.087643427757605,-0.43755864923713095,-0.00894115360558996,-795.0825812809221,-179.22944159102383,85.0,False,False,,,,,,,,,,,
paired_gain,KITTI,oracle,traj,JB,,,,,,,dE_exact,0.1,,,,False,3536.0,6.0,1799.2805109286678,293.9147925087843,93.6815404542037,200.2332520545806,0.11128517806889023,0.3133159406590601,938.0780048743594,,-82.30112447078203,690.5774440864392,-0.04574113039678494,0.3838075496799604,-83.33715797017338,692.7077989789892,85.0,False,False,,,,,,,,,,,
paired_gain,KITTI,oracle,traj,JB,,,,,,,dE_exact,0.2,,,,False,3536.0,6.0,1799.2805109286678,500.5735076945135,187.09844378848027,313.47506390603326,0.17422245280933904,0.5336160799991866,938.0780048743594,,-65.42056916430079,955.9308498393829,-0.036359294043892626,0.5312850575733716,-65.42056916430079,956.9115365976321,85.0,False,False,,,,,,,,,,,
paired_gain,KITTI,oracle,traj,JB,,,,,,,dE_exact,0.3,,,,False,3536.0,6.0,1799.2805109286678,838.786484404447,280.77998424268395,558.0065001617631,0.3101275742011776,0.894154302782943,938.0780048743594,,15.191222988321606,1244.0626948967197,0.00844294310756521,0.6914223142752867,162.81047749343475,1264.7760652642025,85.0,True,True,,,,,,,,,,,
paired_gain,KITTI,oracle,traj,JB,,,,,,,dE_exact,0.5,,,,False,3536.0,6.0,1799.2805109286678,919.9657989124902,467.8784280311642,452.08737088132597,0.25126008320291804,0.9806922176324824,938.0780048743594,,20.390414117119917,936.260251958515,0.011332537641168443,0.5203525777508035,192.24423717813147,958.6621745033262,85.0,True,True,,,,,,,,,,,
paired_gain,KITTI,oracle,traj,JB,,,,,,,dE_E1_fn_only,0.1,,,,False,3536.0,6.0,1799.2805109286678,293.9147925087843,93.6815404542037,200.2332520545806,0.11128517806889023,0.3133159406590601,938.0780048743594,,-82.30112447078203,690.5774440864392,-0.04574113039678494,0.3838075496799604,-83.33715797017338,692.7077989789892,85.0,False,False,,,,,,,,,,,
paired_gain,KITTI,oracle,traj,JB,,,,,,,dE_E1_fn_only,0.2,,,,False,3536.0,6.0,1799.2805109286678,500.5735076945135,187.09844378848027,313.47506390603326,0.17422245280933904,0.5336160799991866,938.0780048743594,,-65.42056916430079,955.9308498393829,-0.036359294043892626,0.5312850575733716,-65.42056916430079,956.9115365976321,85.0,False,False,,,,,,,,,,,
paired_gain,KITTI,oracle,traj,JB,,,,,,,dE_E1_fn_only,0.3,,,,False,3536.0,6.0,1799.2805109286678,838.786484404447,280.77998424268395,558.0065001617631,0.3101275742011776,0.894154302782943,938.0780048743594,,15.191222988321606,1244.0626948967197,0.00844294310756521,0.6914223142752867,162.81047749343475,1264.7760652642025,85.0,True,True,,,,,,,,,,,
paired_gain,KITTI,oracle,traj,JB,,,,,,,dE_E1_fn_only,0.5,,,,False,3536.0,6.0,1799.2805109286678,919.9657989124902,467.8784280311642,452.08737088132597,0.25126008320291804,0.9806922176324824,938.0780048743594,,20.390414117119917,936.260251958515,0.011332537641168443,0.5203525777508035,192.24423717813147,958.6621745033262,85.0,True,True,,,,,,,,,,,
paired_gain,KITTI,oracle,traj,JB,,,,,,,dE_E2_fn_fp,0.1,,,,False,3536.0,6.0,1799.2805109286678,386.1439187516782,93.6815404542037,292.4623782974745,0.16254407054435613,0.41163305902625447,938.0780048743594,,-3.090216043667498,776.6051512637433,-0.0017174731926999731,0.4316198316753355,34.08351471148642,778.6800388292893,85.0,False,True,,,,,,,,,,,
paired_gain,KITTI,oracle,traj,JB,,,,,,,dE_E2_fn_fp,0.2,,,,False,3536.0,6.0,1799.2805109286678,556.3631856627892,187.09844378848027,369.2647418743089,0.20522911220981283,0.5930884028533482,938.0780048743594,,0.6305085612860637,932.4032475107954,0.0003504226036220653,0.5182089406557021,83.37014202167765,932.9463576785175,85.0,True,True,,,,,,,,,,,
paired_gain,KITTI,oracle,traj,JB,,,,,,,dE_E2_fn_fp,0.3,,,,False,3536.0,6.0,1799.2805109286678,622.5367673971493,280.77998424268395,341.7567831544654,0.18994080193647708,0.6636300650504307,938.0780048743594,,13.039521617934074,835.1244665078149,0.007247075449732932,0.4641435626270301,87.18308550407193,835.1719769983679,85.0,True,True,,,,,,,,,,,
paired_gain,KITTI,oracle,traj,JB,,,,,,,dE_E2_fn_fp,0.5,,,,False,3536.0,6.0,1799.2805109286678,692.8513543871807,467.8784280311642,224.97292635601644,0.12503493757062956,0.7385860779029534,938.0780048743594,,15.18184083780686,569.3493517488323,0.008437728717447739,0.3164316782684276,44.03993936120308,569.5608207914412,85.0,True,True,,,,,,,,,,,
paired_gain,KITTI,oracle,traj,JB,,,,,,,dE_E3_class_aware,0.1,,,,False,3536.0,6.0,1799.2805109286678,298.374006004062,93.6815404542037,204.6924655498583,0.11376350952871145,0.31806950429887165,938.0780048743594,,-74.89534742206496,690.6760912802889,-0.04162516459615794,0.38386237559134584,-75.18312526443847,696.253807270278,85.0,False,False,,,,,,,,,,,
paired_gain,KITTI,oracle,traj,JB,,,,,,,dE_E3_class_aware,0.2,,,,False,3536.0,6.0,1799.2805109286678,518.6993898572027,187.09844378848027,331.60094606872246,0.18429641406918387,0.5529384413257554,938.0780048743594,,-39.75186357698544,955.9308498393829,-0.022093199662607473,0.5312850575733716,-39.75186357698547,956.9115365976321,85.0,False,False,,,,,,,,,,,
paired_gain,KITTI,oracle,traj,JB,,,,,,,dE_E3_class_aware,0.3,,,,False,3536.0,6.0,1799.2805109286678,858.6847444103317,280.77998424268395,577.9047601676477,0.3211865835579868,0.9153660356052574,938.0780048743594,,17.895716537519203,1244.3612939792777,0.009946040336024446,0.691588268989265,189.31193974654684,1265.0584952157253,85.0,True,True,,,,,,,,,,,
paired_gain,KITTI,oracle,traj,JB,,,,,,,dE_E3_class_aware,0.5,,,,False,3536.0,6.0,1799.2805109286678,920.3248958496752,467.8784280311642,452.44646781851094,0.2514596612759333,0.9810750183540845,938.0780048743594,,20.393838280095686,936.2050189896052,0.011334440714621955,0.520321880497888,192.2822534217396,958.7618091289723,85.0,True,True,,,,,,,,,,,
paired_gain,KITTI,oracle,traj,JB,,,,,,,dE_E4_localization,0.1,,,,False,3536.0,6.0,1799.2805109286678,340.7052459254225,93.6815404542037,247.02370547121882,0.13729026906634018,0.36319500527150145,938.0780048743594,,-24.128212031961507,720.4162586891493,-0.013409922402543083,0.40039129769560994,-24.351874114717848,721.2606173442065,85.0,False,False,,,,,,,,,,,
paired_gain,KITTI,oracle,traj,JB,,,,,,,dE_E4_localization,0.2,,,,False,3536.0,6.0,1799.2805109286678,588.8835233340587,187.09844378848027,401.78507954557847,0.22330319097282056,0.6277553895029554,938.0780048743594,,-62.97377194117834,1101.216446561286,-0.034999418689126746,0.6120315536530276,-63.38092743306968,1115.1576842257389,85.0,False,False,,,,,,,,,,,
paired_gain,KITTI,oracle,traj,JB,,,,,,,dE_E4_localization,0.3,,,,False,3536.0,6.0,1799.2805109286678,890.1218501331888,280.77998424268395,609.3418658905048,0.338658626150518,0.9488782867821386,938.0780048743594,,27.046556775988872,1275.5950661209763,0.015031873358106488,0.7089473033099213,258.56908645847614,1287.4789528715946,85.0,True,True,,,,,,,,,,,
paired_gain,KITTI,oracle,traj,JB,,,,,,,dE_E4_localization,0.5,,,,False,3536.0,6.0,1799.2805109286678,921.8225447006947,467.8784280311642,453.9441166695305,0.2522920211230627,0.9826715261532629,938.0780048743594,,20.36057768259882,934.083825648631,0.0113159552159491,0.5191429685227456,196.2359232284124,970.7039912231525,85.0,True,True,,,,,,,,,,,
paired_gain,KITTI,oracle,traj,JB,,,,,,,dE_E5_combined,0.1,,,,False,3536.0,6.0,1799.2805109286678,398.9992775066859,93.6815404542037,305.31773705248224,0.1696887923800707,0.425336992695107,938.0780048743594,,-2.754370458215504,782.6112165006592,-0.0015308177026793243,0.4349578688521046,49.51703613183003,782.6122013419388,85.0,False,True,,,,,,,,,,,
paired_gain,KITTI,oracle,traj,JB,,,,,,,dE_E5_combined,0.2,,,,False,3536.0,6.0,1799.2805109286678,623.4029834828068,187.09844378848027,436.30453969432654,0.24248833744613585,0.6645534595668318,938.0780048743594,,2.774898453447977,959.5357770868002,0.001542226704837569,0.5332885957796276,122.46321616775106,974.2823021608837,85.0,True,True,,,,,,,,,,,
paired_gain,KITTI,oracle,traj,JB,,,,,,,dE_E5_combined,0.3,,,,False,3536.0,6.0,1799.2805109286678,652.7980810312118,280.77998424268395,372.0180967885279,0.20675936549577648,0.6958889107720245,938.0780048743594,,15.766904031164144,874.2373325841668,0.008762893798603046,0.4858816217227541,114.02023193461568,876.1906472478709,85.0,True,True,,,,,,,,,,,
paired_gain,KITTI,oracle,traj,JB,,,,,,,dE_E5_combined,0.5,,,,False,3536.0,6.0,1799.2805109286678,741.9418705361618,467.8784280311642,274.06344250499757,0.15231835216374595,0.7909170310794496,938.0780048743594,,19.52928583012385,616.2824572218191,0.010853941734768273,0.3425160520989223,75.34269422358,617.066400563579,85.0,True,True,,,,,,,,,,,
paired_gain,KITTI,oracle,traj,JB,,,,,,,dE_E5_fp_heavy,0.1,,,,False,3536.0,6.0,1799.2805109286678,199.5699965066596,93.6815404542037,105.88845605245591,0.058850443501888096,0.21274349837611728,938.0780048743594,,-4.34636888967747,433.1117790680902,-0.0024156149434610206,0.24071387226027752,18.717509124967528,441.3255284066234,85.0,False,True,,,,,,,,,,,
paired_gain,KITTI,oracle,traj,JB,,,,,,,dE_E5_fp_heavy,0.2,,,,False,3536.0,6.0,1799.2805109286678,431.4885834149124,187.09844378848027,244.39013962643213,0.1358265918749347,0.4599708991926566,938.0780048743594,,-11.833701949601576,657.080533539027,-0.006576907757142222,0.3651907134812938,34.48482641436414,657.2486108942721,85.0,False,True,,,,,,,,,,,
paired_gain,KITTI,oracle,traj,JB,,,,,,,dE_E5_fp_heavy,0.3,,,,False,3536.0,6.0,1799.2805109286678,488.3539075883357,280.77998424268395,207.57392334565174,0.11536495954069775,0.5205898710456844,938.0780048743594,,-28.354946068851213,583.2116208176947,-0.015759046961619283,0.32413601841142603,-23.275261347870895,594.8669428126892,85.0,False,False,,,,,,,,,,,
paired_gain,KITTI,oracle,traj,JB,,,,,,,dE_E5_fp_heavy,0.5,,,,False,3536.0,6.0,1799.2805109286678,605.4429811474539,467.8784280311642,137.5645531162897,0.07645531215435002,0.645407927700579,938.0780048743594,,-139.29063733349253,349.61613057011425,-0.07741463128592442,0.1943088520364542,-155.44785988231664,350.4843425675644,85.0,False,False,,,,,,,,,,,
paired_gain,KITTI,oracle,traj,JB,,,,,,,dE_E5_loc_heavy,0.1,,,,False,3536.0,6.0,1799.2805109286678,346.84825260555004,93.6815404542037,253.16671215134636,0.14070441524466837,0.36974350832583996,938.0780048743594,,-7.429076027129134,705.067297358394,-0.004128914853468148,0.391860687133484,9.597340221558497,705.4346971895212,85.0,False,True,,,,,,,,,,,
paired_gain,KITTI,oracle,traj,JB,,,,,,,dE_E5_loc_heavy,0.2,,,,False,3536.0,6.0,1799.2805109286678,485.91001114165937,187.09844378848027,298.8115673531791,0.1660728082909944,0.5179846543856865,938.0780048743594,,-12.847599161100675,742.8599426847597,-0.007140409226391057,0.4128649969655623,57.138599643513736,742.8599426847599,85.0,False,True,,,,,,,,,,,
paired_gain,KITTI,oracle,traj,JB,,,,,,,dE_E5_loc_heavy,0.3,,,,False,3536.0,6.0,1799.2805109286678,605.7242990301619,280.77998424268395,324.94431478747794,0.1805968067868214,0.6457078152165917,938.0780048743594,,-0.13758960540898402,741.6501628059375,-7.646923566018592e-05,0.41219262827625885,48.09978632528562,741.6501628059375,85.0,False,True,,,,,,,,,,,
paired_gain,KITTI,oracle,traj,JB,,,,,,,dE_E5_loc_heavy,0.5,,,,False,3536.0,6.0,1799.2805109286678,635.8203710821482,467.8784280311642,167.94194305098398,0.09333838833407006,0.6777905118533359,938.0780048743594,,1.452508145943828,426.4386853912821,0.0008072716494851272,0.23700511554542603,22.465001691189638,432.71829536067423,85.0,True,True,,,,,,,,,,,
paired_gain,KITTI,oracle,traj,JB,,,,,,,dE_E6_risk_weighted,0.1,,,,False,3536.0,6.0,1799.2805109286678,17.139961825037112,93.6815404542037,-76.5415786291666,-0.042540103204730964,0.01827136094863746,938.0780048743594,,-176.43145656001514,25.790217260589955,-0.09805667070164233,0.014333627860660135,-176.53121335632304,17.09162063893504,85.0,False,False,,,,,,,,,,,
paired_gain,KITTI,oracle,traj,JB,,,,,,,dE_E6_risk_weighted,0.2,,,,False,3536.0,6.0,1799.2805109286678,53.745265422380285,187.09844378848027,-133.3531783661,-0.07411472394444601,0.05729295979983947,938.0780048743594,,-328.45769182916774,574.8875403618276,-0.18254946342949047,0.31950968004711466,-328.94855429804744,588.613909265259,85.0,False,False,,,,,,,,,,,
paired_gain,KITTI,oracle,traj,JB,,,,,,,dE_E6_risk_weighted,0.3,,,,False,3536.0,6.0,1799.2805109286678,116.82884490361278,280.77998424268395,-163.95113933907118,-0.09112038859046531,0.12454065045396746,938.0780048743594,,-355.20397142199573,1356.6960465465995,-0.19741444942271025,0.7540214203989594,-380.16075612096637,1365.8032427774003,85.0,False,False,,,,,,,,,,,
paired_gain,KITTI,oracle,traj,JB,,,,,,,dE_E6_risk_weighted,0.5,,,,False,3536.0,6.0,1799.2805109286678,936.4365283838979,467.8784280311642,468.5581003527337,0.2604141474921525,0.9982501705807703,938.0780048743594,,20.142245688901554,976.9924510582802,0.01119461116071639,0.5429906260441971,195.24804359045316,984.8058007461756,85.0,True,True,,,,,,,,,,,
paired_gain,KITTI,oracle,traj,JB,,,,,,,gate_ridge,0.1,,,,False,3536.0,6.0,1799.2805109286678,225.28063978006827,93.6815404542037,131.5990993258646,0.073139845914266,0.24015128657689935,938.0780048743594,,-72.66484497456577,355.4651431663039,-0.040385501056231114,0.19755960285638655,-101.86168784318488,355.4651431663039,85.0,False,False,,,,,,,,,,,
paired_gain,KITTI,oracle,traj,JB,,,,,,,gate_ridge,0.2,,,,False,3536.0,6.0,1799.2805109286678,426.8775757044104,187.09844378848027,239.77913191593012,0.13326389657395457,0.45505552148787864,938.0780048743594,,-82.93351903384787,531.782842977526,-0.04609260119815512,0.2955530500928148,-84.65709385318101,531.9795288564235,85.0,False,False,,,,,,,,,,,
paired_gain,KITTI,oracle,traj,JB,,,,,,,gate_ridge,0.3,,,,False,3536.0,6.0,1799.2805109286678,503.3866187799804,280.77998424268395,222.60663453729643,0.1237198053250751,0.5366148829461159,938.0780048743594,,-157.47813969795223,568.3398058937306,-0.0875228396803301,0.31587059518606786,-157.92062748351321,594.492283654915,85.0,False,False,,,,,,,,,,,
paired_gain,KITTI,oracle,traj,JB,,,,,,,gate_ridge,0.5,,,,False,3536.0,6.0,1799.2805109286678,516.7801273432605,467.8784280311642,48.90169931209624,0.027178474404114156,0.5508924893857573,938.0780048743594,,-338.12415379374875,541.2963279308929,-0.18792186751316045,0.30084043296368057,-359.6525123057212,541.7006166549148,85.0,False,False,,,,,,,,,,,
paired_gain,KITTI,oracle,traj,JB,,,,,,,gate_gbm,0.1,,,,False,3536.0,6.0,1799.2805109286678,301.44968722297756,93.6815404542037,207.76814676877387,0.1154729045898118,0.32134820948429754,938.0780048743594,,20.72419183833844,436.90849754362364,0.011518043858343137,0.2428240037558795,51.39884518844506,479.05002047410335,85.0,True,True,,,,,,,,,,,
paired_gain,KITTI,oracle,traj,JB,,,,,,,gate_gbm,0.2,,,,False,3536.0,6.0,1799.2805109286678,536.6386339756225,187.09844378848027,349.54019018714223,0.1942666460643944,0.5720618447369914,938.0780048743594,,29.795912491467202,700.4399241964838,0.016559903978556712,0.3892888962794155,103.88372841224736,713.3063882339122,85.0,True,True,,,,,,,,,,,
paired_gain,KITTI,oracle,traj,JB,,,,,,,gate_gbm,0.3,,,,False,3536.0,6.0,1799.2805109286678,740.5250009566339,280.77998424268395,459.74501671394995,0.25551603205920376,0.7894066347454927,938.0780048743594,,26.569705554223024,837.7222955275691,0.014766850078595874,0.46558737808769635,193.15690241880918,867.3779503069276,85.0,True,True,,,,,,,,,,,
paired_gain,KITTI,oracle,traj,JB,,,,,,,gate_gbm,0.5,,,,False,3536.0,6.0,1799.2805109286678,903.5115629045966,467.8784280311642,435.6331348734324,0.24211518561304698,0.9631518468718469,938.0780048743594,,18.925691191855975,844.5864152890712,0.010518477289618284,0.4694023028422357,195.43704444403784,847.0878609192196,85.0,True,True,,,,,,,,,,,
paired_gain,KITTI,oracle,traj,JB,,,,,,,R1_mlp_reg,0.1,,,,False,3536.0,6.0,1799.2805109286678,241.06947089477592,93.6815404542037,147.38793044057223,0.08191492629712332,0.25698232944611393,938.0780048743594,,8.693185861644025,302.4822679177197,0.00483147892107006,0.1681129018407467,16.70505147254527,303.86615549265423,85.0,True,True,,,,,,,,,,,
paired_gain,KITTI,oracle,traj,JB,,,,,,,R1_mlp_reg,0.2,,,,False,3536.0,6.0,1799.2805109286678,381.73742682474574,187.09844378848027,194.63898303626547,0.1081760080510214,0.40693569707550425,938.0780048743594,,-6.399523789453027,387.5745348609496,-0.0035567126696381666,0.215405287006032,-11.753350333162695,387.5745348609496,85.0,False,False,,,,,,,,,,,
paired_gain,KITTI,oracle,traj,JB,,,,,,,R1_mlp_reg,0.3,,,,False,3536.0,6.0,1799.2805109286678,499.04442723023436,280.77998424268395,218.2644429875504,0.1213065120540304,0.531986065803849,938.0780048743594,,-7.593047579418774,448.0270391573763,-0.004220046587121511,0.24900344134008032,-7.794713686598936,448.0270391573763,85.0,False,False,,,,,,,,,,,
paired_gain,KITTI,oracle,traj,JB,,,,,,,R1_mlp_reg,0.5,,,,False,3536.0,6.0,1799.2805109286678,652.9170044112474,467.8784280311642,185.03857638008316,0.10284031603531273,0.6960156842166821,938.0780048743594,,-30.09644119791494,454.2541862743252,-0.016726931134479515,0.25246435089760944,-30.135774091709873,493.98712588867977,85.0,False,False,,,,,,,,,,,
paired_gain,KITTI,oracle,traj,JB,,,,,,,R1_mlp_clf,0.1,,,,False,3536.0,6.0,1799.2805109286678,246.58585781243113,93.6815404542037,152.90431735822744,0.08498081117952448,0.2628628499241461,938.0780048743594,,3.4659506737330332,289.9080427613637,0.0019262981245454286,0.16112442779238054,35.2952142378745,299.0907467299796,85.0,True,True,,,,,,,,,,,
paired_gain,KITTI,oracle,traj,JB,,,,,,,R1_mlp_clf,0.2,,,,False,3536.0,6.0,1799.2805109286678,392.6452723514881,187.09844378848027,205.5468285630078,0.11423834544671321,0.41856356327646405,938.0780048743594,,17.525551775065075,451.07585701534566,0.009740311012438834,0.25069790634398115,77.58495031488036,452.79957950433345,85.0,True,True,,,,,,,,,,,
paired_gain,KITTI,oracle,traj,JB,,,,,,,R1_mlp_clf,0.3,,,,False,3536.0,6.0,1799.2805109286678,648.9242918469407,280.77998424268395,368.14430760425677,0.20460639981825035,0.6917594149687517,938.0780048743594,,13.959431277269765,559.9260561872117,0.007758340732576958,0.31119442065107206,127.65295139177084,563.5846333307409,85.0,True,True,,,,,,,,,,,
paired_gain,KITTI,oracle,traj,JB,,,,,,,R1_mlp_clf,0.5,,,,False,3536.0,6.0,1799.2805109286678,796.1619652901392,467.8784280311642,328.28353725897495,0.18245267220147737,0.8487161634247808,938.0780048743594,,17.3978379382244,593.5354779608031,0.009669330508806992,0.32987378808124806,126.8752813155773,595.6349156960888,85.0,True,True,,,,,,,,,,,
paired_gain,KITTI,oracle,traj,JB,,,,,,,R1_gbm_reg,0.1,,,,False,3536.0,6.0,1799.2805109286678,270.0876537265424,93.6815404542037,176.4061132723387,0.09804258546728198,0.28791598600877155,938.0780048743594,,13.262554470650343,359.2973796792539,0.007371032137621,0.1996894744854479,30.654874250967246,359.2973796792539,85.0,True,True,,,,,,,,,,,
paired_gain,KITTI,oracle,traj,JB,,,,,,,R1_gbm_reg,0.2,,,,False,3536.0,6.0,1799.2805109286678,470.127316586841,187.09844378848027,283.02887279836074,0.15730113847133276,0.5011601531471864,938.0780048743594,,29.704344034352257,515.0434577409208,0.016509012271255508,0.2862496729179209,97.99545749666451,520.690973153653,85.0,True,True,,,,,,,,,,,
paired_gain,KITTI,oracle,traj,JB,,,,,,,R1_gbm_reg,0.3,,,,False,3536.0,6.0,1799.2805109286678,682.8139427185206,280.77998424268395,402.03395847583664,0.22344151233446846,0.7278861024035764,938.0780048743594,,25.81186221618379,630.9544505759922,0.01434565764448893,0.35067041895003676,175.44161978622193,630.9544505759924,85.0,True,True,,,,,,,,,,,
paired_gain,KITTI,oracle,traj,JB,,,,,,,R1_gbm_reg,0.5,,,,False,3536.0,6.0,1799.2805109286678,788.0495499625474,467.8784280311642,320.1711219313832,0.17794397259720907,0.8400682521791928,938.0780048743594,,17.782863320293018,621.6115320307998,0.009883319033514512,0.3454778330867185,156.1270874111479,621.6115320307999,85.0,True,True,,,,,,,,,,,
paired_gain,KITTI,oracle,traj,JB,,,,,,,R1_gbm_clf,0.1,,,,False,3536.0,6.0,1799.2805109286678,281.6763067411316,93.6815404542037,187.99476628692793,0.10448330048875906,0.3002695994123193,938.0780048743594,,21.521060403023725,352.6458545545213,0.011960925643504023,0.19599270509105285,49.35773665686356,353.43600092872214,85.0,True,True,,,,,,,,,,,
paired_gain,KITTI,oracle,traj,JB,,,,,,,R1_gbm_clf,0.2,,,,False,3536.0,6.0,1799.2805109286678,425.3327217920433,187.09844378848027,238.23427800356302,0.13240530120598176,0.45340869264812345,938.0780048743594,,21.669126906329026,463.93120424817425,0.012043217705473216,0.2578426217759254,80.81016715761457,469.1062583771404,85.0,True,True,,,,,,,,,,,
paired_gain,KITTI,oracle,traj,JB,,,,,,,R1_gbm_clf,0.3,,,,False,3536.0,6.0,1799.2805109286678,637.9842319565107,280.77998424268395,357.20424771382676,0.1985261583973151,0.6800972079522944,938.0780048743594,,25.362115938620583,597.0197871723155,0.014095698688766634,0.331810289471859,143.81545028515131,598.3285597518772,85.0,True,True,,,,,,,,,,,
paired_gain,KITTI,oracle,traj,JB,,,,,,,R1_gbm_clf,0.5,,,,False,3536.0,6.0,1799.2805109286678,791.6133029537683,467.8784280311642,323.7348749226041,0.17992462706969126,0.843867246476792,938.0780048743594,,17.683487491430657,596.8476735858651,0.009828088163031138,0.33171463257711403,145.87318249008104,596.9352819791466,85.0,True,True,,,,,,,,,,,
paired_gain,KITTI,oracle,traj,JB,,,,,,,R2_cnn_clf,0.1,,,,False,3536.0,6.0,1799.2805109286678,38.78476476618574,93.6815404542037,-54.89677568801796,-0.030510404216896637,0.04134492501119919,938.0780048743594,,-155.749029558873,43.35504915672192,-0.08656183880882798,0.02409576988879013,-156.28549787224355,17.949251117558376,85.0,False,False,,,,,,,,,,,
paired_gain,KITTI,oracle,traj,JB,,,,,,,R2_cnn_clf,0.2,,,,False,3536.0,6.0,1799.2805109286678,118.36930771674115,187.09844378848027,-68.72913607173912,-0.03819812177939156,0.12618279834052268,938.0780048743594,,-287.57780456834917,52.878652663038395,-0.15982933334831756,0.02938877642583145,-287.7932495757553,47.749766077490875,85.0,False,False,,,,,,,,,,,
paired_gain,KITTI,oracle,traj,JB,,,,,,,R2_cnn_clf,0.3,,,,False,3536.0,6.0,1799.2805109286678,166.36951662036975,280.77998424268395,-114.4104676223142,-0.06358678756724997,0.17735147371102927,938.0780048743594,,-442.8680442924612,67.55761584592251,-0.24613618699392373,0.03754701695237826,-443.08179926077065,68.3231908711701,85.0,False,False,,,,,,,,,,,
paired_gain,KITTI,oracle,traj,JB,,,,,,,R2_cnn_clf,0.5,,,,False,3536.0,6.0,1799.2805109286678,356.92541126306907,467.8784280311642,-110.95301676809515,-0.06166521345291994,0.3804858544901855,938.0780048743594,,-436.9996124378988,175.32546602209402,-0.2428746433830648,0.09744198581443134,-437.7472049977983,195.33091617956305,85.0,False,False,,,,,,,,,,,
paired_gain,KITTI,oracle,traj,JB,,,,,,,trivial_ego_speed,0.1,,,,True,3536.0,6.0,1799.2805109286678,257.44134502609626,93.6815404542037,163.75980457189257,0.09101404899193331,0.274434901669586,938.0780048743594,,-195.08276263842933,457.93036888762845,-0.10842265086156061,0.25450749124786304,-195.11075043403028,457.93152217790305,85.0,False,False,,,,,,,,,,,
paired_gain,KITTI,oracle,traj,JB,,,,,,,trivial_ego_speed,0.2,,,,True,3536.0,6.0,1799.2805109286678,745.9956458393898,187.09844378848027,558.8972020509095,0.31062260645642426,0.7952383937829393,938.0780048743594,,-305.9554996297041,843.6612021002913,-0.17004324660404976,0.4688880899759483,-308.97083962495367,843.7052699411445,85.0,False,False,,,,,,,,,,,
paired_gain,KITTI,oracle,traj,JB,,,,,,,trivial_ego_speed,0.3,,,,True,3536.0,6.0,1799.2805109286678,857.7055908287927,280.77998424268395,576.9256065861086,0.3206423918237954,0.9143222486531583,938.0780048743594,,0.3018576043452941,981.5618041126893,0.00016776572775164194,0.5455301706158496,110.22341661550593,1027.5361016154243,85.0,True,True,,,,,,,,,,,
paired_gain,KITTI,oracle,traj,JB,,,,,,,trivial_ego_speed,0.5,,,,True,3536.0,6.0,1799.2805109286678,934.0169907732816,467.8784280311642,466.13856274211736,0.25906942242237035,0.995670920669735,938.0780048743594,,18.665624475502067,913.7386750654092,0.01037393800584664,0.507835587344743,193.06070498191553,913.7386750654092,85.0,True,True,,,,,,,,,,,
paired_gain,KITTI,oracle,traj,JB,,,,,,,trivial_n_det,0.1,,,,True,3536.0,6.0,1799.2805109286678,-0.724685443913428,93.6815404542037,-94.40622589811713,-0.05246887593385368,-0.0007725215175581141,938.0780048743594,,-192.65732825410154,-3.0005153863991287,-0.10707464849639524,-0.0016676195669181478,-193.16075357920136,-36.2061893527664,85.0,False,False,,,,,,,,,,,
paired_gain,KITTI,oracle,traj,JB,,,,,,,trivial_n_det,0.2,,,,True,3536.0,6.0,1799.2805109286678,17.902600023583947,187.09844378848027,-169.19584376489632,-0.09403527840001379,0.019084340460558732,938.0780048743594,,-351.62731367674456,-6.307362903048776,-0.1954266227755994,-0.003505491703343876,-351.62731367674456,-71.8702117704569,85.0,False,False,,,,,,,,,,,
paired_gain,KITTI,oracle,traj,JB,,,,,,,trivial_n_det,0.3,,,,True,3536.0,6.0,1799.2805109286678,35.32292958872207,280.77998424268395,-245.45705465396188,-0.13641955946450696,0.03765457606422934,938.0780048743594,,-485.64814589842683,-9.418864734696598,-0.2699124138502272,-0.005234795062519303,-485.64814589842695,-102.7134696008501,85.0,False,False,,,,,,,,,,,
paired_gain,KITTI,oracle,traj,JB,,,,,,,trivial_n_det,0.5,,,,True,3536.0,6.0,1799.2805109286678,70.1827748205922,467.8784280311642,-397.695653210572,-0.2210303789737089,0.07481549983680948,938.0780048743594,,-640.9737941696833,-16.450421277102738,-0.35623894677704016,-0.009142777447532145,-646.5207478260272,-179.04580790732888,85.0,False,False,,,,,,,,,,,
paired_gain,KITTI,oracle,traj,JB,,,,,,,trivial_risk_cheap,0.1,,,,True,3536.0,6.0,1799.2805109286678,1.3033971600892438,93.6815404542037,-92.37814329411445,-0.0513417128307776,0.0013894336647023431,938.0780048743594,,-191.2465067380841,-2.66315969966177,-0.10629054534658161,-0.0014801247962649392,-194.78842010103747,-38.1852086029885,85.0,False,False,,,,,,,,,,,
paired_gain,KITTI,oracle,traj,JB,,,,,,,trivial_risk_cheap,0.2,,,,True,3536.0,6.0,1799.2805109286678,14.321551008629967,187.09844378848027,-172.7768927798503,-0.09602554561693911,0.015266908438545163,938.0780048743594,,-377.1674746980962,-5.081913674500637,-0.20962127495252403,-0.0028244143387501563,-377.1674746980963,-70.20323518989562,85.0,False,False,,,,,,,,,,,
paired_gain,KITTI,oracle,traj,JB,,,,,,,trivial_risk_cheap,0.3,,,,True,3536.0,6.0,1799.2805109286678,14.300965740692336,280.77998424268395,-266.4790185019916,-0.14810309836816551,0.015244964348788586,938.0780048743594,,-522.9123455510903,-9.87180005338421,-0.2906230253565066,-0.00548652641621125,-522.9123455510903,-102.46485741421148,85.0,False,False,,,,,,,,,,,
paired_gain,KITTI,oracle,traj,JB,,,,,,,trivial_risk_cheap,0.5,,,,True,3536.0,6.0,1799.2805109286678,46.63919140425172,467.8784280311642,-421.2392366269125,-0.23411537782371525,0.04971781788071909,938.0780048743594,,-715.8474662673647,-17.273035446321707,-0.39785206471107293,-0.009599968065794547,-722.172234335338,-179.63568317253592,85.0,False,False,,,,,,,,,,,
paired_gain,KITTI,oracle,traj,JB,,,,,,,trivial_area_max,0.1,,,,True,3536.0,6.0,1799.2805109286678,-0.3747086268183059,93.6815404542037,-94.056249081022,-0.05227436662028673,-0.00039944292998159804,938.0780048743594,,-168.1419258090857,-4.091844849531833,-0.09344953429318374,-0.002274156155573484,-179.76936604537332,-39.50681031103177,85.0,False,False,,,,,,,,,,,
paired_gain,KITTI,oracle,traj,JB,,,,,,,trivial_area_max,0.2,,,,True,3536.0,6.0,1799.2805109286678,44.842334946402254,187.09844378848027,-142.25610884207802,-0.07906277424672097,0.04780235195090004,938.0780048743594,,-270.68153020178744,-8.27559111701503,-0.15043876069222792,-0.004599389070658985,-274.1534592051716,-65.11904307322386,85.0,False,False,,,,,,,,,,,
paired_gain,KITTI,oracle,traj,JB,,,,,,,trivial_area_max,0.3,,,,True,3536.0,6.0,1799.2805109286678,73.97120495933684,280.77998424268395,-206.80877928334712,-0.11493970952678541,0.0788540020925489,938.0780048743594,,-362.81910545304896,-12.202580504356634,-0.2016467711673185,-0.006781922235159698,-368.8824670681117,-78.69644645808589,85.0,False,False,,,,,,,,,,,
paired_gain,KITTI,oracle,traj,JB,,,,,,,trivial_area_max,0.5,,,,True,3536.0,6.0,1799.2805109286678,140.53514204056455,467.8784280311642,-327.34328599059967,-0.18193010150576636,0.14981178677074622,938.0780048743594,,-657.8799503671355,-15.724251128752202,-0.36563501153446165,-0.00873918826622337,-659.5994051733862,-128.64988755934735,85.0,False,False,,,,,,,,,,,
paired_gain,KITTI,oracle,traj,JB,,,,,,,oracle,0.1,,,,False,3536.0,6.0,1799.2805109286678,938.0780048743594,93.6815404542037,844.3964644201557,0.4692967323835097,1.0,938.0780048743594,,37.83129207344596,1760.181729359001,0.021025788832626208,0.9782697687591322,355.49759161682545,1774.5301533643826,85.0,True,True,,,,,,,,,,,
paired_gain,KITTI,oracle,traj,JB,,,,,,,oracle,0.2,,,,False,3536.0,6.0,1799.2805109286678,938.0780048743594,187.09844378848027,750.9795610858791,0.41737769987753265,1.0,938.0780048743594,,33.740851719968475,1564.9123814165655,0.018752413264651942,0.8697434179447999,316.4028684789852,1577.7329696784686,85.0,True,True,,,,,,,,,,,
paired_gain,KITTI,oracle,traj,JB,,,,,,,oracle,0.3,,,,False,3536.0,6.0,1799.2805109286678,938.0780048743594,280.77998424268395,657.2980206316754,0.3653115879593573,1.0,938.0780048743594,,29.66291979261586,1369.6430334741299,0.01648598960109108,0.7612170671304677,277.2242510854844,1380.865744542703,85.0,True,True,,,,,,,,,,,
paired_gain,KITTI,oracle,traj,JB,,,,,,,oracle,0.5,,,,False,3536.0,6.0,1799.2805109286678,938.0780048743594,467.8784280311642,470.1995768431952,0.26132644353520496,1.0,938.0780048743594,,21.48280314232561,978.5249033223673,0.011939663110805125,0.5438423288525025,198.95091055414343,986.7788580440172,85.0,True,True,,,,,,,,,,,
paired_gain,KITTI,mono,brake,J,,,,,,,uncertainty,0.1,,,,False,3536.0,6.0,7904.410690898589,42.82297090796629,88.76860338458147,-45.94563247661518,-0.005812657549476594,0.021289974726163282,2011.414830631108,,-246.2156345135608,37.74627257581846,-0.031149144970043365,0.0047753430397133615,-246.53586649473647,37.938471691985825,2.0,False,False,,,,,,,,,,,
paired_gain,KITTI,mono,brake,J,,,,,,,uncertainty,0.2,,,,False,3536.0,6.0,7904.410690898589,79.68367143431723,177.28644800253983,-97.6027765682226,-0.012347887829336322,0.03573743401737796,2229.697616106675,,-485.0332362526443,93.78065513114441,-0.0613623526433322,0.01186434495858454,-485.0332362526443,93.78065513114441,4.0,False,False,,,,,,,,,,,
paired_gain,KITTI,mono,brake,J,,,,,,,uncertainty,0.3,,,,False,3536.0,6.0,7904.410690898589,-16.654315045587083,266.05505138712124,-282.7093664327083,-0.03576602703073483,-0.007461337415497738,2232.0817459608334,,-708.0998350480303,159.3065434676131,-0.08958287502234175,0.020154132888242277,-708.0998350480303,159.3065434676131,4.0,False,False,,,,,,,,,,,
paired_gain,KITTI,mono,brake,J,,,,,,,uncertainty,0.5,,,,False,3536.0,6.0,7904.410690898589,-61.240525875715456,443.34149938966107,-504.5820252653765,-0.06383550210091812,-0.02743650674377678,2232.0817459608334,,-1077.983327901385,-9.771515824382613,-0.1363774441961388,-0.0012362105419995285,-1077.983327901385,-9.676483455775644,4.0,False,False,,,,,,,,,,,
paired_gain,KITTI,mono,brake,J,,,,,,,criticality_cheap,0.1,,,,False,3536.0,6.0,7904.410690898589,113.9266798236312,88.76860338458147,25.158076439049736,0.0031827896376914744,0.05664007150026094,2011.414830631108,,-166.16851211722485,251.31534246790585,-0.021022251830684482,0.03179431741284382,-166.16851211722485,251.31534246790585,2.0,False,False,,,,,,,,,,,
paired_gain,KITTI,mono,brake,J,,,,,,,criticality_cheap,0.2,,,,False,3536.0,6.0,7904.410690898589,166.71945048733352,177.28644800253983,-10.56699751520631,-0.0013368482393473706,0.07477222439625965,2229.697616106675,,-418.59510182300994,216.58130370952145,-0.05295715495969798,0.027400057028780227,-418.59510182300994,216.58130370952145,4.0,False,False,,,,,,,,,,,
paired_gain,KITTI,mono,brake,J,,,,,,,criticality_cheap,0.3,,,,False,3536.0,6.0,7904.410690898589,248.14346812091983,266.05505138712124,-17.911583266201404,-0.002266023865235826,0.11117131734532541,2232.0817459608334,,-689.2737880038547,283.7939555875848,-0.08720116084017603,0.03590324018896879,-689.4026914510318,284.09891442147904,4.0,False,False,,,,,,,,,,,
paired_gain,KITTI,mono,brake,J,,,,,,,criticality_cheap,0.5,,,,False,3536.0,6.0,7904.410690898589,-38.59536871146837,443.34149938966107,-481.93686810112945,-0.06097062601466902,-0.01729119857787933,2232.0817459608334,,-1058.6311791528597,168.3760263413155,-0.13392917202186927,0.02130152808674143,-1058.6311791528597,168.3760263413155,4.0,False,False,,,,,,,,,,,
paired_gain,KITTI,mono,brake,J,,,,,,,criticality_gt,0.1,,,,False,3536.0,6.0,7904.410690898589,171.97442980848533,88.76860338458147,83.20582642390386,0.010526505982249875,0.08549923525945469,2011.414830631108,,-195.43476931636178,395.03279380356133,-0.024724774174675935,0.04997624860995845,-195.43476931636178,395.03279380356133,2.0,False,False,,,,,,,,,,,
paired_gain,KITTI,mono,brake,J,,,,,,,criticality_gt,0.2,,,,False,3536.0,6.0,7904.410690898589,186.59507918484957,177.28644800253983,9.308631182309739,0.0011776502444423868,0.0836862711055266,2229.697616106675,,-447.0739575930273,377.53821062596296,-0.056560061853542565,0.04776298011193592,-448.0715180202417,381.50436748699093,4.0,False,False,,,,,,,,,,,
paired_gain,KITTI,mono,brake,J,,,,,,,criticality_gt,0.3,,,,False,3536.0,6.0,7904.410690898589,169.93453803903986,266.05505138712124,-96.12051334808137,-0.012160364270894711,0.07613275738962193,2232.0817459608334,,-706.9888140490506,444.0226093479145,-0.08944231792802744,0.05617403076730027,-706.9888140490506,447.28121875776327,4.0,False,False,,,,,,,,,,,
paired_gain,KITTI,mono,brake,J,,,,,,,criticality_gt,0.5,,,,False,3536.0,6.0,7904.410690898589,-78.12353282966814,443.34149938966107,-521.4650322193293,-0.06597139908478719,-0.03500030093926452,2232.0817459608334,,-1129.8400133688222,249.21812551162026,-0.14293791878371895,0.031528995045586206,-1129.8400133688222,249.2181255116203,4.0,False,False,,,,,,,,,,,
paired_gain,KITTI,mono,brake,J,,,,,,,dE_exact,0.1,,,,False,3536.0,6.0,7904.410690898589,127.44077006948173,88.76860338458147,38.67216668490026,0.004892479426635654,0.06335877021921704,2011.414830631108,,-69.74229512425526,274.9484639066631,-0.008823212488763894,0.03478418248475478,-69.74229512425526,274.9484639066631,2.0,False,False,,,,,,,,,,,
paired_gain,KITTI,mono,brake,J,,,,,,,dE_exact,0.2,,,,False,3536.0,6.0,7904.410690898589,219.99848125154693,177.28644800253983,42.712033249007106,0.005403569591618919,0.09866740658569265,2229.697616106675,,-40.3784478026634,544.6633618046344,-0.005108343857835796,0.06890625792404469,-40.3784478026634,544.6633618046344,4.0,False,False,,,,,,,,,,,
paired_gain,KITTI,mono,brake,J,,,,,,,dE_exact,0.3,,,,False,3536.0,6.0,7904.410690898589,375.0635417325832,266.05505138712124,109.00849034546195,0.01379084344276014,0.16803306707350515,2232.0817459608334,,-185.61702842485457,711.290923399809,-0.023482715623389917,0.0899865848593639,-185.61702842485457,712.0940817817922,4.0,False,False,,,,,,,,,,,
paired_gain,KITTI,mono,brake,J,,,,,,,dE_exact,0.5,,,,False,3536.0,6.0,7904.410690898589,672.6273684239873,443.34149938966107,229.2858690343262,0.029007332488218743,0.3013453112284849,2232.0817459608334,,-270.0654592027496,758.4884721740582,-0.034166425526663526,0.09595762439917349,-270.8074701129636,758.4884721740582,4.0,False,False,,,,,,,,,,,
paired_gain,KITTI,mono,brake,J,,,,,,,dE_E1_fn_only,0.1,,,,False,3536.0,6.0,7904.410690898589,127.44077006948173,88.76860338458147,38.67216668490026,0.004892479426635654,0.06335877021921704,2011.414830631108,,-69.74229512425526,274.9484639066631,-0.008823212488763894,0.03478418248475478,-69.74229512425526,274.9484639066631,2.0,False,False,,,,,,,,,,,
paired_gain,KITTI,mono,brake,J,,,,,,,dE_E1_fn_only,0.2,,,,False,3536.0,6.0,7904.410690898589,219.99848125154693,177.28644800253983,42.712033249007106,0.005403569591618919,0.09866740658569265,2229.697616106675,,-40.3784478026634,544.6633618046344,-0.005108343857835796,0.06890625792404469,-40.3784478026634,544.6633618046344,4.0,False,False,,,,,,,,,,,
paired_gain,KITTI,mono,brake,J,,,,,,,dE_E1_fn_only,0.3,,,,False,3536.0,6.0,7904.410690898589,375.0635417325832,266.05505138712124,109.00849034546195,0.01379084344276014,0.16803306707350515,2232.0817459608334,,-185.61702842485457,711.290923399809,-0.023482715623389917,0.0899865848593639,-185.61702842485457,712.0940817817922,4.0,False,False,,,,,,,,,,,
paired_gain,KITTI,mono,brake,J,,,,,,,dE_E1_fn_only,0.5,,,,False,3536.0,6.0,7904.410690898589,672.6273684239873,443.34149938966107,229.2858690343262,0.029007332488218743,0.3013453112284849,2232.0817459608334,,-270.0654592027496,758.4884721740582,-0.034166425526663526,0.09595762439917349,-270.8074701129636,758.4884721740582,4.0,False,False,,,,,,,,,,,
paired_gain,KITTI,mono,brake,J,,,,,,,dE_E2_fn_fp,0.1,,,,False,3536.0,6.0,7904.410690898589,174.61941194421507,88.76860338458147,85.8508085596336,0.010861127023483887,0.08681422115667006,2011.414830631108,,-42.987654540767195,229.21495750990877,-0.005438438894662276,0.02899836135460861,-42.987654540767195,229.3666019345191,2.0,False,False,,,,,,,,,,,
paired_gain,KITTI,mono,brake,J,,,,,,,dE_E2_fn_fp,0.2,,,,False,3536.0,6.0,7904.410690898589,302.91897495673254,177.28644800253983,125.63252695419271,0.015893977662224754,0.13585652725667177,2229.697616106675,,-50.11537471333503,282.7756133555223,-0.0063401784994597515,0.03577440803792241,-50.11537471333503,282.7756133555223,4.0,False,False,,,,,,,,,,,
paired_gain,KITTI,mono,brake,J,,,,,,,dE_E2_fn_fp,0.3,,,,False,3536.0,6.0,7904.410690898589,500.2207121027135,266.05505138712124,234.16566071559225,0.029624682961529147,0.2241050145264218,2232.0817459608334,,16.697730762475487,401.58711075410315,0.0021124573880886314,0.05080544602983552,16.69773076247548,401.58711075410315,4.0,True,True,,,,,,,,,,,
paired_gain,KITTI,mono,brake,J,,,,,,,dE_E2_fn_fp,0.5,,,,False,3536.0,6.0,7904.410690898589,656.9845084646338,443.34149938966107,213.64300907497272,0.02702832854079415,0.29433711809771773,2232.0817459608334,,30.606662152789102,350.41771568251846,0.0038720991797694254,0.044331921680891596,30.606662152789056,350.48400735265625,4.0,True,True,,,,,,,,,,,
paired_gain,KITTI,mono,brake,J,,,,,,,dE_E3_class_aware,0.1,,,,False,3536.0,6.0,7904.410690898589,149.76841899843822,88.76860338458147,60.999815613856754,0.007717187023707416,0.0744592396942039,2011.414830631108,,-49.08377540976926,329.74952529439827,-0.006209669174488367,0.04171715491378544,-49.08377540976927,330.2054379059268,2.0,False,False,,,,,,,,,,,
paired_gain,KITTI,mono,brake,J,,,,,,,dE_E3_class_aware,0.2,,,,False,3536.0,6.0,7904.410690898589,244.97582918921452,177.28644800253983,67.6893811866747,0.008563494969285261,0.10986953002935541,2229.697616106675,,-12.288602290789761,550.8147002431745,-0.0015546512917072087,0.0696844738694311,-12.28860229078979,550.8147002431745,4.0,False,False,,,,,,,,,,,
paired_gain,KITTI,mono,brake,J,,,,,,,dE_E3_class_aware,0.3,,,,False,3536.0,6.0,7904.410690898589,409.6657606558094,266.05505138712124,143.61070926868814,0.018168427082621917,0.18353528556789597,2232.0817459608334,,-157.86999140476127,711.0250847527005,-0.019972392323508472,0.08995295317478877,-157.86999140476127,711.8555086369513,4.0,False,False,,,,,,,,,,,
paired_gain,KITTI,mono,brake,J,,,,,,,dE_E3_class_aware,0.5,,,,False,3536.0,6.0,7904.410690898589,685.1841858910965,443.34149938966107,241.84268650143542,0.030595916123121163,0.30697091947058086,2232.0817459608334,,-246.50042593347297,762.7121119323931,-0.031185174401084963,0.09649196401328262,-246.59379826789964,762.7121119323931,4.0,False,False,,,,,,,,,,,
paired_gain,KITTI,mono,brake,J,,,,,,,dE_E4_localization,0.1,,,,False,3536.0,6.0,7904.410690898589,155.08634232226055,88.76860338458147,66.31773893767908,0.008389966251885117,0.07710311168064728,2011.414830631108,,-63.68191470844121,303.32264098984695,-0.008056503792467005,0.03837384630572183,-63.68191470844121,303.41190340565123,2.0,False,False,,,,,,,,,,,
paired_gain,KITTI,mono,brake,J,,,,,,,dE_E4_localization,0.2,,,,False,3536.0,6.0,7904.410690898589,286.87918921689544,177.28644800253983,109.59274121435561,0.013864757981331167,0.12866282277227423,2229.697616106675,,-34.83224080308665,592.4256314923398,-0.004406684086290417,0.07494874123563432,-34.83224080308665,593.3921317687316,4.0,False,False,,,,,,,,,,,
paired_gain,KITTI,mono,brake,J,,,,,,,dE_E4_localization,0.3,,,,False,3536.0,6.0,7904.410690898589,572.5742697365307,266.05505138712124,306.51921834940947,0.03877825056614863,0.2565202958057692,2232.0817459608334,,2.8182058035737394,699.2029629333937,0.0003565358524220811,0.08845731709493285,2.8182058035737385,699.2029629333937,4.0,True,True,,,,,,,,,,,
paired_gain,KITTI,mono,brake,J,,,,,,,dE_E4_localization,0.5,,,,False,3536.0,6.0,7904.410690898589,632.1757076125689,443.34149938966107,188.83420822290782,0.023889726332203112,0.2832224710213018,2232.0817459608334,,-234.2904990572826,501.94995405243003,-0.029640476465507135,0.06350251444176509,-234.2904990572826,501.94995405243003,4.0,False,False,,,,,,,,,,,
paired_gain,KITTI,mono,brake,J,,,,,,,dE_E5_combined,0.1,,,,False,3536.0,6.0,7904.410690898589,177.56017337050625,88.76860338458147,88.79156998592478,0.011233167589351407,0.08827625742164504,2011.414830631108,,6.297123449536059,237.23867939808423,0.0007966594469574796,0.030013455610454178,6.297123449536059,237.23867939808423,2.0,True,True,,,,,,,,,,,
paired_gain,KITTI,mono,brake,J,,,,,,,dE_E5_combined,0.2,,,,False,3536.0,6.0,7904.410690898589,380.08225901400203,177.28644800253983,202.7958110114622,0.02565603166912472,0.17046358944298115,2229.697616106675,,3.245174000708289,423.3139363042412,0.0004105523014441664,0.05355414247284235,3.245174000708289,423.3554811519172,4.0,True,True,,,,,,,,,,,
paired_gain,KITTI,mono,brake,J,,,,,,,dE_E5_combined,0.3,,,,False,3536.0,6.0,7904.410690898589,642.8334397738903,266.05505138712124,376.77838838676905,0.0476668537504769,0.2879972657529946,2232.0817459608334,,99.14453944728297,641.23408945303,0.012542938787510297,0.08112357954671676,100.75357445172142,641.3822060815014,4.0,True,True,,,,,,,,,,,
paired_gain,KITTI,mono,brake,J,,,,,,,dE_E5_combined,0.5,,,,False,3536.0,6.0,7904.410690898589,723.9611725123424,443.34149938966107,280.6196731226813,0.0355016564923425,0.32434348509969213,2232.0817459608334,,59.58109124191146,386.85507855423276,0.0075377018694784146,0.048941672400659934,59.086080970450155,386.85507855423276,4.0,True,True,,,,,,,,,,,
paired_gain,KITTI,mono,brake,J,,,,,,,dE_E5_fp_heavy,0.1,,,,False,3536.0,6.0,7904.410690898589,124.49903966897267,88.76860338458147,35.7304362843912,0.004520316274245778,0.06189625221660986,2011.414830631108,,-174.30866757434492,247.8791392156627,-0.02205207628888134,0.031359597686527005,-174.4542761823416,247.8791392156627,2.0,False,False,,,,,,,,,,,
paired_gain,KITTI,mono,brake,J,,,,,,,dE_E5_fp_heavy,0.2,,,,False,3536.0,6.0,7904.410690898589,363.88837538834446,177.28644800253983,186.60192738580463,0.02360731681119056,0.16320077339623212,2229.697616106675,,-156.13047111003854,493.8916303994341,-0.01975232274934962,0.062483042659728955,-156.15873710336777,493.8916303994341,4.0,False,False,,,,,,,,,,,
paired_gain,KITTI,mono,brake,J,,,,,,,dE_E5_fp_heavy,0.3,,,,False,3536.0,6.0,7904.410690898589,421.4617697944966,266.05505138712124,155.40671840737537,0.019660759604294857,0.18882004234709246,2232.0817459608334,,-222.93533827307914,431.56807180883357,-0.028203916394396684,0.05459838673435275,-223.1258982659749,431.56807180883357,4.0,False,False,,,,,,,,,,,
paired_gain,KITTI,mono,brake,J,,,,,,,dE_E5_fp_heavy,0.5,,,,False,3536.0,6.0,7904.410690898589,638.552114963876,443.34149938966107,195.2106155742149,0.024696416116003074,0.2860791797251142,2232.0817459608334,,-444.36375384193434,405.5943776659139,-0.0562171895184533,0.05131241195917733,-446.1468778198124,405.5943776659139,4.0,False,False,,,,,,,,,,,
paired_gain,KITTI,mono,brake,J,,,,,,,dE_E5_loc_heavy,0.1,,,,False,3536.0,6.0,7904.410690898589,221.73029401380455,88.76860338458147,132.96169062922309,0.016821202215912157,0.11023598446086516,2011.414830631108,,-134.81321795954892,377.8085086456642,-0.017055441984407203,0.04779717595907383,-135.05801706769066,377.8366033708489,2.0,False,False,,,,,,,,,,,
paired_gain,KITTI,mono,brake,J,,,,,,,dE_E5_loc_heavy,0.2,,,,False,3536.0,6.0,7904.410690898589,430.53236441432404,177.28644800253983,253.2459164117842,0.032038557498458464,0.19309002319609878,2229.697616106675,,-133.13998809081275,596.7684276583611,-0.016843758921093854,0.0754981555229033,-133.13998809081275,596.7684276583611,4.0,False,False,,,,,,,,,,,
paired_gain,KITTI,mono,brake,J,,,,,,,dE_E5_loc_heavy,0.3,,,,False,3536.0,6.0,7904.410690898589,578.8533675511517,266.05505138712124,312.79831616403044,0.039572629560379144,0.2593334086435869,2232.0817459608334,,-153.8626626276435,662.9592396973296,-0.019465418567484894,0.08387206404402592,-153.8626626276435,662.9592396973296,4.0,False,False,,,,,,,,,,,
paired_gain,KITTI,mono,brake,J,,,,,,,dE_E5_loc_heavy,0.5,,,,False,3536.0,6.0,7904.410690898589,694.6319521265265,443.34149938966107,251.2904527368654,0.03179116857202396,0.3112036346265229,2232.0817459608334,,-212.4437699967948,561.1421155225089,-0.026876610832153484,0.07099101216598314,-212.4437699967948,561.1421155225089,4.0,False,False,,,,,,,,,,,
paired_gain,KITTI,mono,brake,J,,,,,,,dE_E6_risk_weighted,0.1,,,,False,3536.0,6.0,7904.410690898589,51.43701014736987,88.76860338458147,-37.3315932372116,-0.004722881274399935,0.02557255189931697,2011.414830631108,,-193.43680706479256,152.30297623028355,-0.024472008683395257,0.01926810007552498,-193.43680706479256,152.30297623028355,2.0,False,False,,,,,,,,,,,
paired_gain,KITTI,mono,brake,J,,,,,,,dE_E6_risk_weighted,0.2,,,,False,3536.0,6.0,7904.410690898589,124.4536083630578,177.28644800253983,-52.83283963948203,-0.006683969457750416,0.055816361583759966,2229.697616106675,,-344.2951808617849,244.10471323964762,-0.04355734972857853,0.03088208884701781,-345.173955866572,244.10471323964762,4.0,False,False,,,,,,,,,,,
paired_gain,KITTI,mono,brake,J,,,,,,,dE_E6_risk_weighted,0.3,,,,False,3536.0,6.0,7904.410690898589,151.19977598167293,266.05505138712124,-114.85527540544831,-0.014530529839206942,0.06773935419492744,2232.0817459608334,,-374.5245610339901,559.8773561506333,-0.047381718344320166,0.07083100537719977,-374.5245610339901,559.8773561506333,4.0,False,False,,,,,,,,,,,
paired_gain,KITTI,mono,brake,J,,,,,,,dE_E6_risk_weighted,0.5,,,,False,3536.0,6.0,7904.410690898589,872.0600243105362,443.34149938966107,428.7185249208751,0.054237885869786145,0.3906935872257424,2232.0817459608334,,-105.17533875948146,1060.1270431229182,-0.013305905129725102,0.13411841623355744,-105.17533875948146,1062.9553680134627,4.0,False,False,,,,,,,,,,,
paired_gain,KITTI,mono,brake,J,,,,,,,gate_ridge,0.1,,,,False,3536.0,6.0,7904.410690898589,78.05223581512878,88.76860338458147,-10.716367569452686,-0.0013557452906377803,0.0388046436898543,2011.414830631108,,-187.30885024163317,309.2017019773675,-0.023696750784635602,0.03911761598285791,-187.30885024163317,309.2818554453986,2.0,False,False,,,,,,,,,,,
paired_gain,KITTI,mono,brake,J,,,,,,,gate_ridge,0.2,,,,False,3536.0,6.0,7904.410690898589,346.84918371471247,177.28644800253983,169.56273571217264,0.021451660641496402,0.15555884403749493,2229.697616106675,,-234.93728651945318,350.58118188793986,-0.029722302611372164,0.044352602059456646,-235.04131269056498,351.42778293682267,4.0,False,False,,,,,,,,,,,
paired_gain,KITTI,mono,brake,J,,,,,,,gate_ridge,0.3,,,,False,3536.0,6.0,7904.410690898589,534.5492633743133,266.05505138712124,268.4942119871921,0.03396764445657481,0.23948462655618757,2232.0817459608334,,-148.3054410235783,457.432107942813,-0.018762365320205632,0.05787048849441947,-149.07368740442155,457.432107942813,4.0,False,False,,,,,,,,,,,
paired_gain,KITTI,mono,brake,J,,,,,,,gate_ridge,0.5,,,,False,3536.0,6.0,7904.410690898589,451.3177510844979,443.34149938966107,7.976251694836833,0.0010090887235933938,0.2021958881663724,2232.0817459608334,,-350.4993896389558,416.36982701513836,-0.04434225438748177,0.05267563178296909,-350.4993896389558,416.61163160613023,4.0,False,False,,,,,,,,,,,
paired_gain,KITTI,mono,brake,J,,,,,,,gate_gbm,0.1,,,,False,3536.0,6.0,7904.410690898589,121.28278699402533,88.76860338458147,32.51418360944386,0.004113422857301913,0.06029725203724944,2011.414830631108,,-118.60607608412559,427.228811273054,-0.015005049803484114,0.0540494197454821,-118.69053667778128,427.228811273054,2.0,False,False,,,,,,,,,,,
paired_gain,KITTI,mono,brake,J,,,,,,,gate_gbm,0.2,,,,False,3536.0,6.0,7904.410690898589,342.39799396158514,177.28644800253983,165.11154595904532,0.020888533303205063,0.1535625241235419,2229.697616106675,,-179.48657861856802,632.4177349909164,-0.022707142333233656,0.08000820803998761,-179.48657861856802,632.7718352843281,4.0,False,False,,,,,,,,,,,
paired_gain,KITTI,mono,brake,J,,,,,,,gate_gbm,0.3,,,,False,3536.0,6.0,7904.410690898589,695.9986599920434,266.05505138712124,429.94360860492213,0.0543928732220321,0.31181593651375894,2232.0817459608334,,-216.14738035441246,777.513529466954,-0.02734516067128091,0.09836451569529527,-216.14738035441246,778.8357817726409,4.0,False,False,,,,,,,,,,,
paired_gain,KITTI,mono,brake,J,,,,,,,gate_gbm,0.5,,,,False,3536.0,6.0,7904.410690898589,783.4340232892306,443.34149938966107,340.0925238995695,0.04302566468252514,0.3509880517176084,2232.0817459608334,,8.849939554076734,861.2186610537308,0.0011196204119640267,0.10895418959510386,8.849939554076734,861.2186610537308,4.0,True,True,,,,,,,,,,,
paired_gain,KITTI,mono,brake,J,,,,,,,R1_mlp_reg,0.1,,,,False,3536.0,6.0,7904.410690898589,167.943401734713,88.76860338458147,79.17479835013154,0.010016533989218973,0.08349515931630003,2011.414830631108,,-9.738757226727532,289.1516682399887,-0.0012320661979192294,0.036581053230562516,-9.738757226727529,289.7088889673948,2.0,False,False,,,,,,,,,,,
paired_gain,KITTI,mono,brake,J,,,,,,,R1_mlp_reg,0.2,,,,False,3536.0,6.0,7904.410690898589,368.8536833373258,177.28644800253983,191.56723533478595,0.024235486088211872,0.16542767085224294,2229.697616106675,,-2.183475356315854,602.3958149627449,-0.0002762350593485714,0.076210085548359,-2.18347535631586,604.5358978382988,4.0,False,False,,,,,,,,,,,
paired_gain,KITTI,mono,brake,J,,,,,,,R1_mlp_reg,0.3,,,,False,3536.0,6.0,7904.410690898589,697.0417802873055,266.05505138712124,430.9867289001843,0.05452484008661611,0.3122832672005269,2232.0817459608334,,20.511550890052522,822.8089758122641,0.0025949500465189935,0.1040949171276835,20.523106178908833,822.8089758122641,4.0,True,True,,,,,,,,,,,
paired_gain,KITTI,mono,brake,J,,,,,,,R1_mlp_reg,0.5,,,,False,3536.0,6.0,7904.410690898589,850.8370967055515,443.34149938966107,407.49559731589045,0.0515529383847799,0.3811854553468855,2232.0817459608334,,60.68755677893705,813.8613798271958,0.007677682644806753,0.10296294203998078,60.68755677893708,813.8613798271958,4.0,True,True,,,,,,,,,,,
paired_gain,KITTI,mono,brake,J,,,,,,,R1_mlp_clf,0.1,,,,False,3536.0,6.0,7904.410690898589,173.6494161303602,88.76860338458147,84.88081274577874,0.010738411257339328,0.08633197562527438,2011.414830631108,,-60.198300260452505,309.82050780581255,-0.007615785997780569,0.03919590212620792,-60.198300260452505,309.82050780581255,2.0,False,False,,,,,,,,,,,
paired_gain,KITTI,mono,brake,J,,,,,,,R1_mlp_clf,0.2,,,,False,3536.0,6.0,7904.410690898589,412.3328270146572,177.28644800253983,235.04637901211737,0.02973610408208646,0.18492768886511202,2229.697616106675,,-80.06301465462666,633.0128892151413,-0.010128903695099493,0.08008350197997861,-80.06301465462666,635.035335035159,4.0,False,False,,,,,,,,,,,
paired_gain,KITTI,mono,brake,J,,,,,,,R1_mlp_clf,0.3,,,,False,3536.0,6.0,7904.410690898589,562.1251317829499,266.05505138712124,296.07008039582865,0.037456312933832496,0.2518389538376761,2232.0817459608334,,-78.35631811978739,759.3843218663379,-0.009912986708801651,0.09607095981750027,-79.19412560716815,759.8627641354597,4.0,False,False,,,,,,,,,,,
paired_gain,KITTI,mono,brake,J,,,,,,,R1_mlp_clf,0.5,,,,False,3536.0,6.0,7904.410690898589,857.8553939904842,443.34149938966107,414.51389460082316,0.052440834720051774,0.38432973861412384,2232.0817459608334,,19.906232626512907,855.3662867591806,0.0025183702371934734,0.1082137960953976,20.009081962985675,856.586715695692,4.0,True,True,,,,,,,,,,,
paired_gain,KITTI,mono,brake,J,,,,,,,R1_gbm_reg,0.1,,,,False,3536.0,6.0,7904.410690898589,181.39293701949225,88.76860338458147,92.62433363491078,0.01171805682383908,0.09018176373024843,2011.414830631108,,-11.320210125585412,534.3303339476281,-0.0014321384057915782,0.06759900957105816,-8.335701989987918,534.3303339476281,2.0,False,False,,,,,,,,,,,
paired_gain,KITTI,mono,brake,J,,,,,,,R1_gbm_reg,0.2,,,,False,3536.0,6.0,7904.410690898589,454.53576406099273,177.28644800253983,277.2493160584529,0.03507526707559456,0.20385533929693472,2229.697616106675,,6.880799224148572,869.4298265461309,0.0008705012294049146,0.10999299764968215,6.880799224148561,871.8555848233099,4.0,True,True,,,,,,,,,,,
paired_gain,KITTI,mono,brake,J,,,,,,,R1_gbm_reg,0.3,,,,False,3536.0,6.0,7904.410690898589,774.5631975772808,266.05505138712124,508.50814619015955,0.06433220211794832,0.34701381299270395,2232.0817459608334,,15.128201359903539,985.1635642429038,0.0019138936413466816,0.12463466319851714,14.55831859690501,985.2136439565618,4.0,True,True,,,,,,,,,,,
paired_gain,KITTI,mono,brake,J,,,,,,,R1_gbm_reg,0.5,,,,False,3536.0,6.0,7904.410690898589,989.9478846140014,443.34149938966107,546.6063852243403,0.06915207301332682,0.44350879460638365,2232.0817459608334,,116.14305704337475,1041.4258786752491,0.014693449212742182,0.1317525011541193,116.14305704337477,1041.4258786752491,4.0,True,True,,,,,,,,,,,
paired_gain,KITTI,mono,brake,J,,,,,,,R1_gbm_clf,0.1,,,,False,3536.0,6.0,7904.410690898589,263.9444749881612,88.76860338458147,175.1758716035797,0.022161787697251516,0.13122329166944896,2011.414830631108,,29.2679178178405,446.0177945444843,0.003702732431595513,0.05642644492878445,29.2679178178405,446.20088326809935,2.0,True,True,,,,,,,,,,,
paired_gain,KITTI,mono,brake,J,,,,,,,R1_gbm_clf,0.2,,,,False,3536.0,6.0,7904.410690898589,438.2143579610175,177.28644800253983,260.9279099584777,0.033010419139648084,0.1965353305288963,2229.697616106675,,42.6705224649872,769.8395449284191,0.005398317994043441,0.09739366728690337,42.6705224649872,771.2342891367633,4.0,True,True,,,,,,,,,,,
paired_gain,KITTI,mono,brake,J,,,,,,,R1_gbm_clf,0.3,,,,False,3536.0,6.0,7904.410690898589,602.5587693468302,266.05505138712124,336.503717959709,0.04257163893915216,0.26995371940889634,2232.0817459608334,,88.53693551492708,1017.5614088307296,0.011200953363527982,0.1287333678148056,88.53693551492711,1020.322620461798,4.0,True,True,,,,,,,,,,,
paired_gain,KITTI,mono,brake,J,,,,,,,R1_gbm_clf,0.5,,,,False,3536.0,6.0,7904.410690898589,973.6221276694068,443.34149938966107,530.2806282797458,0.06708667464487,0.436194655250091,2232.0817459608334,,76.43310328790021,987.2735940857142,0.009669677636551442,0.1249016065451274,80.52219868310412,987.5812107583304,4.0,True,True,,,,,,,,,,,
paired_gain,KITTI,mono,brake,J,,,,,,,R2_cnn_clf,0.1,,,,False,3536.0,6.0,7904.410690898589,150.04784931636956,88.76860338458147,61.2792459317881,0.007752538212917901,0.07459816196606747,2011.414830631108,,-145.54884531769474,288.07684620357054,-0.018413623862596703,0.03644507572655254,-145.54884531769474,288.07684620357054,2.0,False,False,,,,,,,,,,,
paired_gain,KITTI,mono,brake,J,,,,,,,R2_cnn_clf,0.2,,,,False,3536.0,6.0,7904.410690898589,297.19214219306673,177.28644800253983,119.9056941905269,0.015169466628118205,0.13328809254054844,2229.697616106675,,-224.7508159277333,357.499903329931,-0.02843359545911742,0.045227900891026414,-226.03546283583464,357.499903329931,4.0,False,False,,,,,,,,,,,
paired_gain,KITTI,mono,brake,J,,,,,,,R2_cnn_clf,0.3,,,,False,3536.0,6.0,7904.410690898589,345.25683237331157,266.05505138712124,79.20178098619033,0.01001994760689573,0.1546792956835416,2232.0817459608334,,-340.7372263702115,367.3137202094219,-0.04310722705268188,0.04646946300909688,-340.9853419423348,367.3137202094219,4.0,False,False,,,,,,,,,,,
paired_gain,KITTI,mono,brake,J,,,,,,,R2_cnn_clf,0.5,,,,False,3536.0,6.0,7904.410690898589,578.0479565354955,443.34149938966107,134.7064571458344,0.01704193549823266,0.258972574629728,2232.0817459608334,,-354.47461788316383,327.4162806602541,-0.04484516705227856,0.04142197229671435,-354.78131695314846,327.4162806602541,4.0,False,False,,,,,,,,,,,
paired_gain,KITTI,mono,brake,J,,,,,,,trivial_ego_speed,0.1,,,,True,3536.0,6.0,7904.410690898589,603.9412952314217,88.76860338458147,515.1726918468403,0.06517534475277555,0.3002569564637878,2011.414830631108,,-16.7119653013067,1017.8481359532541,-0.002114258223013315,0.12876964213476907,-14.96700348329751,1017.8481359532541,2.0,False,False,,,,,,,,,,,
paired_gain,KITTI,mono,brake,J,,,,,,,trivial_ego_speed,0.2,,,,True,3536.0,6.0,7904.410690898589,922.2477048672957,177.28644800253983,744.9612568647559,0.09424627413686007,0.4136200793350863,2229.697616106675,,57.94769758973568,1266.3865193573595,0.0073310585514564245,0.16021264188809428,59.53804998577832,1266.3865193573595,4.0,True,True,,,,,,,,,,,
paired_gain,KITTI,mono,brake,J,,,,,,,trivial_ego_speed,0.3,,,,True,3536.0,6.0,7904.410690898589,985.5175845326689,266.05505138712124,719.4625331455477,0.09102038865135913,0.44152396582968245,2232.0817459608334,,70.1385241087098,1481.5098166872694,0.008873340069420952,0.18742824413123307,70.15624206388676,1481.8326251439958,4.0,True,True,,,,,,,,,,,
paired_gain,KITTI,mono,brake,J,,,,,,,trivial_ego_speed,0.5,,,,True,3536.0,6.0,7904.410690898589,971.1578230889695,443.34149938966107,527.8163236993084,0.06677491141838751,0.4350906165718944,2232.0817459608334,,108.4342023180098,1277.3773923895576,0.013718189319649684,0.16160311531641114,109.52112574886814,1277.3773923895576,4.0,True,True,,,,,,,,,,,
paired_gain,KITTI,mono,brake,J,,,,,,,trivial_n_det,0.1,,,,True,3536.0,6.0,7904.410690898589,15.783113982887123,88.76860338458147,-72.98548940169434,-0.009233514332160441,0.007846772203591122,2011.414830631108,,-224.34334917269325,45.44434518986503,-0.028382046169616405,0.00574923887016539,-224.34334917269325,45.44434518986503,2.0,False,False,,,,,,,,,,,
paired_gain,KITTI,mono,brake,J,,,,,,,trivial_n_det,0.2,,,,True,3536.0,6.0,7904.410690898589,35.61701128606549,177.28644800253983,-141.66943671647434,-0.01792283349846655,0.01597391997407126,2229.697616106675,,-477.47674558301657,69.72393533338118,-0.06040636857758413,0.008820889761416841,-477.47674558301657,69.72393533338118,4.0,False,False,,,,,,,,,,,
paired_gain,KITTI,mono,brake,J,,,,,,,trivial_n_det,0.3,,,,True,3536.0,6.0,7904.410690898589,-7.6170164133590745,266.05505138712124,-273.6720678004803,-0.03462270351357069,-0.0034125167804193546,2232.0817459608334,,-720.7985194972866,93.25998089559212,-0.09118940648254005,0.011798473604487034,-720.963896842513,93.35026665985903,4.0,False,False,,,,,,,,,,,
paired_gain,KITTI,mono,brake,J,,,,,,,trivial_n_det,0.5,,,,True,3536.0,6.0,7904.410690898589,-138.45789298568738,443.34149938966107,-581.7993923753485,-0.07360439824378716,-0.062030834325956144,2232.0817459608334,,-1110.9302427077082,-21.26231529587198,-0.14054561258904116,-0.0026899304865768353,-1110.9302427077082,-21.056066770106053,4.0,False,False,,,,,,,,,,,
paired_gain,KITTI,mono,brake,J,,,,,,,trivial_risk_cheap,0.1,,,,True,3536.0,6.0,7904.410690898589,113.9266798236312,88.76860338458147,25.158076439049736,0.0031827896376914744,0.05664007150026094,2011.414830631108,,-166.16851211722485,251.31534246790585,-0.021022251830684482,0.03179431741284382,-166.16851211722485,251.31534246790585,2.0,False,False,,,,,,,,,,,
paired_gain,KITTI,mono,brake,J,,,,,,,trivial_risk_cheap,0.2,,,,True,3536.0,6.0,7904.410690898589,166.71945048733352,177.28644800253983,-10.56699751520631,-0.0013368482393473706,0.07477222439625965,2229.697616106675,,-418.59510182300994,216.58130370952145,-0.05295715495969798,0.027400057028780227,-418.59510182300994,216.58130370952145,4.0,False,False,,,,,,,,,,,
paired_gain,KITTI,mono,brake,J,,,,,,,trivial_risk_cheap,0.3,,,,True,3536.0,6.0,7904.410690898589,248.14346812091983,266.05505138712124,-17.911583266201404,-0.002266023865235826,0.11117131734532541,2232.0817459608334,,-689.2737880038547,283.7939555875848,-0.08720116084017603,0.03590324018896879,-689.4026914510318,284.09891442147904,4.0,False,False,,,,,,,,,,,
paired_gain,KITTI,mono,brake,J,,,,,,,trivial_risk_cheap,0.5,,,,True,3536.0,6.0,7904.410690898589,-38.59536871146837,443.34149938966107,-481.93686810112945,-0.06097062601466902,-0.01729119857787933,2232.0817459608334,,-1058.6311791528597,168.3760263413155,-0.13392917202186927,0.02130152808674143,-1058.6311791528597,168.3760263413155,4.0,False,False,,,,,,,,,,,
paired_gain,KITTI,mono,brake,J,,,,,,,trivial_area_max,0.1,,,,True,3536.0,6.0,7904.410690898589,-68.24638953675283,88.76860338458147,-157.01499292133428,-0.0198642250588177,-0.033929544764935246,2011.414830631108,,-356.80380596815166,-37.77584050924122,-0.04513983646864249,-0.00477908372761269,-356.80380596815166,-45.327124985175054,2.0,False,False,,,,,,,,,,,
paired_gain,KITTI,mono,brake,J,,,,,,,trivial_area_max,0.2,,,,True,3536.0,6.0,7904.410690898589,-117.55130608687391,177.28644800253983,-294.83775408941375,-0.03730040930551599,-0.05272073900860731,2229.697616106675,,-495.5539359892574,-47.69447963647122,-0.06269334367454557,-0.006033907080687026,-495.5539359892574,-48.84467454632351,4.0,False,False,,,,,,,,,,,
paired_gain,KITTI,mono,brake,J,,,,,,,trivial_area_max,0.3,,,,True,3536.0,6.0,7904.410690898589,-14.722529839273765,266.05505138712124,-280.777581226395,-0.035521633706316905,-0.006595873948575404,2232.0817459608334,,-500.4196668317725,-36.385638195327815,-0.06330891528801419,-0.004603206945866754,-500.48795135514985,-36.544849607918536,4.0,False,False,,,,,,,,,,,
paired_gain,KITTI,mono,brake,J,,,,,,,trivial_area_max,0.5,,,,True,3536.0,6.0,7904.410690898589,-73.87926087640761,443.34149938966107,-517.2207602660687,-0.06543444925775613,-0.033098815045685154,2232.0817459608334,,-912.4145491510665,-42.7153176442261,-0.11543106562031906,-0.005403985105861211,-912.4145491510665,-45.07693127498213,4.0,False,False,,,,,,,,,,,
paired_gain,KITTI,mono,brake,J,,,,,,,oracle,0.1,,,,False,3536.0,6.0,7904.410690898589,2011.414830631108,88.76860338458147,1922.6462272465267,0.24323713714171355,1.0,2011.414830631108,,889.8852984142524,2792.516582770857,0.11258085304688141,0.35328586683713903,906.8345886356365,2792.660286481791,2.0,True,True,,,,,,,,,,,
paired_gain,KITTI,mono,brake,J,,,,,,,oracle,0.2,,,,False,3536.0,6.0,7904.410690898589,2229.697616106675,177.28644800253983,2052.411168104135,0.25965391328506654,1.0,2229.697616106675,,950.7770576283538,3160.66365626014,0.1202843696776929,0.3998607587406152,981.13032252215,3160.800289240779,4.0,True,True,,,,,,,,,,,
paired_gain,KITTI,mono,brake,J,,,,,,,oracle,0.3,,,,False,3536.0,6.0,7904.410690898589,2232.0817459608334,266.05505138712124,1966.0266945737121,0.24872527142819933,1.0,2232.0817459608334,,922.2977480112303,3081.7677017021674,0.1166814053669043,0.38987950173826635,945.0375505957845,3082.4441530470467,4.0,True,True,,,,,,,,,,,
paired_gain,KITTI,mono,brake,J,,,,,,,oracle,0.5,,,,False,3536.0,6.0,7904.410690898589,2232.0817459608334,443.34149938966107,1788.7402465711723,0.22629647123861993,1.0,2232.0817459608334,,848.9958903430454,2905.0332311535913,0.10740786676489476,0.3675205331244424,857.2923561264918,2905.8958639771417,4.0,True,True,,,,,,,,,,,
paired_gain,KITTI,mono,traj,JB,,,,,,,uncertainty,0.1,,,,False,3536.0,6.0,4693.652775228891,15.155327342556777,-10.770411787129712,25.92573912968649,0.005523574148158455,0.06012296180515248,252.07220149387217,,-21.555868970432712,74.0471007136431,-0.004592557226259992,0.015776007357091327,-21.555868970432712,74.70530752012951,9.0,False,False,,,,,,,,,,,
paired_gain,KITTI,mono,traj,JB,,,,,,,uncertainty,0.2,,,,False,3536.0,6.0,4693.652775228891,36.71982673960186,-21.510398682205384,58.23022542180724,0.012406163857949118,0.1456718611651214,252.07220149387217,,-15.92207021364252,142.02315009636524,-0.0033922556644310066,0.0302585548820107,-15.92207021364252,142.02315009636524,9.0,False,False,,,,,,,,,,,
paired_gain,KITTI,mono,traj,JB,,,,,,,uncertainty,0.3,,,,False,3536.0,6.0,4693.652775228891,38.5617544282257,-32.280810469335094,70.84256489756079,0.015093269206328556,0.15297900442688492,252.07220149387217,,5.309109477546713,175.97837568066421,0.0011311253157809075,0.03749284067398497,9.887379557741276,175.97837568066421,9.0,True,True,,,,,,,,,,,
paired_gain,KITTI,mono,traj,JB,,,,,,,uncertainty,0.5,,,,False,3536.0,6.0,4693.652775228891,67.2405570050775,-53.79120915154048,121.03176615661798,0.025786263269275543,0.2667511792517594,252.07220149387217,,-260.7268519561669,215.92615554639312,-0.055548815483789656,0.046003862212807854,-262.8108635318886,216.4044202016692,9.0,False,False,,,,,,,,,,,
paired_gain,KITTI,mono,traj,JB,,,,,,,criticality_cheap,0.1,,,,False,3536.0,6.0,4693.652775228891,13.375735906666844,-10.770411787129712,24.146147693796557,0.005144425642482479,0.0530631137721547,252.07220149387217,,-13.73953725367943,94.08712297514877,-0.002927258983917788,0.020045607862537406,-13.73953725367943,94.68784953503837,9.0,False,False,,,,,,,,,,,
paired_gain,KITTI,mono,traj,JB,,,,,,,criticality_cheap,0.2,,,,False,3536.0,6.0,4693.652775228891,47.07195433619164,-21.510398682205384,68.58235301839701,0.014611722746161708,0.1867399659987337,252.07220149387217,,-6.107913525244776,205.20309153752422,-0.001301313458353748,0.04371927395662907,-6.107913525244776,206.06587071338575,9.0,False,False,,,,,,,,,,,
paired_gain,KITTI,mono,traj,JB,,,,,,,criticality_cheap,0.3,,,,False,3536.0,6.0,4693.652775228891,96.60828161093633,-32.280810469335094,128.88909208027144,0.027460295478287915,0.3832563885997753,252.07220149387217,,-12.14280168525758,239.27339048938472,-0.0025870685938555443,0.05097807655312046,-12.14280168525758,239.27339048938472,9.0,False,False,,,,,,,,,,,
paired_gain,KITTI,mono,traj,JB,,,,,,,criticality_cheap,0.5,,,,False,3536.0,6.0,4693.652775228891,50.73154041243476,-53.79120915154048,104.52274956397524,0.022268956518386274,0.20125797335755818,252.07220149387217,,-245.68238470375263,181.7182654072313,-0.05234353636049945,0.03871574530742096,-245.68238470375263,182.13431227855935,9.0,False,False,,,,,,,,,,,
paired_gain,KITTI,mono,traj,JB,,,,,,,criticality_gt,0.1,,,,False,3536.0,6.0,4693.652775228891,82.8301943632187,-10.770411787129712,93.60060615034841,0.019941953662259107,0.3285970998481254,252.07220149387217,,17.013202109090578,175.8126303809063,0.0036247253309573822,0.03745752802780189,17.69553779840362,175.8126303809063,9.0,True,True,,,,,,,,,,,
paired_gain,KITTI,mono,traj,JB,,,,,,,criticality_gt,0.2,,,,False,3536.0,6.0,4693.652775228891,102.71944268140601,-21.510398682205384,124.2298413636114,0.026467624963491934,0.4075000816141287,252.07220149387217,,22.253017522683777,236.23344893643656,0.00474108729135776,0.05033040581595139,24.778070153096575,236.23344893643656,9.0,True,True,,,,,,,,,,,
paired_gain,KITTI,mono,traj,JB,,,,,,,criticality_gt,0.3,,,,False,3536.0,6.0,4693.652775228891,102.81359152442987,-32.280810469335094,135.09440199376496,0.02878235959565137,0.4078735811212775,252.07220149387217,,13.350749272529754,258.21684809416837,0.0028444262734962727,0.055014049922254026,16.59674805823173,258.21684809416837,9.0,True,True,,,,,,,,,,,
paired_gain,KITTI,mono,traj,JB,,,,,,,criticality_gt,0.5,,,,False,3536.0,6.0,4693.652775228891,113.6778627428058,-53.79120915154048,167.46907189434629,0.035679902181553994,0.45097341979444444,252.07220149387217,,-130.4021261994152,303.0978810179702,-0.027782652966496013,0.0645761191832494,-130.4021261994152,303.0978810179702,9.0,False,False,,,,,,,,,,,
paired_gain,KITTI,mono,traj,JB,,,,,,,dE_exact,0.1,,,,False,3536.0,6.0,4693.652775228891,103.09615646989921,-10.770411787129712,113.86656825702893,0.024259691483351387,0.4089945494144679,252.07220149387217,,26.642019166357056,224.00046451186768,0.005676180246430314,0.04772412345754401,27.83814027934028,224.11923067146546,9.0,True,True,,,,,,,,,,,
paired_gain,KITTI,mono,traj,JB,,,,,,,dE_exact,0.2,,,,False,3536.0,6.0,4693.652775228891,119.30252901386186,-21.510398682205384,140.81292769606725,0.030000712545081767,0.4732871308570774,252.07220149387217,,32.42973565292873,274.39133300033785,0.006909274547124388,0.05846008346600731,32.71534495043096,275.53545904577436,9.0,True,True,,,,,,,,,,,
paired_gain,KITTI,mono,traj,JB,,,,,,,dE_exact,0.3,,,,False,3536.0,6.0,4693.652775228891,127.57238892963166,-32.280810469335094,159.85319939896675,0.03405731251416895,0.5060946354797989,252.07220149387217,,33.72340315709528,306.5969755691908,0.0071848951705744185,0.06532161415673517,34.87049831451595,307.9700947977974,9.0,True,True,,,,,,,,,,,
paired_gain,KITTI,mono,traj,JB,,,,,,,dE_exact,0.5,,,,False,3536.0,6.0,4693.652775228891,-13.68522165034048,-53.79120915154048,40.1059875012,0.008544728257885286,-0.05429088003055016,252.07220149387217,,-63.69901877411501,166.55393321820176,-0.013571310411006843,0.035484928518190094,-64.39989829078151,167.5639899450178,9.0,False,False,,,,,,,,,,,
paired_gain,KITTI,mono,traj,JB,,,,,,,dE_E1_fn_only,0.1,,,,False,3536.0,6.0,4693.652775228891,103.09615646989921,-10.770411787129712,113.86656825702893,0.024259691483351387,0.4089945494144679,252.07220149387217,,26.642019166357056,224.00046451186768,0.005676180246430314,0.04772412345754401,27.83814027934028,224.11923067146546,9.0,True,True,,,,,,,,,,,
paired_gain,KITTI,mono,traj,JB,,,,,,,dE_E1_fn_only,0.2,,,,False,3536.0,6.0,4693.652775228891,119.30252901386186,-21.510398682205384,140.81292769606725,0.030000712545081767,0.4732871308570774,252.07220149387217,,32.42973565292873,274.39133300033785,0.006909274547124388,0.05846008346600731,32.71534495043096,275.53545904577436,9.0,True,True,,,,,,,,,,,
paired_gain,KITTI,mono,traj,JB,,,,,,,dE_E1_fn_only,0.3,,,,False,3536.0,6.0,4693.652775228891,127.57238892963166,-32.280810469335094,159.85319939896675,0.03405731251416895,0.5060946354797989,252.07220149387217,,33.72340315709528,306.5969755691908,0.0071848951705744185,0.06532161415673517,34.87049831451595,307.9700947977974,9.0,True,True,,,,,,,,,,,
paired_gain,KITTI,mono,traj,JB,,,,,,,dE_E1_fn_only,0.5,,,,False,3536.0,6.0,4693.652775228891,-13.68522165034048,-53.79120915154048,40.1059875012,0.008544728257885286,-0.05429088003055016,252.07220149387217,,-63.69901877411501,166.55393321820176,-0.013571310411006843,0.035484928518190094,-64.39989829078151,167.5639899450178,9.0,False,False,,,,,,,,,,,
paired_gain,KITTI,mono,traj,JB,,,,,,,dE_E2_fn_fp,0.1,,,,False,3536.0,6.0,4693.652775228891,50.09558958854612,-10.770411787129712,60.86600137567583,0.012967725626595298,0.19873508182045188,252.07220149387217,,24.11724144936121,97.8558769810027,0.005138267060708406,0.020848554775386136,26.8105944498456,98.028651740255,9.0,True,True,,,,,,,,,,,
paired_gain,KITTI,mono,traj,JB,,,,,,,dE_E2_fn_fp,0.2,,,,False,3536.0,6.0,4693.652775228891,32.0502481395448,-21.510398682205384,53.56064682175018,0.011411292949580881,0.12714709495772755,252.07220149387217,,16.788954579374504,94.65004957441558,0.0035769485693486927,0.020165541446512277,19.30218957533598,94.99677500916891,9.0,True,True,,,,,,,,,,,
paired_gain,KITTI,mono,traj,JB,,,,,,,dE_E2_fn_fp,0.3,,,,False,3536.0,6.0,4693.652775228891,22.960216127382026,-32.280810469335094,55.24102659671712,0.011769304045722306,0.09108587139443135,252.07220149387217,,7.765693399354753,115.09606248456114,0.0016545095624326514,0.024521639754007656,8.023377110436428,115.44483214584008,9.0,True,True,,,,,,,,,,,
paired_gain,KITTI,mono,traj,JB,,,,,,,dE_E2_fn_fp,0.5,,,,False,3536.0,6.0,4693.652775228891,-31.84275389464532,-53.79120915154048,21.94845525689516,0.004676199179609066,-0.12632394094205351,252.07220149387217,,-55.81897230013271,71.26818494675544,-0.011892437505117884,0.015183949124417275,-56.28622258671642,71.84470530362073,9.0,False,False,,,,,,,,,,,
paired_gain,KITTI,mono,traj,JB,,,,,,,dE_E3_class_aware,0.1,,,,False,3536.0,6.0,4693.652775228891,91.93925743180392,-10.770411787129712,102.70966921893364,0.021882673077350697,0.364733821845242,252.07220149387217,,14.6858295117595,213.2925855139495,0.0031288700325821034,0.04544277042384075,15.80198279122535,213.72998594907403,9.0,True,True,,,,,,,,,,,
paired_gain,KITTI,mono,traj,JB,,,,,,,dE_E3_class_aware,0.2,,,,False,3536.0,6.0,4693.652775228891,107.45355922717744,-21.510398682205384,128.96395790938283,0.027476245918743692,0.4262808774246755,252.07220149387217,,21.772072853883657,256.36023959643416,0.004638620259425116,0.054618492648070345,23.953159854318805,256.36023959643416,9.0,True,True,,,,,,,,,,,
paired_gain,KITTI,mono,traj,JB,,,,,,,dE_E3_class_aware,0.3,,,,False,3536.0,6.0,4693.652775228891,115.77452854809994,-32.280810469335094,148.05533901743502,0.031543734934720416,0.4592911390545157,252.07220149387217,,24.54964645928763,300.06874489303004,0.005230392539654883,0.06393075058228968,27.961966129493177,300.4451303950593,9.0,True,True,,,,,,,,,,,
paired_gain,KITTI,mono,traj,JB,,,,,,,dE_E3_class_aware,0.5,,,,False,3536.0,6.0,4693.652775228891,-19.668362433753288,-53.79120915154048,34.12284671778719,0.0072699980914381025,-0.07802670154499929,252.07220149387217,,-64.4183160835064,155.55246165836078,-0.013724559350337747,0.03314102450852366,-65.39940721770648,155.59634426408473,9.0,False,False,,,,,,,,,,,
paired_gain,KITTI,mono,traj,JB,,,,,,,dE_E4_localization,0.1,,,,False,3536.0,6.0,4693.652775228891,113.4396723067532,-10.770411787129712,124.21008409388291,0.026463415604454393,0.4500284903867549,252.07220149387217,,-23.835854507343555,232.15251614089627,-0.0050783165369920604,0.0494609480629029,-23.835854507343555,232.6359683527128,9.0,False,False,,,,,,,,,,,
paired_gain,KITTI,mono,traj,JB,,,,,,,dE_E4_localization,0.2,,,,False,3536.0,6.0,4693.652775228891,96.42478674784186,-21.510398682205384,117.93518543004726,0.02512652534769064,0.3825284429476684,252.07220149387217,,39.843145460925015,214.4205968839872,0.00848872879374466,0.04568309739817316,40.87128816140458,215.30805859058813,9.0,True,True,,,,,,,,,,,
paired_gain,KITTI,mono,traj,JB,,,,,,,dE_E4_localization,0.3,,,,False,3536.0,6.0,4693.652775228891,127.6982791421522,-32.280810469335094,159.9790896114873,0.03408413388731887,0.5065940567240872,252.07220149387217,,-44.00895243684127,303.5308439814674,-0.009376269303324237,0.06466836353625784,-44.53356713716913,303.5308439814674,9.0,False,False,,,,,,,,,,,
paired_gain,KITTI,mono,traj,JB,,,,,,,dE_E4_localization,0.5,,,,False,3536.0,6.0,4693.652775228891,-92.27922616390084,-53.79120915154048,-38.488017012360366,-0.00820001368986726,-0.3660825176954077,252.07220149387217,,-263.30864677062453,113.80563555676596,-0.05609887637199239,0.02424670954728135,-263.48207456585396,114.02398043985326,9.0,False,False,,,,,,,,,,,
paired_gain,KITTI,mono,traj,JB,,,,,,,dE_E5_combined,0.1,,,,False,3536.0,6.0,4693.652775228891,22.982154854619623,-10.770411787129712,33.75256664174933,0.007191108558323928,0.09117290489954448,252.07220149387217,,-6.1061857236687125,84.13878190976405,-0.0013009453438683346,0.01792607718104178,-6.368525475133245,84.13878190976405,9.0,False,False,,,,,,,,,,,
paired_gain,KITTI,mono,traj,JB,,,,,,,dE_E5_combined,0.2,,,,False,3536.0,6.0,4693.652775228891,20.173419156051153,-21.510398682205384,41.68381783825654,0.008880890818819417,0.08003032082274873,252.07220149387217,,-1.95286265284423,82.11997527926972,-0.00041606457621889097,0.017495962997660187,-1.9383916932294554,82.11997527926972,9.0,False,False,,,,,,,,,,,
paired_gain,KITTI,mono,traj,JB,,,,,,,dE_E5_combined,0.3,,,,False,3536.0,6.0,4693.652775228891,37.503630922489215,-32.280810469335094,69.78444139182432,0.014867832098726391,0.14878130432562164,252.07220149387217,,15.057526062903968,136.57015223559495,0.0032080613509314544,0.029096773616564542,17.66679196965515,136.57015223559495,9.0,True,True,,,,,,,,,,,
paired_gain,KITTI,mono,traj,JB,,,,,,,dE_E5_combined,0.5,,,,False,3536.0,6.0,4693.652775228891,-74.19163191889382,-53.79120915154048,-20.40042276735334,-0.004346385159766849,-0.2943269090332335,252.07220149387217,,-182.42051263376408,119.17101256693783,-0.03886536166384147,0.025389822867995668,-182.42051263376408,119.17101256693783,9.0,False,False,,,,,,,,,,,
paired_gain,KITTI,mono,traj,JB,,,,,,,dE_E5_fp_heavy,0.1,,,,False,3536.0,6.0,4693.652775228891,14.558688179245866,-10.770411787129712,25.32909996637558,0.0053964579783259276,0.057756024238157753,252.07220149387217,,-10.179682047054332,77.7171649524451,-0.0021688187291523517,0.016557928051815708,-10.191523893767824,77.7171649524451,9.0,False,False,,,,,,,,,,,
paired_gain,KITTI,mono,traj,JB,,,,,,,dE_E5_fp_heavy,0.2,,,,False,3536.0,6.0,4693.652775228891,-32.697914665985955,-21.510398682205384,-11.187515983780571,-0.0023835414589727507,-0.1297164640615115,252.07220149387217,,-48.11336180699122,38.44866055153253,-0.010250728827005087,0.008191628651025967,-48.11336180699122,38.44866055153253,9.0,False,False,,,,,,,,,,,
paired_gain,KITTI,mono,traj,JB,,,,,,,dE_E5_fp_heavy,0.3,,,,False,3536.0,6.0,4693.652775228891,-33.1444783813534,-32.280810469335094,-0.8636679120183075,-0.0001840076276149741,-0.13148803471754159,252.07220149387217,,-39.50960497810836,33.98223086936088,-0.008417666766196106,0.007240039367356846,-39.50960497810836,33.98223086936089,9.0,False,False,,,,,,,,,,,
paired_gain,KITTI,mono,traj,JB,,,,,,,dE_E5_fp_heavy,0.5,,,,False,3536.0,6.0,4693.652775228891,9.102686657307634,-53.79120915154048,62.893895808848114,0.013399775999787505,0.03611142602540772,252.07220149387217,,-205.36273853233894,143.01059408166617,-0.043753287336497575,0.0304689334576293,-205.36273853233894,143.35915714130212,9.0,False,False,,,,,,,,,,,
paired_gain,KITTI,mono,traj,JB,,,,,,,dE_E5_loc_heavy,0.1,,,,False,3536.0,6.0,4693.652775228891,-51.17740492063566,-10.770411787129712,-40.40699313350595,-0.008608858615779362,-0.2030267701767177,252.07220149387217,,-124.81361725369038,45.68993760981788,-0.0265920005656157,0.009734409381739952,-125.2472462281755,45.75558921971035,9.0,False,False,,,,,,,,,,,
paired_gain,KITTI,mono,traj,JB,,,,,,,dE_E5_loc_heavy,0.2,,,,False,3536.0,6.0,4693.652775228891,-160.58839286630254,-21.510398682205384,-139.07799418409715,-0.02963107857447228,-0.6370729970008471,252.07220149387217,,-287.89510284094007,26.276265634001078,-0.06133711133476433,0.005598255110108712,-288.31937888260586,26.276265634001078,9.0,False,False,,,,,,,,,,,
paired_gain,KITTI,mono,traj,JB,,,,,,,dE_E5_loc_heavy,0.3,,,,False,3536.0,6.0,4693.652775228891,-162.41123717475963,-32.280810469335094,-130.13042670542455,-0.027724766389239052,-0.6443044342543571,252.07220149387217,,-368.7916291814571,14.905289457130515,-0.07857241403279401,0.0031756267817241,-368.7916291814571,14.905289457130515,9.0,False,False,,,,,,,,,,,
paired_gain,KITTI,mono,traj,JB,,,,,,,dE_E5_loc_heavy,0.5,,,,False,3536.0,6.0,4693.652775228891,-194.59320434560954,-53.79120915154048,-140.80199519406906,-0.029998383335291073,-0.7719740740644108,252.07220149387217,,-394.85729775302906,18.43563586372514,-0.0841258006635937,0.003927780078028057,-394.99048812677404,18.43563586372514,9.0,False,False,,,,,,,,,,,
paired_gain,KITTI,mono,traj,JB,,,,,,,dE_E6_risk_weighted,0.1,,,,False,3536.0,6.0,4693.652775228891,69.28762767572101,-10.770411787129712,80.05803946285073,0.0170566599824689,0.27487214879346933,252.07220149387217,,22.815075501563005,163.38241521001086,0.00486083581256187,0.034809224932929414,23.44158565542103,163.58527073871574,9.0,True,True,,,,,,,,,,,
paired_gain,KITTI,mono,traj,JB,,,,,,,dE_E6_risk_weighted,0.2,,,,False,3536.0,6.0,4693.652775228891,101.4994809401161,-21.510398682205384,123.00987962232148,0.026207707624116436,0.40266035024327557,252.07220149387217,,20.77873917069207,326.30895595759785,0.004426986861992315,0.06952132413367221,22.86105557593916,326.30895595759785,9.0,True,True,,,,,,,,,,,
paired_gain,KITTI,mono,traj,JB,,,,,,,dE_E6_risk_weighted,0.3,,,,False,3536.0,6.0,4693.652775228891,102.62362595701822,-32.280810469335094,134.9044364263533,0.028741886732295517,0.40711996542590984,252.07220149387217,,16.92260500549394,409.23594428393415,0.0036054232845693806,0.0871892242314361,21.895701915655376,409.23594428393415,9.0,True,True,,,,,,,,,,,
paired_gain,KITTI,mono,traj,JB,,,,,,,dE_E6_risk_weighted,0.5,,,,False,3536.0,6.0,4693.652775228891,-10.887027732279833,-53.79120915154048,42.904181419260645,0.009140893771625101,-0.04319011643393964,252.07220149387217,,-3.1820430733126073,391.104890624807,-0.0006779459891251609,0.08332633651319347,-1.1268632315232914,391.2495019158877,9.0,False,False,,,,,,,,,,,
paired_gain,KITTI,mono,traj,JB,,,,,,,gate_ridge,0.1,,,,False,3536.0,6.0,4693.652775228891,14.368853149017593,-10.770411787129712,25.139264936147306,0.005356012926397471,0.05700292639911306,252.07220149387217,,-21.672149107167158,123.71190039912086,-0.004617331137391238,0.02635727573458774,-21.82720619960554,123.71190039912086,9.0,False,False,,,,,,,,,,,
paired_gain,KITTI,mono,traj,JB,,,,,,,gate_ridge,0.2,,,,False,3536.0,6.0,4693.652775228891,75.21403696203299,-21.510398682205384,96.72443564423838,0.020607497034017715,0.2983829098023783,252.07220149387217,,-10.17350844347183,200.95663379238277,-0.0021675034201855095,0.04281455050380946,-10.273967429935333,200.95663379238277,9.0,False,False,,,,,,,,,,,
paired_gain,KITTI,mono,traj,JB,,,,,,,gate_ridge,0.3,,,,False,3536.0,6.0,4693.652775228891,57.72952012797332,-32.280810469335094,90.01033059730841,0.0191770322407198,0.2290197799909988,252.07220149387217,,-18.19926222325267,253.78075576206618,-0.0038774198038893414,0.05406892412268189,-18.53858440682323,254.74343025148684,9.0,False,False,,,,,,,,,,,
paired_gain,KITTI,mono,traj,JB,,,,,,,gate_ridge,0.5,,,,False,3536.0,6.0,4693.652775228891,56.53991812123416,-53.79120915154048,110.33112727277464,0.023506452768525088,0.22430048924934165,252.07220149387217,,-36.13303709779108,434.8346195610451,-0.0076982765509383076,0.09264311622195784,-36.163037551831636,434.8346195610451,9.0,False,False,,,,,,,,,,,
paired_gain,KITTI,mono,traj,JB,,,,,,,gate_gbm,0.1,,,,False,3536.0,6.0,4693.652775228891,14.71072650009712,-10.770411787129712,25.481138287226834,0.005428850302200767,0.058359178096259595,252.07220149387217,,-21.831564090682313,107.74637206727304,-0.004651295086398391,0.022955761158113933,-21.831564090682313,107.74637206727304,9.0,False,False,,,,,,,,,,,
paired_gain,KITTI,mono,traj,JB,,,,,,,gate_gbm,0.2,,,,False,3536.0,6.0,4693.652775228891,15.581847299393765,-21.510398682205384,37.09224598159915,0.00790263953425705,0.06181501651927516,252.07220149387217,,-43.364607256003204,167.2606377037559,-0.009238989190862863,0.035635494510051234,-43.364607256003204,167.2606377037559,9.0,False,False,,,,,,,,,,,
paired_gain,KITTI,mono,traj,JB,,,,,,,gate_gbm,0.3,,,,False,3536.0,6.0,4693.652775228891,42.48335405755499,-32.280810469335094,74.76416452689008,0.015928780441847687,0.16853645029393594,252.07220149387217,,-39.46224665425444,201.91598141541954,-0.008407576900984122,0.04301894304603154,-39.88395847123209,202.01162463372097,9.0,False,False,,,,,,,,,,,
paired_gain,KITTI,mono,traj,JB,,,,,,,gate_gbm,0.5,,,,False,3536.0,6.0,4693.652775228891,63.61259824395454,-53.79120915154048,117.40380739549502,0.025013313301551092,0.25235864116298024,252.07220149387217,,0.49321374098722376,280.82844736855685,0.00010508100292168963,0.05983153437566799,2.105267869151888,280.82844736855685,9.0,True,True,,,,,,,,,,,
paired_gain,KITTI,mono,traj,JB,,,,,,,R1_mlp_reg,0.1,,,,False,3536.0,6.0,4693.652775228891,27.677175266258658,-10.770411787129712,38.44758705338837,0.008191399938295058,0.109798601758677,252.07220149387217,,-51.58680034876089,162.9661046872074,-0.010990757693243553,0.034720528443704525,-51.65244873043396,163.48888425047363,9.0,False,False,,,,,,,,,,,
paired_gain,KITTI,mono,traj,JB,,,,,,,R1_mlp_reg,0.2,,,,False,3536.0,6.0,4693.652775228891,27.405095270588117,-21.510398682205384,48.9154939527935,0.01042162603312898,0.10871922849158093,252.07220149387217,,-71.04890488887675,198.44784372520598,-0.015137230700967643,0.0422800435457283,-71.38911614716876,198.44784372520598,9.0,False,False,,,,,,,,,,,
paired_gain,KITTI,mono,traj,JB,,,,,,,R1_mlp_reg,0.3,,,,False,3536.0,6.0,4693.652775228891,11.632241531368507,-32.280810469335094,43.9130520007036,0.009355837362418044,0.04614646701394118,252.07220149387217,,-93.39037278909882,186.31344493198256,-0.019897162670825076,0.039694765218949705,-93.4344975344595,186.3134449319826,9.0,False,False,,,,,,,,,,,
paired_gain,KITTI,mono,traj,JB,,,,,,,R1_mlp_reg,0.5,,,,False,3536.0,6.0,4693.652775228891,-55.466458917503964,-53.79120915154048,-1.6752497659634855,-0.00035691812884087705,-0.22004195063473647,252.07220149387217,,-130.9229469201748,85.1075633373415,-0.02789361573807304,0.018132479630044884,-130.9229469201748,85.37335820922632,9.0,False,False,,,,,,,,,,,
paired_gain,KITTI,mono,traj,JB,,,,,,,R1_mlp_clf,0.1,,,,False,3536.0,6.0,4693.652775228891,49.07094082645044,-10.770411787129712,59.84135261358015,0.012749420436338501,0.19467017995494176,252.07220149387217,,-11.952193636106871,172.23176845284314,-0.002546458847400362,0.03669461221371324,-12.000946860925659,172.23176845284314,9.0,False,False,,,,,,,,,,,
paired_gain,KITTI,mono,traj,JB,,,,,,,R1_mlp_clf,0.2,,,,False,3536.0,6.0,4693.652775228891,48.79963159564015,-21.510398682205384,70.31003027784553,0.014979810745462905,0.19359386440248336,252.07220149387217,,-40.31717743602924,230.18549292694362,-0.008589723050841384,0.049041866527018155,-40.31717743602924,230.18549292694362,9.0,False,False,,,,,,,,,,,
paired_gain,KITTI,mono,traj,JB,,,,,,,R1_mlp_clf,0.3,,,,False,3536.0,6.0,4693.652775228891,15.472575118704407,-32.280810469335094,47.7533855880395,0.0101740345685692,0.06138152095712364,252.07220149387217,,-118.34882252043839,205.394356499525,-0.025214652252299803,0.0437600236607849,-118.34882252043839,206.53377490044886,9.0,False,False,,,,,,,,,,,
paired_gain,KITTI,mono,traj,JB,,,,,,,R1_mlp_clf,0.5,,,,False,3536.0,6.0,4693.652775228891,-80.46913851801297,-53.79120915154048,-26.67792936647249,-0.005683831046741951,-0.3192305142777481,252.07220149387217,,-220.4836899484001,205.7366897323698,-0.04697486169237305,0.04383295901609101,-221.06624447028835,205.7366897323698,9.0,False,False,,,,,,,,,,,
paired_gain,KITTI,mono,traj,JB,,,,,,,R1_gbm_reg,0.1,,,,False,3536.0,6.0,4693.652775228891,32.19716965594078,-10.770411787129712,42.96758144307049,0.00915440138005844,0.12772994985217953,252.07220149387217,,-19.45925830494889,153.85719970427172,-0.004145866606845441,0.03277984270934245,-19.45925830494889,153.85719970427172,9.0,False,False,,,,,,,,,,,
paired_gain,KITTI,mono,traj,JB,,,,,,,R1_gbm_reg,0.2,,,,False,3536.0,6.0,4693.652775228891,31.811679832083843,-21.510398682205384,53.32207851428923,0.011360465093562214,0.12620066648982387,252.07220149387217,,-41.850136195382866,209.37235151039874,-0.008916325556984133,0.04460755013992028,-42.018265828481354,209.5016817126571,9.0,False,False,,,,,,,,,,,
paired_gain,KITTI,mono,traj,JB,,,,,,,R1_gbm_reg,0.3,,,,False,3536.0,6.0,4693.652775228891,-15.426318557705109,-32.280810469335094,16.854491911629985,0.0035909115392133064,-0.06119801575216583,252.07220149387217,,-76.16827136565882,204.45528668007182,-0.016227930572036062,0.043559951379254155,-76.17576414846015,204.45528668007182,9.0,False,False,,,,,,,,,,,
paired_gain,KITTI,mono,traj,JB,,,,,,,R1_gbm_reg,0.5,,,,False,3536.0,6.0,4693.652775228891,-36.58785860934358,-53.79120915154048,17.2033505421969,0.0036652371545225692,-0.14514832810802036,252.07220149387217,,-93.3653457662571,163.00541458700738,-0.01989183057149003,0.03472890356254745,-93.3653457662571,163.00541458700738,9.0,False,False,,,,,,,,,,,
paired_gain,KITTI,mono,traj,JB,,,,,,,R1_gbm_clf,0.1,,,,False,3536.0,6.0,4693.652775228891,-48.165195037204114,-10.770411787129712,-37.394783250074404,-0.00796709621287459,-0.19107698013410257,252.07220149387217,,-93.49907748923061,-4.213471312530598,-0.019920322607304718,-0.0008976955719365337,-93.49907748923061,-5.007888947353642,9.0,False,False,,,,,,,,,,,
paired_gain,KITTI,mono,traj,JB,,,,,,,R1_gbm_clf,0.2,,,,False,3536.0,6.0,4693.652775228891,-48.43727503287466,-21.510398682205384,-26.926876350669275,-0.005736870118040667,-0.19215635340119866,252.07220149387217,,-141.51597789994312,12.681778752665323,-0.0301504999787808,0.002701899641915221,-141.51597789994312,12.681778752665323,9.0,False,False,,,,,,,,,,,
paired_gain,KITTI,mono,traj,JB,,,,,,,R1_gbm_clf,0.3,,,,False,3536.0,6.0,4693.652775228891,-84.7603626918693,-32.280810469335094,-52.47955222253421,-0.01118096176596169,-0.3362543040825143,252.07220149387217,,-217.83042582021776,45.858465729338164,-0.04640957400381945,0.009770314917916318,-218.04111521158677,45.858465729338164,9.0,False,False,,,,,,,,,,,
paired_gain,KITTI,mono,traj,JB,,,,,,,R1_gbm_clf,0.5,,,,False,3536.0,6.0,4693.652775228891,-132.34143164372693,-53.79120915154048,-78.55022249218646,-0.016735414026947462,-0.5250139874981182,252.07220149387217,,-200.12128666987294,31.13601207247723,-0.04263657672464146,0.006633641976415447,-200.5197658939934,31.136012072477243,9.0,False,False,,,,,,,,,,,
paired_gain,KITTI,mono,traj,JB,,,,,,,R2_cnn_clf,0.1,,,,False,3536.0,6.0,4693.652775228891,-15.95885557129309,-10.770411787129712,-5.188443784163379,-0.0011054170456634084,-0.06331065256983939,252.07220149387217,,-64.96754451744728,41.07196252533258,-0.01384157448977019,0.008750532792304744,-65.00771956627892,41.07643951541276,9.0,False,False,,,,,,,,,,,
paired_gain,KITTI,mono,traj,JB,,,,,,,R2_cnn_clf,0.2,,,,False,3536.0,6.0,4693.652775228891,-50.27870251137605,-21.510398682205384,-28.76830382917067,-0.006129193020199018,-0.1994615122707147,252.07220149387217,,-83.49606697257346,29.79096981260453,-0.017789144397990047,0.0063470757721637685,-83.90102585427044,29.79096981260453,9.0,False,False,,,,,,,,,,,
paired_gain,KITTI,mono,traj,JB,,,,,,,R2_cnn_clf,0.3,,,,False,3536.0,6.0,4693.652775228891,-35.84190001045303,-32.280810469335094,-3.561089541117937,-0.0007587032342724322,-0.14218902281981435,252.07220149387217,,-71.43752242356241,53.717956350296774,-0.015220027097142626,0.011444808323657294,-71.43752242356241,53.71795635029678,9.0,False,False,,,,,,,,,,,
paired_gain,KITTI,mono,traj,JB,,,,,,,R2_cnn_clf,0.5,,,,False,3536.0,6.0,4693.652775228891,-50.71474279620432,-53.79120915154048,3.0764663553361586,0.0006554524807570861,-0.20119133524303823,252.07220149387217,,-63.51582068656553,95.08961131009963,-0.013532279384145137,0.02025919169222365,-63.66304652671904,95.67362524912897,9.0,False,False,,,,,,,,,,,
paired_gain,KITTI,mono,traj,JB,,,,,,,trivial_ego_speed,0.1,,,,True,3536.0,6.0,4693.652775228891,-96.33631545761472,-10.770411787129712,-85.565903670485,-0.018230130725064613,-0.382177466958635,252.07220149387217,,-191.29460845393166,59.96393119026573,-0.04075602044179823,0.012775536253284422,-191.29460845393166,59.96393119026574,9.0,False,False,,,,,,,,,,,
paired_gain,KITTI,mono,traj,JB,,,,,,,trivial_ego_speed,0.2,,,,True,3536.0,6.0,4693.652775228891,-171.0050859269304,-21.510398682205384,-149.49468724472501,-0.03185039337244855,-0.6783972406060313,252.07220149387217,,-232.8305150960391,116.19727824046595,-0.049605398235851576,0.024756257824120675,-232.8305150960391,116.19727824046595,9.0,False,False,,,,,,,,,,,
paired_gain,KITTI,mono,traj,JB,,,,,,,trivial_ego_speed,0.3,,,,True,3536.0,6.0,4693.652775228891,-216.44037638344383,-32.280810469335094,-184.15956591410873,-0.03923587336626706,-0.8586443689575404,252.07220149387217,,-345.38168373202825,75.99935992183136,-0.07358483898826225,0.01619194336720512,-345.38168373202825,75.99935992183136,9.0,False,False,,,,,,,,,,,
paired_gain,KITTI,mono,traj,JB,,,,,,,trivial_ego_speed,0.5,,,,True,3536.0,6.0,4693.652775228891,-152.1725808516002,-53.79120915154048,-98.38137170005973,-0.020960513359504326,-0.6036864832764969,252.07220149387217,,-364.8442193577735,86.82031435694306,-0.07773140384036642,0.01849738753900669,-365.8984945631808,86.84468385039874,9.0,False,False,,,,,,,,,,,
paired_gain,KITTI,mono,traj,JB,,,,,,,trivial_n_det,0.1,,,,True,3536.0,6.0,4693.652775228891,15.217398075774192,-10.770411787129712,25.9878098629039,0.005536798546338268,0.06036920368684178,252.07220149387217,,-14.592105865171716,78.6549513948925,-0.0031089018647017653,0.016757726905151565,-14.742214920686173,79.32480836181685,9.0,False,False,,,,,,,,,,,
paired_gain,KITTI,mono,traj,JB,,,,,,,trivial_n_det,0.2,,,,True,3536.0,6.0,4693.652775228891,45.85154465411508,-21.510398682205384,67.36194333632046,0.014351709971352853,0.18189845759422116,252.07220149387217,,-8.054366167859406,150.32101806279363,-0.0017160123582994752,0.03202644619476844,-8.054366167859408,150.32101806279363,9.0,False,False,,,,,,,,,,,
paired_gain,KITTI,mono,traj,JB,,,,,,,trivial_n_det,0.3,,,,True,3536.0,6.0,4693.652775228891,59.77451723182551,-32.280810469335094,92.0553277011606,0.01961272640085129,0.23713252344994742,252.07220149387217,,14.671764987087887,167.24102620975793,0.0031258735338325918,0.03563131620906965,18.15777872575654,167.24102620975793,9.0,True,True,,,,,,,,,,,
paired_gain,KITTI,mono,traj,JB,,,,,,,trivial_n_det,0.5,,,,True,3536.0,6.0,4693.652775228891,52.828605560172576,-53.79120915154048,106.61981471171305,0.02271574396691788,0.20957727685595998,252.07220149387217,,-264.1266614903577,183.2115534224139,-0.0562731574189523,0.03903389581549935,-266.57868043846764,184.70965968575038,9.0,False,False,,,,,,,,,,,
paired_gain,KITTI,mono,traj,JB,,,,,,,trivial_risk_cheap,0.1,,,,True,3536.0,6.0,4693.652775228891,13.375735906666844,-10.770411787129712,24.146147693796557,0.005144425642482479,0.0530631137721547,252.07220149387217,,-13.73953725367943,94.08712297514877,-0.002927258983917788,0.020045607862537406,-13.73953725367943,94.68784953503837,9.0,False,False,,,,,,,,,,,
paired_gain,KITTI,mono,traj,JB,,,,,,,trivial_risk_cheap,0.2,,,,True,3536.0,6.0,4693.652775228891,47.07195433619164,-21.510398682205384,68.58235301839701,0.014611722746161708,0.1867399659987337,252.07220149387217,,-6.107913525244776,205.20309153752422,-0.001301313458353748,0.04371927395662907,-6.107913525244776,206.06587071338575,9.0,False,False,,,,,,,,,,,
paired_gain,KITTI,mono,traj,JB,,,,,,,trivial_risk_cheap,0.3,,,,True,3536.0,6.0,4693.652775228891,96.60828161093633,-32.280810469335094,128.88909208027144,0.027460295478287915,0.3832563885997753,252.07220149387217,,-12.14280168525758,239.27339048938472,-0.0025870685938555443,0.05097807655312046,-12.14280168525758,239.27339048938472,9.0,False,False,,,,,,,,,,,
paired_gain,KITTI,mono,traj,JB,,,,,,,trivial_risk_cheap,0.5,,,,True,3536.0,6.0,4693.652775228891,50.73154041243476,-53.79120915154048,104.52274956397524,0.022268956518386274,0.20125797335755818,252.07220149387217,,-245.68238470375263,181.7182654072313,-0.05234353636049945,0.03871574530742096,-245.68238470375263,182.13431227855935,9.0,False,False,,,,,,,,,,,
paired_gain,KITTI,mono,traj,JB,,,,,,,trivial_area_max,0.1,,,,True,3536.0,6.0,4693.652775228891,19.818843233620868,-10.770411787129712,30.589255020750578,0.006517153374060326,0.07862367653460851,252.07220149387217,,-8.229477856764666,95.77656891697066,-0.001753320548165889,0.020405550538897716,-8.35966801170094,96.10446099470605,9.0,False,False,,,,,,,,,,,
paired_gain,KITTI,mono,traj,JB,,,,,,,trivial_area_max,0.2,,,,True,3536.0,6.0,4693.652775228891,51.56478571038744,-21.510398682205384,73.07518439259283,0.015568937007495029,0.20456355522265302,252.07220149387217,,-8.465354734970582,170.89168190911164,-0.0018035749852752497,0.03640910184302628,-8.465354734970582,170.8945305827761,9.0,False,False,,,,,,,,,,,
paired_gain,KITTI,mono,traj,JB,,,,,,,trivial_area_max,0.3,,,,True,3536.0,6.0,4693.652775228891,52.367296197552996,-32.280810469335094,84.64810666688808,0.018034590695252296,0.2077472084871129,252.07220149387217,,2.8910050184139995,161.0563867379787,0.0006159392602860395,0.03431365600539648,4.0775091140542905,161.0563867379787,9.0,True,True,,,,,,,,,,,
paired_gain,KITTI,mono,traj,JB,,,,,,,trivial_area_max,0.5,,,,True,3536.0,6.0,4693.652775228891,52.00147999508941,-53.79120915154048,105.7926891466299,0.02253952182082127,0.20629597268921204,252.07220149387217,,-108.30583133747663,198.61967195818065,-0.02307495601486946,0.042316652183223065,-108.30583133747663,199.98495039654688,9.0,False,False,,,,,,,,,,,
paired_gain,KITTI,mono,traj,JB,,,,,,,oracle,0.1,,,,False,3536.0,6.0,4693.652775228891,252.07220149387217,-10.770411787129712,262.8426132810019,0.05599958622166806,1.0,252.07220149387217,,72.51932037325828,490.91472732170365,0.015450508132170427,0.10459118959811928,79.30934631638098,490.91472732170365,9.0,True,True,,,,,,,,,,,
paired_gain,KITTI,mono,traj,JB,,,,,,,oracle,0.2,,,,False,3536.0,6.0,4693.652775228891,252.07220149387217,-21.510398682205384,273.58260017607756,0.05828777996104239,1.0,252.07220149387217,,69.64595073696303,549.096432661044,0.014838326154956503,0.11698701607390774,74.15266591782235,549.096432661044,9.0,True,True,,,,,,,,,,,
paired_gain,KITTI,mono,traj,JB,,,,,,,oracle,0.3,,,,False,3536.0,6.0,4693.652775228891,252.07220149387217,-32.280810469335094,284.3530119632073,0.06058245583565574,1.0,252.07220149387217,,65.30511776500605,607.4652174387745,0.013913495712690713,0.12942270051264088,68.85758497229882,607.4652174387745,9.0,True,True,,,,,,,,,,,
paired_gain,KITTI,mono,traj,JB,,,,,,,oracle,0.5,,,,False,3536.0,6.0,4693.652775228891,252.07220149387217,-53.79120915154048,305.86341064541267,0.0651653254496434,1.0,252.07220149387217,,54.40407208205876,723.8286281174552,0.011590987805740634,0.15421435346421783,59.4984983105862,723.8286281174552,9.0,True,True,,,,,,,,,,,
paired_gain,nuPlan,n/a,pdm_closed,safety,,,,,,,gate_ridge,0.1,,,,False,384.0,9.0,416.60737989077694,138.70781635280167,10.374520426637886,128.33329592616377,0.30804374123139455,0.8449951726962819,164.15219972227897,,0.0,178.34300038060317,0.0,0.42808411225782855,93.71297194756481,178.6691583073366,319.0,False,True,,,,,,,,,,,
paired_gain,nuPlan,n/a,pdm_closed,safety,,,,,,,gate_ridge,0.2,,,,False,384.0,9.0,416.60737989077694,162.85680724453601,21.022054548713612,141.8347526958224,0.3404518487718763,0.9921085889806255,164.15219972227897,,0.0,334.0972293761462,0.0,0.8019474582129038,129.87101836161997,336.42841941789584,319.0,False,True,,,,,,,,,,,
paired_gain,nuPlan,n/a,pdm_closed,safety,,,,,,,gate_ridge,0.3,,,,False,384.0,9.0,416.60737989077694,162.85680724453601,31.396574975351502,131.4602322691845,0.31554945642981597,0.9921085889806255,164.15219972227897,,0.0,370.75540536211093,0.0,0.8899396008282735,119.05937558829208,381.5994417007321,319.0,False,True,,,,,,,,,,,
paired_gain,nuPlan,n/a,pdm_closed,safety,,,,,,,gate_ridge,0.5,,,,False,384.0,9.0,416.60737989077694,150.83725904813022,52.41862952406511,98.41862952406511,0.2362383247984416,0.9188866143939853,164.15219972227897,,0.0,306.605001455549,0.0,0.735956721496226,75.1852682773515,317.61239568094936,319.0,False,True,,,,,,,,,,,
paired_gain,nuPlan,n/a,pdm_closed,safety,,,,,,,gate_gbm,0.1,,,,False,384.0,9.0,416.60737989077694,152.18358045023922,10.374520426637886,141.80906002360132,0.34039017758345946,0.9270882797045129,164.15219972227897,,-0.09238150956639928,212.15239575009645,-0.0002217471749795195,0.5092382084199204,95.80906002360133,213.3592700746609,319.0,False,True,,,,,,,,,,,
paired_gain,nuPlan,n/a,pdm_closed,safety,,,,,,,gate_gbm,0.2,,,,False,384.0,9.0,416.60737989077694,162.85680724453601,21.022054548713612,141.8347526958224,0.3404518487718763,0.9921085889806255,164.15219972227897,,0.0,359.1214472515585,0.0,0.8620141278959348,129.87101836161997,368.44552148027424,319.0,False,True,,,,,,,,,,,
paired_gain,nuPlan,n/a,pdm_closed,safety,,,,,,,gate_gbm,0.3,,,,False,384.0,9.0,416.60737989077694,162.85680724453601,31.396574975351502,131.4602322691845,0.31554945642981597,0.9921085889806255,164.15219972227897,,0.0,370.39985031746033,0.0,0.8890861472846906,119.51679846532008,381.5994417007322,319.0,False,True,,,,,,,,,,,
paired_gain,nuPlan,n/a,pdm_closed,safety,,,,,,,gate_gbm,0.5,,,,False,384.0,9.0,416.60737989077694,162.85680724453601,52.41862952406511,110.4381777204709,0.26508934563143066,0.9921085889806255,164.15219972227897,,0.0,307.61444942127184,0.0,0.7383797413812495,87.20481647375729,307.61444942127184,319.0,False,True,,,,,,,,,,,
paired_gain,nuPlan,n/a,pdm_closed,safety,,,,,,,R1_mlp_reg,0.1,,,,False,384.0,9.0,416.60737989077694,0.5476963752037687,10.374520426637886,-9.826824051434118,-0.023587733981117767,0.0033365156003415685,164.15219972227897,,-19.60746202278949,5.158086085933874,-0.047064605595633066,0.012381168301162076,-19.778714560533054,6.589393476217211,319.0,False,False,,,,,,,,,,,
paired_gain,nuPlan,n/a,pdm_closed,safety,,,,,,,R1_mlp_reg,0.2,,,,False,384.0,9.0,416.60737989077694,23.54769637520377,21.022054548713612,2.5256418264901583,0.006062402992362528,0.1434503857702971,164.15219972227897,,-40.746166370159095,7.857688229422813,-0.09780471575141474,0.018861135468802505,-60.57780766661545,7.857688229422813,319.0,False,False,,,,,,,,,,,
paired_gain,nuPlan,n/a,pdm_closed,safety,,,,,,,R1_mlp_reg,0.3,,,,False,384.0,9.0,416.60737989077694,35.045799596591294,31.396574975351502,3.6492246212397923,0.008759385448708372,0.2134957658556118,164.15219972227897,,-23.296084109458775,23.0,-0.05591855841719936,0.05520785542980532,-23.56984165647144,16.347682286795468,319.0,False,False,,,,,,,,,,,
paired_gain,nuPlan,n/a,pdm_closed,safety,,,,,,,R1_mlp_reg,0.5,,,,False,384.0,9.0,416.60737989077694,81.79817542112704,52.41862952406511,29.37954589706193,0.07052094445557937,0.4983069100476104,164.15219972227897,,-0.4667224934272495,70.72581428755112,-0.0011202933888247763,0.16976611001488617,6.8802304771694125,70.72581428755115,319.0,False,True,,,,,,,,,,,
paired_gain,nuPlan,n/a,pdm_closed,safety,,,,,,,R1_mlp_clf,0.1,,,,False,384.0,9.0,416.60737989077694,11.324992682409459,10.374520426637886,0.9504722557715723,0.002281458038551214,0.06899080671212239,164.15219972227897,,-34.5,25.98997500755094,-0.082811783144708,0.06238481664526634,-22.250695730340517,36.96342996277009,319.0,False,False,,,,,,,,,,,
paired_gain,nuPlan,n/a,pdm_closed,safety,,,,,,,R1_mlp_clf,0.2,,,,False,384.0,9.0,416.60737989077694,-10.952303624796231,21.022054548713612,-31.97435817350984,-0.07674938015234546,-0.06672041948463618,164.15219972227897,,-61.43199544472453,2.8308033475084513,-0.14745777057725265,0.006794894867802415,-66.32641093573682,5.347178128526359,319.0,False,False,,,,,,,,,,,
paired_gain,nuPlan,n/a,pdm_closed,safety,,,,,,,R1_mlp_clf,0.3,,,,False,384.0,9.0,416.60737989077694,12.047696375203769,31.396574975351502,-19.348878600147735,-0.046443917064600444,0.07339345068531931,164.15219972227897,,-96.22617527334309,29.695660252412317,-0.23097568578494926,0.07127972687425198,-104.36120972768785,31.97402890943232,319.0,False,False,,,,,,,,,,,
paired_gain,nuPlan,n/a,pdm_closed,safety,,,,,,,R1_mlp_clf,0.5,,,,False,384.0,9.0,416.60737989077694,58.77931180482873,52.41862952406511,6.360682280763619,0.015267809903970534,0.3580781244739611,164.15219972227897,,-36.25622219954051,61.19495789934561,-0.08702731624448395,0.14688879951043896,-57.512298608234005,83.95752795296389,319.0,False,False,,,,,,,,,,,
paired_gain,nuPlan,n/a,pdm_closed,safety,,,,,,,R1_gbm_reg,0.1,,,,False,384.0,9.0,416.60737989077694,11.791715175836709,10.374520426637886,1.4171947491988224,0.0034017514273759915,0.07183403692296864,164.15219972227897,,-66.3361829191825,2.4138530850491335,-0.15922949549423257,0.0057940718325296585,-66.48966900235119,2.5131969155295977,319.0,False,False,,,,,,,,,,,
paired_gain,nuPlan,n/a,pdm_closed,safety,,,,,,,R1_gbm_reg,0.2,,,,False,384.0,9.0,416.60737989077694,11.791715175836709,21.022054548713612,-9.230339372876903,-0.022155967028949047,0.07183403692296864,164.15219972227897,,-28.810422848960123,0.7479527138257203,-0.06915485476160654,0.0017953419692704749,-28.95431605193076,-8.382589984641266,319.0,False,False,,,,,,,,,,,
paired_gain,nuPlan,n/a,pdm_closed,safety,,,,,,,R1_gbm_reg,0.3,,,,False,384.0,9.0,416.60737989077694,-0.20896940427076682,31.396574975351502,-31.60554437962227,-0.07586410108219489,-0.001273022259977703,164.15219972227897,,-74.56632867612595,0.6534114907981492,-0.17898465623838733,0.0015684107443546867,-82.1959127339468,-19.74906579201931,319.0,False,False,,,,,,,,,,,
paired_gain,nuPlan,n/a,pdm_closed,safety,,,,,,,R1_gbm_reg,0.5,,,,False,384.0,9.0,416.60737989077694,47.02522738407414,52.41862952406511,-5.393402139990968,-0.012946007200844524,0.28647333062629565,164.15219972227897,,-71.03212036714984,17.373236613295425,-0.17050134922183213,0.04170170153454846,-74.38029016011373,17.373236613295425,319.0,False,False,,,,,,,,,,,
paired_gain,nuPlan,n/a,pdm_closed,safety,,,,,,,R1_gbm_clf,0.1,,,,False,384.0,9.0,416.60737989077694,0.0,10.374520426637886,-10.374520426637886,-0.024902392342060292,0.0,164.15219972227897,,-31.46464704957957,0.8413187674455267,-0.07552589936795824,0.0020194523862397673,-31.55844911933701,0.8879390269391632,319.0,False,False,,,,,,,,,,,
paired_gain,nuPlan,n/a,pdm_closed,safety,,,,,,,R1_gbm_clf,0.2,,,,False,384.0,9.0,416.60737989077694,11.323095903796979,21.022054548713612,-9.698958644916633,-0.023280813334270352,0.06897925171245935,164.15219972227897,,-29.053808457525648,1.9016253481394116,-0.06973906334818832,0.00456455031746669,-41.480597861484505,1.9527156303266153,319.0,False,False,,,,,,,,,,,
paired_gain,nuPlan,n/a,pdm_closed,safety,,,,,,,R1_gbm_clf,0.3,,,,False,384.0,9.0,416.60737989077694,11.289133817116753,31.396574975351502,-20.10744115823475,-0.04826472628378876,0.06877235782533699,164.15219972227897,,-41.069052387683726,0.9788207848265926,-0.09857975247210193,0.0023495041904519616,-41.24511604583943,-8.280492328203678,319.0,False,False,,,,,,,,,,,
paired_gain,nuPlan,n/a,pdm_closed,safety,,,,,,,R1_gbm_clf,0.5,,,,False,384.0,9.0,416.60737989077694,22.789133817116753,52.41862952406511,-29.629495706948358,-0.07112090936727142,0.13882929291031473,164.15219972227897,,-94.3856172688298,0.4667224934272495,-0.22655771794915186,0.0011202933888247763,-105.02563016718308,-16.876435302305133,319.0,False,False,,,,,,,,,,,
paired_gain,nuPlan,n/a,pdm_closed,safety,,,,,,,criticality_cheap,0.1,,,,False,384.0,9.0,416.60737989077694,0.0,10.374520426637886,-10.374520426637886,-0.024902392342060292,0.0,164.15219972227897,,-31.31116096641089,36.859459322098196,-0.07515748034665112,0.0884752913684864,-31.46464704957957,48.12582616930469,319.0,False,False,,,,,,,,,,,
paired_gain,nuPlan,n/a,pdm_closed,safety,,,,,,,criticality_cheap,0.2,,,,False,384.0,9.0,416.60737989077694,11.5,21.022054548713612,-9.522054548713612,-0.022856183083482664,0.07005693508497775,164.15219972227897,,-42.03813277897758,108.31141544779672,-0.10090587639133715,0.25998438980171934,-51.2854008961885,122.38200560388157,319.0,False,False,,,,,,,,,,,
paired_gain,nuPlan,n/a,pdm_closed,safety,,,,,,,criticality_cheap,0.3,,,,False,384.0,9.0,416.60737989077694,56.99741864128004,31.396574975351502,25.60084366592854,0.06145076852128827,0.3472229963272571,164.15219972227897,,-31.451177714439066,217.8528930724691,-0.07549356836329857,0.5229213489439005,-33.779877386436894,225.75067555665885,319.0,False,False,,,,,,,,,,,
paired_gain,nuPlan,n/a,pdm_closed,safety,,,,,,,criticality_cheap,0.5,,,,False,384.0,9.0,416.60737989077694,152.149618363559,52.41862952406511,99.73098883949389,0.23938843537923074,0.9268813858173905,164.15219972227897,,0.0,274.1183980964156,0.0,0.657977777945945,5.314731722648524,275.6678900959314,319.0,False,True,,,,,,,,,,,
paired_gain,nuPlan,n/a,pdm_closed,safety,,,,,,,criticality_gt,0.1,,,,False,384.0,9.0,416.60737989077694,0.0,10.374520426637886,-10.374520426637886,-0.024902392342060292,0.0,164.15219972227897,,-31.360503561599263,0.0,-0.07527591942759422,0.0,-31.511548084458287,0.0,319.0,False,False,,,,,,,,,,,
paired_gain,nuPlan,n/a,pdm_closed,safety,,,,,,,criticality_gt,0.2,,,,False,384.0,9.0,416.60737989077694,11.5,21.022054548713612,-9.522054548713612,-0.022856183083482664,0.07005693508497775,164.15219972227897,,-62.62232193282178,22.722300116410782,-0.15031496069330225,0.054541280863454576,-62.62232193282178,2.0785294443424362,319.0,False,False,,,,,,,,,,,
paired_gain,nuPlan,n/a,pdm_closed,safety,,,,,,,criticality_gt,0.3,,,,False,384.0,9.0,416.60737989077694,11.5,31.396574975351502,-19.896574975351502,-0.047758575425542966,0.07005693508497775,164.15219972227897,,-82.27040393586594,23.0,-0.19747706811491192,0.05520785542980532,-82.43348289923266,3.092199647890311,319.0,False,False,,,,,,,,,,,
paired_gain,nuPlan,n/a,pdm_closed,safety,,,,,,,criticality_gt,0.5,,,,False,384.0,9.0,416.60737989077694,23.46672249342725,52.41862952406511,-28.951907030637862,-0.06949446512020085,0.14295710038080173,164.15219972227897,,-104.37053655470297,61.884511497504484,-0.2505249344888371,0.14854396365645015,-110.14946674474712,62.351233990931725,319.0,False,False,,,,,,,,,,,
paired_gain,nuPlan,n/a,pdm_closed,safety,,,,,,,dE_E1_fn_only,0.1,,,,False,384.0,9.0,416.60737989077694,11.5,10.374520426637886,1.1254795733621137,0.0027015353728423717,0.07005693508497775,164.15219972227897,,-0.1393685223428592,3.4688108802438222,-0.0003345320536073985,0.00832633085173203,0.8762573471588055,3.514996960322563,319.0,False,True,,,,,,,,,,,
paired_gain,nuPlan,n/a,pdm_closed,safety,,,,,,,dE_E1_fn_only,0.2,,,,False,384.0,9.0,416.60737989077694,17.25095847098044,21.022054548713612,-3.771096077733173,-0.009051918568321693,0.1050912415439238,164.15219972227897,,-21.78672139258631,6.646648177611412,-0.052295572388319646,0.01595422572531956,-27.27453281666424,8.056438731156192,319.0,False,False,,,,,,,,,,,
paired_gain,nuPlan,n/a,pdm_closed,safety,,,,,,,dE_E1_fn_only,0.3,,,,False,384.0,9.0,416.60737989077694,30.909484839558985,31.396574975351502,-0.48709013579251703,-0.001169182686874675,0.18829771938392068,164.15219972227897,,-16.204182354080046,7.340716098120712,-0.038895572033141465,0.017620225786795344,-17.851775553467988,7.495306768105259,319.0,False,False,,,,,,,,,,,
paired_gain,nuPlan,n/a,pdm_closed,safety,,,,,,,dE_E1_fn_only,0.5,,,,False,384.0,9.0,416.60737989077694,25.90045999924622,52.41862952406511,-26.51816952481889,-0.06365266388649003,0.1577832038989787,164.15219972227897,,-85.40327450999578,0.4667224934272495,-0.20499702749477502,0.0011202933888247763,-93.72402708133717,-17.70404952241031,319.0,False,False,,,,,,,,,,,
paired_gain,nuPlan,n/a,pdm_closed,safety,,,,,,,dE_E6_risk_weighted,0.1,,,,False,384.0,9.0,416.60737989077694,0.0,10.374520426637886,-10.374520426637886,-0.024902392342060292,0.0,164.15219972227897,,-31.215120634587823,35.49046680525561,-0.0749269507486199,0.08518924176177636,-31.31116096641089,47.8301635401895,319.0,False,False,,,,,,,,,,,
paired_gain,nuPlan,n/a,pdm_closed,safety,,,,,,,dE_E6_risk_weighted,0.2,,,,False,384.0,9.0,416.60737989077694,23.0,21.022054548713612,1.9779454512863879,0.004747744631419998,0.1401138701699555,164.15219972227897,,-41.75063042165725,75.12335121007699,-0.10021577254009068,0.18032170056558355,-41.85693393079233,75.37767806717822,319.0,False,False,,,,,,,,,,,
paired_gain,nuPlan,n/a,pdm_closed,safety,,,,,,,dE_E6_risk_weighted,0.3,,,,False,384.0,9.0,416.60737989077694,46.46672249342725,31.396574975351502,15.070147518075746,0.036173501107989794,0.28307097055075725,164.15219972227897,,-24.93136476024341,67.07059407485151,-0.059843790493533104,0.1609923330989374,-31.373286285788684,78.56651710076734,319.0,False,False,,,,,,,,,,,
paired_gain,nuPlan,n/a,pdm_closed,safety,,,,,,,dE_E6_risk_weighted,0.5,,,,False,384.0,9.0,416.60737989077694,80.94785887712894,52.41862952406511,28.529229353063826,0.06847989433250896,0.49312686040199666,164.15219972227897,,0.0,142.9244575342441,0.0,0.34306751256234347,5.314731722648517,152.1752283000422,319.0,False,True,,,,,,,,,,,
paired_gain,nuPlan,n/a,pdm_closed,safety,,,,,,,trivial_ego_speed,0.1,,,,True,384.0,9.0,416.60737989077694,0.0,10.374520426637886,-10.374520426637886,-0.024902392342060292,0.0,164.15219972227897,,-21.1698364598105,82.45234651553098,-0.05081483785851478,0.19791379244685423,-21.19845848053867,82.51925070563014,319.0,False,False,,,,,,,,,,,
paired_gain,nuPlan,n/a,pdm_closed,safety,,,,,,,trivial_ego_speed,0.2,,,,True,384.0,9.0,416.60737989077694,33.590540169766754,21.022054548713612,12.568485621053142,0.030168658136464733,0.2046304601863206,164.15219972227897,,-41.950521514109774,144.01219369423055,-0.10069557943286567,0.3456784508521827,-42.04410909742722,144.12213882236233,319.0,False,False,,,,,,,,,,,
paired_gain,nuPlan,n/a,pdm_closed,safety,,,,,,,trivial_ego_speed,0.3,,,,True,384.0,9.0,416.60737989077694,93.3372590481302,31.396574975351502,61.94068407277871,0.14867879702231357,0.5686019389690965,164.15219972227897,,-31.887746097557272,161.89779657713785,-0.07654148158853395,0.38861000642759386,-42.55186073459213,184.3882086077797,319.0,False,False,,,,,,,,,,,
paired_gain,nuPlan,n/a,pdm_closed,safety,,,,,,,trivial_ego_speed,0.5,,,,True,384.0,9.0,416.60737989077694,104.8372590481302,52.41862952406511,52.418629524065096,0.1258226139388309,0.6386588740540743,164.15219972227897,,0.0,156.55580483205432,0.0,0.37578740173325537,29.418629524065103,156.55580483205432,319.0,False,True,,,,,,,,,,,
paired_gain,nuPlan,n/a,pdm_closed,safety,,,,,,,trivial_n_det,0.1,,,,True,384.0,9.0,416.60737989077694,-4.673843691559789,10.374520426637886,-15.048364118197675,-0.03612121350837075,-0.028472622964951035,164.15219972227897,,-41.71806765658995,47.76682432439366,-0.1001376107824285,0.11465669268008842,-41.99906420861953,59.32809587677539,319.0,False,False,,,,,,,,,,,
paired_gain,nuPlan,n/a,pdm_closed,safety,,,,,,,trivial_n_det,0.2,,,,True,384.0,9.0,416.60737989077694,46.74485943244242,21.022054548713612,25.722804883728806,0.06174351709869523,0.28476535502739375,164.15219972227897,,-59.71679456167048,139.24271943485,-0.14334070264748214,0.3342300836613975,-61.05898571119031,155.13833346971495,319.0,False,False,,,,,,,,,,,
paired_gain,nuPlan,n/a,pdm_closed,safety,,,,,,,trivial_n_det,0.3,,,,True,384.0,9.0,416.60737989077694,104.38940017100128,31.396574975351502,72.99282519564979,0.175207710470195,0.6359305592469219,164.15219972227897,,-14.42635923032691,146.08769682209913,-0.03462818933766633,0.35066036722729044,-21.414657247553905,146.12542405469574,319.0,False,False,,,,,,,,,,,
paired_gain,nuPlan,n/a,pdm_closed,safety,,,,,,,trivial_n_det,0.5,,,,True,384.0,9.0,416.60737989077694,104.37053655470297,52.41862952406511,51.951907030637855,0.12470232055000616,0.6358156438432281,164.15219972227897,,-0.7000837401408742,156.55580483205432,-0.0016804400832371644,0.37578740173325537,51.251823290496986,156.61239568094936,319.0,False,True,,,,,,,,,,,
paired_gain,nuPlan,n/a,pdm_closed,safety,,,,,,,trivial_risk_cheap,0.1,,,,True,384.0,9.0,416.60737989077694,0.0,10.374520426637886,-10.374520426637886,-0.024902392342060292,0.0,164.15219972227897,,-31.31116096641089,36.859459322098196,-0.07515748034665112,0.0884752913684864,-31.46464704957957,48.12582616930469,319.0,False,False,,,,,,,,,,,
paired_gain,nuPlan,n/a,pdm_closed,safety,,,,,,,trivial_risk_cheap,0.2,,,,True,384.0,9.0,416.60737989077694,11.5,21.022054548713612,-9.522054548713612,-0.022856183083482664,0.07005693508497775,164.15219972227897,,-42.03813277897758,108.31141544779672,-0.10090587639133715,0.25998438980171934,-51.2854008961885,122.38200560388157,319.0,False,False,,,,,,,,,,,
paired_gain,nuPlan,n/a,pdm_closed,safety,,,,,,,trivial_risk_cheap,0.3,,,,True,384.0,9.0,416.60737989077694,56.99741864128004,31.396574975351502,25.60084366592854,0.06145076852128827,0.3472229963272571,164.15219972227897,,-31.451177714439066,217.8528930724691,-0.07549356836329857,0.5229213489439005,-33.779877386436894,225.75067555665885,319.0,False,False,,,,,,,,,,,
paired_gain,nuPlan,n/a,pdm_closed,safety,,,,,,,trivial_risk_cheap,0.5,,,,True,384.0,9.0,416.60737989077694,152.149618363559,52.41862952406511,99.73098883949389,0.23938843537923074,0.9268813858173905,164.15219972227897,,0.0,274.1183980964156,0.0,0.657977777945945,5.314731722648524,275.6678900959314,319.0,False,True,,,,,,,,,,,
paired_gain,nuPlan,n/a,pdm_closed,safety,,,,,,,oracle,0.1,,,,False,384.0,9.0,416.60737989077694,164.15219972227897,10.374520426637886,153.77767929564106,0.36911895160368347,1.0,164.15219972227897,,0.0,405.8443648256718,0.0,0.9741650878389938,141.67594403410732,431.97504502506683,319.0,False,True,,,,,,,,,,,
paired_gain,nuPlan,n/a,pdm_closed,safety,,,,,,,oracle,0.2,,,,False,384.0,9.0,416.60737989077694,164.15219972227897,21.022054548713612,143.13014517356535,0.3435612331473585,1.0,164.15219972227897,,0.0,405.5036607033011,0.0,0.973347281581073,131.16641083936292,416.62713758739596,319.0,False,True,,,,,,,,,,,
paired_gain,nuPlan,n/a,pdm_closed,safety,,,,,,,oracle,0.3,,,,False,384.0,9.0,416.60737989077694,164.15219972227897,31.396574975351502,132.75562474692745,0.31865884080529816,1.0,164.15219972227897,,0.0,374.2910165024247,0.0,0.8984262751191627,120.81219094306303,385.485619133961,319.0,False,True,,,,,,,,,,,
paired_gain,nuPlan,n/a,pdm_closed,safety,,,,,,,oracle,0.5,,,,False,384.0,9.0,416.60737989077694,164.15219972227897,52.41862952406511,111.73357019821385,0.26819873000691286,1.0,164.15219972227897,,0.0,311.5064608856685,0.0,0.7477218981750563,100.00020895150024,323.0006268545007,319.0,False,True,,,,,,,,,,,
paired_gain,nuPlan,n/a,pdm_closed,safety,,,,,,,trivial_area_max,,,,,True,,,,,,,,,,the nuPlan real-perception features carry no detection area,,,,,,,,,,False,,,,,,,,,,
paired_gain,nuPlan,n/a,pdm_closed,scalar_J,,,,,,,gate_ridge,0.1,,,,False,384.0,9.0,490.3724125650554,145.37210008366367,10.715844401534403,134.65625568212926,0.2745999820376621,0.8383660618283683,173.39931409750278,,0.0905998901610525,188.83857038392793,0.0001847573147256383,0.3850921576035348,98.63841335318182,189.68036148499954,319.0,True,True,,,,,,,,,,,
paired_gain,nuPlan,n/a,pdm_closed,scalar_J,,,,,,,gate_ridge,0.2,,,,False,384.0,9.0,490.3724125650554,171.34788853220675,21.713684708372345,149.6342038238344,0.30514400889952825,0.9881693559402288,173.39931409750278,,0.16121263752211337,352.10090283538585,0.0003287555200726673,0.7180275517409419,136.61990378087484,356.44928221753946,319.0,True,True,,,,,,,,,,,
paired_gain,nuPlan,n/a,pdm_closed,scalar_J,,,,,,,gate_ridge,0.3,,,,False,384.0,9.0,490.3724125650554,170.80627771367682,32.42952910990675,138.37674860377007,0.2821870583623263,0.9850458671228198,173.39931409750278,,0.279920757098334,392.1825446134445,0.0005708330035005757,0.7997646983483507,123.93864678471589,402.598955249426,319.0,True,True,,,,,,,,,,,
paired_gain,nuPlan,n/a,pdm_closed,scalar_J,,,,,,,gate_ridge,0.5,,,,False,384.0,9.0,490.3724125650554,156.13723478196204,54.143213818279094,101.99402096368294,0.2079929831904071,0.9004489757910216,173.39931409750278,,0.19993591305492506,319.61799148909023,0.0004077225959941221,0.6517862410269419,77.56135197960967,331.198186581021,319.0,True,True,,,,,,,,,,,
paired_gain,nuPlan,n/a,pdm_closed,scalar_J,,,,,,,gate_gbm,0.1,,,,False,384.0,9.0,490.3724125650554,160.5803976018351,10.715844401534403,149.8645532003007,0.3056137526505304,0.9260728535035636,173.39931409750278,,0.0,259.4557639146586,0.0,0.5290994298751213,137.35489073224804,259.47542480338336,319.0,False,True,,,,,,,,,,,
paired_gain,nuPlan,n/a,pdm_closed,scalar_J,,,,,,,gate_gbm,0.2,,,,False,384.0,9.0,490.3724125650554,171.55388701829452,21.713684708372345,149.84020230992218,0.3055640946971983,0.9893573565223529,173.39931409750278,,0.0,392.6139776875238,0.0,0.8006445053338671,136.94056948828342,405.0547539791095,319.0,False,True,,,,,,,,,,,
paired_gain,nuPlan,n/a,pdm_closed,scalar_J,,,,,,,gate_gbm,0.3,,,,False,384.0,9.0,490.3724125650554,171.54346920619648,32.42952910990675,139.11394009628972,0.2836903882267931,0.9892972766301558,173.39931409750278,,0.0,391.09435498039454,0.0,0.7975455897582939,126.28245452973407,402.45067335412904,319.0,False,True,,,,,,,,,,,
paired_gain,nuPlan,n/a,pdm_closed,scalar_J,,,,,,,gate_gbm,0.5,,,,False,384.0,9.0,490.3724125650554,171.5158697671659,54.143213818279094,117.3726559488868,0.23935411728186384,0.9891381096854984,173.39931409750278,,0.0,326.6460412964288,0.0,0.666118307079712,91.8265720966533,338.2236914831211,319.0,False,True,,,,,,,,,,,
paired_gain,nuPlan,n/a,pdm_closed,scalar_J,,,,,,,R1_mlp_reg,0.1,,,,False,384.0,9.0,490.3724125650554,0.4715534863832538,10.715844401534403,-10.244290915151149,-0.02089083858034548,0.0027194656959144505,173.39931409750278,,-21.201563304309907,5.5789717913414085,-0.04323563634709405,0.011377009897760658,-21.211742730850595,5.675371337287931,319.0,False,False,,,,,,,,,,,
paired_gain,nuPlan,n/a,pdm_closed,scalar_J,,,,,,,R1_mlp_reg,0.2,,,,False,384.0,9.0,490.3724125650554,24.3644222900276,21.713684708372345,2.6507375816552567,0.00540556016964677,0.14051048827290885,173.39931409750278,,-26.976777019796646,6.133767960864871,-0.055012835813266235,0.012508387102733136,-39.07374244608029,8.077850529372128,319.0,False,False,,,,,,,,,,,
paired_gain,nuPlan,n/a,pdm_closed,scalar_J,,,,,,,R1_mlp_reg,0.3,,,,False,384.0,9.0,490.3724125650554,24.377365240483464,32.42952910990675,-8.052163869423289,-0.01642050748186216,0.14058513072765688,173.39931409750278,,-23.684171180729805,28.052695675035054,-0.048298335252674386,0.057206920610187124,-23.765846220304837,28.344136497580763,319.0,False,False,,,,,,,,,,,
paired_gain,nuPlan,n/a,pdm_closed,scalar_J,,,,,,,R1_mlp_reg,0.5,,,,False,384.0,9.0,490.3724125650554,75.02399332936996,54.143213818279094,20.880779511090864,0.042581472725733135,0.4326660328493792,173.39931409750278,,-0.05029834290689937,74.12867060003185,-0.0001025717222626722,0.15116810958487098,8.69357814802951,97.41216084318538,319.0,False,True,,,,,,,,,,,
paired_gain,nuPlan,n/a,pdm_closed,scalar_J,,,,,,,R1_mlp_clf,0.1,,,,False,384.0,9.0,490.3724125650554,23.457469215645137,10.715844401534403,12.741624814110734,0.025983567769364193,0.13528005769650828,173.39931409750278,,-0.442300241654914,40.45964071199753,-0.0009019680355616173,0.08250798714462743,0.24413344728736774,41.59727685030645,319.0,False,True,,,,,,,,,,,
paired_gain,nuPlan,n/a,pdm_closed,scalar_J,,,,,,,R1_mlp_clf,0.2,,,,False,384.0,9.0,490.3724125650554,48.12916182140329,21.713684708372345,26.415477113030942,0.053868195755254734,0.2775625847881968,173.39931409750278,,-9.103284796914817,77.88569558452434,-0.018564023105005174,0.15882968451899118,-17.64398589488656,78.25153324251608,319.0,False,False,,,,,,,,,,,
paired_gain,nuPlan,n/a,pdm_closed,scalar_J,,,,,,,R1_mlp_clf,0.3,,,,False,384.0,9.0,490.3724125650554,117.15374635368696,32.42952910990675,84.7242172437802,0.17277525218150447,0.6756298141283948,173.39931409750278,,-1.2064573945231407,164.1453228272876,-0.0024602880659871655,0.33473604677039454,37.92622615472985,183.64969138744735,319.0,False,True,,,,,,,,,,,
paired_gain,nuPlan,n/a,pdm_closed,scalar_J,,,,,,,R1_mlp_clf,0.5,,,,False,384.0,9.0,490.3724125650554,105.4837797590695,54.143213818279094,51.34056594079041,0.10469709271008246,0.6083287024985333,173.39931409750278,,-0.13885731473206653,135.57319500474352,-0.0002831670607359972,0.2764698656182206,27.44902141209915,142.6162276966043,319.0,False,True,,,,,,,,,,,
paired_gain,nuPlan,n/a,pdm_closed,scalar_J,,,,,,,R1_gbm_reg,0.1,,,,False,384.0,9.0,490.3724125650554,11.165116789085126,10.715844401534403,0.44927238755072274,0.0009161860986442011,0.06438962487940961,173.39931409750278,,-36.57494281803146,1.0295022803865155,-0.07458605313197392,0.002099429441801921,-48.21414502903694,0.7560976668374728,319.0,False,False,,,,,,,,,,,
paired_gain,nuPlan,n/a,pdm_closed,scalar_J,,,,,,,R1_gbm_reg,0.2,,,,False,384.0,9.0,490.3724125650554,11.197817239790345,21.713684708372345,-10.515867468582,-0.02144465552940727,0.06457820953947828,173.39931409750278,,-32.32185217567573,2.9360530260234996,-0.0659128681538294,0.0059873943778066575,-32.36020418388725,3.0423084801820792,319.0,False,False,,,,,,,,,,,
paired_gain,nuPlan,n/a,pdm_closed,scalar_J,,,,,,,R1_gbm_reg,0.3,,,,False,384.0,9.0,490.3724125650554,23.371232330468885,32.42952910990675,-9.058296779437867,-0.018472280551133462,0.13478272651832518,173.39931409750278,,-27.844415637891732,0.40865202298904646,-0.056782182122037186,0.0008333503527481422,-27.925716554105577,-8.83679673867928,319.0,False,False,,,,,,,,,,,
paired_gain,nuPlan,n/a,pdm_closed,scalar_J,,,,,,,R1_gbm_reg,0.5,,,,False,384.0,9.0,490.3724125650554,22.73370021062882,54.143213818279094,-31.409513607650272,-0.06405236673766455,0.13110605615109652,173.39931409750278,,-92.1528786793318,0.13715328928297083,-0.1879242720798579,0.00027969209883880927,-98.57035521096978,-18.798742725160807,319.0,False,False,,,,,,,,,,,
paired_gain,nuPlan,n/a,pdm_closed,scalar_J,,,,,,,R1_gbm_clf,0.1,,,,False,384.0,9.0,490.3724125650554,0.29072803926273716,10.715844401534403,-10.425116362271666,-0.021259589844664466,0.00167663892314626,173.39931409750278,,-31.631772667132687,3.7308781081488362,-0.06450561217681929,0.007608254486897503,-31.876361300343344,4.8609871957579,319.0,False,False,,,,,,,,,,,
paired_gain,nuPlan,n/a,pdm_closed,scalar_J,,,,,,,R1_gbm_clf,0.2,,,,False,384.0,9.0,490.3724125650554,12.529887488961796,21.713684708372345,-9.183797219410549,-0.01872820938553956,0.07226030595436043,173.39931409750278,,-44.632466021484454,0.45643102842572597,-0.09101748972381939,0.000930784474677546,-44.83788079562903,-8.202794978939457,319.0,False,False,,,,,,,,,,,
paired_gain,nuPlan,n/a,pdm_closed,scalar_J,,,,,,,R1_gbm_clf,0.3,,,,False,384.0,9.0,490.3724125650554,11.262443571776314,32.42952910990675,-21.167085538130436,-0.04316532699588254,0.06495091189024785,173.39931409750278,,-89.70503396945026,23.512955048286106,-0.18293246453286055,0.04794917994120795,-98.8579489726746,2.077166391261855,319.0,False,False,,,,,,,,,,,
paired_gain,nuPlan,n/a,pdm_closed,scalar_J,,,,,,,R1_gbm_clf,0.5,,,,False,384.0,9.0,490.3724125650554,46.430445408144536,54.143213818279094,-7.712768410134558,-0.0157283897146464,0.26776602692924495,173.39931409750278,,-109.17172373922355,34.75700055347184,-0.22263023151764325,0.07087878449699858,-110.238147225541,15.471318835152779,319.0,False,False,,,,,,,,,,,
paired_gain,nuPlan,n/a,pdm_closed,scalar_J,,,,,,,criticality_cheap,0.1,,,,False,384.0,9.0,490.3724125650554,0.11963684525031305,10.715844401534403,-10.59620755628409,-0.02160849037338197,0.0006899499336141607,173.39931409750278,,-32.10114317541401,38.964180599917306,-0.06546278369841065,0.07945834553804168,-32.163058361559244,50.7245194093301,319.0,False,False,,,,,,,,,,,
paired_gain,nuPlan,n/a,pdm_closed,scalar_J,,,,,,,criticality_cheap,0.2,,,,False,384.0,9.0,490.3724125650554,11.500126437939553,21.713684708372345,-10.213558270432792,-0.020828166529612443,0.06632163741704888,173.39931409750278,,-43.10384378574104,110.90879792847123,-0.08790022171164177,0.22617258860123474,-52.671457795558226,126.23407018590949,319.0,False,False,,,,,,,,,,,
paired_gain,nuPlan,n/a,pdm_closed,scalar_J,,,,,,,criticality_cheap,0.3,,,,False,384.0,9.0,490.3724125650554,58.26212013929679,32.42952910990675,25.832591029390038,0.05267953573135183,0.3359997151230707,173.39931409750278,,-32.33863444982911,228.1579290444563,-0.0659470916821588,0.4652748058378746,-33.17654365146773,234.94881932644148,319.0,False,False,,,,,,,,,,,
paired_gain,nuPlan,n/a,pdm_closed,scalar_J,,,,,,,criticality_cheap,0.5,,,,False,384.0,9.0,490.3724125650554,159.079367509338,54.143213818279094,104.9361536910589,0.2139927756990969,0.917416359674222,173.39931409750278,,0.0,287.5268489700558,0.0,0.5863438513313817,5.775272658599057,289.72850284348704,319.0,False,True,,,,,,,,,,,
paired_gain,nuPlan,n/a,pdm_closed,scalar_J,,,,,,,criticality_gt,0.1,,,,False,384.0,9.0,490.3724125650554,-5.000942688665466e-05,10.715844401534403,-10.715894410961289,-0.021852563758446873,-2.8840614016808776e-07,173.39931409750278,,-32.13996325624083,0.31022391453285353,-0.0655419481861186,0.0006326292152328157,-32.3771647051582,-0.11706382266561498,319.0,False,False,,,,,,,,,,,
paired_gain,nuPlan,n/a,pdm_closed,scalar_J,,,,,,,criticality_gt,0.2,,,,False,384.0,9.0,490.3724125650554,11.772370069433695,21.713684708372345,-9.94131463893865,-0.02027298923064882,0.06789167610440527,173.39931409750278,,-64.14161313761942,22.896437102610637,-0.1308018385498186,0.046691935590020724,-64.27987650305477,1.9228253498671002,319.0,False,False,,,,,,,,,,,
paired_gain,nuPlan,n/a,pdm_closed,scalar_J,,,,,,,criticality_gt,0.3,,,,False,384.0,9.0,490.3724125650554,11.592285093911348,32.42952910990675,-20.837244015995402,-0.04249269225199536,0.06685311965763015,173.39931409750278,,-84.38997018225378,23.441748342846562,-0.17209363336902267,0.04780397049708961,-84.64736967100814,2.908249268051648,319.0,False,False,,,,,,,,,,,
paired_gain,nuPlan,n/a,pdm_closed,scalar_J,,,,,,,criticality_gt,0.5,,,,False,384.0,9.0,490.3724125650554,24.14163665396588,54.143213818279094,-30.001577164313215,-0.061181209210730315,0.1392256756009484,173.39931409750278,,-107.00729214765938,62.88917814314258,-0.218216378829148,0.12824778990763344,-112.78769040077518,63.90804926597063,319.0,False,False,,,,,,,,,,,
paired_gain,nuPlan,n/a,pdm_closed,scalar_J,,,,,,,dE_E1_fn_only,0.1,,,,False,384.0,9.0,490.3724125650554,10.658060514903537,10.715844401534403,-0.05778388663086531,-0.00011783674030235009,0.06146541334592874,173.39931409750278,,-0.4254358256397244,2.7704252404946295,-0.0008675769980907803,0.005649635194612605,-0.4318100354342036,3.2364829318344164,319.0,False,False,,,,,,,,,,,
paired_gain,nuPlan,n/a,pdm_closed,scalar_J,,,,,,,dE_E1_fn_only,0.2,,,,False,384.0,9.0,490.3724125650554,16.668850417238776,21.713684708372345,-5.044834291133569,-0.010287761223648148,0.09612985209310487,173.39931409750278,,-25.628451495299966,6.271702356067599,-0.052263240832088935,0.012789672084653746,-31.44397697698433,6.822131226309484,319.0,False,False,,,,,,,,,,,
paired_gain,nuPlan,n/a,pdm_closed,scalar_J,,,,,,,dE_E1_fn_only,0.3,,,,False,384.0,9.0,490.3724125650554,31.01002510298259,32.42952910990675,-1.4195040069241642,-0.0028947468710545485,0.17883591561120935,173.39931409750278,,-18.54173295632895,6.431967681826927,-0.03781153360430753,0.013116495783648163,-19.94012311797806,6.751754207632871,319.0,False,False,,,,,,,,,,,
paired_gain,nuPlan,n/a,pdm_closed,scalar_J,,,,,,,dE_E1_fn_only,0.5,,,,False,384.0,9.0,490.3724125650554,25.071246191389953,54.143213818279094,-29.07196762688914,-0.059285487686427094,0.14458676680400442,173.39931409750278,,-91.92056341604834,-0.1508950287206981,-0.18745051936186086,-0.0003077151667880166,-100.3983273300388,-19.520625040478514,319.0,False,False,,,,,,,,,,,
paired_gain,nuPlan,n/a,pdm_closed,scalar_J,,,,,,,dE_E6_risk_weighted,0.1,,,,False,384.0,9.0,490.3724125650554,-0.011010049124999657,10.715844401534403,-10.726854450659403,-0.021874914199493882,-6.349534415579455e-05,173.39931409750278,,-32.10089168369947,36.759009925918264,-0.06546227083979933,0.07496141500627672,-32.150923295938945,49.28423559767771,319.0,False,False,,,,,,,,,,,
paired_gain,nuPlan,n/a,pdm_closed,scalar_J,,,,,,,dE_E6_risk_weighted,0.2,,,,False,384.0,9.0,490.3724125650554,23.628179481068987,21.713684708372345,1.9144947726966421,0.0039041649237204082,0.13626454985734726,173.39931409750278,,-42.91433000395224,78.11568726919863,-0.08751375261808594,0.15929869884112902,-43.05081970384031,78.3403963597889,319.0,False,False,,,,,,,,,,,
paired_gain,nuPlan,n/a,pdm_closed,scalar_J,,,,,,,dE_E6_risk_weighted,0.3,,,,False,384.0,9.0,490.3724125650554,48.07393194374937,32.42952910990675,15.64440283384262,0.031903105543824105,0.27724407212313024,173.39931409750278,,-25.485107690745203,70.5403272014804,-0.051970924623261125,0.14385052134661458,-32.23807498149306,82.68013156716837,319.0,False,False,,,,,,,,,,,
paired_gain,nuPlan,n/a,pdm_closed,scalar_J,,,,,,,dE_E6_risk_weighted,0.5,,,,False,384.0,9.0,490.3724125650554,84.25218713154979,54.143213818279094,30.108973313270695,0.06140021857219849,0.4858853541033883,173.39931409750278,,-0.798869606320753,149.55851785908598,-0.0016291079715149569,0.3049896650522622,5.679824633862587,159.2173312352954,319.0,False,True,,,,,,,,,,,
paired_gain,nuPlan,n/a,pdm_closed,scalar_J,,,,,,,trivial_ego_speed,0.1,,,,True,384.0,9.0,490.3724125650554,-0.08922232823250725,10.715844401534403,-10.80506672976691,-0.022034409874828454,-0.0005145483342704421,173.39931409750278,,-21.98679349978718,85.41686382243148,-0.04483692992592705,0.17418774309841425,-22.175820270866897,85.5735400224867,319.0,False,False,,,,,,,,,,,
paired_gain,nuPlan,n/a,pdm_closed,scalar_J,,,,,,,trivial_ego_speed,0.2,,,,True,384.0,9.0,490.3724125650554,34.787054354440485,21.713684708372345,13.07336964606814,0.026660083869081353,0.2006181773872511,173.39931409750278,,-43.37139962838159,147.57446267571046,-0.08844583936015712,0.30094364791806566,-43.567558923544354,148.4461862079791,319.0,False,False,,,,,,,,,,,
paired_gain,nuPlan,n/a,pdm_closed,scalar_J,,,,,,,trivial_ego_speed,0.3,,,,True,384.0,9.0,490.3724125650554,96.26739956641188,32.42952910990675,63.83787045650513,0.13018242629633262,0.5551775107500168,173.39931409750278,,-33.5196181539902,164.75279299947493,-0.06835543210649786,0.33597484030082536,-44.48730529967212,188.501634231508,319.0,False,False,,,,,,,,,,,
paired_gain,nuPlan,n/a,pdm_closed,scalar_J,,,,,,,trivial_ego_speed,0.5,,,,True,384.0,9.0,490.3724125650554,108.18583095074437,54.143213818279094,54.04261713246528,0.11020729500213412,0.6239115276425561,173.39931409750278,,0.0011451534851636374,160.53019484814808,2.3352730614953084e-06,0.3273638376360564,30.56447117737182,160.55593127779903,319.0,True,True,,,,,,,,,,,
paired_gain,nuPlan,n/a,pdm_closed,scalar_J,,,,,,,trivial_n_det,0.1,,,,True,384.0,9.0,490.3724125650554,-4.213451409502601,10.715844401534403,-14.929295811037004,-0.03044481179710819,-0.02429912385428104,173.39931409750278,,-42.62871681945738,50.67172323352847,-0.08693131123848047,0.10333314422904263,-42.697311476749135,62.90501832655818,319.0,False,False,,,,,,,,,,,
paired_gain,nuPlan,n/a,pdm_closed,scalar_J,,,,,,,trivial_n_det,0.2,,,,True,384.0,9.0,490.3724125650554,49.75881242450042,21.713684708372345,28.045127716128075,0.05719148752563127,0.2869608376681406,173.39931409750278,,-60.01277296651785,146.8515614967964,-0.12238203338683176,0.29946945981043394,-63.0448450623174,162.98594066746386,319.0,False,False,,,,,,,,,,,
paired_gain,nuPlan,n/a,pdm_closed,scalar_J,,,,,,,trivial_n_det,0.3,,,,True,384.0,9.0,490.3724125650554,109.14199848557027,32.42952910990675,76.71246937566352,0.15643716369441243,0.6294257797594257,173.39931409750278,,-11.645069814560582,153.90390578629456,-0.02374739996821433,0.3138510687851488,-20.682653618519595,154.04335905428866,319.0,False,False,,,,,,,,,,,
paired_gain,nuPlan,n/a,pdm_closed,scalar_J,,,,,,,trivial_n_det,0.5,,,,True,384.0,9.0,490.3724125650554,107.70733136222519,54.143213818279094,53.5641175439461,0.10923150685366093,0.6211520035290402,173.39931409750278,,-0.10073057332847313,160.6179000191798,-0.00020541647683965027,0.3275426918472323,53.26693267410751,166.0818045052069,319.0,False,True,,,,,,,,,,,
paired_gain,nuPlan,n/a,pdm_closed,scalar_J,,,,,,,trivial_risk_cheap,0.1,,,,True,384.0,9.0,490.3724125650554,0.11963684525031305,10.715844401534403,-10.59620755628409,-0.02160849037338197,0.0006899499336141607,173.39931409750278,,-32.10114317541401,38.964180599917306,-0.06546278369841065,0.07945834553804168,-32.163058361559244,50.7245194093301,319.0,False,False,,,,,,,,,,,
paired_gain,nuPlan,n/a,pdm_closed,scalar_J,,,,,,,trivial_risk_cheap,0.2,,,,True,384.0,9.0,490.3724125650554,11.500126437939553,21.713684708372345,-10.213558270432792,-0.020828166529612443,0.06632163741704888,173.39931409750278,,-43.10384378574104,110.90879792847123,-0.08790022171164177,0.22617258860123474,-52.671457795558226,126.23407018590949,319.0,False,False,,,,,,,,,,,
paired_gain,nuPlan,n/a,pdm_closed,scalar_J,,,,,,,trivial_risk_cheap,0.3,,,,True,384.0,9.0,490.3724125650554,58.26212013929679,32.42952910990675,25.832591029390038,0.05267953573135183,0.3359997151230707,173.39931409750278,,-32.33863444982911,228.1579290444563,-0.0659470916821588,0.4652748058378746,-33.17654365146773,234.94881932644148,319.0,False,False,,,,,,,,,,,
paired_gain,nuPlan,n/a,pdm_closed,scalar_J,,,,,,,trivial_risk_cheap,0.5,,,,True,384.0,9.0,490.3724125650554,159.079367509338,54.143213818279094,104.9361536910589,0.2139927756990969,0.917416359674222,173.39931409750278,,0.0,287.5268489700558,0.0,0.5863438513313817,5.775272658599057,289.72850284348704,319.0,False,True,,,,,,,,,,,
paired_gain,nuPlan,n/a,pdm_closed,scalar_J,,,,,,,oracle,0.1,,,,False,384.0,9.0,490.3724125650554,173.39931409750278,10.715844401534403,162.68346969596837,0.33175493875154716,1.0,173.39931409750278,,0.35962362558302247,423.97348023894034,0.0007333683877155567,0.8645948862033379,149.49352575731615,451.90358146438365,319.0,True,True,,,,,,,,,,,
paired_gain,nuPlan,n/a,pdm_closed,scalar_J,,,,,,,oracle,0.2,,,,False,384.0,9.0,490.3724125650554,173.39931409750278,21.713684708372345,151.68562938913044,0.30932741219206944,1.0,173.39931409750278,,0.3193468464522705,428.51902637865135,0.00065123330405522,0.8738644658600196,138.70879138238718,439.69627611212445,319.0,True,True,,,,,,,,,,,
paired_gain,nuPlan,n/a,pdm_closed,scalar_J,,,,,,,oracle,0.3,,,,False,384.0,9.0,490.3724125650554,173.39931409750278,32.42952910990675,140.96978498759603,0.2874749504161681,1.0,173.39931409750278,,0.279920757098334,396.3327521634331,0.0005708330035005757,0.8082280772898363,128.08343731841774,407.63131698326043,319.0,True,True,,,,,,,,,,,
paired_gain,nuPlan,n/a,pdm_closed,scalar_J,,,,,,,oracle,0.5,,,,False,384.0,9.0,490.3724125650554,173.39931409750278,54.143213818279094,119.25610027922369,0.24319496208078903,1.0,173.39931409750278,,0.19993591305492506,331.8601275623928,0.0004077225959941221,0.6767512181741392,106.72647564983913,343.4547334740132,319.0,True,True,,,,,,,,,,,
paired_gain,nuPlan,n/a,pdm_closed,scalar_J,,,,,,,trivial_area_max,,,,,True,,,,,,,,,,the nuPlan real-perception features carry no detection area,,,,,,,,,,False,,,,,,,,,,
paired_gain,nuPlan,n/a,idm,safety,,,,,,,gate_ridge,0.1,,,,False,384.0,9.0,326.3421308746392,0.0,1.1548463908441906,-1.1548463908441906,-0.003538759729701625,,12.203500129193813,near-zero oracle: 4 affected states on this split (< 10),-3.5040520961929027,0.10721770173284587,-0.01073735740709172,0.00032854385501954197,-3.5696438571469,-1.035025110561844,348.0,False,False,,,,,,,,,,,
paired_gain,nuPlan,n/a,idm,safety,,,,,,,gate_ridge,0.2,,,,False,384.0,9.0,326.3421308746392,0.0,2.3400834761842813,-2.3400834761842813,-0.00717064471544803,,12.203500129193813,near-zero oracle: 4 affected states on this split (< 10),-7.042379174668901,0.21394507861020615,-0.021579742571988518,0.0006555852228972263,-7.137491756309619,-2.0783485803434556,348.0,False,False,,,,,,,,,,,
paired_gain,nuPlan,n/a,idm,safety,,,,,,,gate_ridge,0.3,,,,False,384.0,9.0,326.3421308746392,0.0,3.4949298670284716,-3.4949298670284716,-0.010709404445149654,,12.203500129193813,near-zero oracle: 4 affected states on this split (< 10),-10.576512369044792,0.3200957646399918,-0.03240927654881203,0.0009808594550206975,-10.737095666519657,-3.1196874508934638,348.0,False,False,,,,,,,,,,,
paired_gain,nuPlan,n/a,idm,safety,,,,,,,gate_ridge,0.5,,,,False,384.0,9.0,326.3421308746392,0.0021982237939389138,5.8350133432127524,-5.832815119418814,-0.017873313212076275,,12.203500129193813,near-zero oracle: 4 affected states on this split (< 10),-17.601750064596906,6.119913581916147,-0.05393649302167003,0.018753060064644382,-17.876960106311955,9.125107456813403,348.0,False,False,,,,,,,,,,,
paired_gain,nuPlan,n/a,idm,safety,,,,,,,gate_gbm,0.1,,,,False,384.0,9.0,326.3421308746392,0.0,1.1548463908441906,-1.1548463908441906,-0.003538759729701625,,12.203500129193813,near-zero oracle: 4 affected states on this split (< 10),-3.4674195944336073,20.655325709611418,-0.010625105575980868,0.06329346950776005,-3.5208038889160993,20.829531474456132,348.0,False,False,,,,,,,,,,,
paired_gain,nuPlan,n/a,idm,safety,,,,,,,gate_gbm,0.2,,,,False,384.0,9.0,326.3421308746392,0.0,2.3400834761842813,-2.3400834761842813,-0.00717064471544803,,12.203500129193813,near-zero oracle: 4 affected states on this split (< 10),-4.656721049722774,27.647492472239897,-0.01426944488363227,0.0847193477536628,-4.752923126714519,27.70669468855366,348.0,False,False,,,,,,,,,,,
paired_gain,nuPlan,n/a,idm,safety,,,,,,,gate_gbm,0.3,,,,False,384.0,9.0,326.3421308746392,11.5,3.4949298670284716,8.005070132971529,0.024529686410752125,,12.203500129193813,near-zero oracle: 4 affected states on this split (< 10),-3.489700879887265,24.27874913294775,-0.010693381423153714,0.0743966127446602,-3.607721767644821,24.319814148605886,348.0,False,False,,,,,,,,,,,
paired_gain,nuPlan,n/a,idm,safety,,,,,,,gate_gbm,0.5,,,,False,384.0,9.0,326.3421308746392,11.5,5.8350133432127524,5.6649866567872476,0.017359041695304094,,12.203500129193813,near-zero oracle: 4 affected states on this split (< 10),-0.7035001291938112,17.431723378171398,-0.002155713475634726,0.05341548555637643,4.961486527593436,17.516736721384152,348.0,False,True,,,,,,,,,,,
paired_gain,nuPlan,n/a,idm,safety,,,,,,,R1_mlp_reg,0.1,,,,False,384.0,9.0,326.3421308746392,0.0,1.1548463908441906,-1.1548463908441906,-0.003538759729701625,,12.203500129193813,near-zero oracle: 4 affected states on this split (< 10),-3.5040520961929027,0.10721770173284587,-0.01073735740709172,0.00032854385501954197,-3.5696438571469,-1.035025110561844,348.0,False,False,,,,,,,,,,,
paired_gain,nuPlan,n/a,idm,safety,,,,,,,R1_mlp_reg,0.2,,,,False,384.0,9.0,326.3421308746392,0.0,2.3400834761842813,-2.3400834761842813,-0.00717064471544803,,12.203500129193813,near-zero oracle: 4 affected states on this split (< 10),-7.042379174668901,0.21394507861020615,-0.021579742571988518,0.0006555852228972263,-7.137491756309619,-2.0783485803434556,348.0,False,False,,,,,,,,,,,
paired_gain,nuPlan,n/a,idm,safety,,,,,,,R1_mlp_reg,0.3,,,,False,384.0,9.0,326.3421308746392,0.0,3.4949298670284716,-3.4949298670284716,-0.010709404445149654,,12.203500129193813,near-zero oracle: 4 affected states on this split (< 10),-10.576512369044792,0.32008406566098374,-0.03240927654881203,0.0009808236062046813,-10.737095666519657,-3.1196874508934638,348.0,False,False,,,,,,,,,,,
paired_gain,nuPlan,n/a,idm,safety,,,,,,,R1_mlp_reg,0.5,,,,False,384.0,9.0,326.3421308746392,0.0,5.8350133432127524,-5.8350133432127524,-0.017880049160597683,,12.203500129193813,near-zero oracle: 4 affected states on this split (< 10),-17.601750064596906,0.5334734427683062,-0.05393649302167003,0.0016347060103411356,-17.880147530813172,-5.216526557231694,348.0,False,False,,,,,,,,,,,
paired_gain,nuPlan,n/a,idm,safety,,,,,,,R1_mlp_clf,0.1,,,,False,384.0,9.0,326.3421308746392,1.1548463908441906,1.1548463908441906,0.0,0.0,,12.203500129193813,near-zero oracle: 4 affected states on this split (< 10),0.0,4.440892098500626e-16,0.0,1.3608086968723466e-18,-1.6098233857064723e-16,4.440892098500626e-16,348.0,False,False,,,,,,,,,,,
paired_gain,nuPlan,n/a,idm,safety,,,,,,,R1_mlp_clf,0.2,,,,False,384.0,9.0,326.3421308746392,2.3400834761842813,2.3400834761842813,0.0,0.0,,12.203500129193813,near-zero oracle: 4 affected states on this split (< 10),-1.3877787807814457e-17,8.881784197001252e-16,-4.252527177726083e-20,2.7216173937446933e-18,-4.440892098500626e-16,8.881784197001252e-16,348.0,False,False,,,,,,,,,,,
paired_gain,nuPlan,n/a,idm,safety,,,,,,,R1_mlp_clf,0.3,,,,False,384.0,9.0,326.3421308746392,3.4949298670284716,3.4949298670284716,0.0,0.0,,12.203500129193813,near-zero oracle: 4 affected states on this split (< 10),-5.689893001203919e-17,1.7763568394002505e-15,-1.7435361428676917e-19,5.4432347874893866e-18,-4.440892098500626e-16,1.7763568394002505e-15,348.0,False,False,,,,,,,,,,,
paired_gain,nuPlan,n/a,idm,safety,,,,,,,R1_mlp_clf,0.5,,,,False,384.0,9.0,326.3421308746392,5.8350133432127524,5.8350133432127524,0.0,0.0,,12.203500129193813,near-zero oracle: 4 affected states on this split (< 10),-1.1379786002407839e-16,2.6645352591003757e-15,-3.4870722857353835e-19,8.16485218123408e-18,-8.881784197001252e-16,3.552713678800501e-15,348.0,False,False,,,,,,,,,,,
paired_gain,nuPlan,n/a,idm,safety,,,,,,,R1_gbm_reg,0.1,,,,False,384.0,9.0,326.3421308746392,0.0,1.1548463908441906,-1.1548463908441906,-0.003538759729701625,,12.203500129193813,near-zero oracle: 4 affected states on this split (< 10),-3.5040520961929027,0.10669468855366125,-0.01073735740709172,0.00032694120206822714,-3.5646174935747443,-0.9518943534959439,348.0,False,False,,,,,,,,,,,
paired_gain,nuPlan,n/a,idm,safety,,,,,,,R1_gbm_reg,0.2,,,,False,384.0,9.0,326.3421308746392,1.2587061224127776,2.3400834761842813,-1.0813773537715037,-0.003313630853832057,,12.203500129193813,near-zero oracle: 4 affected states on this split (< 10),-2.963619832005676,0.11174363363700399,-0.009081327697600032,0.00034241252680895524,-3.1382757542705466,-0.5993708116527876,348.0,False,False,,,,,,,,,,,
paired_gain,nuPlan,n/a,idm,safety,,,,,,,R1_gbm_reg,0.3,,,,False,384.0,9.0,326.3421308746392,2.9669501456872616,3.4949298670284716,-0.5279797213412101,-0.0016178717713405742,,12.203500129193813,near-zero oracle: 4 affected states on this split (< 10),-1.0578992044055173,0.7901337483882993,-0.0032416874939506287,0.002421182169371262,-1.1425040847169285,0.9825163199284923,348.0,False,False,,,,,,,,,,,
paired_gain,nuPlan,n/a,idm,safety,,,,,,,R1_gbm_reg,0.5,,,,False,384.0,9.0,326.3421308746392,6.428391982322401,5.8350133432127524,0.5933786391096483,0.001818271632655326,,12.203500129193813,near-zero oracle: 4 affected states on this split (< 10),-0.7916053810926227,6.759600171150131,-0.0024256916475081463,0.020713231702672058,0.006762879016210071,7.711647567818422,348.0,False,True,,,,,,,,,,,
paired_gain,nuPlan,n/a,idm,safety,,,,,,,R1_gbm_clf,0.1,,,,False,384.0,9.0,326.3421308746392,1.1548463908441906,1.1548463908441906,0.0,0.0,,12.203500129193813,near-zero oracle: 4 affected states on this split (< 10),0.0,4.440892098500626e-16,0.0,1.3608086968723466e-18,-1.6098233857064723e-16,4.440892098500626e-16,348.0,False,False,,,,,,,,,,,
paired_gain,nuPlan,n/a,idm,safety,,,,,,,R1_gbm_clf,0.2,,,,False,384.0,9.0,326.3421308746392,2.3400834761842813,2.3400834761842813,0.0,0.0,,12.203500129193813,near-zero oracle: 4 affected states on this split (< 10),-1.3877787807814457e-17,8.881784197001252e-16,-4.252527177726083e-20,2.7216173937446933e-18,-4.440892098500626e-16,8.881784197001252e-16,348.0,False,False,,,,,,,,,,,
paired_gain,nuPlan,n/a,idm,safety,,,,,,,R1_gbm_clf,0.3,,,,False,384.0,9.0,326.3421308746392,3.4949298670284716,3.4949298670284716,0.0,0.0,,12.203500129193813,near-zero oracle: 4 affected states on this split (< 10),-5.689893001203919e-17,1.7763568394002505e-15,-1.7435361428676917e-19,5.4432347874893866e-18,-4.440892098500626e-16,1.7763568394002505e-15,348.0,False,False,,,,,,,,,,,
paired_gain,nuPlan,n/a,idm,safety,,,,,,,R1_gbm_clf,0.5,,,,False,384.0,9.0,326.3421308746392,5.8350133432127524,5.8350133432127524,0.0,0.0,,12.203500129193813,near-zero oracle: 4 affected states on this split (< 10),-1.1379786002407839e-16,2.6645352591003757e-15,-3.4870722857353835e-19,8.16485218123408e-18,-8.881784197001252e-16,3.552713678800501e-15,348.0,False,False,,,,,,,,,,,
paired_gain,nuPlan,n/a,idm,safety,,,,,,,criticality_cheap,0.1,,,,False,384.0,9.0,326.3421308746392,0.0021982237939389138,1.1548463908441906,-1.1526481670502517,-0.0035320237811802147,,12.203500129193813,near-zero oracle: 4 affected states on this split (< 10),-3.5040520961929027,0.10670776388314085,-0.01073735740709172,0.00032698126839200996,-3.5681140280415042,-1.035025110561844,348.0,False,False,,,,,,,,,,,
paired_gain,nuPlan,n/a,idm,safety,,,,,,,criticality_cheap,0.2,,,,False,384.0,9.0,326.3421308746392,0.0021982237939389138,2.3400834761842813,-2.3378852523903424,-0.00716390876692662,,12.203500129193813,near-zero oracle: 4 affected states on this split (< 10),-7.054845279481539,0.2129331169260075,-0.021617942067650407,0.0006524843003118204,-7.143756381628178,-2.0866106228926777,348.0,False,False,,,,,,,,,,,
paired_gain,nuPlan,n/a,idm,safety,,,,,,,criticality_cheap,0.3,,,,False,384.0,9.0,326.3421308746392,-0.5312752189743672,3.4949298670284716,-4.026205086002839,-0.01233737450696938,,12.203500129193813,near-zero oracle: 4 affected states on this split (< 10),-10.80095085238988,0.062425346837916645,-0.03309701638413015,0.00019128804077674135,-10.997785093765351,-3.279206470544771,348.0,False,False,,,,,,,,,,,
paired_gain,nuPlan,n/a,idm,safety,,,,,,,criticality_cheap,0.5,,,,False,384.0,9.0,326.3421308746392,-0.5312752189743672,5.8350133432127524,-6.36628856218712,-0.01950801922241741,,12.203500129193813,near-zero oracle: 4 affected states on this split (< 10),-17.949103681605934,5.752125333580317,-0.05500087786244457,0.01762605802126705,-18.215840402990086,6.101750064596906,348.0,False,False,,,,,,,,,,,
paired_gain,nuPlan,n/a,idm,safety,,,,,,,criticality_gt,0.1,,,,False,384.0,9.0,326.3421308746392,0.0,1.1548463908441906,-1.1548463908441906,-0.003538759729701625,,12.203500129193813,near-zero oracle: 4 affected states on this split (< 10),-3.5040520961929027,0.10721770173284587,-0.01073735740709172,0.00032854385501954197,-3.568434834060233,-1.035025110561844,348.0,False,False,,,,,,,,,,,
paired_gain,nuPlan,n/a,idm,safety,,,,,,,criticality_gt,0.2,,,,False,384.0,9.0,326.3421308746392,0.0021982237939389138,2.3400834761842813,-2.3378852523903424,-0.00716390876692662,,12.203500129193813,near-zero oracle: 4 affected states on this split (< 10),-7.038909112263511,0.21394507861020615,-0.02156910936812946,0.0006555852228972263,-7.1330953087217415,-2.0783485803434556,348.0,False,False,,,,,,,,,,,
paired_gain,nuPlan,n/a,idm,safety,,,,,,,criticality_gt,0.3,,,,False,384.0,9.0,326.3421308746392,0.0021982237939389138,3.4949298670284716,-3.492731643234533,-0.010702668496628244,,12.203500129193813,near-zero oracle: 4 affected states on this split (< 10),-10.573014425791122,0.32108147861487746,-0.032398557910540304,0.0009838799475701695,-10.73269921893178,-3.1196874508934638,348.0,False,False,,,,,,,,,,,
paired_gain,nuPlan,n/a,idm,safety,,,,,,,criticality_gt,0.5,,,,False,384.0,9.0,326.3421308746392,0.0021982237939389138,5.8350133432127524,-5.832815119418814,-0.017873313212076275,,12.203500129193813,near-zero oracle: 4 affected states on this split (< 10),-17.599551840802967,0.9702368505779643,-0.05392975707314862,0.002973066480805294,-17.875751083225293,-4.779763149422036,348.0,False,False,,,,,,,,,,,
paired_gain,nuPlan,n/a,idm,safety,,,,,,,dE_E1_fn_only,0.1,,,,False,384.0,9.0,326.3421308746392,0.0,1.1548463908441906,-1.1548463908441906,-0.003538759729701625,,12.203500129193813,near-zero oracle: 4 affected states on this split (< 10),-3.5040520961929027,0.10721770173284587,-0.01073735740709172,0.00032854385501954197,-3.5696438571469,-1.035025110561844,348.0,False,False,,,,,,,,,,,
paired_gain,nuPlan,n/a,idm,safety,,,,,,,dE_E1_fn_only,0.2,,,,False,384.0,9.0,326.3421308746392,0.0,2.3400834761842813,-2.3400834761842813,-0.00717064471544803,,12.203500129193813,near-zero oracle: 4 affected states on this split (< 10),-7.042379174668901,0.21394507861020615,-0.021579742571988518,0.0006555852228972263,-7.137491756309619,-2.0783485803434556,348.0,False,False,,,,,,,,,,,
paired_gain,nuPlan,n/a,idm,safety,,,,,,,dE_E1_fn_only,0.3,,,,False,384.0,9.0,326.3421308746392,0.0,3.4949298670284716,-3.4949298670284716,-0.010709404445149654,,12.203500129193813,near-zero oracle: 4 affected states on this split (< 10),-10.576512369044792,0.32008406566098374,-0.03240927654881203,0.0009808236062046813,-10.737095666519657,-3.1196874508934638,348.0,False,False,,,,,,,,,,,
paired_gain,nuPlan,n/a,idm,safety,,,,,,,dE_E1_fn_only,0.5,,,,False,384.0,9.0,326.3421308746392,0.0,5.8350133432127524,-5.8350133432127524,-0.017880049160597683,,12.203500129193813,near-zero oracle: 4 affected states on this split (< 10),-17.601750064596906,0.5334734427683062,-0.05393649302167003,0.0016347060103411356,-17.68676340780966,-4.801899065207872,348.0,False,False,,,,,,,,,,,
paired_gain,nuPlan,n/a,idm,safety,,,,,,,dE_E6_risk_weighted,0.1,,,,False,384.0,9.0,326.3421308746392,0.0,1.1548463908441906,-1.1548463908441906,-0.003538759729701625,,12.203500129193813,near-zero oracle: 4 affected states on this split (< 10),-3.5040520961929027,1.2672021557914164,-0.01073735740709172,0.00388304799136768,-3.5696438571469,-0.4101551951719087,348.0,False,False,,,,,,,,,,,
paired_gain,nuPlan,n/a,idm,safety,,,,,,,dE_E6_risk_weighted,0.2,,,,False,384.0,9.0,326.3421308746392,0.7035001291938112,2.3400834761842813,-1.63658334699047,-0.005014931239813304,,12.203500129193813,near-zero oracle: 4 affected states on this split (< 10),-7.008104192385805,1.33942554968005,-0.02147471481418344,0.004104359881729692,-7.085014801725236,-0.7769620784275117,348.0,False,False,,,,,,,,,,,
paired_gain,nuPlan,n/a,idm,safety,,,,,,,dE_E6_risk_weighted,0.3,,,,False,384.0,9.0,326.3421308746392,0.7035001291938112,3.4949298670284716,-2.7914297378346604,-0.008553690969514928,,12.203500129193813,near-zero oracle: 4 affected states on this split (< 10),-10.189957967169509,1.3094432678049868,-0.03122476996720926,0.004012486111724248,-10.373159722222223,-1.8203916404725125,348.0,False,False,,,,,,,,,,,
paired_gain,nuPlan,n/a,idm,safety,,,,,,,dE_E6_risk_weighted,0.5,,,,False,384.0,9.0,326.3421308746392,0.7035001291938112,5.8350133432127524,-5.131513214018941,-0.015724335684962957,,12.203500129193813,near-zero oracle: 4 affected states on this split (< 10),-16.983263278615848,1.2390989055424344,-0.0520412832786821,0.003796932079292026,-16.983263278615848,-4.42801308482513,348.0,False,False,,,,,,,,,,,
paired_gain,nuPlan,n/a,idm,safety,,,,,,,trivial_ego_speed,0.1,,,,True,384.0,9.0,326.3421308746392,0.0,1.1548463908441906,-1.1548463908441906,-0.003538759729701625,,12.203500129193813,near-zero oracle: 4 affected states on this split (< 10),-3.9471049801232194,10.060261853045928,-0.012094990522812566,0.030827346215099846,-4.033128872177359,10.279649987080619,348.0,False,False,,,,,,,,,,,
paired_gain,nuPlan,n/a,idm,safety,,,,,,,trivial_ego_speed,0.2,,,,True,384.0,9.0,326.3421308746392,-0.5334734427683062,2.3400834761842813,-2.8735569189525876,-0.008805350725789167,,12.203500129193813,near-zero oracle: 4 affected states on this split (< 10),-7.4353769034919015,18.377715226715683,-0.022783993239132584,0.056314258834619435,-7.54952361670014,26.925326012105007,348.0,False,False,,,,,,,,,,,
paired_gain,nuPlan,n/a,idm,safety,,,,,,,trivial_ego_speed,0.3,,,,True,384.0,9.0,326.3421308746392,-0.5334734427683062,3.4949298670284716,-4.0284033097967775,-0.01234411045549079,,12.203500129193813,near-zero oracle: 4 affected states on this split (< 10),-8.093551571036581,23.776905559571684,-0.02480081731814649,0.07285882915529936,-10.373159722222223,23.969014224909177,348.0,False,False,,,,,,,,,,,
paired_gain,nuPlan,n/a,idm,safety,,,,,,,trivial_ego_speed,0.5,,,,True,384.0,9.0,326.3421308746392,11.667828462631565,5.8350133432127524,5.832815119418813,0.01787331321207627,,12.203500129193813,near-zero oracle: 4 affected states on this split (< 10),-6.368486785981059,17.601750064596906,-0.01951475517093882,0.05393649302167003,-6.635223507365212,17.8757510832253,348.0,False,False,,,,,,,,,,,
paired_gain,nuPlan,n/a,idm,safety,,,,,,,trivial_n_det,0.1,,,,True,384.0,9.0,326.3421308746392,0.0,1.1548463908441906,-1.1548463908441906,-0.003538759729701625,,12.203500129193813,near-zero oracle: 4 affected states on this split (< 10),-3.5040520961929027,0.0,-0.01073735740709172,0.0,-3.5696438571469,-1.035025110561844,348.0,False,False,,,,,,,,,,,
paired_gain,nuPlan,n/a,idm,safety,,,,,,,trivial_n_det,0.2,,,,True,384.0,9.0,326.3421308746392,-0.5334734427683062,2.3400834761842813,-2.8735569189525876,-0.008805350725789167,,12.203500129193813,near-zero oracle: 4 affected states on this split (< 10),-7.059591223452155,-0.13979810259620606,-0.02163248491554411,-0.00042837895990177247,-7.172257065500621,-2.3000000000000003,348.0,False,False,,,,,,,,,,,
paired_gain,nuPlan,n/a,idm,safety,,,,,,,trivial_n_det,0.3,,,,True,384.0,9.0,326.3421308746392,-0.5334734427683062,3.4949298670284716,-4.0284033097967775,-0.01234411045549079,,12.203500129193813,near-zero oracle: 4 affected states on this split (< 10),-10.966583325257462,-0.21007295524537417,-0.03360455879804914,-0.0006437199961964807,-11.253515886332293,-3.4499999999999997,348.0,False,False,,,,,,,,,,,
paired_gain,nuPlan,n/a,idm,safety,,,,,,,trivial_n_det,0.5,,,,True,384.0,9.0,326.3421308746392,-0.5334734427683062,5.8350133432127524,-6.368486785981059,-0.01951475517093882,,12.203500129193813,near-zero oracle: 4 affected states on this split (< 10),-17.953500129193813,0.0,-0.055014349759487394,0.0,-18.22023685057796,-5.75,348.0,False,False,,,,,,,,,,,
paired_gain,nuPlan,n/a,idm,safety,,,,,,,trivial_risk_cheap,0.1,,,,True,384.0,9.0,326.3421308746392,0.0021982237939389138,1.1548463908441906,-1.1526481670502517,-0.0035320237811802147,,12.203500129193813,near-zero oracle: 4 affected states on this split (< 10),-3.5040520961929027,0.10670776388314085,-0.01073735740709172,0.00032698126839200996,-3.5681140280415042,-1.035025110561844,348.0,False,False,,,,,,,,,,,
paired_gain,nuPlan,n/a,idm,safety,,,,,,,trivial_risk_cheap,0.2,,,,True,384.0,9.0,326.3421308746392,0.0021982237939389138,2.3400834761842813,-2.3378852523903424,-0.00716390876692662,,12.203500129193813,near-zero oracle: 4 affected states on this split (< 10),-7.054845279481539,0.2129331169260075,-0.021617942067650407,0.0006524843003118204,-7.143756381628178,-2.0866106228926777,348.0,False,False,,,,,,,,,,,
paired_gain,nuPlan,n/a,idm,safety,,,,,,,trivial_risk_cheap,0.3,,,,True,384.0,9.0,326.3421308746392,-0.5312752189743672,3.4949298670284716,-4.026205086002839,-0.01233737450696938,,12.203500129193813,near-zero oracle: 4 affected states on this split (< 10),-10.80095085238988,0.062425346837916645,-0.03309701638413015,0.00019128804077674135,-10.997785093765351,-3.279206470544771,348.0,False,False,,,,,,,,,,,
paired_gain,nuPlan,n/a,idm,safety,,,,,,,trivial_risk_cheap,0.5,,,,True,384.0,9.0,326.3421308746392,-0.5312752189743672,5.8350133432127524,-6.36628856218712,-0.01950801922241741,,12.203500129193813,near-zero oracle: 4 affected states on this split (< 10),-17.949103681605934,5.752125333580317,-0.05500087786244457,0.01762605802126705,-18.215840402990086,6.101750064596906,348.0,False,False,,,,,,,,,,,
paired_gain,nuPlan,n/a,idm,safety,,,,,,,oracle,0.1,,,,False,384.0,9.0,326.3421308746392,12.203500129193813,1.1548463908441906,11.048653738349623,0.03385604460183488,,12.203500129193813,near-zero oracle: 4 affected states on this split (< 10),0.05278532798414147,31.764013354746837,0.00016174843206015095,0.09733347413530445,10.35,32.34854301522582,348.0,True,True,,,,,,,,,,,
paired_gain,nuPlan,n/a,idm,safety,,,,,,,oracle,0.2,,,,False,384.0,9.0,326.3421308746392,12.203500129193813,2.3400834761842813,9.863416653009532,0.03022415961608848,,12.203500129193813,near-zero oracle: 4 affected states on this split (< 10),0.10601074824241982,28.302814963140406,0.00032484542513189235,0.08672743199685923,9.2,28.809400723879573,348.0,True,True,,,,,,,,,,,
paired_gain,nuPlan,n/a,idm,safety,,,,,,,oracle,0.3,,,,False,384.0,9.0,326.3421308746392,12.203500129193813,3.4949298670284716,8.708570262165342,0.026685399886386855,,12.203500129193813,near-zero oracle: 4 affected states on this split (< 10),0.1595135715973574,24.838843442780725,0.0004887924558494496,0.07611289224658001,8.05,25.2746869047309,348.0,True,True,,,,,,,,,,,
paired_gain,nuPlan,n/a,idm,safety,,,,,,,oracle,0.5,,,,False,384.0,9.0,326.3421308746392,12.203500129193813,5.8350133432127524,6.3684867859810605,0.019514755170938824,,12.203500129193813,near-zero oracle: 4 affected states on this split (< 10),0.2667367213841531,17.953500129193813,0.0008173530051705678,0.055014349759487394,5.75,18.22023685057797,348.0,True,True,,,,,,,,,,,
paired_gain,nuPlan,n/a,idm,safety,,,,,,,trivial_area_max,,,,,True,,,,,,,,,,the nuPlan real-perception features carry no detection area,,,,,,,,,,False,,,,,,,,,,
paired_gain,nuPlan,n/a,idm,scalar_J,,,,,,,gate_ridge,0.1,,,,False,384.0,9.0,391.74710064502096,0.0,1.1840149027250237,-1.1840149027250237,-0.0030223960835332664,0.0,12.948370938004476,,-3.628884110358788,0.854671465834389,-0.009263333677221207,0.002181691873219105,-3.6998298543201456,-0.355119251508929,346.0,False,False,,,,,,,,,,,
paired_gain,nuPlan,n/a,idm,scalar_J,,,,,,,gate_ridge,0.2,,,,False,384.0,9.0,391.74710064502096,0.7277869268121911,2.399188092363864,-1.6714011655516732,-0.004266531042092389,0.056206833299475525,12.948370938004476,,-7.146169099269453,1.2935293264390042,-0.018241791930311967,0.0033019499680002158,-7.292012074557076,-0.8885151820108268,346.0,False,False,,,,,,,,,,,
paired_gain,nuPlan,n/a,idm,scalar_J,,,,,,,gate_ridge,0.3,,,,False,384.0,9.0,391.74710064502096,0.7277869268121911,3.5832029950888877,-2.8554160682766967,-0.007288927125625655,0.056206833299475525,12.948370938004476,,-10.317914811183275,1.6087747257726872,-0.026338203382219247,0.004106666579341113,-10.497836182329342,-1.4016650326857731,346.0,False,False,,,,,,,,,,,
paired_gain,nuPlan,n/a,idm,scalar_J,,,,,,,gate_ridge,0.5,,,,False,384.0,9.0,391.74710064502096,0.8132689809952017,5.9823910874527515,-5.16912210645755,-0.0131950487902692,0.0628085946015181,12.948370938004476,,-17.21815706373214,12.990877629762478,-0.04395222590130733,0.03316138806993769,-17.503206576722977,13.16001891585355,346.0,False,False,,,,,,,,,,,
paired_gain,nuPlan,n/a,idm,scalar_J,,,,,,,gate_gbm,0.1,,,,False,384.0,9.0,391.74710064502096,0.0,1.1840149027250237,-1.1840149027250237,-0.0030223960835332664,0.0,12.948370938004476,,-3.628884110358788,0.19671775261979485,-0.009263333677221207,0.000502154967569369,-3.7040101433402755,-0.9579867452923354,346.0,False,False,,,,,,,,,,,
paired_gain,nuPlan,n/a,idm,scalar_J,,,,,,,gate_gbm,0.2,,,,False,384.0,9.0,391.74710064502096,0.0,2.399188092363864,-2.399188092363864,-0.006124328906106883,0.0,12.948370938004476,,-7.292012074557076,0.3934355052395897,-0.018614080519168116,0.001004309935138738,-7.402085353069672,-1.9364792204080667,346.0,False,False,,,,,,,,,,,
paired_gain,nuPlan,n/a,idm,scalar_J,,,,,,,gate_gbm,0.3,,,,False,384.0,9.0,391.74710064502096,0.0,3.5832029950888877,-3.5832029950888877,-0.00914672498964015,0.0,12.948370938004476,,-10.890776201964146,0.6115429607359116,-0.027800527901884205,0.001561065697050448,-11.041556648211786,-2.89214429021984,346.0,False,False,,,,,,,,,,,
paired_gain,nuPlan,n/a,idm,scalar_J,,,,,,,gate_gbm,0.5,,,,False,384.0,9.0,391.74710064502096,0.34035762745174264,5.9823910874527515,-5.6420334600010085,-0.014402234121736359,0.026285748924041594,12.948370938004476,,-18.055555330682978,1.2808917047776942,-0.04608982504517346,0.0032696903248771348,-18.19909048128363,-4.615390011129013,346.0,False,False,,,,,,,,,,,
paired_gain,nuPlan,n/a,idm,scalar_J,,,,,,,R1_mlp_reg,0.1,,,,False,384.0,9.0,391.74710064502096,0.34035762745174264,1.1840149027250237,-0.8436572752732812,-0.002153576309522596,0.026285748924041594,12.948370938004476,,-3.5217965662718176,0.8701584187169858,-0.008989974808934374,0.0022212249108780873,-3.6128605278487327,-0.2664846951460092,346.0,False,False,,,,,,,,,,,
paired_gain,nuPlan,n/a,idm,scalar_J,,,,,,,R1_mlp_reg,0.2,,,,False,384.0,9.0,391.74710064502096,0.39849022440712617,2.399188092363864,-2.000697867956738,-0.005107115954815087,0.030775317321001854,12.948370938004476,,-6.937593902202555,0.8650475236044782,-0.01770936885245517,0.0022081784962292173,-7.1176142836909255,-1.3712618288671135,346.0,False,False,,,,,,,,,,,
paired_gain,nuPlan,n/a,idm,scalar_J,,,,,,,R1_mlp_reg,0.3,,,,False,384.0,9.0,391.74710064502096,0.44394637501477335,3.5832029950888877,-3.1392566200741143,-0.008013477610696424,0.03428588639762831,12.948370938004476,,-10.487765699031872,0.9526794350225684,-0.026771776183572297,0.002431873607881102,-10.691127491747658,-2.4420526786192887,346.0,False,False,,,,,,,,,,,
paired_gain,nuPlan,n/a,idm,scalar_J,,,,,,,R1_mlp_reg,0.5,,,,False,384.0,9.0,391.74710064502096,0.44394637501477335,5.9823910874527515,-5.538444712437978,-0.014137806516803306,0.03428588639762831,12.948370938004476,,-17.744789087993887,1.2808917047776942,-0.04529654223037431,0.0032696903248771348,-17.88832423859454,-4.511801263565982,346.0,False,False,,,,,,,,,,,
paired_gain,nuPlan,n/a,idm,scalar_J,,,,,,,R1_mlp_clf,0.1,,,,False,384.0,9.0,391.74710064502096,12.133548376628191,1.1840149027250237,10.949533473903168,0.02795051566654737,0.9370714227081094,12.948370938004476,,-0.07184492773000208,32.221056156649944,-0.0001833961951772143,0.08224963529684637,10.468804214266388,32.474462493281486,346.0,False,True,,,,,,,,,,,
paired_gain,nuPlan,n/a,idm,scalar_J,,,,,,,R1_mlp_clf,0.2,,,,False,384.0,9.0,391.74710064502096,12.140118608114037,2.399188092363864,9.740930515750172,0.024865354458811557,0.937578840322055,12.948370938004476,,-0.14495642580466378,28.741083114552392,-0.00037002552301214115,0.07336642202898122,9.140229118195084,28.85967416146926,346.0,False,True,,,,,,,,,,,
paired_gain,nuPlan,n/a,idm,scalar_J,,,,,,,R1_mlp_clf,0.3,,,,False,384.0,9.0,391.74710064502096,12.140118608114037,3.5832029950888877,8.556915613025149,0.021842958375278294,0.937578840322055,12.948370938004476,,-0.21780069028731047,25.22684036623534,-0.000555972692404606,0.06439572960386623,7.831147716161811,25.281165960290874,346.0,False,True,,,,,,,,,,,
paired_gain,nuPlan,n/a,idm,scalar_J,,,,,,,R1_mlp_clf,0.5,,,,False,384.0,9.0,391.74710064502096,12.220584011192287,5.9823910874527515,6.238192923739535,0.015924030869579383,0.9437931667005246,12.948370938004476,,-0.5838263525744231,18.312981689787488,-0.00149031441869803,0.04674694888522398,5.209995894486452,18.479982400314544,346.0,False,True,,,,,,,,,,,
paired_gain,nuPlan,n/a,idm,scalar_J,,,,,,,R1_gbm_reg,0.1,,,,False,384.0,9.0,391.74710064502096,0.0,1.1840149027250237,-1.1840149027250237,-0.0030223960835332664,0.0,12.948370938004476,,-3.628884110358788,0.19671775261979485,-0.009263333677221207,0.000502154967569369,-3.7040101433402755,-0.9579867452923354,346.0,False,False,,,,,,,,,,,
paired_gain,nuPlan,n/a,idm,scalar_J,,,,,,,R1_gbm_reg,0.2,,,,False,384.0,9.0,391.74710064502096,0.0,2.399188092363864,-2.399188092363864,-0.006124328906106883,0.0,12.948370938004476,,-7.292012074557076,0.3934355052395897,-0.018614080519168116,0.001004309935138738,-7.402085353069672,-1.9364792204080667,346.0,False,False,,,,,,,,,,,
paired_gain,nuPlan,n/a,idm,scalar_J,,,,,,,R1_gbm_reg,0.3,,,,False,384.0,9.0,391.74710064502096,0.0,3.5832029950888877,-3.5832029950888877,-0.00914672498964015,0.0,12.948370938004476,,-10.943378115781483,0.5891543005218621,-0.027934803085365403,0.001503914897013419,-11.152171140310447,-2.8937789804708345,346.0,False,False,,,,,,,,,,,
paired_gain,nuPlan,n/a,idm,scalar_J,,,,,,,R1_gbm_reg,0.5,,,,False,384.0,9.0,391.74710064502096,-0.32641580017919214,5.9823910874527515,-6.308806887631944,-0.016104284823663894,-0.025209024497524733,12.948370938004476,,-18.549729387545224,0.7122757468757068,-0.047351286983369247,0.0018182029827481245,-18.792161375717768,-5.447542020130243,346.0,False,False,,,,,,,,,,,
paired_gain,nuPlan,n/a,idm,scalar_J,,,,,,,R1_gbm_clf,0.1,,,,False,384.0,9.0,391.74710064502096,0.0,1.1840149027250237,-1.1840149027250237,-0.0030223960835332664,0.0,12.948370938004476,,-3.628284685164733,0.7533914665717418,-0.009261803544150488,0.001923157734495711,-3.7040101433402755,-0.2716350251962755,346.0,False,False,,,,,,,,,,,
paired_gain,nuPlan,n/a,idm,scalar_J,,,,,,,R1_gbm_clf,0.2,,,,False,384.0,9.0,391.74710064502096,0.7666728459339928,2.399188092363864,-1.6325152464298713,-0.0041672682292782665,0.05920998476215632,12.948370938004476,,-6.728441824199106,1.94605770042991,-0.017175473189515802,0.004967637787811778,-6.891272765540761,0.36729337099541043,346.0,False,False,,,,,,,,,,,
paired_gain,nuPlan,n/a,idm,scalar_J,,,,,,,R1_gbm_clf,0.3,,,,False,384.0,9.0,391.74710064502096,1.1651630703411189,3.5832029950888877,-2.418039924747769,-0.006172451361519737,0.08998530208315816,12.948370938004476,,-9.871824909035004,17.220725250762484,-0.02519948429173007,0.04395878162827025,-10.070700375620127,17.33528201044322,346.0,False,False,,,,,,,,,,,
paired_gain,nuPlan,n/a,idm,scalar_J,,,,,,,R1_gbm_clf,0.5,,,,False,384.0,9.0,391.74710064502096,12.861335303440383,5.9823910874527515,6.878944215987631,0.0175596557183481,0.9932782560075849,12.948370938004476,,0.3631166732155527,18.757400700851036,0.0009269160451160261,0.047881402746737696,6.02403316122259,18.94237289432338,346.0,True,True,,,,,,,,,,,
paired_gain,nuPlan,n/a,idm,scalar_J,,,,,,,criticality_cheap,0.1,,,,False,384.0,9.0,391.74710064502096,0.06625640882231487,1.1840149027250237,-1.1177584939027088,-0.0028532655176318924,0.0051169687012786414,12.948370938004476,,-3.5986553095216736,0.29858944594076003,-0.009186169606862186,0.0007621995043463637,-3.654107319274446,-0.8894086609894583,346.0,False,False,,,,,,,,,,,
paired_gain,nuPlan,n/a,idm,scalar_J,,,,,,,criticality_cheap,0.2,,,,False,384.0,9.0,391.74710064502096,0.10514232794411649,2.399188092363864,-2.2940457644197476,-0.005855935527391387,0.008120120163959434,12.948370938004476,,-7.096728620347532,0.6657216072009837,-0.018115586838198926,0.0016993657543472745,-7.232221084222466,-1.6035042658636967,346.0,False,False,,,,,,,,,,,
paired_gain,nuPlan,n/a,idm,scalar_J,,,,,,,criticality_cheap,0.3,,,,False,384.0,9.0,391.74710064502096,-0.5380888077031152,3.5832029950888877,-4.121291802792003,-0.010520286674760827,-0.04155648693410401,12.948370938004476,,-10.951305801986623,0.4992185374301431,-0.027955039830428956,0.0012743388186107004,-11.304109800361308,-2.69600913888207,346.0,False,False,,,,,,,,,,,
paired_gain,nuPlan,n/a,idm,scalar_J,,,,,,,criticality_cheap,0.5,,,,False,384.0,9.0,391.74710064502096,-0.5380888077031152,5.9823910874527515,-6.520479895155867,-0.01664461558086771,-0.04155648693410401,12.948370938004476,,-18.362154017115135,5.982391087452751,-0.04687246947554024,0.015271053895747028,-18.669962575869782,6.299826366256237,346.0,False,False,,,,,,,,,,,
paired_gain,nuPlan,n/a,idm,scalar_J,,,,,,,criticality_gt,0.1,,,,False,384.0,9.0,391.74710064502096,0.006570231485845568,1.1840149027250237,-1.1774446712391782,-0.00300562446869546,0.0005074176139456607,12.948370938004476,,-3.613344122720388,0.19671775261979485,-0.009223665259477175,0.000502154967569369,-3.6969609496199345,-0.8903871369554317,346.0,False,False,,,,,,,,,,,
paired_gain,nuPlan,n/a,idm,scalar_J,,,,,,,criticality_gt,0.2,,,,False,384.0,9.0,391.74710064502096,0.10514232794411649,2.399188092363864,-2.2940457644197476,-0.005855935527391387,0.008120120163959434,12.948370938004476,,-7.111858442290257,0.3934611195302954,-0.018154208239398357,0.0010043753199001403,-7.272301380099539,-1.8313368924639504,346.0,False,False,,,,,,,,,,,
paired_gain,nuPlan,n/a,idm,scalar_J,,,,,,,criticality_gt,0.3,,,,False,384.0,9.0,391.74710064502096,0.10514232794411649,3.5832029950888877,-3.478060667144771,-0.008878331610924653,0.008120120163959434,12.948370938004476,,-10.637929065111258,0.5926752803288691,-0.027155093292574862,0.0015129027869077143,-10.869403109240128,-2.7870019622757236,346.0,False,False,,,,,,,,,,,
paired_gain,nuPlan,n/a,idm,scalar_J,,,,,,,criticality_gt,0.5,,,,False,384.0,9.0,391.74710064502096,0.11800475569836191,5.9823910874527515,-5.86438633175439,-0.014969827018754031,0.009113482789715946,12.948370938004476,,-17.870359635565645,1.393415438523129,-0.04561708205661681,0.0035569259765518037,-18.167611558947986,-4.225747110749065,346.0,False,False,,,,,,,,,,,
paired_gain,nuPlan,n/a,idm,scalar_J,,,,,,,dE_E1_fn_only,0.1,,,,False,384.0,9.0,391.74710064502096,0.006570231485845568,1.1840149027250237,-1.1774446712391782,-0.00300562446869546,0.0005074176139456607,12.948370938004476,,-3.628884110358788,0.19671775261979485,-0.009263333677221207,0.000502154967569369,-3.7040101433402755,-0.9551217210766405,346.0,False,False,,,,,,,,,,,
paired_gain,nuPlan,n/a,idm,scalar_J,,,,,,,dE_E1_fn_only,0.2,,,,False,384.0,9.0,391.74710064502096,0.006570231485845568,2.399188092363864,-2.3926178608780186,-0.006107557291269077,0.0005074176139456607,12.948370938004476,,-7.272301380099539,0.3934355052395897,-0.018563765674654696,0.001004309935138738,-7.382374658612135,-1.9299089889222212,346.0,False,False,,,,,,,,,,,
paired_gain,nuPlan,n/a,idm,scalar_J,,,,,,,dE_E1_fn_only,0.3,,,,False,384.0,9.0,391.74710064502096,0.006570231485845568,3.5832029950888877,-3.576632763603042,-0.009129953374802343,0.0005074176139456607,12.948370938004476,,-10.923568609351062,0.5891543005218621,-0.027884236006763406,0.001503914897013419,-11.071972390256455,-2.887208748984989,346.0,False,False,,,,,,,,,,,
paired_gain,nuPlan,n/a,idm,scalar_J,,,,,,,dE_E1_fn_only,0.5,,,,False,384.0,9.0,391.74710064502096,0.006570231485845568,5.9823910874527515,-5.975820855966906,-0.015254282280909224,0.0005074176139456607,12.948370938004476,,-18.162968764178288,0.9835887630989743,-0.046364015800685,0.002510774837846845,-18.448018277169126,-4.191284428499266,346.0,False,False,,,,,,,,,,,
paired_gain,nuPlan,n/a,idm,scalar_J,,,,,,,dE_E6_risk_weighted,0.1,,,,False,384.0,9.0,391.74710064502096,0.09177425045141041,1.1840149027250237,-1.0922406522736132,-0.002788126958630231,0.007087706313853416,12.948370938004476,,-3.4552271417539853,1.2461127953224795,-0.008820045218113602,0.0031809113411962082,-3.5734355980586647,-0.27842826815291255,346.0,False,False,,,,,,,,,,,
paired_gain,nuPlan,n/a,idm,scalar_J,,,,,,,dE_E6_risk_weighted,0.2,,,,False,384.0,9.0,391.74710064502096,0.8082523298904419,2.399188092363864,-1.5909357624734222,-0.004061129641684414,0.062421159677945155,12.948370938004476,,-6.9899363239654795,1.5597283981439465,-0.017842981639063525,0.003981467624331658,-7.059126200272582,-0.4469315390627683,346.0,False,False,,,,,,,,,,,
paired_gain,nuPlan,n/a,idm,scalar_J,,,,,,,dE_E6_risk_weighted,0.3,,,,False,384.0,9.0,391.74710064502096,0.8082523298904419,3.5832029950888877,-2.7749506651984457,-0.00708352572521768,0.062421159677945155,12.948370938004476,,-10.24756183820905,1.6139036548091645,-0.02615861565110806,0.004119759028597362,-10.61197648404621,-1.660529282196288,346.0,False,False,,,,,,,,,,,
paired_gain,nuPlan,n/a,idm,scalar_J,,,,,,,dE_E6_risk_weighted,0.5,,,,False,384.0,9.0,391.74710064502096,1.1486099573421846,5.9823910874527515,-4.833781130110567,-0.01233903485731389,0.08870690860198675,12.948370938004476,,-17.089479355398204,1.8831080840181222,-0.04362375452749993,0.004806948362649117,-17.216603483351054,-3.876452363896789,346.0,False,False,,,,,,,,,,,
paired_gain,nuPlan,n/a,idm,scalar_J,,,,,,,trivial_ego_speed,0.1,,,,True,384.0,9.0,391.74710064502096,0.0,1.1840149027250237,-1.1840149027250237,-0.0030223960835332664,0.0,12.948370938004476,,-4.557435132065038,10.390455871213113,-0.011633615474271825,0.026523376571530408,-5.035178131387104,10.617871472304184,346.0,False,False,,,,,,,,,,,
paired_gain,nuPlan,n/a,idm,scalar_J,,,,,,,trivial_ego_speed,0.2,,,,True,384.0,9.0,391.74710064502096,-0.9835887630989743,2.399188092363864,-3.3827768554628386,-0.008635103743953728,-0.07596235602210503,12.948370938004476,,-7.7410622691576965,19.142142026390406,-0.01976035625129542,0.048863519333959105,-8.210396354997174,27.43190023516284,346.0,False,False,,,,,,,,,,,
paired_gain,nuPlan,n/a,idm,scalar_J,,,,,,,trivial_ego_speed,0.3,,,,True,384.0,9.0,391.74710064502096,-0.585098538691848,3.5832029950888877,-4.168301533780736,-0.010640286876195197,-0.04518703870110319,12.948370938004476,,-9.239112782883204,24.54846157525023,-0.023584380759093772,0.06266405427080532,-10.215450240066014,24.9641953593576,346.0,False,False,,,,,,,,,,,
paired_gain,nuPlan,n/a,idm,scalar_J,,,,,,,trivial_ego_speed,0.5,,,,True,384.0,9.0,391.74710064502096,11.963228594524416,5.9823910874527515,5.980837507071665,0.015267088121964586,0.9239176612875222,12.948370938004476,,-6.773280247716679,18.182679458635825,-0.017289930765446153,0.04641433064519842,-7.292344705127237,18.48705994037118,346.0,False,False,,,,,,,,,,,
paired_gain,nuPlan,n/a,idm,scalar_J,,,,,,,trivial_n_det,0.1,,,,True,384.0,9.0,391.74710064502096,0.09701851607718515,1.1840149027250237,-1.0869963866478387,-0.0027747400934380194,0.007492719859641049,12.948370938004476,,-3.337828562127233,0.32985863793474285,-0.008520365706935465,0.0008420193471543828,-3.41295459510872,-0.8687061860483962,346.0,False,False,,,,,,,,,,,
paired_gain,nuPlan,n/a,idm,scalar_J,,,,,,,trivial_n_det,0.2,,,,True,384.0,9.0,391.74710064502096,-0.8865702470217891,2.399188092363864,-3.2857583393856533,-0.00838744775385848,-0.06846963616246399,12.948370938004476,,-7.016140175178478,0.3979696984413741,-0.017909871352273534,0.0010158842216984056,-7.263614964699635,-1.7590889625845645,346.0,False,False,,,,,,,,,,,
paired_gain,nuPlan,n/a,idm,scalar_J,,,,,,,trivial_n_det,0.3,,,,True,384.0,9.0,391.74710064502096,-0.8865702470217891,3.5832029950888877,-4.469773242110676,-0.011409843837391746,-0.06846963616246399,12.948370938004476,,-11.497220582898146,0.2568801903410969,-0.029348578621176003,0.0006557296529269458,-11.936219782106729,-2.9835218021624885,346.0,False,False,,,,,,,,,,,
paired_gain,nuPlan,n/a,idm,scalar_J,,,,,,,trivial_n_det,0.5,,,,True,384.0,9.0,391.74710064502096,-0.5462126195700465,5.9823910874527515,-6.528603707022798,-0.016665352969487957,-0.0421838872384224,12.948370938004476,,-18.450785603871676,0.17017881372587132,-0.047098716425704276,0.0004344098870053354,-18.748088545550395,-5.495390026664957,346.0,False,False,,,,,,,,,,,
paired_gain,nuPlan,n/a,idm,scalar_J,,,,,,,trivial_risk_cheap,0.1,,,,True,384.0,9.0,391.74710064502096,0.06625640882231487,1.1840149027250237,-1.1177584939027088,-0.0028532655176318924,0.0051169687012786414,12.948370938004476,,-3.5986553095216736,0.29858944594076003,-0.009186169606862186,0.0007621995043463637,-3.654107319274446,-0.8894086609894583,346.0,False,False,,,,,,,,,,,
paired_gain,nuPlan,n/a,idm,scalar_J,,,,,,,trivial_risk_cheap,0.2,,,,True,384.0,9.0,391.74710064502096,0.10514232794411649,2.399188092363864,-2.2940457644197476,-0.005855935527391387,0.008120120163959434,12.948370938004476,,-7.096728620347532,0.6657216072009837,-0.018115586838198926,0.0016993657543472745,-7.232221084222466,-1.6035042658636967,346.0,False,False,,,,,,,,,,,
paired_gain,nuPlan,n/a,idm,scalar_J,,,,,,,trivial_risk_cheap,0.3,,,,True,384.0,9.0,391.74710064502096,-0.5380888077031152,3.5832029950888877,-4.121291802792003,-0.010520286674760827,-0.04155648693410401,12.948370938004476,,-10.951305801986623,0.4992185374301431,-0.027955039830428956,0.0012743388186107004,-11.304109800361308,-2.69600913888207,346.0,False,False,,,,,,,,,,,
paired_gain,nuPlan,n/a,idm,scalar_J,,,,,,,trivial_risk_cheap,0.5,,,,True,384.0,9.0,391.74710064502096,-0.5380888077031152,5.9823910874527515,-6.520479895155867,-0.01664461558086771,-0.04155648693410401,12.948370938004476,,-18.362154017115135,5.982391087452751,-0.04687246947554024,0.015271053895747028,-18.669962575869782,6.299826366256237,346.0,False,False,,,,,,,,,,,
paired_gain,nuPlan,n/a,idm,scalar_J,,,,,,,oracle,0.1,,,,False,384.0,9.0,391.74710064502096,12.948370938004476,1.1840149027250237,11.764356035279453,0.03003048654580764,1.0,12.948370938004476,,0.198083848124099,33.4659508289428,0.0005056421548441563,0.08542743717526004,10.78916439933341,33.758881385530216,346.0,True,True,,,,,,,,,,,
paired_gain,nuPlan,n/a,idm,scalar_J,,,,,,,oracle,0.2,,,,False,384.0,9.0,391.74710064502096,12.948370938004476,2.399188092363864,10.549182845640612,0.02692855372323402,1.0,12.948370938004476,,0.39226456623590045,29.833577090359906,0.0010013209174746347,0.07615519563830392,9.701763675255627,30.151485514993425,346.0,True,True,,,,,,,,,,,
paired_gain,nuPlan,n/a,idm,scalar_J,,,,,,,oracle,0.3,,,,False,384.0,9.0,391.74710064502096,12.948370938004476,3.5832029950888877,9.365167942915589,0.023906157639700755,1.0,12.948370938004476,,0.4765006784324397,26.22732854945229,0.0012163476836149392,0.06694964303824678,8.553321301567841,26.477855820313362,346.0,True,True,,,,,,,,,,,
paired_gain,nuPlan,n/a,idm,scalar_J,,,,,,,oracle,0.5,,,,False,384.0,9.0,391.74710064502096,12.948370938004476,5.9823910874527515,6.965979850551725,0.017781828733593873,1.0,12.948370938004476,,0.36467025359663846,19.01543928329068,0.0009308818188984684,0.048540089389254706,6.109515215405601,19.201421304010726,346.0,True,True,,,,,,,,,,,
paired_gain,nuPlan,n/a,idm,scalar_J,,,,,,,trivial_area_max,,,,,True,,,,,,,,,,the nuPlan real-perception features carry no detection area,,,,,,,,,,False,,,,,,,,,,
influence,nuScenes,oracle,brake,J,,,,,,,uncertainty,0.2,,,,False,,24.0,,,,,,,,,,,,,,,,,,,0.016926260563474644,-0.08290784532302009,0.0923340976875975,0.8173319606346463,-3.634357817137932,4.450434393208746,scene-0045,-0.08290784532302009,-3.634357817137932,-0.09983410588649473
influence,nuScenes,oracle,brake,J,,,,,,,criticality_cheap,0.2,,,,False,,24.0,,,,,,,,,,,,,,,,,,,0.4671829538662049,0.32388665847519366,0.6923942934032326,22.559239131798254,12.267577266935175,23.627791601620693,scene-0044,0.6923942934032326,22.459239131798252,0.22521133953702765
influence,nuScenes,oracle,brake,J,,,,,,,criticality_gt,0.2,,,,False,,24.0,,,,,,,,,,,,,,,,,,,0.2871283820555106,0.09014458941017917,0.427436912270371,13.864799172813221,3.41432932431274,14.933351642635657,scene-0054,0.09014458941017917,3.41432932431274,-0.19698379264533145
influence,nuScenes,oracle,brake,J,,,,,,,PKL,0.2,,,,False,,24.0,,,,,,,,,,,,,,,,,,,0.45771291959490223,0.30996530516638976,0.5496616020414721,22.10195196850457,11.74029010364149,26.54195196850457,scene-0054,0.30996530516638976,11.74029010364149,-0.14774761442851247
influence,nuScenes,oracle,brake,J,,,,,,,TIP,0.2,,,,False,,24.0,,,,,,,,,,,,,,,,,,,0.36454834879664183,0.19119099847603568,0.4564970312432117,17.60323938951092,7.241577524647839,22.043239389510923,scene-0054,0.19119099847603568,7.241577524647839,-0.17335735032060615
influence,nuScenes,oracle,brake,J,,,,,,,dE_exact,0.2,,,,False,,24.0,,,,,,,,,,,,,,,,,,,0.25231426417467523,0.1983787907411646,0.3427737815769829,12.183701855505488,8.209372393282594,16.193961135534284,scene-0044,0.3427737815769829,11.118575646701453,0.09045951740230768
influence,nuScenes,oracle,brake,J,,,,,,,dE_E1_fn_only,0.2,,,,False,,24.0,,,,,,,,,,,,,,,,,,,0.25231426417467523,0.1983787907411646,0.3427737815769829,12.183701855505488,8.209372393282594,16.193961135534284,scene-0044,0.3427737815769829,11.118575646701453,0.09045951740230768
influence,nuScenes,oracle,brake,J,,,,,,,dE_E2_fn_fp,0.2,,,,False,,24.0,,,,,,,,,,,,,,,,,,,0.13873917187208878,0.08955286406555357,0.2017344093050163,6.699410004814639,3.4349594019400262,7.225935288467054,scene-0044,0.2017344093050163,6.543672272952726,0.06299523743292751
influence,nuScenes,oracle,brake,J,,,,,,,dE_E3_class_aware,0.2,,,,False,,24.0,,,,,,,,,,,,,,,,,,,0.5538920528086564,0.48910545403683764,0.6424489955259971,26.746231148004647,15.865145708938929,31.022451483118985,scene-0095,0.6424489955259971,31.022451483118985,0.08855694271734071
influence,nuScenes,oracle,brake,J,,,,,,,dE_E4_localization,0.2,,,,False,,24.0,,,,,,,,,,,,,,,,,,,0.2270128270775652,0.19514847640349686,0.3999260664402949,10.961951007944982,7.674618683396467,19.311551701969503,scene-0095,0.3999260664402949,19.311551701969503,0.17291323936272968
influence,nuScenes,oracle,brake,J,,,,,,,dE_E5_combined,0.2,,,,False,,24.0,,,,,,,,,,,,,,,,,,,0.14096148309419357,0.09291833769834675,0.21138535200393957,6.806720534597149,3.5193882100486316,7.497831645708261,scene-0044,0.21138535200393957,6.856720534597149,0.070423868909746
influence,nuScenes,oracle,brake,J,,,,,,,dE_E5_fp_heavy,0.2,,,,False,,24.0,,,,,,,,,,,,,,,,,,,0.159185546281802,0.10374806280034642,0.23851480971260144,7.686720534597149,4.399388210048631,7.856720534597149,scene-0044,0.23851480971260144,7.736720534597149,0.07932926343079943
influence,nuScenes,oracle,brake,J,,,,,,,dE_E5_loc_heavy,0.2,,,,False,,24.0,,,,,,,,,,,,,,,,,,,0.24706934935628516,0.10885188510306637,0.3136654266924979,11.930436434250716,3.5308357402261947,12.948988904073152,scene-0044,0.10885188510306637,3.5308357402261947,-0.1382174642532188
influence,nuScenes,oracle,brake,J,,,,,,,dE_E6_risk_weighted,0.2,,,,False,,24.0,,,,,,,,,,,,,,,,,,,0.6719318687402074,0.5147005601261865,0.7409658457869048,32.44611470033974,16.69537584477521,32.57756168690644,scene-0044,0.5147005601261865,16.69537584477521,-0.1572313086140209
influence,nuScenes,oracle,brake,J,,,,,,,gate_ridge,0.2,,,,False,,24.0,,,,,,,,,,,,,,,,,,,0.2489158665201422,0.11314217021680578,0.3454205647636142,12.019600694024522,3.67,16.679600694024526,scene-0044,0.11314217021680578,3.67,-0.1357736963033364
influence,nuScenes,oracle,brake,J,,,,,,,gate_gbm,0.2,,,,False,,24.0,,,,,,,,,,,,,,,,,,,0.16924508953666667,0.08261274115043604,0.29261908188438185,8.172473792427168,3.612473792427168,12.73247379242717,scene-0044,0.29261908188438185,9.491704361493376,0.12337399234771518
influence,nuScenes,oracle,brake,J,,,,,,,R1_mlp_reg,0.2,,,,False,,24.0,,,,,,,,,,,,,,,,,,,0.3354129409324891,0.2726885487289002,0.370390297534459,16.196354511176658,8.845216349636653,16.31635451117666,scene-0044,0.2726885487289002,8.845216349636653,-0.06272439220358889
influence,nuScenes,oracle,brake,J,,,,,,,R1_mlp_clf,0.2,,,,False,,24.0,,,,,,,,,,,,,,,,,,,0.1958776557537452,0.03211867100162229,0.28841763218332817,9.458501942667834,1.0418354389886444,13.927054230908656,scene-0044,0.03211867100162229,1.0418354389886444,-0.16375898475212292
influence,nuScenes,oracle,brake,J,,,,,,,R1_gbm_reg,0.2,,,,False,,24.0,,,,,,,,,,,,,,,,,,,0.39445557456843444,0.10009089115140696,0.5028863116963541,19.047393660062003,3.2466548044974743,20.065946129884438,scene-0044,0.10009089115140696,3.2466548044974743,-0.2943646834170275
influence,nuScenes,oracle,brake,J,,,,,,,R1_gbm_clf,0.2,,,,False,,24.0,,,,,,,,,,,,,,,,,,,0.24695466232469712,0.0947187460102144,0.27208523427744463,11.924898449293217,4.5737602877532115,11.924898449293217,scene-0003,0.0947187460102144,4.5737602877532115,-0.15223591631448272
influence,nuScenes,oracle,brake,J,,,,,,,R2_cnn_clf,0.2,,,,False,,24.0,,,,,,,,,,,,,,,,,,,-0.09667367378700524,-0.14391435749239812,-0.0022398918148524207,-4.668159458007718,-5.358807983637403,-0.10815945800771777,scene-0032,-0.0022398918148524207,-0.10815945800771777,0.09443378197215282
influence,nuScenes,oracle,brake,J,,,,,,,trivial_ego_speed,0.2,,,,True,,24.0,,,,,,,,,,,,,,,,,,,0.20847264606292923,-0.033436124602978304,0.26577908090883756,10.066686372121431,-1.0845697679104915,10.066686372121431,scene-0044,-0.033436124602978304,-1.0845697679104915,-0.24190877066590755
influence,nuScenes,oracle,brake,J,,,,,,,trivial_n_det,0.2,,,,True,,24.0,,,,,,,,,,,,,,,,,,,0.012728313192805176,-0.07284868747383534,0.09233409768759751,0.6146222987903535,-3.193403419872247,4.450434393208747,scene-0045,-0.07284868747383534,-3.193403419872247,-0.08557700066664052
influence,nuScenes,oracle,brake,J,,,,,,,trivial_risk_cheap,0.2,,,,True,,24.0,,,,,,,,,,,,,,,,,,,0.4671829538662049,0.32388665847519366,0.6923942934032326,22.559239131798254,12.267577266935175,23.627791601620693,scene-0044,0.6923942934032326,22.459239131798252,0.22521133953702765
influence,nuScenes,oracle,brake,J,,,,,,,trivial_area_max,0.2,,,,True,,24.0,,,,,,,,,,,,,,,,,,,0.04261866186036079,-0.13244136237695797,0.11920066299899307,2.057961611031883,-5.016367929282678,5.3952939355804,scene-0054,-0.13244136237695797,-5.016367929282678,-0.17506002423731876
influence,nuScenes,oracle,brake,J,,,,,,,oracle,0.2,,,,False,,24.0,,,,,,,,,,,,,,,,,,,1.0,1.0,1.0,48.287804478112285,32.43706562254778,48.287804478112285,scene-0002,1.0,48.23780447811229,0.0
influence,nuScenes,oracle,plan_ade,JC_ade,,,,,,,uncertainty,0.2,,,,False,,24.0,,,,,,,,,,,,,,,,,,,-0.11694134131496564,-0.20006467781824033,0.01756209745815195,-10.13117536505926,-14.723533158652335,1.3548315554779407,scene-0054,0.01756209745815195,1.3548315554779407,0.1345034387731176
influence,nuScenes,oracle,plan_ade,JC_ade,,,,,,,criticality_cheap,0.2,,,,False,,24.0,,,,,,,,,,,,,,,,,,,-0.27217026700911195,-0.3575912712263246,-0.089033956970721,-23.579383246491254,-26.271265028237487,-6.868542592958107,scene-0054,-0.089033956970721,-6.868542592958107,0.18313631003839095
influence,nuScenes,oracle,plan_ade,JC_ade,,,,,,,criticality_gt,0.2,,,,False,,24.0,,,,,,,,,,,,,,,,,,,-0.19492650057422412,-0.31401680638972534,-0.05438375649362864,-16.88739446981235,-23.10971087786743,-4.19544587874926,scene-0054,-0.05438375649362864,-4.19544587874926,0.14054274408059547
influence,nuScenes,oracle,plan_ade,JC_ade,,,,,,,PKL,0.2,,,,False,,24.0,,,,,,,,,,,,,,,,,,,-0.13168989212921844,-0.25520571355214505,0.07469328229301207,-11.408911305142585,-18.781575172286384,5.762228348517738,scene-0054,0.07469328229301207,5.762228348517738,0.20638317442223053
influence,nuScenes,oracle,plan_ade,JC_ade,,,,,,,TIP,0.2,,,,False,,24.0,,,,,,,,,,,,,,,,,,,-0.18104167183039654,-0.31186424714380784,0.019172525196232252,-15.68448681255658,-22.951295720435073,1.479068328595003,scene-0054,0.019172525196232252,1.479068328595003,0.2002141970266288
influence,nuScenes,oracle,plan_ade,JC_ade,,,,,,,dE_exact,0.2,,,,False,,24.0,,,,,,,,,,,,,,,,,,,0.12296543612842749,0.011331045953122346,0.16719722108319635,10.653070875104307,0.8253322643663843,12.946854078057715,scene-0024,0.011331045953122346,0.8253322643663843,-0.11163439017530515
influence,nuScenes,oracle,plan_ade,JC_ade,,,,,,,dE_E1_fn_only,0.2,,,,False,,24.0,,,,,,,,,,,,,,,,,,,0.12296543612842749,0.011331045953122346,0.16719722108319635,10.653070875104307,0.8253322643663843,12.946854078057715,scene-0024,0.011331045953122346,0.8253322643663843,-0.11163439017530515
influence,nuScenes,oracle,plan_ade,JC_ade,,,,,,,dE_E2_fn_fp,0.2,,,,False,,24.0,,,,,,,,,,,,,,,,,,,-0.0801375760565632,-0.16738079367271796,-0.03666141029280423,-6.942693039351294,-12.191704986888713,-3.016072074322841,scene-0024,-0.16738079367271796,-12.191704986888713,-0.08724321761615476
influence,nuScenes,oracle,plan_ade,JC_ade,,,,,,,dE_E3_class_aware,0.2,,,,False,,24.0,,,,,,,,,,,,,,,,,,,-0.17715525601143864,-0.29906469933946145,-0.04871748875059456,-15.347788432320334,-22.0093275101133,-3.7583205092800274,scene-0054,-0.04871748875059456,-3.7583205092800274,0.12843776726084408
influence,nuScenes,oracle,plan_ade,JC_ade,,,,,,,dE_E4_localization,0.2,,,,False,,24.0,,,,,,,,,,,,,,,,,,,-0.06359983096231994,-0.17663328854171492,0.09548125994332125,-5.509950830236707,-12.865639465034869,7.365921082960219,scene-0054,0.09548125994332125,7.365921082960219,0.1590810909056412
influence,nuScenes,oracle,plan_ade,JC_ade,,,,,,,dE_E5_combined,0.2,,,,False,,24.0,,,,,,,,,,,,,,,,,,,-0.10690589169707952,-0.20636891833121931,-0.023058390013039554,-9.261757426092881,-15.187486592337882,-1.989206592523256,scene-0071,-0.20636891833121931,-15.187486592337882,-0.09946302663413979
influence,nuScenes,oracle,plan_ade,JC_ade,,,,,,,dE_E5_fp_heavy,0.2,,,,False,,24.0,,,,,,,,,,,,,,,,,,,-0.19139009473590207,-0.27239300056370436,-0.11233120014227566,-16.581019091291914,-20.046454075357282,-9.69061429452372,scene-0071,-0.27239300056370436,-20.046454075357282,-0.08100290582780229
influence,nuScenes,oracle,plan_ade,JC_ade,,,,,,,dE_E5_loc_heavy,0.2,,,,False,,24.0,,,,,,,,,,,,,,,,,,,-0.14232030938551524,-0.19590691533836638,-0.005715749044081455,-12.329874073452412,-14.417547342436238,-0.4409426144324172,scene-0054,-0.005715749044081455,-0.4409426144324172,0.13660456034143378
influence,nuScenes,oracle,plan_ade,JC_ade,,,,,,,dE_E6_risk_weighted,0.2,,,,False,,24.0,,,,,,,,,,,,,,,,,,,-0.08542398047032579,-0.22947089627020276,0.17445108288160274,-7.400678979688701,-16.71423231433304,13.45806402330284,scene-0054,0.17445108288160274,13.45806402330284,0.25987506335192856
influence,nuScenes,oracle,plan_ade,JC_ade,,,,,,,gate_ridge,0.2,,,,False,,24.0,,,,,,,,,,,,,,,,,,,-0.14951677306580266,-0.23103831668690725,0.059665864943669406,-12.95333738192347,-17.003002997607393,4.602935201970734,scene-0054,0.059665864943669406,4.602935201970734,0.20918263800947207
influence,nuScenes,oracle,plan_ade,JC_ade,,,,,,,gate_gbm,0.2,,,,False,,24.0,,,,,,,,,,,,,,,,,,,-0.14108214615702183,-0.24198711100226358,0.03232544079956636,-12.22260620173672,-17.808767103032682,2.4937526593475106,scene-0054,0.03232544079956636,2.4937526593475106,0.1734075869565882
influence,nuScenes,oracle,plan_ade,JC_ade,,,,,,,R1_mlp_reg,0.2,,,,False,,24.0,,,,,,,,,,,,,,,,,,,-0.07867243592753685,-0.13758279543545107,0.05164523801907924,-6.815761097108796,-10.021274343460586,3.984182317923464,scene-0054,0.05164523801907924,3.984182317923464,0.13031767394661609
influence,nuScenes,oracle,plan_ade,JC_ade,,,,,,,R1_mlp_clf,0.2,,,,False,,24.0,,,,,,,,,,,,,,,,,,,-0.07391448789488352,-0.14326386667211294,-0.013908527659237887,-6.403557804803299,-10.543341855177236,-1.1531987264495345,scene-0071,-0.14326386667211294,-10.543341855177236,-0.06934937877722942
influence,nuScenes,oracle,plan_ade,JC_ade,,,,,,,R1_gbm_reg,0.2,,,,False,,24.0,,,,,,,,,,,,,,,,,,,-0.08348500647360639,-0.14165853823964422,-0.03219458571390985,-7.232696593236116,-10.31814385148979,-2.4836578173353505,scene-0024,-0.14165853823964422,-10.31814385148979,-0.05817353176603783
influence,nuScenes,oracle,plan_ade,JC_ade,,,,,,,R1_gbm_clf,0.2,,,,False,,24.0,,,,,,,,,,,,,,,,,,,0.031370783877119605,-0.13484970735912422,0.06758349584519473,2.71779773709333,-11.180803216460333,4.973730760001476,scene-0095,-0.13484970735912422,-11.180803216460333,-0.16622049123624383
influence,nuScenes,oracle,plan_ade,JC_ade,,,,,,,R2_cnn_clf,0.2,,,,False,,24.0,,,,,,,,,,,,,,,,,,,-0.05495711935264491,-0.10303389855919784,0.001987908681638492,-4.761192299141889,-8.448254532990973,0.1714933719402485,scene-0056,0.001987908681638492,0.1714933719402485,0.056945028034283404
influence,nuScenes,oracle,plan_ade,JC_ade,,,,,,,trivial_ego_speed,0.2,,,,True,,24.0,,,,,,,,,,,,,,,,,,,-0.020780822082167808,-0.06561842309742046,-0.004344186931126029,-1.800339814621185,-5.665167910671462,-0.37244473719112836,scene-0033,-0.06561842309742046,-5.665167910671462,-0.04483760101525265
influence,nuScenes,oracle,plan_ade,JC_ade,,,,,,,trivial_n_det,0.2,,,,True,,24.0,,,,,,,,,,,,,,,,,,,-0.11920868884672343,-0.19354176008157958,-0.028916853661038567,-10.327606286745915,-14.243486422595613,-2.23079651610335,scene-0054,-0.028916853661038567,-2.23079651610335,0.09029183518568487
influence,nuScenes,oracle,plan_ade,JC_ade,,,,,,,trivial_risk_cheap,0.2,,,,True,,24.0,,,,,,,,,,,,,,,,,,,-0.27217026700911195,-0.3575912712263246,-0.089033956970721,-23.579383246491254,-26.271265028237487,-6.868542592958107,scene-0054,-0.089033956970721,-6.868542592958107,0.18313631003839095
influence,nuScenes,oracle,plan_ade,JC_ade,,,,,,,trivial_area_max,0.2,,,,True,,24.0,,,,,,,,,,,,,,,,,,,-0.23999065715516596,-0.2936498279355216,-0.06804145262401153,-20.791513131923022,-22.65745629456062,-5.249071605212963,scene-0054,-0.06804145262401153,-5.249071605212963,0.17194920453115442
influence,nuScenes,oracle,plan_ade,JC_ade,,,,,,,oracle,0.2,,,,False,,24.0,,,,,,,,,,,,,,,,,,,1.0,1.0,1.0,86.63467727612525,72.8381358420807,86.63215120004459,scene-0002,1.0,82.05549300296548,0.0
influence,nuScenes,oracle,plan_fde,JC_fde,,,,,,,uncertainty,0.2,,,,False,,24.0,,,,,,,,,,,,,,,,,,,-0.015954177836318792,-0.08896304023136435,0.14304093924387007,-4.383930988842852,-19.58651976203708,36.608540438253584,scene-0054,0.14304093924387007,36.608540438253584,0.15899511708018887
influence,nuScenes,oracle,plan_fde,JC_fde,,,,,,,criticality_cheap,0.2,,,,False,,24.0,,,,,,,,,,,,,,,,,,,-0.14177202977572098,-0.2102128692959839,0.10451666413431361,-38.95649158868481,-50.791160630269324,26.74900308721482,scene-0054,0.10451666413431361,26.74900308721482,0.2462886939100346
influence,nuScenes,oracle,plan_fde,JC_fde,,,,,,,criticality_gt,0.2,,,,False,,24.0,,,,,,,,,,,,,,,,,,,-0.004805770274290848,-0.16617633145211555,0.16667817577439886,-1.3205422082461036,-36.58615972998396,42.658030423083304,scene-0054,0.16667817577439886,42.658030423083304,0.17148394604868972
influence,nuScenes,oracle,plan_fde,JC_fde,,,,,,,PKL,0.2,,,,False,,24.0,,,,,,,,,,,,,,,,,,,0.12380735804932526,-0.06424541090399447,0.37444958506883264,34.02011179564704,-15.474047283696652,95.83307303169211,scene-0054,0.37444958506883264,95.83307303169211,0.2506422270195074
influence,nuScenes,oracle,plan_fde,JC_fde,,,,,,,TIP,0.2,,,,False,,24.0,,,,,,,,,,,,,,,,,,,-0.03462944177109166,-0.1753086381023749,0.1664528936612417,-9.515569179693099,-42.22455918743216,42.60037385711607,scene-0054,0.1664528936612417,42.60037385711607,0.20108233543233334
influence,nuScenes,oracle,plan_fde,JC_fde,,,,,,,dE_exact,0.2,,,,False,,24.0,,,,,,,,,,,,,,,,,,,0.12124487754835049,0.061892776584519284,0.1712031881865875,33.31598665728009,13.626603683364717,43.816119154539294,scene-0071,0.061892776584519284,13.626603683364717,-0.05935210096383121
influence,nuScenes,oracle,plan_fde,JC_fde,,,,,,,dE_E1_fn_only,0.2,,,,False,,24.0,,,,,,,,,,,,,,,,,,,0.12124487754835049,0.061892776584519284,0.1712031881865875,33.31598665728009,13.626603683364717,43.816119154539294,scene-0071,0.061892776584519284,13.626603683364717,-0.05935210096383121
influence,nuScenes,oracle,plan_fde,JC_fde,,,,,,,dE_E2_fn_fp,0.2,,,,False,,24.0,,,,,,,,,,,,,,,,,,,0.049671555388959926,-0.0056517346646294,0.0990144659474099,13.648880761374912,-1.2443123842290489,25.340822702708692,scene-0071,-0.0056517346646294,-1.2443123842290489,-0.055323290053589325
influence,nuScenes,oracle,plan_fde,JC_fde,,,,,,,dE_E3_class_aware,0.2,,,,False,,24.0,,,,,,,,,,,,,,,,,,,-0.010051693599986667,-0.1397530909829106,0.14014126607222002,-2.7620308307596577,-30.768695305643398,35.8664256064914,scene-0054,0.14014126607222002,35.8664256064914,0.1501929596722067
influence,nuScenes,oracle,plan_fde,JC_fde,,,,,,,dE_E4_localization,0.2,,,,False,,24.0,,,,,,,,,,,,,,,,,,,-0.029667401932317004,-0.07252946464734018,0.12996717697984156,-8.152086809103185,-17.734543755033524,33.26256580293035,scene-0054,0.12996717697984156,33.26256580293035,0.15963457891215857
influence,nuScenes,oracle,plan_fde,JC_fde,,,,,,,dE_E5_combined,0.2,,,,False,,24.0,,,,,,,,,,,,,,,,,,,0.10608737001090812,-0.02195454836565511,0.15989111470282988,29.150966830577133,-4.8336162333501225,43.76510603765145,scene-0071,-0.02195454836565511,-4.8336162333501225,-0.12804191837656323
influence,nuScenes,oracle,plan_fde,JC_fde,,,,,,,dE_E5_fp_heavy,0.2,,,,False,,24.0,,,,,,,,,,,,,,,,,,,0.03776539018659819,-0.07618442770978832,0.09130344176330754,10.377273341398986,-16.773120556767758,24.991412548473313,scene-0071,-0.07618442770978832,-16.773120556767758,-0.11394981789638652
influence,nuScenes,oracle,plan_fde,JC_fde,,,,,,,dE_E5_loc_heavy,0.2,,,,False,,24.0,,,,,,,,,,,,,,,,,,,0.01804843681681142,-0.0983243571054928,0.15510907670975485,4.959396985112734,-21.64755114627214,39.697145006775244,scene-0054,0.15510907670975485,39.697145006775244,0.13706063989294343
influence,nuScenes,oracle,plan_fde,JC_fde,,,,,,,dE_E6_risk_weighted,0.2,,,,False,,24.0,,,,,,,,,,,,,,,,,,,-0.035622445563965564,-0.15827747008823226,0.2120567044777732,-9.788429376205917,-34.84710940302867,54.27178038758601,scene-0054,0.2120567044777732,54.27178038758601,0.24767915004173877
influence,nuScenes,oracle,plan_fde,JC_fde,,,,,,,gate_ridge,0.2,,,,False,,24.0,,,,,,,,,,,,,,,,,,,0.029979351467357293,-0.12085741275245847,0.20695545655619693,8.237805123619214,-26.608534253195867,52.96621540870823,scene-0054,0.20695545655619693,52.96621540870823,0.17697610508883965
influence,nuScenes,oracle,plan_fde,JC_fde,,,,,,,gate_gbm,0.2,,,,False,,24.0,,,,,,,,,,,,,,,,,,,0.12469626769972209,0.01244129789708724,0.24231929313714498,34.26436872963865,2.7391344370982775,62.016900117358226,scene-0054,0.24231929313714498,62.016900117358226,0.1176230254374229
influence,nuScenes,oracle,plan_fde,JC_fde,,,,,,,R1_mlp_reg,0.2,,,,False,,24.0,,,,,,,,,,,,,,,,,,,0.036766717039598974,-0.037151962956645586,0.06859732632664782,10.102855304833756,-9.084213096617392,17.556148666667692,scene-0024,-0.037151962956645586,-9.084213096617392,-0.07391867999624456
influence,nuScenes,oracle,plan_fde,JC_fde,,,,,,,R1_mlp_clf,0.2,,,,False,,24.0,,,,,,,,,,,,,,,,,,,-0.04735201316023637,-0.06449866885337008,-0.016594305189114228,-13.011510841047064,-16.875221845796446,-4.347771262162212,scene-0095,-0.016594305189114228,-4.347771262162212,0.030757707971122143
influence,nuScenes,oracle,plan_fde,JC_fde,,,,,,,R1_gbm_reg,0.2,,,,False,,24.0,,,,,,,,,,,,,,,,,,,-0.09308908145973095,-0.16574098824631922,0.01293637947080262,-25.57926288155214,-41.17363208444822,3.3108141870773284,scene-0054,0.01293637947080262,3.3108141870773284,0.10602546093053357
influence,nuScenes,oracle,plan_fde,JC_fde,,,,,,,R1_gbm_clf,0.2,,,,False,,24.0,,,,,,,,,,,,,,,,,,,0.06495945197443771,-0.0414283782180296,0.20498299285731228,17.849729233975683,-9.121065855733953,52.46140176958288,scene-0054,0.20498299285731228,52.46140176958288,0.14002354088287455
influence,nuScenes,oracle,plan_fde,JC_fde,,,,,,,R2_cnn_clf,0.2,,,,False,,24.0,,,,,,,,,,,,,,,,,,,0.029044066768565833,-0.09807199872594251,0.07801088080437427,7.980805131736931,-23.621465317727733,20.09817231348385,scene-0069,-0.09807199872594251,-23.621465317727733,-0.12711606549450835
influence,nuScenes,oracle,plan_fde,JC_fde,,,,,,,trivial_ego_speed,0.2,,,,True,,24.0,,,,,,,,,,,,,,,,,,,0.02397210923672075,-0.046609160873648164,0.0255678461508882,6.587119288061954,-12.80738793401181,6.754337192927695,scene-0033,-0.046609160873648164,-12.80738793401181,-0.07058127011036891
influence,nuScenes,oracle,plan_fde,JC_fde,,,,,,,trivial_n_det,0.2,,,,True,,24.0,,,,,,,,,,,,,,,,,,,0.004741228465492512,-0.047903726055756796,0.12515399348575587,1.302807240103597,-10.546708775084111,32.030725299705175,scene-0054,0.12515399348575587,32.030725299705175,0.12041276502026337
influence,nuScenes,oracle,plan_fde,JC_fde,,,,,,,trivial_risk_cheap,0.2,,,,True,,24.0,,,,,,,,,,,,,,,,,,,-0.14177202977572098,-0.2102128692959839,0.10451666413431361,-38.95649158868481,-50.791160630269324,26.74900308721482,scene-0054,0.10451666413431361,26.74900308721482,0.2462886939100346
influence,nuScenes,oracle,plan_fde,JC_fde,,,,,,,trivial_area_max,0.2,,,,True,,24.0,,,,,,,,,,,,,,,,,,,-0.07675212016108633,-0.16190267970271555,0.11352307713512659,-21.090149645167415,-35.64525253719924,29.05401895390841,scene-0054,0.11352307713512659,29.05401895390841,0.19027519729621292
influence,nuScenes,oracle,plan_fde,JC_fde,,,,,,,oracle,0.2,,,,False,,24.0,,,,,,,,,,,,,,,,,,,1.0,1.0,1.0,274.78263272602356,220.16468536932666,274.78263272602356,scene-0002,1.0,265.0387566259665,0.0
influence,nuScenes,mono,brake,J,,,,,,,uncertainty,0.2,,,,False,,24.0,,,,,,,,,,,,,,,,,,,0.08696909186510106,0.038564529287368754,0.1463001679889826,7.402266059817327,3.1062863024064753,10.66328327084333,scene-0044,0.1463001679889826,7.352266059817327,0.05933107612388154
influence,nuScenes,mono,brake,J,,,,,,,criticality_cheap,0.2,,,,False,,24.0,,,,,,,,,,,,,,,,,,,0.40069718799275605,0.34671861621711914,0.7038285973952295,34.104842666906634,25.346997988833742,35.370670995726215,scene-0044,0.7038285973952295,35.370670995726215,0.30313140940247346
influence,nuScenes,mono,brake,J,,,,,,,criticality_gt,0.2,,,,False,,24.0,,,,,,,,,,,,,,,,,,,0.3166801917252555,0.24403053465938485,0.351588550962065,26.95384055131158,13.705852163994706,28.439668880131155,scene-0054,0.24403053465938485,17.839946232803538,-0.07264965706587068
influence,nuScenes,mono,brake,J,,,,,,,PKL,0.2,,,,False,,24.0,,,,,,,,,,,,,,,,,,,0.20879369016796298,0.04312830329369555,0.26154773314670016,17.771215187938783,2.167398471802334,21.411215187938783,scene-0044,0.04312830329369555,2.167398471802334,-0.16566538687426743
influence,nuScenes,mono,brake,J,,,,,,,TIP,0.2,,,,False,,24.0,,,,,,,,,,,,,,,,,,,0.1051511650305403,-0.11549188552379018,0.21006957570092338,8.949810597805701,-5.804006118330744,17.879810597805704,scene-0044,-0.11549188552379018,-5.804006118330744,-0.22064305055433048
influence,nuScenes,mono,brake,J,,,,,,,dE_exact,0.2,,,,False,,24.0,,,,,,,,,,,,,,,,,,,0.2029420961496387,0.17558242738272423,0.32907661505515345,17.273164042770354,13.499879814799504,19.958586570267933,scene-0044,0.32907661505515345,16.537635337040612,0.12613451890551475
influence,nuScenes,mono,brake,J,,,,,,,dE_E1_fn_only,0.2,,,,False,,24.0,,,,,,,,,,,,,,,,,,,0.2029420961496387,0.17558242738272423,0.32907661505515345,17.273164042770354,13.499879814799504,19.958586570267933,scene-0044,0.32907661505515345,16.537635337040612,0.12613451890551475
influence,nuScenes,mono,brake,J,,,,,,,dE_E2_fn_fp,0.2,,,,False,,24.0,,,,,,,,,,,,,,,,,,,0.12304614514300498,0.08554493937546621,0.20605209819044248,10.47291956774952,6.890452919627313,11.341667805416453,scene-0044,0.20605209819044248,10.355079347508498,0.0830059530474375
influence,nuScenes,mono,brake,J,,,,,,,dE_E3_class_aware,0.2,,,,False,,24.0,,,,,,,,,,,,,,,,,,,0.32666319854833903,0.2793467030200517,0.3706928984056557,27.803531757654845,17.844602954468712,31.551064885668843,scene-0046,0.2793467030200517,22.222030144220525,-0.04731649552828732
influence,nuScenes,mono,brake,J,,,,,,,dE_E4_localization,0.2,,,,False,,24.0,,,,,,,,,,,,,,,,,,,0.1815262883706729,0.14704401060969674,0.3084367179853639,15.450384206093414,11.844065114971304,23.572265008620793,scene-0044,0.3084367179853639,15.500384206093415,0.12691042961469098
influence,nuScenes,mono,brake,J,,,,,,,dE_E5_combined,0.2,,,,False,,24.0,,,,,,,,,,,,,,,,,,,0.1337229439816052,0.09910846781774485,0.20650631343224307,11.381662018378483,7.98296470159662,11.601662018378486,scene-0044,0.20650631343224307,10.37790578272075,0.07278336945063787
influence,nuScenes,mono,brake,J,,,,,,,dE_E5_fp_heavy,0.2,,,,False,,24.0,,,,,,,,,,,,,,,,,,,0.10704028441067147,0.07091325193240097,0.18128865220687965,9.110600643678303,5.7119033268964365,10.844710287263114,scene-0044,0.18128865220687965,9.110600643678303,0.07424836779620818
influence,nuScenes,mono,brake,J,,,,,,,dE_E5_loc_heavy,0.2,,,,False,,24.0,,,,,,,,,,,,,,,,,,,0.16057385153957285,0.10481500225689074,0.18479715642869837,13.66704361118541,5.267442917160887,15.401153254770218,scene-0044,0.10481500225689074,5.267442917160887,-0.05575884928268211
influence,nuScenes,mono,brake,J,,,,,,,dE_E6_risk_weighted,0.2,,,,False,,24.0,,,,,,,,,,,,,,,,,,,0.32177101493389465,0.24970541243154118,0.36082360120602675,27.387139635453924,12.940917390251153,29.572943537486267,scene-0054,0.24970541243154118,18.254810358206164,-0.07206560250235347
influence,nuScenes,mono,brake,J,,,,,,,gate_ridge,0.2,,,,False,,24.0,,,,,,,,,,,,,,,,,,,0.29824029841939104,0.24915896680608518,0.5303026064813574,25.38435197281319,19.82059573715545,27.118461616398,scene-0044,0.5303026064813574,26.650180301632762,0.23206230806196637
influence,nuScenes,mono,brake,J,,,,,,,gate_gbm,0.2,,,,False,,24.0,,,,,,,,,,,,,,,,,,,0.39691477624114474,0.35495436631782945,0.46849466479425333,33.78290739619419,19.734919008877313,37.59290739619419,scene-0054,0.46849466479425333,34.24948292618663,0.0715798885531086
influence,nuScenes,mono,brake,J,,,,,,,R1_mlp_reg,0.2,,,,False,,24.0,,,,,,,,,,,,,,,,,,,0.30948627394900996,0.27366397410986404,0.34327490812919925,26.34153918941145,14.735866529475153,26.938624867508352,scene-0070,0.27366397410986404,22.508146978069178,-0.03582229983914592
influence,nuScenes,mono,brake,J,,,,,,,R1_mlp_clf,0.2,,,,False,,24.0,,,,,,,,,,,,,,,,,,,0.25063237050992715,0.11470053515310771,0.30991170073773916,21.332262415651005,5.764237069861635,23.18637205923582,scene-0044,0.11470053515310771,5.764237069861635,-0.13593183535681944
influence,nuScenes,mono,brake,J,,,,,,,R1_gbm_reg,0.2,,,,False,,24.0,,,,,,,,,,,,,,,,,,,0.37977490888515203,0.33481608356154113,0.4179634625686394,32.32406890911614,21.00461415955827,32.90659856302802,scene-0045,0.33481608356154113,26.712440137716495,-0.044958825323610896
influence,nuScenes,mono,brake,J,,,,,,,R1_gbm_clf,0.2,,,,False,,24.0,,,,,,,,,,,,,,,,,,,0.3273581565920526,0.15635182835526773,0.4066072065077942,27.862682246979915,7.857408893019095,33.28971461545724,scene-0044,0.15635182835526773,7.857408893019095,-0.17100632823678485
influence,nuScenes,mono,brake,J,,,,,,,R2_cnn_clf,0.2,,,,False,,24.0,,,,,,,,,,,,,,,,,,,-0.07957552659486677,-0.13338009183949512,-0.027410045813623687,-6.772971949838687,-7.656728185496419,-2.332971949838686,scene-0044,-0.13338009183949512,-6.702971949838687,-0.053804565244628344
influence,nuScenes,mono,brake,J,,,,,,,trivial_ego_speed,0.2,,,,True,,24.0,,,,,,,,,,,,,,,,,,,0.14754552595601736,-0.11030758186590194,0.1898916980177802,12.558153887086753,-5.543470670206385,13.882105726733831,scene-0044,-0.11030758186590194,-5.543470670206385,-0.2578531078219193
influence,nuScenes,mono,brake,J,,,,,,,trivial_n_det,0.2,,,,True,,24.0,,,,,,,,,,,,,,,,,,,0.07635277536127436,0.03631728672632084,0.12802231082334964,6.498671487869296,2.925275956511903,10.600276194071428,scene-0096,0.12802231082334964,10.481432998504856,0.05166953546207528
influence,nuScenes,mono,brake,J,,,,,,,trivial_risk_cheap,0.2,,,,True,,24.0,,,,,,,,,,,,,,,,,,,0.40069718799275605,0.34671861621711914,0.7038285973952295,34.104842666906634,25.346997988833742,35.370670995726215,scene-0044,0.7038285973952295,35.370670995726215,0.30313140940247346
influence,nuScenes,mono,brake,J,,,,,,,trivial_area_max,0.2,,,,True,,24.0,,,,,,,,,,,,,,,,,,,0.1664758488156154,0.023110219904560813,0.2362825563514828,14.169384766930134,1.1613963796132678,18.851196080505748,scene-0044,0.023110219904560813,1.1613963796132678,-0.1433656289110546
influence,nuScenes,mono,brake,J,,,,,,,oracle,0.2,,,,False,,24.0,,,,,,,,,,,,,,,,,,,1.0,1.0,1.0,85.11375594560747,50.254665875510156,85.11375594560747,scene-0002,1.0,85.11375594560747,0.0
influence,nuScenes,mono,plan_ade,JC_ade,,,,,,,uncertainty,0.2,,,,False,,24.0,,,,,,,,,,,,,,,,,,,0.013372011167677505,-0.06315907303317712,0.09341328759153131,2.272400951648076,-9.735060358010703,15.593607198416967,scene-0045,0.09341328759153131,15.593607198416967,0.08004127642385381
influence,nuScenes,mono,plan_ade,JC_ade,,,,,,,criticality_cheap,0.2,,,,False,,24.0,,,,,,,,,,,,,,,,,,,-0.06048471506840046,-0.1275168321906713,0.005905681310495997,-10.278597763500667,-14.77888520602767,0.9858434165982157,scene-0024,-0.1275168321906713,-12.632206903310003,-0.06703211712227085
influence,nuScenes,mono,plan_ade,JC_ade,,,,,,,criticality_gt,0.2,,,,False,,24.0,,,,,,,,,,,,,,,,,,,-0.050804794304087866,-0.09232336415523729,0.003563659179954508,-8.633619990084526,-11.158359445555064,0.594886475725336,scene-0045,0.003563659179954508,0.594886475725336,0.05436845348404237
influence,nuScenes,mono,plan_ade,JC_ade,,,,,,,PKL,0.2,,,,False,,24.0,,,,,,,,,,,,,,,,,,,0.12596076922726576,0.08039401863752549,0.17059201041395147,21.405409274129134,12.846287340616596,24.596277665290003,scene-0071,0.08039401863752549,12.846287340616596,-0.045566750589740274
influence,nuScenes,mono,plan_ade,JC_ade,,,,,,,TIP,0.2,,,,False,,24.0,,,,,,,,,,,,,,,,,,,0.11740811146909774,0.06665650238739794,0.15440085995068686,19.951995319782515,10.651147900066793,23.864962203340898,scene-0071,0.06665650238739794,10.651147900066793,-0.0507516090816998
influence,nuScenes,mono,plan_ade,JC_ade,,,,,,,dE_exact,0.2,,,,False,,24.0,,,,,,,,,,,,,,,,,,,0.3502193072602273,-0.05054336867704561,0.38677725082547604,59.51525743766593,-5.006980488380001,63.402090152696445,scene-0024,-0.05054336867704561,-5.006980488380001,-0.40076267593727294
influence,nuScenes,mono,plan_ade,JC_ade,,,,,,,dE_E1_fn_only,0.2,,,,False,,24.0,,,,,,,,,,,,,,,,,,,0.3502193072602273,-0.05054336867704561,0.38677725082547604,59.51525743766593,-5.006980488380001,63.402090152696445,scene-0024,-0.05054336867704561,-5.006980488380001,-0.40076267593727294
influence,nuScenes,mono,plan_ade,JC_ade,,,,,,,dE_E2_fn_fp,0.2,,,,False,,24.0,,,,,,,,,,,,,,,,,,,0.19286521237615165,-0.1400913942881621,0.23970180409989686,32.7749570836991,-13.87788143431238,40.01374830345388,scene-0024,-0.1400913942881621,-13.87788143431238,-0.33295660666431376
influence,nuScenes,mono,plan_ade,JC_ade,,,,,,,dE_E3_class_aware,0.2,,,,False,,24.0,,,,,,,,,,,,,,,,,,,0.011110528886644697,-0.014097130171649139,0.035394371244162004,1.888091185292506,-2.2526027176174845,5.8216727078345425,scene-0071,-0.014097130171649139,-2.2526027176174845,-0.025207659058293835
influence,nuScenes,mono,plan_ade,JC_ade,,,,,,,dE_E4_localization,0.2,,,,False,,24.0,,,,,,,,,,,,,,,,,,,0.35549095434142197,-0.046236458422305206,0.40556105786034197,60.41110591504498,-4.58032480287397,66.70675756941132,scene-0024,-0.046236458422305206,-4.58032480287397,-0.4017274127637272
influence,nuScenes,mono,plan_ade,JC_ade,,,,,,,dE_E5_combined,0.2,,,,False,,24.0,,,,,,,,,,,,,,,,,,,0.0017912905911120585,-0.04704368911597856,0.01233577049576417,0.30440674875896545,-4.660291541115529,2.0468994797091713,scene-0024,-0.04704368911597856,-4.660291541115529,-0.048834979707090616
influence,nuScenes,mono,plan_ade,JC_ade,,,,,,,dE_E5_fp_heavy,0.2,,,,False,,24.0,,,,,,,,,,,,,,,,,,,0.03648839941638066,-0.043328127107072685,0.07706098498408648,6.200733196986978,-6.678406004555228,12.863895074750513,scene-0096,-0.043328127107072685,-6.678406004555228,-0.07981652652345333
influence,nuScenes,mono,plan_ade,JC_ade,,,,,,,dE_E5_loc_heavy,0.2,,,,False,,24.0,,,,,,,,,,,,,,,,,,,0.01042824933834499,-0.07108902496506901,0.04992273930206686,1.772146569676727,-10.957348098879526,7.977233440669112,scene-0096,-0.07108902496506901,-10.957348098879526,-0.081517274303414
influence,nuScenes,mono,plan_ade,JC_ade,,,,,,,dE_E6_risk_weighted,0.2,,,,False,,24.0,,,,,,,,,,,,,,,,,,,0.40408736165896764,0.029667271388170803,0.4524918470622747,68.66943899974942,2.9389305238672554,73.62612577832822,scene-0024,0.029667271388170803,2.9389305238672554,-0.3744200902707968
influence,nuScenes,mono,plan_ade,JC_ade,,,,,,,gate_ridge,0.2,,,,False,,24.0,,,,,,,,,,,,,,,,,,,0.06265610014561854,-0.09677143701469983,0.1237648867369981,10.647596671293366,-9.586474143840514,20.66024094101447,scene-0024,-0.09677143701469983,-9.586474143840514,-0.15942753716031838
influence,nuScenes,mono,plan_ade,JC_ade,,,,,,,gate_gbm,0.2,,,,False,,24.0,,,,,,,,,,,,,,,,,,,0.042025999851251584,-0.13514616719217823,0.0913947804639021,7.1417770190609815,-13.387992132742253,14.604116465000695,scene-0024,-0.13514616719217823,-13.387992132742253,-0.1771721670434298
influence,nuScenes,mono,plan_ade,JC_ade,,,,,,,R1_mlp_reg,0.2,,,,False,,24.0,,,,,,,,,,,,,,,,,,,0.2500761136602585,0.07260503912321854,0.33703965726270785,42.49721238938536,7.192476951246837,53.85609969195773,scene-0024,0.07260503912321854,7.192476951246837,-0.17747107453703997
influence,nuScenes,mono,plan_ade,JC_ade,,,,,,,R1_mlp_clf,0.2,,,,False,,24.0,,,,,,,,,,,,,,,,,,,0.10173376493569976,-0.1251008704166234,0.13709448279280814,17.288342146574642,-12.392874350297493,22.885368547236457,scene-0024,-0.1251008704166234,-12.392874350297493,-0.22683463535232318
influence,nuScenes,mono,plan_ade,JC_ade,,,,,,,R1_gbm_reg,0.2,,,,False,,24.0,,,,,,,,,,,,,,,,,,,-0.02159826630051098,-0.15980857399576923,0.010630925601120684,-3.670346986686976,-15.831125483253395,1.6987324092412985,scene-0024,-0.15980857399576923,-15.831125483253395,-0.13821030769525824
influence,nuScenes,mono,plan_ade,JC_ade,,,,,,,R1_gbm_clf,0.2,,,,False,,24.0,,,,,,,,,,,,,,,,,,,0.09010515101103672,-0.17243712187259652,0.18594086730771409,15.312209086453821,-17.082148010459093,31.039361976082805,scene-0024,-0.17243712187259652,-17.082148010459093,-0.26254227288363324
influence,nuScenes,mono,plan_ade,JC_ade,,,,,,,R2_cnn_clf,0.2,,,,False,,24.0,,,,,,,,,,,,,,,,,,,0.05934630438032193,-0.016885783226589065,0.09572618422389481,10.085139539564311,-2.6026999923950624,15.74506043000579,scene-0096,-0.016885783226589065,-2.6026999923950624,-0.076232087606911
influence,nuScenes,mono,plan_ade,JC_ade,,,,,,,trivial_ego_speed,0.2,,,,True,,24.0,,,,,,,,,,,,,,,,,,,-0.015085488577076596,-0.0343955435867215,-0.008674345118954225,-2.563584353076707,-5.506711920311468,-1.461087095022852,scene-0024,-0.0343955435867215,-3.4073276105981343,-0.019310055009644903
influence,nuScenes,mono,plan_ade,JC_ade,,,,,,,trivial_n_det,0.2,,,,True,,24.0,,,,,,,,,,,,,,,,,,,0.0076121598701904105,-0.07209893231543683,0.08166442369738462,1.2935884599715255,-11.113010754135171,13.63235336273036,scene-0096,-0.07209893231543683,-11.113010754135171,-0.07971109218562725
influence,nuScenes,mono,plan_ade,JC_ade,,,,,,,trivial_risk_cheap,0.2,,,,True,,24.0,,,,,,,,,,,,,,,,,,,-0.06048471506840046,-0.1275168321906713,0.005905681310495997,-10.278597763500667,-14.77888520602767,0.9858434165982157,scene-0024,-0.1275168321906713,-12.632206903310003,-0.06703211712227085
influence,nuScenes,mono,plan_ade,JC_ade,,,,,,,trivial_area_max,0.2,,,,True,,24.0,,,,,,,,,,,,,,,,,,,-0.08512364347398389,-0.1788404267392642,-0.03463931667154924,-14.465666085113583,-17.71647894976418,-5.782388263216253,scene-0024,-0.1788404267392642,-17.71647894976418,-0.09371678326528031
influence,nuScenes,mono,plan_ade,JC_ade,,,,,,,oracle,0.2,,,,False,,24.0,,,,,,,,,,,,,,,,,,,1.0,1.0,1.0,169.93711141528715,99.06305454970462,169.21851680498892,scene-0002,1.0,166.45134429995338,0.0
influence,nuScenes,mono,plan_fde,JC_fde,,,,,,,uncertainty,0.2,,,,False,,24.0,,,,,,,,,,,,,,,,,,,-0.059225969948410534,-0.12380796379228994,0.014920535548407568,-25.811456645217056,-50.224133119520104,5.918220601220904,scene-0071,0.014920535548407568,5.918220601220904,0.0741465054968181
influence,nuScenes,mono,plan_fde,JC_fde,,,,,,,criticality_cheap,0.2,,,,False,,24.0,,,,,,,,,,,,,,,,,,,-0.04765494393711318,-0.09876047390682076,0.01351778209861247,-20.76865132701904,-32.85508231223366,5.7090159735897625,scene-0045,0.01351778209861247,5.7090159735897625,0.06117272603572565
influence,nuScenes,mono,plan_fde,JC_fde,,,,,,,criticality_gt,0.2,,,,False,,24.0,,,,,,,,,,,,,,,,,,,-0.03683511499796603,-0.07545082079754431,0.013834064936429212,-16.053227572630085,-29.927518390632496,5.86308164909274,scene-0095,0.013834064936429212,5.86308164909274,0.05066917993439524
influence,nuScenes,mono,plan_fde,JC_fde,,,,,,,PKL,0.2,,,,False,,24.0,,,,,,,,,,,,,,,,,,,0.07736932918835848,0.05255160073926352,0.13373680256028914,33.718571223981044,21.768616013332345,56.67963801693425,scene-0095,0.13373680256028914,56.67963801693425,0.056367473371930654
influence,nuScenes,mono,plan_fde,JC_fde,,,,,,,TIP,0.2,,,,False,,24.0,,,,,,,,,,,,,,,,,,,0.16818771908172095,0.09394010278531552,0.21761568388043426,73.29841998564501,37.26127991727479,84.02882135175867,scene-0071,0.09394010278531552,37.26127991727479,-0.07424761629640543
influence,nuScenes,mono,plan_fde,JC_fde,,,,,,,dE_exact,0.2,,,,False,,24.0,,,,,,,,,,,,,,,,,,,0.26415545449152317,-0.02609818090388556,0.32838515941140134,115.1224212477172,-7.527870589890628,139.17449504732076,scene-0024,-0.02609818090388556,-7.527870589890628,-0.2902536353954087
influence,nuScenes,mono,plan_fde,JC_fde,,,,,,,dE_E1_fn_only,0.2,,,,False,,24.0,,,,,,,,,,,,,,,,,,,0.26415545449152317,-0.02609818090388556,0.32838515941140134,115.1224212477172,-7.527870589890628,139.17449504732076,scene-0024,-0.02609818090388556,-7.527870589890628,-0.2902536353954087
influence,nuScenes,mono,plan_fde,JC_fde,,,,,,,dE_E2_fn_fp,0.2,,,,False,,24.0,,,,,,,,,,,,,,,,,,,0.10478917569962884,-0.12842829094298,0.1642257215598475,45.66850096022093,-37.0444038938989,65.14002432637805,scene-0024,-0.12842829094298,-37.0444038938989,-0.23321746664260884
influence,nuScenes,mono,plan_fde,JC_fde,,,,,,,dE_E3_class_aware,0.2,,,,False,,24.0,,,,,,,,,,,,,,,,,,,-0.016377199794679297,-0.06898486095174748,0.0378822024101161,-7.137399063934907,-27.36279967514737,16.055038544245665,scene-0095,0.0378822024101161,16.055038544245665,0.054259402204795394
influence,nuScenes,mono,plan_fde,JC_fde,,,,,,,dE_E4_localization,0.2,,,,False,,24.0,,,,,,,,,,,,,,,,,,,0.27470249763252413,-0.003947200989125133,0.36011385759425474,119.7189613635872,-1.138547485276968,152.62158734595693,scene-0024,-0.003947200989125133,-1.138547485276968,-0.2786496986216493
influence,nuScenes,mono,plan_fde,JC_fde,,,,,,,dE_E5_combined,0.2,,,,False,,24.0,,,,,,,,,,,,,,,,,,,-0.04867313407684958,-0.08346645523226494,-0.01985870181235548,-21.212391981182847,-35.295989198643355,-7.876940998403278,scene-0023,-0.08346645523226494,-35.295989198643355,-0.034793321155415356
influence,nuScenes,mono,plan_fde,JC_fde,,,,,,,dE_E5_fp_heavy,0.2,,,,False,,24.0,,,,,,,,,,,,,,,,,,,-0.0089274573535606,-0.06743769844711257,0.051899311469328115,-3.8907033288635535,-27.35688271042189,20.585827722500184,scene-0071,0.051899311469328115,20.585827722500184,0.06082676882288872
influence,nuScenes,mono,plan_fde,JC_fde,,,,,,,dE_E5_loc_heavy,0.2,,,,False,,24.0,,,,,,,,,,,,,,,,,,,-0.019139644999059513,-0.087579871462662,0.0770278320545693,-8.34130901576443,-35.527788263367896,30.553038867387677,scene-0071,0.0770278320545693,30.553038867387677,0.09616747705362881
influence,nuScenes,mono,plan_fde,JC_fde,,,,,,,dE_E6_risk_weighted,0.2,,,,False,,24.0,,,,,,,,,,,,,,,,,,,0.2456683542189791,-0.03388243615508158,0.30432913739955236,107.06549980605564,-9.773194368796457,125.87655932844176,scene-0024,-0.03388243615508158,-9.773194368796457,-0.27955079037406066
influence,nuScenes,mono,plan_fde,JC_fde,,,,,,,gate_ridge,0.2,,,,False,,24.0,,,,,,,,,,,,,,,,,,,-0.04308242201009874,-0.09587026849235433,-0.021737964424239094,-18.775886133283198,-31.954148048888193,-9.180676624758245,scene-0024,-0.09587026849235433,-27.653229061687746,-0.05278784648225559
influence,nuScenes,mono,plan_fde,JC_fde,,,,,,,gate_gbm,0.2,,,,False,,24.0,,,,,,,,,,,,,,,,,,,0.07862635187025536,-0.06590412458353463,0.12620076555187154,34.26639824115101,-19.009666728573222,53.29884600587288,scene-0024,-0.06590412458353463,-19.009666728573222,-0.14453047645379
influence,nuScenes,mono,plan_fde,JC_fde,,,,,,,R1_mlp_reg,0.2,,,,False,,24.0,,,,,,,,,,,,,,,,,,,0.2602225170775465,0.06344068133311886,0.28174585749691494,113.40839539659757,18.29910065260934,119.40806801102389,scene-0024,0.06344068133311886,18.29910065260934,-0.19678183574442765
influence,nuScenes,mono,plan_fde,JC_fde,,,,,,,R1_mlp_clf,0.2,,,,False,,24.0,,,,,,,,,,,,,,,,,,,0.06451563092146581,-0.08608054981239577,0.10912081010283585,28.116760467051336,-24.829440859530294,46.247015767818766,scene-0024,-0.08608054981239577,-24.829440859530294,-0.15059618073386158
influence,nuScenes,mono,plan_fde,JC_fde,,,,,,,R1_gbm_reg,0.2,,,,False,,24.0,,,,,,,,,,,,,,,,,,,-0.06207022040858505,-0.24334171782423777,-0.015751265888233452,-27.051018403426866,-70.1905227666582,-6.652291618860654,scene-0024,-0.24334171782423777,-70.1905227666582,-0.18127149741565274
influence,nuScenes,mono,plan_fde,JC_fde,,,,,,,R1_gbm_clf,0.2,,,,False,,24.0,,,,,,,,,,,,,,,,,,,0.13124556804721843,-0.0951486227717989,0.15631623433038605,57.198544700551224,-27.445074492750688,64.31586492525209,scene-0024,-0.0951486227717989,-27.445074492750688,-0.22639419081901735
influence,nuScenes,mono,plan_fde,JC_fde,,,,,,,R2_cnn_clf,0.2,,,,False,,24.0,,,,,,,,,,,,,,,,,,,0.08178641749311062,0.04384095019008466,0.09225314012539615,35.6435964008674,12.645670622953753,39.05318493587215,scene-0024,0.04384095019008466,12.645670622953753,-0.03794546730302596
influence,nuScenes,mono,plan_fde,JC_fde,,,,,,,trivial_ego_speed,0.2,,,,True,,24.0,,,,,,,,,,,,,,,,,,,0.006581876895370337,-0.01325378874704283,0.024822419477259085,2.8684685160410215,-5.490158889501488,10.817936873380983,scene-0094,-0.01325378874704283,-5.490158889501488,-0.019835665642413167
influence,nuScenes,mono,plan_fde,JC_fde,,,,,,,trivial_n_det,0.2,,,,True,,24.0,,,,,,,,,,,,,,,,,,,-0.06015860020778591,-0.1220158670031625,0.017355837691260916,-26.217909178233462,-49.497148320293434,6.884181592719652,scene-0071,0.017355837691260916,6.884181592719652,0.07751443789904683
influence,nuScenes,mono,plan_fde,JC_fde,,,,,,,trivial_risk_cheap,0.2,,,,True,,24.0,,,,,,,,,,,,,,,,,,,-0.04765494393711318,-0.09876047390682076,0.01351778209861247,-20.76865132701904,-32.85508231223366,5.7090159735897625,scene-0045,0.01351778209861247,5.7090159735897625,0.06117272603572565
influence,nuScenes,mono,plan_fde,JC_fde,,,,,,,trivial_area_max,0.2,,,,True,,24.0,,,,,,,,,,,,,,,,,,,-0.0735176973443575,-0.13118330433091963,-0.03087678347784285,-32.039979409590046,-48.92805383648198,-13.086038226930413,scene-0024,-0.13118330433091963,-37.83907170366712,-0.05766560698656213
influence,nuScenes,mono,plan_fde,JC_fde,,,,,,,oracle,0.2,,,,False,,24.0,,,,,,,,,,,,,,,,,,,1.0,1.0,1.0,435.8131520294294,288.4442642808818,435.8131520294294,scene-0002,1.0,431.11926963544323,0.0
influence,KITTI,oracle,brake,J,,,,,,,uncertainty,0.2,,,,False,,6.0,,,,,,,,,,,,,,,,,,,-0.010555016596204083,-0.038934082102093766,0.023260710305826954,-18.885588758039184,-48.20211662175659,33.386300731557974,0019,0.023260710305826954,33.386300731557974,0.03381572690203104
influence,KITTI,oracle,brake,J,,,,,,,criticality_cheap,0.2,,,,False,,6.0,,,,,,,,,,,,,,,,,,,-0.011736968216134316,-0.0380805505740561,0.01450648135712538,-21.00039852858263,-63.32372720274005,20.82127943549525,0007,-0.0380805505740561,-63.32372720274005,-0.026343582357921783
influence,KITTI,oracle,brake,J,,,,,,,criticality_gt,0.2,,,,False,,6.0,,,,,,,,,,,,,,,,,,,0.07112264243116993,0.012038988260094863,0.13693238172878197,127.25635853791061,17.279665034757564,143.86629886508996,0008,0.13693238172878197,127.14373181430177,0.06580973929761204
influence,KITTI,oracle,brake,J,,,,,,,dE_exact,0.2,,,,False,,6.0,,,,,,,,,,,,,,,,,,,0.2677615519242361,0.23432737928322014,0.381980005398979,479.09299893228746,313.4449389064462,548.2592391212477,0019,0.381980005398979,548.2592391212477,0.11421845347474285
influence,KITTI,oracle,brake,J,,,,,,,dE_E1_fn_only,0.2,,,,False,,6.0,,,,,,,,,,,,,,,,,,,0.2677615519242361,0.23432737928322014,0.381980005398979,479.09299893228746,313.4449389064462,548.2592391212477,0019,0.381980005398979,548.2592391212477,0.11421845347474285
influence,KITTI,oracle,brake,J,,,,,,,dE_E2_fn_fp,0.2,,,,False,,6.0,,,,,,,,,,,,,,,,,,,0.2574102198327919,0.21309123686931325,0.36079340917455965,460.57185316287064,310.9752155626051,447.2343780546905,0008,0.36079340917455965,335.00199059793204,0.10338318934176777
influence,KITTI,oracle,brake,J,,,,,,,dE_E3_class_aware,0.2,,,,False,,6.0,,,,,,,,,,,,,,,,,,,0.271825550528729,0.2407348763206021,0.38565801086740115,486.36451818175027,308.1577365131873,553.5383125049309,0019,0.38565801086740115,553.5383125049309,0.11383246033867217
influence,KITTI,oracle,brake,J,,,,,,,dE_E4_localization,0.2,,,,False,,6.0,,,,,,,,,,,,,,,,,,,0.28065156518879825,0.2218830032027455,0.40575379074397133,502.1564860790284,312.97113007646834,582.3819609392735,0019,0.40575379074397133,582.3819609392735,0.12510222555517309
influence,KITTI,oracle,brake,J,,,,,,,dE_E5_combined,0.2,,,,False,,6.0,,,,,,,,,,,,,,,,,,,0.29177547063058434,0.26585304316554575,0.3919935945219451,522.0599605683474,363.97182189920613,504.9685215843599,0008,0.3919935945219451,363.97182189920613,0.10021812389136076
influence,KITTI,oracle,brake,J,,,,,,,dE_E5_fp_heavy,0.2,,,,False,,6.0,,,,,,,,,,,,,,,,,,,0.23332054648206607,0.15794071259869275,0.37567292607248504,417.4693473476816,230.49116363528395,406.81332930933013,0008,0.37567292607248504,348.817841035291,0.14235237959041896
influence,KITTI,oracle,brake,J,,,,,,,dE_E5_loc_heavy,0.2,,,,False,,6.0,,,,,,,,,,,,,,,,,,,0.2094069211276166,0.12301941458362588,0.3093363806046033,374.6818358320323,179.52868231738015,404.8915539452412,0008,0.3093363806046033,287.22338222304944,0.09992945947698667
influence,KITTI,oracle,brake,J,,,,,,,dE_E6_risk_weighted,0.2,,,,False,,6.0,,,,,,,,,,,,,,,,,,,0.17780175555149894,0.13649457110701652,0.3199184784782743,318.13221752873636,228.0748856852014,328.1343947665066,0008,0.3199184784782743,297.04901584671353,0.14211672292677538
influence,KITTI,oracle,brake,J,,,,,,,gate_ridge,0.2,,,,False,,6.0,,,,,,,,,,,,,,,,,,,0.23777352976812974,0.12773997022270556,0.2910581712440271,425.43685837151685,183.34629532904495,463.34348215317453,0019,0.12773997022270556,183.34629532904495,-0.11003355954542418
influence,KITTI,oracle,brake,J,,,,,,,gate_gbm,0.2,,,,False,,6.0,,,,,,,,,,,,,,,,,,,0.20651883242934632,0.11627498355350573,0.2747183024707533,369.51431620237213,166.89049979277013,410.54329690409554,0019,0.11627498355350573,166.89049979277013,-0.0902438488758406
influence,KITTI,oracle,brake,J,,,,,,,R1_mlp_reg,0.2,,,,False,,6.0,,,,,,,,,,,,,,,,,,,0.26668289551175844,0.19555189617916188,0.3190799795530767,477.1630103594035,243.70505527462348,471.6881361512347,0019,0.19555189617916188,280.67734512941365,-0.07113099933259656
influence,KITTI,oracle,brake,J,,,,,,,R1_mlp_clf,0.2,,,,False,,6.0,,,,,,,,,,,,,,,,,,,0.252936091160369,0.1926623018878554,0.33868439222159336,452.56650770578085,178.88978291835795,494.2598927397146,0009,0.33868439222159336,494.2598927397146,0.08574830106122433
influence,KITTI,oracle,brake,J,,,,,,,R1_gbm_reg,0.2,,,,False,,6.0,,,,,,,,,,,,,,,,,,,0.2952649023582704,0.20438242767364134,0.40872715734362075,528.3034346555443,264.12352489620264,596.4769726273395,0009,0.40872715734362075,596.4769726273395,0.11346225498535034
influence,KITTI,oracle,brake,J,,,,,,,R1_gbm_clf,0.2,,,,False,,6.0,,,,,,,,,,,,,,,,,,,0.3240416248981891,0.3119978466733452,0.47891619234527033,579.7922544730848,289.6945926394959,698.9075118200682,0009,0.47891619234527033,698.9075118200682,0.15487456744708122
influence,KITTI,oracle,brake,J,,,,,,,R2_cnn_clf,0.2,,,,False,,6.0,,,,,,,,,,,,,,,,,,,0.1318687609677234,0.07158389075635052,0.2267215003345155,235.94649681216296,104.46612533587393,228.92670307609765,0008,0.2267215003345155,210.51424996143737,0.09485273936679209
influence,KITTI,oracle,brake,J,,,,,,,trivial_ego_speed,0.2,,,,True,,6.0,,,,,,,,,,,,,,,,,,,0.582420859634908,0.29840292909371474,0.6206123076244886,1042.0979198767204,277.07151157598474,1015.4117486040166,0008,0.29840292909371474,277.07151157598474,-0.28401793054119323
influence,KITTI,oracle,brake,J,,,,,,,trivial_n_det,0.2,,,,True,,6.0,,,,,,,,,,,,,,,,,,,-0.00659873910161765,-0.03880795017292974,0.008311460439408476,-11.806809762815679,-45.51447218011408,11.929511786191053,0008,-0.03880795017292974,-36.03375291333768,-0.03220921107131209
influence,KITTI,oracle,brake,J,,,,,,,trivial_risk_cheap,0.2,,,,True,,6.0,,,,,,,,,,,,,,,,,,,-0.011736968216134316,-0.0380805505740561,0.01450648135712538,-21.00039852858263,-63.32372720274005,20.82127943549525,0007,-0.0380805505740561,-63.32372720274005,-0.026343582357921783
influence,KITTI,oracle,brake,J,,,,,,,trivial_area_max,0.2,,,,True,,6.0,,,,,,,,,,,,,,,,,,,0.013308545965696587,0.002187898334966894,0.03369549102786399,23.81234778598045,3.6382319904051674,56.303303508396866,0018,0.03369549102786399,56.303303508396866,0.020386945062167403
influence,KITTI,oracle,brake,J,,,,,,,oracle,0.2,,,,False,,6.0,,,,,,,,,,,,,,,,,,,1.0,1.0,1.0,1789.2523982227597,928.514718060858,1789.2523982227597,0007,1.0,1662.8889616391702,0.0
influence,KITTI,oracle,traj,JB,,,,,,,uncertainty,0.2,,,,False,,6.0,,,,,,,,,,,,,,,,,,,0.03117699857250139,-0.00124208164493346,0.047457253352752034,29.246456618862855,-0.5328413696892222,44.3946977640706,0008,-0.00124208164493346,-0.5328413696892222,-0.03241908021743485
influence,KITTI,oracle,traj,JB,,,,,,,criticality_cheap,0.2,,,,False,,6.0,,,,,,,,,,,,,,,,,,,0.015266908438545163,0.0030059832408961427,0.03352174023314308,14.321551008629967,1.6539733702260233,14.380511984098392,0008,0.03352174023314308,14.380511984098392,0.01825483179459792
influence,KITTI,oracle,traj,JB,,,,,,,criticality_gt,0.2,,,,False,,6.0,,,,,,,,,,,,,,,,,,,0.015182753884944179,0.0034136405977288425,0.03246569418506723,14.242607472886865,1.8782774858328037,14.255107472886865,0008,0.03246569418506723,13.927478139659147,0.017282940300123048
influence,KITTI,oracle,traj,JB,,,,,,,dE_exact,0.2,,,,False,,6.0,,,,,,,,,,,,,,,,,,,0.5336160799991866,0.3677451523962842,0.7542772843660035,500.5735076945135,202.3433400486412,705.6015614900903,0019,0.7542772843660035,705.6015614900903,0.2206612043668169
influence,KITTI,oracle,traj,JB,,,,,,,dE_E1_fn_only,0.2,,,,False,,6.0,,,,,,,,,,,,,,,,,,,0.5336160799991866,0.3677451523962842,0.7542772843660035,500.5735076945135,202.3433400486412,705.6015614900903,0019,0.7542772843660035,705.6015614900903,0.2206612043668169
influence,KITTI,oracle,traj,JB,,,,,,,dE_E2_fn_fp,0.2,,,,False,,6.0,,,,,,,,,,,,,,,,,,,0.5930884028533482,0.3619565245659859,0.8605985670180555,556.3631856627892,199.15828028143895,553.6889308258254,0008,0.8605985670180555,369.18870919072987,0.2675101641647073
influence,KITTI,oracle,traj,JB,,,,,,,dE_E3_class_aware,0.2,,,,False,,6.0,,,,,,,,,,,,,,,,,,,0.5529384413257554,0.40296115764537815,0.7622143236801319,518.6993898572027,221.7201396579354,711.1132729180695,0008,0.7622143236801319,326.9827920597144,0.20927588235437644
influence,KITTI,oracle,traj,JB,,,,,,,dE_E4_localization,0.2,,,,False,,6.0,,,,,,,,,,,,,,,,,,,0.6277553895029554,0.4095340939801815,0.8872918273429167,588.8835233340587,307.39561661799695,830.0322863319358,0019,0.8872918273429167,830.0322863319358,0.2595364378399613
influence,KITTI,oracle,traj,JB,,,,,,,dE_E5_combined,0.2,,,,False,,6.0,,,,,,,,,,,,,,,,,,,0.6645534595668318,0.48312527024241547,0.9058695188746403,623.4029834828068,265.8286049612126,622.3278989373654,0008,0.9058695188746403,388.6095227039106,0.24131605930780853
influence,KITTI,oracle,traj,JB,,,,,,,dE_E5_fp_heavy,0.2,,,,False,,6.0,,,,,,,,,,,,,,,,,,,0.4599708991926566,0.2739998544033886,0.6599592467966006,431.4885834149124,150.76213881149513,431.4885834149124,0008,0.6599592467966006,283.1163236624486,0.19998834760394396
influence,KITTI,oracle,traj,JB,,,,,,,dE_E5_loc_heavy,0.2,,,,False,,6.0,,,,,,,,,,,,,,,,,,,0.5179846543856865,0.31570126647268043,0.6941608977070715,485.91001114165937,173.70738485447328,499.9927133167596,0009,0.31570126647268043,173.70738485447328,-0.2022833879130061
influence,KITTI,oracle,traj,JB,,,,,,,dE_E6_risk_weighted,0.2,,,,False,,6.0,,,,,,,,,,,,,,,,,,,0.05729295979983947,0.017725011139782317,0.1251152724266697,53.745265422380285,15.958730758004824,99.3202820186415,0008,0.1251152724266697,53.673277759803206,0.06782231262683022
influence,KITTI,oracle,traj,JB,,,,,,,gate_ridge,0.2,,,,False,,6.0,,,,,,,,,,,,,,,,,,,0.45505552148787864,0.2075862985141946,0.8536127092590168,426.8775757044104,114.21960212389965,441.2994005843674,0008,0.8536127092590168,366.19184176903985,0.39855718777113813
influence,KITTI,oracle,traj,JB,,,,,,,gate_gbm,0.2,,,,False,,6.0,,,,,,,,,,,,,,,,,,,0.5720618447369914,0.47452368652123467,0.7482368338980502,536.6386339756225,320.9865801112636,550.7098832713289,0008,0.7482368338980502,320.9865801112636,0.17617498916105878
influence,KITTI,oracle,traj,JB,,,,,,,R1_mlp_reg,0.2,,,,False,,6.0,,,,,,,,,,,,,,,,,,,0.40693569707550425,0.2599488515116512,0.69982167851327,381.73742682474574,143.03089657044586,381.7499268247457,0008,0.69982167851327,300.21693279043484,0.2928859814377658
influence,KITTI,oracle,traj,JB,,,,,,,R1_mlp_clf,0.2,,,,False,,6.0,,,,,,,,,,,,,,,,,,,0.41856356327646405,0.33720835410670374,0.5828195350674142,392.6452723514881,250.0241112278841,414.06600355771076,0008,0.5828195350674142,250.0241112278841,0.1642559717909502
influence,KITTI,oracle,traj,JB,,,,,,,R1_gbm_reg,0.2,,,,False,,6.0,,,,,,,,,,,,,,,,,,,0.5011601531471864,0.3518214912735468,0.809701216644318,470.127316586841,296.45474378411143,517.7969844796299,0008,0.809701216644318,347.35422351314196,0.3085410634971316
influence,KITTI,oracle,traj,JB,,,,,,,R1_gbm_clf,0.2,,,,False,,6.0,,,,,,,,,,,,,,,,,,,0.45340869264812345,0.36597699102736875,0.7444165406954248,425.3327217920433,282.0779682856455,425.3327217920433,0008,0.7444165406954248,319.34771017787017,0.2910078480473014
influence,KITTI,oracle,traj,JB,,,,,,,R2_cnn_clf,0.2,,,,False,,6.0,,,,,,,,,,,,,,,,,,,0.12618279834052268,0.046637048201603165,0.23948073508612958,118.36930771674115,25.66096668203752,134.32555801379675,0008,0.23948073508612958,102.73498800822473,0.1132979367456069
influence,KITTI,oracle,traj,JB,,,,,,,trivial_ego_speed,0.2,,,,True,,6.0,,,,,,,,,,,,,,,,,,,0.7952383937829393,0.4504230399918964,0.9946702578246208,745.9956458393898,348.5563804427021,731.645506627408,0019,0.4504230399918964,421.35592167081325,-0.34481535379104283
influence,KITTI,oracle,traj,JB,,,,,,,trivial_n_det,0.2,,,,True,,6.0,,,,,,,,,,,,,,,,,,,0.019084340460558732,0.010339448746536447,0.033488632275713755,17.902600023583947,7.1469396635427564,31.327512727328912,0019,0.033488632275713755,31.327512727328912,0.014404291815155023
influence,KITTI,oracle,traj,JB,,,,,,,trivial_risk_cheap,0.2,,,,True,,6.0,,,,,,,,,,,,,,,,,,,0.015266908438545163,0.0030059832408961427,0.03352174023314308,14.321551008629967,1.6539733702260233,14.380511984098392,0008,0.03352174023314308,14.380511984098392,0.01825483179459792
influence,KITTI,oracle,traj,JB,,,,,,,trivial_area_max,0.2,,,,True,,6.0,,,,,,,,,,,,,,,,,,,0.04780235195090004,0.030996674918581157,0.05781957427595385,44.842334946402254,13.297282659960043,45.26666317205206,0008,0.030996674918581157,13.297282659960043,-0.01680567703231888
influence,KITTI,oracle,traj,JB,,,,,,,oracle,0.2,,,,False,,6.0,,,,,,,,,,,,,,,,,,,1.0,1.0,1.0,938.0780048743594,428.99061576404443,938.0780048743594,0007,1.0,937.2762990808081,0.0
influence,KITTI,mono,brake,J,,,,,,,uncertainty,0.2,,,,False,,6.0,,,,,,,,,,,,,,,,,,,0.03573743401737796,-0.011463260730232107,0.05041079981130317,79.68367143431723,-22.534951965788597,95.85490480160026,0007,-0.011463260730232107,-22.534951965788597,-0.047200694747610066
influence,KITTI,mono,brake,J,,,,,,,criticality_cheap,0.2,,,,False,,6.0,,,,,,,,,,,,,,,,,,,0.07477222439625965,0.05340334983372334,0.09546343180633604,166.71945048733352,101.545165590694,170.85423569035726,0009,0.05340334983372334,101.545165590694,-0.021368874562536305
influence,KITTI,mono,brake,J,,,,,,,criticality_gt,0.2,,,,False,,6.0,,,,,,,,,,,,,,,,,,,0.0836862711055266,0.039881502802759844,0.13464151063613594,186.59507918484957,63.7838713937319,193.1903271749395,0008,0.13464151063613594,193.1903271749395,0.05095523953060935
influence,KITTI,mono,brake,J,,,,,,,dE_exact,0.2,,,,False,,6.0,,,,,,,,,,,,,,,,,,,0.09866740658569265,0.05743615235566881,0.2670425030077117,219.99848125154693,82.41224428362354,427.0903419247643,0019,0.2670425030077117,427.0903419247643,0.16837509642201906
influence,KITTI,mono,brake,J,,,,,,,dE_E1_fn_only,0.2,,,,False,,6.0,,,,,,,,,,,,,,,,,,,0.09866740658569265,0.05743615235566881,0.2670425030077117,219.99848125154693,82.41224428362354,427.0903419247643,0019,0.2670425030077117,427.0903419247643,0.16837509642201906
influence,KITTI,mono,brake,J,,,,,,,dE_E2_fn_fp,0.2,,,,False,,6.0,,,,,,,,,,,,,,,,,,,0.13585652725667177,0.10721546813945568,0.1656720319335913,302.91897495673254,184.4143169127884,302.3009577434127,0019,0.1656720319335913,264.965029794694,0.02981550467691954
influence,KITTI,mono,brake,J,,,,,,,dE_E3_class_aware,0.2,,,,False,,6.0,,,,,,,,,,,,,,,,,,,0.10986953002935541,0.06475073496206046,0.2701630097417795,244.97582918921452,92.90757072641573,432.0810766318647,0019,0.2701630097417795,432.0810766318647,0.16029347971242408
influence,KITTI,mono,brake,J,,,,,,,dE_E4_localization,0.2,,,,False,,6.0,,,,,,,,,,,,,,,,,,,0.12866282277227423,0.07419413003894906,0.29365147385906804,286.87918921689544,106.45742304110512,469.64699238741997,0019,0.29365147385906804,469.64699238741997,0.1649886510867938
influence,KITTI,mono,brake,J,,,,,,,dE_E5_combined,0.2,,,,False,,6.0,,,,,,,,,,,,,,,,,,,0.17046358944298115,0.16028513709601333,0.18147432492884308,380.08225901400203,231.53461943110722,364.88297174427134,0019,0.18147432492884308,290.23818535054374,0.011010735485861928
influence,KITTI,mono,brake,J,,,,,,,dE_E5_fp_heavy,0.2,,,,False,,6.0,,,,,,,,,,,,,,,,,,,0.16320077339623212,0.11073653698153589,0.21233945882661312,363.88837538834446,210.56282086688856,376.7854575834654,0009,0.11073653698153589,210.56282086688856,-0.05246423641469623
influence,KITTI,mono,brake,J,,,,,,,dE_E5_loc_heavy,0.2,,,,False,,6.0,,,,,,,,,,,,,,,,,,,0.19309002319609878,0.13780727599539686,0.23841563222872136,430.53236441432404,262.03717003007694,460.14498351115196,0009,0.13780727599539686,262.03717003007694,-0.05528274720070192
influence,KITTI,mono,brake,J,,,,,,,dE_E6_risk_weighted,0.2,,,,False,,6.0,,,,,,,,,,,,,,,,,,,0.055816361583759966,0.0352769296427776,0.10243815536495468,124.4536083630578,69.34884704348872,163.83289666700432,0019,0.10243815536495468,163.83289666700432,0.046621793781194715
influence,KITTI,mono,brake,J,,,,,,,gate_ridge,0.2,,,,False,,6.0,,,,,,,,,,,,,,,,,,,0.15555884403749493,0.07930442113740548,0.19462644945861735,346.84918371471247,126.83431273388679,382.6047224290186,0019,0.07930442113740548,126.83431273388679,-0.07625442290008945
influence,KITTI,mono,brake,J,,,,,,,gate_gbm,0.2,,,,False,,6.0,,,,,,,,,,,,,,,,,,,0.1535625241235419,0.08257331446031489,0.23222959197373336,342.39799396158514,132.0623672618083,441.57889805520284,0009,0.23222959197373336,441.57889805520284,0.07866706785019145
influence,KITTI,mono,brake,J,,,,,,,R1_mlp_reg,0.2,,,,False,,6.0,,,,,,,,,,,,,,,,,,,0.16542767085224294,0.11856445509228622,0.23312182048317925,368.8536833373258,170.12216932487146,443.2754487775549,0009,0.23312182048317925,443.2754487775549,0.06769414963093631
influence,KITTI,mono,brake,J,,,,,,,R1_mlp_clf,0.2,,,,False,,6.0,,,,,,,,,,,,,,,,,,,0.18492768886511202,0.06031446437429957,0.23706293388963123,412.3328270146572,86.54218933521743,466.0281183330975,0008,0.06031446437429957,86.54218933521743,-0.12461322449081244
influence,KITTI,mono,brake,J,,,,,,,R1_gbm_reg,0.2,,,,False,,6.0,,,,,,,,,,,,,,,,,,,0.20385533929693472,0.15119209625018576,0.29406883552303315,454.53576406099273,217.801346379315,559.1647095402254,0009,0.29406883552303315,559.1647095402254,0.09021349622609842
influence,KITTI,mono,brake,J,,,,,,,R1_gbm_clf,0.2,,,,False,,6.0,,,,,,,,,,,,,,,,,,,0.1965353305288963,0.13004387065248454,0.23505042685128963,438.2143579610175,186.5934049592153,446.9426466896485,0008,0.13004387065248454,186.5934049592153,-0.06649145987641175
influence,KITTI,mono,brake,J,,,,,,,R2_cnn_clf,0.2,,,,False,,6.0,,,,,,,,,,,,,,,,,,,0.13328809254054844,0.1019066113037778,0.16882521460120337,297.19214219306673,200.33223048573402,297.19214219306673,0008,0.16882521460120337,242.23880354646235,0.03553712206065493
influence,KITTI,mono,brake,J,,,,,,,trivial_ego_speed,0.2,,,,True,,6.0,,,,,,,,,,,,,,,,,,,0.4136200793350863,0.1605199835516842,0.49662205003444976,922.2477048672957,230.3220455114448,918.6796644190237,0008,0.1605199835516842,230.3220455114448,-0.2531000957834021
influence,KITTI,mono,brake,J,,,,,,,trivial_n_det,0.2,,,,True,,6.0,,,,,,,,,,,,,,,,,,,0.01597391997407126,0.0065817459220703705,0.029684622328424237,35.61701128606549,12.938668298254578,44.79962221134323,0008,0.029684622328424237,42.59297056753058,0.013710702354352976
influence,KITTI,mono,brake,J,,,,,,,trivial_risk_cheap,0.2,,,,True,,6.0,,,,,,,,,,,,,,,,,,,0.07477222439625965,0.05340334983372334,0.09546343180633604,166.71945048733352,101.545165590694,170.85423569035726,0009,0.05340334983372334,101.545165590694,-0.021368874562536305
influence,KITTI,mono,brake,J,,,,,,,trivial_area_max,0.2,,,,True,,6.0,,,,,,,,,,,,,,,,,,,-0.05272073900860731,-0.11170934375709768,0.03649745208460798,-117.55130608687391,-160.2861150841797,58.37164164742636,0019,0.03649745208460798,58.37164164742636,0.0892181910932153
influence,KITTI,mono,brake,J,,,,,,,oracle,0.2,,,,False,,6.0,,,,,,,,,,,,,,,,,,,1.0,1.0,1.0,2229.697616106675,1434.8496705227094,2227.9958260811877,0007,1.0,1965.8413514365134,0.0
influence,KITTI,mono,traj,JB,,,,,,,uncertainty,0.2,,,,False,,6.0,,,,,,,,,,,,,,,,,,,0.1456718611651214,0.07661361016142128,0.2563967181929972,36.71982673960186,16.60710514877154,37.12127945483917,0008,0.2563967181929972,36.94366545276209,0.1107248570278758
influence,KITTI,mono,traj,JB,,,,,,,criticality_cheap,0.2,,,,False,,6.0,,,,,,,,,,,,,,,,,,,0.1867399659987337,0.08759804287086777,0.32661929858327166,47.07195433619164,16.377655037959,53.095916036348335,0008,0.32661929858327166,47.06188980232339,0.13987933258453797
influence,KITTI,mono,traj,JB,,,,,,,criticality_gt,0.2,,,,False,,6.0,,,,,,,,,,,,,,,,,,,0.4075000816141287,0.2069797044363291,0.70955484286778,102.71944268140601,38.6976933276241,102.96321255769092,0008,0.70955484286778,102.23826935086875,0.3020547612536513
influence,KITTI,mono,traj,JB,,,,,,,dE_exact,0.2,,,,False,,6.0,,,,,,,,,,,,,,,,,,,0.4732871308570774,0.3042454467326922,0.7148446389425026,119.30252901386186,56.88285731227092,119.19053895125161,0008,0.7148446389425026,103.00046497441329,0.2415575080854252
influence,KITTI,mono,traj,JB,,,,,,,dE_E1_fn_only,0.2,,,,False,,6.0,,,,,,,,,,,,,,,,,,,0.4732871308570774,0.3042454467326922,0.7148446389425026,119.30252901386186,56.88285731227092,119.19053895125161,0008,0.7148446389425026,103.00046497441329,0.2415575080854252
influence,KITTI,mono,traj,JB,,,,,,,dE_E2_fn_fp,0.2,,,,False,,6.0,,,,,,,,,,,,,,,,,,,0.12714709495772755,0.041835357608798016,0.38074386614822364,32.0502481395448,9.068417233986661,54.86058524190339,0008,0.38074386614822364,54.86058524190339,0.25359677119049606
influence,KITTI,mono,traj,JB,,,,,,,dE_E3_class_aware,0.2,,,,False,,6.0,,,,,,,,,,,,,,,,,,,0.4262808774246755,0.24141078263723437,0.633967383347701,107.45355922717744,45.135055429317255,107.25144569960833,0008,0.633967383347701,91.34703081780758,0.20768650592302546
influence,KITTI,mono,traj,JB,,,,,,,dE_E4_localization,0.2,,,,False,,6.0,,,,,,,,,,,,,,,,,,,0.3825284429476684,0.18069983221566951,0.6915009545737709,96.42478674784186,33.784310932699135,99.63692244613436,0008,0.6915009545737709,99.63692244613436,0.3089725116261025
influence,KITTI,mono,traj,JB,,,,,,,dE_E5_combined,0.2,,,,False,,6.0,,,,,,,,,,,,,,,,,,,0.08003032082274873,-0.06553841617321168,0.3694213218341742,20.173419156051153,-13.832445226088526,53.229143575409616,0008,0.3694213218341742,53.229143575409616,0.28939100101142545
influence,KITTI,mono,traj,JB,,,,,,,dE_E5_fp_heavy,0.2,,,,False,,6.0,,,,,,,,,,,,,,,,,,,-0.1297164640615115,-0.2586701303168054,0.20283826404442937,-32.697914665985955,-49.483781905147374,29.226540108191944,0008,0.20283826404442937,29.226540108191944,0.3325547281059409
influence,KITTI,mono,traj,JB,,,,,,,dE_E5_loc_heavy,0.2,,,,False,,6.0,,,,,,,,,,,,,,,,,,,-0.6370729970008471,-0.8434485806641951,0.18339467052788436,-160.58839286630254,-178.0170619659919,26.424953492196202,0008,0.18339467052788436,26.424953492196202,0.8204676675287315
influence,KITTI,mono,traj,JB,,,,,,,dE_E6_risk_weighted,0.2,,,,False,,6.0,,,,,,,,,,,,,,,,,,,0.40266035024327557,0.2037481122651246,0.7026630914701946,101.4994809401161,38.0935028677827,101.56023682023678,0008,0.7026630914701946,101.24525134420163,0.300002741226919
influence,KITTI,mono,traj,JB,,,,,,,gate_ridge,0.2,,,,False,,6.0,,,,,,,,,,,,,,,,,,,0.2983829098023783,0.06539979965108655,0.5273907039082614,75.21403696203299,12.227389141742321,78.56347634539597,0009,0.06539979965108655,12.227389141742321,-0.23298311015129175
influence,KITTI,mono,traj,JB,,,,,,,gate_gbm,0.2,,,,False,,6.0,,,,,,,,,,,,,,,,,,,0.06181501651927516,-0.005288570299434347,0.145163637396578,15.581847299393765,-1.1161981515986845,31.46631238162232,0019,0.145163637396578,31.46631238162232,0.08334862087730285
influence,KITTI,mono,traj,JB,,,,,,,R1_mlp_reg,0.2,,,,False,,6.0,,,,,,,,,,,,,,,,,,,0.10871922849158093,-0.02985215974730124,0.14817700140286066,27.405095270588117,-4.3013350971074535,27.70372184128202,0008,-0.02985215974730124,-4.3013350971074535,-0.13857138823888218
influence,KITTI,mono,traj,JB,,,,,,,R1_mlp_clf,0.2,,,,False,,6.0,,,,,,,,,,,,,,,,,,,0.19359386440248336,-0.003174466931125554,0.22573256977379158,48.79963159564015,-0.5935101130515433,48.930790675929444,0009,-0.003174466931125554,-0.5935101130515433,-0.1967683313336089
influence,KITTI,mono,traj,JB,,,,,,,R1_gbm_reg,0.2,,,,False,,6.0,,,,,,,,,,,,,,,,,,,0.12620066648982387,0.007424926207693667,0.14699050576811196,31.811679832083843,1.0698420469719268,31.905489349036163,0008,0.007424926207693667,1.0698420469719268,-0.1187757402821302
influence,KITTI,mono,traj,JB,,,,,,,R1_gbm_clf,0.2,,,,False,,6.0,,,,,,,,,,,,,,,,,,,-0.19215635340119866,-0.5399603967770441,0.003757343088227649,-48.43727503287466,-100.95299875146961,0.5413876863207114,0009,-0.5399603967770441,-100.95299875146961,-0.3478040433758455
influence,KITTI,mono,traj,JB,,,,,,,R2_cnn_clf,0.2,,,,False,,6.0,,,,,,,,,,,,,,,,,,,-0.1994615122707147,-0.2542818354470479,-0.1294422353430924,-50.27870251137605,-53.6683637809397,-18.651060246306667,0008,-0.1294422353430924,-18.651060246306667,0.0700192769276223
influence,KITTI,mono,traj,JB,,,,,,,trivial_ego_speed,0.2,,,,True,,6.0,,,,,,,,,,,,,,,,,,,-0.6783972406060313,-1.172886860787535,0.0256365838058903,-171.0050859269304,-219.28727828828255,3.6939215998997033,0008,0.0256365838058903,3.6939215998997033,0.7040338244119216
influence,KITTI,mono,traj,JB,,,,,,,trivial_n_det,0.2,,,,True,,6.0,,,,,,,,,,,,,,,,,,,0.18189845759422116,0.14394813777850116,0.2653464817912938,45.85154465411508,26.913077811204424,48.05865675321006,0008,0.2653464817912938,38.2332181217159,0.08344802419707262
influence,KITTI,mono,traj,JB,,,,,,,trivial_risk_cheap,0.2,,,,True,,6.0,,,,,,,,,,,,,,,,,,,0.1867399659987337,0.08759804287086777,0.32661929858327166,47.07195433619164,16.377655037959,53.095916036348335,0008,0.32661929858327166,47.06188980232339,0.13987933258453797
influence,KITTI,mono,traj,JB,,,,,,,trivial_area_max,0.2,,,,True,,6.0,,,,,,,,,,,,,,,,,,,0.20456355522265302,0.06114842958346412,0.35140834043407687,51.56478571038744,12.9059008786411,82.2800220428528,0008,0.35140834043407687,50.633690859235976,0.14684478521142386
influence,KITTI,mono,traj,JB,,,,,,,oracle,0.2,,,,False,,6.0,,,,,,,,,,,,,,,,,,,1.0,1.0,1.0,252.07220149387217,144.08790296977799,252.07220149387217,0007,1.0,211.05858264152607,0.0
influence,nuPlan,n/a,pdm_closed,safety,,,,,,,gate_ridge,0.2,,,,False,,9.0,,,,,,,,,,,,,,,,,,,0.9921085889806255,0.9915140922954293,1.0,162.85680724453601,11.96672249342725,162.85680724453601,2021.05.12.23.36.44_veh-35_00152_00504,1.0,11.96672249342725,0.007891411019374517
influence,nuPlan,n/a,pdm_closed,safety,,,,,,,gate_gbm,0.2,,,,False,,9.0,,,,,,,,,,,,,,,,,,,0.9921085889806255,0.9915140922954293,1.0,162.85680724453601,11.96672249342725,162.85680724453601,2021.05.12.23.36.44_veh-35_00152_00504,1.0,11.96672249342725,0.007891411019374517
influence,nuPlan,n/a,pdm_closed,safety,,,,,,,R1_mlp_reg,0.2,,,,False,,9.0,,,,,,,,,,,,,,,,,,,0.1434503857702971,0.0,0.15425717033913847,23.54769637520377,0.0,23.54769637520377,2021.05.12.23.36.44_veh-35_00152_00504,0.0,0.0,-0.1434503857702971
influence,nuPlan,n/a,pdm_closed,safety,,,,,,,R1_mlp_clf,0.2,,,,False,,9.0,,,,,,,,,,,,,,,,,,,-0.06672041948463618,-0.9609983022767012,0.0035878708344864725,-10.952303624796231,-11.5,0.5476963752037687,2021.05.12.23.36.44_veh-35_00152_00504,-0.9609983022767012,-11.5,-0.8942778827920651
influence,nuPlan,n/a,pdm_closed,safety,,,,,,,R1_gbm_reg,0.2,,,,False,,9.0,,,,,,,,,,,,,,,,,,,0.07183403692296864,-0.9219966045534024,0.07724562893485613,11.791715175836709,-11.03327750657275,11.791715175836709,2021.05.12.23.36.44_veh-35_00152_00504,-0.9219966045534024,-11.03327750657275,-0.993830641476371
influence,nuPlan,n/a,pdm_closed,safety,,,,,,,R1_gbm_clf,0.2,,,,False,,9.0,,,,,,,,,,,,,,,,,,,0.06897925171245935,0.0,0.074175779480395,11.323095903796979,0.0,11.323095903796979,2021.05.12.23.36.44_veh-35_00152_00504,0.0,0.0,-0.06897925171245935
influence,nuPlan,n/a,pdm_closed,safety,,,,,,,criticality_cheap,0.2,,,,False,,9.0,,,,,,,,,,,,,,,,,,,0.07005693508497775,0.0,0.280227740339911,11.5,0.0,46.0,2021.06.09.17.23.18_veh-38_02526_03027,0.280227740339911,46.0,0.21017080525493326
influence,nuPlan,n/a,pdm_closed,safety,,,,,,,criticality_gt,0.2,,,,False,,9.0,,,,,,,,,,,,,,,,,,,0.07005693508497775,0.0,0.07005693508497775,11.5,0.0,11.5,2021.05.12.23.36.44_veh-35_00152_00504,0.0,0.0,-0.07005693508497775
influence,nuPlan,n/a,pdm_closed,safety,,,,,,,dE_E1_fn_only,0.2,,,,False,,9.0,,,,,,,,,,,,,,,,,,,0.1050912415439238,0.0,0.13467057552524656,17.25095847098044,0.0,20.55775959179419,2021.05.12.23.36.44_veh-35_00152_00504,0.0,0.0,-0.1050912415439238
influence,nuPlan,n/a,pdm_closed,safety,,,,,,,dE_E6_risk_weighted,0.2,,,,False,,9.0,,,,,,,,,,,,,,,,,,,0.1401138701699555,0.0,0.22600394925697795,23.0,0.0,34.5,2021.05.12.23.36.44_veh-35_00152_00504,0.0,0.0,-0.1401138701699555
influence,nuPlan,n/a,pdm_closed,safety,,,,,,,trivial_ego_speed,0.2,,,,True,,9.0,,,,,,,,,,,,,,,,,,,0.2046304601863206,0.0,0.5673718776214882,33.590540169766754,0.0,92.88940017100127,2021.07.16.20.45.29_veh-35_01095_01486,0.5673718776214882,92.87053655470295,0.36274141743516763
influence,nuPlan,n/a,pdm_closed,safety,,,,,,,trivial_n_det,0.2,,,,True,,9.0,,,,,,,,,,,,,,,,,,,0.28476535502739375,0.0,0.6461708403184265,46.74485943244242,0.0,98.63940017100128,2021.07.16.18.06.21_veh-38_04933_05307,0.6461708403184265,98.63940017100128,0.3614054852910328
influence,nuPlan,n/a,pdm_closed,safety,,,,,,,trivial_risk_cheap,0.2,,,,True,,9.0,,,,,,,,,,,,,,,,,,,0.07005693508497775,0.0,0.280227740339911,11.5,0.0,46.0,2021.06.09.17.23.18_veh-38_02526_03027,0.280227740339911,46.0,0.21017080525493326
influence,nuPlan,n/a,pdm_closed,safety,,,,,,,oracle,0.2,,,,False,,9.0,,,,,,,,,,,,,,,,,,,1.0,1.0,1.0,164.15219972227897,11.96672249342725,164.15219972227897,2021.05.12.23.36.44_veh-35_00152_00504,1.0,11.96672249342725,0.0
influence,nuPlan,n/a,pdm_closed,scalar_J,,,,,,,gate_ridge,0.2,,,,False,,9.0,,,,,,,,,,,,,,,,,,,0.9881693559402288,0.9779421111076911,0.9897131213037024,171.34788853220675,12.930008950037198,171.34788853220675,2021.05.12.23.36.44_veh-35_00152_00504,0.9779421111076911,12.930008950037198,-0.010227244832537674
influence,nuPlan,n/a,pdm_closed,scalar_J,,,,,,,gate_gbm,0.2,,,,False,,9.0,,,,,,,,,,,,,,,,,,,0.9893573565223529,0.985955031027446,0.989946213050156,171.55388701829452,13.035952977911208,171.55640902815063,2021.05.12.23.36.44_veh-35_00152_00504,0.985955031027446,13.035952977911208,-0.0034023254949069326
influence,nuPlan,n/a,pdm_closed,scalar_J,,,,,,,R1_mlp_reg,0.2,,,,False,,9.0,,,,,,,,,,,,,,,,,,,0.14051048827290885,0.009211187335046767,0.14968925441875314,24.3644222900276,0.12178710102556223,24.42604517922953,2021.05.12.23.36.44_veh-35_00152_00504,0.009211187335046767,0.12178710102556223,-0.13129930093786207
influence,nuPlan,n/a,pdm_closed,scalar_J,,,,,,,R1_mlp_clf,0.2,,,,False,,9.0,,,,,,,,,,,,,,,,,,,0.2775625847881968,-0.01410519792595218,0.3717738423808478,48.12916182140329,-0.18649399934115737,60.24027840247989,2021.05.12.23.36.44_veh-35_00152_00504,-0.01410519792595218,-0.18649399934115737,-0.29166778271414895
influence,nuPlan,n/a,pdm_closed,scalar_J,,,,,,,R1_gbm_reg,0.2,,,,False,,9.0,,,,,,,,,,,,,,,,,,,0.06457820953947828,0.043024367978122924,0.14350541939956069,11.197817239790345,0.5688531628898869,23.371232330468885,2021.07.16.18.06.21_veh-38_04933_05307,0.14350541939956069,23.182066909633917,0.0789272098600824
influence,nuPlan,n/a,pdm_closed,scalar_J,,,,,,,R1_gbm_clf,0.2,,,,False,,9.0,,,,,,,,,,,,,,,,,,,0.07226030595436043,0.014732226175783875,0.07642918288820884,12.529887488961796,0.19478434780878479,12.64905920032574,2021.05.12.23.36.44_veh-35_00152_00504,0.014732226175783875,0.19478434780878479,-0.05752807977857656
influence,nuPlan,n/a,pdm_closed,scalar_J,,,,,,,criticality_cheap,0.2,,,,False,,9.0,,,,,,,,,,,,,,,,,,,0.06632163741704888,0.0001746723210991295,0.2746543894135103,11.500126437939553,0.030288060670407818,47.62488273817111,2021.06.09.17.23.18_veh-38_02526_03027,0.2746543894135103,47.62488273817111,0.2083327519964614
influence,nuPlan,n/a,pdm_closed,scalar_J,,,,,,,criticality_gt,0.2,,,,False,,9.0,,,,,,,,,,,,,,,,,,,0.06789167610440527,0.0,0.0679310859610531,11.772370069433695,0.0,11.772370069433695,2021.07.16.18.06.21_veh-38_04933_05307,0.0,0.0,-0.06789167610440527
influence,nuPlan,n/a,pdm_closed,scalar_J,,,,,,,dE_E1_fn_only,0.2,,,,False,,9.0,,,,,,,,,,,,,,,,,,,0.09612985209310487,-0.009722974412057082,0.12481228755873656,16.668850417238776,-0.12855377096552562,20.16235214974716,2021.05.12.23.36.44_veh-35_00152_00504,-0.009722974412057082,-0.12855377096552562,-0.10585282650516195
influence,nuPlan,n/a,pdm_closed,scalar_J,,,,,,,dE_E6_risk_weighted,0.2,,,,False,,9.0,,,,,,,,,,,,,,,,,,,0.13626454985734726,-0.0008327287882248973,0.21991372969680464,23.628179481068987,-0.011010049124999657,35.525172620721804,2021.05.12.23.36.44_veh-35_00152_00504,-0.0008327287882248973,-0.011010049124999657,-0.13709727864557217
influence,nuPlan,n/a,pdm_closed,scalar_J,,,,,,,trivial_ego_speed,0.2,,,,True,,9.0,,,,,,,,,,,,,,,,,,,0.2006181773872511,-0.006748198888863915,0.5580209528273049,34.787054354440485,-0.08922232823250725,96.76045047228962,2021.05.12.23.36.44_veh-35_02035_02387,0.5580209528273049,96.76045047228962,0.35740277544005383
influence,nuPlan,n/a,pdm_closed,scalar_J,,,,,,,trivial_n_det,0.2,,,,True,,9.0,,,,,,,,,,,,,,,,,,,0.2869608376681406,0.019902562620790883,0.6387718557432448,49.75881242450042,0.2631447300331702,103.18810231550222,2021.07.16.18.06.21_veh-38_04933_05307,0.6387718557432448,103.18810231550222,0.3518110180751042
influence,nuPlan,n/a,pdm_closed,scalar_J,,,,,,,trivial_risk_cheap,0.2,,,,True,,9.0,,,,,,,,,,,,,,,,,,,0.06632163741704888,0.0001746723210991295,0.2746543894135103,11.500126437939553,0.030288060670407818,47.62488273817111,2021.06.09.17.23.18_veh-38_02526_03027,0.2746543894135103,47.62488273817111,0.2083327519964614
influence,nuPlan,n/a,pdm_closed,scalar_J,,,,,,,oracle,0.2,,,,False,,9.0,,,,,,,,,,,,,,,,,,,1.0,1.0,1.0,173.39931409750278,13.221650651071455,173.39931409750278,2021.05.12.23.36.44_veh-35_00152_00504,1.0,13.221650651071455,0.0
influence,nuPlan,n/a,idm,safety,,,,,,,gate_ridge,0.2,,,,False,,9.0,,,,,,,,near-zero oracle: 4 affected states on this split (< 10),,,,,,,,,,,,,,0.0,0.0,0.0,2021.05.12.23.36.44_veh-35_00152_00504,,0.0,
influence,nuPlan,n/a,idm,safety,,,,,,,gate_gbm,0.2,,,,False,,9.0,,,,,,,,near-zero oracle: 4 affected states on this split (< 10),,,,,,,,,,,,,,0.0,0.0,11.5,2021.05.12.23.36.44_veh-35_02035_02387,,11.5,
influence,nuPlan,n/a,idm,safety,,,,,,,R1_mlp_reg,0.2,,,,False,,9.0,,,,,,,,near-zero oracle: 4 affected states on this split (< 10),,,,,,,,,,,,,,0.0,0.0,0.0,2021.05.12.23.36.44_veh-35_00152_00504,,0.0,
influence,nuPlan,n/a,idm,safety,,,,,,,R1_mlp_clf,0.2,,,,False,,9.0,,,,,,,,near-zero oracle: 4 affected states on this split (< 10),,,,,,,,,,,,,,2.3400834761842813,0.03378735435378625,2.433436037666623,2021.07.16.18.06.21_veh-38_04933_05307,,0.03378735435378625,
influence,nuPlan,n/a,idm,safety,,,,,,,R1_gbm_reg,0.2,,,,False,,9.0,,,,,,,,near-zero oracle: 4 affected states on this split (< 10),,,,,,,,,,,,,,1.2587061224127776,-0.05657097239078911,1.4624966374700845,2021.07.16.18.06.21_veh-38_04933_05307,,-0.05657097239078911,
influence,nuPlan,n/a,idm,safety,,,,,,,R1_gbm_clf,0.2,,,,False,,9.0,,,,,,,,near-zero oracle: 4 affected states on this split (< 10),,,,,,,,,,,,,,2.3400834761842813,0.03378735435378625,2.433436037666623,2021.07.16.18.06.21_veh-38_04933_05307,,0.03378735435378625,
influence,nuPlan,n/a,idm,safety,,,,,,,criticality_cheap,0.2,,,,False,,9.0,,,,,,,,near-zero oracle: 4 affected states on this split (< 10),,,,,,,,,,,,,,0.0021982237939389138,0.0,0.0021982237939389138,2021.05.12.23.36.44_veh-35_01133_01535,,0.0,
influence,nuPlan,n/a,idm,safety,,,,,,,criticality_gt,0.2,,,,False,,9.0,,,,,,,,near-zero oracle: 4 affected states on this split (< 10),,,,,,,,,,,,,,0.0021982237939389138,0.0,0.0021982237939389138,2021.05.12.23.36.44_veh-35_01133_01535,,0.0,
influence,nuPlan,n/a,idm,safety,,,,,,,dE_E1_fn_only,0.2,,,,False,,9.0,,,,,,,,near-zero oracle: 4 affected states on this split (< 10),,,,,,,,,,,,,,0.0,0.0,0.0,2021.05.12.23.36.44_veh-35_00152_00504,,0.0,
influence,nuPlan,n/a,idm,safety,,,,,,,dE_E6_risk_weighted,0.2,,,,False,,9.0,,,,,,,,near-zero oracle: 4 affected states on this split (< 10),,,,,,,,,,,,,,0.7035001291938112,0.0,0.7035001291938112,2021.05.12.23.36.44_veh-35_01133_01535,,0.0,
influence,nuPlan,n/a,idm,safety,,,,,,,trivial_ego_speed,0.2,,,,True,,9.0,,,,,,,,near-zero oracle: 4 affected states on this split (< 10),,,,,,,,,,,,,,-0.5334734427683062,-0.5334734427683062,0.0,2021.05.12.23.36.44_veh-35_00152_00504,,0.0,
influence,nuPlan,n/a,idm,safety,,,,,,,trivial_n_det,0.2,,,,True,,9.0,,,,,,,,near-zero oracle: 4 affected states on this split (< 10),,,,,,,,,,,,,,-0.5334734427683062,-0.5334734427683062,0.0,2021.05.12.23.36.44_veh-35_00152_00504,,0.0,
influence,nuPlan,n/a,idm,safety,,,,,,,trivial_risk_cheap,0.2,,,,True,,9.0,,,,,,,,near-zero oracle: 4 affected states on this split (< 10),,,,,,,,,,,,,,0.0021982237939389138,0.0,0.0021982237939389138,2021.05.12.23.36.44_veh-35_01133_01535,,0.0,
influence,nuPlan,n/a,idm,safety,,,,,,,oracle,0.2,,,,False,,9.0,,,,,,,,near-zero oracle: 4 affected states on this split (< 10),,,,,,,,,,,,,,12.203500129193813,0.7035001291938112,12.203500129193813,2021.07.16.18.06.21_veh-38_04933_05307,,0.7035001291938112,
influence,nuPlan,n/a,idm,scalar_J,,,,,,,gate_ridge,0.2,,,,False,,9.0,,,,,,,,,,,,,,,,,,,0.056206833299475525,0.0,0.056206833299475525,0.7277869268121911,0.0,0.7277869268121911,2021.05.12.23.36.44_veh-35_00152_00504,0.0,0.0,-0.056206833299475525
influence,nuPlan,n/a,idm,scalar_J,,,,,,,gate_gbm,0.2,,,,False,,9.0,,,,,,,,,,,,,,,,,,,0.0,0.0,0.0,0.0,0.0,0.0,2021.05.12.23.36.44_veh-35_00152_00504,0.0,0.0,0.0
influence,nuPlan,n/a,idm,scalar_J,,,,,,,R1_mlp_reg,0.2,,,,False,,9.0,,,,,,,,,,,,,,,,,,,0.030775317321001854,0.004610765829912896,0.3181810049287322,0.39849022440712617,0.05813259695538353,0.39849022440712617,2021.07.16.18.06.21_veh-38_04933_05307,0.3181810049287322,0.34035762745174264,0.28740568760773033
influence,nuPlan,n/a,idm,scalar_J,,,,,,,R1_mlp_clf,0.2,,,,False,,9.0,,,,,,,,,,,,,,,,,,,0.937578840322055,0.3181810049287322,0.9935418916301098,12.140118608114037,0.34035762745174264,12.140118608114037,2021.07.16.18.06.21_veh-38_04933_05307,0.3181810049287322,0.34035762745174264,-0.6193978353933227
influence,nuPlan,n/a,idm,scalar_J,,,,,,,R1_gbm_reg,0.2,,,,False,,9.0,,,,,,,,,,,,,,,,,,,0.0,0.0,0.0,0.0,0.0,0.0,2021.05.12.23.36.44_veh-35_00152_00504,0.0,0.0,0.0
influence,nuPlan,n/a,idm,scalar_J,,,,,,,R1_gbm_clf,0.2,,,,False,,9.0,,,,,,,,,,,,,,,,,,,0.05920998476215632,0.03579466848908495,0.9985476459846298,0.7666728459339928,0.4373761435289278,1.0681445542639338,2021.07.16.18.06.21_veh-38_04933_05307,0.9985476459846298,1.0681445542639338,0.9393376612224734
influence,nuPlan,n/a,idm,scalar_J,,,,,,,criticality_cheap,0.2,,,,False,,9.0,,,,,,,,,,,,,,,,,,,0.008120120163959434,0.0014523540153702616,0.008477656893449084,0.10514232794411649,0.001553580381085773,0.10514232794411649,2021.07.16.18.06.21_veh-38_04933_05307,0.0014523540153702616,0.001553580381085773,-0.0066677661485891725
influence,nuPlan,n/a,idm,scalar_J,,,,,,,criticality_gt,0.2,,,,False,,9.0,,,,,,,,,,,,,,,,,,,0.008120120163959434,0.0014523540153702616,0.008477656893449084,0.10514232794411649,0.001553580381085773,0.10514232794411649,2021.07.16.18.06.21_veh-38_04933_05307,0.0014523540153702616,0.001553580381085773,-0.0066677661485891725
influence,nuPlan,n/a,idm,scalar_J,,,,,,,dE_E1_fn_only,0.2,,,,False,,9.0,,,,,,,,,,,,,,,,,,,0.0005074176139456607,0.0,0.000537704814064317,0.006570231485845568,0.0,0.006570231485845568,2021.07.16.18.06.21_veh-38_04933_05307,0.0,0.0,-0.0005074176139456607
influence,nuPlan,n/a,idm,scalar_J,,,,,,,dE_E6_risk_weighted,0.2,,,,False,,9.0,,,,,,,,,,,,,,,,,,,0.062421159677945155,0.0064581083698902085,0.6818189950712678,0.8082523298904419,0.07891182269716498,0.8082523298904419,2021.07.16.18.06.21_veh-38_04933_05307,0.6818189950712678,0.7293405071932769,0.6193978353933226
influence,nuPlan,n/a,idm,scalar_J,,,,,,,trivial_ego_speed,0.2,,,,True,,9.0,,,,,,,,,,,,,,,,,,,-0.07596235602210503,-0.9195012417455315,0.0,-0.9835887630989743,-0.9835887630989743,0.0,2021.07.16.18.06.21_veh-38_04933_05307,-0.9195012417455315,-0.9835887630989743,-0.8435388857234265
influence,nuPlan,n/a,idm,scalar_J,,,,,,,trivial_n_det,0.2,,,,True,,9.0,,,,,,,,,,,,,,,,,,,-0.06846963616246399,-0.9195012417455315,0.007492719859641049,-0.8865702470217891,-0.9835887630989743,0.09701851607718515,2021.07.16.18.06.21_veh-38_04933_05307,-0.9195012417455315,-0.9835887630989743,-0.8510316055830676
influence,nuPlan,n/a,idm,scalar_J,,,,,,,trivial_risk_cheap,0.2,,,,True,,9.0,,,,,,,,,,,,,,,,,,,0.008120120163959434,0.0014523540153702616,0.008477656893449084,0.10514232794411649,0.001553580381085773,0.10514232794411649,2021.07.16.18.06.21_veh-38_04933_05307,0.0014523540153702616,0.001553580381085773,-0.0066677661485891725
influence,nuPlan,n/a,idm,scalar_J,,,,,,,oracle,0.2,,,,False,,9.0,,,,,,,,,,,,,,,,,,,1.0,1.0,1.0,12.948370938004476,1.0696981346450196,12.948370938004476,2021.05.12.23.36.44_veh-35_00152_00504,1.0,12.948370938004476,0.0
